{"type":"FeatureCollection","features":[{"type":"Feature","geometry":{"type":"MultiPolygon","coordinates":[[[[111.21105024240579,36.610953807177324],[111.21142807856756,36.61082672644528],[111.2118059067804,36.61069964542959],[111.21189227843492,36.610659267710766],[111.21228492616899,36.61047570962762],[111.21276395731962,36.61025177457817],[111.21324298346582,36.61002784031112],[111.21372200013172,36.609803905032265],[111.21412747344783,36.60966932995733],[111.21449646695362,36.60968354328833],[111.21481068688765,36.609906065278615],[111.21503209643626,36.609920541083795],[111.2152164469766,36.6098755928649],[111.21552043773062,36.60973376007985],[111.21582443071945,36.609591925612406],[111.21629467593054,36.60953158790165],[111.21676491258059,36.60947125015362],[111.2172631599108,36.609529836977224],[111.21776141245788,36.609588422607544],[111.21825087312659,36.609803180764736],[111.21874032979828,36.6100179378082],[111.21908230543906,36.610262707067356],[111.21942427988688,36.61050747533403],[111.2197566329147,36.610610970672184],[111.22010709745913,36.610595450564524],[111.22043873441724,36.61044610987899],[111.22074541829669,36.61017287625269],[111.22105210003127,36.60989964813983],[111.2213587840844,36.609626422828725],[111.22156096295568,36.60936578443534],[111.22176313822844,36.609105143894034],[111.22207547353874,36.608665832428755],[111.22238781984285,36.60822651919621],[111.22271895051895,36.60790614932632],[111.22305007398467,36.607585777635634],[111.22334480316665,36.60743650599862],[111.22363952897238,36.6072872327359],[111.22401415168898,36.60712789424115],[111.22438877285992,36.60696855456978],[111.2247633958462,36.60680921641889],[111.22510402044315,36.60658549177097],[111.22544463748496,36.60636176705954],[111.22573275875634,36.60606377692496],[111.2260208834072,36.605765787878205],[111.22630901478536,36.605467798110624],[111.22662208446198,36.605288737768674],[111.22693514934141,36.605109678412596],[111.22732217567062,36.60498996505354],[111.22770920750935,36.60487025222881],[111.22819807869018,36.60488418595721],[111.22868694668307,36.60489811768597],[111.22917581597734,36.604912053714536],[111.2296646854394,36.604925988638165],[111.23015355060915,36.60493992607008],[111.23064242264738,36.60495386058187],[111.23113130380551,36.60496779757594],[111.23162017503988,36.604981722670914],[111.23174322559004,36.60498381470656],[111.2319308369726,36.604673693589135],[111.23201801039325,36.60415852131363],[111.23189192503457,36.60352931923777],[111.23164211296726,36.60305772007403],[111.2313392883637,36.6026577503937],[111.23039611645648,36.60171540550589],[111.2280123893178,36.59960275644334],[111.2263760257232,36.59820392257926],[111.22514914650496,36.597276380330065],[111.22411819413915,36.59660595823313],[111.22271325608166,36.59543552871244],[111.22066875516883,36.59393723774194],[111.21921122223908,36.592952836866345],[111.2183580238973,36.592367871056254],[111.21807272912675,36.591853389570396],[111.21792976138181,36.591481704488544],[111.21778627246469,36.590924045956164],[111.21766088708156,36.59049510490068],[111.2173219421321,36.5898233573389],[111.21698364492428,36.5893804978418],[111.21632380242973,36.58813710430665],[111.2160366768604,36.58768616587079],[111.21613176147766,36.58715647726254],[111.21650861366362,36.58638146977851],[111.21734254089483,36.58451591618663],[111.21788958288833,36.58349921414452],[111.21835777616586,36.58250123819137],[111.21827116742087,36.58042279453444],[111.21782214088067,36.57843512550196],[111.21714159782843,36.57610453892082],[111.21651550243601,36.57420301900979],[111.2159086073534,36.5728164668014],[111.2151413203361,36.57114408606041],[111.21423333133296,36.569886818722615],[111.21368077982711,36.56888641011982],[111.21330692882923,36.56837207461191],[111.21312879287518,36.56808627839502],[111.21271650661528,36.56741449830507],[111.21296313167848,36.565883493347364],[111.21398817242282,36.56459414301406],[111.21529810839465,36.56373344159287],[111.21653732148204,36.56295868750198],[111.21761722967591,36.56229865790219],[111.2182720002231,36.56181106603366],[111.21893900462234,36.56137184328019],[111.21890627196348,36.560794758306194],[111.21840871409047,36.55997968196234],[111.21723645104937,36.55870682883125],[111.21656231855097,36.55793361613985],[111.215760424962,36.55723807631178],[111.21515160698637,36.55692940147569],[111.21492669151782,36.556594216046776],[111.21453929488395,36.555355811832975],[111.21418561777631,36.55473689662426],[111.21376809274358,36.55416972245969],[111.21363768966971,36.55329225933723],[111.21373168914965,36.55256928062573],[111.21353829307847,36.552053334791914],[111.21310071465776,36.55140583939033],[111.2125500743626,36.551049177880074],[111.2109161832277,36.550079287106016],[111.20954844674756,36.54916613018205],[111.20837577442505,36.54825261578],[111.2071150899708,36.54756813540459],[111.20597876638026,36.54696926133343],[111.20519743555391,36.546512823517816],[111.2049734215502,36.54644518910923],[111.20485094394915,36.5458214264543],[111.20512250953304,36.54499654101816],[111.20607713410608,36.54395057332487],[111.20731562830673,36.54298993923155],[111.20844837043765,36.54227267585872],[111.2098125328984,36.54191263962911],[111.21091090568619,36.54161028029143],[111.21158463879964,36.54162339260327],[111.21240122081691,36.54200819739174],[111.21325299264265,36.54229279242975],[111.21394493393295,36.542477527914485],[111.21433473408104,36.54239099342618],[111.21461768647032,36.54213298091902],[111.21498832935566,36.54153147058469],[111.21525211902417,36.54075848283952],[111.21561343237269,36.53892907339722],[111.21577368813814,36.53811812291116],[111.21615421112699,36.536829912018845],[111.21678319757014,36.534587529447364],[111.21723748222007,36.533275338529556],[111.21757453103812,36.532650714642664],[111.21773635466931,36.530841760357994],[111.2175975578357,36.52749139368922],[111.21757807648666,36.52734331224396],[111.21737759366569,36.52527575111934],[111.21784675216267,36.52402313646933],[111.21915730457077,36.52259015287754],[111.22036431585427,36.52112158188251],[111.22126206597228,36.51998737495007],[111.22152534161096,36.51908085049784],[111.2217146943216,36.51815062003933],[111.22191857452152,36.5171369107777],[111.2218278830758,36.51640986550092],[111.22100914118244,36.514651880322276],[111.21986958113982,36.51331389234516],[111.21961689830283,36.51274212388351],[111.21930349734825,36.51158631105197],[111.21887102096197,36.510096911729434],[111.21867581824573,36.50895280116669],[111.21862822893566,36.50778457686289],[111.21896526456172,36.50685407735653],[111.21975983862951,36.505839285122136],[111.22077576167005,36.50477639068563],[111.22168913846777,36.50401171727771],[111.2229773531371,36.50317003866688],[111.22425085610034,36.502356985424214],[111.22545364752865,36.50161081340495],[111.22566528665575,36.50126707283799],[111.22571145881298,36.500895032428254],[111.22568680951025,36.50054220074102],[111.22530763517618,36.50014235258077],[111.22518892589049,36.499942294728136],[111.22541135240739,36.499245655762856],[111.2260218174345,36.497937897000305],[111.22619709137845,36.49727949433685],[111.2266782601556,36.496200870712066],[111.22731297364169,36.49512195344306],[111.22788936397825,36.49430064877205],[111.2284762661738,36.49304060803323],[111.22934769601079,36.49214243336098],[111.22993706622185,36.4917311967363],[111.23103330752883,36.49097563581954],[111.23185891676161,36.490573468945186],[111.23269747495041,36.48979940119476],[111.23345269572613,36.48834817855735],[111.23390553674695,36.4867378767725],[111.23435879008356,36.485270631836954],[111.23481281680283,36.48406565919413],[111.23526899328763,36.48357597499202],[111.23620545530767,36.48318146225925],[111.23787649427939,36.48175872241446],[111.23833289355399,36.481352477732244],[111.2385240395712,36.48110174217704],[111.23843476978371,36.480875410695575],[111.23812384679029,36.4805779912576],[111.23719243755806,36.48012682549982],[111.23580268708936,36.47943812669961],[111.23432424555789,36.47870189913492],[111.23302276118947,36.47789377907909],[111.23213466711198,36.47709676179613],[111.23180816970364,36.47651323775743],[111.2317030987469,36.47592928304931],[111.23198168453956,36.47529689634026],[111.23292295221034,36.474138666561245],[111.23420347786352,36.47290823429067],[111.23548425156002,36.471773160103105],[111.2360789307477,36.47139282020513],[111.23779625660798,36.469992254294525],[111.23844249926645,36.46894186256387],[111.23874313374763,36.468512502799236],[111.2393392772548,36.46777174774889],[111.23977961607406,36.466972115421555],[111.24032344697099,36.46623188032854],[111.2417231710512,36.465442226453284],[111.24256331033084,36.46507095125155],[111.24269465924522,36.464593819453775],[111.24267681641338,36.46360435986756],[111.24261317396484,36.462126206776944],[111.24259555573146,36.46120827602582],[111.24237128118114,36.46027884438307],[111.24195615406165,36.4596716825667],[111.24146753760971,36.459160041518494],[111.24075720574406,36.45856209726173],[111.24032680657123,36.45775558992245],[111.24032448918712,36.45700453070609],[111.24027668568012,36.45586014872261],[111.24006754250723,36.45503797652625],[111.23978436110136,36.4541324995058],[111.23939836155182,36.45338221083726],[111.23914551172768,36.45273894841325],[111.23893642672444,36.4519286942414],[111.23887429159555,36.45091547756911],[111.23882665980891,36.44981878032345],[111.23877932061897,36.44881745512986],[111.23905698499595,36.447934696105115],[111.23957059164638,36.4470037770451],[111.24009956728841,36.44627549203772],[111.2409528271886,36.4454392560987],[111.24158532669797,36.444794207674775],[111.24196638081668,36.4439589190071],[111.24221377681803,36.442849702047916],[111.24237347388768,36.442010091783935],[111.24284302049546,36.441169851307905],[111.24332516437225,36.44058709197697],[111.24385490460845,36.44012821841766],[111.2448252729527,36.439446813468976],[111.24524166991681,36.43905226685225],[111.24665558094365,36.43806508974627],[111.24779008255803,36.43783115269072],[111.24886422215087,36.43783845546872],[111.24982020720466,36.437807846859734],[111.25076398845952,36.43765327122565],[111.2515067703311,36.43739419989323],[111.25197114525531,36.43710317708473],[111.25371862471144,36.43602382547187],[111.25509811014619,36.4347351976825],[111.25596930377671,36.43405618102519],[111.2571334405136,36.433348421852955],[111.25806424457147,36.43267471617039],[111.2596260197454,36.43158709526418],[111.26014905892147,36.43097611974298],[111.26040702282957,36.430470077151234],[111.26059349975708,36.42976390584155],[111.26074393042704,36.42886706572816],[111.26082380049799,36.42804667851262],[111.26098685668578,36.42739778245315],[111.26102079348236,36.42695898976201],[111.26085467663404,36.426692306497564],[111.2602868572257,36.42629297619482],[111.25907005148485,36.42592366510074],[111.2573456336333,36.425507750551965],[111.25624642939714,36.42500463476036],[111.25549038651914,36.42477735757909],[111.25427431104231,36.424617818204965],[111.25351818346655,36.42436191752963],[111.25292629078271,36.423800467779365],[111.25290058473617,36.423151980989864],[111.25259254939868,36.422780676196346],[111.25180178207023,36.422753734325326],[111.25056251066277,36.422708654200434],[111.25007756429515,36.422366325136906],[111.24920318821823,36.422024808362885],[111.24733844663066,36.42197146142443],[111.24526128861481,36.42191852185374],[111.24416337798701,36.42178724861481],[111.24293530261775,36.42154178186235],[111.24084444367749,36.4208688637174],[111.23910784826415,36.42026196118794],[111.23765487308395,36.41977845637091],[111.23652088871157,36.419411611057846],[111.23558148476006,36.41899859186083],[111.23496066192516,36.41857063364276],[111.23432223233094,36.418171317902825],[111.23402509449537,36.417969684720326],[111.23340975316081,36.41784024489923],[111.23292311060601,36.41791654543649],[111.23167674206218,36.41806577495003],[111.23042051656701,36.41858454452273],[111.22959884804865,36.41909608131597],[111.22848474074102,36.41945587040313],[111.22729956776581,36.41972994810532],[111.22570701351165,36.419918947591306],[111.22476864967697,36.41984918736735],[111.22405982645421,36.41957870369765],[111.22322693798895,36.41925122449856],[111.22285448339254,36.41899441039273],[111.22253537737267,36.418823332906896],[111.22195112879727,36.41878150214359],[111.22173904032735,36.418846582951126],[111.22124378580851,36.419026017673225],[111.22110315118795,36.41936962426714],[111.22099840488148,36.41988483684824],[111.22066447303926,36.42072951213022],[111.22002944717427,36.4215175182942],[111.21935856269003,36.422148219497956],[111.21886600929895,36.42325068951773],[111.21819606119215,36.42422472817588],[111.21773852455435,36.425198375782536],[111.21728320778092,36.426973156241445],[111.21721490783415,36.42787456140863],[111.21755341764177,36.42864647249534],[111.21806940754593,36.42957542387894],[111.21874397829949,36.430232267979534],[111.21925910783625,36.43084648301827],[111.21982792125306,36.43166088212304],[111.22011320027846,36.432375658417676],[111.22034577678943,36.433233591384464],[111.2206141324958,36.43422021269016],[111.22086478941928,36.435206865962186],[111.22122241203958,36.43645082854353],[111.22143710604863,36.437237261860936],[111.22131516152119,36.4379384831803],[111.2207526070787,36.43935582178001],[111.22027775255688,36.440486874753624],[111.2197845742929,36.44140336852323],[111.21941480273277,36.44213365634053],[111.21906301314723,36.442964050994625],[111.21885242485314,36.443636819818664],[111.21873096936271,36.44452401567788],[111.2183803245057,36.445769280465655],[111.21783588800251,36.447372547373135],[111.21750296263913,36.44863208357598],[111.21697631694207,36.45027823136505],[111.21673063313943,36.451079814144535],[111.21639680122827,36.45202461497968],[111.21584998172386,36.45279812932734],[111.21518009935804,36.45390090028347],[111.21456364041532,36.4551180190142],[111.21398273815466,36.456392294456776],[111.21324309609733,36.457910051848096],[111.21271625947568,36.45954187379815],[111.21243426309964,36.46004308536664],[111.2121347098006,36.460601551251756],[111.21151640219207,36.46117488759483],[111.21068610053004,36.46194887840488],[111.21035195495767,36.46282213250381],[111.21035458274717,36.46379493320157],[111.2105876515198,36.46483885798671],[111.2108201057619,36.465653888147195],[111.2109988097188,36.46624011683285],[111.21108957833106,36.4670553957673],[111.2113571200722,36.46774160816834],[111.21155405033288,36.46851378067852],[111.21157261769957,36.468828479219766],[111.21187629531708,36.46977213384601],[111.2120026194403,36.47063026624363],[111.21237704240237,36.471530875817095],[111.21285790962077,36.47248851705911],[111.21349824697747,36.473460177833296],[111.21389037511564,36.474346443688134],[111.21376752044415,36.474761536383305],[111.21362891995986,36.47521353979717],[111.21279632605825,36.47587913549828],[111.21163885594062,36.47729703065271],[111.21122507731404,36.47782753402293],[111.21090842987499,36.47864353283095],[111.21062856125575,36.47996017256773],[111.21017072070937,36.48097670095571],[111.20971259950552,36.48189308570291],[111.20937905135025,36.48302383946236],[111.20934669951194,36.4841683699511],[111.2091907199062,36.485456175957324],[111.20883843456926,36.486215006305166],[111.2084345275749,36.48754616313307],[111.20818940564024,36.48863384039746],[111.2074832169019,36.48956495396199],[111.20674104481634,36.49029584321059],[111.20559105992736,36.49091298408991],[111.20473736732944,36.491470876448936],[111.20381270874837,36.491534688040474],[111.2036811297621,36.49156874038896],[111.20254566915189,36.491676406124135],[111.20123546840436,36.49202196418948],[111.19983703573241,36.49251071537569],[111.19916501191351,36.49299823983108],[111.19891861047337,36.493642416306976],[111.19885051856976,36.49472977821716],[111.19863892336836,36.49513069606922],[111.19780729569432,36.49557555979484],[111.1974002472419,36.49576221119338],[111.19695775898116,36.49594891880722],[111.19644446721837,36.496164353118786],[111.1961795209024,36.49649382500756],[111.1958968898114,36.49683763120153],[111.19572038699513,36.4971097324099],[111.19572135900846,36.49749599019894],[111.19588208966964,36.49799643182374],[111.19627363696429,36.498682471764695],[111.19663018805765,36.49954023748481],[111.19650749013765,36.50006975748996],[111.19606566166506,36.50052827289347],[111.19521606253912,36.50090161848106],[111.1941361709799,36.50130394558597],[111.19222453939899,36.50215108844743],[111.19109166621854,36.50263930755543],[111.1897813691982,36.50304196401014],[111.18857783119161,36.50363041349726],[111.18762218486214,36.504146931939935],[111.18693216040002,36.50459149752395],[111.18595955888887,36.505437063779105],[111.1851639732088,36.50621081814467],[111.18458047901473,36.50675534557071],[111.18385551339685,36.50742884085113],[111.18311298255044,36.508173888763665],[111.18235221281131,36.508704371279045],[111.18214723650001,36.508881016245326],[111.18102361360637,36.50892098241292],[111.18012693625197,36.50900186486892],[111.1789670786096,36.5085521324284],[111.1777078218317,36.50809622777726],[111.1768036178019,36.507911594340094],[111.1752263719983,36.507885309755544],[111.17359583609327,36.50780185847462],[111.17228469502788,36.50790390012408],[111.17065435013858,36.50790624346182],[111.17048397710259,36.50792316565134],[111.16717709632742,36.50790665668719],[111.16679391952451,36.50816533997029],[111.16695452933666,36.508500709370125],[111.16724316445874,36.5088875281407],[111.16746823270277,36.509455137889184],[111.16769330537025,36.510022749852354],[111.16779057927317,36.51064217015738],[111.16792033526816,36.51149387688657],[111.16827557069948,36.513093895690496],[111.16859884082328,36.514693959974814],[111.16875980830866,36.51518421203637],[111.1692734669809,36.516087003642525],[111.16954967521869,36.51657119287037],[111.16941660107616,36.51729265254135],[111.16913414973486,36.51780806404606],[111.16876298287646,36.51828068291214],[111.168355993547,36.518581680356924],[111.16780714919251,36.5188542652983],[111.167275624353,36.51894084680443],[111.16661994071146,36.5189846819635],[111.16607050766193,36.51898544816717],[111.16560981365767,36.519043311968794],[111.16541518834134,36.51920094609004],[111.1656667603148,36.51944799354096],[111.16585947151891,36.51975825717081],[111.16644512481996,36.520115087853064],[111.16683578894225,36.520457882696206],[111.16836440687567,36.52223053047025],[111.1689359848815,36.52267025942794],[111.16953005426794,36.523256608283035],[111.17120465690789,36.52442871410143],[111.17147245353112,36.52510355010811],[111.17172490527906,36.52553171773341],[111.17166236215273,36.526177177628654],[111.171376829296,36.527235993403494],[111.17128246498875,36.527958943716456],[111.17141274459894,36.52901716141067],[111.17205573043248,36.53048767629842],[111.17286908440676,36.53162214324117],[111.17336676918991,36.53222226500881],[111.17409484590068,36.532793436966465],[111.1748232875063,36.533521967543805],[111.17548063926016,36.534164763470464],[111.1755525188129,36.53459383215443],[111.17544992580693,36.534961901769194],[111.17481080877214,36.53585383238168],[111.1745110154453,36.536555255618765],[111.1744147823485,36.53829516198564],[111.17437716507213,36.53866757809286],[111.1743447789432,36.53949891664973],[111.17446502436138,36.54041431203286],[111.17458535954624,36.54136785543606],[111.17480029440422,36.5423403336917],[111.1756066405839,36.54350268669464],[111.17631823667686,36.5445698017797],[111.1772891038603,36.54529318902367],[111.17842564414086,36.54609261725112],[111.1796569436525,36.54696818944308],[111.18043852864605,36.547596463414585],[111.1812439006706,36.548281919934176],[111.18276034819291,36.54974833046924],[111.18368455484438,36.55068155455405],[111.18412531502507,36.55115618233646],[111.18498823011682,36.552110115278104],[111.18551012330238,36.55285320385399],[111.18610331850151,36.553748773902896],[111.18667261054816,36.554529932397],[111.1872661092997,36.55553994175654],[111.18731386188459,36.55713127040175],[111.1872834218301,36.55777668359662],[111.18696524323137,36.55852580809976],[111.18578612025465,36.56054119135477],[111.18454311754692,36.562634105847295],[111.18374610734884,36.56390025300748],[111.18291658458716,36.56495992770859],[111.18259879872734,36.565436811641455],[111.18288419931011,36.56541718607272],[111.18316975945977,36.5653275179218],[111.18345532006606,36.565237849986836],[111.18373157466112,36.56511101618286],[111.18400782834891,36.564984180837484],[111.18450538268189,36.56488426859529],[111.18500293793545,36.564784344362586],[111.1855004930138,36.56468441715258],[111.1860042005549,36.56458944629191],[111.18650791019448,36.56449446879422],[111.18701161745746,36.56439948196307],[111.1874835189435,36.564368982251885],[111.18795542005687,36.56433848337725],[111.18842731074366,36.56430798535505],[111.1888992032876,36.56427748636365],[111.18937110550839,36.56424698639061],[111.18989942462133,36.56416681268935],[111.19042774487976,36.56408664205238],[111.1909560640384,36.56400646997757],[111.19138928413885,36.5639908919924],[111.19143853607433,36.5639891205663],[111.19182250293667,36.56397531063304],[111.19208191647914,36.564034642643215],[111.19233901670196,36.564093444340656],[111.19267131263307,36.56427136737511],[111.19278259302509,36.56453888043168],[111.19288531688294,36.565074102831765],[111.19298804109997,36.565609342214564],[111.19319189110004,36.56603038922663],[111.19339573994328,36.566451425045535],[111.19359958989536,36.566872462283655],[111.19375691477855,36.56711758984007],[111.19391423954366,36.56736271807881],[111.19424674040701,36.567614992572196],[111.19457924233791,36.56786727513438],[111.19491174307953,36.56811955675759],[111.19530317941295,36.56834199226383],[111.1956946146208,36.56856442016733],[111.19608604983614,36.568786846774294],[111.19647748618064,36.56900927388513],[111.19652703708681,36.56903743053432],[111.19686892253489,36.569231700600504],[111.19733967870218,36.56946514463341],[111.19781043549077,36.56969859760715],[111.19828119287548,36.56993204960916],[111.1987519497253,36.57016549523441],[111.19912614754477,36.570488324575564],[111.19950034402032,36.57081115632723],[111.19987454141193,36.57113400039824],[111.20024873744586,36.571456841472894],[111.2004246847612,36.57176141876093],[111.20060063125169,36.572066004784645],[111.20065694028472,36.572452591655725],[111.20049203464178,36.572854417808955],[111.2003544780626,36.57313721769449],[111.2003502883494,36.57314583157731],[111.20021691714197,36.57342002102114],[111.20021775952542,36.57374720212102],[111.20044002178936,36.57413349303469],[111.20078186946418,36.5744154908539],[111.20112371514918,36.57469748497596],[111.20153014234205,36.574994237840976],[111.20193656930634,36.57529099470848],[111.20212192273081,36.575662479592054],[111.20213242666007,36.576158201556716],[111.20214293075749,36.57665393068789],[111.20215058982878,36.577014862324155],[111.20215344949607,36.57714964713582],[111.2021639661449,36.57764536174262],[111.20217446957327,36.57814109074778],[111.20218497424715,36.57863681159814],[111.20214921070257,36.57906815920602],[111.20192873916803,36.579380850683556],[111.201615967827,36.57965651935957],[111.20130319647879,36.57993217999614],[111.20111934915828,36.58014813870961],[111.20093550193718,36.58036409893524],[111.20093628754094,36.580668979118165],[111.20093707203921,36.58097385928733],[111.20097758351069,36.581135473419124],[111.20105818133439,36.58145700909438],[111.20117929660563,36.58194015241896],[111.20139228149371,36.58228928264293],[111.2016052604981,36.582638417880034],[111.20199348063497,36.58300956281194],[111.20221519556739,36.583172777893814],[111.20275021633043,36.583261103074804],[111.20305460943142,36.5833052041949],[111.20335900064511,36.58334930634237],[111.20382409517019,36.58349128383547],[111.20428919024775,36.58363324959455],[111.20475428816943,36.58377522524313],[111.2052193866911,36.58391720718047],[111.20568448019253,36.58405918280023],[111.20620128714685,36.584229308100724],[111.20671809417593,36.584399450076354],[111.20718866636793,36.584517613802916],[111.20765924444129,36.58463577025029],[111.2081298239384,36.58475392393186],[111.20860039817185,36.58487208116734],[111.20901898164206,36.585084520660025],[111.20943755958744,36.58529696138505],[111.20985613758037,36.58550939792581],[111.21010574134257,36.58574690878767],[111.21035534551781,36.585984419114446],[111.21056825945429,36.5862889270574],[111.21078117172257,36.586593437308416],[111.2108271359067,36.586776689135164],[111.21087439152208,36.586965083280866],[111.21085714181615,36.58740632707439],[111.21083989191892,36.5878475681299],[111.2108226429454,36.58828880554431],[111.21079937139348,36.588774677278465],[111.2107760995649,36.58926054896934],[111.21075283302244,36.58974641159569],[111.21072956174083,36.59023227689006],[111.21070628461477,36.59071814936017],[111.21068300944445,36.591204020881904],[111.21071168361465,36.59157577985765],[111.21074036030372,36.59194753879844],[111.21080576424099,36.592259743833345],[111.2108711642412,36.59257194882222],[111.21095844004971,36.59301795812203],[111.21104571686779,36.59346396461784],[111.21109920863125,36.59373733324431],[111.21113299249231,36.59390998002843],[111.21110615303607,36.594214911930166],[111.21107932342255,36.594519840188546],[111.21102829530768,36.5946256795816],[111.21085924555946,36.59497631039746],[111.21063915394207,36.59543278109424],[111.21041906086808,36.595889254059344],[111.21024514527723,36.596372910989984],[111.2100712319994,36.596856567626624],[111.2098939131343,36.597218772277934],[111.20971659038102,36.59758097575148],[111.20953927715782,36.59794318072709],[111.2092264673255,36.5982188650449],[111.20891365303541,36.5984945494411],[111.20855662093813,36.59879559011547],[111.20819959501037,36.5990966305994],[111.20784256967627,36.599397675408404],[111.20748554268845,36.599698720040635],[111.20712851514277,36.59999975638391],[111.20680181251961,36.600264312192735],[111.20668866627393,36.6003559364707],[111.20647511214321,36.60052886979693],[111.20614840952383,36.60079342199517],[111.20582170800964,36.601057966979326],[111.20557359773984,36.60140045670938],[111.20532548752145,36.60174294770849],[111.20517897044994,36.60213731593119],[111.20503244854508,36.602531684859194],[111.20492921954387,36.60302264274228],[111.20482599037845,36.603513605003286],[111.20472275434517,36.60400457255486],[111.20465626304718,36.604440937140026],[111.20458977322338,36.60487729264323],[111.2045433168175,36.605182215671206],[111.20452329051453,36.60531365887987],[111.20452465296692,36.60582675339807],[111.20452600203171,36.60633984429041],[111.20467482340464,36.606815502701565],[111.2048784824896,36.60709772965991],[111.20514972297433,36.60735505317005],[111.20542096749772,36.6076123760422],[111.20569220041405,36.60786969920446],[111.20613581319056,36.60820207433016],[111.20657943201087,36.6085344486712],[111.2070230557646,36.60886682493287],[111.2074666822091,36.60919920041557],[111.20791029569837,36.60953157604769],[111.20830305663344,36.609809747926356],[111.208695827102,36.61008792118023],[111.20908858362391,36.610366093147],[111.20948133738152,36.61064426560937],[111.20967065484355,36.6107286217823],[111.20981379423203,36.61079240213836],[111.20998071306785,36.61086677477338],[111.21014625121865,36.61094053232724],[111.21053381571157,36.61099933158278],[111.21105024240579,36.610953807177324]]],[[[111.19964539101196,36.63233571463825],[111.20063574533809,36.63135310781414],[111.20124274516914,36.630758353873915],[111.20185040890604,36.630421740760646],[111.20277800980077,36.629955507901634],[111.20364235643517,36.6297991480802],[111.20486003170478,36.63002938993723],[111.20607750908201,36.63018217597005],[111.20694233571913,36.6302064900585],[111.20780695718393,36.63015335722942],[111.20873535081905,36.62999684875154],[111.20953549425633,36.6297889298229],[111.20973542222063,36.62958659903076],[111.20991877827281,36.62940104022055],[111.21020597586846,36.629013318926496],[111.21007681407328,36.62862633176218],[111.20999561489734,36.62852212413352],[111.2099161179138,36.628420100508116],[111.2096912257453,36.628162354079315],[111.20956227986197,36.627852808743825],[111.20956165086973,36.62762048046289],[111.2101381360041,36.62761946512565],[111.21061854137871,36.627618616878635],[111.2111630010025,36.62761765319005],[111.21167472698842,36.62735860180789],[111.21202624480286,36.627074019444095],[111.21212659012667,36.626858829485926],[111.21247199872266,36.6261180964338],[111.21253420677579,36.62544681291939],[111.21275661617815,36.62480105733793],[111.21284542768421,36.62450157866068],[111.2129787389421,36.624052044928064],[111.21339279381529,36.62322524555626],[111.21390384141912,36.622733856118366],[111.21447900274275,36.622268163066934],[111.21515037422786,36.62185392423248],[111.21546679874737,36.62172094375543],[111.21625526597136,36.62153871104408],[111.21657982843979,36.621252009328636],[111.21678184582558,36.620539066113395],[111.21669160187061,36.61891522679093],[111.2166889329534,36.61796152525847],[111.21653891380453,36.61719883274884],[111.21644765107065,36.61629297655223],[111.21650507108134,36.61567296350693],[111.2173018221922,36.61502776121305],[111.21869027684966,36.614452997028536],[111.21963501001575,36.613855192058956],[111.22004723776293,36.61321067937532],[111.22043117342454,36.61301922836096],[111.22108223566643,36.613161079008776],[111.22143822876032,36.613541899965156],[111.22185358272978,36.61399413904403],[111.22241668227542,36.614398414489386],[111.22289051125772,36.61461211287382],[111.22332338045702,36.614658555448784],[111.2235721500535,36.61458222479055],[111.22360660829565,36.61422452061045],[111.22370993432678,36.61396253768734],[111.22361192038,36.61319053556645],[111.22342613192089,36.61269546656145],[111.22341830526997,36.612674610850995],[111.22360871550562,36.61208052278305],[111.22395929910896,36.61151194838057],[111.2246300036909,36.61091695406593],[111.22581180968575,36.60990795933945],[111.22664190569692,36.60908032322148],[111.2269602824913,36.60846017200391],[111.22734314663134,36.607994783895926],[111.22817480040675,36.60770923627464],[111.22875037652754,36.607449988711636],[111.23012472167922,36.60662128127008],[111.23089123774085,36.60597443819986],[111.23135143310236,36.60563144048858],[111.23174322559004,36.60498381470656],[111.23162017503988,36.604981722670914],[111.23113130380551,36.60496779757594],[111.23064242264738,36.60495386058187],[111.23015355060915,36.60493992607008],[111.2296646854394,36.604925988638165],[111.22917581597734,36.604912053714536],[111.22868694668307,36.60489811768597],[111.22819807869018,36.60488418595721],[111.22770920750935,36.60487025222881],[111.22732217567062,36.60498996505354],[111.22693514934141,36.605109678412596],[111.22662208446198,36.605288737768674],[111.22630901478536,36.605467798110624],[111.2260208834072,36.605765787878205],[111.22573275875634,36.60606377692496],[111.22544463748496,36.60636176705954],[111.22510402044315,36.60658549177097],[111.2247633958462,36.60680921641889],[111.22438877285992,36.60696855456978],[111.22401415168898,36.60712789424115],[111.22363952897238,36.6072872327359],[111.22334480316665,36.60743650599862],[111.22305007398467,36.607585777635634],[111.22271895051895,36.60790614932632],[111.22238781984285,36.60822651919621],[111.22207547353874,36.608665832428755],[111.22176313822844,36.609105143894034],[111.22156096295568,36.60936578443534],[111.2213587840844,36.609626422828725],[111.22105210003127,36.60989964813983],[111.22074541829669,36.61017287625269],[111.22043873441724,36.61044610987899],[111.22010709745913,36.610595450564524],[111.2197566329147,36.610610970672184],[111.21942427988688,36.61050747533403],[111.21908230543906,36.610262707067356],[111.21874032979828,36.6100179378082],[111.21825087312659,36.609803180764736],[111.21776141245788,36.609588422607544],[111.2172631599108,36.609529836977224],[111.21676491258059,36.60947125015362],[111.21629467593054,36.60953158790165],[111.21582443071945,36.609591925612406],[111.21552043773062,36.60973376007985],[111.2152164469766,36.6098755928649],[111.21503209643626,36.609920541083795],[111.21481068688765,36.609906065278615],[111.21449646695362,36.60968354328833],[111.21412747344783,36.60966932995733],[111.21372200013172,36.609803905032265],[111.21324298346582,36.61002784031112],[111.21276395731962,36.61025177457817],[111.21228492616899,36.61047570962762],[111.21189227843492,36.610659267710766],[111.2118059067804,36.61069964542959],[111.21142807856756,36.61082672644528],[111.21105024240579,36.610953807177324],[111.21053381571157,36.61099933158278],[111.21014625121865,36.61094053232724],[111.20998071306785,36.61086677477338],[111.20981379423203,36.61079240213836],[111.20967065484355,36.6107286217823],[111.20948133738152,36.61064426560937],[111.20908858362391,36.610366093147],[111.208695827102,36.61008792118023],[111.20830305663344,36.609809747926356],[111.20791029569837,36.60953157604769],[111.2074666822091,36.60919920041557],[111.2070230557646,36.60886682493287],[111.20657943201087,36.6085344486712],[111.20613581319056,36.60820207433016],[111.20569220041405,36.60786969920446],[111.20542096749772,36.6076123760422],[111.20514972297433,36.60735505317005],[111.2048784824896,36.60709772965991],[111.20467482340464,36.606815502701565],[111.20452600203171,36.60633984429041],[111.20452465296692,36.60582675339807],[111.20452329051453,36.60531365887987],[111.2045433168175,36.605182215671206],[111.20458977322338,36.60487729264323],[111.20465626304718,36.604440937140026],[111.20472275434517,36.60400457255486],[111.20482599037845,36.603513605003286],[111.20492921954387,36.60302264274228],[111.20503244854508,36.602531684859194],[111.20517897044994,36.60213731593119],[111.20532548752145,36.60174294770849],[111.20557359773984,36.60140045670938],[111.20582170800964,36.601057966979326],[111.20614840952383,36.60079342199517],[111.20647511214321,36.60052886979693],[111.20668866627393,36.6003559364707],[111.20680181251961,36.600264312192735],[111.20712851514277,36.59999975638391],[111.20748554268845,36.599698720040635],[111.20784256967627,36.599397675408404],[111.20819959501037,36.5990966305994],[111.20855662093813,36.59879559011547],[111.20891365303541,36.5984945494411],[111.2092264673255,36.5982188650449],[111.20953927715782,36.59794318072709],[111.20971659038102,36.59758097575148],[111.2098939131343,36.597218772277934],[111.2100712319994,36.596856567626624],[111.21024514527723,36.596372910989984],[111.21041906086808,36.595889254059344],[111.21063915394207,36.59543278109424],[111.21085924555946,36.59497631039746],[111.21102829530768,36.5946256795816],[111.21107932342255,36.594519840188546],[111.21110615303607,36.594214911930166],[111.21113299249231,36.59390998002843],[111.21109920863125,36.59373733324431],[111.21104571686779,36.59346396461784],[111.21095844004971,36.59301795812203],[111.2108711642412,36.59257194882222],[111.21080576424099,36.592259743833345],[111.21074036030372,36.59194753879844],[111.21071168361465,36.59157577985765],[111.21068300944445,36.591204020881904],[111.21070628461477,36.59071814936017],[111.21072956174083,36.59023227689006],[111.21075283302244,36.58974641159569],[111.2107760995649,36.58926054896934],[111.21079937139348,36.588774677278465],[111.2108226429454,36.58828880554431],[111.21083989191892,36.5878475681299],[111.21085714181615,36.58740632707439],[111.21087439152208,36.586965083280866],[111.2108271359067,36.586776689135164],[111.21078117172257,36.586593437308416],[111.21056825945429,36.5862889270574],[111.21035534551781,36.585984419114446],[111.21010574134257,36.58574690878767],[111.20985613758037,36.58550939792581],[111.20943755958744,36.58529696138505],[111.20901898164206,36.585084520660025],[111.20860039817185,36.58487208116734],[111.2081298239384,36.58475392393186],[111.20765924444129,36.58463577025029],[111.20718866636793,36.584517613802916],[111.20671809417593,36.584399450076354],[111.20620128714685,36.584229308100724],[111.20568448019253,36.58405918280023],[111.2052193866911,36.58391720718047],[111.20475428816943,36.58377522524313],[111.20428919024775,36.58363324959455],[111.20382409517019,36.58349128383547],[111.20335900064511,36.58334930634237],[111.20305460943142,36.5833052041949],[111.20275021633043,36.583261103074804],[111.20221519556739,36.583172777893814],[111.20199348063497,36.58300956281194],[111.2016052604981,36.582638417880034],[111.20139228149371,36.58228928264293],[111.20117929660563,36.58194015241896],[111.20105818133439,36.58145700909438],[111.20097758351069,36.581135473419124],[111.20093707203921,36.58097385928733],[111.20093628754094,36.580668979118165],[111.20093550193718,36.58036409893524],[111.20111934915828,36.58014813870961],[111.20130319647879,36.57993217999614],[111.201615967827,36.57965651935957],[111.20192873916803,36.579380850683556],[111.20214921070257,36.57906815920602],[111.20218497424715,36.57863681159814],[111.20217446957327,36.57814109074778],[111.2021639661449,36.57764536174262],[111.20215344949607,36.57714964713582],[111.20215058982878,36.577014862324155],[111.20214293075749,36.57665393068789],[111.20213242666007,36.576158201556716],[111.20212192273081,36.575662479592054],[111.20193656930634,36.57529099470848],[111.20153014234205,36.574994237840976],[111.20112371514918,36.57469748497596],[111.20078186946418,36.5744154908539],[111.20044002178936,36.57413349303469],[111.20021775952542,36.57374720212102],[111.20021691714197,36.57342002102114],[111.2003502883494,36.57314583157731],[111.2003544780626,36.57313721769449],[111.20049203464178,36.572854417808955],[111.20065694028472,36.572452591655725],[111.20060063125169,36.572066004784645],[111.2004246847612,36.57176141876093],[111.20024873744586,36.571456841472894],[111.19987454141193,36.57113400039824],[111.19950034402032,36.57081115632723],[111.19912614754477,36.570488324575564],[111.1987519497253,36.57016549523441],[111.19828119287548,36.56993204960916],[111.19781043549077,36.56969859760715],[111.19733967870218,36.56946514463341],[111.19686892253489,36.569231700600504],[111.19652703708681,36.56903743053432],[111.19647748618064,36.56900927388513],[111.19608604983614,36.568786846774294],[111.1956946146208,36.56856442016733],[111.19530317941295,36.56834199226383],[111.19491174307953,36.56811955675759],[111.19457924233791,36.56786727513438],[111.19424674040701,36.567614992572196],[111.19391423954366,36.56736271807881],[111.19375691477855,36.56711758984007],[111.19359958989536,36.566872462283655],[111.19339573994328,36.566451425045535],[111.19319189110004,36.56603038922663],[111.19298804109997,36.565609342214564],[111.19288531688294,36.565074102831765],[111.19278259302509,36.56453888043168],[111.19267131263307,36.56427136737511],[111.19233901670196,36.564093444340656],[111.19208191647914,36.564034642643215],[111.19182250293667,36.56397531063304],[111.19143853607433,36.5639891205663],[111.19138928413885,36.5639908919924],[111.1909560640384,36.56400646997757],[111.19042774487976,36.56408664205238],[111.18989942462133,36.56416681268935],[111.18937110550839,36.56424698639061],[111.1888992032876,36.56427748636365],[111.18842731074366,36.56430798535505],[111.18795542005687,36.56433848337725],[111.1874835189435,36.564368982251885],[111.18701161745746,36.56439948196307],[111.18650791019448,36.56449446879422],[111.1860042005549,36.56458944629191],[111.1855004930138,36.56468441715258],[111.18500293793545,36.564784344362586],[111.18450538268189,36.56488426859529],[111.18400782834891,36.564984180837484],[111.18373157466112,36.56511101618286],[111.18345532006606,36.565237849986836],[111.18316975945977,36.5653275179218],[111.18288419931011,36.56541718607272],[111.18259879872734,36.565436811641455],[111.1811945487789,36.567544016982644],[111.18042865663173,36.56847450406402],[111.17991900966429,36.56950785753952],[111.17938784077724,36.570181250217765],[111.17917016861283,36.57123948274304],[111.17935856993168,36.57360021286546],[111.17952719796696,36.574935157865895],[111.17960039640556,36.57590783606035],[111.18005455315719,36.57798624646582],[111.18083796735223,36.57926303662534],[111.18152591293057,36.58015848151415],[111.18209607069359,36.581244844855036],[111.18273697211293,36.58223572509756],[111.18309294984996,36.58275018381787],[111.18316525448645,36.58332230031375],[111.18305718459229,36.58385597257723],[111.18289902527917,36.58465646473617],[111.18243605268208,36.58594285352705],[111.18260643255057,36.587061709670785],[111.18251505778137,36.58843519436526],[111.1823532131188,36.59001860331597],[111.18212026663416,36.59154489770878],[111.1816385525158,36.59315136322653],[111.18103320595333,36.59439137984132],[111.1801399515908,36.59573508605109],[111.17934360786126,36.59746585584309],[111.17900201168358,36.59822000268996],[111.17891499569343,36.59841210635524],[111.17885138002681,36.599770833805074],[111.17897173211524,36.60066714056877],[111.17914076241661,36.60206222787233],[111.17914273212051,36.60291410098907],[111.17907361732073,36.602955321237864],[111.1790489164397,36.60335648521584],[111.178481669273,36.60358622687942],[111.17708636660377,36.603798123765856],[111.17611216900637,36.604224308581344],[111.17591260500066,36.6044935930774],[111.17578398256724,36.60473181300519],[111.17546623015157,36.605320314612406],[111.17541953592746,36.60564154552855],[111.1753085943409,36.60640475172204],[111.17521458320817,36.60730839544794],[111.17528148305087,36.6085732039555],[111.17493066905445,36.609193264385375],[111.17490730077435,36.60922321474846],[111.17454754266765,36.60968429980925],[111.17381166850116,36.60994351966175],[111.17301232936177,36.61046097139918],[111.1727234992605,36.610715912062],[111.17266079924752,36.61077125453947],[111.17248594832037,36.61112076809915],[111.17250150239207,36.61113288574668],[111.17246115262296,36.611531907767294],[111.17234484979231,36.6126819776793],[111.1723153542542,36.613817854071705],[111.17196904756314,36.61416032158557],[111.17087752558652,36.615239716200186],[111.16988688340346,36.61617045088501],[111.16968289306023,36.61692595679955],[111.16960100196471,36.6172292473173],[111.16941055877159,36.61800395015015],[111.1691731544185,36.61840445453348],[111.16902769093693,36.61864985372774],[111.16851700255692,36.619425007899025],[111.16840640439273,36.61980439600695],[111.16833133568605,36.62006190432082],[111.16823092002969,36.62040635780804],[111.16775441862718,36.62218822053597],[111.16798021489844,36.62293651971571],[111.16881388195164,36.623399999162956],[111.16993618599935,36.62404376309482],[111.17150732793598,36.624893385896335],[111.17275801068492,36.62564019598368],[111.17375267891813,36.6264648075252],[111.17474748490292,36.627341041110924],[111.17526055900606,36.62762424503011],[111.17660522367463,36.62741574397632],[111.17762896362349,36.62692375089697],[111.17817371427903,36.62705200749474],[111.17868751402816,36.627644968866925],[111.1790089214965,36.628134958510046],[111.17923424741366,36.62862509271749],[111.17939576100362,36.62921857848503],[111.17939659864444,36.62957997837948],[111.17974962332376,36.6298892185815],[111.18010217139332,36.62999194300383],[111.18077512204269,36.630145809531605],[111.18173639012088,36.63032504859699],[111.18212054650435,36.63024701737334],[111.18285591225529,36.62970379120132],[111.1834318042882,36.629444762571104],[111.18455314656204,36.62959791660225],[111.18564314791521,36.63003506716338],[111.18734200782355,36.63060032266567],[111.18811131493932,36.630857253858146],[111.1887846666416,36.63116596008779],[111.18948998759831,36.631448797679234],[111.19032317640543,36.631628171012814],[111.19144469138742,36.63183288682424],[111.19212715873981,36.63192741598686],[111.19218161120376,36.63193495899215],[111.19336635509976,36.63180397043619],[111.1940385073077,36.63162217808847],[111.19472397362455,36.63154211205627],[111.19493504984021,36.631517456022834],[111.19602474306791,36.63179962627002],[111.19794831862703,36.63251924674958],[111.19842901952848,36.632621704762165],[111.19900554231519,36.63262074317663],[111.19964539101196,36.63233571463825]]]]},"properties":{"code":"SXNR-N07","name_short":"五鹿山","name_full":"山西五鹿山国家级自然保护区","zone":"core","area_km2":74.927,"feature_count":2}},{"type":"Feature","geometry":{"type":"MultiPolygon","coordinates":[[[[111.23744078421146,36.60895684041722],[111.23836066397777,36.60803944444399],[111.23916216981694,36.60710320535703],[111.23991775960371,36.60662483316531],[111.24095622722164,36.60582162286999],[111.24185326230815,36.60519035863424],[111.24345947028466,36.60438597379178],[111.2439550752148,36.60400347706215],[111.24478577021215,36.603111790547196],[111.24478997133401,36.60276613603917],[111.24479754832213,36.60214263406795],[111.24489310948547,36.6013883922313],[111.2445366964625,36.60089319576213],[111.24410955860068,36.600474439036816],[111.24330380733743,36.6000183071736],[111.24218982327918,36.59933390498233],[111.24124186365641,36.59878267659059],[111.24038895322461,36.59836476828511],[111.2397972085297,36.59825151541948],[111.23878025248979,36.59832985319821],[111.2377634699282,36.598465405317796],[111.23646252339888,36.59850614242161],[111.2355161217189,36.59845079387482],[111.2347107895897,36.598109046850524],[111.23302883419562,36.597311231739404],[111.2322932885618,36.59656877352721],[111.23167660224442,36.59601682252325],[111.23053776113996,36.59487457900269],[111.22942170368795,36.593427093414896],[111.22761698585472,36.59104627804692],[111.22671480752123,36.58990354466326],[111.22550455999205,36.5885515707295],[111.22493555249741,36.58731920645859],[111.22478812116925,36.586187720007146],[111.22412189681917,36.584815630291494],[111.22345651966857,36.58372964801334],[111.22276849760547,36.58298704078789],[111.22217251572451,36.58186965516122],[111.22204502252342,36.58122141059455],[111.22153020383848,36.57952114255734],[111.22118091276154,36.578960947760926],[111.22080637115968,36.57767170155091],[111.22080785245443,36.577614720336875],[111.22082726134136,36.57686778597388],[111.22075415862645,36.575615370664586],[111.22072848138957,36.574736762234494],[111.2202380269358,36.573429032680934],[111.2197477480236,36.57217738596267],[111.21937453363925,36.571336807135644],[111.21938787214806,36.57114648948321],[111.2191377565519,36.57032846232652],[111.21974939341821,36.569201954105594],[111.22085785960458,36.56816989420869],[111.22165938700044,36.567310063266085],[111.22269784770138,36.56662145376294],[111.22411335596018,36.565493418333624],[111.22578903267669,36.5644030217645],[111.22703910808853,36.563332487298126],[111.22883241333906,36.562070155188096],[111.22963463615856,36.561496383685295],[111.23152453878888,36.560939574209314],[111.23279961129512,36.560364862232205],[111.23379088005152,36.55977161883596],[111.23407224720775,36.55898901980971],[111.23428369177091,36.5560028428393],[111.23425370653644,36.555810483306374],[111.23408868003798,36.554876065813986],[111.23386389282736,36.55398062176067],[111.23383068935891,36.55384835330502],[111.2335968339471,36.55313840696855],[111.23322243900803,36.551923974902756],[111.2331981440862,36.551550123386164],[111.23338030994027,36.550484159041886],[111.23333104548858,36.54951212165166],[111.23332312404908,36.54943245218486],[111.23316379789183,36.54782991129477],[111.23311134062325,36.54579227082147],[111.2330373422167,36.54429682574989],[111.2323378562689,36.54282129305811],[111.2310801933971,36.54061773725104],[111.23018132191135,36.53926409626412],[111.22942575611009,36.53837754248227],[111.22895983251067,36.53761507787963],[111.2295486756378,36.53690819368894],[111.23056132608235,36.5356473310134],[111.23171587424297,36.534424332340905],[111.23289528045848,36.53362091096438],[111.23383778868593,36.532646272372034],[111.23418956208259,36.53173001162847],[111.23458756118538,36.5304703192122],[111.23493827877827,36.52921071836686],[111.23531076974471,36.52734069158664],[111.23544835372488,36.525947987907905],[111.23544303598248,36.52419315217495],[111.23518145552863,36.523659584016706],[111.23451749007336,36.52291698899577],[111.23345006547937,36.52160294757341],[111.23226332106239,36.51988856520692],[111.23100431816218,36.51769744885985],[111.23003194423362,36.516516712612706],[111.2288460833953,36.515050260653545],[111.2277786954966,36.51367894305983],[111.22732822217476,36.51316479185822],[111.22725538133707,36.51249732403033],[111.22758077779675,36.510646481323505],[111.22800335683135,36.50971102474302],[111.22837771689008,36.50845139359127],[111.2287980864564,36.50677203458749],[111.22898396310336,36.505703507129404],[111.22919475423562,36.505073644439186],[111.22959557268786,36.504786755989535],[111.23037682223398,36.50484388719559],[111.23084059487637,36.504773625188214],[111.23086072182167,36.504770575481864],[111.23190334900869,36.504955503419716],[111.23259848536632,36.50509436271448],[111.23326439497598,36.50513980006387],[111.23410483236961,36.50534155268367],[111.234423099743,36.5054179539642],[111.23517705687057,36.50586047554396],[111.23596010800844,36.50634967498128],[111.23602379607252,36.50635861822127],[111.23661067807765,36.506108961264154],[111.23701393956493,36.50545383383421],[111.23695312646167,36.50449583644559],[111.2367479411258,36.50365496656926],[111.2366319282331,36.50308841226895],[111.23654226267897,36.502650518523964],[111.23659816296025,36.50199608034647],[111.23729078524588,36.501317011304344],[111.2376005792416,36.501154025388274],[111.23885130619664,36.50049599025874],[111.24081429248444,36.499792872484036],[111.24103789639854,36.4989571168892],[111.24104625671812,36.49892586682943],[111.241305156562,36.498141658434776],[111.2414477026898,36.497709878415606],[111.24173162000695,36.49593327473391],[111.24187161410501,36.4944140184891],[111.2419228419057,36.49408852854118],[111.24207028448376,36.493151699501944],[111.2422699674423,36.492216542061],[111.24272443050674,36.48945809693978],[111.24306813970485,36.48831232516654],[111.24349792803942,36.48693268741951],[111.24413159546171,36.48597327072365],[111.2452429128571,36.48506534424572],[111.2458553818724,36.484290292738535],[111.24691505363978,36.48325807992977],[111.24715839049459,36.481784066739976],[111.24696366319269,36.47996761859515],[111.2467233099636,36.47865673935602],[111.24621680134142,36.47720335063395],[111.24582908052135,36.47596430244075],[111.24529428543757,36.47489245798174],[111.24487639428473,36.47343888038658],[111.2447543324408,36.472175439560445],[111.24472256271493,36.471460207962295],[111.2449259864309,36.47043453072222],[111.24554351862574,36.46967027813576],[111.24619003084146,36.468739060357365],[111.24713074287295,36.46749726689176],[111.2481293989815,36.46592154092895],[111.24874303501801,36.465344448770246],[111.24943246684103,36.46493605459872],[111.24961817152939,36.4648376749962],[111.25058299047167,36.464711137994904],[111.2516862282557,36.46423928644811],[111.25279229462005,36.46329018985425],[111.25347985291945,36.462315926181425],[111.25368618256772,36.46041279520025],[111.25350768347765,36.45998399529457],[111.25309746850225,36.459097895546805],[111.25212101304554,36.45835605201176],[111.25128699237494,36.45784279576207],[111.2505045468857,36.456843023075784],[111.24974015177095,36.45594334806599],[111.24892301309244,36.45515822654482],[111.24824778959652,36.45444433402292],[111.24783798138019,36.45365835609108],[111.24774570724831,36.45248545704312],[111.2477078340692,36.45171301272349],[111.24770555975412,36.45099771828787],[111.2472969570918,36.45058369155807],[111.24676336028595,36.44984088456995],[111.24635408908081,36.44921226633923],[111.24612203648722,36.44862619928549],[111.24608458814618,36.44798250680859],[111.24618965725216,36.447610333937014],[111.24648986798753,36.447352205973125],[111.24682585254261,36.447208451988175],[111.24772942196738,36.447363946007655],[111.24882850718217,36.44774792227322],[111.24996315459539,36.44817473183056],[111.2513272288649,36.44835784532827],[111.25269121666227,36.448512331463924],[111.25444435513427,36.448537219424736],[111.25548849044286,36.44834901165685],[111.25612511374871,36.448090139959405],[111.25684636586493,36.447719515156535],[111.25686276948046,36.44771616448039],[111.25727330907534,36.44724361679904],[111.25737728411278,36.44655670508164],[111.25719671928518,36.44549845031729],[111.25696478519389,36.44496962775602],[111.25701667847471,36.44459756061894],[111.25731594298502,36.44406759381714],[111.2577041148634,36.44365188217615],[111.25948812780645,36.442346171568985],[111.2601177316829,36.441777977146565],[111.26212354911206,36.44151066613177],[111.2639644318211,36.441349243213125],[111.2662117121362,36.44094368555208],[111.26787497445031,36.44062523248027],[111.26923643683432,36.440078541502935],[111.27054706233757,36.4392552999171],[111.2710699172299,36.438996069930006],[111.27204991562223,36.438035710859864],[111.27226743416034,36.437782540133654],[111.273317300672,36.43656056882991],[111.27356064213228,36.43636282400555],[111.27473241598756,36.43483160972954],[111.2752307569072,36.43390057126183],[111.2755238043898,36.43332765451231],[111.27554985654164,36.43235001561657],[111.27528152012958,36.43156380359285],[111.27448200189495,36.43075496925033],[111.27315115082334,36.429875816128344],[111.27137509807115,36.42823467311847],[111.26963027285164,36.42707029919664],[111.26906853758224,36.42673775904574],[111.26841878612434,36.426548474300404],[111.26753276044424,36.42628818555374],[111.26676426783445,36.42588456747956],[111.26575853273523,36.425123821257564],[111.2652262499678,36.42476735333397],[111.26501729392172,36.424052515204586],[111.2648965277537,36.42324210688943],[111.26507111400248,36.42252641716579],[111.26498033775931,36.42185900244827],[111.26480113764634,36.421215627696],[111.26397305814491,36.42062137591153],[111.26279209553081,36.42036170322159],[111.26134410714785,36.419649578477625],[111.25918827132672,36.41898666077322],[111.2586862729699,36.4188446889533],[111.25794763666688,36.418512478928776],[111.2574157494408,36.41825134899834],[111.25703160768731,36.418061428960264],[111.25661796503998,36.417871571078855],[111.25611590130984,36.41770574453958],[111.2554961482403,36.417635541974114],[111.25502382263075,36.41754117741653],[111.2549639634118,36.41727902746588],[111.25487405904748,36.41685003804433],[111.25510858199955,36.4163965109584],[111.25510632072587,36.41570505653627],[111.25504474880823,36.414918353555635],[111.2550423323217,36.41417921215194],[111.25489148458614,36.41315426559038],[111.25480158550747,36.412725274896104],[111.25443966048657,36.41239193282001],[111.25393294048914,36.41253160846734],[111.25365065702672,36.41281117692761],[111.25349198998002,36.413004646039184],[111.2532190875326,36.413448713624774],[111.25276853662184,36.41369287107039],[111.25193718565951,36.41385914796418],[111.25094616589088,36.41391130628448],[111.24906083047398,36.41381511004107],[111.24852781924056,36.41373753767575],[111.24794957046576,36.413719664678354],[111.24730016071607,36.413587487824266],[111.2464615654874,36.41333171251463],[111.24576454253747,36.41306610204671],[111.24512691115461,36.412924352031055],[111.24408809485564,36.412783418392486],[111.24287219946153,36.412614224764496],[111.24198652000888,36.4123871258149],[111.2407107250662,36.41192237230852],[111.23963506683468,36.41130460505878],[111.23920900244862,36.410885813513424],[111.23903501133984,36.410607281499445],[111.23885776669518,36.41052418334459],[111.23859239148112,36.41056047945208],[111.23810599842537,36.410668745277405],[111.2375902139193,36.410812834116236],[111.23708874286551,36.4108138307554],[111.23667569429031,36.41079080603569],[111.23602655130071,36.41073248203103],[111.23556900357424,36.41062609042051],[111.23505238854425,36.41049596928239],[111.23446178009875,36.410282538387754],[111.23404809135967,36.41004491570774],[111.2336640097703,36.409842997475195],[111.23314722494808,36.409653259623255],[111.23249752558027,36.40940416958788],[111.2318775047766,36.40921462715841],[111.23074134906916,36.40904992391406],[111.22935464272501,36.408945299184694],[111.2284250482464,36.4088040201508],[111.22750999820437,36.40859117579589],[111.22643295840875,36.40846208271494],[111.2257247435485,36.40836804989687],[111.22510474725503,36.4081784721847],[111.2245292061938,36.4080603380511],[111.22379098749016,36.4077875237474],[111.22300869813935,36.40757439506954],[111.22244811690753,36.40752775423687],[111.22169566910564,36.40743377897097],[111.22088460105847,36.4074710475017],[111.22028001126276,36.40750792895068],[111.21983762251406,36.40753258818784],[111.21902688600132,36.4076890602147],[111.21848152191744,36.40780927680036],[111.21790131994635,36.407960987285335],[111.21659647912794,36.40881413776736],[111.21600821068346,36.40942321193215],[111.2153171825408,36.41021129574396],[111.21458225409533,36.4111305926042],[111.21408225224685,36.41166796810735],[111.2135676237059,36.4122530557368],[111.21309746459093,36.41292151276673],[111.21261245046746,36.41355422961716],[111.21199532765993,36.41442561405362],[111.21148179650567,36.41542794993191],[111.21117336947661,36.41591728724063],[111.21107185956302,36.416561240318146],[111.21088281378691,36.417563000201504],[111.21088481211757,36.41830214350827],[111.2107988217152,36.419232190664516],[111.21071160543787,36.41970921331697],[111.2105803922406,36.42028168773947],[111.21047829393737,36.4207110501544],[111.21047977389081,36.42125944729046],[111.21070213548423,36.42166439344485],[111.21098373181393,36.42215268719112],[111.21104386654436,36.42256984073179],[111.21110412990029,36.423034681999276],[111.21112062507933,36.423678425675426],[111.21112185150935,36.42413144876395],[111.21103424362158,36.424465411555126],[111.2106372017685,36.424931059382224],[111.21037282655922,36.425360707543916],[111.21018252995094,36.425909441994214],[111.21010966908973,36.426243378056135],[111.21006643999849,36.4266249490127],[111.21006791737227,36.42717334471771],[111.20993707233715,36.42788887832326],[111.20990888377183,36.42837771745924],[111.20967499155293,36.429176883447646],[111.20927807770617,36.429702134812345],[111.20888144597869,36.43033467997943],[111.20861755329737,36.430955070373344],[111.2079263877231,36.431790795352306],[111.2074415955966,36.43256654926966],[111.20700032550914,36.433068026803404],[111.20670630035328,36.433461952233145],[111.20638267086653,36.43382016349811],[111.20629553787239,36.434344868705516],[111.2064741916986,36.434952566059124],[111.20697790932256,36.43573852651275],[111.20746634275558,36.43632184171856],[111.20816255151261,36.437357817041665],[111.20840030823656,36.43798925205614],[111.20886088615393,36.439180616549166],[111.20889173792942,36.43968127275058],[111.20920395366635,36.440562931087456],[111.2094570922181,36.441420849100524],[111.20985704957911,36.442004309091026],[111.21068539668309,36.442765837820325],[111.21096687615353,36.44318259909318],[111.21058462316631,36.4436959062396],[111.21009923766645,36.44426900213358],[111.20980544301571,36.444758307972045],[111.20968929141897,36.445461891009266],[111.20977984772594,36.4462127977116],[111.20997366553875,36.446951601155405],[111.21000407795052,36.44728535430741],[111.2098200697083,36.44771406351529],[111.20932753935693,36.44812105956864],[111.20894390872729,36.448133653174736],[111.2082504602952,36.44817063034691],[111.20728395538673,36.448144714379055],[111.20668661399795,36.44829256422974],[111.20595179282294,36.44942639323135],[111.20529073507362,36.45056009069036],[111.20504288325746,36.45170499673622],[111.20508875402184,36.45231292236396],[111.20547485856018,36.453230226984246],[111.20588919472736,36.45365869310703],[111.20639302831455,36.454444652294725],[111.20673380976679,36.45495669387577],[111.20679420113473,36.45546922053084],[111.2068120921759,36.45664943396645],[111.20681658716107,36.458342300494394],[111.20673104431098,36.45947500572505],[111.2066145578776,36.4600712895654],[111.20637974848322,36.46057240515253],[111.20589413285512,36.46110971758733],[111.20536514530399,36.461992830875666],[111.20499793147181,36.462661074706745],[111.20445463382718,36.463723032240196],[111.20396960988337,36.464498769540064],[111.20352894766559,36.46531019264983],[111.2028972088404,36.4664319026075],[111.20258834020949,36.46684968406988],[111.2020292928811,36.46755400816227],[111.20172084758228,36.468138690713616],[111.20179551305779,36.46847237000568],[111.20215028137589,36.468674437217636],[111.20271154048963,36.468816544599626],[111.20389325989879,36.46916025941541],[111.20448398203474,36.4692784642767],[111.2052813503408,36.469396311846985],[111.20557677663855,36.46947925536555],[111.20582842641517,36.46975301883605],[111.20568280701822,36.470504332689266],[111.20543364052727,36.471172372552914],[111.2051840613045,36.47168543179462],[111.20500834574217,36.47222220742699],[111.20481761501108,36.472663635082824],[111.20468576962053,36.47304535324947],[111.20445012628873,36.47324842460266],[111.20424434860833,36.47358258216842],[111.20423049479531,36.47392833252543],[111.20451192685498,36.47429742100195],[111.20483730083633,36.47453529560589],[111.20551707453241,36.47482024531898],[111.20588705365424,36.47517725651128],[111.20610992553861,36.475725266578586],[111.20630337373296,36.47630909138726],[111.20663126188462,36.47748876351298],[111.20666338082404,36.4784662807368],[111.20671016872812,36.47940800625553],[111.206461172697,36.480147577442224],[111.20602010153387,36.48082787169361],[111.20577043248305,36.48131708774832],[111.20534367074451,36.481830451892456],[111.20502021191695,36.48233171559839],[111.20494749708267,36.48274909705637],[111.20481604451642,36.483285794516284],[111.20393236299293,36.48408605575199],[111.2028865154747,36.48498195854739],[111.20197323754113,36.48577033309028],[111.20126604407437,36.48633184329355],[111.2002790678877,36.487179937059935],[111.19917426535923,36.48814743536547],[111.19858499011778,36.48864912459962],[111.19806916220185,36.48900763010568],[111.19715438553351,36.4892424676128],[111.19689754438693,36.48924289171579],[111.19686063421338,36.48924295261743],[111.19621818200686,36.48924401083201],[111.19618127183126,36.489244071523494],[111.19530217905016,36.48927778232239],[111.19457077762739,36.48928758238584],[111.19362724223532,36.4898375108387],[111.19224182532301,36.49081732115407],[111.19098934256112,36.49183266771904],[111.18874920964535,36.493517175875866],[111.18676570418847,36.49512255832065],[111.18608153562406,36.49551465491281],[111.18555105548691,36.49596373305582],[111.1844543241214,36.49672841480612],[111.18352330533888,36.497645427289285],[111.18275706051554,36.498314212293465],[111.18156016015625,36.4992077734314],[111.18069278501567,36.499581042801516],[111.18001105844513,36.49978235638381],[111.17901075844928,36.50014866150721],[111.17836419879553,36.50023546506652],[111.1775316815904,36.50036545957683],[111.1765838873227,36.500452701353524],[111.17486548685835,36.500626903654116],[111.17342198766528,36.50091512796363],[111.17227961562106,36.501159983658205],[111.17133259359048,36.5016048292489],[111.17017304854353,36.502107194986095],[111.1690399278455,36.50254513515612],[111.16746393305395,36.50304806385325],[111.1665256597142,36.50346424810281],[111.1657107317647,36.50355837136387],[111.16480721621751,36.50365976394877],[111.16457689851052,36.50368154023337],[111.16382394185636,36.503754105860295],[111.16285850513131,36.50390563966764],[111.16218573272887,36.50419267428972],[111.16180541600569,36.50451507301972],[111.16154985246966,36.50518064227404],[111.16136525627377,36.505889033414526],[111.16111910873674,36.50682640101379],[111.16069289662687,36.50781527380944],[111.16023683273085,36.50865635670811],[111.1599505170015,36.509461447009514],[111.15979032428167,36.51055844482429],[111.15957791190664,36.5113991982314],[111.15943107238533,36.511810688248644],[111.15913636364219,36.512132963668435],[111.15866511216525,36.51278927745506],[111.15847361854205,36.51303392352059],[111.15809800148018,36.51351724469495],[111.1576191315489,36.51406627007711],[111.15705933852101,36.51477037981441],[111.15685334287545,36.51515214042048],[111.15680215658645,36.515402560284365],[111.1568313791529,36.51566573210577],[111.15684489558959,36.51578362324605],[111.15716906004741,36.516163936316104],[111.15727222692529,36.516213717111015],[111.15775266354652,36.51656803678295],[111.1580731328186,36.51689029803496],[111.1583536277958,36.517212610577594],[111.15863438856418,36.51766399716537],[111.15891508661836,36.518083114596635],[111.15935616133223,36.51872789695831],[111.15942236456601,36.518817145341224],[111.16054254046985,36.520327218445196],[111.16071920797597,36.520565371855554],[111.16172135984355,36.52185475738364],[111.16230547229468,36.52272352070148],[111.16279121618028,36.52344596072039],[111.16317206464724,36.524088667559965],[111.16354336777788,36.52470075598884],[111.16388607076716,36.52524396498561],[111.16442855130279,36.52603959459945],[111.16509504281301,36.527141348374926],[111.16564671117898,36.52778381120446],[111.16629410875002,36.52881666607201],[111.16652518131652,36.52908856390926],[111.16668410831629,36.52927556991209],[111.16726489945765,36.530208965566864],[111.16764642971512,36.53113498139082],[111.16788527720841,36.53189273445659],[111.16809852733324,36.532634203156306],[111.16821989647383,36.53305619569359],[111.16827938264274,36.53360497107967],[111.16756437634835,36.53464023893907],[111.16646694343605,36.535414290011616],[111.165369121993,36.53601666114505],[111.1639172433504,36.5368627075858],[111.16262458477436,36.53756546145434],[111.16134966166484,36.5382824830409],[111.16057018814351,36.53855534576905],[111.15979079743529,36.53887111971849],[111.15934791446303,36.53902907675943],[111.15837286085834,36.53903037559659],[111.15764606047424,36.53905995011408],[111.15693692994137,36.539060885395145],[111.1561747009764,36.5391048033413],[111.15576715105122,36.53920547679885],[111.1556079692796,36.53939165971792],[111.15570283378445,36.53961844400403],[111.15591052819326,36.53997780231009],[111.15662050388387,36.54039174040623],[111.15759650485965,36.540848240305976],[111.15867903482375,36.541376119334736],[111.15967264089318,36.54176104895773],[111.16135786592048,36.54223087199433],[111.16306095937695,36.54275786979801],[111.16378848625001,36.543057294819654],[111.16437388218623,36.543213852807455],[111.16501289375532,36.54357061446119],[111.16549268143392,36.54408495804361],[111.16636301699164,36.54482764854979],[111.16698490483228,36.545456233763396],[111.16776668147354,36.546227648412156],[111.1691513584009,36.54702681565413],[111.17003914747959,36.54761208992186],[111.17099768098964,36.54811142156115],[111.17227588313939,36.548839176069016],[111.17332376975834,36.54963878139391],[111.17385674728556,36.550110096122616],[111.17559659523701,36.55109464416948],[111.17673304048124,36.55182255909126],[111.1777272952051,36.55239331192712],[111.17877469392367,36.55293536525411],[111.17992856150191,36.553505860181076],[111.18097572370142,36.55393344849489],[111.18200513103851,36.55434674893332],[111.18269777986247,36.554817779839],[111.18300040124105,36.55531801647087],[111.18316174530229,36.55606166863448],[111.18304997036155,36.55690257748472],[111.18289953173593,36.557507745578874],[111.18288462199656,36.55843914562989],[111.18288298332112,36.558541522170714],[111.1829416686027,36.559276542743035],[111.18293354803329,36.55985852103747],[111.18287910838423,36.56009522885668],[111.18232541754101,36.56069145617194],[111.1816182388393,36.56161048687894],[111.18077809771518,36.56255355840773],[111.18015800257004,36.56280484748825],[111.17934490562783,36.56267493744401],[111.17856131434331,36.56252113420076],[111.17823627946535,36.56255738528423],[111.17814848745103,36.56293900287378],[111.17818436901857,36.56311542907428],[111.17823816909389,36.56337996249307],[111.17823888114586,36.56368991828323],[111.17807320363006,36.563805336084634],[111.177564521405,36.563914452308566],[111.17688537291336,36.56420157610399],[111.17611776574357,36.56458419874449],[111.17535074376774,36.56522908724924],[111.1748987084856,36.56626326421987],[111.1748514920125,36.56632584424235],[111.17484650037075,36.56635694473949],[111.17530860051166,36.566298429641876],[111.17584312409777,36.56623073140823],[111.176147367777,36.56624515572499],[111.1764516115846,36.5662595873753],[111.17698635220782,36.5662885623508],[111.17744714173291,36.56622839992306],[111.17790747346073,36.56596745813978],[111.17836780882813,36.565706530786706],[111.1786348754772,36.5655871669111],[111.17890194352866,36.56546779882919],[111.17926140024318,36.56543751925343],[111.17962085443628,36.56540723769676],[111.18008180699937,36.5654214193879],[111.18061650091944,36.5654317667712],[111.18115119386326,36.56544211536237],[111.18168588583713,36.565452467864894],[111.18222057794978,36.5654628206725],[111.18224731640767,36.56546098201486],[111.18255238872844,36.565440003383536],[111.18259879872734,36.565436811641455],[111.18291658458716,36.56495992770859],[111.18374610734884,36.56390025300748],[111.18454311754692,36.562634105847295],[111.18578612025465,36.56054119135477],[111.18696524323137,36.55852580809976],[111.1872834218301,36.55777668359662],[111.18731386188459,36.55713127040175],[111.1872661092997,36.55553994175654],[111.18667261054816,36.554529932397],[111.18610331850151,36.553748773902896],[111.18551012330238,36.55285320385399],[111.18498823011682,36.552110115278104],[111.18412531502507,36.55115618233646],[111.18368455484438,36.55068155455405],[111.18276034819291,36.54974833046924],[111.1812439006706,36.548281919934176],[111.18043852864605,36.547596463414585],[111.1796569436525,36.54696818944308],[111.17842564414086,36.54609261725112],[111.1772891038603,36.54529318902367],[111.17631823667686,36.5445698017797],[111.1756066405839,36.54350268669464],[111.17480029440422,36.5423403336917],[111.17458535954624,36.54136785543606],[111.17446502436138,36.54041431203286],[111.1743447789432,36.53949891664973],[111.17437716507213,36.53866757809286],[111.1744147823485,36.53829516198564],[111.1745110154453,36.536555255618765],[111.17481080877214,36.53585383238168],[111.17544992580693,36.534961901769194],[111.1755525188129,36.53459383215443],[111.17548063926016,36.534164763470464],[111.1748232875063,36.533521967543805],[111.17409484590068,36.532793436966465],[111.17336676918991,36.53222226500881],[111.17286908440676,36.53162214324117],[111.17205573043248,36.53048767629842],[111.17141274459894,36.52901716141067],[111.17128246498875,36.527958943716456],[111.171376829296,36.527235993403494],[111.17166236215273,36.526177177628654],[111.17172490527906,36.52553171773341],[111.17147245353112,36.52510355010811],[111.17120465690789,36.52442871410143],[111.16953005426794,36.523256608283035],[111.1689359848815,36.52267025942794],[111.16836440687567,36.52223053047025],[111.16683578894225,36.520457882696206],[111.16644512481996,36.520115087853064],[111.16585947151891,36.51975825717081],[111.1656667603148,36.51944799354096],[111.16541518834134,36.51920094609004],[111.16560981365767,36.519043311968794],[111.16607050766193,36.51898544816717],[111.16661994071146,36.5189846819635],[111.167275624353,36.51894084680443],[111.16780714919251,36.5188542652983],[111.168355993547,36.518581680356924],[111.16876298287646,36.51828068291214],[111.16913414973486,36.51780806404606],[111.16941660107616,36.51729265254135],[111.16954967521869,36.51657119287037],[111.1692734669809,36.516087003642525],[111.16875980830866,36.51518421203637],[111.16859884082328,36.514693959974814],[111.16827557069948,36.513093895690496],[111.16792033526816,36.51149387688657],[111.16779057927317,36.51064217015738],[111.16769330537025,36.510022749852354],[111.16746823270277,36.509455137889184],[111.16724316445874,36.5088875281407],[111.16695452933666,36.508500709370125],[111.16679391952451,36.50816533997029],[111.16717709632742,36.50790665668719],[111.17048397710259,36.50792316565134],[111.17065435013858,36.50790624346182],[111.17228469502788,36.50790390012408],[111.17359583609327,36.50780185847462],[111.1752263719983,36.507885309755544],[111.1768036178019,36.507911594340094],[111.1777078218317,36.50809622777726],[111.1789670786096,36.5085521324284],[111.18012693625197,36.50900186486892],[111.18102361360637,36.50892098241292],[111.18214723650001,36.508881016245326],[111.18235221281131,36.508704371279045],[111.18311298255044,36.508173888763665],[111.18385551339685,36.50742884085113],[111.18458047901473,36.50675534557071],[111.1851639732088,36.50621081814467],[111.18595955888887,36.505437063779105],[111.18693216040002,36.50459149752395],[111.18762218486214,36.504146931939935],[111.18857783119161,36.50363041349726],[111.1897813691982,36.50304196401014],[111.19109166621854,36.50263930755543],[111.19222453939899,36.50215108844743],[111.1941361709799,36.50130394558597],[111.19521606253912,36.50090161848106],[111.19606566166506,36.50052827289347],[111.19650749013765,36.50006975748996],[111.19663018805765,36.49954023748481],[111.19627363696429,36.498682471764695],[111.19588208966964,36.49799643182374],[111.19572135900846,36.49749599019894],[111.19572038699513,36.4971097324099],[111.1958968898114,36.49683763120153],[111.1961795209024,36.49649382500756],[111.19644446721837,36.496164353118786],[111.19695775898116,36.49594891880722],[111.1974002472419,36.49576221119338],[111.19780729569432,36.49557555979484],[111.19863892336836,36.49513069606922],[111.19885051856976,36.49472977821716],[111.19891861047337,36.493642416306976],[111.19916501191351,36.49299823983108],[111.19983703573241,36.49251071537569],[111.20123546840436,36.49202196418948],[111.20254566915189,36.491676406124135],[111.2036811297621,36.49156874038896],[111.20381270874837,36.491534688040474],[111.20473736732944,36.491470876448936],[111.20559105992736,36.49091298408991],[111.20674104481634,36.49029584321059],[111.2074832169019,36.48956495396199],[111.20818940564024,36.48863384039746],[111.2084345275749,36.48754616313307],[111.20883843456926,36.486215006305166],[111.2091907199062,36.485456175957324],[111.20934669951194,36.4841683699511],[111.20937905135025,36.48302383946236],[111.20971259950552,36.48189308570291],[111.21017072070937,36.48097670095571],[111.21062856125575,36.47996017256773],[111.21090842987499,36.47864353283095],[111.21122507731404,36.47782753402293],[111.21163885594062,36.47729703065271],[111.21279632605825,36.47587913549828],[111.21362891995986,36.47521353979717],[111.21376752044415,36.474761536383305],[111.21389037511564,36.474346443688134],[111.21349824697747,36.473460177833296],[111.21285790962077,36.47248851705911],[111.21237704240237,36.471530875817095],[111.2120026194403,36.47063026624363],[111.21187629531708,36.46977213384601],[111.21157261769957,36.468828479219766],[111.21155405033288,36.46851378067852],[111.2113571200722,36.46774160816834],[111.21108957833106,36.4670553957673],[111.2109988097188,36.46624011683285],[111.2108201057619,36.465653888147195],[111.2105876515198,36.46483885798671],[111.21035458274717,36.46379493320157],[111.21035195495767,36.46282213250381],[111.21068610053004,36.46194887840488],[111.21151640219207,36.46117488759483],[111.2121347098006,36.460601551251756],[111.21243426309964,36.46004308536664],[111.21271625947568,36.45954187379815],[111.21324309609733,36.457910051848096],[111.21398273815466,36.456392294456776],[111.21456364041532,36.4551180190142],[111.21518009935804,36.45390090028347],[111.21584998172386,36.45279812932734],[111.21639680122827,36.45202461497968],[111.21673063313943,36.451079814144535],[111.21697631694207,36.45027823136505],[111.21750296263913,36.44863208357598],[111.21783588800251,36.447372547373135],[111.2183803245057,36.445769280465655],[111.21873096936271,36.44452401567788],[111.21885242485314,36.443636819818664],[111.21906301314723,36.442964050994625],[111.21941480273277,36.44213365634053],[111.2197845742929,36.44140336852323],[111.22027775255688,36.440486874753624],[111.2207526070787,36.43935582178001],[111.22131516152119,36.4379384831803],[111.22143710604863,36.437237261860936],[111.22122241203958,36.43645082854353],[111.22086478941928,36.435206865962186],[111.2206141324958,36.43422021269016],[111.22034577678943,36.433233591384464],[111.22011320027846,36.432375658417676],[111.21982792125306,36.43166088212304],[111.21925910783625,36.43084648301827],[111.21874397829949,36.430232267979534],[111.21806940754593,36.42957542387894],[111.21755341764177,36.42864647249534],[111.21721490783415,36.42787456140863],[111.21728320778092,36.426973156241445],[111.21773852455435,36.425198375782536],[111.21819606119215,36.42422472817588],[111.21886600929895,36.42325068951773],[111.21935856269003,36.422148219497956],[111.22002944717427,36.4215175182942],[111.22066447303926,36.42072951213022],[111.22099840488148,36.41988483684824],[111.22110315118795,36.41936962426714],[111.22124378580851,36.419026017673225],[111.22173904032735,36.418846582951126],[111.22195112879727,36.41878150214359],[111.22253537737267,36.418823332906896],[111.22285448339254,36.41899441039273],[111.22322693798895,36.41925122449856],[111.22405982645421,36.41957870369765],[111.22476864967697,36.41984918736735],[111.22570701351165,36.419918947591306],[111.22729956776581,36.41972994810532],[111.22848474074102,36.41945587040313],[111.22959884804865,36.41909608131597],[111.23042051656701,36.41858454452273],[111.23167674206218,36.41806577495003],[111.23292311060601,36.41791654543649],[111.23340975316081,36.41784024489923],[111.23402509449537,36.417969684720326],[111.23432223233094,36.418171317902825],[111.23496066192516,36.41857063364276],[111.23558148476006,36.41899859186083],[111.23652088871157,36.419411611057846],[111.23765487308395,36.41977845637091],[111.23910784826415,36.42026196118794],[111.24084444367749,36.4208688637174],[111.24293530261775,36.42154178186235],[111.24416337798701,36.42178724861481],[111.24526128861481,36.42191852185374],[111.24733844663066,36.42197146142443],[111.24920318821823,36.422024808362885],[111.25007756429515,36.422366325136906],[111.25056251066277,36.422708654200434],[111.25180178207023,36.422753734325326],[111.25259254939868,36.422780676196346],[111.25290058473617,36.423151980989864],[111.25292629078271,36.423800467779365],[111.25351818346655,36.42436191752963],[111.25427431104231,36.424617818204965],[111.25549038651914,36.42477735757909],[111.25624642939714,36.42500463476036],[111.2573456336333,36.425507750551965],[111.25907005148485,36.42592366510074],[111.2602868572257,36.42629297619482],[111.26085467663404,36.426692306497564],[111.26102079348236,36.42695898976201],[111.26098685668578,36.42739778245315],[111.26082380049799,36.42804667851262],[111.26074393042704,36.42886706572816],[111.26059349975708,36.42976390584155],[111.26040702282957,36.430470077151234],[111.26014905892147,36.43097611974298],[111.2596260197454,36.43158709526418],[111.25806424457147,36.43267471617039],[111.2571334405136,36.433348421852955],[111.25596930377671,36.43405618102519],[111.25509811014619,36.4347351976825],[111.25371862471144,36.43602382547187],[111.25197114525531,36.43710317708473],[111.2515067703311,36.43739419989323],[111.25076398845952,36.43765327122565],[111.24982020720466,36.437807846859734],[111.24886422215087,36.43783845546872],[111.24779008255803,36.43783115269072],[111.24665558094365,36.43806508974627],[111.24524166991681,36.43905226685225],[111.2448252729527,36.439446813468976],[111.24385490460845,36.44012821841766],[111.24332516437225,36.44058709197697],[111.24284302049546,36.441169851307905],[111.24237347388768,36.442010091783935],[111.24221377681803,36.442849702047916],[111.24196638081668,36.4439589190071],[111.24158532669797,36.444794207674775],[111.2409528271886,36.4454392560987],[111.24009956728841,36.44627549203772],[111.23957059164638,36.4470037770451],[111.23905698499595,36.447934696105115],[111.23877932061897,36.44881745512986],[111.23882665980891,36.44981878032345],[111.23887429159555,36.45091547756911],[111.23893642672444,36.4519286942414],[111.23914551172768,36.45273894841325],[111.23939836155182,36.45338221083726],[111.23978436110136,36.4541324995058],[111.24006754250723,36.45503797652625],[111.24027668568012,36.45586014872261],[111.24032448918712,36.45700453070609],[111.24032680657123,36.45775558992245],[111.24075720574406,36.45856209726173],[111.24146753760971,36.459160041518494],[111.24195615406165,36.4596716825667],[111.24237128118114,36.46027884438307],[111.24259555573146,36.46120827602582],[111.24261317396484,36.462126206776944],[111.24267681641338,36.46360435986756],[111.24269465924522,36.464593819453775],[111.24256331033084,36.46507095125155],[111.2417231710512,36.465442226453284],[111.24032344697099,36.46623188032854],[111.23977961607406,36.466972115421555],[111.2393392772548,36.46777174774889],[111.23874313374763,36.468512502799236],[111.23844249926645,36.46894186256387],[111.23779625660798,36.469992254294525],[111.2360789307477,36.47139282020513],[111.23548425156002,36.471773160103105],[111.23420347786352,36.47290823429067],[111.23292295221034,36.474138666561245],[111.23198168453956,36.47529689634026],[111.2317030987469,36.47592928304931],[111.23180816970364,36.47651323775743],[111.23213466711198,36.47709676179613],[111.23302276118947,36.47789377907909],[111.23432424555789,36.47870189913492],[111.23580268708936,36.47943812669961],[111.23719243755806,36.48012682549982],[111.23812384679029,36.4805779912576],[111.23843476978371,36.480875410695575],[111.2385240395712,36.48110174217704],[111.23833289355399,36.481352477732244],[111.23787649427939,36.48175872241446],[111.23620545530767,36.48318146225925],[111.23526899328763,36.48357597499202],[111.23481281680283,36.48406565919413],[111.23435879008356,36.485270631836954],[111.23390553674695,36.4867378767725],[111.23345269572613,36.48834817855735],[111.23269747495041,36.48979940119476],[111.23185891676161,36.490573468945186],[111.23103330752883,36.49097563581954],[111.22993706622185,36.4917311967363],[111.22934769601079,36.49214243336098],[111.2284762661738,36.49304060803323],[111.22788936397825,36.49430064877205],[111.22731297364169,36.49512195344306],[111.2266782601556,36.496200870712066],[111.22619709137845,36.49727949433685],[111.2260218174345,36.497937897000305],[111.22541135240739,36.499245655762856],[111.22518892589049,36.499942294728136],[111.22530763517618,36.50014235258077],[111.22568680951025,36.50054220074102],[111.22571145881298,36.500895032428254],[111.22566528665575,36.50126707283799],[111.22545364752865,36.50161081340495],[111.22425085610034,36.502356985424214],[111.2229773531371,36.50317003866688],[111.22168913846777,36.50401171727771],[111.22077576167005,36.50477639068563],[111.21975983862951,36.505839285122136],[111.21896526456172,36.50685407735653],[111.21862822893566,36.50778457686289],[111.21867581824573,36.50895280116669],[111.21887102096197,36.510096911729434],[111.21930349734825,36.51158631105197],[111.21961689830283,36.51274212388351],[111.21986958113982,36.51331389234516],[111.22100914118244,36.514651880322276],[111.2218278830758,36.51640986550092],[111.22191857452152,36.5171369107777],[111.2217146943216,36.51815062003933],[111.22152534161096,36.51908085049784],[111.22126206597228,36.51998737495007],[111.22036431585427,36.52112158188251],[111.21915730457077,36.52259015287754],[111.21784675216267,36.52402313646933],[111.21737759366569,36.52527575111934],[111.21757807648666,36.52734331224396],[111.2175975578357,36.52749139368922],[111.21773635466931,36.530841760357994],[111.21757453103812,36.532650714642664],[111.21723748222007,36.533275338529556],[111.21678319757014,36.534587529447364],[111.21615421112699,36.536829912018845],[111.21577368813814,36.53811812291116],[111.21561343237269,36.53892907339722],[111.21525211902417,36.54075848283952],[111.21498832935566,36.54153147058469],[111.21461768647032,36.54213298091902],[111.21433473408104,36.54239099342618],[111.21394493393295,36.542477527914485],[111.21325299264265,36.54229279242975],[111.21240122081691,36.54200819739174],[111.21158463879964,36.54162339260327],[111.21091090568619,36.54161028029143],[111.2098125328984,36.54191263962911],[111.20844837043765,36.54227267585872],[111.20731562830673,36.54298993923155],[111.20607713410608,36.54395057332487],[111.20512250953304,36.54499654101816],[111.20485094394915,36.5458214264543],[111.2049734215502,36.54644518910923],[111.20519743555391,36.546512823517816],[111.20597876638026,36.54696926133343],[111.2071150899708,36.54756813540459],[111.20837577442505,36.54825261578],[111.20954844674756,36.54916613018205],[111.2109161832277,36.550079287106016],[111.2125500743626,36.551049177880074],[111.21310071465776,36.55140583939033],[111.21353829307847,36.552053334791914],[111.21373168914965,36.55256928062573],[111.21363768966971,36.55329225933723],[111.21376809274358,36.55416972245969],[111.21418561777631,36.55473689662426],[111.21453929488395,36.555355811832975],[111.21492669151782,36.556594216046776],[111.21515160698637,36.55692940147569],[111.215760424962,36.55723807631178],[111.21656231855097,36.55793361613985],[111.21723645104937,36.55870682883125],[111.21840871409047,36.55997968196234],[111.21890627196348,36.560794758306194],[111.21893900462234,36.56137184328019],[111.2182720002231,36.56181106603366],[111.21761722967591,36.56229865790219],[111.21653732148204,36.56295868750198],[111.21529810839465,36.56373344159287],[111.21398817242282,36.56459414301406],[111.21296313167848,36.565883493347364],[111.21271650661528,36.56741449830507],[111.21312879287518,36.56808627839502],[111.21330692882923,36.56837207461191],[111.21368077982711,36.56888641011982],[111.21423333133296,36.569886818722615],[111.2151413203361,36.57114408606041],[111.2159086073534,36.5728164668014],[111.21651550243601,36.57420301900979],[111.21714159782843,36.57610453892082],[111.21782214088067,36.57843512550196],[111.21827116742087,36.58042279453444],[111.21835777616586,36.58250123819137],[111.21788958288833,36.58349921414452],[111.21734254089483,36.58451591618663],[111.21650861366362,36.58638146977851],[111.21613176147766,36.58715647726254],[111.2160366768604,36.58768616587079],[111.21632380242973,36.58813710430665],[111.21698364492428,36.5893804978418],[111.2173219421321,36.5898233573389],[111.21766088708156,36.59049510490068],[111.21778627246469,36.590924045956164],[111.21792976138181,36.591481704488544],[111.21807272912675,36.591853389570396],[111.2183580238973,36.592367871056254],[111.21921122223908,36.592952836866345],[111.22066875516883,36.59393723774194],[111.22271325608166,36.59543552871244],[111.22411819413915,36.59660595823313],[111.22514914650496,36.597276380330065],[111.2263760257232,36.59820392257926],[111.2280123893178,36.59960275644334],[111.23039611645648,36.60171540550589],[111.2313392883637,36.6026577503937],[111.23164211296726,36.60305772007403],[111.23189192503457,36.60352931923777],[111.23201801039325,36.60415852131363],[111.2319308369726,36.604673693589135],[111.23174322559004,36.60498381470656],[111.2321428459555,36.60499060923698],[111.2326655181476,36.6049995106297],[111.23318818933772,36.60500841243528],[111.23354808978554,36.605074637169004],[111.2339079964369,36.60514086260423],[111.23425897846516,36.605303777908226],[111.23460995750057,36.60546669397985],[111.23491981136111,36.60575610471748],[111.2352296686506,36.60604551282262],[111.23553953271121,36.60633491468407],[111.23584939573821,36.60662431662521],[111.23612718557676,36.60698070534897],[111.2364049824505,36.60733709428693],[111.23668277182368,36.60769348166557],[111.23687462685021,36.60809961270706],[111.23706648726292,36.60850574700253],[111.23725835755228,36.608911890851026],[111.2372923346147,36.60911541495054],[111.23744078421146,36.60895684041722]]],[[[111.19421474528318,36.63686426754525],[111.19572878866293,36.63659475250289],[111.19752648786347,36.63619122963335],[111.19941819798817,36.63553956028256],[111.20034067004251,36.63532819750168],[111.2016414609695,36.63498266922734],[111.20244588493735,36.63488593508239],[111.20336904371909,36.634941584985164],[111.20424517139318,36.635111752662326],[111.20523968782157,36.63530078434509],[111.20675381445355,36.63508835211678],[111.20791251937217,36.63472392754621],[111.20937867378544,36.634282656180574],[111.21022974088571,36.633937824560824],[111.21089157336516,36.63363146886914],[111.21135022070644,36.63337223727872],[111.21216506564615,36.6319888368593],[111.21277854502264,36.63132015022892],[111.21395940723943,36.630440627563985],[111.21504600548104,36.62971385547789],[111.21584945435482,36.629292772943714],[111.2171259793625,36.628794526346695],[111.21852086752891,36.628315124298204],[111.21930029362304,36.6277796171997],[111.2203864241004,36.62691927919376],[111.22090513527758,36.62625072556632],[111.22174073139624,36.62590540669738],[111.22178904976623,36.62537505694382],[111.22211327593833,36.6245608619915],[111.22221497062343,36.62418791685912],[111.22228954088006,36.6239144456316],[111.22253682894463,36.623532938015394],[111.22328372071733,36.622259802973296],[111.22411004684609,36.62160973250827],[111.22484259597469,36.62126501802957],[111.22548059920956,36.62095862675866],[111.22602350180486,36.62049981919502],[111.22696714730685,36.619525245165114],[111.22795809229389,36.61855057396355],[111.22835899343308,36.61809202719345],[111.22883109983312,36.61770963901048],[111.22954009880992,36.61742216392894],[111.23020216709335,36.61726829337105],[111.2309583653645,36.61694256985742],[111.23147766096356,36.61652193177915],[111.23211575205325,36.61620921021674],[111.23225642104296,36.61583374798627],[111.23223178729654,36.61550953568509],[111.23204169955167,36.61524286796408],[111.2317329104876,36.61484291179576],[111.23142412461995,36.614442954789105],[111.23098885412186,36.61368220269353],[111.23113445985582,36.613380748910245],[111.23118302074332,36.61293656619666],[111.2320330128771,36.6123436164501],[111.2334510560119,36.61182584498465],[111.23420690021209,36.611404730190905],[111.23463231071116,36.61125130074169],[111.23569548352424,36.6107532751274],[111.2362619708241,36.610313447206764],[111.23692198115837,36.60951102303446],[111.2372923346147,36.60911541495054],[111.23725835755228,36.608911890851026],[111.23706648726292,36.60850574700253],[111.23687462685021,36.60809961270706],[111.23668277182368,36.60769348166557],[111.2364049824505,36.60733709428693],[111.23612718557676,36.60698070534897],[111.23584939573821,36.60662431662521],[111.23553953271121,36.60633491468407],[111.2352296686506,36.60604551282262],[111.23491981136111,36.60575610471748],[111.23460995750057,36.60546669397985],[111.23425897846516,36.605303777908226],[111.2339079964369,36.60514086260423],[111.23354808978554,36.605074637169004],[111.23318818933772,36.60500841243528],[111.2326655181476,36.6049995106297],[111.2321428459555,36.60499060923698],[111.23174322559004,36.60498381470656],[111.23135143310236,36.60563144048858],[111.23089123774085,36.60597443819986],[111.23012472167922,36.60662128127008],[111.22875037652754,36.607449988711636],[111.22817480040675,36.60770923627464],[111.22734314663134,36.607994783895926],[111.2269602824913,36.60846017200391],[111.22664190569692,36.60908032322148],[111.22581180968575,36.60990795933945],[111.2246300036909,36.61091695406593],[111.22395929910896,36.61151194838057],[111.22360871550562,36.61208052278305],[111.22341830526997,36.612674610850995],[111.22342613192089,36.61269546656145],[111.22361192038,36.61319053556645],[111.22370993432678,36.61396253768734],[111.22360660829565,36.61422452061045],[111.2235721500535,36.61458222479055],[111.22332338045702,36.614658555448784],[111.22289051125772,36.61461211287382],[111.22241668227542,36.614398414489386],[111.22185358272978,36.61399413904403],[111.22143822876032,36.613541899965156],[111.22108223566643,36.613161079008776],[111.22043117342454,36.61301922836096],[111.22004723776293,36.61321067937532],[111.21963501001575,36.613855192058956],[111.21869027684966,36.614452997028536],[111.2173018221922,36.61502776121305],[111.21650507108134,36.61567296350693],[111.21644765107065,36.61629297655223],[111.21653891380453,36.61719883274884],[111.2166889329534,36.61796152525847],[111.21669160187061,36.61891522679093],[111.21678184582558,36.620539066113395],[111.21657982843979,36.621252009328636],[111.21625526597136,36.62153871104408],[111.21546679874737,36.62172094375543],[111.21515037422786,36.62185392423248],[111.21447900274275,36.622268163066934],[111.21390384141912,36.622733856118366],[111.21339279381529,36.62322524555626],[111.2129787389421,36.624052044928064],[111.21284542768421,36.62450157866068],[111.21275661617815,36.62480105733793],[111.21253420677579,36.62544681291939],[111.21247199872266,36.6261180964338],[111.21212659012667,36.626858829485926],[111.21202624480286,36.627074019444095],[111.21167472698842,36.62735860180789],[111.2111630010025,36.62761765319005],[111.21061854137871,36.627618616878635],[111.2101381360041,36.62761946512565],[111.20956165086973,36.62762048046289],[111.20956227986197,36.627852808743825],[111.2096912257453,36.628162354079315],[111.2099161179138,36.628420100508116],[111.20999561489734,36.62852212413352],[111.21007681407328,36.62862633176218],[111.21020597586846,36.629013318926496],[111.20991877827281,36.62940104022055],[111.20973542222063,36.62958659903076],[111.20953549425633,36.6297889298229],[111.20873535081905,36.62999684875154],[111.20780695718393,36.63015335722942],[111.20694233571913,36.6302064900585],[111.20607750908201,36.63018217597005],[111.20486003170478,36.63002938993723],[111.20364235643517,36.6297991480802],[111.20277800980077,36.629955507901634],[111.20185040890604,36.630421740760646],[111.20124274516914,36.630758353873915],[111.20063574533809,36.63135310781414],[111.19964539101196,36.63233571463825],[111.19900554231519,36.63262074317663],[111.19842901952848,36.632621704762165],[111.19794831862703,36.63251924674958],[111.19602474306791,36.63179962627002],[111.19493504984021,36.631517456022834],[111.19472397362455,36.63154211205627],[111.1940385073077,36.63162217808847],[111.19336635509976,36.63180397043619],[111.19218161120376,36.63193495899215],[111.19212715873981,36.63192741598686],[111.19144469138742,36.63183288682424],[111.19032317640543,36.631628171012814],[111.18948998759831,36.631448797679234],[111.1887846666416,36.63116596008779],[111.18811131493932,36.630857253858146],[111.18734200782355,36.63060032266567],[111.18564314791521,36.63003506716338],[111.18455314656204,36.62959791660225],[111.1834318042882,36.629444762571104],[111.18285591225529,36.62970379120132],[111.18212054650435,36.63024701737334],[111.18173639012088,36.63032504859699],[111.18077512204269,36.630145809531605],[111.18010217139332,36.62999194300383],[111.17974962332376,36.6298892185815],[111.17939659864444,36.62957997837948],[111.17939576100362,36.62921857848503],[111.17923424741366,36.62862509271749],[111.1790089214965,36.628134958510046],[111.17868751402816,36.627644968866925],[111.17817371427903,36.62705200749474],[111.17762896362349,36.62692375089697],[111.17660522367463,36.62741574397632],[111.17526055900606,36.62762424503011],[111.17474748490292,36.627341041110924],[111.17375267891813,36.6264648075252],[111.17275801068492,36.62564019598368],[111.17150732793598,36.624893385896335],[111.16993618599935,36.62404376309482],[111.16881388195164,36.623399999162956],[111.16798021489844,36.62293651971571],[111.16775441862718,36.62218822053597],[111.16823092002969,36.62040635780804],[111.16833133568605,36.62006190432082],[111.16840640439273,36.61980439600695],[111.16851700255692,36.619425007899025],[111.16902769093693,36.61864985372774],[111.1691731544185,36.61840445453348],[111.16941055877159,36.61800395015015],[111.16960100196471,36.6172292473173],[111.16968289306023,36.61692595679955],[111.16988688340346,36.61617045088501],[111.17087752558652,36.615239716200186],[111.17196904756314,36.61416032158557],[111.1723153542542,36.613817854071705],[111.17234484979231,36.6126819776793],[111.17246115262296,36.611531907767294],[111.17250150239207,36.61113288574668],[111.17248594832037,36.61112076809915],[111.17266079924752,36.61077125453947],[111.1727234992605,36.610715912062],[111.17301232936177,36.61046097139918],[111.17381166850116,36.60994351966175],[111.17454754266765,36.60968429980925],[111.17490730077435,36.60922321474846],[111.17493066905445,36.609193264385375],[111.17528148305087,36.6085732039555],[111.17521458320817,36.60730839544794],[111.1753085943409,36.60640475172204],[111.17541953592746,36.60564154552855],[111.17546623015157,36.605320314612406],[111.17578398256724,36.60473181300519],[111.17591260500066,36.6044935930774],[111.17611216900637,36.604224308581344],[111.17708636660377,36.603798123765856],[111.178481669273,36.60358622687942],[111.1790489164397,36.60335648521584],[111.17907361732073,36.602955321237864],[111.17914273212051,36.60291410098907],[111.17914076241661,36.60206222787233],[111.17897173211524,36.60066714056877],[111.17885138002681,36.599770833805074],[111.17891499569343,36.59841210635524],[111.17900201168358,36.59822000268996],[111.17934360786126,36.59746585584309],[111.1801399515908,36.59573508605109],[111.18103320595333,36.59439137984132],[111.1816385525158,36.59315136322653],[111.18212026663416,36.59154489770878],[111.1823532131188,36.59001860331597],[111.18251505778137,36.58843519436526],[111.18260643255057,36.587061709670785],[111.18243605268208,36.58594285352705],[111.18289902527917,36.58465646473617],[111.18305718459229,36.58385597257723],[111.18316525448645,36.58332230031375],[111.18309294984996,36.58275018381787],[111.18273697211293,36.58223572509756],[111.18209607069359,36.581244844855036],[111.18152591293057,36.58015848151415],[111.18083796735223,36.57926303662534],[111.18005455315719,36.57798624646582],[111.17960039640556,36.57590783606035],[111.17952719796696,36.574935157865895],[111.17935856993168,36.57360021286546],[111.17917016861283,36.57123948274304],[111.17938784077724,36.570181250217765],[111.17991900966429,36.56950785753952],[111.18042865663173,36.56847450406402],[111.1811945487789,36.567544016982644],[111.18259879872734,36.565436811641455],[111.18255238872844,36.565440003383536],[111.18224731640767,36.56546098201486],[111.18222057794978,36.5654628206725],[111.18168588583713,36.565452467864894],[111.18115119386326,36.56544211536237],[111.18061650091944,36.5654317667712],[111.18008180699937,36.5654214193879],[111.17962085443628,36.56540723769676],[111.17926140024318,36.56543751925343],[111.17890194352866,36.56546779882919],[111.1786348754772,36.5655871669111],[111.17836780882813,36.565706530786706],[111.17790747346073,36.56596745813978],[111.17744714173291,36.56622839992306],[111.17698635220782,36.5662885623508],[111.1764516115846,36.5662595873753],[111.176147367777,36.56624515572499],[111.17584312409777,36.56623073140823],[111.17530860051166,36.566298429641876],[111.17484650037075,36.56635694473949],[111.17472979225244,36.567084106235875],[111.17466298826193,36.56733326760512],[111.17450386273133,36.567926751707674],[111.17443908132046,36.56866961399415],[111.1743650417605,36.56940601766047],[111.17404203674805,36.57036020450263],[111.17383736871531,36.57136190378975],[111.1738100526251,36.572363343226876],[111.1737971428707,36.57319786204428],[111.1737559804879,36.57461657258284],[111.17406920334557,36.57587978592114],[111.17427915883998,36.577226600640884],[111.17451771756552,36.57814420060245],[111.1749627882206,36.57887075433825],[111.1756599034859,36.57993073549518],[111.1762388144369,36.58100280842426],[111.1769946309566,36.581860029828164],[111.17735135539857,36.58271784163386],[111.17779620449126,36.58332517030369],[111.17815319114726,36.58429027112628],[111.17811007665752,36.58482679932039],[111.17750756394697,36.58508782414558],[111.17688402058056,36.58521010994543],[111.17584996081857,36.58552159654984],[111.17525909594295,36.585713209223336],[111.1745798556615,36.586048005049875],[111.1741669639976,36.58650162225853],[111.17415297248077,36.587021801002855],[111.17409437187956,36.5871082855785],[111.17397513758202,36.58797379833673],[111.17414226971874,36.58866976348362],[111.17462846198326,36.589250816066766],[111.1751496466599,36.58961246244789],[111.17529221188397,36.58989836592244],[111.17549417066932,36.59029862789058],[111.17561301991057,36.590555954560074],[111.17544809392994,36.59084231134256],[111.17518740250307,36.591029932534084],[111.17451449217491,36.591158406201075],[111.17363933234293,36.59116922203577],[111.1732376482565,36.59136054881855],[111.17293106647391,36.591771089879096],[111.172720187836,36.592335465301964],[111.17254547307418,36.592708915045336],[111.17243301215262,36.59293200075751],[111.17236177897725,36.59371271617921],[111.17243543254509,36.59492143866184],[111.17273929337352,36.59593670086785],[111.17288288271656,36.59668038671618],[111.17293773509581,36.59740989545069],[111.17292127046198,36.5979821455985],[111.17265864746757,36.59842034358537],[111.17266274114873,36.59845943100524],[111.1725593517168,36.59894199457426],[111.17238938124952,36.59937871051306],[111.1717459964202,36.60045932912421],[111.17130109728888,36.601118502248426],[111.17045003761649,36.60237277172533],[111.16969806010374,36.60332755448093],[111.16912571583052,36.60490852037072],[111.169142316719,36.606129865694946],[111.16914395660059,36.60688090943257],[111.16901360915752,36.608132836696406],[111.16862886843597,36.60913609179409],[111.16858389938106,36.60936169469055],[111.1684331143816,36.60990558041348],[111.16816819893792,36.610380708691096],[111.16802086583579,36.61061159223985],[111.16774954292467,36.61163950154511],[111.16746947900528,36.6122960309599],[111.16670328311358,36.61333380204914],[111.16609867446294,36.61412145504258],[111.16512369331849,36.614599664424084],[111.16416353848078,36.61510168683452],[111.16321760633078,36.61534141339085],[111.16237545985108,36.6157121258116],[111.1616073957877,36.616154259779826],[111.16188802400258,36.61598697968737],[111.16061762254958,36.61665629460077],[111.16013044567904,36.617062275635334],[111.15976166949726,36.61751578156971],[111.1593042311657,36.61800516931834],[111.15924576408504,36.61833904481262],[111.15917992274689,36.61875440932404],[111.15915495866216,36.61891190053817],[111.15917577999747,36.620035644649],[111.15929656477202,36.62123715390057],[111.15941625254014,36.621904589040106],[111.15982037341381,36.622800531140086],[111.16029490165194,36.623410266439144],[111.16076951659751,36.62405814755546],[111.16143380836576,36.624877436722485],[111.16224017746104,36.625734676567255],[111.16316472718353,36.62651545327725],[111.16373371978908,36.6270105996233],[111.16420745499461,36.6272197632327],[111.16517843528906,36.62756175463858],[111.16650414904244,36.62778879930319],[111.16794856759135,36.628187327776125],[111.16889582791178,36.628491175271655],[111.16991417440533,36.62883306081558],[111.17114619077749,36.62947981733841],[111.17178663438314,36.63014648891615],[111.17245058502739,36.6307368272515],[111.17301979703889,36.631289150690684],[111.17347043024913,36.631727199642675],[111.17413474952882,36.6324701210046],[111.17484641502372,36.63321296817939],[111.17577057463821,36.633726608943036],[111.17655287595352,36.634297674963356],[111.17735811175714,36.63454444204088],[111.17842272216032,36.634371185910496],[111.18014986101915,36.63413969723001],[111.18147519400051,36.63413768584193],[111.18346364597821,36.634325381302816],[111.18483690713535,36.63457122174369],[111.18635295989154,36.63514108260651],[111.18803470497156,36.63571066269834],[111.18902956287072,36.63605242219144],[111.18997718894724,36.63643239646967],[111.1911378311843,36.636812021610254],[111.19203804746131,36.637153906781975],[111.19319780569687,36.63717110604601],[111.19421474528318,36.63686426754525]]]]},"properties":{"code":"SXNR-N07","name_short":"五鹿山","name_full":"山西五鹿山国家级自然保护区","zone":"buffer","area_km2":49.756,"feature_count":2}},{"type":"Feature","geometry":{"type":"MultiPolygon","coordinates":[[[[111.24239279080786,36.611429779933474],[111.24382219194314,36.61054181823543],[111.24457784531354,36.61008249014756],[111.24507348209805,36.60969998901519],[111.24606492164348,36.60899220342525],[111.24712811114331,36.608532223697516],[111.24802543229488,36.60799628302242],[111.24915901942047,36.60736447152689],[111.24977235337231,36.60681003751973],[111.2511888149407,36.60587242716372],[111.25206223396187,36.60527928395428],[111.25272203752456,36.604476772382185],[111.25283795887873,36.60375170809532],[111.25318995098358,36.60287354955914],[111.2533036795303,36.60234265798083],[111.25342296356175,36.601785826827644],[111.25325612096404,36.60140469814161],[111.25282849764223,36.60085245544298],[111.25204535528515,36.60009114736695],[111.25112035485878,36.599349206547274],[111.25007838582688,36.599008062809894],[111.2492721854389,36.598418451918796],[111.24882089109094,36.597847169540096],[111.24792039608445,36.597353117538624],[111.2468545703871,36.5969356981356],[111.24591705604576,36.596142431320914],[111.24588034951975,36.595564369905766],[111.24573751382691,36.59527855208572],[111.24538166729472,36.59495502388666],[111.24396185118856,36.594786271047084],[111.2424005309213,36.59475130769292],[111.24119426900057,36.59479190376107],[111.24001136416763,36.59473706916767],[111.23856831958187,36.594701817375714],[111.2374327859715,36.59466593682276],[111.2365689052539,36.594706946187856],[111.23549328843889,36.59472700716641],[111.23523251030949,36.594536780158755],[111.23539704895803,36.59419311939141],[111.23608221211637,36.59392472617878],[111.2364838696186,36.59377133597618],[111.236671567623,36.593474233621926],[111.2366698993462,36.59272188614057],[111.23636076966974,36.59218842150267],[111.23567226243844,36.59169348261337],[111.2353649371232,36.59140834939586],[111.2354108533521,36.59095047754937],[111.23566970706717,36.5905112593021],[111.23595215213534,36.59005292018655],[111.23620450929955,36.58951020655302],[111.23635163793114,36.58919378870075],[111.23625528223755,36.58862175328081],[111.23587538860903,36.58814565068638],[111.23556721022965,36.58791736897883],[111.23507016111684,36.587803905120836],[111.23464459126757,36.58786196619858],[111.23414875375167,36.58814905497253],[111.23372490664876,36.58877933589725],[111.23351323797549,36.58918030865668],[111.23339618036191,36.58958109669724],[111.23311308972694,36.58982961536703],[111.23255582953544,36.589693504065764],[111.23252033356434,36.589353918264486],[111.23263728088541,36.58891498320548],[111.23291339323457,36.58851502871905],[111.23303691237223,36.58809401130897],[111.2329882892007,36.58765539940406],[111.23244216821719,36.58695071934028],[111.23154247361101,36.58664728209503],[111.23080886229592,36.58651518611165],[111.23017071007095,36.586669013335786],[111.22965115447006,36.58693705477519],[111.22930198940797,36.58704377889169],[111.2291065344828,36.586728286075214],[111.22912934127218,36.586442129311955],[111.22922265240146,36.58600324279698],[111.2294579292485,36.58558315657876],[111.22952798085285,36.58527783423288],[111.2295976364891,36.58483899289196],[111.22968784199153,36.583791632800406],[111.2294255844751,36.582645787700635],[111.2291873843377,36.582074018758355],[111.2286167305042,36.58104510534301],[111.22771911559299,36.579879744606295],[111.22759472173996,36.57953657055523],[111.22723588289047,36.57894242604403],[111.22745585097954,36.57834593562521],[111.22785996249138,36.577540468961985],[111.22788107798173,36.5774985560209],[111.22819060185378,36.57688415926558],[111.2283727277033,36.575989704725735],[111.22861499585241,36.574646840128004],[111.22829154336937,36.573516166170194],[111.22773536566089,36.57286155223084],[111.22703148753884,36.5722370205541],[111.22614296134032,36.57164263862055],[111.22540207151314,36.57098836287307],[111.22452173644436,36.57020597332586],[111.22450195264258,36.570188390481825],[111.22473731811601,36.569806461435256],[111.22532254623529,36.56905128165639],[111.22583903681057,36.56878207293441],[111.22650322902595,36.56848277695003],[111.2273336756872,36.568161150770734],[111.22771134790896,36.56793153806179],[111.22949246788596,36.56728491733168],[111.2309329635684,36.56713311781091],[111.23181996038555,36.5672208072144],[111.2327443534497,36.567457435009054],[111.23352159062644,36.56790296911653],[111.2344623521296,36.56847666739626],[111.23563148704804,36.569180370381865],[111.23626114753061,36.5696857852013],[111.23726084762964,36.57036928137551],[111.238259924501,36.57084414526341],[111.2393611429302,36.57084222864103],[111.24094772502532,36.570171144286334],[111.24190671279918,36.56963273872485],[111.24301413288386,36.569302647137405],[111.24401173088242,36.56930060949677],[111.2446031826188,36.56938880823116],[111.2452325249757,36.569774960987466],[111.24586206364204,36.57022071803466],[111.24675053414359,36.57075534589132],[111.24712002212553,36.570754580576484],[111.24771063068376,36.57057453344372],[111.24848597959998,36.57039409937716],[111.24885450965363,36.57009529494596],[111.24951737725918,36.569408428105916],[111.24988474545712,36.5687519799283],[111.24995720062651,36.568304775214706],[111.25021391137336,36.56770816593886],[111.2505083351688,36.56734990462439],[111.25098749010564,36.566991253814585],[111.25157806209367,36.56681118845196],[111.2525380013726,36.56660053385466],[111.25349705892621,36.566121641086816],[111.25460408559788,36.56570203277776],[111.25552528964327,36.5649549730369],[111.25659593422985,36.56471424484829],[111.25751789870436,36.56420559589626],[111.25910566456415,36.56393392442053],[111.26017598394952,36.563603753995174],[111.26135622621972,36.56300510154211],[111.26235102093837,36.56219822034968],[111.26345763978115,36.5616891189194],[111.26434349273548,36.561448729334764],[111.26508197175697,36.561327876245414],[111.26630031273241,36.56108673244787],[111.26726085914662,36.56108458320383],[111.26822161150413,36.561142032970785],[111.26899743767812,36.5611402851404],[111.26992072936582,36.56104878769578],[111.27084287563474,36.56062944603902],[111.27165344931956,36.56000172713393],[111.27261042198381,36.558986221076104],[111.27345675178323,36.55803056825233],[111.27380683917802,36.55757436593266],[111.27384199378062,36.55706762453924],[111.27398744772341,36.55641161066415],[111.27428087508966,36.55581486441095],[111.27453725234076,36.55518839906452],[111.27471942699073,36.55447269318713],[111.27493875008972,36.55381650767703],[111.27563734021454,36.5528909829095],[111.27615217031682,36.55223411246022],[111.2768519011066,36.551636417875706],[111.27721927478689,36.55106929503147],[111.27777144397724,36.550531545237135],[111.27872907754107,36.54975441654341],[111.27917137622588,36.54948514896532],[111.27998348627013,36.54933422663713],[111.28090835080856,36.54971949901216],[111.28217763272428,36.550125750203144],[111.28297821826766,36.55007224790695],[111.28341995983904,36.549653948572036],[111.28367656990721,36.549116872620885],[111.28385930018854,36.5485799728676],[111.28374663389916,36.54807357971181],[111.28363407798649,36.547596988902676],[111.2830780579922,36.54706184506536],[111.28244838709395,36.54658647947863],[111.28185533738619,36.546021613848616],[111.28115234866122,36.5456954329453],[111.28052302480057,36.545309468150876],[111.27963483032835,36.544834695375506],[111.2785996507445,36.54456888518321],[111.27771254135175,36.54439213319587],[111.27686258569975,36.54427489481079],[111.27638156871565,36.54403758112331],[111.27604755534503,36.54359130037004],[111.27589875318286,36.543293607836475],[111.2756388282643,36.542906760923586],[111.27530408547635,36.54225185380678],[111.27515338776888,36.54141769897093],[111.27510317182502,36.54100533189066],[111.2749828542044,36.540404767334174],[111.27470747574333,36.53940399813134],[111.27440893862418,36.538536802909015],[111.27412108293518,36.53734531709006],[111.27395236067639,36.536420598038404],[111.27408304348585,36.535425962757415],[111.27406669173968,36.53449143933169],[111.27406479878523,36.53395497732507],[111.27422506512251,36.53332277019794],[111.27462088369488,36.53246351290852],[111.275105747752,36.53172326292945],[111.27538168356617,36.53038741932518],[111.27534850638008,36.52936224775319],[111.27525767932019,36.52874253952439],[111.27517461492275,36.52816754277974],[111.27496036943845,36.52802179359147],[111.27361300786953,36.52731574476712],[111.27312434286473,36.52697114172909],[111.27273861901897,36.526495163978694],[111.27250031696994,36.52593539799682],[111.27201012132971,36.52514969816774],[111.27161227497956,36.52485879571731],[111.2713437278585,36.52466243413661],[111.27093023154781,36.5246872176625],[111.27001490281387,36.524820429762734],[111.26901156672079,36.52513265608028],[111.26855486678839,36.525479408425056],[111.26837905800812,36.52589705710614],[111.26844329425734,36.526281926796266],[111.26838243487802,36.52687461222443],[111.26831051423024,36.52743508466387],[111.26814988235955,36.52797191292673],[111.26800393726904,36.52848486527341],[111.26757720747007,36.52896268367709],[111.26724174802555,36.529098099292284],[111.26638230204895,36.52831320256398],[111.26514979498477,36.52753752455337],[111.26475023980257,36.52732382546468],[111.26306498795569,36.526934144969054],[111.26231166009528,36.526935804105506],[111.26148483635814,36.52704491252612],[111.26105699369481,36.52720082975084],[111.26089547138811,36.52748729874175],[111.26073498816754,36.52808372523792],[111.26051581608239,36.528799493861],[111.26031280961354,36.52993247948528],[111.25978549377244,36.531268835720034],[111.25911051590639,36.532629354696006],[111.25838961130098,36.5335131090939],[111.25781550603116,36.534122346942205],[111.25693721553303,36.534232371367445],[111.25627865198072,36.533970680325986],[111.25611470016882,36.53352993735426],[111.25599463550124,36.53295796358561],[111.25590411547381,36.532385926249184],[111.25618199603342,36.53153890397359],[111.25629820498733,36.530942579023886],[111.25641468875939,36.53042970440536],[111.25658856385915,36.529404081844476],[111.25670461014117,36.528760071325756],[111.25682057459528,36.52809221814121],[111.2567153384579,36.52747303465789],[111.25659601126735,36.52718666668117],[111.25607807674812,36.526901664191186],[111.25513213597658,36.52672486864087],[111.25436403764921,36.52672650916989],[111.25335983462905,36.52680017542996],[111.25239990485524,36.526861818221896],[111.25147001816008,36.52707836911194],[111.25027663375872,36.52708709085912],[111.24992180370207,36.5267513502539],[111.24948746326776,36.526081126779744],[111.24938203743334,36.525449507317646],[111.249350544845,36.524841575835445],[111.24954068817526,36.52425702438319],[111.25005700926953,36.524053277556625],[111.2510757578744,36.52392000090188],[111.2517699745364,36.52391853756921],[111.2524933854714,36.523809714526465],[111.25312832546885,36.5237487611484],[111.25410232374308,36.52348441705539],[111.25476597948193,36.52317304200545],[111.25516305878071,36.522647646949466],[111.2552209265677,36.52227795609663],[111.25510033844802,36.52153908079424],[111.25443025483106,36.51927085287626],[111.25367433184958,36.51789766493789],[111.25305067700772,36.51687373963351],[111.25210157940532,36.51568359558848],[111.2515939964317,36.51521981716845],[111.25122319313344,36.51485622897775],[111.25061329314703,36.51425818439111],[111.25018512958815,36.513381658657934],[111.2493793316615,36.51263944255271],[111.24850199062725,36.511687550648524],[111.2479802009617,36.511078253266064],[111.24788416398312,36.51060159181832],[111.24802520684017,36.51037240458601],[111.2482839667668,36.510009451812614],[111.24899172850719,36.50966463598352],[111.24967616141707,36.50941523754355],[111.25007698754673,36.50914735619699],[111.25061890449737,36.50866935688423],[111.2508302665214,36.50826834860507],[111.25125384818078,36.50773337269175],[111.25151202892684,36.50719874315938],[111.25219544204504,36.50664414100974],[111.252878721335,36.50605138570772],[111.25337402900124,36.50578329287293],[111.25441126400361,36.50505625505288],[111.25507094766446,36.50448261215467],[111.25570749735014,36.50406161134512],[111.2565566806782,36.503640149147294],[111.25728797462031,36.503295234190794],[111.25768830046584,36.50289380582048],[111.25825369043909,36.50239664693155],[111.25867744180661,36.50193794112786],[111.25895930586556,36.501441393242786],[111.25916869828272,36.50046813947506],[111.25918990863615,36.49974326334668],[111.25895168397237,36.49915247113519],[111.25847733756773,36.498600339693475],[111.2579788663445,36.49789566213576],[111.25743340756236,36.49726738196617],[111.25700652143934,36.496772365462085],[111.25623185301701,36.49621883654858],[111.25568121961017,36.49606945623039],[111.25563246654686,36.4956117724088],[111.25605506644546,36.494809737317205],[111.25694881235141,36.49360612194614],[111.25753649967942,36.492727426614245],[111.2579591920343,36.491963532925745],[111.25840644873095,36.49148570267576],[111.25892406182044,36.49085512155618],[111.25946452503162,36.48999559365941],[111.25998128991698,36.489117040956494],[111.26054509637297,36.488181159709086],[111.26092087417325,36.487531804468],[111.26186208937709,36.4864424943165],[111.26268510733038,36.48533436294594],[111.26334417712421,36.48464622713271],[111.26421556282317,36.48388131936298],[111.2644853038647,36.483307350145886],[111.2649676591719,36.48277332799617],[111.26541488635809,36.48231454489384],[111.26541358522134,36.481933056908666],[111.26538742781166,36.48118920807048],[111.26514914886015,36.48057935257986],[111.26476883206139,36.479874438568515],[111.26429320261349,36.478921765264666],[111.26410152968803,36.47812105862231],[111.26376711416094,36.477015473456404],[111.26357500043065,36.47608124463067],[111.2634771691865,36.475089582707],[111.26345064564639,36.47423128612167],[111.26356712068268,36.47375416421736],[111.26387169334542,36.47302865795144],[111.26443611508108,36.472321649288745],[111.26511913083333,36.47176697147519],[111.2656368184266,36.47121265692322],[111.26627238716266,36.470600854387946],[111.2667188172017,36.46993224761512],[111.26697630980149,36.4692640610128],[111.267280243998,36.46836687511003],[111.26727860698449,36.46789001453062],[111.26760647617047,36.46708814650809],[111.26774548057098,36.4663057770982],[111.26771760195426,36.46506599048228],[111.26757322464692,36.464284256331275],[111.26757027525514,36.463425905431244],[111.26756791583341,36.46273922516268],[111.2676072140631,36.460431109145595],[111.26732162380341,36.459783212981726],[111.26682358599042,36.459154865152094],[111.26691640381925,36.45867779173678],[111.2673409817069,36.45854331910373],[111.2676002013702,36.45839014181443],[111.26781212782639,36.458217994292355],[111.26809397276772,36.45777864540689],[111.26839890173567,36.4571866474885],[111.26879814451462,36.45655628659859],[111.26912654418895,36.45592608406959],[111.26931353018128,36.45537249751885],[111.26924104576692,36.454895795778604],[111.26909798941651,36.45449555087614],[111.26862443734399,36.45411512489515],[111.26791470831981,36.4537161524292],[111.26683934067202,36.45338531678104],[111.26588189789132,36.45307216085481],[111.26550405068512,36.45305392698348],[111.26484260800541,36.452960022746886],[111.26418123047222,36.45288519050586],[111.26351953156593,36.45271498076132],[111.26299963269436,36.45258260481641],[111.26255056912417,36.452450071719255],[111.26238374862194,36.45199264696564],[111.26238162862246,36.45136318850799],[111.26237912325087,36.45061928223481],[111.26237732458256,36.4500851966159],[111.26230475926843,36.44957034049098],[111.26225554752266,36.44897913418584],[111.26227742435587,36.44846407042281],[111.2623700019139,36.44791070229058],[111.2625814616535,36.447605043034],[111.26300592250847,36.44745151100118],[111.26347101873927,36.44751072906136],[111.26465543810706,36.44695852010114],[111.26556325091745,36.446408188377646],[111.26678691741046,36.44596506309819],[111.26840519107294,36.44553393523666],[111.26918359973406,36.44533189891213],[111.26995751990638,36.44491784909073],[111.27067760304703,36.44412284301656],[111.27095977924387,36.44379793350748],[111.27128804187834,36.4431486491953],[111.27171172960693,36.44278526722721],[111.2722534536339,36.44242161460966],[111.27347840004208,36.44165582802079],[111.2743024613975,36.44102447338439],[111.27554955730436,36.4398580461334],[111.27611458035533,36.43941802322976],[111.27715058614532,36.43865263557605],[111.27752660013091,36.43817489557024],[111.27820847551078,36.4374103213273],[111.27877373868888,36.43704658316883],[111.27960813595172,36.43667132172991],[111.28044171381269,36.43692703656246],[111.28162322225857,36.437252101706186],[111.2827677469076,36.437547438509284],[111.28402293690864,36.43784250018076],[111.28498250573192,36.43798923451859],[111.28590453646328,36.43795722578732],[111.28645760072163,36.437896291609526],[111.28689858238351,36.43744817045314],[111.28730267380477,36.43700013552503],[111.28744856475348,36.43655272205491],[111.28763013018565,36.4357773760457],[111.28762815068274,36.43524090486706],[111.2878473656956,36.43467409722429],[111.28810313090085,36.43401778735757],[111.28835834062498,36.433212457973156],[111.28854066049198,36.43264573799149],[111.2889081661804,36.43228719845505],[111.28942297827581,36.431868693204464],[111.2901219745996,36.4313901289206],[111.29030505540962,36.43103203393808],[111.29030327979267,36.4305551704033],[111.29019041483615,36.429959360807004],[111.289930690392,36.429542732336444],[111.2895964320831,36.42891765522141],[111.28907887778423,36.42859106265427],[111.28815475637305,36.42802701657554],[111.28715688698767,36.4274631406521],[111.28627000033714,36.426988402155715],[111.2849767907476,36.426335802792195],[111.28416249526884,36.42553302914219],[111.28327521678034,36.42493905199805],[111.28190841441139,36.42431639790915],[111.28050443440655,36.42360440255774],[111.27935756093098,36.42259374642155],[111.27869204592535,36.422118433825624],[111.27776828841628,36.42161391328439],[111.27688131471884,36.42107949684334],[111.27614017339994,36.42006786771814],[111.27506821303012,36.419355039409496],[111.27425451274652,36.418671411888],[111.27355155992846,36.418017330280406],[111.27241856554024,36.417006991658695],[111.27229769948883,36.41618705316577],[111.27172717562506,36.4150057184029],[111.27033167616867,36.41411237199988],[111.26884115490265,36.41302847542351],[111.26765713400728,36.411848500004],[111.26663944718248,36.41099241157164],[111.26585809168273,36.41023116272703],[111.26531266859315,36.40945031057403],[111.2648381149602,36.4086883728127],[111.2644589315092,36.408212343161],[111.26433874593327,36.40756406648959],[111.26447839193553,36.40699151380208],[111.26461822996541,36.40647618564428],[111.26464033976703,36.40603741574564],[111.26419095962758,36.40573321426613],[111.26324707667405,36.40573529855886],[111.26220861392872,36.40568035880623],[111.26083953757579,36.405549833227504],[111.25876268369761,36.40545897770753],[111.25677965656767,36.40519621058839],[111.25508049016058,36.40514262757163],[111.25415927906752,36.40485846921659],[111.25323726999375,36.40432633404384],[111.2517243142579,36.40347116609397],[111.25023517158994,36.40267315412928],[111.2491471294141,36.40185521229246],[111.24725649400966,36.40092447597557],[111.24522523050591,36.40028012010217],[111.24324267655054,36.40011250122568],[111.24154345304363,36.40000150020788],[111.2400106921931,36.400309788022966],[111.2386902194961,36.40059855610958],[111.23515421826052,36.40171191022641],[111.23272651273354,36.40261318188906],[111.2306285931768,36.40334209384505],[111.22888419383374,36.4039367690749],[111.22831860084858,36.40418582411783],[111.22801217864907,36.404300858202],[111.22772896186973,36.40428232350239],[111.22768104547411,36.40403444243074],[111.227443133563,36.40336727782517],[111.22680481049116,36.40294884532547],[111.22600087906295,36.4023781248897],[111.22533782006896,36.401559160716204],[111.22448639354116,36.4008740707693],[111.2236342703653,36.39994100333385],[111.22238192118864,36.39931387256551],[111.22138962452699,36.398857919999756],[111.21987878754248,36.39859366318473],[111.21836854879218,36.398539209549135],[111.21685384954426,36.39825232010289],[111.21594829370177,36.39829488935469],[111.21447990820901,36.39836390295803],[111.2121623941461,36.39830242246556],[111.21128606843773,36.39833458602814],[111.21051452294958,36.39904384230432],[111.2097074439956,36.40053548372143],[111.20937834902999,36.40154941040345],[111.20897686515731,36.40307013900745],[111.2084999523414,36.40396510461123],[111.20798592124717,36.40477071956258],[111.20620730766245,36.40700689781259],[111.2052662905467,36.408105320090755],[111.20473687049167,36.40869039459926],[111.2040020806667,36.40970500096135],[111.2029738696801,36.41132811126615],[111.20250402740113,36.412151509481816],[111.20246193576786,36.41247545950494],[111.20228711305266,36.4138209210586],[111.20240780275883,36.414857907767086],[111.2025286803353,36.41596642416615],[111.20270868714107,36.41712252703993],[111.20302244813874,36.41865989843163],[111.20322379026871,36.419694022962865],[111.20326613298644,36.42160415078673],[111.20341715917013,36.422951048381556],[111.20347918264832,36.42410734963753],[111.20370294976391,36.425060705744215],[111.20383783505623,36.42587115265222],[111.20384032817843,36.42682488575639],[111.20372452241998,36.42767152490421],[111.20363924634812,36.428911528094616],[111.2035095046194,36.42966116544147],[111.20329043613484,36.43092689177096],[111.20305727580859,36.43203600688826],[111.20297232611742,36.433407147742194],[111.2027102360901,36.43474282362437],[111.20255042336946,36.435696830825165],[111.20234702490278,36.436913188755256],[111.20209886313623,36.437938874780116],[111.20173398500343,36.43947739009262],[111.2011316295543,36.44047982864296],[111.20058800389197,36.44137486987273],[111.20044226300686,36.44207849413848],[111.2003117035586,36.442948995697826],[111.20032921679929,36.44402191793933],[111.20042047841685,36.445082794680594],[111.20046781294775,36.446274883337026],[111.20035566545803,36.44677560374857],[111.19943323627346,36.44709844512511],[111.19880629630768,36.44701439209486],[111.1977797702606,36.44679123232695],[111.19689368710256,36.44650657727997],[111.19597827891324,36.44629349374043],[111.19494530535553,36.44627134118102],[111.19421211778852,36.44638166912674],[111.19315500140212,36.44600127503038],[111.1921987058937,36.445465120407256],[111.19151865123473,36.444941659593674],[111.19019005948815,36.444705349798305],[111.18936455655592,36.445040469923036],[111.18904120421793,36.445565536204334],[111.18833598097285,36.44683034915145],[111.18833805572123,36.447688706278264],[111.18857605899755,36.44847516176986],[111.18863762460705,36.44952417144145],[111.1887880777327,36.45071610108395],[111.18873124643369,36.451622237690565],[111.18876260857488,36.45238517491062],[111.18909015776775,36.4535768234038],[111.18950579802623,36.45457758340794],[111.19033425701305,36.45541078152632],[111.19136922512824,36.45619595688175],[111.19237440419545,36.45686195354892],[111.19458987875839,36.45757366154194],[111.19668648465854,36.457951718092545],[111.19901912108165,36.458281658501875],[111.19965605920454,36.45837211959734],[111.19998226995457,36.45896765581529],[111.19970142031845,36.459615744003145],[111.19984998372766,36.45999698817725],[111.20005750444564,36.46032055084304],[111.19982787585417,36.460583571251895],[111.19812879838118,36.461025117658075],[111.19600474735829,36.461505492834526],[111.19461237526698,36.46185111417831],[111.19397555133212,36.462157344841664],[111.19310381070315,36.46295989362011],[111.19253937182656,36.463895461313335],[111.1920933740992,36.46498343392452],[111.19230779430546,36.46574607368184],[111.19304275450533,36.4669084394641],[111.19394224156459,36.46774626552902],[111.19400277890294,36.46834701483289],[111.19341460166741,36.46924447737952],[111.1929937600506,36.470961872745285],[111.19309045277195,36.471858223850326],[111.19387300470525,36.473134951846724],[111.19548173132378,36.47421957980189],[111.19702018028397,36.47551412174457],[111.19852310423435,36.476751481635716],[111.1994242327674,36.47816149774524],[111.19989950459147,36.47928610346957],[111.19964360468768,36.48081249891313],[111.19910351971276,36.48205324623004],[111.19816011392399,36.482607980648716],[111.1968886639647,36.48302225661276],[111.19501384448101,36.48307572089561],[111.19437689985986,36.48340102788078],[111.19303340512053,36.48456675849864],[111.19199624260125,36.4854458606381],[111.19115918655498,36.48605759194207],[111.19052271180313,36.48659269701517],[111.19000485165124,36.48733743023876],[111.18955766092517,36.48800575049035],[111.18856682773051,36.48854140830904],[111.18724489682891,36.48892498112517],[111.18596470290939,36.48948014403945],[111.18511624202709,36.49030166803977],[111.1842204271983,36.49108511390957],[111.1834420794458,36.49160132412158],[111.18197730610466,36.49154634445801],[111.18069943721417,36.490594558258266],[111.17982261242217,36.48939418536034],[111.17861663538397,36.48886191064649],[111.17769483825893,36.488634390841156],[111.17615969073226,36.4887701900064],[111.17472000955871,36.489344542565185],[111.17405931499405,36.489674545536744],[111.17356374853466,36.48990416170569],[111.17288247082307,36.490250560328924],[111.16919934352893,36.49119049456551],[111.16669676349873,36.4918806998314],[111.16565863547739,36.49249253176468],[111.16511590201836,36.49277940181711],[111.1640369786662,36.4931534666788],[111.16345527006379,36.493264662290095],[111.16293262403913,36.493421083760346],[111.16149097120027,36.49385253841097],[111.1614298251138,36.49385262115537],[111.15980565527245,36.49384320153506],[111.15800587996128,36.49460858027192],[111.15728563714565,36.49510869056544],[111.15614806204434,36.495898557409134],[111.15503922248598,36.49684201258257],[111.15378909438343,36.49766601625803],[111.15271896160338,36.498061335520624],[111.15225410852604,36.49799702015086],[111.14979782172198,36.49838162096158],[111.14717681697323,36.49912878944614],[111.14498035169798,36.49951296846918],[111.14401835619474,36.49991946791639],[111.14384319168275,36.50101646436488],[111.14453329769161,36.50205726083437],[111.14483356182431,36.50315161507091],[111.14509584143596,36.50442928730571],[111.14559454702876,36.50578296950441],[111.14552727036366,36.50770957711257],[111.14545884845626,36.50902580004361],[111.14577760977352,36.51044852995503],[111.14599159468152,36.51115402465477],[111.14701111355558,36.51298392257137],[111.14819602016279,36.51477545991388],[111.15027958121891,36.51689011778217],[111.15285959334464,36.51904225630615],[111.15513245418418,36.52115658579979],[111.15695514066815,36.52264201018089],[111.15756963874045,36.52313636330077],[111.15913922055849,36.52418181120359],[111.15967233876256,36.52484870391633],[111.1603239285721,36.525658493976856],[111.16097592719791,36.52665902419999],[111.1612728361149,36.52737391432736],[111.1616285390205,36.527945665927206],[111.16168941038549,36.5288039324997],[111.16117976857775,36.52998087902008],[111.16040523289614,36.53045878436264],[111.15955590931915,36.5304897274155],[111.15837445940842,36.53064032029024],[111.1577109928094,36.531267079665184],[111.15682653305869,36.53219216333464],[111.15553646782715,36.533445610970396],[111.154393614416,36.53446042442579],[111.15361964068674,36.53526612561782],[111.15321432919505,36.53574350778416],[111.15243933487352,36.536042538859874],[111.15162722849087,36.53625219979172],[111.1505571088501,36.53673041624125],[111.149893641095,36.53741673829287],[111.14963508010693,36.538016391031974],[111.14963740722841,36.53860921068366],[111.14989680503533,36.53905594078334],[111.15045202652217,36.539681121026824],[111.1514138842389,36.540484604770974],[111.15263471684507,36.54149637583728],[111.15378141500926,36.54235921100073],[111.15503930342052,36.543400712135],[111.15570564422222,36.54414493788856],[111.1558666923965,36.54484536486426],[111.15629917841513,36.54553097621794],[111.15700227204003,36.5460506760162],[111.15754799315127,36.54759023464564],[111.15818942455081,36.54858242213598],[111.15859775679915,36.54956540190597],[111.15885840290683,36.55057838066607],[111.15904474752712,36.5513828317859],[111.15900902882048,36.551978952833814],[111.15865143661503,36.55262437182775],[111.15801377184499,36.55302340486865],[111.15790379902445,36.553440801565806],[111.15775225488406,36.55439983653438],[111.15777961904477,36.556230937622765],[111.15797326675919,36.558443304732755],[111.15808839261155,36.55953612434487],[111.15769553890969,36.56002768655703],[111.1568102104656,36.56068453500732],[111.15627759468998,36.561509703669024],[111.156345359318,36.56149090339239],[111.15669545799423,36.561393775850235],[111.15702722518961,36.56134872623843],[111.15734066775774,36.56136319638161],[111.15748827396432,36.56142249799832],[111.15783677423097,36.56159591456745],[111.1578605560783,36.561607749399066],[111.15787581949022,36.561615343889606],[111.1581788899734,36.56176614220978],[111.15826337250472,36.5618081785903],[111.15869414624022,36.5620951442831],[111.15912490752304,36.562382109319955],[111.15941193135515,36.56257331984542],[111.15955566640679,36.56266907368752],[111.15979517129418,36.5627245429929],[111.15997068958833,36.562765192701136],[111.16038571491212,36.56286131116566],[111.16068066626846,36.56284605230562],[111.16097561416042,36.56283079542413],[111.16146860962989,36.56274462428979],[111.16196161738492,36.56265844298995],[111.16245461175515,36.56257226237317],[111.16294760167345,36.56248608062514],[111.16345276177893,36.56248243340025],[111.16395791623569,36.56247878043826],[111.16446305944483,36.562475115438936],[111.16496821377447,36.56247145098755],[111.16547337363728,36.56246778619055],[111.16600813194691,36.56251911924726],[111.1665428954077,36.56257044268785],[111.16706246677897,36.5626936533464],[111.16713304319548,36.56271038066379],[111.16758206759081,36.562816802219174],[111.1681016600292,36.562939966857805],[111.16862121291983,36.56306319506727],[111.16914077749068,36.5631864137825],[111.16966034592588,36.56330962481671],[111.17011250046875,36.563520928643456],[111.17056465412657,36.563732234350894],[111.17101680801242,36.563943540135185],[111.17146896212441,36.56415484509511],[111.1718198878827,36.56443989726704],[111.17217081733283,36.564724946581755],[111.17252175495129,36.56500999663728],[111.17287268621368,36.56529504655343],[111.17322361000284,36.56558009633193],[111.17354988540588,36.56582750127875],[111.17387616065723,36.566074906221225],[111.17420243128844,36.566322311165926],[111.17448825466238,36.56634421370829],[111.17462618201203,36.56635478317807],[111.17477407819494,36.566366115564925],[111.17484650037075,36.56635694473949],[111.1748514920125,36.56632584424235],[111.1748987084856,36.56626326421987],[111.17535074376774,36.56522908724924],[111.17611776574357,36.56458419874449],[111.17688537291336,36.56420157610399],[111.177564521405,36.563914452308566],[111.17807320363006,36.563805336084634],[111.17823888114586,36.56368991828323],[111.17823816909389,36.56337996249307],[111.17818436901857,36.56311542907428],[111.17814848745103,36.56293900287378],[111.17823627946535,36.56255738528423],[111.17856131434331,36.56252113420076],[111.17934490562783,36.56267493744401],[111.18015800257004,36.56280484748825],[111.18077809771518,36.56255355840773],[111.1816182388393,36.56161048687894],[111.18232541754101,36.56069145617194],[111.18287910838423,36.56009522885668],[111.18293354803329,36.55985852103747],[111.1829416686027,36.559276542743035],[111.18288298332112,36.558541522170714],[111.18288462199656,36.55843914562989],[111.18289953173593,36.557507745578874],[111.18304997036155,36.55690257748472],[111.18316174530229,36.55606166863448],[111.18300040124105,36.55531801647087],[111.18269777986247,36.554817779839],[111.18200513103851,36.55434674893332],[111.18097572370142,36.55393344849489],[111.17992856150191,36.553505860181076],[111.17877469392367,36.55293536525411],[111.1777272952051,36.55239331192712],[111.17673304048124,36.55182255909126],[111.17559659523701,36.55109464416948],[111.17385674728556,36.550110096122616],[111.17332376975834,36.54963878139391],[111.17227588313939,36.548839176069016],[111.17099768098964,36.54811142156115],[111.17003914747959,36.54761208992186],[111.1691513584009,36.54702681565413],[111.16776668147354,36.546227648412156],[111.16698490483228,36.545456233763396],[111.16636301699164,36.54482764854979],[111.16549268143392,36.54408495804361],[111.16501289375532,36.54357061446119],[111.16437388218623,36.543213852807455],[111.16378848625001,36.543057294819654],[111.16306095937695,36.54275786979801],[111.16135786592048,36.54223087199433],[111.15967264089318,36.54176104895773],[111.15867903482375,36.541376119334736],[111.15759650485965,36.540848240305976],[111.15662050388387,36.54039174040623],[111.15591052819326,36.53997780231009],[111.15570283378445,36.53961844400403],[111.1556079692796,36.53939165971792],[111.15576715105122,36.53920547679885],[111.1561747009764,36.5391048033413],[111.15693692994137,36.539060885395145],[111.15764606047424,36.53905995011408],[111.15837286085834,36.53903037559659],[111.15934791446303,36.53902907675943],[111.15979079743529,36.53887111971849],[111.16057018814351,36.53855534576905],[111.16134966166484,36.5382824830409],[111.16262458477436,36.53756546145434],[111.1639172433504,36.5368627075858],[111.165369121993,36.53601666114505],[111.16646694343605,36.535414290011616],[111.16756437634835,36.53464023893907],[111.16827938264274,36.53360497107967],[111.16821989647383,36.53305619569359],[111.16809852733324,36.532634203156306],[111.16788527720841,36.53189273445659],[111.16764642971512,36.53113498139082],[111.16726489945765,36.530208965566864],[111.16668410831629,36.52927556991209],[111.16652518131652,36.52908856390926],[111.16629410875002,36.52881666607201],[111.16564671117898,36.52778381120446],[111.16509504281301,36.527141348374926],[111.16442855130279,36.52603959459945],[111.16388607076716,36.52524396498561],[111.16354336777788,36.52470075598884],[111.16317206464724,36.524088667559965],[111.16279121618028,36.52344596072039],[111.16230547229468,36.52272352070148],[111.16172135984355,36.52185475738364],[111.16071920797597,36.520565371855554],[111.16054254046985,36.520327218445196],[111.15942236456601,36.518817145341224],[111.15935616133223,36.51872789695831],[111.15891508661836,36.518083114596635],[111.15863438856418,36.51766399716537],[111.1583536277958,36.517212610577594],[111.1580731328186,36.51689029803496],[111.15775266354652,36.51656803678295],[111.15727222692529,36.516213717111015],[111.15716906004741,36.516163936316104],[111.15684489558959,36.51578362324605],[111.1568313791529,36.51566573210577],[111.15680215658645,36.515402560284365],[111.15685334287545,36.51515214042048],[111.15705933852101,36.51477037981441],[111.1576191315489,36.51406627007711],[111.15809800148018,36.51351724469495],[111.15847361854205,36.51303392352059],[111.15866511216525,36.51278927745506],[111.15913636364219,36.512132963668435],[111.15943107238533,36.511810688248644],[111.15957791190664,36.5113991982314],[111.15979032428167,36.51055844482429],[111.1599505170015,36.509461447009514],[111.16023683273085,36.50865635670811],[111.16069289662687,36.50781527380944],[111.16111910873674,36.50682640101379],[111.16136525627377,36.505889033414526],[111.16154985246966,36.50518064227404],[111.16180541600569,36.50451507301972],[111.16218573272887,36.50419267428972],[111.16285850513131,36.50390563966764],[111.16382394185636,36.503754105860295],[111.16457689851052,36.50368154023337],[111.16480721621751,36.50365976394877],[111.1657107317647,36.50355837136387],[111.1665256597142,36.50346424810281],[111.16746393305395,36.50304806385325],[111.1690399278455,36.50254513515612],[111.17017304854353,36.502107194986095],[111.17133259359048,36.5016048292489],[111.17227961562106,36.501159983658205],[111.17342198766528,36.50091512796363],[111.17486548685835,36.500626903654116],[111.1765838873227,36.500452701353524],[111.1775316815904,36.50036545957683],[111.17836419879553,36.50023546506652],[111.17901075844928,36.50014866150721],[111.18001105844513,36.49978235638381],[111.18069278501567,36.499581042801516],[111.18156016015625,36.4992077734314],[111.18275706051554,36.498314212293465],[111.18352330533888,36.497645427289285],[111.1844543241214,36.49672841480612],[111.18555105548691,36.49596373305582],[111.18608153562406,36.49551465491281],[111.18676570418847,36.49512255832065],[111.18874920964535,36.493517175875866],[111.19098934256112,36.49183266771904],[111.19224182532301,36.49081732115407],[111.19362724223532,36.4898375108387],[111.19457077762739,36.48928758238584],[111.19530217905016,36.48927778232239],[111.19618127183126,36.489244071523494],[111.19621818200686,36.48924401083201],[111.19686063421338,36.48924295261743],[111.19689754438693,36.48924289171579],[111.19715438553351,36.4892424676128],[111.19806916220185,36.48900763010568],[111.19858499011778,36.48864912459962],[111.19917426535923,36.48814743536547],[111.2002790678877,36.487179937059935],[111.20126604407437,36.48633184329355],[111.20197323754113,36.48577033309028],[111.2028865154747,36.48498195854739],[111.20393236299293,36.48408605575199],[111.20481604451642,36.483285794516284],[111.20494749708267,36.48274909705637],[111.20502021191695,36.48233171559839],[111.20534367074451,36.481830451892456],[111.20577043248305,36.48131708774832],[111.20602010153387,36.48082787169361],[111.206461172697,36.480147577442224],[111.20671016872812,36.47940800625553],[111.20666338082404,36.4784662807368],[111.20663126188462,36.47748876351298],[111.20630337373296,36.47630909138726],[111.20610992553861,36.475725266578586],[111.20588705365424,36.47517725651128],[111.20551707453241,36.47482024531898],[111.20483730083633,36.47453529560589],[111.20451192685498,36.47429742100195],[111.20423049479531,36.47392833252543],[111.20424434860833,36.47358258216842],[111.20445012628873,36.47324842460266],[111.20468576962053,36.47304535324947],[111.20481761501108,36.472663635082824],[111.20500834574217,36.47222220742699],[111.2051840613045,36.47168543179462],[111.20543364052727,36.471172372552914],[111.20568280701822,36.470504332689266],[111.20582842641517,36.46975301883605],[111.20557677663855,36.46947925536555],[111.2052813503408,36.469396311846985],[111.20448398203474,36.4692784642767],[111.20389325989879,36.46916025941541],[111.20271154048963,36.468816544599626],[111.20215028137589,36.468674437217636],[111.20179551305779,36.46847237000568],[111.20172084758228,36.468138690713616],[111.2020292928811,36.46755400816227],[111.20258834020949,36.46684968406988],[111.2028972088404,36.4664319026075],[111.20352894766559,36.46531019264983],[111.20396960988337,36.464498769540064],[111.20445463382718,36.463723032240196],[111.20499793147181,36.462661074706745],[111.20536514530399,36.461992830875666],[111.20589413285512,36.46110971758733],[111.20637974848322,36.46057240515253],[111.2066145578776,36.4600712895654],[111.20673104431098,36.45947500572505],[111.20681658716107,36.458342300494394],[111.2068120921759,36.45664943396645],[111.20679420113473,36.45546922053084],[111.20673380976679,36.45495669387577],[111.20639302831455,36.454444652294725],[111.20588919472736,36.45365869310703],[111.20547485856018,36.453230226984246],[111.20508875402184,36.45231292236396],[111.20504288325746,36.45170499673622],[111.20529073507362,36.45056009069036],[111.20595179282294,36.44942639323135],[111.20668661399795,36.44829256422974],[111.20728395538673,36.448144714379055],[111.2082504602952,36.44817063034691],[111.20894390872729,36.448133653174736],[111.20932753935693,36.44812105956864],[111.2098200697083,36.44771406351529],[111.21000407795052,36.44728535430741],[111.20997366553875,36.446951601155405],[111.20977984772594,36.4462127977116],[111.20968929141897,36.445461891009266],[111.20980544301571,36.444758307972045],[111.21009923766645,36.44426900213358],[111.21058462316631,36.4436959062396],[111.21096687615353,36.44318259909318],[111.21068539668309,36.442765837820325],[111.20985704957911,36.442004309091026],[111.2094570922181,36.441420849100524],[111.20920395366635,36.440562931087456],[111.20889173792942,36.43968127275058],[111.20886088615393,36.439180616549166],[111.20840030823656,36.43798925205614],[111.20816255151261,36.437357817041665],[111.20746634275558,36.43632184171856],[111.20697790932256,36.43573852651275],[111.2064741916986,36.434952566059124],[111.20629553787239,36.434344868705516],[111.20638267086653,36.43382016349811],[111.20670630035328,36.433461952233145],[111.20700032550914,36.433068026803404],[111.2074415955966,36.43256654926966],[111.2079263877231,36.431790795352306],[111.20861755329737,36.430955070373344],[111.20888144597869,36.43033467997943],[111.20927807770617,36.429702134812345],[111.20967499155293,36.429176883447646],[111.20990888377183,36.42837771745924],[111.20993707233715,36.42788887832326],[111.21006791737227,36.42717334471771],[111.21006643999849,36.4266249490127],[111.21010966908973,36.426243378056135],[111.21018252995094,36.425909441994214],[111.21037282655922,36.425360707543916],[111.2106372017685,36.424931059382224],[111.21103424362158,36.424465411555126],[111.21112185150935,36.42413144876395],[111.21112062507933,36.423678425675426],[111.21110412990029,36.423034681999276],[111.21104386654436,36.42256984073179],[111.21098373181393,36.42215268719112],[111.21070213548423,36.42166439344485],[111.21047977389081,36.42125944729046],[111.21047829393737,36.4207110501544],[111.2105803922406,36.42028168773947],[111.21071160543787,36.41970921331697],[111.2107988217152,36.419232190664516],[111.21088481211757,36.41830214350827],[111.21088281378691,36.417563000201504],[111.21107185956302,36.416561240318146],[111.21117336947661,36.41591728724063],[111.21148179650567,36.41542794993191],[111.21199532765993,36.41442561405362],[111.21261245046746,36.41355422961716],[111.21309746459093,36.41292151276673],[111.2135676237059,36.4122530557368],[111.21408225224685,36.41166796810735],[111.21458225409533,36.4111305926042],[111.2153171825408,36.41021129574396],[111.21600821068346,36.40942321193215],[111.21659647912794,36.40881413776736],[111.21790131994635,36.407960987285335],[111.21848152191744,36.40780927680036],[111.21902688600132,36.4076890602147],[111.21983762251406,36.40753258818784],[111.22028001126276,36.40750792895068],[111.22088460105847,36.4074710475017],[111.22169566910564,36.40743377897097],[111.22244811690753,36.40752775423687],[111.22300869813935,36.40757439506954],[111.22379098749016,36.4077875237474],[111.2245292061938,36.4080603380511],[111.22510474725503,36.4081784721847],[111.2257247435485,36.40836804989687],[111.22643295840875,36.40846208271494],[111.22750999820437,36.40859117579589],[111.2284250482464,36.4088040201508],[111.22935464272501,36.408945299184694],[111.23074134906916,36.40904992391406],[111.2318775047766,36.40921462715841],[111.23249752558027,36.40940416958788],[111.23314722494808,36.409653259623255],[111.2336640097703,36.409842997475195],[111.23404809135967,36.41004491570774],[111.23446178009875,36.410282538387754],[111.23505238854425,36.41049596928239],[111.23556900357424,36.41062609042051],[111.23602655130071,36.41073248203103],[111.23667569429031,36.41079080603569],[111.23708874286551,36.4108138307554],[111.2375902139193,36.410812834116236],[111.23810599842537,36.410668745277405],[111.23859239148112,36.41056047945208],[111.23885776669518,36.41052418334459],[111.23903501133984,36.410607281499445],[111.23920900244862,36.410885813513424],[111.23963506683468,36.41130460505878],[111.2407107250662,36.41192237230852],[111.24198652000888,36.4123871258149],[111.24287219946153,36.412614224764496],[111.24408809485564,36.412783418392486],[111.24512691115461,36.412924352031055],[111.24576454253747,36.41306610204671],[111.2464615654874,36.41333171251463],[111.24730016071607,36.413587487824266],[111.24794957046576,36.413719664678354],[111.24852781924056,36.41373753767575],[111.24906083047398,36.41381511004107],[111.25094616589088,36.41391130628448],[111.25193718565951,36.41385914796418],[111.25276853662184,36.41369287107039],[111.2532190875326,36.413448713624774],[111.25349198998002,36.413004646039184],[111.25365065702672,36.41281117692761],[111.25393294048914,36.41253160846734],[111.25443966048657,36.41239193282001],[111.25480158550747,36.412725274896104],[111.25489148458614,36.41315426559038],[111.2550423323217,36.41417921215194],[111.25504474880823,36.414918353555635],[111.25510632072587,36.41570505653627],[111.25510858199955,36.4163965109584],[111.25487405904748,36.41685003804433],[111.2549639634118,36.41727902746588],[111.25502382263075,36.41754117741653],[111.2554961482403,36.417635541974114],[111.25611590130984,36.41770574453958],[111.25661796503998,36.417871571078855],[111.25703160768731,36.418061428960264],[111.2574157494408,36.41825134899834],[111.25794763666688,36.418512478928776],[111.2586862729699,36.4188446889533],[111.25918827132672,36.41898666077322],[111.26134410714785,36.419649578477625],[111.26279209553081,36.42036170322159],[111.26397305814491,36.42062137591153],[111.26480113764634,36.421215627696],[111.26498033775931,36.42185900244827],[111.26507111400248,36.42252641716579],[111.2648965277537,36.42324210688943],[111.26501729392172,36.424052515204586],[111.2652262499678,36.42476735333397],[111.26575853273523,36.425123821257564],[111.26676426783445,36.42588456747956],[111.26753276044424,36.42628818555374],[111.26841878612434,36.426548474300404],[111.26906853758224,36.42673775904574],[111.26963027285164,36.42707029919664],[111.27137509807115,36.42823467311847],[111.27315115082334,36.429875816128344],[111.27448200189495,36.43075496925033],[111.27528152012958,36.43156380359285],[111.27554985654164,36.43235001561657],[111.2755238043898,36.43332765451231],[111.2752307569072,36.43390057126183],[111.27473241598756,36.43483160972954],[111.27356064213228,36.43636282400555],[111.273317300672,36.43656056882991],[111.27226743416034,36.437782540133654],[111.27204991562223,36.438035710859864],[111.2710699172299,36.438996069930006],[111.27054706233757,36.4392552999171],[111.26923643683432,36.440078541502935],[111.26787497445031,36.44062523248027],[111.2662117121362,36.44094368555208],[111.2639644318211,36.441349243213125],[111.26212354911206,36.44151066613177],[111.2601177316829,36.441777977146565],[111.25948812780645,36.442346171568985],[111.2577041148634,36.44365188217615],[111.25731594298502,36.44406759381714],[111.25701667847471,36.44459756061894],[111.25696478519389,36.44496962775602],[111.25719671928518,36.44549845031729],[111.25737728411278,36.44655670508164],[111.25727330907534,36.44724361679904],[111.25686276948046,36.44771616448039],[111.25684636586493,36.447719515156535],[111.25612511374871,36.448090139959405],[111.25548849044286,36.44834901165685],[111.25444435513427,36.448537219424736],[111.25269121666227,36.448512331463924],[111.2513272288649,36.44835784532827],[111.24996315459539,36.44817473183056],[111.24882850718217,36.44774792227322],[111.24772942196738,36.447363946007655],[111.24682585254261,36.447208451988175],[111.24648986798753,36.447352205973125],[111.24618965725216,36.447610333937014],[111.24608458814618,36.44798250680859],[111.24612203648722,36.44862619928549],[111.24635408908081,36.44921226633923],[111.24676336028595,36.44984088456995],[111.2472969570918,36.45058369155807],[111.24770555975412,36.45099771828787],[111.2477078340692,36.45171301272349],[111.24774570724831,36.45248545704312],[111.24783798138019,36.45365835609108],[111.24824778959652,36.45444433402292],[111.24892301309244,36.45515822654482],[111.24974015177095,36.45594334806599],[111.2505045468857,36.456843023075784],[111.25128699237494,36.45784279576207],[111.25212101304554,36.45835605201176],[111.25309746850225,36.459097895546805],[111.25350768347765,36.45998399529457],[111.25368618256772,36.46041279520025],[111.25347985291945,36.462315926181425],[111.25279229462005,36.46329018985425],[111.2516862282557,36.46423928644811],[111.25058299047167,36.464711137994904],[111.24961817152939,36.4648376749962],[111.24943246684103,36.46493605459872],[111.24874303501801,36.465344448770246],[111.2481293989815,36.46592154092895],[111.24713074287295,36.46749726689176],[111.24619003084146,36.468739060357365],[111.24554351862574,36.46967027813576],[111.2449259864309,36.47043453072222],[111.24472256271493,36.471460207962295],[111.2447543324408,36.472175439560445],[111.24487639428473,36.47343888038658],[111.24529428543757,36.47489245798174],[111.24582908052135,36.47596430244075],[111.24621680134142,36.47720335063395],[111.2467233099636,36.47865673935602],[111.24696366319269,36.47996761859515],[111.24715839049459,36.481784066739976],[111.24691505363978,36.48325807992977],[111.2458553818724,36.484290292738535],[111.2452429128571,36.48506534424572],[111.24413159546171,36.48597327072365],[111.24349792803942,36.48693268741951],[111.24306813970485,36.48831232516654],[111.24272443050674,36.48945809693978],[111.2422699674423,36.492216542061],[111.24207028448376,36.493151699501944],[111.2419228419057,36.49408852854118],[111.24187161410501,36.4944140184891],[111.24173162000695,36.49593327473391],[111.2414477026898,36.497709878415606],[111.241305156562,36.498141658434776],[111.24104625671812,36.49892586682943],[111.24103789639854,36.4989571168892],[111.24081429248444,36.499792872484036],[111.23885130619664,36.50049599025874],[111.2376005792416,36.501154025388274],[111.23729078524588,36.501317011304344],[111.23659816296025,36.50199608034647],[111.23654226267897,36.502650518523964],[111.2366319282331,36.50308841226895],[111.2367479411258,36.50365496656926],[111.23695312646167,36.50449583644559],[111.23701393956493,36.50545383383421],[111.23661067807765,36.506108961264154],[111.23602379607252,36.50635861822127],[111.23596010800844,36.50634967498128],[111.23517705687057,36.50586047554396],[111.234423099743,36.5054179539642],[111.23410483236961,36.50534155268367],[111.23326439497598,36.50513980006387],[111.23259848536632,36.50509436271448],[111.23190334900869,36.504955503419716],[111.23086072182167,36.504770575481864],[111.23084059487637,36.504773625188214],[111.23037682223398,36.50484388719559],[111.22959557268786,36.504786755989535],[111.22919475423562,36.505073644439186],[111.22898396310336,36.505703507129404],[111.2287980864564,36.50677203458749],[111.22837771689008,36.50845139359127],[111.22800335683135,36.50971102474302],[111.22758077779675,36.510646481323505],[111.22725538133707,36.51249732403033],[111.22732822217476,36.51316479185822],[111.2277786954966,36.51367894305983],[111.2288460833953,36.515050260653545],[111.23003194423362,36.516516712612706],[111.23100431816218,36.51769744885985],[111.23226332106239,36.51988856520692],[111.23345006547937,36.52160294757341],[111.23451749007336,36.52291698899577],[111.23518145552863,36.523659584016706],[111.23544303598248,36.52419315217495],[111.23544835372488,36.525947987907905],[111.23531076974471,36.52734069158664],[111.23493827877827,36.52921071836686],[111.23458756118538,36.5304703192122],[111.23418956208259,36.53173001162847],[111.23383778868593,36.532646272372034],[111.23289528045848,36.53362091096438],[111.23171587424297,36.534424332340905],[111.23056132608235,36.5356473310134],[111.2295486756378,36.53690819368894],[111.22895983251067,36.53761507787963],[111.22942575611009,36.53837754248227],[111.23018132191135,36.53926409626412],[111.2310801933971,36.54061773725104],[111.2323378562689,36.54282129305811],[111.2330373422167,36.54429682574989],[111.23311134062325,36.54579227082147],[111.23316379789183,36.54782991129477],[111.23332312404908,36.54943245218486],[111.23333104548858,36.54951212165166],[111.23338030994027,36.550484159041886],[111.2331981440862,36.551550123386164],[111.23322243900803,36.551923974902756],[111.2335968339471,36.55313840696855],[111.23383068935891,36.55384835330502],[111.23386389282736,36.55398062176067],[111.23408868003798,36.554876065813986],[111.23425370653644,36.555810483306374],[111.23428369177091,36.5560028428393],[111.23407224720775,36.55898901980971],[111.23379088005152,36.55977161883596],[111.23279961129512,36.560364862232205],[111.23152453878888,36.560939574209314],[111.22963463615856,36.561496383685295],[111.22883241333906,36.562070155188096],[111.22703910808853,36.563332487298126],[111.22578903267669,36.5644030217645],[111.22411335596018,36.565493418333624],[111.22269784770138,36.56662145376294],[111.22165938700044,36.567310063266085],[111.22085785960458,36.56816989420869],[111.21974939341821,36.569201954105594],[111.2191377565519,36.57032846232652],[111.21938787214806,36.57114648948321],[111.21937453363925,36.571336807135644],[111.2197477480236,36.57217738596267],[111.2202380269358,36.573429032680934],[111.22072848138957,36.574736762234494],[111.22075415862645,36.575615370664586],[111.22082726134136,36.57686778597388],[111.22080785245443,36.577614720336875],[111.22080637115968,36.57767170155091],[111.22118091276154,36.578960947760926],[111.22153020383848,36.57952114255734],[111.22204502252342,36.58122141059455],[111.22217251572451,36.58186965516122],[111.22276849760547,36.58298704078789],[111.22345651966857,36.58372964801334],[111.22412189681917,36.584815630291494],[111.22478812116925,36.586187720007146],[111.22493555249741,36.58731920645859],[111.22550455999205,36.5885515707295],[111.22671480752123,36.58990354466326],[111.22761698585472,36.59104627804692],[111.22942170368795,36.593427093414896],[111.23053776113996,36.59487457900269],[111.23167660224442,36.59601682252325],[111.2322932885618,36.59656877352721],[111.23302883419562,36.597311231739404],[111.2347107895897,36.598109046850524],[111.2355161217189,36.59845079387482],[111.23646252339888,36.59850614242161],[111.2377634699282,36.598465405317796],[111.23878025248979,36.59832985319821],[111.2397972085297,36.59825151541948],[111.24038895322461,36.59836476828511],[111.24124186365641,36.59878267659059],[111.24218982327918,36.59933390498233],[111.24330380733743,36.6000183071736],[111.24410955860068,36.600474439036816],[111.2445366964625,36.60089319576213],[111.24489310948547,36.6013883922313],[111.24479754832213,36.60214263406795],[111.24478997133401,36.60276613603917],[111.24478577021215,36.603111790547196],[111.2439550752148,36.60400347706215],[111.24345947028466,36.60438597379178],[111.24185326230815,36.60519035863424],[111.24095622722164,36.60582162286999],[111.23991775960371,36.60662483316531],[111.23916216981694,36.60710320535703],[111.23836066397777,36.60803944444399],[111.23744078421146,36.60895684041722],[111.2372923346147,36.60911541495054],[111.23732413249388,36.60930588856529],[111.23738990249373,36.60969987541224],[111.2375389888138,36.61019036587534],[111.23779803320812,36.6104426819022],[111.23816726075955,36.610531181668655],[111.2386098246937,36.61047081305042],[111.23903379487662,36.610365863779485],[111.23945776278794,36.61026091390591],[111.23993717192303,36.610185592112316],[111.24041690885166,36.610214376351735],[111.24071257822149,36.61037738312598],[111.24100824883645,36.610540390058745],[111.24142610618738,36.610837002185264],[111.24184395441608,36.61113360473477],[111.24226180697795,36.611430211197025],[111.242325143753,36.61147517181391],[111.24239279080786,36.611429779933474]]],[[[111.18641974514007,36.640629947184905],[111.18763201202127,36.64031809033911],[111.18973206833714,36.64010018134757],[111.1923060745038,36.64011989639137],[111.19419931324867,36.64002145536503],[111.19683175990704,36.63975486681055],[111.19842931269388,36.639728373473844],[111.19958332962516,36.63979797337338],[111.2009149850463,36.63991494802596],[111.2019507886759,36.64003240967366],[111.20274991068402,36.64015026534901],[111.20340079338584,36.64014915584273],[111.20405148740974,36.6400765154808],[111.20487963108295,36.639979723385075],[111.20550022945054,36.63971638623328],[111.20694774739502,36.63890323346378],[111.20866111068258,36.63794654153048],[111.20999080628224,36.63734813998791],[111.21099427423496,36.63646419115562],[111.21211664221656,36.63579460603645],[111.21359313958449,36.63481442208992],[111.21509918225024,36.63383416549874],[111.21663536975714,36.63306841893241],[111.21763977906922,36.632565894527175],[111.21894027006832,36.63215818697276],[111.22027012454066,36.631678884131354],[111.22159989532979,36.63117572341851],[111.22275092232577,36.630243714977894],[111.22351722434779,36.629264733127954],[111.22438648463731,36.62842981716235],[111.22478569366041,36.628046373480956],[111.22525711500829,36.62740173256984],[111.22526984333996,36.62671513401462],[111.22578497633447,36.62582712012488],[111.22581212286433,36.624992576831644],[111.2263141417907,36.624705513257645],[111.22737795782993,36.62434584812384],[111.2283533084279,36.624081714038425],[111.22929843676607,36.62360304587497],[111.23027270650262,36.62298125919809],[111.23219212143255,36.62190461558897],[111.23372754379578,36.621019435911954],[111.23502666873357,36.62025391601595],[111.2359090199753,36.619339222352224],[111.23667457426413,36.61820517826553],[111.23738061444607,36.617154964302934],[111.2379468919807,36.61572278565889],[111.23836961903385,36.61469193761134],[111.23921857343572,36.61377467765875],[111.24035125055511,36.61279961821639],[111.242325143753,36.61147517181391],[111.24226180697795,36.611430211197025],[111.24184395441608,36.61113360473477],[111.24142610618738,36.610837002185264],[111.24100824883645,36.610540390058745],[111.24071257822149,36.61037738312598],[111.24041690885166,36.610214376351735],[111.23993717192303,36.610185592112316],[111.23945776278794,36.61026091390591],[111.23903379487662,36.610365863779485],[111.2386098246937,36.61047081305042],[111.23816726075955,36.610531181668655],[111.23779803320812,36.6104426819022],[111.2375389888138,36.61019036587534],[111.23738990249373,36.60969987541224],[111.23732413249388,36.60930588856529],[111.2372923346147,36.60911541495054],[111.23692198115837,36.60951102303446],[111.2362619708241,36.610313447206764],[111.23569548352424,36.6107532751274],[111.23463231071116,36.61125130074169],[111.23420690021209,36.611404730190905],[111.2334510560119,36.61182584498465],[111.2320330128771,36.6123436164501],[111.23118302074332,36.61293656619666],[111.23113445985582,36.613380748910245],[111.23098885412186,36.61368220269353],[111.23142412461995,36.614442954789105],[111.2317329104876,36.61484291179576],[111.23204169955167,36.61524286796408],[111.23223178729654,36.61550953568509],[111.23225642104296,36.61583374798627],[111.23211575205325,36.61620921021674],[111.23147766096356,36.61652193177915],[111.2309583653645,36.61694256985742],[111.23020216709335,36.61726829337105],[111.22954009880992,36.61742216392894],[111.22883109983312,36.61770963901048],[111.22835899343308,36.61809202719345],[111.22795809229389,36.61855057396355],[111.22696714730685,36.619525245165114],[111.22602350180486,36.62049981919502],[111.22548059920956,36.62095862675866],[111.22484259597469,36.62126501802957],[111.22411004684609,36.62160973250827],[111.22328372071733,36.622259802973296],[111.22253682894463,36.623532938015394],[111.22228954088006,36.6239144456316],[111.22221497062343,36.62418791685912],[111.22211327593833,36.6245608619915],[111.22178904976623,36.62537505694382],[111.22174073139624,36.62590540669738],[111.22090513527758,36.62625072556632],[111.2203864241004,36.62691927919376],[111.21930029362304,36.6277796171997],[111.21852086752891,36.628315124298204],[111.2171259793625,36.628794526346695],[111.21584945435482,36.629292772943714],[111.21504600548104,36.62971385547789],[111.21395940723943,36.630440627563985],[111.21277854502264,36.63132015022892],[111.21216506564615,36.6319888368593],[111.21135022070644,36.63337223727872],[111.21089157336516,36.63363146886914],[111.21022974088571,36.633937824560824],[111.20937867378544,36.634282656180574],[111.20791251937217,36.63472392754621],[111.20675381445355,36.63508835211678],[111.20523968782157,36.63530078434509],[111.20424517139318,36.635111752662326],[111.20336904371909,36.634941584985164],[111.20244588493735,36.63488593508239],[111.2016414609695,36.63498266922734],[111.20034067004251,36.63532819750168],[111.19941819798817,36.63553956028256],[111.19752648786347,36.63619122963335],[111.19572878866293,36.63659475250289],[111.19421474528318,36.63686426754525],[111.19319780569687,36.63717110604601],[111.19203804746131,36.637153906781975],[111.1911378311843,36.636812021610254],[111.18997718894724,36.63643239646967],[111.18902956287072,36.63605242219144],[111.18803470497156,36.63571066269834],[111.18635295989154,36.63514108260651],[111.18483690713535,36.63457122174369],[111.18346364597821,36.634325381302816],[111.18147519400051,36.63413768584193],[111.18014986101915,36.63413969723001],[111.17842272216032,36.634371185910496],[111.17735811175714,36.63454444204088],[111.17655287595352,36.634297674963356],[111.17577057463821,36.633726608943036],[111.17484641502372,36.63321296817939],[111.17413474952882,36.6324701210046],[111.17347043024913,36.631727199642675],[111.17301979703889,36.631289150690684],[111.17245058502739,36.6307368272515],[111.17178663438314,36.63014648891615],[111.17114619077749,36.62947981733841],[111.16991417440533,36.62883306081558],[111.16889582791178,36.628491175271655],[111.16794856759135,36.628187327776125],[111.16650414904244,36.62778879930319],[111.16517843528906,36.62756175463858],[111.16420745499461,36.6272197632327],[111.16373371978908,36.6270105996233],[111.16316472718353,36.62651545327725],[111.16224017746104,36.625734676567255],[111.16143380836576,36.624877436722485],[111.16076951659751,36.62405814755546],[111.16029490165194,36.623410266439144],[111.15982037341381,36.622800531140086],[111.15941625254014,36.621904589040106],[111.15929656477202,36.62123715390057],[111.15917577999747,36.620035644649],[111.15915495866216,36.61891190053817],[111.15917992274689,36.61875440932404],[111.15924576408504,36.61833904481262],[111.1593042311657,36.61800516931834],[111.15976166949726,36.61751578156971],[111.16013044567904,36.617062275635334],[111.16061762254958,36.61665629460077],[111.16188802400258,36.61598697968737],[111.1616073957877,36.616154259779826],[111.16237545985108,36.6157121258116],[111.16321760633078,36.61534141339085],[111.16416353848078,36.61510168683452],[111.16512369331849,36.614599664424084],[111.16609867446294,36.61412145504258],[111.16670328311358,36.61333380204914],[111.16746947900528,36.6122960309599],[111.16774954292467,36.61163950154511],[111.16802086583579,36.61061159223985],[111.16816819893792,36.610380708691096],[111.1684331143816,36.60990558041348],[111.16858389938106,36.60936169469055],[111.16862886843597,36.60913609179409],[111.16901360915752,36.608132836696406],[111.16914395660059,36.60688090943257],[111.169142316719,36.606129865694946],[111.16912571583052,36.60490852037072],[111.16969806010374,36.60332755448093],[111.17045003761649,36.60237277172533],[111.17130109728888,36.601118502248426],[111.1717459964202,36.60045932912421],[111.17238938124952,36.59937871051306],[111.1725593517168,36.59894199457426],[111.17266274114873,36.59845943100524],[111.17265864746757,36.59842034358537],[111.17292127046198,36.5979821455985],[111.17293773509581,36.59740989545069],[111.17288288271656,36.59668038671618],[111.17273929337352,36.59593670086785],[111.17243543254509,36.59492143866184],[111.17236177897725,36.59371271617921],[111.17243301215262,36.59293200075751],[111.17254547307418,36.592708915045336],[111.172720187836,36.592335465301964],[111.17293106647391,36.591771089879096],[111.1732376482565,36.59136054881855],[111.17363933234293,36.59116922203577],[111.17451449217491,36.591158406201075],[111.17518740250307,36.591029932534084],[111.17544809392994,36.59084231134256],[111.17561301991057,36.590555954560074],[111.17549417066932,36.59029862789058],[111.17529221188397,36.58989836592244],[111.1751496466599,36.58961246244789],[111.17462846198326,36.589250816066766],[111.17414226971874,36.58866976348362],[111.17397513758202,36.58797379833673],[111.17409437187956,36.5871082855785],[111.17415297248077,36.587021801002855],[111.1741669639976,36.58650162225853],[111.1745798556615,36.586048005049875],[111.17525909594295,36.585713209223336],[111.17584996081857,36.58552159654984],[111.17688402058056,36.58521010994543],[111.17750756394697,36.58508782414558],[111.17811007665752,36.58482679932039],[111.17815319114726,36.58429027112628],[111.17779620449126,36.58332517030369],[111.17735135539857,36.58271784163386],[111.1769946309566,36.581860029828164],[111.1762388144369,36.58100280842426],[111.1756599034859,36.57993073549518],[111.1749627882206,36.57887075433825],[111.17451771756552,36.57814420060245],[111.17427915883998,36.577226600640884],[111.17406920334557,36.57587978592114],[111.1737559804879,36.57461657258284],[111.1737971428707,36.57319786204428],[111.1738100526251,36.572363343226876],[111.17383736871531,36.57136190378975],[111.17404203674805,36.57036020450263],[111.1743650417605,36.56940601766047],[111.17443908132046,36.56866961399415],[111.17450386273133,36.567926751707674],[111.17466298826193,36.56733326760512],[111.17472979225244,36.567084106235875],[111.17484650037075,36.56635694473949],[111.17477407819494,36.566366115564925],[111.17462618201203,36.56635478317807],[111.17448825466238,36.56634421370829],[111.17420243128844,36.566322311165926],[111.17387616065723,36.566074906221225],[111.17354988540588,36.56582750127875],[111.17322361000284,36.56558009633193],[111.17287268621368,36.56529504655343],[111.17252175495129,36.56500999663728],[111.17217081733283,36.564724946581755],[111.1718198878827,36.56443989726704],[111.17146896212441,36.56415484509511],[111.17101680801242,36.563943540135185],[111.17056465412657,36.563732234350894],[111.17011250046875,36.563520928643456],[111.16966034592588,36.56330962481671],[111.16914077749068,36.5631864137825],[111.16862121291983,36.56306319506727],[111.1681016600292,36.562939966857805],[111.16758206759081,36.562816802219174],[111.16713304319548,36.56271038066379],[111.16706246677897,36.5626936533464],[111.1665428954077,36.56257044268785],[111.16600813194691,36.56251911924726],[111.16547337363728,36.56246778619055],[111.16496821377447,36.56247145098755],[111.16446305944483,36.562475115438936],[111.16395791623569,36.56247878043826],[111.16345276177893,36.56248243340025],[111.16294760167345,36.56248608062514],[111.16245461175515,36.56257226237317],[111.16196161738492,36.56265844298995],[111.16146860962989,36.56274462428979],[111.16097561416042,36.56283079542413],[111.16068066626846,36.56284605230562],[111.16038571491212,36.56286131116566],[111.15997068958833,36.562765192701136],[111.15979517129418,36.5627245429929],[111.15955566640679,36.56266907368752],[111.15941193135515,36.56257331984542],[111.15912490752304,36.562382109319955],[111.15869414624022,36.5620951442831],[111.15826337250472,36.5618081785903],[111.1581788899734,36.56176614220978],[111.15787581949022,36.561615343889606],[111.1578605560783,36.561607749399066],[111.15783677423097,36.56159591456745],[111.15748827396432,36.56142249799832],[111.15734066775774,36.56136319638161],[111.15702722518961,36.56134872623843],[111.15669545799423,36.561393775850235],[111.156345359318,36.56149090339239],[111.15627759468998,36.561509703669024],[111.15624849209728,36.56155479019887],[111.15537380478278,36.5628918841036],[111.15449026372148,36.56447262426681],[111.15395061714746,36.56677136081738],[111.15454503100365,36.567830029924316],[111.1553672371602,36.568812480301744],[111.15643242324695,36.56934755274364],[111.1574088739289,36.569846968086104],[111.15847408826139,36.57038202122425],[111.15971681855287,36.57098835650138],[111.16064845391732,36.57123745405866],[111.16180126906973,36.57123589504832],[111.16264385976851,36.57130627791822],[111.16370875268662,36.57166246285047],[111.16419731721125,36.57205519809983],[111.1644641120732,36.572412473671015],[111.16495306545947,36.572984026868966],[111.16562015199187,36.57391297298732],[111.16633082796002,36.574484212132035],[111.16673097215963,36.57498435323607],[111.16699832788522,36.57559197215265],[111.16700002219551,36.57637878348759],[111.16686853620993,36.57709425279213],[111.16682573211608,36.57780959869876],[111.1668276556399,36.57870370248256],[111.16696222595016,36.579418798983504],[111.16691972947636,36.58027720008579],[111.16718687374741,36.580777525294096],[111.16745471774816,36.58159972699485],[111.16758960707163,36.58245787959912],[111.16803561966279,36.583637470858314],[111.16870260062612,36.58445910601681],[111.16936904993113,36.58503038848319],[111.16999053398068,36.585315617109124],[111.17056806832537,36.5857797275162],[111.17034798182627,36.58653108996177],[111.1688873114799,36.58782068057498],[111.16751583078751,36.58936047627357],[111.16698517998407,36.59007650448258],[111.16658849162603,36.5912215135429],[111.16641369978883,36.59243773971491],[111.16641631073117,36.59365371782641],[111.1661975435534,36.59504882556109],[111.16606655452071,36.5960146402351],[111.16540560721899,36.598054115763695],[111.1652765878943,36.59994979420114],[111.16488134644635,36.6018100759933],[111.16484003309473,36.60324069735083],[111.1642088169135,36.60417745284986],[111.16344035368985,36.605598288013326],[111.16273301887513,36.606743707033445],[111.16202466577002,36.607412268096745],[111.16122678635463,36.60769946335659],[111.16063542058231,36.60774794671135],[111.15977779530947,36.6077490996358],[111.15906833031013,36.607893105746875],[111.15853640033178,36.608084556361945],[111.15788656312229,36.608466902654705],[111.15667660363647,36.60973216295582],[111.15599793685377,36.61049602022717],[111.15540845996897,36.611498184615776],[111.1551448658735,36.61278603414508],[111.15434923389505,36.614241472382005],[111.15381829160047,36.61495743967161],[111.15322912902738,36.616150333740705],[111.15287618854295,36.617152180337555],[111.15219849730947,36.618464395085056],[111.15146190808127,36.61991973734503],[111.1514404975746,36.621022648908344],[111.15150121315772,36.62186763372658],[111.15176210190882,36.62311406513028],[111.15203714028358,36.623655151063794],[111.1522746193721,36.62408401596779],[111.15236462594211,36.62472765263708],[111.15209925046624,36.62515715977198],[111.15170688554616,36.62561876889163],[111.1515099387696,36.62632620037827],[111.15130408731031,36.6269463711429],[111.15139390157726,36.62749463744006],[111.15171989815012,36.62780417730908],[111.15298526120651,36.627978392957544],[111.15307065663627,36.62805680303472],[111.15429382148322,36.627991613110474],[111.15565454811468,36.627989843227795],[111.15692672506971,36.628083545494285],[111.1578743885777,36.62860683150457],[111.15861475001792,36.629011172757735],[111.1596514268367,36.62965353929467],[111.16039220394157,36.630248610835984],[111.16136925043884,36.630652615969105],[111.16219794748777,36.63084223175664],[111.16326305334724,36.63091230478588],[111.16489022291047,36.63098159174386],[111.16675420567432,36.63112205394193],[111.16761301900603,36.63155001547416],[111.16802872471581,36.63226470936617],[111.16814829906957,36.632836763616574],[111.16803136482177,36.63348067923162],[111.16838823020144,36.634338509161836],[111.16901213799952,36.635553598865194],[111.16951683953694,36.63636353073707],[111.1701983777922,36.63686325388287],[111.1710567457224,36.637052765361524],[111.17271406078602,36.637312642768755],[111.17395747002585,36.63769231529897],[111.17490509660165,36.63809625168575],[111.17555682861118,36.63847677463487],[111.17635643852961,36.63883323291538],[111.17697848993616,36.63916610654578],[111.17768913843575,36.63942731712981],[111.17896169464507,36.63959231077411],[111.18109173300246,36.63954140658896],[111.18271949314303,36.63977734726428],[111.18343044913247,36.64015773611818],[111.18375645715834,36.640395658897006],[111.1843486254226,36.640585484710904],[111.18511808439655,36.64067966232822],[111.18641974514007,36.640629947184905]]]]},"properties":{"code":"SXNR-N07","name_short":"五鹿山","name_full":"山西五鹿山国家级自然保护区","zone":"experimental","area_km2":73.969,"feature_count":2}}]}