{"type":"FeatureCollection","features":[{"type":"Feature","geometry":{"type":"MultiPolygon","coordinates":[[[[111.45433668207394,35.11311625858262],[111.45433705605998,35.113116246364655],[111.45433742665023,35.113116215230924],[111.45433779493658,35.113116164275965],[111.45433815762331,35.11311609261078],[111.45433851472544,35.113116002939385],[111.45433886294221,35.113115893471445],[111.45433920227863,35.11311576510829],[111.45433953055091,35.113115619660825],[111.45433984665712,35.1131154562318],[111.45434014951036,35.113115276628044],[111.4543404369168,35.11311508085775],[111.45434070778455,35.11311486982636],[111.45434096212361,35.11311464533658],[111.45434119774016,35.11311440739662],[111.4543414135423,35.11311415691192],[111.45434160954503,35.113113896586476],[111.45434178354455,35.113113624625896],[111.45434193665773,35.11311334463138],[111.4543420666958,35.113113057512486],[111.45434217256185,35.11311276327332],[111.4543422564647,35.113112464609706],[111.4543423151136,35.11311216153395],[111.4543423496205,35.11311185674596],[111.45434235998039,35.11311154934441],[111.45434234621328,35.11311124293465],[111.45434230832417,35.113110938418004],[111.4543422642889,35.11311071234245],[111.45434079127936,35.11310422178369],[111.45434780675228,35.113096226592695],[111.45456260050912,35.112918109107305],[111.45507225527105,35.11267394462099],[111.45552398934929,35.112526734698775],[111.4555240933643,35.11252670005634],[111.45552443270141,35.11252657259124],[111.45552476096418,35.11252642623924],[111.45552484301105,35.11252638627122],[111.45611401524,35.11223288656067],[111.45611424819603,35.11223276309959],[111.45611455104208,35.11223258349141],[111.45611471060646,35.112232478333624],[111.45656553413953,35.11192358794675],[111.45709543358694,35.11167906289721],[111.45709551454537,35.11167902473495],[111.45709583064048,35.1116788612988],[111.45709595092084,35.111678793243485],[111.45742951621384,35.11148342057361],[111.45790047875141,35.11123906390956],[111.45823420365777,35.111092265260645],[111.45870568399401,35.11089631630458],[111.45870598488817,35.11089618176517],[111.45870630097701,35.11089601832485],[111.45870660271551,35.1108958387144],[111.45870689010366,35.11089564293382],[111.4587071620547,35.11089543278993],[111.45870741527291,35.11089520739385],[111.45870765087037,35.11089496944546],[111.45870775225377,35.11089485729356],[111.4593134122818,35.110197760989],[111.45976321260659,35.11003502665597],[111.46011632781469,35.11000142825268],[111.46033262992195,35.11000060708714],[111.46033300280085,35.11000059575628],[111.4603331036771,35.110000589063745],[111.460805542666,35.10996643003109],[111.4608058222248,35.10996640373043],[111.4615336206066,35.10988276349196],[111.46206429477918,35.10988074196019],[111.46249674968685,35.109959774237055],[111.46287116441839,35.11010376656017],[111.46287142381429,35.11010386021224],[111.46287177432666,35.110103967036736],[111.46287213130813,35.11010405400668],[111.46287249586571,35.11010412292058],[111.46287286359669,35.110104171091145],[111.46287323560301,35.11010419941551],[111.46287360859917,35.110104208807606],[111.46340530857597,35.11010217658155],[111.4634056814548,35.11010216524125],[111.46340605202765,35.11010213407991],[111.46340642028939,35.11010208219617],[111.46340645755228,35.11010207664559],[111.46407536191518,35.10998623978181],[111.46407568841842,35.10998617453557],[111.46407604439905,35.109986084839825],[111.46407639368607,35.10998597533986],[111.46407655788383,35.109985916123094],[111.46468573252733,35.10975703100213],[111.46525561186614,35.10954447570361],[111.46525580120282,35.1095444010657],[111.4652561294411,35.10954425558883],[111.46525621148018,35.10954421561427],[111.46574690214133,35.10929971224643],[111.46611948500876,35.10915292651067],[111.46672868521357,35.109021234284725],[111.46672873560712,35.10902122327443],[111.4667290926723,35.10902113266538],[111.46672928868001,35.109021074223904],[111.46714208855462,35.10889002413719],[111.46714223963713,35.10888997398037],[111.46714257893564,35.10888984558157],[111.46714280433652,35.10888974826783],[111.46753563388381,35.108710225804046],[111.46753573671471,35.10871017763553],[111.46753605277726,35.108710014172324],[111.46753635448812,35.108709834540036],[111.4675366418473,35.10870963873869],[111.46753691376824,35.10870942857514],[111.46753716695524,35.1087092031608],[111.46753736217917,35.10870900771476],[111.46796800186979,35.108254237539214],[111.46796804111393,35.10825419502395],[111.46796825686145,35.10825394451522],[111.46796845280397,35.10825368326663],[111.46796862675299,35.108253412188034],[111.4679686419645,35.108253386891306],[111.46830006928258,35.10768588804914],[111.4684950691423,35.107410518140874],[111.46906229021117,35.106842535667546],[111.4694733936133,35.10655019264527],[111.47004243436409,35.106273097160006],[111.47004271760089,35.106272950041955],[111.47004302038891,35.106272769497885],[111.47004330773872,35.10627257459195],[111.47004357854314,35.10627236352574],[111.47004368550836,35.10627227207394],[111.47039636794005,35.10596343674342],[111.4703965152431,35.10596330277099],[111.47039675079226,35.105963064800065],[111.47039696653154,35.105962815188335],[111.47039716136405,35.10596255394011],[111.47039718312419,35.105962523209534],[111.47080726082191,35.10536218041761],[111.47080741518403,35.105361939155735],[111.47080756712967,35.10536165914485],[111.4708076970978,35.105361372008474],[111.47080780399159,35.105361077750864],[111.47080787709699,35.10536082058011],[111.47090410003938,35.104972066375254],[111.47100032209904,35.10458331387902],[111.47100033173167,35.10458327237916],[111.47100037974957,35.104583039642385],[111.47109561676598,35.10403277210792],[111.47128912129399,35.10346605849835],[111.47144424118531,35.10309389142674],[111.47167841361761,35.102785968245804],[111.471678530058,35.10278580915381],[111.47167870397806,35.102785537168494],[111.47167885701799,35.10278525805356],[111.47167898697388,35.102784970014845],[111.47167909386128,35.102784675756375],[111.47167917659382,35.102784377085094],[111.4716792351715,35.10278407400099],[111.47167926350177,35.10278385125542],[111.47169783512875,35.102589589586294],[111.47169784232842,35.102589506633365],[111.47169785262744,35.10258920013166],[111.47169783879762,35.10258889372383],[111.4716978341821,35.10258885408205],[111.47165597315919,35.102152465926814],[111.47169317208116,35.10178049937383],[111.47169318028405,35.101780400192546],[111.47169319058303,35.1017800936908],[111.4716931767534,35.10177978728292],[111.47169313880035,35.10177948187027],[111.47169307563752,35.101779179259765],[111.47169304982545,35.101779077506734],[111.47161285517383,35.10148899360021],[111.47170827302816,35.1010043543112],[111.47186326055284,35.10058330644756],[111.47186331772433,35.100583140375186],[111.4718633811802,35.100582922900934],[111.47195957974083,35.10021076620046],[111.4720563188166,35.100017379067765],[111.47236906525006,35.09974168030796],[111.47236919944564,35.099741558101776],[111.47236932486219,35.099741435028434],[111.47272169036727,35.09938404683305],[111.47272177757957,35.09938395545584],[111.47285876613564,35.099237779808234],[111.47285878902625,35.099237755382276],[111.47285900473527,35.099237504864774],[111.47285908421296,35.09923740360269],[111.47309358765744,35.09892902108218],[111.47309370408446,35.09892886108747],[111.47309386386983,35.09892861259048],[111.47324988681065,35.098669084022255],[111.47324989984098,35.09866906143744],[111.47325005286281,35.09866878141909],[111.47325009837783,35.098668686598806],[111.4733862429307,35.09837686946306],[111.47338625701599,35.09837683966325],[111.47354181014329,35.09803639940208],[111.47354187939425,35.09803623688712],[111.47354198626891,35.09803594262688],[111.47354206899006,35.09803564395418],[111.47354212865434,35.09803534086474],[111.473542163084,35.098035036071145],[111.4735421691222,35.0980349423063],[111.47355979085658,35.09767904333202],[111.47359755776972,35.09742075848198],[111.4737528442345,35.097097242856],[111.47394746719604,35.09677349304019],[111.47424038350651,35.0964817938692],[111.47449493362743,35.096303054568374],[111.47449501008178,35.09630300018766],[111.47449528084718,35.09630279001284],[111.47449553507357,35.09630256457967],[111.47449577058329,35.096302326600714],[111.47449598628486,35.096302076981615],[111.47449618217829,35.096301815722356],[111.47449635608065,35.096301544634244],[111.47449650909385,35.096301264614276],[111.47449662712293,35.09630100365974],[111.47467139257856,35.09587957442133],[111.47467140339381,35.09587954823958],[111.47467151026171,35.09587925397831],[111.47467159297663,35.09587895530478],[111.47467165153859,35.09587865221903],[111.47467168705467,35.09587834651941],[111.474671697342,35.095878040017205],[111.47467168350248,35.095877733609456],[111.47467164444465,35.09587742820179],[111.47467158237755,35.095877126489626],[111.47467149619926,35.09587682757595],[111.47467141486213,35.09587660706151],[111.47449209326683,35.09542547137243],[111.47456896198167,35.09516754869188],[111.47456902100832,35.09516732582525],[111.47456908066683,35.0951670227352],[111.47456910272543,35.09516685499615],[111.47460645738246,35.09482737064859],[111.47472251497588,35.09452022176876],[111.47487826892414,35.09424479385772],[111.47487837632225,35.0942445915327],[111.47487850625365,35.09424430349035],[111.47487861310827,35.09424400742615],[111.47495596171915,35.0940009640154],[111.47495604336592,35.09400067075394],[111.47495610192556,35.094000367667974],[111.47495613743985,35.094000061968195],[111.47495614772596,35.09399975546588],[111.47495464637437,35.0937408405929],[111.47495463253426,35.09374053418509],[111.47495459347648,35.093740228777406],[111.47495453141005,35.09373992706527],[111.47495444523307,35.09373962815168],[111.47495437280122,35.09373943013643],[111.47471454631768,35.09312543428452],[111.4747145073816,35.09312533889289],[111.47471437412388,35.09312505278244],[111.47471421897515,35.09312477396857],[111.47471411715982,35.093124614826635],[111.47445591766656,35.09273724602825],[111.47445584135669,35.092737135459686],[111.47445564355054,35.09273687574091],[111.47445542387436,35.09273662692401],[111.47445528046106,35.092736480563644],[111.47405992972438,35.09235029735126],[111.47392094654484,35.09202883097496],[111.47393814729152,35.09160934235486],[111.4740343812117,35.091253487189995],[111.47416961058673,35.09084912962753],[111.47444267935504,35.090476414781385],[111.47444274570492,35.0904763207804],[111.47444285767884,35.09047615178805],[111.47465691234348,35.09013633981533],[111.47506456730638,35.08986244087629],[111.4755548426081,35.09013366433873],[111.47555488110939,35.090133684919],[111.4755551989681,35.09013384591709],[111.47555552878475,35.0901339888411],[111.47555586946795,35.090134114596665],[111.47555601559284,35.09013416179563],[111.47622559896638,35.090341584905254],[111.47671915147227,35.09071123540033],[111.47671925279536,35.0907113098148],[111.47671954233566,35.09071150337009],[111.47671970080289,35.09071159829114],[111.47713407932778,35.090952425075514],[111.47737116072413,35.091161510441836],[111.47737131942411,35.09116164502093],[111.477371593699,35.09116185305647],[111.47737188324244,35.09116204661015],[111.47737218694728,35.091162223883615],[111.47737237614227,35.09116232228828],[111.47798412531239,35.09146719378497],[111.47824077551576,35.09164395776083],[111.47824098798394,35.09164409753485],[111.47824129278904,35.091644274801766],[111.47824161065884,35.091644435792695],[111.4782419404862,35.09164457870926],[111.47824228117449,35.09164470355582],[111.47824263053047,35.091644810341016],[111.47824298854891,35.0916448981635],[111.47824335193467,35.09164496613491],[111.478243720693,35.09164501515659],[111.47824409262016,35.09164504343451],[111.47824446552816,35.09164505187866],[111.47824483832039,35.09164504049337],[111.47824520990024,35.091645009282956],[111.47824558026244,35.091644957346084],[111.47873731229059,35.09156210368626],[111.47873766938731,35.09156203377308],[111.4787380263629,35.091561943129115],[111.47873836350982,35.091561837240356],[111.47907240271206,35.09144723782147],[111.47907266643757,35.091447141235435],[111.4798191062152,35.09115290388735],[111.47981918608303,35.09115287202374],[111.47981951531298,35.091152725602136],[111.47981963668836,35.09115266563214],[111.48017297085865,35.09097326294031],[111.4807223712409,35.09069610574307],[111.48121276545096,35.09050023225823],[111.48174307830162,35.09036878689695],[111.48217554781193,35.09026999338343],[111.48262705619601,35.090171259559504],[111.48327572431579,35.09016867599151],[111.483846662623,35.09021492200254],[111.48384687655009,35.090214936471995],[111.48384724945196,35.090214944898975],[111.48384762223668,35.09021493349651],[111.4838479565447,35.09021490602312],[111.48432017491808,35.09016447272253],[111.48432021107915,35.09016446807129],[111.48432057924272,35.090164417026045],[111.4843208498038,35.09016436546927],[111.48487143543946,35.09004888859208],[111.48487152743613,35.09004886839431],[111.48487188439812,35.09004877773238],[111.48487216900082,35.09004869006388],[111.48536340177024,35.08988489927764],[111.48536346634107,35.08988487738657],[111.48536380553736,35.08988474983858],[111.48536395757932,35.08988468433215],[111.48598573185569,35.08960998079451],[111.48602431033501,35.08974945659868],[111.48602436961478,35.08974965195599],[111.48602447992062,35.089749945356886],[111.48602461321744,35.089750232356124],[111.48602476839261,35.089750510254106],[111.48602494545683,35.08975078085345],[111.48602514438873,35.08975104054884],[111.48602536298972,35.08975128844775],[111.48602560125987,35.08975152455013],[111.4860258580972,35.089751747959056],[111.48602613129249,35.08975195597932],[111.48602642085109,35.08975214951225],[111.48602672566572,35.08975232675957],[111.48602704354319,35.08975248773008],[111.48602737337623,35.08975263062547],[111.48602771407356,35.0897527563515],[111.48602806343133,35.08975286311427],[111.4860284214442,35.08975295001245],[111.48602878483307,35.089753018861906],[111.4860291535819,35.089753066958615],[111.48602952550286,35.089753095212714],[111.48602989840809,35.089753104534324],[111.48603023282035,35.08975309508168],[111.4866994185347,35.08971804587259],[111.48669945690467,35.08971804391585],[111.48669957090728,35.08971803624741],[111.48738834790724,35.08966672160286],[111.48738860546646,35.08966669713228],[111.48738874134712,35.08966668036166],[111.48801826124907,35.089583236113995],[111.48801849352186,35.089583200927535],[111.4880188571759,35.08958313005932],[111.48801921303568,35.08958303939257],[111.48801956220318,35.08958292982422],[111.488019901394,35.08958280226886],[111.48802001625124,35.089582754034566],[111.4884716716846,35.08938674576422],[111.48847172746538,35.089386721202814],[111.48902152793192,35.08914176738848],[111.48902168650599,35.08914169464023],[111.48902200244994,35.08914153112147],[111.48902230404147,35.0891413514361],[111.48902259128056,35.08914115558415],[111.4890226993634,35.08914107492731],[111.48927747542494,35.0889458565933],[111.48927763913676,35.08894572613702],[111.4892778933049,35.08894550157442],[111.48927812875044,35.08894526356699],[111.48927834438214,35.088945013020485],[111.48927854021083,35.08894475173756],[111.4892787140487,35.08894448062843],[111.48927886590111,35.088944200594426],[111.48927899577886,35.08894391343821],[111.48927900550275,35.08894388906227],[111.48943418485634,35.08855488163867],[111.48943428084682,35.088554612646234],[111.48943436459189,35.08855431305701],[111.48943442309961,35.088554010865586],[111.4894344472008,35.08855382328563],[111.4894529637888,35.0883767784147],[111.48958898656831,35.0881829301378],[111.48958916802029,35.08818264908249],[111.48958920166922,35.08818259125966],[111.48978404162936,35.08784197222091],[111.48978416092596,35.08784175000471],[111.48978428970368,35.08784146285236],[111.48978432751228,35.08784136715558],[111.48989999998626,35.08753504709574],[111.4901725466578,35.087389469529235],[111.49072219427293,35.08720940828204],[111.49072229167751,35.087209376340304],[111.49072263084884,35.087209247876075],[111.4907228495987,35.087209153249475],[111.49133149603851,35.08693158570532],[111.49133160539108,35.086931534786125],[111.49133165459001,35.08693151025009],[111.49176229685658,35.08671998045557],[111.49215453236451,35.08670226384397],[111.49215462006141,35.086702258981234],[111.49215499161303,35.0867022277284],[111.49215511433995,35.08670221280856],[111.49266615174808,35.08663546240485],[111.49388598295191,35.08663049940941],[111.49459461201472,35.08669229630853],[111.49504762769712,35.08675515359556],[111.49504786033994,35.086755181489295],[111.49504823225006,35.086755209715825],[111.49504860513689,35.08675521810848],[111.4950489779039,35.08675520667171],[111.49504904257857,35.08675520280224],[111.4955607041786,35.086720747775566],[111.49556101105429,35.08672072038204],[111.49556137918955,35.08672066840148],[111.49556174172757,35.086720597515246],[111.49556209866289,35.08672050682202],[111.49556244671133,35.086720397236554],[111.49556278587833,35.08672026966021],[111.49556311396536,35.08672012320062],[111.4955634298922,35.08671996056624],[111.49556373255689,35.08671978086025],[111.49556401977173,35.08671958499292],[111.49556429044566,35.08671937387011],[111.49556454458957,35.08671914929446],[111.49556478001037,35.08671891127493],[111.49556499561695,35.086718660717345],[111.49556519142021,35.086718399424406],[111.49556536523252,35.08671812830637],[111.49556551815589,35.08671784826011],[111.49556563071408,35.086717602630465],[111.49570102629303,35.08639447896664],[111.49603293683884,35.08613513291963],[111.49648369459523,35.08584217808611],[111.49715030188479,35.08543505492546],[111.49744448737141,35.08528831864292],[111.49744472129002,35.085288195999865],[111.49744502284874,35.08528801629372],[111.4974452336253,35.08528787481705],[111.49795492020064,35.08492976679284],[111.49795499662872,35.08492971239744],[111.49795526729604,35.08492950217067],[111.49795552142236,35.08492927668869],[111.49795575573454,35.08492903866905],[111.49795597243111,35.08492878900409],[111.49795616712598,35.08492852771181],[111.49795634202314,35.08492825658585],[111.49795642989399,35.08492810028989],[111.49820949985073,35.084457768160526],[111.4982095637945,35.084457644411614],[111.49820969362844,35.08445735634461],[111.49820979930608,35.084457062968674],[111.49820988301501,35.0844567633735],[111.49820994148754,35.08445646117792],[111.49820996658732,35.084456260973056],[111.49826567932116,35.08390582614333],[111.49826568854849,35.08390572064637],[111.49826569874658,35.0839054141423],[111.4982656848214,35.08390510773735],[111.49826566849462,35.083904947362484],[111.49822432708352,35.083581467024736],[111.49822431333354,35.08358136973441],[111.49814232345334,35.08304768356265],[111.49814231548743,35.083047635823334],[111.49814225333884,35.08304733322185],[111.49814216709466,35.08304703522615],[111.49814206677134,35.083046766131766],[111.49798221738064,35.082659043078884],[111.49798220736429,35.08265901878332],[111.4979820740376,35.082658731797125],[111.49798191883029,35.082658453013025],[111.4979817671973,35.082658221084955],[111.497723974007,35.08228763446297],[111.4976648471856,35.082097264807146],[111.49783490599154,35.08198741305062],[111.49838475196094,35.08233890665202],[111.49838480478982,35.08233893888385],[111.49838510851202,35.082339117006164],[111.49838542637896,35.082339277043175],[111.49838550885144,35.082339315462676],[111.49874083769996,35.08249967930063],[111.49874108505804,35.082499784643744],[111.4987412323391,35.08249984172503],[111.4992147755218,35.08267590003014],[111.49921497002414,35.08267596863412],[111.49921531936835,35.08267607535914],[111.4992156773692,35.08267616311996],[111.4992160407317,35.08267623102881],[111.49921640945587,35.08267627908568],[111.49921678135422,35.08267630820094],[111.499216818646,35.08267630985014],[111.49955117036635,35.082691096159806],[111.50041767367479,35.08283307059538],[111.5010088789282,35.08296005389772],[111.50100923570339,35.08296012002568],[111.50100960443534,35.0829601689784],[111.50100985457466,35.08296019047895],[111.50191566112161,35.08302116420535],[111.50248680741886,35.08308351292107],[111.50248684253448,35.083083517282375],[111.50248721443019,35.08308354548623],[111.50248758730079,35.08308355385614],[111.50288130623612,35.083081921788555],[111.50288167898505,35.083081910327856],[111.50288174365639,35.083081906454225],[111.50313756174663,35.08306466233232],[111.50313786860032,35.08306463401839],[111.50313823562311,35.08306458292086],[111.50313859923466,35.08306451200758],[111.50313895504893,35.08306442129674],[111.503139304168,35.083064311685135],[111.50313964330789,35.083064184087746],[111.50313983687906,35.08306410035958],[111.50361100673764,35.082851771822256],[111.50361114122444,35.08285170906996],[111.50361145712021,35.08285154641479],[111.50361175974727,35.08285136578752],[111.50361204693473,35.08285117080263],[111.50361231757505,35.08285095966199],[111.50361257168483,35.082850735069606],[111.50361280707106,35.08285049703459],[111.50361302264282,35.08285024646285],[111.50361321841118,35.08284998515703],[111.50361324014168,35.08284995261784],[111.5039449150043,35.082363099057645],[111.50394505293919,35.08236288396092],[111.50415940611487,35.08200597681266],[111.50415941913404,35.082005954224556],[111.50415948856597,35.082005833153744],[111.50437297270523,35.08161777464301],[111.50454820648864,35.08152068677857],[111.50454851129611,35.081520505238515],[111.50454879847116,35.0815203093501],[111.50454906911021,35.081520099108715],[111.50454932320777,35.08151987361305],[111.5045495585875,35.081519635576214],[111.50454977415846,35.08151938590414],[111.50454996992067,35.08151912459679],[111.5045501436923,35.08151885346599],[111.50455029657532,35.08151857340851],[111.50455042638237,35.08151828533481],[111.50455051373753,35.08151804791384],[111.5047244943573,35.080999483941355],[111.50489839204997,35.08048115889021],[111.5050926407801,35.08007601814555],[111.50509274460133,35.08007578426101],[111.50509285024323,35.080075489977794],[111.50509293392822,35.080075191279235],[111.50509299236685,35.08007488817904],[111.50509301435919,35.080074720434574],[111.50513027367946,35.07973488608391],[111.50524466374429,35.07913580851307],[111.50524468701035,35.07913566960674],[111.50524472241132,35.07913536479968],[111.50524473258292,35.079135058295016],[111.50523944412267,35.07827740677707],[111.5052394301671,35.07827709947151],[111.50523942545908,35.07827704721226],[111.50519746226149,35.077856476262646],[111.50519743578242,35.077856271764254],[111.50511542389985,35.07732270544221],[111.50507327302331,35.076869885400114],[111.50507323732364,35.07686960792988],[111.50507317405805,35.076869305336395],[111.50507308779552,35.07686900734548],[111.50507297743961,35.0768687139617],[111.50507284409784,35.07686842698317],[111.50507268887775,35.076868148208],[111.50507260473364,35.07686801605849],[111.50491363447486,35.076625940841765],[111.50491354043024,35.07662580332521],[111.50491334147125,35.076625543660484],[111.50491328071881,35.076625470903245],[111.504596038215,35.07625459353318],[111.50459588034109,35.07625441752345],[111.50459564205762,35.076254181457145],[111.50459538521291,35.07625395808711],[111.50419970935303,35.07593195321453],[111.50368586366397,35.07551377687658],[111.50346961952535,35.07521026105231],[111.5035067374948,35.075163985249745],[111.50350692998393,35.07516372846426],[111.50350710374579,35.07516345733476],[111.50350725662082,35.075163177278355],[111.50350738642176,35.075162889205515],[111.50350749206328,35.07516259492345],[111.50350757574924,35.075162296225734],[111.50350763419048,35.075161993126045],[111.50350766959639,35.07516168831925],[111.50350767977417,35.07516138181446],[111.50350766583131,35.07516107540983],[111.50350762667694,35.07516077001122],[111.50350756451492,35.0751604674122],[111.50350747716355,35.075160169424585],[111.50350736791198,35.075159876034675],[111.5035072701116,35.075159661916956],[111.50320856717178,35.07454664976721],[111.50316620379306,35.074046158530216],[111.50318368897197,35.07369032708388],[111.50318367920671,35.073689807940696],[111.50318364115623,35.07368950343868],[111.5031835779002,35.07368920084397],[111.50318349164247,35.073688901950135],[111.5031834447759,35.073688768743196],[111.5030633560614,35.0733656162613],[111.50306329368563,35.07336545697919],[111.50306316035672,35.073365169998176],[111.50306302510059,35.073364926290466],[111.50278461964969,35.07289686213083],[111.50256580045348,35.072493537600266],[111.50242618920231,35.07212312312414],[111.50246373537048,35.0718488375984],[111.50246376130411,35.071848596827614],[111.50246377148555,35.07184829032273],[111.50246178953016,35.07152493890816],[111.50249945947328,35.07126661323233],[111.5025954536641,35.07102581438863],[111.5029655942697,35.070879785518194],[111.50347570329735,35.070813098252415],[111.50404607379309,35.07081072831659],[111.50404644758237,35.07081071684821],[111.5040468179607,35.07081068556405],[111.50404718601891,35.07081063355824],[111.50404754847905,35.07081056264711],[111.5040476393474,35.07081054153818],[111.50445961794352,35.070711913478576],[111.50550201838433,35.070707572486064],[111.50550239107653,35.07070756101778],[111.50550272529702,35.07070753348532],[111.5059748159561,35.07065701766146],[111.50597485320914,35.07065701390061],[111.50597522126537,35.070656961888965],[111.5059755837231,35.07065689097209],[111.50597594057679,35.07065680024865],[111.50597628854298,35.07065669063371],[111.50597662762725,35.0706565630286],[111.50597673588602,35.070656517508944],[111.50646751083865,35.07044409599154],[111.5064677305884,35.07044399592421],[111.50646804642534,35.070443832360375],[111.50646834790977,35.07044365263196],[111.50646863504168,35.07044345673901],[111.50646890673032,35.0704432455874],[111.50646915969782,35.07044302099354],[111.50646939504051,35.070442782952874],[111.50646954202041,35.0704426164887],[111.50674310173977,35.07011782307845],[111.50674317138646,35.0701177389609],[111.5067432855869,35.070117590660566],[111.50689894879616,35.069907239465266],[111.5071138182053,35.06976119690996],[111.5071139666637,35.06976109263274],[111.50711423725208,35.06976088148427],[111.50711449131205,35.06976065688449],[111.50711472665091,35.06976041884259],[111.5071148420636,35.06976028946541],[111.50740770684806,35.06941954716498],[111.50768153022305,35.069192120038906],[111.50768178318339,35.06919189544255],[111.50768201851899,35.06919165739955],[111.50768223404282,35.069191406820394],[111.50768242976604,35.06919114550781],[111.50768260459792,35.06919087436769],[111.50768271844373,35.0691906692822],[111.50787703773797,35.06881803980922],[111.50811114252566,35.06852612157765],[111.50811133388866,35.06852586478942],[111.50811150871213,35.06852559274735],[111.50811166046296,35.06852531268968],[111.50811179024302,35.06852502551316],[111.50811189695601,35.06852473122239],[111.50811193133946,35.06852461840821],[111.50824679903651,35.0680547596553],[111.50824684721886,35.06805457377299],[111.50824685896524,35.06805452324755],[111.50836168907682,35.06753643713931],[111.50851632837139,35.06709916589697],[111.5086323109222,35.06680815279937],[111.50904218155218,35.06633775426528],[111.50927633116125,35.06607831949396],[111.50951049207177,35.06591620872076],[111.51005958320535,35.065687588912],[111.51005988385413,35.0656874551476],[111.51005996582172,35.065687414241644],[111.5105504977861,35.06544261204038],[111.5105505655467,35.06544257840479],[111.5109620777663,35.06523072289012],[111.51155087297846,35.065050397088235],[111.51155102724701,35.065050347764085],[111.51184560588233,35.06495202210249],[111.5126217733591,35.06470379392332],[111.51262191557883,35.064703746451485],[111.51262225462801,35.06470361882797],[111.51262258259635,35.0647034723227],[111.51262289839886,35.06470330874298],[111.5126232009449,35.06470312899477],[111.512623488042,35.06470293308735],[111.51262375860516,35.06470272282802],[111.51262401262873,35.06470249731544],[111.51262424684089,35.06470225926753],[111.51262446343976,35.06470200957637],[111.51262465804034,35.064701748260475],[111.51262483284641,35.064701477113246],[111.51262498457483,35.06470119704995],[111.5126251143275,35.064700908967275],[111.51262522102508,35.064700615573855],[111.51262530356566,35.06470031597301],[111.5126253619718,35.06470001377007],[111.5126253973341,35.0646997080591],[111.512625407477,35.064699401553334],[111.51262539350235,35.0646990951495],[111.51262535431954,35.06469878975356],[111.51262529213234,35.06469848715891],[111.51262520585578,35.0646981891729],[111.51262509548987,35.0646978957955],[111.51262496214773,35.06469760972608],[111.51262480692566,35.064697330960044],[111.51262462873864,35.064697061304656],[111.51262443088106,35.06469680164739],[111.51262421116608,35.064696552898845],[111.51262397398996,35.06469631684314],[111.51262371716584,35.0646960943909],[111.51262364995638,35.06469604059326],[111.51217183611502,35.064340219577254],[111.5121716290466,35.06434006451605],[111.51217133951756,35.064339871044496],[111.51217128889878,35.06433984061194],[111.5117059206598,35.064055926194534],[111.51125527168044,35.063630073595654],[111.51116708868737,35.06287872577012],[111.5111670623167,35.06287854020073],[111.51116700013635,35.06287823760519],[111.51116693735982,35.06287801523336],[111.51106665172085,35.06255522568023],[111.5110450938026,35.06224842351795],[111.51104339673346,35.06197610309004],[111.51153041968115,35.061733035975784],[111.51200133162237,35.06163412303176],[111.5120014246765,35.061634102809016],[111.51200178039355,35.061634012974075],[111.51200212940955,35.06163390333746],[111.51200246844147,35.061633774814375],[111.51200279640435,35.061633629212146],[111.51200303572047,35.06163350741951],[111.51261111650544,35.061307288067525],[111.51261119188452,35.061307246286304],[111.51261147366911,35.061307079244905],[111.51310151990786,35.060997568086584],[111.5135328241061,35.060736851007945],[111.51353286341687,35.060736826504765],[111.51406181073737,35.06041117824328],[111.51488572883125,35.06006806769176],[111.51535685107419,35.05988809128672],[111.51535699651022,35.05988803388302],[111.51535723155041,35.05988793103054],[111.51610284518236,35.05954497452434],[111.51645606754116,35.05939787054844],[111.51688738356944,35.059218242461135],[111.51726023874627,35.0591358604217],[111.51726060758365,35.059135767811334],[111.51726077717268,35.0591357166119],[111.51757359813666,35.05903773463491],[111.51802429609448,35.0591002040796],[111.51861500486405,35.05933991385252],[111.5190291952061,35.05959660515954],[111.51936522771716,35.059870047098784],[111.51936550199746,35.05987025594173],[111.51936556916733,35.05987030342632],[111.51976074289227,35.06014359106547],[111.51997819161893,35.0603205329649],[111.51997846590228,35.06032074180643],[111.51997875542948,35.06032093435811],[111.51997905911574,35.060321112427296],[111.51997937693818,35.06032127240864],[111.51997970781207,35.060321416109545],[111.5199800473355,35.060321540844775],[111.51998039770652,35.06032164750626],[111.51998075563088,35.06032173520676],[111.5199811189105,35.06032180305436],[111.51998148755104,35.06032185195036],[111.51998185825254,35.06032188010622],[111.51998223102069,35.06032188842325],[111.5199826047593,35.06032187690618],[111.51998297508362,35.060321845573775],[111.51998309776567,35.06032183062609],[111.52049437839675,35.06025490745106],[111.52049462262424,35.06025487125],[111.52049468503849,35.060254860165834],[111.52086820221703,35.06018852647014],[111.52086850329147,35.06018846568745],[111.5208688600827,35.06018837492059],[111.5208692079842,35.06018826526329],[111.52086954700168,35.0601881376169],[111.52086987494275,35.06018799199085],[111.52087019071126,35.06018782838983],[111.52087049322243,35.060187648621216],[111.52087078028389,35.060187452694436],[111.5208710508052,35.06018724151553],[111.52087130479778,35.06018701688719],[111.52087154006925,35.06018677881879],[111.52087175661389,35.06018652640901],[111.5211060711568,35.05989423146386],[111.52137943604411,35.059553223578284],[111.5213796284409,35.05955296676457],[111.5213797880038,35.059552718204245],[111.52153558386783,35.059293126877435],[111.52153559687868,35.05929310428745],[111.52153574966293,35.0592928242084],[111.52153587937586,35.05929253611628],[111.52153598602894,35.05929224181377],[111.52153606853743,35.05929194310826],[111.52153610470125,35.05929176898994],[111.52161225264688,35.0588868779202],[111.52161227484676,35.058886748929986],[111.5216123101733,35.0588864432164],[111.52161232028214,35.05888613670988],[111.52160799669882,35.0582064887384],[111.5216079826863,35.05820618143422],[111.5216079445754,35.058205876937734],[111.52160788236034,35.058205574347625],[111.52160786664719,35.05820551672802],[111.52146683907452,35.057672578929726],[111.5214624218933,35.056977816272244],[111.52155844619558,35.05665481133058],[111.52165548254503,35.05649311965094],[111.52185036520841,35.05620108374943],[111.52185041189499,35.05620101324233],[111.52200630192429,35.05595760385724],[111.52200638329107,35.05595747100685],[111.52200653606765,35.055957190927124],[111.52200666577953,35.05595690373573],[111.52200670244002,35.05595680803358],[111.52212242840828,35.055649881055494],[111.52255051655351,35.0552779879672],[111.52345314191189,35.05524181687861],[111.52420082743528,35.055238588287466],[111.52420120005385,35.05523857676232],[111.52420157144383,35.05523854451116],[111.52420169411748,35.05523852955925],[111.52496849387734,35.05513812700694],[111.52557807095174,35.05507076339987],[111.52557844659778,35.05507071129608],[111.52557851666866,35.05507069837343],[111.52622715499504,35.05495461670001],[111.52693484146799,35.05483827238622],[111.52693521588274,35.05483819955226],[111.52693557264385,35.05483810876773],[111.52693592051439,35.054837999093216],[111.52693625950019,35.05483787143004],[111.52693658740903,35.05483772578774],[111.52693690314476,35.05483756217106],[111.52693720562286,35.05483738238746],[111.52693749265109,35.054837186446434],[111.52693776313912,35.05483697525411],[111.52693801709853,35.054836750613156],[111.5269382523371,35.05483651253308],[111.52693828933874,35.054836470909684],[111.52722599732921,35.05451752941051],[111.5275175203872,35.054972503681526],[111.52767573539234,35.05523678900754],[111.52776901424966,35.055425643127094],[111.52776904089882,35.05542569619153],[111.52776919615417,35.05542597493831],[111.52776937437015,35.05542624457159],[111.52776957225261,35.05542650420433],[111.52776979198798,35.05542675292564],[111.52777002918015,35.055426988951936],[111.52777028601558,35.05542721137235],[111.52777055920592,35.05542742020116],[111.52777084983566,35.055427613630954],[111.52777115351452,35.05542779077945],[111.52777126020402,35.05542784710108],[111.52787295363288,35.05548044077218],[111.52787316367159,35.05548054531755],[111.52787349343745,35.05548068810052],[111.52787383404859,35.05548081280905],[111.52787418440883,35.05548091944791],[111.52787454232015,35.055481007125316],[111.52787490558447,35.05548107494945],[111.52787527420762,35.05548112382166],[111.52787564488962,35.055481151953586],[111.52787601763623,35.055481160246565],[111.52806950797523,35.055480318117766],[111.52806988059422,35.055480306580726],[111.5280702519894,35.05548027521906],[111.52807061886661,35.05548022314573],[111.5280709823336,35.05548015215864],[111.52807133800005,35.05548006137554],[111.5280713708258,35.055480052219025],[111.52831048994457,35.05541082122675],[111.52831076999524,35.05541073347635],[111.52860497640786,35.05531095458413],[111.52860501250443,35.055310942709134],[111.5286051995059,35.05531087429212],[111.52892689954876,35.055188246068],[111.5289270504358,35.055188186821574],[111.52892727560919,35.05518808849268],[111.52929475126845,35.05501979859994],[111.52929483104671,35.05501976129601],[111.52948757491588,35.05492807458735],[111.52991933842887,35.054751989335145],[111.52991967398148,35.05475184004595],[111.52991999517394,35.05475167369363],[111.53059010606329,35.05437753754055],[111.5310671634974,35.05413324232344],[111.53148963824225,35.05398757887668],[111.53148998049393,35.05398744938378],[111.53149000782065,35.053987437546354],[111.53180243531851,35.05385726548722],[111.53180274680814,35.05385712531194],[111.53202319552923,35.05375008100806],[111.53202343697276,35.05374995736393],[111.53223438510439,35.05363550458432],[111.53242708846005,35.05355141998667],[111.53242729282807,35.0535513262494],[111.53242760854774,35.053551162618554],[111.53242791100892,35.05355098282138],[111.5324281980194,35.053550786867476],[111.53242846848894,35.05355057566303],[111.53242872460973,35.053550349198396],[111.5325569298526,35.05342855774503],[111.5325571607156,35.053428324180096],[111.53255737830253,35.05342807174487],[111.53274017481576,35.05319996722889],[111.53274036715624,35.053199709496006],[111.5327405407753,35.053199438324896],[111.53274064912038,35.053199243154886],[111.53280435597455,35.053077737367815],[111.53280440036407,35.0530776524448],[111.53280452893162,35.05307736434559],[111.5328045397345,35.053077339961376],[111.53284986922499,35.052963491711516],[111.53284996502656,35.0529632217834],[111.53285002293917,35.052963025032085],[111.53290394006959,35.052758345724314],[111.53298524422125,35.05251566090886],[111.53298526358772,35.05251560493932],[111.53298534604792,35.05251530622611],[111.53298539593008,35.05251505452689],[111.53303860825109,35.052196601984484],[111.53303861668591,35.052196550569754],[111.53303863447594,35.05219642069542],[111.53306484663631,35.05197658312952],[111.53306486412754,35.051976407287015],[111.5330648741872,35.051976099878246],[111.53306364340845,35.051786689395655],[111.53306362826423,35.05178638299899],[111.53306359010828,35.05178607760481],[111.53306352785623,35.05178577502058],[111.53306345048169,35.0517855067546],[111.53300706790056,35.05161158243401],[111.53287495706273,35.05112734788912],[111.53287489321694,35.051127137250745],[111.53287478279772,35.051126843891595],[111.53287469161467,35.05112664328828],[111.532790640259,35.05095274933784],[111.53279059805246,35.05095266389375],[111.53279045277044,35.05095240313668],[111.53260416457637,35.0506425692342],[111.53260406047586,35.05064240474188],[111.53241802018971,35.050362951672625],[111.53223183044035,35.05006076929289],[111.53223166771843,35.0500605230334],[111.53223146873908,35.05006026341254],[111.5322312876357,35.0500600559923],[111.53209250755864,35.04990956662605],[111.53202749829603,35.04978912321573],[111.53202738633838,35.049788929913746],[111.53202720258228,35.04978865129715],[111.53189748419311,35.04960800202022],[111.53185995422733,35.04947253129285],[111.53181271665864,35.0492909289932],[111.53181264155866,35.04929067243401],[111.53181256011614,35.049290451957134],[111.53172826851613,35.04907867487405],[111.53172823845573,35.04907860289679],[111.53172810616356,35.04907831594186],[111.53172794981107,35.04907803720467],[111.53172793541651,35.04907801473368],[111.53161620076887,35.048896664364165],[111.53161603695511,35.04889641810857],[111.53161583907661,35.0488961584818],[111.53161580372308,35.04889611537129],[111.53149520885972,35.048752815983654],[111.5313745226399,35.04858688364794],[111.53121639392549,35.04834521677203],[111.53121633305443,35.0483451260009],[111.53108612399573,35.048156279145694],[111.53108608638658,35.048156226129905],[111.53108606315995,35.04815619378252],[111.53099345250521,35.04802828382146],[111.5309092659987,35.047801894554745],[111.53090920248725,35.04780173439004],[111.53090913353068,35.04780157965737],[111.53080637387691,35.04758231483611],[111.5307224105539,35.047401121494055],[111.53066607928044,35.04721252601422],[111.53063714390836,35.04700105576609],[111.5306334217161,35.046425496634484],[111.53063340767822,35.04642519023236],[111.53063336843805,35.046424884841834],[111.53063330619928,35.04642458225599],[111.53063324448512,35.04642436079054],[111.53057679170212,35.046242767556755],[111.53057676709466,35.046242691048484],[111.53057665779227,35.04624239858342],[111.5305766399823,35.046242356297235],[111.53051129171487,35.04609139149597],[111.5304452643026,35.04584194485943],[111.53044519260307,35.04584170450889],[111.53044508219988,35.045841411147116],[111.5304450643959,35.04584136976225],[111.53037959650192,35.04569012237249],[111.53037948093379,35.045689877706856],[111.53037935228365,35.0456896439148],[111.53026757525487,35.04550071549208],[111.53026754866565,35.045500671441495],[111.5302675342663,35.045500648068966],[111.53022098124488,35.045425085621105],[111.53022091148688,35.04542497595963],[111.53014647621163,35.04531165102542],[111.53014638216153,35.04531151352778],[111.53014627932605,35.04531137336444],[111.53000720327348,35.04513051760117],[111.52983009490397,35.044760721691254],[111.52976432504802,35.044549146986675],[111.52976430044185,35.044549070478205],[111.5297641900487,35.044548778017074],[111.52976405777088,35.044548491059665],[111.5297639912149,35.04454836786346],[111.52964282984638,35.04432920839586],[111.52955890802224,35.044170501164835],[111.52955877942921,35.044170275483836],[111.52955873180788,35.04417019907577],[111.52940983333832,35.0439359985802],[111.52926114604739,35.043694643745056],[111.52919568174163,35.043498813275804],[111.52917606807947,35.04330272330191],[111.5292019455514,35.043037929449966],[111.52924622964089,35.04276509805108],[111.52924623490559,35.042765064677646],[111.52924626704333,35.04276477970647],[111.52927180362524,35.0424388613099],[111.52927181473044,35.042438543981355],[111.52926937156315,35.04205972218031],[111.52926935753132,35.042059415777764],[111.52926931829852,35.04205911038651],[111.5292692560741,35.04205880870101],[111.5292691697563,35.042058509824706],[111.52926906938886,35.04205824165606],[111.52916612273636,35.041808660425716],[111.52916611162,35.04180863613736],[111.5291659793488,35.04180834917913],[111.52916582301916,35.041808070438094],[111.52916564592472,35.04180780080125],[111.52916547569653,35.04180757620269],[111.5289894649871,35.041589168040964],[111.52894286424844,35.041468768692695],[111.52894282080972,35.04146866071837],[111.52894268744392,35.041468373764644],[111.52894253111569,35.04146809502328],[111.52894235402273,35.04146782538609],[111.5289421550749,35.0414675657592],[111.52894211973182,35.041467523549144],[111.5288214875737,35.0413241574241],[111.52869149370112,35.041158102267495],[111.52869142631492,35.04115801963561],[111.52856142982407,35.04099947360917],[111.52856136465903,35.040999395474365],[111.52834822410459,35.040750702703704],[111.5282271911521,35.040516812791914],[111.52822704590923,35.04051655292997],[111.52822703151135,35.04051652955719],[111.52806907187427,35.04026010568208],[111.52797501188986,35.03993525769463],[111.52797496488718,35.03993510646994],[111.52797485450101,35.0399348131055],[111.52797472114695,35.03993452705192],[111.5279746113522,35.03993432562406],[111.52782569321407,35.03967759344834],[111.52774161855376,35.03948120122178],[111.52774149632845,35.03948094125907],[111.52774134110408,35.039480662511245],[111.52774130124554,35.039480599589105],[111.52754595381028,35.03917096509],[111.52742494992196,35.03893711923832],[111.52732156650048,35.038597074515614],[111.52723649297464,35.03825659137833],[111.52723640779904,35.03825629790357],[111.52723629741783,35.038256004538326],[111.52723617183305,35.038255732871896],[111.52708688063807,35.03796088440485],[111.52708672098898,35.037960598464394],[111.52708656492277,35.03796035847798],[111.52689131633296,35.03768086943659],[111.52689129532014,35.03768083978281],[111.5268910963881,35.03768058015224],[111.52689087779949,35.03768033142341],[111.52689063956589,35.03768009539899],[111.52689038388489,35.0376798729708],[111.52689021096253,35.03767973851698],[111.52665879957142,35.03750647962189],[111.52665869827567,35.03750640614965],[111.52665840771253,35.03750621271604],[111.52665835819525,35.03750618138321],[111.52636241520591,35.03732562602301],[111.52636216110884,35.03732547930146],[111.52636184335803,35.03732531843421],[111.52636178730035,35.03732529253781],[111.52591831270341,35.03712264627106],[111.52591803797081,35.03712252848168],[111.5259179676554,35.03712250084414],[111.52572431212461,35.03704768219775],[111.5254845723678,35.03692776653729],[111.52522591654713,35.03676241695428],[111.52498546998163,35.03659685823032],[111.52482865373557,35.03648425306151],[111.52462523879844,35.036258606171394],[111.52447708144724,35.036003152612075],[111.5244939837998,35.03578487257121],[111.52454771581039,35.03555769637917],[111.52463768495318,35.03522399337219],[111.52463771703387,35.03522386884508],[111.52463774152423,35.0352237569699],[111.52467343859662,35.03504950752914],[111.52473648422189,35.03483735187088],[111.52480883461286,35.03463256425185],[111.52480887440434,35.034632446000906],[111.52480888835647,35.03463239997091],[111.52489008406887,35.03436690494263],[111.52496235939194,35.03414690249708],[111.52504366713447,35.03389650293253],[111.52504375392579,35.033896194290016],[111.52504376456133,35.033896143767535],[111.52509748234057,35.03365345754064],[111.52509752160077,35.03365325636626],[111.52512413749832,35.033494030352685],[111.5251241459421,35.03349397983968],[111.52512418015003,35.03349367412875],[111.52512419024386,35.03349336762081],[111.52512417622937,35.03349306121719],[111.52512413811233,35.03349275581926],[111.52512411879707,35.033492648640355],[111.52502752312681,35.03299835397644],[111.52573302855183,35.03250444000258],[111.52573311582488,35.032504378331616],[111.52573338624319,35.03250416714182],[111.52573343965551,35.032504122743504],[111.5264220465736,35.03191624661096],[111.52688695824654,35.031529782857014],[111.5273713206581,35.03126627280765],[111.52737136760973,35.03126624646401],[111.52737167000066,35.0312660666794],[111.52737195694614,35.031265870737336],[111.52737212379914,35.03126574472235],[111.52774360697975,35.03097237382768],[111.52828411742662,35.03081642918754],[111.528284440037,35.030816326830085],[111.52828477892194,35.03081619916354],[111.52828510672713,35.030816052616544],[111.52828542236831,35.03081588899657],[111.52828557958884,35.030815799076905],[111.5290125975166,35.030381642889346],[111.52901274268177,35.03038155302128],[111.52901302962603,35.03038135797673],[111.5290133000289,35.030381146779696],[111.52901355390777,35.0303809221342],[111.5290137879695,35.030380683153254],[111.52901397397908,35.03038046962001],[111.52929247987551,35.0300406219552],[111.52929250922931,35.030040585772554],[111.52929270479147,35.03004032442483],[111.52929287836821,35.03004005235664],[111.52929303107852,35.030039773168525],[111.52929307216056,35.03003968645822],[111.5294592016431,35.02968493588736],[111.52945929020098,35.029684734496385],[111.52945939678847,35.02968444018608],[111.52945947923969,35.029684141474256],[111.52945950372192,35.029684029598066],[111.52953207001083,35.02932968710564],[111.52953210493905,35.029329495863664],[111.52953213912902,35.029329190151444],[111.52953214920608,35.029328883643075],[111.52952788187682,35.02866721676138],[111.52958032742717,35.02809765718924],[111.52958033353084,35.02809758415195],[111.52958034360763,35.028097277643525],[111.5295803295777,35.028096971240295],[111.52958031676279,35.028096853217264],[111.52952102589391,35.027590189977765],[111.52979711850814,35.02694347065137],[111.5300920372991,35.02624951884464],[111.53009206318943,35.02624945563589],[111.53009213859916,35.026249255203176],[111.53025732001704,35.02577177656927],[111.53038668066483,35.02555609747221],[111.53038669475792,35.02555607397508],[111.53038684636061,35.02555579479028],[111.5303869759906,35.02555550668786],[111.53038708256958,35.0255552123766],[111.53038716501347,35.02555491366401],[111.53038722441802,35.025554610545285],[111.53038725860924,35.02555430573401],[111.53038726868283,35.025553999225416],[111.53038725464464,35.02555369192085],[111.53038721651792,35.025553387425646],[111.53038715320116,35.02555308484326],[111.53038706690329,35.02555278686817],[111.53038695652853,35.02555249350513],[111.53038682763125,35.02555221644764],[111.53025415487623,35.025291119648884],[111.53025413934405,35.02529108997167],[111.53010255935106,35.0249992957426],[111.5301024174583,35.02499904217706],[111.53010227689977,35.02499882556173],[111.5298378352146,35.02461516991505],[111.52983779761142,35.02461511599724],[111.52983759979803,35.02461485636597],[111.52983738014598,35.02461460854779],[111.52983714303812,35.024614372523594],[111.52983708352066,35.02461431870147],[111.52947948531917,35.024292636766816],[111.52947928809466,35.02429246817038],[111.52947901391481,35.02429226024958],[111.52947874428631,35.02429207844856],[111.52889660460097,35.023925380194186],[111.52857737497023,35.02366554594897],[111.5282955859747,35.02335985667795],[111.52818163646138,35.023053302059765],[111.52818157298081,35.023053142794105],[111.52818143964844,35.02305285583837],[111.52818140081803,35.02305278119393],[111.52799229829854,35.02270010690349],[111.52793465648853,35.02242459437084],[111.52804283386683,35.02180915888497],[111.52804284757168,35.02180907499819],[111.52804288177022,35.021808770187334],[111.5280428918523,35.021808463678674],[111.52804288998006,35.02180834290363],[111.52802031863855,35.021208135135474],[111.52802031487057,35.0212080603384],[111.52799928847782,35.02083976035541],[111.52812810771744,35.02057848027998],[111.52812823302305,35.020578201212224],[111.5281283148906,35.0205779827251],[111.52838536358409,35.01982276107664],[111.52866170351433,35.01915980798448],[111.52866171861544,35.01915977096263],[111.52866180477575,35.019159538935895],[111.52890047452902,35.01845044518289],[111.52890049495134,35.01845038380091],[111.52890057738809,35.01845008418765],[111.52890063679914,35.018449781970624],[111.52890067098745,35.018449476258056],[111.52890067891674,35.018449346426586],[111.52893284481945,35.01763340551193],[111.52893284447701,35.01763335233273],[111.52893284806431,35.01763322882974],[111.52893283403911,35.017632922425875],[111.52893282467053,35.01763282872446],[111.5288732274256,35.01709435181032],[111.52887319757589,35.01709414011899],[111.52887313536725,35.017093837530524],[111.52887304908414,35.01709353955381],[111.52887293872655,35.01709324618883],[111.52887280540752,35.01709296013485],[111.52887264912701,35.01709268139189],[111.5288724654562,35.017092402768256],[111.52847599268817,35.016539991435],[111.52847580706649,35.01653974977532],[111.52847558853023,35.016539501048015],[111.52847535035426,35.01653926502537],[111.52847509363997,35.01653904260399],[111.52847482057855,35.01653883377427],[111.52847453118166,35.016538640338965],[111.52847422655064,35.0165384631946],[111.52847390888253,35.01653830323298],[111.52847357926716,35.01653815954802],[111.52847323881748,35.01653803483894],[111.52847288971894,35.01653792819489],[111.52847253197731,35.01653784051719],[111.52847216888524,35.01653777269288],[111.52847180043692,35.01653772382061],[111.52847142883515,35.016537695693536],[111.52847105626535,35.01653768740077],[111.52847068382312,35.01653769893753],[111.52847052831086,35.01653770952973],[111.52767132563326,35.01660246273724],[111.52767110992608,35.01660248350516],[111.52767074212059,35.01660253467949],[111.5276703799263,35.016602606560895],[111.52767002332587,35.016602696445325],[111.52766967561766,35.01660280612119],[111.5276693367959,35.01660293468713],[111.52766900904021,35.01660308033097],[111.527668693452,35.01660324394924],[111.52766844131055,35.01660339196844],[111.52735554667073,35.01679858657455],[111.52668947335096,35.01702761136457],[111.52588434952224,35.017144293704554],[111.52588419738186,35.017144317799335],[111.52588413500108,35.01714432888606],[111.52513808044101,35.017276919959194],[111.52452900205579,35.017279553828416],[111.5239782375704,35.01726575334196],[111.52397766241202,35.01726576213468],[111.52397729119355,35.017265794383846],[111.52397715544059,35.017265811194555],[111.52334822721008,35.01734943792939],[111.52334799625298,35.0173494731773],[111.5233476329501,35.01734954414922],[111.52334727634728,35.01734963492237],[111.52334692862998,35.01734974458591],[111.52334658979247,35.01734987223851],[111.52334638219364,35.01734996236914],[111.52291575842348,35.017545613507615],[111.52252366014939,35.01759572644472],[111.52252347406007,35.017595753385564],[111.52177723695316,35.01771216579323],[111.52150260266208,35.017713346187904],[111.52101086926312,35.01768310713614],[111.52101078706283,35.017683102982176],[111.5210104144883,35.017683094666545],[111.52101004203953,35.01768310618046],[111.52100967081216,35.01768313751925],[111.52100930409878,35.0176831895701],[111.52100894079233,35.01768326053506],[111.521008585281,35.01768335129665],[111.52100841577393,35.017683401599555],[111.52069430819876,35.01778184587473],[111.52069412888783,35.01778190523295],[111.52069402612773,35.01778194172854],[111.52038081063348,35.01789627789289],[111.5200278116659,35.01793007793374],[111.52002769669936,35.017930090144134],[111.5200273299785,35.0179301412907],[111.52002727963107,35.017930149618735],[111.51955570478407,35.01801308330413],[111.51955539291801,35.018013145932215],[111.51955503630796,35.018013236694266],[111.51955499583818,35.018013247683925],[111.51910339663407,35.01814464178161],[111.51910308827618,35.0181447395469],[111.51910275053,35.01814486808439],[111.519102722112,35.01814487902236],[111.51882873425069,35.018259048808275],[111.51843668692739,35.01832529905572],[111.5181227238413,35.018358947540094],[111.51798538526762,35.01835953377629],[111.51798506977104,35.01835954233378],[111.5172772059511,35.01839492323554],[111.5166677612027,35.018413697003815],[111.51596307155786,35.01840059287084],[111.51554763561494,35.01774174194258],[111.51528750815412,35.017015060228914],[111.51528749143155,35.017015014330134],[111.51510753253125,35.016530610379874],[111.51502627687094,35.01611052720374],[111.51502623178662,35.01611032638987],[111.51502614554904,35.01611002750146],[111.51502603524777,35.01610973502476],[111.51502590641167,35.016109457048586],[111.51474707900141,35.01556042471333],[111.51474692164777,35.01556014144956],[111.51474674356254,35.01555987179427],[111.5147467148229,35.01555983135457],[111.51448908921553,35.015205333772144],[111.51444933648456,35.015108878257514],[111.51444932647186,35.01510885396301],[111.51444919320615,35.01510856789263],[111.5144490380738,35.01510828912587],[111.51444885999055,35.0151080194701],[111.51444866224877,35.015107759812715],[111.51444844266294,35.01510751106432],[111.51444827175719,35.01510733782458],[111.5140131788153,35.01468869453509],[111.51365641551823,35.01422120018219],[111.51365631171112,35.014221069021666],[111.51365619692568,35.01422093430211],[111.51329981210098,35.01381809334188],[111.51292282000004,35.01326970959394],[111.51292278019955,35.01326965207451],[111.5129225813715,35.01326939241912],[111.5129225614994,35.013269368166135],[111.51250637880416,35.0127694629524],[111.5125061780012,35.01276923755664],[111.51211022280596,35.01235021099964],[111.51169430095386,35.01188272133308],[111.51169420608564,35.01188261717418],[111.51169396797113,35.01188238111789],[111.51169371131652,35.01188215866032],[111.51169343831293,35.0118819497922],[111.51169314897159,35.01188175631623],[111.51169303129898,35.01188168470277],[111.51125877139576,35.011624632382066],[111.51082440589384,35.0113513921369],[111.5108240936173,35.01135120957177],[111.51082377600316,35.01135104956336],[111.51082344643896,35.01135090582988],[111.51082310603705,35.01135078107076],[111.51082275698289,35.011350674375464],[111.5108223992821,35.0113505866453],[111.51082203622691,35.011350518767806],[111.51082166781731,35.01135047074297],[111.5108213028176,35.01135044253391],[111.51023317668565,35.01132066798858],[111.51001723755508,35.0111448115813],[111.51001696346263,35.01114460271392],[111.5100166741278,35.011144409233886],[111.51001637065168,35.011144232037914],[111.51001613545137,35.011144111341316],[111.50981904129,35.01104793847697],[111.50968104479527,35.01096771385207],[111.50968089856913,35.01096763063874],[111.50968058095867,35.01096747062727],[111.50968037442219,35.0109673786535],[111.50926681907337,35.01079135814263],[111.50897099292199,35.0105825834758],[111.50851714742662,35.01026121220193],[111.50824019003156,35.009939189693185],[111.50824010838869,35.00993909719397],[111.50796295854782,35.009632907392906],[111.50778464191974,35.00940722038569],[111.50778458671512,35.009407151211164],[111.507784405764,35.00940694375172],[111.50754718254714,35.009149444678634],[111.50732881198932,35.008746671849565],[111.50722849590991,35.0084076666956],[111.50722845568735,35.0084075397705],[111.50722834541887,35.00840724638466],[111.5072283276349,35.00840720499595],[111.50708897774042,35.008084884926376],[111.50708658593277,35.00769730666634],[111.50708657199117,35.00769700025873],[111.50708653395432,35.00769669485315],[111.50708647074342,35.00769639315821],[111.50708638454385,35.00769609426343],[111.50708627428243,35.00769580177877],[111.50708614104904,35.00769551479828],[111.5070859859559,35.007695236021455],[111.50708580900853,35.00769496634963],[111.50708561021251,35.00769470668414],[111.5070853917644,35.0076944579172],[111.50708515367532,35.00769422185149],[111.50708489704628,35.007693999383804],[111.50708462406833,35.00769379050493],[111.50708433475812,35.00769359791898],[111.50708409285998,35.0076934547103],[111.50676830958281,35.00751676371944],[111.50676824692867,35.00751672972895],[111.50676792933166,35.00751656880827],[111.50676759979544,35.00751642596486],[111.50676725940994,35.007516300292764],[111.50676691037727,35.00751619358553],[111.50676655270296,35.00751610674453],[111.50676618966239,35.00751603795334],[111.50676582127221,35.007515989915994],[111.50676544971786,35.007515961722],[111.50676507718478,35.00751595246088],[111.50676470478508,35.007515964832066],[111.50676433359762,35.007515996126976],[111.50676396691439,35.00751604723322],[111.5067636036455,35.00751611905672],[111.50676324815619,35.00751620887515],[111.50676289936212,35.00751631849577],[111.50676256054419,35.00751644700351],[111.50676223278676,35.007516592591095],[111.50676192265166,35.007516753428426],[111.50640909555194,35.00771241894241],[111.50640879211613,35.007712600482385],[111.50640870155135,35.00771265944929],[111.5060170129192,35.00797316737218],[111.50470430695135,35.00878772149481],[111.50470424693103,35.00878775960192],[111.50470420437789,35.00878778772132],[111.50425362433664,35.00908094898273],[111.50425338106663,35.00908111764819],[111.50425324148291,35.009081222786996],[111.50394003927529,35.009325264298134],[111.50393990735937,35.009325369404735],[111.50393965457661,35.00932559489538],[111.50393941612953,35.00932583564979],[111.50368541284372,35.00960199890466],[111.5036852018162,35.009602244952994],[111.50349019355576,35.00984556131619],[111.50325578211199,35.01007287647245],[111.50325575053502,35.01007290815132],[111.50263075326242,35.01068982028469],[111.50169027713494,35.01114641794908],[111.50168998335968,35.01114657059348],[111.50168968208077,35.01114675031001],[111.50168956532043,35.0111468265077],[111.50127820156591,35.01142363231821],[111.5012780313872,35.01142375200186],[111.50127775987849,35.01142396314236],[111.50127754411595,35.01142415332112],[111.50094504282701,35.01173300227133],[111.50063217097083,35.012025532066595],[111.50028031891114,35.0123341786744],[111.49996731779021,35.01254555966349],[111.49955614941909,35.01278975447737],[111.4993799001778,35.01287126412597],[111.49937981824624,35.01287130322196],[111.4993795626682,35.012871433169394],[111.4989914831475,35.01308124477063],[111.49848737362117,35.012634690046724],[111.49842803022896,35.01236202690683],[111.49842800435859,35.012361916144584],[111.49842791819081,35.012361618145],[111.49842780794818,35.01236132475113],[111.49842767473716,35.012361037761174],[111.4984275196697,35.012360759874674],[111.49842734163934,35.01236048929343],[111.4984271439546,35.01236022960933],[111.49842692442984,35.01235998173272],[111.49842668744726,35.01235974564561],[111.49842643082128,35.01235952225834],[111.49842615785491,35.012359314261474],[111.49842589714196,35.012359139564964],[111.49829495078245,35.012276206768526],[111.49829492108769,35.01227618796166],[111.49829466160205,35.0122760348927],[111.49797506373734,35.01209866979685],[111.49762593751841,35.01183799230625],[111.49762584397641,35.01183792328427],[111.49762555466792,35.011837729774484],[111.49762525012001,35.01183755255183],[111.4976249325238,35.011837391607344],[111.49762463154097,35.01183726033994],[111.49727882494803,35.011696773125564],[111.49719256076794,35.01081260393107],[111.49719252632558,35.010812343576184],[111.49719246424394,35.010812041871475],[111.49719237698135,35.010811742974035],[111.49719226784624,35.01081145047577],[111.49719213464209,35.010811163484334],[111.4971919784808,35.01081088469926],[111.49719196519803,35.010810862219415],[111.49703365683976,35.01055357719807],[111.49703160779268,35.01021485516161],[111.49703159388801,35.010214548752664],[111.49703155479169,35.01021424334824],[111.49703149271113,35.0102139416434],[111.4970314065453,35.01021364274133],[111.49703135194846,35.01021349153469],[111.4968914440932,35.009841921018],[111.4967312794373,35.0093733366926],[111.49673118146258,35.00937307749887],[111.49673104826242,35.00937279050682],[111.49673089210549,35.00937251172104],[111.49673071518825,35.00937224203394],[111.49673066548134,35.00937217463458],[111.49643335677222,35.0089690397961],[111.49631420725558,35.00875938243316],[111.49631414415288,35.00875927362535],[111.49631402803568,35.008759093826036],[111.49597664119206,35.0082588088084],[111.49597657929993,35.00825871892424],[111.49597638053743,35.00825845924029],[111.49597616212661,35.00825821135445],[111.49597598686472,35.00825803359922],[111.49520444727428,35.0075167786433],[111.49520441311849,35.00751674633329],[111.49482866887766,35.00716234358002],[111.49425478617121,35.006566009197456],[111.49425458450047,35.00656581081565],[111.49425432900489,35.00656558831599],[111.49425410997998,35.00656541884872],[111.49385928201544,35.00627594074461],[111.49350383237179,35.005938130167806],[111.49332554926896,35.005680332627456],[111.49332551722986,35.00568028768911],[111.49332535379668,35.005680071122896],[111.49302834219367,35.00530936671249],[111.49280985079255,35.00492218480576],[111.49280977996442,35.004922065210934],[111.49280960306974,35.00492179551772],[111.49280940432537,35.00492153582831],[111.49280918592763,35.00492128703514],[111.49280894788733,35.004921050940915],[111.4928086924008,35.004920828438074],[111.49280841837259,35.004920619531084],[111.49280812910524,35.004920426910644],[111.49280782568346,35.00492024876961],[111.49280763777114,35.00492015128303],[111.49197210900797,35.00450311749859],[111.49197197826611,35.004503054031105],[111.49197164876726,35.004502911147135],[111.49197130842181,35.004502786334534],[111.49197100989778,35.00450269380182],[111.49168241517728,35.004420892776835],[111.4914499733621,35.00414882850224],[111.49128950062251,35.00395878214295],[111.49114401710668,35.0037693320158],[111.49105556075666,35.00346086377863],[111.49103888087747,35.00309173036164],[111.49103887009228,35.003091575369346],[111.49103883211735,35.00309126995799],[111.49103882305232,35.00309121951785],[111.49099394781355,35.002841520094876],[111.49102112576837,35.002568817348724],[111.49119293805526,35.0023425197331],[111.49119305431203,35.00234235971989],[111.49119322796366,35.00234208860573],[111.49119338074837,35.00234180856228],[111.49119348132447,35.00234159092472],[111.49133640104684,35.00200712822286],[111.49133643020285,35.00200705779785],[111.49133653689805,35.00200676442019],[111.49133661945632,35.0020064648306],[111.49133667789923,35.00200616263452],[111.49133671331678,35.002005856926154],[111.49133672353433,35.0020055504184],[111.49133515528621,35.001743218825574],[111.4913351414046,35.00174291241535],[111.49133513324097,35.00174282952217],[111.49131978661991,35.00159979796449],[111.49131975571827,35.0015995763521],[111.491319704916,35.00159932417361],[111.49127508976439,35.0014087122702],[111.49127507741316,35.001408661843364],[111.49127499128326,35.001408363837875],[111.49127488108125,35.00140807043664],[111.49127474791871,35.00140778433931],[111.49127459289109,35.001407505541444],[111.49127441380212,35.00140723315055],[111.49111402709214,35.00118184240903],[111.49106996737413,35.001051439809736],[111.49106986496504,35.00105116710833],[111.49106973179843,35.001050880109396],[111.49106957567678,35.00105060131567],[111.49106939879626,35.00105033161963],[111.49106920006685,35.00105007192709],[111.49106898169016,35.00104982403185],[111.49106874366618,35.00104958793391],[111.49106848709569,35.00104936453022],[111.49106821418566,35.00104915651595],[111.49106792493072,35.00104896298974],[111.49106762043701,35.00104878574987],[111.49106747538032,35.001048708818686],[111.49083490092276,35.00093040423434],[111.49083472953912,35.00093032109973],[111.49083440005121,35.00093017731109],[111.49083405972232,35.00093005249509],[111.49083370964243,35.000929945745966],[111.49083335310317,35.00092985795176],[111.49083298901449,35.00092979001826],[111.49083262065722,35.00092974103083],[111.49083225023294,35.00092971278332],[111.49083187773628,35.000929704374364],[111.49083150535805,35.0009297157951],[111.49083113419363,35.00092974704113],[111.49083076643922,35.00092979900491],[111.49083040427487,35.0009298698749],[111.49083004770597,35.00092996055245],[111.49082970001332,35.00093007012292],[111.49082963551365,35.00093009201663],[111.49042473073678,35.001074822200565],[111.49042445641368,35.00107492786798],[111.49042412865231,35.00107507341165],[111.49042381304797,35.00107523693362],[111.49042351068532,35.00107541662681],[111.49042322375517,35.001075612482346],[111.49042295334752,35.00107582359444],[111.49042269945166,35.00107604816042],[111.49042246425836,35.00107628617142],[111.49042224885768,35.00107653672165],[111.49042205323885,35.00107679800842],[111.49042199568785,35.0010768829699],[111.49026435665274,35.001315490022094],[111.48981795805523,35.001710367726915],[111.48981782731451,35.00171048723554],[111.48981759321308,35.00171072524095],[111.4898174648136,35.00171086997853],[111.48957336550419,35.00199739666221],[111.48927088701241,35.0021770238154],[111.48927073093596,35.002177119989895],[111.48927044399922,35.00217731584273],[111.48927017357963,35.00217752605092],[111.48926991968257,35.00217775151584],[111.4892696844828,35.0021779895246],[111.48926962680108,35.002178052853125],[111.48898171025988,35.00250117306285],[111.48898155144855,35.002501362089276],[111.48866560037118,35.00289548825561],[111.48830583437797,35.003122759361396],[111.48795939398174,35.00326703431522],[111.48756955725331,35.003423412249944],[111.48713588378239,35.003520435569705],[111.48713576673066,35.00352046308058],[111.48668723473003,35.003629564218855],[111.48629659030071,35.003714570699366],[111.4858046343916,35.00381189665655],[111.48532696905461,35.00388533302217],[111.48532687712243,35.00388534781169],[111.48532660684039,35.003885398467766],[111.48509538981638,35.00393394486025],[111.48470469970573,35.003971244012924],[111.48470458584848,35.00397125618541],[111.48470421807106,35.003971307229406],[111.48470385589316,35.003971378982584],[111.48470359445373,35.00397144312253],[111.48434185874781,35.004068281878254],[111.48434176359797,35.00406830839769],[111.48434141588321,35.004068417949696],[111.48434126502492,35.00406847173256],[111.48392191168612,35.00422516306085],[111.48392179364296,35.00422520860003],[111.48361816418121,35.004345662938704],[111.48361809314665,35.00434569206561],[111.48361794781235,35.00434575393791],[111.48337243827949,35.00445395359754],[111.48309870545742,35.00455007403558],[111.48276826054018,35.00457504159474],[111.48255190298983,35.004469394888346],[111.48207226147133,35.004220920307176],[111.48207205162714,35.00422081658141],[111.48207172214633,35.0042206736704],[111.48207138181147,35.00422054792856],[111.48207114804187,35.00422047404307],[111.48175192613621,35.00412639514885],[111.48131675177221,35.00397327747448],[111.48077932888883,35.00371322246432],[111.48077926517912,35.003713192971375],[111.48077902573979,35.003713085755095],[111.48029960896261,35.00351226866171],[111.48029952001596,35.00351223205738],[111.48029939484604,35.00351218297718],[111.47970419426885,35.00328808124446],[111.47922574728656,35.00305206467106],[111.47902286295091,35.00283954221349],[111.4788912427611,35.00251976072434],[111.47891830610634,35.00221092314082],[111.4789748519396,35.00200883410919],[111.47916101183829,35.00168674938201],[111.47939083014806,35.00135210078785],[111.47939099189236,35.00135184776483],[111.47939114362026,35.0013515677402],[111.4793912733926,35.00135127968993],[111.47939138012975,35.00135098632238],[111.47939143704048,35.00135078959844],[111.4794480887416,35.001136160915436],[111.47954797629784,35.00088558142971],[111.47954807222177,35.00088531244177],[111.47954815591744,35.0008850128555],[111.47954821440301,35.00088471066469],[111.47954824876862,35.00088440496367],[111.47954825903005,35.00088409845651],[111.47954742417583,35.00074100797569],[111.47954741033838,35.00074070156371],[111.47954737241255,35.00074039704964],[111.47954730930299,35.00074009443779],[111.47954722321623,35.000739796423574],[111.47954711305688,35.00073950301132],[111.47954698103155,35.00073921689643],[111.47954682494938,35.00073893808755],[111.47954664810189,35.00073866747304],[111.4795464494147,35.00073840866266],[111.4795462310681,35.00073815984504],[111.47954599307785,35.00073792372423],[111.47954573654462,35.000737701197245],[111.4793855673014,35.00060716429165],[111.47938529332146,35.00060695535381],[111.47938500410051,35.000606762700876],[111.47938470072344,35.000606584525805],[111.47938438321131,35.000606424433975],[111.47938408119776,35.00060629222352],[111.47894829914395,35.00042914579411],[111.47894827059528,35.000429134188906],[111.47894793028088,35.00042900843806],[111.47894758131882,35.00042890255154],[111.47894722369858,35.00042881472661],[111.47894686071167,35.00042874585169],[111.47894649236856,35.00042869772946],[111.4789461219502,35.000428669445625],[111.47894595321667,35.00042866290038],[111.4780171236386,35.000404873556974],[111.47801654750047,35.00040488303665],[111.47801623435778,35.00040490860678],[111.47732397068884,35.00047672009851],[111.47644299341874,35.000514709827975],[111.47549822969629,35.00043208067619],[111.4748049712054,35.000348421953944],[111.47480486159259,35.00034840976346],[111.47480449008047,35.00034838147125],[111.4748042380866,35.000348373443146],[111.47381739194,35.00033495445738],[111.47289343426104,35.00030400586598],[111.47289280333726,35.00030401283062],[111.47289243217337,35.00030404492319],[111.47289206549998,35.000304095927085],[111.47289170223206,35.00030416764928],[111.47289142876093,35.0003042345148],[111.47224212818446,35.00047937864971],[111.47159345198432,35.0005335796972],[111.47056458824258,35.000227106124065],[111.46982811471759,34.9998673679075],[111.4698280323364,34.99986732856592],[111.46982791152368,34.99986727314837],[111.46913326840797,34.999558972378146],[111.46913316847547,34.99955892859706],[111.46860728259873,34.99933648269009],[111.46789219999192,34.99894244472179],[111.46747029404017,34.99849546564818],[111.46747006049804,34.998495233993175],[111.46746980509967,34.998495011436056],[111.4674695311568,34.998494802470965],[111.4674692419658,34.99849460888793],[111.46746914303344,34.99849454797551],[111.46683711494536,34.9981168844822],[111.46683691054095,34.9981167680897],[111.46683659305741,34.998116607063366],[111.4668362636272,34.99811646411047],[111.46683592334053,34.998116338325396],[111.46683557330303,34.998116231506664],[111.4668352168059,34.99811614454298],[111.46683485274357,34.99811607563587],[111.46683448441752,34.99811602747674],[111.46683411401331,34.998115999155814],[111.466833741531,34.9981159906731],[111.46683336916131,34.998116002020154],[111.46683299799957,34.99811603319279],[111.46683295202473,34.99811603877781],[111.46578386029104,34.99824100851619],[111.4657835385018,34.99824105391814],[111.46578346846947,34.998241066806095],[111.46509129784623,34.998364659681826],[111.46509100680309,34.99836471848477],[111.46509089303207,34.99836474506048],[111.46444179171951,34.99852251245551],[111.46389708970732,34.99850736000767],[111.46364687117264,34.99847402496776],[111.46335332658988,34.998268917784905],[111.46301614881115,34.99794252522686],[111.46248775928291,34.99721969792511],[111.46223232416618,34.996564656330456],[111.46195540633504,34.99585734676407],[111.46195536968733,34.995857257667495],[111.46195532308026,34.995857150581344],[111.46172146699858,34.9953397267313],[111.46172139716734,34.99533958007291],[111.4614028865463,34.99470153741059],[111.46140286993428,34.99470150502423],[111.4614027139251,34.994701226191175],[111.46140253715532,34.99470095645077],[111.46140233853465,34.9947006967085],[111.4614021422969,34.994700471209406],[111.46087436121778,34.99413263797623],[111.46045101382458,34.9934780555594],[111.46045090558567,34.99347789552529],[111.460450706971,34.99347763578138],[111.46045048870133,34.99347738692851],[111.46045035430623,34.99347725042932],[111.45983813550512,34.99287487207665],[111.45983803198718,34.992874772416165],[111.45983777553161,34.99287454984664],[111.45983760390833,34.99287441529052],[111.45931077156277,34.99247921979601],[111.45878333859253,34.991980383277436],[111.4587833066581,34.991980352751376],[111.4587830502082,34.991980130179556],[111.4587828862857,34.991980001001046],[111.45823473204948,34.991567421677765],[111.45823462316919,34.99156734186637],[111.45823433402425,34.991567148260756],[111.45823402743515,34.99156696914298],[111.45804677764951,34.99146525703666],[111.45798821139792,34.990956120979],[111.45818150981819,34.99017832894522],[111.4585746410284,34.98979735229541],[111.45857483379375,34.98979715506756],[111.45857504926302,34.98979690457284],[111.45857524495723,34.989796643336305],[111.45857541978623,34.989796372263456],[111.45857557156444,34.98979609226393],[111.4585757013922,34.989795804234916],[111.45857580818932,34.989795510884655],[111.4585758908555,34.98979521131592],[111.45857594941087,34.98979490913411],[111.45857598494564,34.989794603433765],[111.45857599528438,34.98979429692721],[111.45857598989797,34.989794116672556],[111.45855135310613,34.989323232246676],[111.45855134364038,34.989323106089905],[111.458551305793,34.98932280066669],[111.45855128771097,34.98932270068236],[111.45850595307256,34.989087383143186],[111.45850590813669,34.989087181404855],[111.4585058221387,34.989086883374455],[111.45850571207035,34.989086589941834],[111.45850557903687,34.98908630290557],[111.4585054484653,34.98908606453426],[111.45821658202208,34.98859806260961],[111.45821655880091,34.988598023036744],[111.45821638205489,34.98859775329123],[111.45821618345921,34.988597493543324],[111.45821596520938,34.98859724468606],[111.45821572731546,34.98859700852221],[111.45821547087773,34.98859678594898],[111.45821519808665,34.98859657695808],[111.45821490895227,34.98859638335226],[111.45821460457488,34.9885962060287],[111.45821428714497,34.98859604497915],[111.45821395776781,34.98859590200222],[111.45821379531995,34.98859583951903],[111.45797156673328,34.98850632839921],[111.45746417396657,34.98823671727269],[111.45746391036673,34.98823658486235],[111.45746358099228,34.98823644188335],[111.45746324076072,34.98823631607138],[111.4574628907823,34.988236210126374],[111.45746253433275,34.98823612223327],[111.45746217032679,34.988236054198886],[111.4574618020452,34.9882360051095],[111.45746143168847,34.98823597675956],[111.45746105925156,34.988235968247714],[111.45746068692496,34.98823597956571],[111.45746031580393,34.988236010709414],[111.45745994808394,34.98823606257193],[111.45745967893056,34.9882361131617],[111.45701997009532,34.98832834110423],[111.45701987820522,34.98832836128038],[111.45701952165234,34.98832845185867],[111.45701917396661,34.98832856133246],[111.45701883514302,34.98832868880041],[111.45701850628177,34.98832883515971],[111.4570181906536,34.98832899769399],[111.45701788936378,34.98832917820179],[111.45701760239724,34.988329373979056],[111.45701733084425,34.9883295841203],[111.45701707799553,34.988329809514504],[111.4570168427408,34.98833004746175],[111.45701662508509,34.98833029886339],[111.45688546555415,34.988493826052654],[111.45688527421852,34.98849408366462],[111.45688520686429,34.98849418306936],[111.45675521248424,34.9886924690707],[111.45627374068137,34.9888566829193],[111.45627339092694,34.988856814933115],[111.45627306205725,34.98885696038908],[111.45627274643059,34.98885712382277],[111.45627267000322,34.98885716737599],[111.45598889232168,34.98902043057123],[111.45535350644349,34.9890228152564],[111.45467099305819,34.98879027189576],[111.4540314457675,34.988557199849964],[111.45403129433002,34.98855714723514],[111.45403123068635,34.98855712584012],[111.45304273791879,34.9882360005237],[111.45306244526677,34.98787921754156],[111.45329997036616,34.987735690087305],[111.4538483541619,34.98775169148253],[111.4538489543156,34.987751682929485],[111.45384901781931,34.9877516790866],[111.45442108859316,34.987713310318355],[111.45442139510924,34.98771328212986],[111.4544217628339,34.987713231177906],[111.4544221249728,34.98771316041659],[111.45442248152594,34.98771306984591],[111.45442282921263,34.98771296037953],[111.45442316803782,34.9877128329188],[111.45442349580608,34.987712686570596],[111.4544238114321,34.98771252314167],[111.45442395773522,34.98771243966755],[111.454731101212,34.98753014387466],[111.45473125730176,34.98753004774424],[111.45473154427603,34.987529852873706],[111.45473181473207,34.987529641840254],[111.4547320686849,34.98752941734799],[111.45473230394401,34.987529179405115],[111.4547325194192,34.98752892891706],[111.45473263360108,34.98752878066382],[111.45490676446109,34.9872935138325],[111.45516860371038,34.987148432299506],[111.45558549704586,34.987002125806484],[111.45558580525994,34.987002009273894],[111.45558613411849,34.98700186291843],[111.45558644864424,34.987001699490634],[111.45558675103264,34.98700151988361],[111.45558703799803,34.9870013241097],[111.45558730845514,34.987001113975715],[111.45558756239899,34.98700088858032],[111.45558777478925,34.98700067505873],[111.45573964957548,34.98683845058042],[111.45617712173645,34.98676473280995],[111.4567928478621,34.98670809735315],[111.45679298468953,34.98670808331775],[111.45679335240314,34.986708031457276],[111.45679371453551,34.986707960688925],[111.45679407108162,34.986707870111324],[111.45679441876084,34.9867077606382],[111.45679475757815,34.98670763317089],[111.4567950853431,34.98670748771765],[111.45679516725933,34.98670744684756],[111.45701384064988,34.98659834440018],[111.45754050811973,34.9865059727065],[111.45809022350541,34.986431458162386],[111.45809043471144,34.98643142671875],[111.45809079793663,34.98643135594241],[111.45809115338487,34.98643126536514],[111.45809150215636,34.98643115588418],[111.45809184096547,34.98643102751193],[111.458092168727,34.98643088205521],[111.45809248434077,34.986430718616816],[111.45809278562632,34.986430539007735],[111.4580928762029,34.98643048007658],[111.45842181524725,34.98621186373642],[111.45842201162694,34.98621172688725],[111.4584222831694,34.98621151674287],[111.45842253600777,34.98621129134574],[111.4584227712524,34.98621105339576],[111.45842298671789,34.98621080380257],[111.4584231824042,34.9862105425662],[111.45842335613096,34.986210271497605],[111.45842350899845,34.98620999149399],[111.45842363882123,34.98620970346503],[111.45842374561438,34.98620941011477],[111.45842382827767,34.986209110545964],[111.45842388683118,34.98620880836409],[111.45842392236511,34.98620850266361],[111.45842393270412,34.98620819615689],[111.45842391894844,34.98620788974113],[111.45842388000787,34.98620758432184],[111.4584238180829,34.98620728169346],[111.45842373208836,34.98620698366283],[111.45842362202427,34.98620669022997],[111.45842348900088,34.9862064040948],[111.4584233330182,34.98620612525732],[111.45842315627672,34.98620585551197],[111.45842295768625,34.98620559576424],[111.45842273944226,34.986205346907234],[111.45842250155474,34.98620511074364],[111.4584222462192,34.98620488816657],[111.45842197234039,34.986204679180126],[111.45842168321401,34.98620448557466],[111.4584213799403,34.98620430824735],[111.45842106251928,34.986204147198215],[111.45842073315137,34.98620400422171],[111.45842039293186,34.98620387931368],[111.4584200429559,34.98620377247],[111.45841992888289,34.98620374225393],[111.45739562933603,34.98594153635877],[111.45739548895367,34.98594150173398],[111.45646535080033,34.98572471947503],[111.45646524772077,34.985724696426786],[111.45646488482198,34.98572462838518],[111.45646451655222,34.98572457929265],[111.4564642798674,34.98572455854945],[111.45558223970441,34.98566308229373],[111.45558210604428,34.98566307468287],[111.45558173361914,34.98566306616516],[111.45558143466272,34.985663073596555],[111.45468443113691,34.98570530156859],[111.4539130971721,34.985695233070885],[111.45391260875947,34.98569524391058],[111.45391250803523,34.98569525059677],[111.45334641130245,34.985736205907],[111.4526227580269,34.985687137024634],[111.45192967711013,34.98556021176885],[111.45192956309977,34.98556019236294],[111.45139376046579,34.98547148095562],[111.4513937231942,34.98547147478454],[111.45139335492843,34.9854714256766],[111.45139326945795,34.98547141788197],[111.45071614266931,34.98540916589458],[111.4502436142717,34.985333208737785],[111.45024324272158,34.985333159638536],[111.45024287238016,34.98533313126644],[111.45024262371975,34.98533312317476],[111.44951837951947,34.985322850308016],[111.44879424767711,34.98529962173308],[111.44821160986781,34.985249959240285],[111.44821136992522,34.98524994299988],[111.44821099750247,34.985249934459546],[111.44821062190219,34.98524994576121],[111.44750242598883,34.98529142804656],[111.44663682310538,34.98532052534693],[111.44596078695056,34.985323010292696],[111.44550518474904,34.98520847382201],[111.44522224469678,34.985054727326215],[111.44522193170111,34.98505456893033],[111.44522160236039,34.98505442591777],[111.4452212621604,34.98505430007118],[111.44522091330127,34.98505419318525],[111.44522055578788,34.98505410616132],[111.4452201928961,34.985054037184646],[111.44521982464056,34.985053988959294],[111.44521945320676,34.98505396057587],[111.44521908078511,34.98505395202635],[111.44521881796153,34.98505395749697],[111.44521833288555,34.9850539773032],[111.44290260381436,34.98509384879422],[111.44162781075481,34.98509849226096],[111.4409039112569,34.98498773537328],[111.43990458821537,34.98482134968023],[111.43931793225903,34.98448370525877],[111.43873027007228,34.984088953979196],[111.43810718944759,34.983552391411585],[111.4374151721483,34.98295958824495],[111.4368597361773,34.98211140281506],[111.43640607629061,34.981035353937585],[111.4364059477853,34.98103507767662],[111.43640579188697,34.98103479880999],[111.43640561522865,34.981034529031724],[111.43640541671999,34.98103426924716],[111.4364052734613,34.98103410210588],[111.43602408805349,34.98061017466567],[111.4354684252211,34.97978972043229],[111.43546840204203,34.979789686263075],[111.43515579285287,34.979336897589405],[111.43515576085106,34.979336851733834],[111.43515556344559,34.979336591943174],[111.43515534529475,34.97933634394476],[111.43515527371584,34.97933626938693],[111.43487803562573,34.97905356843616],[111.43487786940464,34.97905340678351],[111.43487761305478,34.979053183258564],[111.43487734035912,34.97905297511559],[111.43487705131288,34.97905278145322],[111.43487691507941,34.97905269901439],[111.4345637202895,34.97886851507188],[111.43490739725158,34.978440183948834],[111.43490758863338,34.978439926370726],[111.43490776351702,34.97843965533104],[111.43490791968841,34.97843936633083],[111.43508055712826,34.97808766667231],[111.43508067726468,34.9780873976313],[111.43508078413109,34.97808710430061],[111.43508086687173,34.978086804746745],[111.43508092659602,34.97808650166984],[111.43508096112328,34.978086196880454],[111.4350809641607,34.97808614999792],[111.43509883164495,34.97779884572732],[111.43509883146379,34.97779881147562],[111.4350988390328,34.97779858610405],[111.43509882536573,34.97779827968458],[111.43509878761112,34.97779797425279],[111.43509872468341,34.977797671615335],[111.43509863878234,34.97779737356708],[111.43509860096715,34.97779726373449],[111.43500022999922,34.977526333903235],[111.43500015784534,34.977526150280646],[111.43500002491751,34.97752586411869],[111.43499987012581,34.977525585246084],[111.43499969238464,34.97752531546945],[111.43499949388898,34.97752505568234],[111.43499927573869,34.97752480678218],[111.43499903794331,34.977524570571674],[111.43499878269782,34.97752434794434],[111.4349985089071,34.97752413890412],[111.43499821986599,34.97752394524194],[111.43499810230885,34.97752387355285],[111.43478416650028,34.977396977608095],[111.43478397977123,34.9773968719141],[111.43478366242998,34.97739671080235],[111.4347833331379,34.977396567760934],[111.43478299298538,34.97739644188459],[111.43478264417207,34.97739633496819],[111.434782286698,34.97739624701173],[111.43478209265578,34.97739620804588],[111.43452980482557,34.977349238031344],[111.43452963492811,34.97734920889384],[111.43452926671303,34.977349160635704],[111.43452906292464,34.97734914243601],[111.43412175971646,34.97731868418326],[111.43412159210453,34.977318673064566],[111.4341212197187,34.97731866448073],[111.43412084743751,34.97731867572682],[111.43412047636083,34.97731870770032],[111.43412010976442,34.977318758586726],[111.43411974655795,34.97731882929131],[111.43411939112183,34.977318919798435],[111.43411904235617,34.97731902921065],[111.43411878441235,34.977319124777495],[111.43375233628711,34.97746360286134],[111.43293959202899,34.9774665033179],[111.4324954777109,34.977436311465105],[111.4324012269609,34.977374798173],[111.43236201346527,34.97720154422946],[111.43236109463795,34.97702671892836],[111.43239384853774,34.97679733950343],[111.43239387673607,34.976797078904774],[111.43239388826639,34.976796772395176],[111.43239387351451,34.97679646597917],[111.43239383577044,34.976796160546414],[111.43239377395331,34.976795858804884],[111.43239368696327,34.97679555985714],[111.43239357810457,34.97679526729689],[111.43239344518224,34.976794980230615],[111.43239328930565,34.97679470135848],[111.4323931126697,34.97679443157404],[111.432392914184,34.97679417178255],[111.43239269604352,34.976793922877604],[111.43239245825771,34.97679368666189],[111.4323922030215,34.97679346402899],[111.43239192923978,34.9767932549828],[111.43239164021206,34.97679306221569],[111.43239133702396,34.97679288392106],[111.4323910196944,34.97679272370435],[111.4323906904041,34.97679257975503],[111.4323903502624,34.976792454773296],[111.43239028553828,34.97679243337068],[111.43220836466368,34.976733288108264],[111.43200112970959,34.976521951113156],[111.43200096349928,34.97652178945641],[111.43200091398366,34.97652174456366],[111.43176686739517,34.97630954797984],[111.43155881604757,34.97611856262354],[111.43155858612555,34.97611836333472],[111.4314286150076,34.97601230570804],[111.43142834232603,34.97601209665573],[111.43142805329857,34.97601190298491],[111.43142774902508,34.97601172559307],[111.43142743169568,34.976011564472415],[111.43142710241491,34.97601142142179],[111.43142676227315,34.97601129553593],[111.43142641346999,34.97601118860979],[111.43142605601018,34.97601110154473],[111.4314256931695,34.97601103252634],[111.43142532496212,34.97601098425872],[111.4314249535735,34.97601095583273],[111.43142458118905,34.97601094633921],[111.4303900597556,34.97601461831346],[111.43010721900258,34.97595220038683],[111.42992633961872,34.975804593941206],[111.42992619776945,34.975804482672515],[111.42953764348273,34.97550854709167],[111.42951174309856,34.975424798800155],[111.42940633345866,34.975063035611676],[111.42940629002176,34.975062896051625],[111.42940618007621,34.97506260259104],[111.4294060737311,34.97506236951009],[111.42935375501469,34.97495603411],[111.42935372845552,34.974955981022596],[111.42935357259275,34.97495570214637],[111.42935355933433,34.97495567965877],[111.42919693413707,34.97470058618378],[111.42919677077913,34.974700339783446],[111.42919657340367,34.97470007998268],[111.42919635418335,34.97469983107567],[111.42919611750781,34.97469959484963],[111.42919586119167,34.97469937221369],[111.4291955885201,34.974699163156245],[111.4291952995025,34.974698969479995],[111.42919507321392,34.97469883507303],[111.42885761086062,34.97450829150564],[111.42885753288101,34.9745082476135],[111.42885721556709,34.97450808738736],[111.42885688629208,34.9745079434283],[111.42885654616511,34.97450781843651],[111.42885619627656,34.97450771150675],[111.4288558399163,34.9745076235288],[111.42885547599396,34.97450755540789],[111.4288551088851,34.97450750622718],[111.42885488100417,34.974507486300254],[111.42828526313022,34.974466889364564],[111.42828511963025,34.97446688085688],[111.42828474725775,34.97446687225504],[111.42800061275298,34.97446787403781],[111.427614705108,34.9744057575993],[111.42735642660911,34.97413181845207],[111.42719911705609,34.973685848791064],[111.42719903378998,34.973685630048955],[111.42719890089556,34.97368534387804],[111.42719874504252,34.97368506499892],[111.42719856843028,34.9736847952066],[111.42719837327239,34.97368453900021],[111.4268337307103,34.97323846064633],[111.42649508380144,34.972813593943556],[111.42649504412304,34.97281354450707],[111.42649482491592,34.97281329559501],[111.4264947027124,34.972813169831156],[111.42613078433041,34.97245257080623],[111.42594853882743,34.9721979063078],[111.42563565942488,34.97175162910467],[111.42563545545102,34.971751360307245],[111.4256354014637,34.97175129649856],[111.4254016108499,34.97147583579753],[111.42529669498934,34.97115742963954],[111.42529658505448,34.97115713437218],[111.42529645216618,34.97115684729762],[111.42529629632442,34.971156568415864],[111.42529623338197,34.97115646678046],[111.42500952473056,34.97071053787982],[111.42485200249895,34.970242939708335],[111.42466777642662,34.96964711970975],[111.42466775194593,34.96964704407947],[111.4246676420247,34.96964675061418],[111.42466756337278,34.96964657512022],[111.42440590501755,34.969093585839104],[111.42440585079123,34.96909347515893],[111.42440569605145,34.96909319627205],[111.4244056320167,34.96909309463995],[111.42411864626379,34.9686467128179],[111.42411853261166,34.96864654465682],[111.4241183341719,34.96864628485114],[111.4241181160828,34.96864603683202],[111.42411787063766,34.968645792513946],[111.42351981717385,34.96809400708507],[111.42323375697114,34.967818092385755],[111.42323369094824,34.96781802951925],[111.4232334357647,34.9678178068664],[111.42297354486628,34.967605672103765],[111.42297327113909,34.96760546303563],[111.42297298216106,34.96760526934407],[111.42297267903182,34.96760509192662],[111.42297244408262,34.96760497105865],[111.42258326716123,34.967414589775096],[111.42258318483496,34.967414550400854],[111.42258285560388,34.96741440732568],[111.42258251551107,34.967414281414534],[111.42258216566073,34.9674141744663],[111.42258180495791,34.96741408648482],[111.42219317300177,34.96733022080529],[111.42219281678595,34.96733015353878],[111.4221924486226,34.96733010524277],[111.42219214189302,34.967330079267704],[111.42185603880863,34.9673099710664],[111.4214173544805,34.96722660845976],[111.42100384079603,34.96695240698475],[111.42097878684461,34.966911586507536],[111.42089754515881,34.966188444825015],[111.42087025200638,34.965911613811635],[111.42087021896222,34.96591136153971],[111.42087015719127,34.965911058890065],[111.4208700802662,34.96591079054536],[111.42071230194064,34.965421345158276],[111.4207122885986,34.96542130554377],[111.4206334507051,34.96518722427357],[111.42063334857025,34.96518695060773],[111.42063321571263,34.96518666442896],[111.42063305989814,34.96518638554074],[111.42063288332588,34.96518611573823],[111.4206326849055,34.96518585592657],[111.42063246683152,34.965185606999526],[111.42063222911311,34.965185370759855],[111.42063212021202,34.965185272886586],[111.42029427830845,34.96488827764739],[111.41990469023709,34.96450669275429],[111.4195395488411,34.96389065780031],[111.41953952785842,34.963890622718964],[111.41953935019761,34.963890352918526],[111.41953915508698,34.96389009669909],[111.41938290614523,34.96369889829481],[111.41938268697487,34.96369864756646],[111.41938256370092,34.96369852179887],[111.4190184242557,34.96333761027578],[111.41901830982016,34.963337499800794],[111.41901805356704,34.9633372771425],[111.41901778095902,34.96333706806135],[111.41901749200531,34.96333687436007],[111.41901718780538,34.96333669693623],[111.41901687054907,34.963336535782304],[111.41901654134048,34.96333639269721],[111.41901620126993,34.96333626677581],[111.4190158514461,34.96333616071845],[111.41901549514456,34.96333607271104],[111.41901513127956,34.9633360045601],[111.41901476422619,34.96333595534915],[111.4190143928987,34.9633359268847],[111.41901402057724,34.963335918254046],[111.41901364835674,34.96333592945342],[111.4190132773321,34.96333596047904],[111.41901290969774,34.963336012224715],[111.41901254763432,34.96333608288016],[111.41901219114642,34.96333617334674],[111.4190118435142,34.963336282711765],[111.41901150473308,34.963336410073865],[111.41901117699287,34.96333655542548],[111.41901086138849,34.963336718762825],[111.41901055900568,34.963336898279415],[111.4190103953191,34.96333700700981],[111.41851358728377,34.96367845394538],[111.41851351200017,34.963678506484875],[111.41829437627082,34.963834447602686],[111.4178715698708,34.964029726038014],[111.41733816987814,34.964134983634494],[111.41681934460841,34.96416265752571],[111.4168189604446,34.96416268949112],[111.41681859280054,34.96416274032881],[111.41681852278919,34.96416275318841],[111.41629955195644,34.96425523822705],[111.41629924787213,34.96425529966187],[111.41578039583993,34.96437370217675],[111.41578006449996,34.96437378713947],[111.41577971685896,34.96437389649528],[111.41577937806848,34.96437402384841],[111.41577905031836,34.96437416919135],[111.41577873470352,34.96437433252034],[111.41577843230978,34.96437451202893],[111.41577814532702,34.96437470770961],[111.41577801552226,34.96437480550309],[111.4155431350849,34.96455678236565],[111.41529235630875,34.96469997896051],[111.41529211724605,34.964700123998874],[111.415291830261,34.96470031967839],[111.41529155867775,34.96470052972735],[111.41529130578573,34.964700755035864],[111.41529107047629,34.96470099290357],[111.41529085493477,34.96470124242164],[111.4152906591612,34.964701503590064],[111.41529048533629,34.964701774598595],[111.41529033236063,34.964702054549655],[111.41529020241947,34.96470234253437],[111.41529009659415,34.96470263584491],[111.41529001269933,34.96470293539012],[111.41528997101116,34.964703136540535],[111.41525934049449,34.9648716948722],[111.41525932348489,34.96487179588498],[111.41525928779878,34.96487210157499],[111.41525927730075,34.964872408080254],[111.4152592908913,34.96487271450316],[111.41525930927436,34.96487288570259],[111.4153248215136,34.96537802063826],[111.4153248408008,34.965378153976616],[111.41532490364592,34.96537845662551],[111.41532498946209,34.965378754688956],[111.41532504500066,34.96537891133922],[111.41550045555316,34.96584455755874],[111.41558080129343,34.96618094278962],[111.4155808091083,34.96618097250843],[111.41558089492625,34.96618127057164],[111.4155810048104,34.966181564045606],[111.41558106573376,34.96618170264969],[111.41572430275171,34.96649220213019],[111.41572437578836,34.96649235421345],[111.4158833572777,34.966802804998416],[111.41588350755437,34.96680307399648],[111.41588368521418,34.966803344703514],[111.41588382742984,34.96680353530912],[111.4160264105552,34.966984456927065],[111.41602646674922,34.966984526140834],[111.41602668481417,34.96698477507614],[111.4160269225247,34.966985011324816],[111.41602717878126,34.96698523398924],[111.41602745139392,34.96698544307696],[111.41602774035357,34.96698563678519],[111.41602785787921,34.96698570849301],[111.41637437847561,34.967191354331256],[111.41665865358576,34.96753922246287],[111.41680138039081,34.96779743147441],[111.4169441121231,34.968094039974694],[111.41694561695242,34.968391049411565],[111.41691644196729,34.96884454275124],[111.41691643346869,34.96884481049023],[111.41691814034012,34.969181709760534],[111.41691815158791,34.96918198464276],[111.41695186709742,34.96962243807938],[111.41695186944727,34.969622469619594],[111.41695190712593,34.969622774156576],[111.41695196998042,34.96962307680435],[111.41695205580706,34.96962337486639],[111.41695215462751,34.96962364403963],[111.41712747651196,34.97005065288831],[111.41712748649495,34.97005067809263],[111.41712752748985,34.9700507725967],[111.41725489287802,34.97033538283963],[111.4173659392505,34.97059309236174],[111.4172887101621,34.97111782453957],[111.41698316606725,34.97111887406695],[111.41698279381121,34.97111888526034],[111.41698242385027,34.97111891717756],[111.41698205617527,34.971118968015915],[111.41698169407589,34.971119038665464],[111.41698133755206,34.971119129126244],[111.41698098878928,34.97111923848931],[111.41698065106806,34.97111936584206],[111.41698032220289,34.97111951209338],[111.41698000656017,34.97111967452412],[111.41697986134751,34.97111975885103],[111.41661861150143,34.97133403886767],[111.41661845539713,34.97133413494943],[111.41661842592282,34.97133415307813],[111.41638748645197,34.97148328245915],[111.41597702357353,34.97152694583024],[111.41556360291051,34.97133738238223],[111.41556332855878,34.97133726524035],[111.41556298846021,34.97133713930965],[111.41556263969709,34.97133703233759],[111.41556228227394,34.9713369452255],[111.41556191946671,34.971336876159405],[111.41556155128909,34.97133682784342],[111.41556117992198,34.97133679846734],[111.41556080756457,34.97133678982637],[111.41556043530731,34.971336801015404],[111.41556006424977,34.97133683293205],[111.41555969766792,34.97133688376237],[111.41555933447583,34.971336955312815],[111.41555897903991,34.9713370448643],[111.41555863027429,34.971337154223285],[111.41555829145948,34.97133728247722],[111.41555815486855,34.97133733973155],[111.41479379391554,34.97167236548834],[111.41419694586286,34.971739082955864],[111.41419678936926,34.971739102418596],[111.4138036526694,34.971792255779185],[111.41336322617244,34.97183261602366],[111.4133630849817,34.97183263002496],[111.4128910888369,34.97188606866898],[111.41289073100658,34.971886118560114],[111.41289052314099,34.97188615712481],[111.41256092050197,34.97195193959813],[111.41229397951278,34.97195284618516],[111.41229360725218,34.971952857364194],[111.41229354266346,34.97195286118902],[111.41208896392273,34.97196651291438],[111.41208865744512,34.97196654009438],[111.41208829086271,34.9719665918156],[111.41208792766021,34.97196666245433],[111.41208757222223,34.971966752897046],[111.41208728794767,34.97196684039415],[111.41177310241089,34.972071526940695],[111.41127036913097,34.972215685510406],[111.41059475188175,34.972373350648674],[111.41017033205077,34.97242657369111],[111.41017005629472,34.97242661338182],[111.410169694188,34.972426684912506],[111.41016933764635,34.97242677445197],[111.41016898886879,34.97242688379555],[111.41016880085947,34.97242695203404],[111.40961948382346,34.97263590174577],[111.40905442790523,34.97272831936127],[111.4087875609327,34.97272921799982],[111.4083311123241,34.97270484801959],[111.40787445914677,34.972680467094456],[111.40787407692402,34.9726804575617],[111.4078737046594,34.97268046872721],[111.40787333359258,34.972680500620434],[111.40787296590472,34.97268055143128],[111.40787260379035,34.97268062205376],[111.4078722472495,34.972680712487865],[111.40787203403383,34.97268077720194],[111.40766770948231,34.97274625266544],[111.40766757501106,34.97274629728447],[111.4076672361779,34.97274642551648],[111.40766690838004,34.972746570837636],[111.40766659271695,34.97274673414568],[111.40766629027472,34.97274691363415],[111.40766600324349,34.97274710929573],[111.40766573271378,34.97274732022535],[111.40766547867668,34.972747544620304],[111.40766524441733,34.97274778246956],[111.40766502774113,34.97274803287912],[111.40766483301938,34.97274829403151],[111.4076646971619,34.97274850090353],[111.40733711025393,34.97328028651791],[111.4071025515125,34.973487918959215],[111.4071024250574,34.97348803475973],[111.40710228774545,34.9734881695256],[111.40689866547574,34.973696178289195],[111.4068985685241,34.973696281371325],[111.40689841171002,34.97369645856717],[111.40664801238731,34.97399532945485],[111.40664795251996,34.97399540266706],[111.40664775669698,34.9739956638215],[111.40664758282419,34.97399593481759],[111.40664742980204,34.97399621475765],[111.40664730090681,34.97399650182795],[111.40664719394837,34.97399679603584],[111.40664711000844,34.973997094673535],[111.4066470736363,34.97399726876158],[111.40658570645594,34.974321421912656],[111.40658568409661,34.97432155088478],[111.40658564946959,34.97432185656835],[111.4065856389384,34.974322163072614],[111.40658755999998,34.9747108936375],[111.40658757356024,34.974711200061094],[111.40658761120756,34.974711505502654],[111.40658767402805,34.97471180815579],[111.4065877598227,34.974712106225105],[111.40658784530108,34.97471234029752],[111.40698633844488,34.97570876286541],[111.40698636173587,34.975708822278385],[111.40698649456802,34.975709109373156],[111.40698665035673,34.97570938827857],[111.40698682690739,34.97570965810063],[111.40698689526168,34.97570975071359],[111.40720866939151,34.976006911239764],[111.40738309872599,34.97627830742273],[111.40738321235924,34.976278476500774],[111.40738341076509,34.97627873633372],[111.40738362882453,34.97627898438281],[111.40738386653754,34.97627922064802],[111.40738402053283,34.97627935804239],[111.4076842083081,34.97653733211931],[111.40800048898967,34.97687291508324],[111.40823781300438,34.97714404275792],[111.40852229089724,34.97751786496347],[111.40862712961199,34.978182872211356],[111.40862713413125,34.97818290013888],[111.40862719586691,34.97818320279441],[111.4086272827678,34.97818350085835],[111.40862739154856,34.97818379434177],[111.40862752438602,34.978184080533204],[111.40862768018505,34.97818435943633],[111.40862785674645,34.978184629255814],[111.40862805516089,34.978184889086585],[111.40862827323363,34.97818513803465],[111.40862851095577,34.97818537429728],[111.40862876613254,34.97818559698051],[111.4086290398591,34.97818580608063],[111.40862932884113,34.978185999805966],[111.40862950458317,34.97818610467587],[111.40925123666617,34.97854544658115],[111.40938117540597,34.97877819974861],[111.40938125272837,34.97877833289197],[111.40938143149724,34.97877860540701],[111.40966811283712,34.97918234493283],[111.40987672422985,34.97950112916759],[111.40987681690353,34.979501265864315],[111.40987686652576,34.979501334201586],[111.4101114094179,34.979820101684005],[111.41011155822285,34.97982029407643],[111.41011177629996,34.97982054212034],[111.41011201403109,34.97982077837995],[111.4101122703166,34.97982100195759],[111.41011254295273,34.979821210156594],[111.410112831944,34.979821403878276],[111.41011298902471,34.979821498893855],[111.41047361292864,34.98003167433736],[111.41041007630113,34.980424786435265],[111.41041007204647,34.980424811688245],[111.41041003743135,34.98042511737252],[111.41041002691385,34.980425423876724],[111.41041003226584,34.980425618556346],[111.41042728075591,34.980735689397385],[111.41028771857215,34.98108506206641],[111.41011672888155,34.98143459749913],[111.40982064227339,34.98170617201442],[111.40924131717179,34.981862975514424],[111.40886456630633,34.981851327076406],[111.40869185851767,34.981838990858876],[111.40842434905858,34.98178813562809],[111.40842415613557,34.981788101123286],[111.40842391064479,34.98178806679527],[111.40801431931631,34.98173761187352],[111.40801419658672,34.98173759786386],[111.40801382517958,34.98173756936641],[111.40801345277116,34.981737559801275],[111.40760411769463,34.98173893549056],[111.40760374538898,34.98173894665552],[111.40760337427675,34.98173897764678],[111.40760300764344,34.98173902845334],[111.40760264439835,34.98173909998022],[111.40760228891318,34.981739190409996],[111.40760194008834,34.98173929884498],[111.40760160121819,34.981739427076874],[111.40760127338451,34.98173957239791],[111.40760095768697,34.98173973570576],[111.40760065521174,34.98173991519403],[111.40760051657742,34.981740006698615],[111.4074279153139,34.981857207202324],[111.40742776688522,34.981857311358866],[111.40742749632518,34.981857522287875],[111.40742724225956,34.98185774668218],[111.40742700687865,34.98185798453448],[111.40742679127321,34.981858234939736],[111.40742669768304,34.981858355137085],[111.40727028803435,34.98206620587923],[111.40727018904377,34.98206634141798],[111.40709822469417,34.982313120549854],[111.4070980486286,34.98231339425776],[111.40709789668797,34.982313674194444],[111.4070977666864,34.98231396126858],[111.40709765971908,34.98231425547652],[111.40709757686777,34.9823145541105],[111.40709751703733,34.982314857174174],[111.4070974948686,34.98231502490486],[111.40706746974163,34.98258620605326],[111.4069117570682,34.982806115321466],[111.40691173423453,34.98280614874897],[111.40691156034424,34.98280641974519],[111.40691140730692,34.982806699685284],[111.40691127730395,34.98280698675921],[111.40691126756776,34.98280701112904],[111.40686461282773,34.982923788679656],[111.40686451559053,34.982924057616174],[111.40686443274224,34.982924357151326],[111.40686437400123,34.982924659309845],[111.40686433827678,34.982924964996755],[111.40686432774585,34.98292527150061],[111.4068643413088,34.98292557792374],[111.40686438005638,34.98292588336109],[111.40686444178931,34.98292618601728],[111.4068645042161,34.98292640754714],[111.4069125052006,34.98308174163353],[111.40691252967358,34.98308181816864],[111.40691263845045,34.983082110752],[111.40691265285277,34.98308214405472],[111.40703986057856,34.98337923825612],[111.4070724267764,34.983624271462574],[111.40704222485172,34.98384323721446],[111.40685566272629,34.98412748288535],[111.40658969678339,34.984335188669355],[111.40658957351197,34.98433528733235],[111.40658932053611,34.98433551262259],[111.40658908514575,34.984335750473235],[111.4065890230538,34.98433581828449],[111.40632284600551,34.98463474002952],[111.40632273275044,34.98463487110832],[111.40597840838643,34.985050674755904],[111.40597836592704,34.98505072627641],[111.40597817007597,34.98505098742947],[111.40597799617795,34.98505125842429],[111.40597787025538,34.985051485992564],[111.40593108502733,34.98514234717059],[111.40593105790967,34.985142400442534],[111.40593092789965,34.985142687515356],[111.40593082201977,34.98514298171852],[111.40593073806626,34.98514328035527],[111.40593067932475,34.985143583414626],[111.40593064469115,34.985143889097515],[111.40593063415653,34.98514419560121],[111.40593064775652,34.985144510136614],[111.40596399210094,34.98552018487482],[111.40596402857598,34.98552047409514],[111.4059640913984,34.985520775846666],[111.40596412377356,34.985520900128556],[111.40604386045784,34.985804307902896],[111.4059354266287,34.98603657424434],[111.40593534214932,34.98603676652023],[111.40593523517312,34.98603706072703],[111.40593516196628,34.986037317864444],[111.40585797460331,34.986348565635595],[111.40585796495094,34.986348607131234],[111.40585790510868,34.986348909292786],[111.4058578829364,34.98634907702314],[111.4058277370168,34.986621293791615],[111.40582772455465,34.986621431744034],[111.40582771401952,34.98662173824766],[111.40582772757938,34.98662204467074],[111.40582776522977,34.986622350111894],[111.40582782805701,34.9866226527648],[111.40582791386177,34.986622950834],[111.40582802373928,34.98662324431585],[111.40582815658095,34.986623530509924],[111.40582831129157,34.98662380941987],[111.40582832564517,34.98662383280772],[111.40597117744586,34.98685659571828],[111.40597134076351,34.986856843051044],[111.40597153588287,34.98685709838987],[111.40612992616039,34.98705091740711],[111.4063671735983,34.987347659299026],[111.40647843662292,34.98760590828468],[111.4064784720671,34.98760598838861],[111.40663744336149,34.98795486421808],[111.40668585609443,34.9882133018318],[111.40673471751265,34.98854976654135],[111.40675256571211,34.988977047019794],[111.40675505971957,34.98948123032577],[111.40635681091224,34.99015128569662],[111.40583502558526,34.99008527175993],[111.40583488092476,34.99008525511731],[111.40583451057583,34.99008522660982],[111.40583413703897,34.99008521794329],[111.40583376469525,34.99008522910306],[111.40583339463993,34.99008526008548],[111.40583302687749,34.99008531179191],[111.4058329021232,34.99008533384198],[111.4053354258543,34.99017805734647],[111.40533518732454,34.9901781068172],[111.40533483179598,34.9901781963391],[111.40533448293682,34.990178305669055],[111.40533414402844,34.99017843389469],[111.40533381615721,34.990178579209655],[111.40533350042286,34.990178742511645],[111.40533319791177,34.990178921994264],[111.40533291081451,34.99017911765023],[111.40533264021744,34.990179327673125],[111.40533238612501,34.990179552964314],[111.4053321518097,34.990179790808774],[111.40533193507655,34.99018004031245],[111.40533174030664,34.99018030146069],[111.40533156530053,34.990180572458094],[111.4053314133396,34.99018085239235],[111.40533138731517,34.99018090566047],[111.40511233043506,34.9906369458097],[111.4051122275381,34.99063718051108],[111.40511212054868,34.99063747381563],[111.40511203659123,34.99063777335297],[111.40511197783856,34.99063807551034],[111.4051119431998,34.99063838119276],[111.40511193266164,34.990638687696126],[111.40511417277631,34.99109335102897],[111.40497808121854,34.99150296711807],[111.40497806827483,34.99150300772321],[111.40497798431605,34.991503307260416],[111.40497792556673,34.99150361031905],[111.4049778909227,34.991503915100026],[111.40497788038395,34.99150422160334],[111.40497789394163,34.99150452802628],[111.40497793159129,34.99150483346749],[111.40497795298785,34.99150495237787],[111.40506307303438,34.99193721305985],[111.40506311336654,34.991937395904785],[111.40506319917873,34.99193769487562],[111.40506322473469,34.991937768703245],[111.40517544883556,34.992256111169986],[111.40517553206259,34.992256329926796],[111.40517557415043,34.99225642443089],[111.40528711472179,34.992505695650834],[111.40528867917759,34.99282306609199],[111.40518029985765,34.99323224545712],[111.40507098617901,34.99343688021807],[111.40493379930965,34.99364204411365],[111.40493367106077,34.99364224735114],[111.40493351799687,34.993642527288436],[111.40493338797467,34.99364281526127],[111.40493328207612,34.99364310856188],[111.40493322389665,34.99364330525604],[111.40482458690346,34.99405344598537],[111.40482456111718,34.99405354792691],[111.40482450236556,34.99405385098536],[111.4048244666291,34.99405415667118],[111.40482445608956,34.99405446317437],[111.40482446964717,34.9940547695972],[111.4048245083884,34.99405507413331],[111.40482457012259,34.99405537678998],[111.4048246559362,34.99405567576085],[111.40482471480067,34.99405584051648],[111.40504849421029,34.99464581032164],[111.40499484919951,34.99484833569085],[111.40466604340197,34.99512111420448],[111.40428137542473,34.995280992980376],[111.40386766674293,34.99530507203589],[111.40386730214006,34.99530510299423],[111.40386693435299,34.995305154694826],[111.40386657213566,34.99530522530579],[111.40386621549243,34.99530531572851],[111.40386586770492,34.99530542505066],[111.40386552876872,34.995305552370894],[111.40386534841363,34.99530562958788],[111.40314763941547,34.995626731848645],[111.40314749187519,34.995626799941824],[111.40314717611562,34.99562696323814],[111.40314687357979,34.99562714271533],[111.40314658645836,34.9956273383661],[111.40314631583786,34.9956275483841],[111.40314606172271,34.995627773670684],[111.40314582629031,34.995628011514505],[111.40314561063164,34.99562826101054],[111.40314541584202,34.99562852215517],[111.40314524081724,34.99562879314932],[111.40314508883897,34.99562907308069],[111.4031449588074,34.99562936105157],[111.40314485180463,34.995629654354246],[111.40314476893043,34.99562995388642],[111.40314470907178,34.995630256046304],[111.40314467442379,34.995630561727964],[111.40314466387782,34.99563086823096],[111.40314467742951,34.99563117465394],[111.4031447150744,34.99563148009555],[111.40314477789902,34.995631782749385],[111.4031448637038,34.99563208082004],[111.40314496360664,34.99563234999985],[111.40325696104766,34.99590516358339],[111.4032569710252,34.995905187887416],[111.40325710387327,34.99590547408383],[111.40325725968835,34.995905752992925],[111.40325743627085,34.995906022819284],[111.40325763471172,34.995906282657906],[111.40325785281587,34.99590653161468],[111.40325809057441,34.9959067678869],[111.40325834579224,34.99590699058047],[111.40325861956471,34.99590719969179],[111.40325890859691,34.99590739342899],[111.40325921178909,34.99590757089439],[111.40325944679098,34.99590769179961],[111.40353676226239,34.99604336218858],[111.4035368446129,34.99604340247678],[111.4035371739265,34.99604354560236],[111.40353751410954,34.99604367156564],[111.40353786405787,34.99604377856757],[111.40353822048094,34.99604386571769],[111.40353858448299,34.9960439348151],[111.40353883001445,34.99604396915263],[111.40389853834309,34.996088283432506],[111.4044243545087,34.99617755028377],[111.40475413778996,34.996244228407896],[111.4049199466316,34.996491979397135],[111.40503027840538,34.9967385379463],[111.40461983349974,34.99701099101269],[111.40461963590859,34.997011127779054],[111.40461936529181,34.99701133870165],[111.40461911117205,34.99701156308991],[111.4046188768354,34.99701180093288],[111.40461883870171,34.99701184252328],[111.40437219195314,34.997284752837956],[111.40393177880657,34.99742233223194],[111.40393166396981,34.997422368669085],[111.40351735989064,34.99756033921765],[111.40351729536987,34.997560361065126],[111.40351725600281,34.997560374716635],[111.40279934227395,34.99781312600603],[111.4020260070632,34.9980432932513],[111.40140863041805,34.998222290764986],[111.40139061907233,34.998227512500236],[111.40139031064564,34.998227609967266],[111.40138997169795,34.998227738182],[111.40138991703449,34.998227759995764],[111.40098171893943,34.99839959976267],[111.40098144569144,34.99839972325238],[111.40098112991252,34.99839988564173],[111.40098082736614,34.998400066014895],[111.4009805402299,34.998400261660564],[111.40098026959475,34.998400471673726],[111.40098006344218,34.9984006517285],[111.40083754923587,34.99853200939376],[111.40083750125866,34.998532054620995],[111.40083726581132,34.99853229246032],[111.40083705014247,34.998532542853596],[111.40083685424328,34.99853280399811],[111.40083674224049,34.998532972925254],[111.40074992926873,34.99867069144687],[111.40074986623281,34.99867079351046],[111.40074979020608,34.99867092716509],[111.40067096246489,34.9988151632574],[111.40067088649937,34.998815309531025],[111.40067075644978,34.99881559659784],[111.4006707110146,34.99881571392668],[111.40060005880154,34.9990057345215],[111.40059999832057,34.99900591139077],[111.40059991220035,34.999006221748324],[111.40055317900239,34.99920926307453],[111.40055312559427,34.99920954267731],[111.40055309093086,34.999209847456775],[111.4005530838429,34.999209966461784],[111.40054594038354,34.99937333558322],[111.40051501240087,34.99954328299545],[111.40046062698691,34.99980518953276],[111.40046059070055,34.99980538615241],[111.40046055603656,34.99980569093182],[111.40046054703865,34.99980586763117],[111.4004537422119,35.00004148720074],[111.40045374065345,35.000041617004],[111.40045482470016,35.0002641225636],[111.40045483824275,35.00026442898671],[111.40045485888233,35.000264618207545],[111.40049600148846,35.000571161177014],[111.40038672250485,35.000890724954104],[111.40022158993978,35.00111926166659],[111.3999930543263,35.0013022875027],[111.39960544522134,35.00145355658995],[111.39918488609312,35.00153990575258],[111.39918476900074,35.00153993047476],[111.39918441232524,35.001540020883844],[111.39918412793473,35.001540108351094],[111.39898560280363,35.00160620900205],[111.39869179582647,35.00170534404307],[111.39869175536121,35.00170535769659],[111.3986915147911,35.00170544592015],[111.39816758037436,35.00191004089163],[111.39816748306876,35.001910079969946],[111.39816715514245,35.00191022616702],[111.39816704694803,35.0019102788017],[111.39794625264852,35.00202157726751],[111.3976230693407,35.00202263629642],[111.39736138264217,35.00191929234517],[111.3971227627253,35.00181557491315],[111.39689975849873,35.00167908961825],[111.39689950474097,35.0016789426223],[111.39689918737874,35.00167878141231],[111.39689888549613,35.0016786498971],[111.39659657601618,35.00155550587444],[111.39630184482066,35.00136697398684],[111.396301797574,35.001366944395684],[111.39630149437642,35.001366766913094],[111.39630117701655,35.00136660570151],[111.39630100027081,35.001366526957455],[111.39604605541665,35.001256145432755],[111.39579902482578,35.001139194476785],[111.39579868891505,35.001139047746356],[111.39579834872681,35.00113892266291],[111.39579799986203,35.00113881563526],[111.39579764232501,35.001138727564786],[111.3957972794064,35.001138659342125],[111.39579691110616,35.001138610967274],[111.39579653961081,35.00113858153175],[111.39579616711988,35.00113857283109],[111.39579602472381,35.001138575098125],[111.39547792727771,35.00114615581076],[111.39547769727828,35.001146164672434],[111.39547732717332,35.00114619652496],[111.3954772921372,35.00114620024461],[111.39524677487039,35.001173128769096],[111.39524644208325,35.001173175822814],[111.39524607983677,35.001173247309566],[111.39524572315408,35.00117333680574],[111.3952453753301,35.00117344610333],[111.39524503636055,35.001173574301],[111.39524470842757,35.00117371958885],[111.3952444986094,35.00117382483161],[111.39498270257326,35.0013121088142],[111.39498259659005,35.00131216594573],[111.39498229401971,35.00131234630402],[111.39498200685462,35.001312541034196],[111.39498173619883,35.00131275193542],[111.39498157910758,35.00131288765293],[111.39479151773942,35.00148365954183],[111.39479142176623,35.00148374818879],[111.39479118629292,35.00148398601645],[111.39479097059787,35.00148423639906],[111.39479077467244,35.00148449753386],[111.394790649612,35.00148468813088],[111.39467226138424,35.00167485958255],[111.39467221247952,35.001674940865385],[111.39467211689552,35.0016751106348],[111.39454599629141,35.00191111682039],[111.39454593985685,35.00191122697166],[111.3945459246636,35.001911256766434],[111.39444353628726,35.002121009749516],[111.3944434214084,35.002121267916266],[111.39444331436628,35.00212156121122],[111.39444323787954,35.00212183006973],[111.39438864310428,35.00234448051565],[111.39432615464884,35.002580244547424],[111.39432612884696,35.00258034648671],[111.3943261149003,35.00258040782556],[111.39428719589881,35.002757232727],[111.39428718412137,35.00275728955194],[111.3942483277379,35.00294720220771],[111.39424829466547,35.00294738709714],[111.39424825997722,35.00294769187478],[111.39424825280203,35.0029477946549],[111.39424115143639,35.00309565684715],[111.39411018222079,35.00315325368115],[111.39373768115374,35.003174031353204],[111.3937373055617,35.00317406321823],[111.3937369377285,35.00317411398699],[111.39373688300357,35.00317412407963],[111.39339516807375,35.00323413146594],[111.39339486054153,35.00323419285474],[111.39339450385216,35.003234283246876],[111.39339415601269,35.00323439163784],[111.39339381703171,35.003234519830364],[111.39339370879794,35.003234565249905],[111.39319527970113,35.00332028538879],[111.39319505998992,35.00332038525178],[111.39319474417661,35.003320547620966],[111.39319444269042,35.00332072797127],[111.39319415551407,35.003320922697235],[111.39319388375164,35.00332113359803],[111.39319363067655,35.00332135795893],[111.39319339519768,35.00332159668484],[111.39319317948866,35.003321846163225],[111.39319313375572,35.0033219039994],[111.39301922147772,35.00354497627795],[111.39301907237042,35.00354517957022],[111.39301889729552,35.00354545054975],[111.39301874309889,35.003545734982296],[111.39290845620442,35.00376860468757],[111.39290833155417,35.00376888271472],[111.39290822450877,35.00376917690965],[111.39290814158498,35.003769475533375],[111.39290808168734,35.00376977858945],[111.3929080469981,35.00377008426805],[111.39290804191727,35.00377016721106],[111.39289344880392,35.00404507811093],[111.39289344329983,35.00404530166988],[111.39289419373969,35.004202273792444],[111.39288705806798,35.004372360309304],[111.39288705454794,35.004372540595796],[111.39288780295942,35.00452908907009],[111.39285668495954,35.004646485774686],[111.39285665915949,35.004646588614975],[111.39285659925675,35.004646890769635],[111.39285657183885,35.0046471134981],[111.3928414445428,35.004803921562356],[111.39280248872788,35.004954213169725],[111.39273990756057,35.00517032572103],[111.39273987956929,35.005170428568384],[111.39268525760266,35.005379820818305],[111.39259902702233,35.005608716475805],[111.39244151140696,35.00591003910731],[111.39244147233107,35.00591011494916],[111.39244140183048,35.00591026300264],[111.39232334664115,35.00617241932444],[111.39232328705197,35.006172558328835],[111.39232327730875,35.00617258269747],[111.39222907101475,35.006408200162845],[111.39211881764518,35.006598009219324],[111.39201623903163,35.0067618878629],[111.3920161846825,35.006761977274564],[111.39201612166399,35.006762086544484],[111.39187438233496,35.0070173945245],[111.3917085803577,35.00721391748442],[111.39170851064512,35.007214001537264],[111.39170831469636,35.00721426266702],[111.39170814070494,35.00721453364102],[111.39170798757101,35.007214813561475],[111.39170796262795,35.00721486682311],[111.39162956461713,35.007377979345634],[111.39145612463307,35.00754142900443],[111.3912898758504,35.007679291333424],[111.39128974819093,35.007679399909954],[111.39117100132971,35.00778443769789],[111.3910763914173,35.00786289267222],[111.39093502403077,35.007941095257614],[111.39064208511458,35.00798767228185],[111.39064203256852,35.00798768056331],[111.39064167028363,35.00798775113514],[111.39064131357055,35.00798784151927],[111.3906409657116,35.00798795080376],[111.39064062670244,35.00798807808729],[111.3906405982748,35.00798808989665],[111.39038657187665,35.0080936171894],[111.39038627123963,35.00809375065843],[111.3903859455728,35.00809391936159],[111.39004481913176,35.008284808629476],[111.39004453728414,35.00828497719092],[111.3900442500873,35.008285172810794],[111.39004397829615,35.00828538280316],[111.39004372520154,35.00828560805883],[111.39004348969507,35.00828584587723],[111.39004327286804,35.008286095353476],[111.39004318031812,35.00828621553375],[111.3898850950145,35.008496143478986],[111.3898849927028,35.008496284422115],[111.38988481870267,35.008496555393506],[111.38988466665569,35.00849683530816],[111.38988464061555,35.00849688857292],[111.38980587761971,35.00866075101583],[111.38980577355706,35.00866098480615],[111.38980566649434,35.008661278998204],[111.38980558245896,35.00866157762319],[111.38980552364198,35.00866188067408],[111.38980548894786,35.00866218815437],[111.38979054216595,35.00886511402739],[111.38979053264313,35.008865416018594],[111.38979239533892,35.00925807149102],[111.38979240884358,35.00925837791511],[111.38979244644563,35.00925868336046],[111.38979250923204,35.00925898602078],[111.38979251928849,35.009259027451726],[111.38983303438992,35.00941596191226],[111.38983305111371,35.00941602315204],[111.38988142583032,35.00959188465672],[111.38986646216836,35.00976053578467],[111.38974883921026,35.009969104968675],[111.38962263406725,35.01010649928457],[111.38946479696074,35.010270129427866],[111.38925922619556,35.01040128629318],[111.38906140565051,35.01051943636877],[111.38883174368246,35.01061156538729],[111.38862544594095,35.01068415397977],[111.3883326734734,35.01078290008864],[111.38803260541742,35.01078385974177],[111.38781132094867,35.01071315194008],[111.38766889690825,35.01062274022008],[111.38750968466101,35.01046029718347],[111.38738180239783,35.01029079803634],[111.387381686673,35.01029065148157],[111.38738146748253,35.01029040250029],[111.38738139701496,35.01029032791107],[111.38728548392618,35.01019246885033],[111.38728531773444,35.01019230713314],[111.38728506251057,35.01019208350514],[111.3872847887347,35.01019187525971],[111.3872847018979,35.01019181424327],[111.38713308168421,35.01008758880968],[111.38713287947601,35.01008745605113],[111.38713257516586,35.0100872776481],[111.38713242909361,35.01008720059576],[111.38694106868655,35.00998964564317],[111.38694090946392,35.00998956773113],[111.38669377193904,35.009872552827886],[111.38669343710824,35.0098724069705],[111.3866930968931,35.009872280960494],[111.38669274690717,35.00987217391049],[111.38669239044137,35.00987208671138],[111.38669202639161,35.00987201756392],[111.38669165805729,35.00987196916174],[111.38669129419841,35.00987194057555],[111.38645260676655,35.00985961278595],[111.38645223095017,35.00985960406736],[111.38645185851367,35.00985961516825],[111.38645148726597,35.009859646095606],[111.3864511204937,35.00985969683897],[111.38645075710556,35.009859768303194],[111.38645040147095,35.00985985777019],[111.38645005250285,35.00985996704623],[111.38644971348364,35.009860095219466],[111.38644938550034,35.009860240483704],[111.38644906965277,35.00986040373678],[111.38644876702797,35.00986058317251],[111.386448479817,35.00986077878392],[111.3864482091112,35.009860989666144],[111.38644795490204,35.00986121401648],[111.3864477204762,35.009861451824456],[111.3864476332867,35.009861548549175],[111.38632104367923,35.01000592723347],[111.38632091512167,35.01000607997499],[111.38632071914914,35.01000634109608],[111.38632054513404,35.010006612062405],[111.38632048753657,35.010006711396954],[111.38621794626232,35.01019028092558],[111.38621785070191,35.01019046150463],[111.38621781598772,35.01019053462645],[111.38609967226061,35.010439595313876],[111.38609963755891,35.010439671139736],[111.3860287880993,35.01059696105526],[111.3860287284963,35.01059710005654],[111.3860287187507,35.01059712442465],[111.38595012575215,35.01079363880763],[111.38586369035185,35.01098993289208],[111.38579310892085,35.01110720437247],[111.38565126732476,35.01124442252166],[111.38548529147317,35.01136893566052],[111.3853349089118,35.01146084051189],[111.38511308126762,35.01158571522135],[111.38488312752649,35.011691050053265],[111.38488303132384,35.011691094525695],[111.38488276245708,35.01169123238722],[111.3846766224891,35.01180305963043],[111.38432779113164,35.011967590215946],[111.3840262979469,35.01207970742781],[111.38402610547652,35.012079782850854],[111.38402577748006,35.01207992810858],[111.38402546161912,35.01208009135537],[111.38402515898083,35.01208027078508],[111.38402492526225,35.012080428363745],[111.38363800354453,35.01235480812536],[111.3836379554993,35.01235484252945],[111.38363401268371,35.012357702434166],[111.38341733552829,35.012514899085836],[111.38341706152345,35.01251511087306],[111.3834168083976,35.01251533611495],[111.38341659465775,35.01251554951457],[111.38322491465523,35.0127199232225],[111.38289492949046,35.012811577140006],[111.38289489995186,35.01281158624694],[111.38289455205782,35.012811694608004],[111.3828942130208,35.01281182277134],[111.3828938850194,35.012811968026014],[111.38289356915338,35.012812131269875],[111.38289326650991,35.01281231069678],[111.38289297928016,35.01281250629981],[111.38289270855549,35.01281271717412],[111.3828924543275,35.012812941517026],[111.38289221878738,35.01281317932159],[111.3828920008437,35.01281343149263],[111.38267190946132,35.013087311509565],[111.38267172109698,35.013087563586964],[111.3823699951789,35.013520149427336],[111.38201522178869,35.01372387663195],[111.38182515516517,35.01363531343782],[111.38146523827282,35.01327370227171],[111.38126880216221,35.01261519647264],[111.38121252180476,35.01241052682735],[111.38121246173205,35.01241033051633],[111.38121235079456,35.01241003341109],[111.38082064731255,35.01147789389335],[111.38076468197731,35.011341494045894],[111.38076467200447,35.01134146974005],[111.38076453920483,35.011341182618054],[111.38076438343606,35.011340903680484],[111.38076420689343,35.01134063382181],[111.38076400848557,35.01134037394687],[111.38076379040777,35.011340124950145],[111.38076359558318,35.01133992906157],[111.38059683746549,35.01118109438861],[111.3805967956506,35.01118105485923],[111.38059653935032,35.011180832121916],[111.38059626667933,35.011180622956545],[111.38059597764597,35.01118042916586],[111.38059567334996,35.01118025164778],[111.38059535598242,35.01118009039543],[111.38059502664726,35.01117994720812],[111.38059468643587,35.01117982118102],[111.38059433645215,35.01117971411343],[111.38059397998694,35.01117962689642],[111.38059388677274,35.01117960735846],[111.38048310379723,35.01115718865286],[111.38048283296098,35.01115713902485],[111.38048246462435,35.01115709060385],[111.38048209418844,35.011157062019684],[111.38048172164906,35.01115705237098],[111.38048134920987,35.011157064354954],[111.38048097795391,35.011157095264096],[111.38048061007643,35.0111571459929],[111.38048024777275,35.011157217435844],[111.38047989103032,35.01115730688886],[111.38047954314419,35.01115741614437],[111.38047920411016,35.011157544301],[111.380478876111,35.011157689549165],[111.38047856024644,35.01115785278678],[111.38047825760371,35.0111580322077],[111.38047797037389,35.01115822780507],[111.38047769964838,35.01115843867406],[111.38047744541885,35.01115866301198],[111.38047728074112,35.01115882577567],[111.3802569771099,35.0113871701119],[111.38025690624475,35.01138724514802],[111.38025668937975,35.01138749460693],[111.38025649448016,35.011387755714864],[111.38025631934654,35.01138802667601],[111.38025621069163,35.011388221713396],[111.38006420722826,35.011753070482214],[111.38006416270206,35.011753155350874],[111.38006411712614,35.01175325013794],[111.37987263058159,35.01216296921087],[111.37935096156497,35.01270936465517],[111.37857877941057,35.01293897793035],[111.3785785792059,35.01293904074966],[111.37816415374132,35.01307692429477],[111.37816409029713,35.01307694612543],[111.37816375125152,35.01307707427563],[111.37816342324058,35.013077219517555],[111.37816310736403,35.01307738274919],[111.37816285496075,35.01307753045968],[111.37805400216905,35.01314522929428],[111.37722579028063,35.013147806151125],[111.37722557884955,35.013147810413734],[111.37647903184923,35.01317287993969],[111.37556703438112,35.013084797174685],[111.37501345212698,35.012836526941385],[111.37501322599732,35.01283643119295],[111.37501288578746,35.01283630515024],[111.3750125358079,35.012836198967946],[111.37501217933715,35.01283611083322],[111.37501191505967,35.012836058468636],[111.37437537206964,35.0127242672958],[111.37362898761064,35.0124994459177],[111.37326868424464,35.0121599807534],[111.37326866223903,35.01215996008946],[111.3732684059554,35.012159737336574],[111.3730739930564,35.01200097735064],[111.37307371931017,35.012000769073026],[111.37307343029147,35.01200057526435],[111.37307312710405,35.01200039772398],[111.37307279876767,35.01200023107741],[111.37287934764349,35.011910070576214],[111.37276879579466,35.011819792203994],[111.37276852204573,35.01181958302432],[111.3727682330284,35.0118193892149],[111.37276792984228,35.01181921167376],[111.37276761248746,35.011819050400874],[111.37276728316317,35.011818907192264],[111.37276694296501,35.01181878204454],[111.37276659298855,35.011818674954355],[111.37276656337144,35.01181866693293],[111.37251722377903,35.01175113614141],[111.37251689364597,35.01175105603087],[111.37210153365048,35.01166129030176],[111.37174217833535,35.011571523797194],[111.37160411463296,35.011503943213896],[111.37160403228638,35.0115039038055],[111.3716037029613,35.01150375969234],[111.3716034966368,35.01150368100299],[111.37135428758943,35.01141346700921],[111.37110496866582,35.01130050392751],[111.3711047205889,35.011300398323705],[111.37110455816106,35.01130033572405],[111.37079967603012,35.011187440023356],[111.37079949826492,35.01118737747015],[111.37079914938923,35.0111872703709],[111.3707987918345,35.01118718222705],[111.37079842889146,35.01118711392991],[111.37079806056013,35.01118706547948],[111.37079769012311,35.011187035964376],[111.37079731649298,35.011187027190644],[111.37038227078678,35.01118829440303],[111.37038189834162,35.01118830545466],[111.37038152818104,35.011188337230955],[111.37038116029692,35.01118838792918],[111.37038109789884,35.01118839893609],[111.36985578219164,35.01128106222566],[111.36985548227608,35.01128112263032],[111.36985512552533,35.01128121295355],[111.36985477762425,35.0112813221787],[111.3698544385688,35.011281449404386],[111.36985411055417,35.01128159552532],[111.36985379466373,35.011281757834055],[111.36985349199708,35.01128193722863],[111.36985320474129,35.01128213280101],[111.3698529339879,35.01128234364647],[111.36985267972877,35.01128256796231],[111.36985255429123,35.01128269093157],[111.36967032871823,35.0114673231207],[111.36928240972355,35.011530631248725],[111.36909663158444,35.011322878571015],[111.36909655011209,35.01132278958261],[111.36909652699599,35.011322765315775],[111.36887852189372,35.01109390543246],[111.36876414037691,35.0109158500709],[111.36876402677824,35.010915681858826],[111.36876382840919,35.010915421964015],[111.36876372707604,35.01091530148758],[111.36865977549024,35.01079649599267],[111.36855585874864,35.010669271452926],[111.36846223365573,35.01054195518712],[111.36846208489551,35.01054176364573],[111.36846186685692,35.01054151462662],[111.36846162915504,35.01054127828643],[111.36846156095204,35.01054121629857],[111.36835766971647,35.01044788682855],[111.36835748274984,35.010447726049726],[111.36835720902069,35.010447517761314],[111.36835710021788,35.01044744147459],[111.36823255467228,35.01036268806613],[111.36823237557286,35.01036257143065],[111.36823232503627,35.01036254003582],[111.36806654991481,35.01026102876371],[111.36793179564258,35.01015944216312],[111.36793168792398,35.010159363168576],[111.3679314901164,35.01015922766048],[111.36777648845946,35.01005797357178],[111.36766254425436,35.009922680668524],[111.36766236808033,35.009922482899526],[111.36766213038254,35.009922246557736],[111.36766187412104,35.009922023792804],[111.36753750573077,35.009820449453436],[111.36739218286645,35.009667884494256],[111.36739196828529,35.00966767241909],[111.36739177800348,35.00966750443778],[111.3670803298855,35.00940465732991],[111.36691418566463,35.0092435348931],[111.36691411085042,35.00924346391056],[111.3669138556886,35.00924324114071],[111.36691358965597,35.00924303733258],[111.36665407998252,35.00905653004966],[111.36665394810862,35.00905643850769],[111.36641525022632,35.00889541012317],[111.36641508981295,35.008895306047826],[111.36641503927795,35.00889527465221],[111.36624998231346,35.00879419856154],[111.3661257099852,35.0086167797916],[111.36596943648964,35.008353520199314],[111.36582346187079,35.00809859682571],[111.36582340888063,35.00809850594645],[111.36582339453457,35.00809848255392],[111.36566725797286,35.00784388795988],[111.36559413436451,35.007657168250994],[111.36559410002268,35.007657082723696],[111.36559401481006,35.0076568900859],[111.36544789951652,35.00735106954748],[111.36533268551183,35.00701962163183],[111.36533259241158,35.00701937944188],[111.36521770269911,35.00674762225323],[111.36518614238518,35.00661187350915],[111.36510166801791,35.00622069779251],[111.36506966377438,35.005991341514225],[111.36506894879452,35.00583039842273],[111.36510954231942,35.005686083163965],[111.36510958324305,35.005685924398634],[111.3651096421492,35.00568562135902],[111.36510967803812,35.005685315684495],[111.36510968872689,35.0056850091844],[111.36510967531497,35.005684702756795],[111.36510963671087,35.00568439730633],[111.3651095751176,35.00568409553055],[111.36510948610514,35.00568378662619],[111.36507802728032,35.00559022824509],[111.36507792418296,35.00558995453675],[111.36507779145147,35.005589668298285],[111.36507766664464,35.00558943972406],[111.3649631549981,35.0053942692317],[111.36486909819284,35.00515648676715],[111.36486906939025,35.005156414743624],[111.3648689366562,35.005156127603506],[111.36486878204857,35.00515584864156],[111.36486860447593,35.00515557876239],[111.3648684072287,35.00515531885749],[111.3648683532661,35.005155255021975],[111.36468115733535,35.004934502602055],[111.36435870648991,35.00454389222919],[111.36435861178391,35.004543780742786],[111.36396345796999,35.004093772242996],[111.36396334678517,35.00409364998913],[111.36396332367262,35.004093625721275],[111.36374503738274,35.003864427179224],[111.36374482282224,35.003864214195886],[111.36374456659033,35.00386399142229],[111.36374449183565,35.00386393215544],[111.3634539739902,35.00363509912669],[111.3631320543344,35.003329747716684],[111.36292425060668,35.00313455138318],[111.36292398667926,35.00313432141981],[111.3627478942198,35.002990476043806],[111.36251941249685,35.00270222856307],[111.36224880009904,35.00232005038892],[111.36224860617313,35.00231979497657],[111.36193657100728,35.00193767477866],[111.36169735544718,35.001632030462005],[111.36152052032604,35.00138585933874],[111.36137473393828,35.0011565432124],[111.36124971997933,35.00096110824519],[111.36112470992794,35.000765678537746],[111.36112459194963,35.000765504021544],[111.36112439362944,35.000765244113495],[111.36112417563918,35.000764995080495],[111.36112410410814,35.00076492047897],[111.36099939486992,35.00063759509708],[111.3609993222516,35.000637522301496],[111.36079179448897,35.00043410261561],[111.36063590229864,35.000222049021176],[111.36063575357547,35.000221857469626],[111.36063557301412,35.00022164978788],[111.3605108269247,35.000085810488656],[111.3605107884074,35.00008577004105],[111.36051055075875,35.00008553368458],[111.36051029454346,35.00008531000252],[111.3605100219642,35.00008510169247],[111.36050995493457,35.000085054118536],[111.36030240826015,34.9999409478596],[111.36030218524795,34.99994080159699],[111.36030209627876,34.99994074687705],[111.36010500724784,34.99982214796078],[111.36010478980813,34.99982202331433],[111.35985589622699,34.99968655063139],[111.35985573373198,34.99968646548221],[111.35963799210326,34.999576441428914],[111.35963784170939,34.9995763679615],[111.35963753988936,34.999576235451805],[111.35940952610349,34.99948326663274],[111.35940949866716,34.999483254996065],[111.35940915853631,34.99948312890885],[111.35940880863352,34.99948302268087],[111.35940845223715,34.99948293449965],[111.35940808825964,34.9994828661712],[111.35940772107871,34.999482816781146],[111.3594073496068,34.99948278813548],[111.35940722470713,34.999482783096994],[111.3589312522129,34.999467165218405],[111.35893100463203,34.99946716144353],[111.35893063223811,34.99946717245974],[111.35893037599634,34.99946719214629],[111.3584653238847,34.99951110317407],[111.35821734409225,34.99951183517056],[111.35821697169804,34.99951184618458],[111.35821660158497,34.99951187792355],[111.3582162337452,34.99951192858474],[111.35821587146886,34.999511999059806],[111.35821551475598,34.99951208934877],[111.35821516579342,34.99951219854378],[111.35821482676805,34.999512325737015],[111.35821479943401,34.999512337535585],[111.35767779092095,34.99973526139849],[111.35767749135985,34.99973539568497],[111.35767717549315,34.999735558863584],[111.35767687284196,34.99973573822804],[111.35767669480046,34.99973585593168],[111.35749102874901,34.99986410007237],[111.35749092063674,34.99986417700784],[111.35749064879332,34.999864387829305],[111.35749039563065,34.999864612116426],[111.35749036726762,34.999864639241274],[111.35729467569419,35.00005244497698],[111.35692373637339,35.000385490935585],[111.35692363926495,35.00038557955609],[111.3569235585447,35.000385658213254],[111.35638786962522,35.00091504438755],[111.35638771585842,35.000915203481384],[111.35638767879381,35.00091524505356],[111.35620234010509,35.00112010422346],[111.35620224090962,35.0011202171867],[111.3558831701172,35.001495696900975],[111.35560522197743,35.001811465258015],[111.35560508792918,35.00181162519446],[111.3556048886072,35.00181188988188],[111.3553273988814,35.00221264710316],[111.35516285026955,35.002408763540735],[111.35516279033567,35.002408836727625],[111.3551625942816,35.00240909779922],[111.3551624201792,35.00240936872176],[111.35516239408332,35.00240941386695],[111.35503916139557,35.0026226021122],[111.35503913965407,35.00262264093501],[111.3548851262919,35.00289551088196],[111.35488502197332,35.00289570678577],[111.35488489175704,35.002895993804366],[111.35488478457634,35.00289628796662],[111.35488470151502,35.00289658656528],[111.35488464147758,35.002896889603484],[111.35488460976227,35.00289715560244],[111.35482551093818,35.003586888998186],[111.35482550782304,35.00358692866788],[111.35482549709612,35.0035872351674],[111.3548255104693,35.00358754159648],[111.35482554903415,35.003587847050554],[111.35482561059194,35.00358814973327],[111.35482569623039,35.00358844783873],[111.35482580594947,35.00358874136691],[111.35482593864208,35.003589027616925],[111.35482609321272,35.00358930659198],[111.35482617703967,35.00358943884936],[111.3549928171799,35.003844345081134],[111.3549929108899,35.00384448271776],[111.35499310919833,35.00384474263576],[111.35499321050258,35.00384486312402],[111.35535669203404,35.004260439441076],[111.35551309351291,35.00459992854526],[111.35551313774123,35.0046000230603],[111.35557466434877,35.004725288359126],[111.35557109204639,35.00472986519797],[111.35557094174843,35.00473006844801],[111.3555708840549,35.004730153346415],[111.35552360683306,35.00480148436262],[111.35532059432745,35.00506048006132],[111.35514855186915,35.00517714215241],[111.35514840333182,35.00517724624531],[111.3551482089752,35.00517739463974],[111.35472446134342,35.00551553854846],[111.35472438492407,35.00551560006539],[111.35472413064494,35.00551582525126],[111.35472389504352,35.005516063001814],[111.35472367921139,35.005516312412496],[111.35472359968067,35.00551641450047],[111.35453568305016,35.00576316371948],[111.35453556651734,35.00576332270213],[111.35453539131429,35.00576359452823],[111.35453523914757,35.00576387349805],[111.35453510892953,35.00576416141754],[111.35453500174393,35.00576445557939],[111.35453491867848,35.00576475417767],[111.35453485973325,35.0057650572124],[111.35453484272654,35.00576517804654],[111.35450445603298,35.00601107851397],[111.35442699062342,35.0062437327963],[111.35422395939996,35.00658082554594],[111.35422394525949,35.006580849023],[111.3542237919986,35.006581128896975],[111.35422366286981,35.00658141591154],[111.35422355568205,35.0065817100731],[111.35422347151919,35.006582008674336],[111.35422345218875,35.00658209886839],[111.3541463443808,35.00694480882265],[111.35405317419985,35.00717753118954],[111.3538969399085,35.00739784422828],[111.35389691704641,35.007397877645865],[111.3538967418339,35.00739814856963],[111.35389658966592,35.00739842843997],[111.3538964594392,35.00739871545738],[111.35389635224922,35.007399009618595],[111.35389626917987,35.007399308216385],[111.35389620913566,35.00739961125393],[111.35389619639326,35.00739970503424],[111.35386570379862,35.00763303589814],[111.35386568170115,35.00763324688462],[111.35386567097025,35.00763355338389],[111.35386568434454,35.00763386071426],[111.35386570485562,35.00763404453525],[111.35389826226415,35.00788014885959],[111.3538982803126,35.007880269591396],[111.35389834187033,35.00788057227439],[111.35389842751005,35.007880870380276],[111.35389853723169,35.00788116390908],[111.35389866992813,35.00788145015988],[111.35389868650451,35.00788148346247],[111.35407337546765,35.00821787785087],[111.35407351346807,35.00821812352405],[111.35407369101598,35.00821839432042],[111.3540737395102,35.00821846178219],[111.35416867755104,35.00834760892651],[111.35434263649583,35.00863134392124],[111.35440695870655,35.00898003289516],[111.35443445313506,35.009485089217485],[111.35386212872076,35.0093666398808],[111.35386183049813,35.00936658576627],[111.35386146218063,35.00936653636296],[111.35386125066066,35.00936651805071],[111.35346675528638,35.009337248738674],[111.35346659638716,35.00933723838488],[111.35346622386236,35.00933722955455],[111.35292397308481,35.00933880739909],[111.35292360064521,35.009338818397126],[111.35292355245326,35.00933882124137],[111.35259089455701,35.00936006717287],[111.35259057149375,35.009360096053975],[111.35259020360634,35.00936014669832],[111.35258984128168,35.009360217156775],[111.3525897088572,35.00936024908961],[111.35238041922875,35.00941155566325],[111.35238022553133,35.009411605801255],[111.3521218448209,35.009483302049034],[111.35203605976201,35.00950373719834],[111.35155601250119,35.00957606501665],[111.35155590739885,35.00957608154582],[111.35155554507621,35.00957615290256],[111.35155527694678,35.00957621857824],[111.35121144654286,35.009668246615426],[111.35095412928897,35.009668990883775],[111.35048605473996,35.00958932585335],[111.35048599225192,35.00958931611864],[111.35048575985145,35.00958928253741],[111.35009219532701,35.00953985110698],[111.34989552298089,35.009449574795816],[111.34989524968918,35.00944945750332],[111.3498949095313,35.00944933138981],[111.34989455959804,35.00944922513476],[111.3498942536091,35.00944914759706],[111.34967220681398,35.00939908865915],[111.34967215637323,35.00939907798795],[111.3496717934513,35.0093990087261],[111.34967146021239,35.009398963715896],[111.34931389402644,35.009359434930005],[111.34931385895395,35.009359431425445],[111.3493134874406,35.009359402749176],[111.34931339210976,35.00935939851663],[111.34880806537949,35.00934057434566],[111.34841501298324,35.009321494351724],[111.34820625416329,35.009221264538326],[111.34820621464382,35.00922124572279],[111.34820588537221,35.009221102447164],[111.34820554521784,35.0092209763289],[111.34820519528385,35.00922086916758],[111.34820483886071,35.00922078185516],[111.34820447484522,35.00922071259206],[111.34820410653542,35.00922066407293],[111.3482037361186,35.009220635390115],[111.34820336359094,35.00922062564225],[111.34796920945394,35.009221297128796],[111.34796883701789,35.009221309012986],[111.34796846575753,35.00922133982272],[111.3479680989633,35.00922139044992],[111.34796773554348,35.00922146179911],[111.34796737877319,35.00922155115675],[111.34796703085117,35.00922166031933],[111.34796669177358,35.00922178838543],[111.34796636372387,35.00922193354607],[111.34796631015335,35.009221959839564],[111.34745071351678,35.00947510740816],[111.3469949324539,35.00969669047121],[111.34699475535305,35.00969678021376],[111.34647618126321,35.00997037626849],[111.3464760752348,35.009970433357836],[111.34647577252142,35.00997061269443],[111.34647572991298,35.00997064075873],[111.34611448249873,35.010204913324955],[111.34611423779837,35.01020508077733],[111.3461140903664,35.01020519206702],[111.34584745789489,35.01041309916091],[111.34547070946192,35.01064725623068],[111.34547066029084,35.01064728701742],[111.34547037297872,35.01064748253245],[111.3454701010688,35.01064769332702],[111.34546984784015,35.010647917589075],[111.34546961219722,35.01064815532171],[111.34546954567537,35.010648228522506],[111.34525026670315,35.010894853332765],[111.34492098409072,35.011193639348775],[111.34492093279232,35.01119368546474],[111.3446701492141,35.01142742703286],[111.34440348215112,35.01162236293543],[111.34440333362627,35.01162247602888],[111.34410507051884,35.01185656385808],[111.34410496133175,35.01185665250249],[111.34410470700008,35.011856876764796],[111.34410447134974,35.01185711449477],[111.34410425547249,35.011857364787964],[111.34410405936083,35.011857625841635],[111.34410388520209,35.0118578967482],[111.34410373189695,35.01185817660942],[111.34410360272456,35.01185846361322],[111.34410349549377,35.01185875776582],[111.34410343715594,35.011858954431204],[111.3440724267921,35.01197566238057],[111.3440724009287,35.01197576521075],[111.34407234193678,35.01197606733898],[111.34407230706256,35.01197637300433],[111.3440722962947,35.01197667950273],[111.34407354342679,35.01227447349287],[111.34404315726029,35.01253348439633],[111.3440431414947,35.01253364398457],[111.34404313072666,35.01253395048293],[111.34404313823246,35.012534173101535],[111.3440600267417,35.01280623982257],[111.34406003257068,35.01280632363401],[111.34406007000457,35.01280662909434],[111.34406013262178,35.0128069308778],[111.34406021823492,35.012807229891926],[111.34406032792445,35.01280752252819],[111.34406046059857,35.01280780969103],[111.3440606151504,35.01280808867948],[111.34406079267171,35.01280835858906],[111.34406098987202,35.01280861852771],[111.34406101960376,35.01280865449847],[111.344298460329,35.01309305395713],[111.3442986485696,35.01309326704924],[111.34429881140774,35.013093431539126],[111.34455105111324,35.013338147797086],[111.3446781436267,35.01369938738688],[111.3447261271375,35.01393130760778],[111.3446178467168,35.01431914177058],[111.34457115951601,35.01442265310219],[111.34457109983997,35.01442279208346],[111.34457099260759,35.01442308623637],[111.34457090949742,35.01442338482767],[111.34457085050946,35.014423687857374],[111.34457081454052,35.01442399352586],[111.34457080377427,35.01442430002417],[111.34457178205925,35.014657539023126],[111.3445717907077,35.01465777245486],[111.34458862004863,35.01491676471525],[111.34459014022045,35.01527891058371],[111.34441983649897,35.0158738835966],[111.34415433739954,35.01614561363095],[111.3439034574736,35.016327470578574],[111.34390332422181,35.01632757010744],[111.34366782696917,35.016509647080895],[111.34366768610394,35.016509760151706],[111.3436674328524,35.01650998440989],[111.34366719718753,35.01651022213893],[111.34366698129685,35.01651047243126],[111.343666887574,35.01651059257956],[111.34343193100827,35.016822245683684],[111.34343182860628,35.016822386588],[111.34343166858024,35.016822634017664],[111.3432596034862,35.01710819335794],[111.34325959043643,35.0171082168306],[111.34325943711876,35.01710849669057],[111.34325930684345,35.01710878459775],[111.34325929708437,35.0171088089625],[111.3430722396641,35.01757582032003],[111.3430721421815,35.01757609010679],[111.34307205906278,35.01757638869696],[111.34307200006711,35.01757669172583],[111.34307199047358,35.0175767557506],[111.34301082830667,35.018017495609634],[111.34301081981248,35.01801756053264],[111.34296515247752,35.018393337703564],[111.34290352588098,35.01871732905466],[111.34290350450584,35.01871745801169],[111.34290346852896,35.01871776367951],[111.34290345775607,35.018718070177485],[111.34290347108774,35.01871837660736],[111.34290350961588,35.01871868206467],[111.34290357113788,35.01871898385153],[111.34290365675314,35.01871928286617],[111.34290376644664,35.01871957550316],[111.34290389912647,35.01871986266697],[111.34290405368567,35.01872014165657],[111.34290423121615,35.01872041156751],[111.34290442842715,35.018720671507744],[111.342904608985,35.01872087921525],[111.3431894229567,35.01903106210679],[111.34318946147825,35.01903110346112],[111.34318969803698,35.01903133985384],[111.3431899542612,35.019031562670335],[111.34319011915346,35.019031692002066],[111.34360093295281,35.01934150853256],[111.34383731199875,35.01952175586202],[111.34402700990643,35.019792683576505],[111.34420110824101,35.02005097648235],[111.34429638128152,35.02027062728734],[111.3442964918284,35.0202708604298],[111.34429664639528,35.020271139417524],[111.34429682393372,35.02027140932632],[111.34429697489239,35.020271611707415],[111.34447116124328,35.02049140082398],[111.34447120750401,35.02049145838064],[111.34447142549314,35.02049170654138],[111.34447166315546,35.02049194292839],[111.34447191939152,35.02049216664343],[111.3444720513123,35.02049227082848],[111.34472465928275,35.02068574666471],[111.34500912015778,35.02095685876467],[111.34500916305636,35.020956898303204],[111.34500941819584,35.020957121118826],[111.3450096919053,35.02095733036105],[111.34500998089008,35.02095752423645],[111.34501010831593,35.02095760139244],[111.34546718998297,35.021227909676696],[111.34587852329184,35.021739945647084],[111.34587855082484,35.02173997891948],[111.34587876882155,35.021740227077565],[111.34587900649534,35.021740464363106],[111.34587926163962,35.02174068717684],[111.34587953535392,35.021740896417036],[111.34587982433969,35.021741089388975],[111.34588012750886,35.021741267898484],[111.34588044484626,35.02174142834012],[111.34588077416802,35.02174157252287],[111.34588111436712,35.02174169774575],[111.34588146435159,35.02174180491325],[111.34588182083057,35.021741893133374],[111.34588218489597,35.02174196150162],[111.34588255326064,35.02174201002738],[111.34588292373701,35.02174203961825],[111.34588329631747,35.02174204847152],[111.34588366881442,35.021742037494775],[111.34588404012837,35.0217420057898],[111.34588423287323,35.02174198180474],[111.34687989781509,35.02160254755956],[111.34688007301669,35.021602520918954],[111.34688034234954,35.021602470573534],[111.34731519561453,35.021511715887],[111.34728042135428,35.02200958596303],[111.34728041269736,35.022009870822146],[111.3472804260498,35.02201017815264],[111.34728046349635,35.02201048271007],[111.34728051163314,35.022010724140685],[111.34736070383151,35.02236016393645],[111.34740954850773,35.02274833171155],[111.34741157673743,35.023227532561975],[111.3474115900868,35.023227838991026],[111.34741161965464,35.023228093995314],[111.34752501962816,35.02397904312106],[111.34752765161373,35.02460073045977],[111.3475276649638,35.02460103688873],[111.3475276764209,35.02460115493593],[111.34757674224412,35.02502862176912],[111.3475767682398,35.02502880918046],[111.34757683088344,35.02502911186273],[111.34757691651865,35.02502940997226],[111.3475770262412,35.02502970350594],[111.34757715894389,35.02502998976282],[111.34757731353098,35.025030268746015],[111.34757736317908,35.02503034882611],[111.34781510021025,35.02540522967773],[111.34798980372128,35.02576732363473],[111.34798984241267,35.025767403746066],[111.34798999809831,35.02576768272555],[111.34799017456514,35.02576795263171],[111.34799024730899,35.02576805247562],[111.3481645102245,35.02600079395927],[111.34816463472549,35.02600095404662],[111.34816485383625,35.02600120219719],[111.34816509152522,35.0260014385766],[111.34816514982973,35.026001492491766],[111.34846559677459,35.02627274409433],[111.34846579363514,35.02627291298734],[111.34846606737116,35.02627312222141],[111.34846635638284,35.02627331608827],[111.34846665957058,35.02627349368969],[111.3484669374066,35.026273636210355],[111.34873491210962,35.0264022685597],[111.34914506467102,35.02667282907292],[111.34949261645073,35.026956724932646],[111.34949288909203,35.02695693326615],[111.34949317810855,35.02695712713051],[111.34949327149462,35.02695718454948],[111.35003023466948,35.02727958251287],[111.35003044447748,35.02727970269177],[111.3500307618482,35.027279864023605],[111.35003109119563,35.02728000729342],[111.35003143142781,35.027280133405725],[111.35003178144127,35.027280240560984],[111.35003188565905,35.027280268202965],[111.3503788270273,35.02736997131525],[111.35037908041323,35.02737003187707],[111.35037944341146,35.02737010023476],[111.35037981180396,35.02737014874666],[111.35038018230722,35.02737017832362],[111.3503805549136,35.027370187162916],[111.35038084745905,35.02737018000864],[111.35099493702782,35.027342496327606],[111.35143586091974,35.02734121932608],[111.35143623344118,35.02734120833216],[111.35143629698078,35.027341204542644],[111.35184575198036,35.02731410269103],[111.35184605758978,35.02731407566514],[111.35184622187117,35.02731405535862],[111.35233417007349,35.02724786333752],[111.3529638897754,35.02718125438475],[111.3529639270162,35.02718125067095],[111.35296429497923,35.02718119912379],[111.3529644340379,35.02718117438223],[111.35359402807514,35.02706272183144],[111.35359425251048,35.02706267520743],[111.35359460825606,35.027062585836276],[111.35359495734161,35.02706247665431],[111.35359529648369,35.02706234857248],[111.35359538945742,35.02706230954251],[111.35408282082145,35.0268535624809],[111.35408305595709,35.026853456334116],[111.35408337193479,35.02685329316494],[111.35408365393201,35.02685312739077],[111.35447584232233,35.02660613280469],[111.35458529806063,35.02656716664409],[111.35458557374201,35.02656706127924],[111.35458587997638,35.02656692607981],[111.35513610007885,35.02630615511655],[111.35513642699048,35.02630598740575],[111.35513672974469,35.02630580804779],[111.35513680076649,35.02630576096852],[111.35559232674132,35.02600639778319],[111.35559254196548,35.026006249327274],[111.35559281280396,35.02600603851362],[111.35559306714755,35.02600581422768],[111.35559330280077,35.02600557557454],[111.35559351868353,35.026005326162846],[111.35559358733768,35.026005238528434],[111.35603217873168,35.02543380760863],[111.35603230509228,35.02543363507553],[111.35603247923991,35.02543336415251],[111.35603257493123,35.02543319441353],[111.35621988730034,35.025083147894776],[111.3565014316577,35.0247330469303],[111.35672040944979,35.02452569050746],[111.35708125243909,35.02430464722371],[111.35708133439974,35.024304596505615],[111.35708162173145,35.02430440096344],[111.35708189256052,35.02430419014645],[111.35708214689478,35.024303965857385],[111.35708238254273,35.024303728102716],[111.35708242834413,35.02430367749101],[111.35786573474707,35.02343375366014],[111.35846203755492,35.02306958650585],[111.35846212607204,35.02306953216197],[111.35846241339615,35.02306933661651],[111.35846268531333,35.02306912579322],[111.35846293854425,35.023068901504494],[111.35846307165535,35.02306877131347],[111.35880611687062,35.022719885803824],[111.3592092865344,35.02275694565977],[111.35933517239272,35.02302586747509],[111.3594785780072,35.0234140142552],[111.3594786411657,35.02341417451267],[111.35947866773922,35.02341423753014],[111.35973318491114,35.02399643696532],[111.35987671651851,35.02441050904074],[111.35987680741167,35.024410746733864],[111.35987691362934,35.02441098077604],[111.36003578946622,35.02473432623334],[111.36017903875354,35.02508363143097],[111.36017904872197,35.02508365573848],[111.36017918147253,35.02508394288265],[111.36017933610238,35.02508422184954],[111.3601793504459,35.02508424434131],[111.36027435186911,35.02523914011958],[111.36044942317334,35.025678849290195],[111.36044944974836,35.025678912307406],[111.36044957255596,35.02567918055194],[111.36059238503444,35.025963413640184],[111.36068849767075,35.02635142166212],[111.36068858223936,35.02635171525851],[111.36068869201048,35.02635200877996],[111.36068882476093,35.026352295022136],[111.36068897939495,35.02635257398831],[111.36068915700037,35.02635284387245],[111.36068935428597,35.02635310378298],[111.3606895723435,35.02635335281533],[111.36068981006933,35.02635358916996],[111.36069006636374,35.0263538119488],[111.36069033903519,35.02635402115837],[111.36069062807574,35.02635421499594],[111.36069093238571,35.026354392563405],[111.36069107846254,35.02635446964735],[111.36081738123679,35.0264188831013],[111.36081755254806,35.02641896732106],[111.36081788191058,35.02641911056153],[111.36081822215547,35.02641923664353],[111.36081857217906,35.02641934376763],[111.3608189286901,35.02641943104222],[111.36081929279223,35.026419500266776],[111.36081946713337,35.026419525888244],[111.36100860889873,35.02644487875931],[111.36100880185606,35.026444901621],[111.3610091734505,35.026444930260894],[111.36100954605749,35.02644493996894],[111.36100991856937,35.02644492804429],[111.36101028990227,35.02644489719432],[111.36101066004825,35.02644484561629],[111.36148288860193,35.026365692836634],[111.36148324551876,35.0263656232691],[111.36148360234431,35.02636553297025],[111.36148395032046,35.02636542376892],[111.36148428945114,35.02636529656646],[111.3614843671074,35.02636526388571],[111.36212853556313,35.026091429668604],[111.36266148793788,35.02596075697475],[111.36306934062186,35.02604977574463],[111.36338444371336,35.026178200421136],[111.36338447225096,35.026178211152164],[111.36338481249872,35.02617833722697],[111.36338516142881,35.02617844434693],[111.3633855190412,35.02617853251206],[111.36338588204462,35.02617860083083],[111.36338625043909,35.02617864930325],[111.36338662203708,35.02617867883722],[111.36338699463909,35.026178687636616],[111.36338736715334,35.02617867660604],[111.36338773848009,35.02617864484745],[111.36338793123,35.026178620834564],[111.36404912326944,35.02608593305087],[111.36404929737905,35.02608590638876],[111.36404966086297,35.02608583589261],[111.36405001658868,35.02608574558951],[111.36405025077316,35.02608567548125],[111.36433338663831,35.02599412058259],[111.36433350262054,35.02599408237671],[111.3643338417412,35.02599395426498],[111.36433416982831,35.02599380906025],[111.36433448578212,35.0259936458645],[111.36433478741912,35.02599346648699],[111.36433483003366,35.02599343931786],[111.36469609513503,35.025759113920294],[111.36469625354691,35.02575900708218],[111.36499462283663,35.0255507842743],[111.36499470912848,35.025550722721384],[111.36499497994518,35.02555051278825],[111.36499523425748,35.02555028758139],[111.36499546988595,35.025550049811514],[111.3649956857388,35.02554980038326],[111.36499580994123,35.02554963956523],[111.36516691651222,35.025317415071086],[111.36547509084193,35.02524035106329],[111.36567902918988,35.02554737094042],[111.36567910529439,35.02554748248139],[111.36567930368948,35.02554774238048],[111.36567952175591,35.02554799050243],[111.3656796450419,35.02554811632321],[111.36590115621962,35.02576773166804],[111.36590127176773,35.02576784218856],[111.36590141369024,35.025767969755655],[111.36617024051584,35.0260003991667],[111.36617035380884,35.0260004952718],[111.36617044947728,35.026000570698486],[111.36651821233852,35.026271634644544],[111.36651839044707,35.02627176750986],[111.36651867950097,35.026271961333485],[111.36651893549299,35.02627211289239],[111.36716613067696,35.026632824888324],[111.36775030720247,35.0270453397065],[111.368034677957,35.02730333031733],[111.36838271212014,35.027652045788805],[111.36838284638739,35.02765217517892],[111.3683831027066,35.02765239794133],[111.36838337540182,35.02765260713342],[111.36838353368319,35.02765271571906],[111.36881013164762,35.0279364917734],[111.3688102624303,35.02793657700635],[111.36881056676353,35.02793675455325],[111.36881061399552,35.02793677964816],[111.36922117275117,35.02815581410318],[111.36922144183048,35.028155949391795],[111.36922177121849,35.02815609351063],[111.36922211147925,35.02815621866756],[111.36922246152099,35.02815632576728],[111.36922279392076,35.02815640858359],[111.36956919767134,35.028232987568664],[111.36999480738989,35.02839995622533],[111.36999509935283,35.028400062598514],[111.36999544829678,35.028400168797965],[111.36999547792367,35.02840017772135],[111.37042132646825,35.02851549818984],[111.37042165337542,35.02851557741414],[111.37042201749472,35.02851564660976],[111.37042238480787,35.028515695064044],[111.37042275641876,35.028515724576394],[111.37042312903192,35.0285157333541],[111.37042350155562,35.02851572230187],[111.3704236023398,35.02851571568462],[111.37099028633402,35.028475126389914],[111.3720612303324,35.02847184762639],[111.37206160285565,35.02847183656914],[111.37206193695276,35.02847180940502],[111.3726908539225,35.028405182601695],[111.37391955861857,35.028595628799614],[111.37391989084412,35.0285956719432],[111.37391992812152,35.028595676335186],[111.37467641092603,35.02867109001831],[111.3746767452616,35.02867111512583],[111.37467711787579,35.02867112389047],[111.37541654229774,35.028668837732965],[111.37592010000083,35.02880948119582],[111.3763614840939,35.02897638760204],[111.3767552568252,35.02915617030278],[111.3770382594522,35.02938720544314],[111.37714960916892,35.029709622838006],[111.37714970233027,35.02970986501761],[111.37714983514762,35.0297101521426],[111.37714998983967,35.029710430185865],[111.37715016751046,35.02971070094675],[111.37715036485608,35.02971096083],[111.37715039570422,35.02971099678903],[111.37738799872989,35.02999532970408],[111.37738803949438,35.02999537735003],[111.3776097726742,35.03025384200973],[111.37760992027576,35.03025400740292],[111.3776101580614,35.030254243723874],[111.37761041441365,35.03025446646647],[111.37761068714089,35.03025467563755],[111.37761073551829,35.03025471064052],[111.3778319930689,35.03040951585217],[111.37783223378632,35.03040967464554],[111.37783253705639,35.03040985307434],[111.3778328544891,35.03041001343161],[111.3778331839011,35.030410157526866],[111.37783352418413,35.030410282659474],[111.37783362186087,35.03041031480473],[111.37827536335512,35.03055147346853],[111.37827561574159,35.03055154839703],[111.37827597338864,35.030551636518005],[111.37827633642341,35.03055170479198],[111.37827670485004,35.03055175412033],[111.37827707646862,35.03055178270718],[111.37827711373465,35.03055178439375],[111.37881272113601,35.030576023514904],[111.37975814738326,35.03065080553251],[111.37975835565516,35.03065081930267],[111.38027458261801,35.03067493144087],[111.3805324954406,35.03126264404991],[111.38053259946336,35.0312628627571],[111.38053261163441,35.03126288795735],[111.38088330114526,35.03194072448725],[111.38098643961774,35.032333270835345],[111.3809865108683,35.03233351127791],[111.38098662071583,35.03233380387887],[111.38098675245504,35.03233409100285],[111.38098690826507,35.03233436993891],[111.3809869557417,35.03233444640645],[111.38122050600401,35.03270318159],[111.38122063511767,35.032703374979306],[111.38122083357923,35.03270363485224],[111.38122105171576,35.03270388384691],[111.38122128951886,35.03270412016059],[111.38122154588856,35.03270434289536],[111.38122181863314,35.032704552058114],[111.38122210774002,35.03270474494477],[111.38122241431763,35.03270492425596],[111.38130957672874,35.03275232484423],[111.38130988978548,35.032752483403286],[111.38131021920876,35.03275262658761],[111.38131055950672,35.0327527517103],[111.38131090848773,35.03275285877828],[111.38131126614758,35.03275294689018],[111.38131162919454,35.032753015154974],[111.3813119976328,35.032753064474015],[111.3813123692623,35.03275309305148],[111.38131274189556,35.03275310179561],[111.38131311443671,35.03275309070985],[111.38131348578992,35.03275305979765],[111.38131385266344,35.03275300816798],[111.38131421616151,35.0327529376201],[111.38131457189657,35.032752847266444],[111.38131492096862,35.0327527380049],[111.38131526009437,35.03275261074721],[111.3813155881779,35.03275246549675],[111.38131590412343,35.032752302257016],[111.38131620574764,35.03275212283757],[111.38131649305045,35.032751927238465],[111.38131676494031,35.032751716364466],[111.38131701813799,35.03275149202861],[111.38131725373935,35.03275125422749],[111.3813174695569,35.03275100386933],[111.38131766559901,35.03275074275684],[111.38131784077402,35.03275047179486],[111.3813179928944,35.0327501918916],[111.38131812306442,35.03274990484634],[111.38131819019038,35.032749728867906],[111.3814324718214,35.03242797027133],[111.38150398556486,35.03230919253353],[111.38164643378786,35.03213197657768],[111.38185997125093,35.03210787363085],[111.38217615609214,35.03217773416153],[111.38245162410763,35.03246169884109],[111.38245180905288,35.03246187943392],[111.38245206433348,35.03246210307088],[111.38245233707615,35.032462311329496],[111.38245237006055,35.03246233466122],[111.38277195634232,35.03268760282504],[111.38294633649684,35.032841796516294],[111.3829464949293,35.03284193122205],[111.3829467676745,35.032842139479534],[111.38294705679007,35.0328423332634],[111.38294736117605,35.03284251167577],[111.38294767862806,35.032842672019456],[111.3829480080587,35.03284281610066],[111.38294823311071,35.03284290192209],[111.38331105832637,35.032972845532555],[111.38379002647422,35.03315009611444],[111.38379020320097,35.03315015865151],[111.38379029539563,35.03315018900654],[111.38426918584965,35.03330361107546],[111.38426944264178,35.033303687780204],[111.38426980030711,35.03330377588335],[111.3842701633589,35.033303844139255],[111.38427053180133,35.03330389344927],[111.38427090343428,35.03330392201766],[111.38427127607027,35.03330393075269],[111.38427141852677,35.033303929400184],[111.38485095748293,35.03329017390249],[111.38485111416855,35.03329016889871],[111.38540153061494,35.033264588803874],[111.38605343246864,35.033250599513636],[111.38605360010837,35.03325059357208],[111.38689384166678,35.03321216185229],[111.38689392383853,35.03321215798481],[111.38776309238509,35.03316171008076],[111.38776345716241,35.03316167916984],[111.38776382512937,35.03316162751718],[111.38776396090398,35.03316160364765],[111.38847305988392,35.033028285211664],[111.38883484250249,35.03299140060324],[111.38908104961749,35.03296677554521],[111.38908112738415,35.03296676718352],[111.38908149534936,35.03296671552687],[111.38908155776562,35.03296670541165],[111.38935624371669,35.03291821841178],[111.38957313405977,35.03290562598646],[111.38957349773938,35.03290559507362],[111.3895736543555,35.032905575642026],[111.38993522492338,35.03285679934744],[111.39055783250272,35.032854797032535],[111.3905582050428,35.032854785918396],[111.39055839894303,35.03285477177374],[111.39084790416999,35.03283001728743],[111.39123890059251,35.03281684474612],[111.39160078689324,35.03280376849765],[111.39201979002054,35.03282617752964],[111.39228014101658,35.032920347900586],[111.3922802749337,35.032920394338966],[111.39228062392941,35.0329205013753],[111.39228098160144,35.03292058945479],[111.39228134465796,35.03292065768669],[111.39228171309894,35.032920706071025],[111.39228191701665,35.0329207243406],[111.39258631661063,35.032943575760925],[111.39258648433108,35.03294358693612],[111.39258685696606,35.03294359564563],[111.39302155048236,35.03294218850085],[111.39302192301811,35.032942176477796],[111.39302228779664,35.032942146452434],[111.39335538396972,35.03290531153688],[111.39335575741106,35.03290525984952],[111.39371732328678,35.03284456068646],[111.39397732325823,35.032831833128846],[111.3943967041672,35.03285425345516],[111.39475845133254,35.03293629896085],[111.39510646437937,35.03305424194608],[111.39510681996302,35.033054350755556],[111.3951071776386,35.03305443882668],[111.39510754069795,35.0330545070501],[111.39510789927851,35.03305455545796],[111.39532536543564,35.033077683935105],[111.3953257414588,35.033077713356704],[111.3953261140946,35.03307772205778],[111.39606363128105,35.0330753170699],[111.39635277385277,35.03320489421696],[111.39635300006326,35.03320498992477],[111.39635334587793,35.03320511769128],[111.39684657719357,35.03337028450776],[111.3972093484023,35.03352394047429],[111.3972094571098,35.03352398518699],[111.39720979743478,35.033524110264906],[111.3972101475352,35.03352421728341],[111.39721043610216,35.033524290251236],[111.3976745594704,35.03363001701187],[111.39809521252096,35.033735884613606],[111.39809535953609,35.033735919284744],[111.39855949619012,35.033841647112055],[111.39908170984013,35.03397101711471],[111.39908190073862,35.03397106155541],[111.39908227586845,35.03397113152996],[111.3996038851327,35.034052773677594],[111.4000387960967,35.034182313446166],[111.40003892559281,35.034182350876826],[111.40003928327405,35.03418243803197],[111.40003964634678,35.03418250714192],[111.40004001479777,35.03418255550262],[111.4000403864397,35.03418258402264],[111.40004075908527,35.03418259361055],[111.40177955763346,35.034176847804204],[111.40177993017768,35.03417683665559],[111.40178030152458,35.034176804779406],[111.40178066949125,35.03417675398563],[111.40178103188157,35.03417668338017],[111.40178138869551,35.03417659296301],[111.40178173664994,35.03417648364639],[111.40178207574924,35.03417635633168],[111.40178240379727,35.03417621012476],[111.40178266725128,35.03417607675094],[111.40211457403649,35.03399646353119],[111.40251910932652,35.033864194569844],[111.40251920560723,35.033864162702486],[111.40251954469967,35.03386403448437],[111.40251987274956,35.03386388917682],[111.40252018865662,35.033863725882156],[111.40252049133386,35.0338635464067],[111.40252077858955,35.03386335075773],[111.40252084410672,35.033863302767735],[111.40282344517144,35.03363627987398],[111.40339997338201,35.0333967794879],[111.40413761105467,35.03339432411394],[111.40413799674072,35.03339431201296],[111.40496349679704,35.033343897177474],[111.40567281381726,35.03334152698429],[111.40617916099897,35.03341118202497],[111.40671491226931,35.033599612766125],[111.40706320371619,35.03382451133287],[111.4070632718738,35.03382455437003],[111.40706357631075,35.03382473182012],[111.40706389381752,35.0338248930017],[111.40706422328934,35.03382503611574],[111.40706456363476,35.03382516206726],[111.40706491265318,35.0338252690609],[111.4070652703446,35.03382535709665],[111.4070654820548,35.03382539875086],[111.40738455559506,35.03388392026089],[111.40738470695294,35.03388394589247],[111.4073850754067,35.03388399423085],[111.4073854470541,35.03388402362971],[111.40738581969445,35.03388403229372],[111.40738619223642,35.03388402112791],[111.40738655591312,35.0338839901617],[111.4077196501576,35.033847115834654],[111.40772002140204,35.03384706411048],[111.40772038487698,35.03384699258229],[111.40772074059142,35.03384690305275],[111.40772085658648,35.03384686931229],[111.40803883337254,35.03375055174205],[111.40841436196978,35.0336779394879],[111.40876022661273,35.03366492006672],[111.40919379508175,35.03381772112015],[111.40955663425738,35.03405447144102],[111.40955672550592,35.03405452972211],[111.40955702994907,35.0340547071659],[111.40955724200735,35.0340548182201],[111.41003660160082,35.0342915649459],[111.41003664994028,35.03429158911955],[111.41042883133036,35.0344809553569],[111.41089364340867,35.034705829948976],[111.41089370382572,35.03470585858824],[111.41089403330763,35.03470600169178],[111.41089406405507,35.034706014206854],[111.41140181730364,35.034906740630625],[111.41179380933355,35.03513164138186],[111.41179392362531,35.035131704991265],[111.41179425213218,35.03513187153128],[111.41240428628048,35.03541584505343],[111.41240442247705,35.035415905883696],[111.41281104552232,35.03559329824917],[111.41281121684199,35.035593369775924],[111.4128115571989,35.035593494809824],[111.41281176795206,35.03559356259695],[111.41336323775029,35.03575854141356],[111.41336337603549,35.03575858150412],[111.41336366571562,35.035758653528276],[111.41382789324902,35.03586433691901],[111.41382796127094,35.0358643520103],[111.41382832545364,35.03586442017376],[111.413828692824,35.0358644684962],[111.41382894389457,35.035864490174184],[111.41416172984528,35.0358871482188],[111.41458190272957,35.03599282854849],[111.41458211778225,35.0359928791918],[111.41458248087021,35.035992947356725],[111.41458284933745,35.03599299567313],[111.41458321990088,35.03599302505361],[111.41458359255134,35.03599303369543],[111.41458396619754,35.03599302250372],[111.4145843364514,35.035992990592085],[111.41458470441788,35.035992939759495],[111.41458504272266,35.03599287460634],[111.4148600691071,35.03593233872418],[111.41486043795949,35.035932246424714],[111.41486078590351,35.03593213707069],[111.41486112498482,35.03593200881819],[111.41486145302075,35.03593186347744],[111.41486176891087,35.035931700150805],[111.41486207156838,35.035931520644766],[111.41486230966449,35.035931360288224],[111.41506445081242,35.03578764861893],[111.41506449885797,35.03578761420251],[111.41506477067034,35.035787403253515],[111.41506502378435,35.035787178847926],[111.41506525929591,35.03578694098203],[111.41506532577547,35.03578686774363],[111.41526704416435,35.0355597290761],[111.41526719340587,35.03555955189682],[111.41526735670227,35.0355593368119],[111.41549757068374,35.03523675420762],[111.41549760332727,35.03523670812596],[111.41549776426187,35.03523645969811],[111.41567017198349,35.03494987079376],[111.41597202242002,35.034472144091055],[111.41597208763741,35.03447203840718],[111.41597223964233,35.03447175846135],[111.41597227868691,35.03447167810554],[111.41612992717687,35.03413752964542],[111.41625907141285,35.0338988238944],[111.41625913869775,35.03389869386628],[111.4162592687424,35.03389840588306],[111.41625930552159,35.033898311113006],[111.4163450967458,35.033671568235526],[111.41634514969286,35.03367142022914],[111.41644506701886,35.03337311949286],[111.41644507782188,35.0333730888092],[111.41653068872493,35.033110580929566],[111.41653077482387,35.033110271464004],[111.41653083465454,35.03310996839817],[111.41653086927163,35.03310966361619],[111.416530879771,35.03310935711423],[111.41652653319044,35.03225267083406],[111.41666957174715,35.032074584536154],[111.41666976331419,35.03207432788914],[111.41666979485997,35.032074281810935],[111.41679881188783,35.03188376673233],[111.41705781373902,35.03168087339268],[111.41728842116679,35.03152543605499],[111.41763496090654,35.031345621974914],[111.41763510625643,35.03134554395679],[111.41763540779517,35.03134536444762],[111.41763569500573,35.03134516876311],[111.4176358674852,35.031345038372116],[111.41793820925537,35.031106199652235],[111.41816760730624,35.031022704095],[111.41847032227156,35.0310216605495],[111.41880234454196,35.03105611834094],[111.41914980247186,35.03120937752717],[111.4195705324668,35.03142216848685],[111.41983154762143,35.0316113971936],[111.42012255274786,35.03191987285669],[111.42028281540918,35.03209805062075],[111.42028289034096,35.03209813148457],[111.42028312715813,35.032098367724736],[111.42028338363566,35.032098591277645],[111.42028365647221,35.03209879945058],[111.42028394567241,35.03209899314493],[111.42028425013115,35.032099170561764],[111.42028456765682,35.03209933170867],[111.42028489714434,35.03209947478672],[111.42028510356658,35.03209955339237],[111.42067705455067,35.03224121565199],[111.42067718848241,35.032241262058946],[111.42067753860725,35.03224136900957],[111.42067789521009,35.032241457008965],[111.42067825938214,35.032241525151974],[111.4206786267447,35.03224157435515],[111.42067899838437,35.03224160281197],[111.42067937101827,35.032241611435204],[111.42085324677292,35.0322410085194],[111.42085361930516,35.0322409973123],[111.42085398953947,35.03224096538165],[111.42085435748508,35.03224091453016],[111.42085472094568,35.03224084386408],[111.42085507663383,35.03224075339481],[111.42085542564995,35.03224064401991],[111.42085576471113,35.03224051665211],[111.42085597246188,35.032240426695914],[111.42117400329944,35.03209630644827],[111.42152013866708,35.03194053127506],[111.42201144371991,35.031867454931245],[111.4223868465807,35.031818611423],[111.42273301876774,35.03187667556061],[111.42316738833695,35.0320771397146],[111.42358849545,35.03239689356203],[111.42396673392184,35.03276465034632],[111.42425816146203,35.033109080953054],[111.42425833230999,35.03310927234754],[111.42425857023731,35.03310950857599],[111.42425882563293,35.033109732124174],[111.4242590995787,35.03310994028423],[111.42425938879175,35.03311013396896],[111.42425941408,35.033110150105216],[111.42468061550494,35.0333706581028],[111.42502960163847,35.03366712806169],[111.42502968308611,35.03366719628051],[111.42502995593983,35.03366740444261],[111.42503017698989,35.03366755509849],[111.42537794108271,35.03389202688647],[111.42565542201866,35.034437977106656],[111.42572878720797,35.0346282197217],[111.4258169033171,35.03485436706119],[111.42581694216338,35.03485446156868],[111.4258170751589,35.034854748638914],[111.42581716036352,35.03485490698097],[111.42597803519911,35.03514038208203],[111.4259781059616,35.03514050261714],[111.4259782827041,35.03514077240757],[111.42597848131257,35.03514103220618],[111.42597869958588,35.035141280217935],[111.42597893752408,35.035141516442856],[111.4259791940266,35.035141739983416],[111.42615381717276,35.03528414624812],[111.42615409113527,35.035284355305066],[111.42615438036047,35.035284548985146],[111.42615468374777,35.03528472639081],[111.42615500129719,35.035284887522124],[111.4261550573177,35.03528491256371],[111.42638745724814,35.03539136183003],[111.42638762200846,35.035391434262024],[111.42675032366215,35.03554494418493],[111.42695347794057,35.03566322112632],[111.42695362521945,35.035663303534086],[111.42695394277189,35.035663464663266],[111.42695427228522,35.035663607722945],[111.42695461266356,35.035663732717005],[111.42695496171515,35.035663839653154],[111.42695533150402,35.03566393029168],[111.42723096770115,35.03572255415423],[111.42723125620796,35.03572260902333],[111.42757846276169,35.03578082954933],[111.42791140553709,35.03593406496711],[111.428172768936,35.03609978815761],[111.42817279862358,35.03609980698161],[111.4281731031141,35.03609998437829],[111.4281734206706,35.036100145504236],[111.42817375018778,35.036100288560554],[111.42817409057444,35.03610041445252],[111.42817443962475,35.03610052048378],[111.42817479734809,35.03610060845705],[111.42817516045211,35.03610067748256],[111.4281755289274,35.03610072575763],[111.42817589949102,35.036100754195196],[111.42817600143637,35.03610075924368],[111.42848035967423,35.03611160276586],[111.42848063147679,35.03611160631289],[111.4284810040253,35.03611159508226],[111.42848137427853,35.03611156402962],[111.42848174223178,35.036111512253584],[111.42848210460681,35.0361114415685],[111.42848246139891,35.036111351073],[111.42848280932985,35.03611124258139],[111.42848314839021,35.03611111429098],[111.4284832949186,35.036111052480436],[111.4287290301214,35.036002936833626],[111.42946637289437,35.03569046917789],[111.42946663310485,35.03569035198026],[111.42946694896457,35.0356901886158],[111.42946709537829,35.03569010517161],[111.42966933377566,35.03557020472979],[111.4296694899858,35.035570108631475],[111.42966977718675,35.03556991382005],[111.42967004896052,35.03556970283861],[111.42967027695113,35.03556950192727],[111.42990099691319,35.03535415518116],[111.43013171456543,35.035138807100004],[111.43013173964765,35.03513878357549],[111.43013197511341,35.03513854568064],[111.43013210802079,35.03513839468078],[111.43030479692732,35.03493532399675],[111.43080917691721,35.03443310834674],[111.4309527985977,35.034290100833076],[111.43121144334418,35.03414694494363],[111.43161534649408,35.03405047212562],[111.43213594270723,35.03400101701887],[111.4327148442239,35.03399895400292],[111.43314854705966,35.034044943946604],[111.43361168043762,35.03422149149967],[111.4339012022878,35.03442212896548],[111.43407573555406,35.034670833434525],[111.4342362299623,35.0349791052985],[111.4342520452936,35.035240233987565],[111.43423964186806,35.03563340608707],[111.4342396541055,35.03563385492516],[111.43423969188106,35.03563415945278],[111.43423975485221,35.03563446208749],[111.43423984081295,35.03563476013311],[111.43423987531436,35.03563486006163],[111.43434281980528,35.03592053212499],[111.43434289535051,35.03592072564896],[111.43434303280873,35.035921021707395],[111.434533366017,35.03628981778617],[111.43453351205275,35.03629007775889],[111.43453368992164,35.036290347532656],[111.43453389407745,35.036290614508175],[111.43498600466036,35.03683724513093],[111.43498621082928,35.03683747784642],[111.43498644879818,35.03683771405338],[111.43498670533036,35.03683793757463],[111.43567070280369,35.03739562401124],[111.43626745018823,35.0378940298508],[111.43626749861888,35.03789406933689],[111.43626777151978,35.037894278374615],[111.43626806077785,35.03789447203025],[111.43626809486112,35.0378944926392],[111.43692143504992,35.03829681040077],[111.43728560448949,35.03879502082275],[111.4374757435874,35.03915161000853],[111.43747586196571,35.03915181869923],[111.43747603985054,35.03915208846845],[111.4374762374091,35.03915234825166],[111.43747641825018,35.03915255581579],[111.43773877879359,35.0394376489859],[111.43773881737214,35.03943769030966],[111.43773905426059,35.03943792651498],[111.43773931080361,35.03943814912885],[111.43773958371341,35.03943835816314],[111.43773987298039,35.03943855181516],[111.43774017750378,35.039438729187495],[111.43774049509177,35.03943889028806],[111.43774082463882,35.03943903331812],[111.43774116504896,35.039439158281596],[111.4377415141304,35.03943926518643],[111.43774187187826,35.03943935313126],[111.43774222951558,35.03943942034501],[111.43824985647419,35.03952101676655],[111.43825022826306,35.03952106590031],[111.43825059884529,35.039521094306956],[111.43825063721236,35.03952109597111],[111.43874233920121,35.03954310158857],[111.439074437356,35.039672258885325],[111.43923341028851,35.03980186093589],[111.43936438823096,35.03996781989201],[111.43936444339913,35.03996788909761],[111.43936454596268,35.03996800860821],[111.43951032387425,35.0401343095073],[111.43964103188088,35.04028813581],[111.43968488045962,35.04040644826816],[111.43968494269174,35.040406608486215],[111.43968507573997,35.040406894639204],[111.4396852317643,35.04040717349799],[111.43968540856316,35.040407443267796],[111.4396856072277,35.040407703043336],[111.43968582556118,35.04040795193116],[111.43968593686428,35.04040806600158],[111.43981705833292,35.0405386920904],[111.439817185023,35.040538814217264],[111.43981744157993,35.04053903772797],[111.43981771449383,35.04053924585615],[111.43981800376956,35.04053943950309],[111.43981830830151,35.04053961687012],[111.43981862589781,35.04053977796518],[111.43981895545285,35.04053992098949],[111.4398192848968,35.040540043282746],[111.44016771426935,35.04065796408131],[111.44016806884844,35.0406580727619],[111.44016842660417,35.04065816069949],[111.44016878973326,35.0406582287875],[111.44016885225513,35.04065823847573],[111.4406324631023,35.040727990040864],[111.44098036053859,35.04083384741546],[111.4409805295804,35.040833896376334],[111.44098088733773,35.040833984311526],[111.44098125046824,35.040834052397074],[111.44098142486386,35.04083407790292],[111.44141647909399,35.040892088074195],[111.44141654928296,35.04089209683252],[111.4417933461709,35.04093836994597],[111.44209775458265,35.04099680823763],[111.4420979630164,35.04099684533562],[111.44209824049962,35.04099688308338],[111.44248921300893,35.04104306542277],[111.44298174143354,35.04118401426273],[111.44332997015793,35.04133750457038],[111.44333006133608,35.04133754389741],[111.44372201463263,35.041502877717534],[111.44422885171153,35.04176231164112],[111.44428641483812,35.041879154313705],[111.44430200187607,35.04209272954284],[111.44430367456783,35.042401687986285],[111.44413248210206,35.04281837263093],[111.44357234433528,35.04370196572595],[111.44306918271734,35.04441864376615],[111.44242130616036,35.0451836172415],[111.44242122339875,35.04518371669373],[111.44165828121976,35.04613996923725],[111.44165809731281,35.04614021507868],[111.44165803641627,35.04614030453573],[111.44116928143282,35.04688101833601],[111.44116916842032,35.046881199921785],[111.44116901537829,35.046881479000795],[111.44116888649727,35.046881767005615],[111.44116877957067,35.04688206124018],[111.44116869568484,35.04688235989779],[111.44116868818712,35.04688239237429],[111.44104126991674,35.047443016645445],[111.44104121875583,35.04744328634024],[111.44104118937022,35.04744352891485],[111.44100014721622,35.04789657366577],[111.44100014207031,35.04789663587881],[111.44100013166106,35.04789694238148],[111.44100014536465,35.0478972487965],[111.44100018317626,35.04789755422253],[111.44100024508617,35.04789785685687],[111.44100029204029,35.04789802794595],[111.44114790709887,35.04839805830256],[111.44114794614863,35.0483981861547],[111.44114805623218,35.04839847869872],[111.4411481893036,35.048398765750946],[111.44114834425233,35.048399044611315],[111.44114852216954,35.04839931437451],[111.44114861602158,35.04839944202736],[111.44141133975478,35.048744117420895],[111.44141144349632,35.048744249544384],[111.44141166295351,35.048744498424576],[111.44141190097568,35.04874473461808],[111.44141215646191,35.04874495722755],[111.44141243271004,35.04874516804369],[111.44176128609892,35.048993957304404],[111.44209576782622,35.049313975256226],[111.44231432673858,35.04961054225466],[111.44246049702822,35.04988369035768],[111.4425631613906,35.050121520089526],[111.4425632767042,35.050121764840625],[111.44256343166103,35.05012204369905],[111.44256360958668,35.05012231346003],[111.44256380828412,35.05012257323018],[111.44256402885432,35.05012282390686],[111.44270979362791,35.05027723161184],[111.44271002724967,35.05027746331194],[111.44271028384026,35.050277685914544],[111.44271055679896,35.050277894936926],[111.44271084611603,35.05027808857637],[111.44271115069054,35.050278265935525],[111.44271146833033,35.05027842702243],[111.44271179792963,35.05027857003833],[111.44271213839721,35.05027869588861],[111.44271248752636,35.05027880187721],[111.44271285739815,35.05027889246688],[111.44298855367411,35.050337480845116],[111.44298889271047,35.050337544505545],[111.442989261258,35.05033759273496],[111.44298963189063,35.05033762112671],[111.44299000570437,35.05033762967677],[111.44299037831499,35.050337618401144],[111.44299074862639,35.05033758730386],[111.44299111663857,35.05033753638489],[111.44299131045332,35.05033750052387],[111.4432374299272,35.05028892828315],[111.44323759962818,35.05028889250984],[111.44323782403042,35.05028883760798],[111.44370094763696,35.0501679623758],[111.44370107897508,35.05016792674214],[111.44370127595057,35.0501678674329],[111.44430893835818,35.049974950338814],[111.4443090893468,35.04997490021067],[111.44430913420254,35.049974884723156],[111.44478645092701,35.049806291804124],[111.44517664370707,35.0496738929397],[111.44579873819532,35.04954058681459],[111.44579880169333,35.04954057306077],[111.44579891554153,35.049540546502776],[111.44624749980034,35.049431657197594],[111.44671063978478,35.04933462690662],[111.44671073174561,35.04933460673794],[111.44671108857435,35.04933451618875],[111.44671143653649,35.04933440764488],[111.4467117756222,35.04933427930361],[111.44671196480331,35.04933419838539],[111.44724689159439,35.04909386201312],[111.44724703044436,35.04909379750422],[111.44724734631947,35.049093634093715],[111.44724764785745,35.049093454511485],[111.44724771011632,35.049093414621815],[111.44779594664129,35.04873418696545],[111.44817071273228,35.04859026187563],[111.44879200163615,35.04849282771533],[111.4493402759514,35.04851452315717],[111.44960057971271,35.048691282152426],[111.44987697157528,35.048892813574284],[111.44987701448929,35.04889284406161],[111.44987730381816,35.04889303768393],[111.44987760840279,35.04889321502506],[111.44987792825303,35.04889337788772],[111.4503574274496,35.04911804739285],[111.45035775046615,35.04911818770834],[111.45035809094041,35.04911831353713],[111.45035844117028,35.04911841949962],[111.45035879787753,35.04911850741076],[111.4503591621483,35.04911857546375],[111.45035953069939,35.049118624572166],[111.45035986843727,35.04911865126077],[111.4507657902198,35.04914098036476],[111.45076582311133,35.04914098204529],[111.45076619692017,35.049140990571416],[111.45114156576257,35.04913959529509],[111.4515174054339,35.04930422070811],[111.45183577350463,35.049540074965925],[111.45193855909211,35.049860131487286],[111.45205653638544,35.050229155710156],[111.4520565497717,35.05022919802451],[111.45205660099539,35.05022934385498],[111.45220369642053,35.050622098739524],[111.4522037553272,35.05062224634403],[111.45220388733982,35.050622532486436],[111.45220404342632,35.05062281132818],[111.45220422028854,35.05062308107882],[111.45220441901758,35.05062334083293],[111.4522046374163,35.050623589697324],[111.4522048754748,35.050623825869295],[111.45220513209203,35.050624048451624],[111.45220540507586,35.05062425745242],[111.4522056944163,35.05062445106903],[111.45220572300862,35.05062446808841],[111.45268562883396,35.050920635736595],[111.45268590483963,35.050920796051265],[111.45268622249625,35.0509209562105],[111.45268655212021,35.050921100100496],[111.4526868926005,35.05092122502129],[111.45268707268046,35.050921282938134],[111.45315163487426,35.05106256743143],[111.45315180394927,35.051062617276386],[111.453152161759,35.051062704273754],[111.45315252494954,35.05106277322369],[111.45315289350599,35.05106282142216],[111.45315326524111,35.05106284977871],[111.45315363796777,35.05106285920286],[111.45350146662221,35.05106155855726],[111.45350183923432,35.05106154724934],[111.45350190388305,35.05106154340222],[111.45387836841259,35.051036312420415],[111.45425496350845,35.05103490288955],[111.45425533612028,35.05103489157931],[111.45425547965668,35.05103488202819],[111.45473310506192,35.050997370633475],[111.45518097376254,35.051019444752534],[111.45551332518448,35.0511486258844],[111.455759473625,35.05132559230679],[111.45590502005969,35.051515158847984],[111.45590511498919,35.05151527837292],[111.45590533340147,35.05151552723049],[111.45590557147318,35.05151576339508],[111.45590582700709,35.05151598597355],[111.45590600645032,35.0515161259123],[111.45608065106039,35.051646571350126],[111.45608074460858,35.05164663950225],[111.45608103396172,35.051646833109494],[111.45608133856986,35.05164701043479],[111.45608165624084,35.05164717148639],[111.45608198586856,35.051647314465725],[111.45608232636195,35.05164744027825],[111.45608267551879,35.051647547129534],[111.4560830333341,35.05164763411818],[111.45608339652959,35.05164770305932],[111.45608372999547,35.05164774777531],[111.45650429293111,35.05169383919195],[111.45650432692987,35.051693842669465],[111.45650469866891,35.0516938710157],[111.45650507139871,35.05169388042953],[111.45691087460905,35.05169235182821],[111.4569112472234,35.0516923405098],[111.45691161863124,35.05169230936589],[111.45691198664038,35.05169225840472],[111.4569123610955,35.051692183983775],[111.45739004388689,35.05158311688657],[111.45739034598436,35.051583040032845],[111.4579981178464,35.05141389070513],[111.45799814739536,35.05141388248129],[111.45799849534596,35.05141377300377],[111.45799859927257,35.05141373655678],[111.45846144040915,35.051245131976096],[111.45846167665891,35.05124504094669],[111.45846174445977,35.05124501274814],[111.45919914767148,35.05093234862606],[111.45919931167934,35.050932275896],[111.45961853498085,35.05073999537598],[111.45961863009185,35.050739950848694],[111.45999444038428,35.050559752259055],[111.45999450706775,35.05055972045841],[111.46060148720248,35.05025948086591],[111.46110735930546,35.05001920917683],[111.46110768608634,35.050019040280716],[111.46110798869303,35.05001886066008],[111.46110827586362,35.050018664873555],[111.4611085465122,35.050018454727955],[111.4611086828667,35.05001833793347],[111.46151212270807,35.04965955825444],[111.46197387467889,35.04937201008572],[111.46197392382881,35.04937197925211],[111.46197399590454,35.04937193210661],[111.46239244510289,35.04909640740452],[111.46275343169097,35.04891641360827],[111.46275366555915,35.0489162910318],[111.46275370926384,35.04891626652821],[111.46307153434273,35.04873627867178],[111.4630717921398,35.04873612355418],[111.46307207930121,35.04873592776302],[111.46307235103149,35.048735716707526],[111.46307260405264,35.04873549220297],[111.46307283946076,35.048735254245145],[111.4630730550688,35.04873500374375],[111.46307325088696,35.04873474250152],[111.46307338020748,35.048734545510094],[111.46331748517599,35.04834038353906],[111.46364791605426,35.04785066725162],[111.46390679851397,35.04751608467945],[111.46390693882147,35.04751589305329],[111.46390711265744,35.047515621978704],[111.46390726561786,35.04751534197029],[111.46390739551579,35.04751505393775],[111.4639074646221,35.04751486979479],[111.46405004582884,35.04710924419856],[111.46416443837444,35.04684674155423],[111.46416447839184,35.04684664675767],[111.4641645852357,35.046846352503465],[111.46416466794159,35.046846053834784],[111.46416472760555,35.04684575074742],[111.46416476204571,35.04684544505249],[111.46416476705163,35.04684536120626],[111.4641778438835,35.04659502697645],[111.46417784920017,35.04659480431861],[111.4641764333619,35.04634452552638],[111.4641764195721,35.04634421911456],[111.46417638057908,35.046343913700525],[111.46417631859015,35.04634361197996],[111.46417623250419,35.04634331305566],[111.46417612234161,35.04634302053305],[111.46417598919331,35.04634273350659],[111.46417583417063,35.04634245467609],[111.46417565618263,35.04634218494715],[111.46417560757558,35.046342117530635],[111.46404416755395,35.046163846026474],[111.46404411344156,35.04616377412414],[111.46389811626808,35.04597363936308],[111.46389802464192,35.04597352343717],[111.46378133339091,35.04583101644449],[111.46359168674455,35.04558167062713],[111.46341698535936,35.04530938982848],[111.46341638772871,35.0452035680662],[111.46344425225065,35.04501305874759],[111.46344428248192,35.045012783715286],[111.46344428852848,35.045012689950056],[111.46345728802075,35.04475064184912],[111.46348516770252,35.044572366700315],[111.46357041990917,35.04434669841278],[111.46382850944035,35.044048991999524],[111.46402969502552,35.043929642501254],[111.46428958902152,35.04380959390207],[111.4642896699099,35.04380955573512],[111.46428998573036,35.043809392280544],[111.46429028830723,35.04380921265203],[111.46429034945776,35.04380917275789],[111.46456467730796,35.04362934827763],[111.46456490330289,35.043629193278576],[111.46456517391653,35.043628982223915],[111.46456542801398,35.04362875771201],[111.46456559258309,35.043628593934486],[111.4647959812396,35.043389474898774],[111.46514188412053,35.043078395474595],[111.46514198115614,35.04307830586726],[111.46514221654216,35.04307806790537],[111.4651424321343,35.04307781830159],[111.46514262793254,35.04307755705594],[111.46514280175516,35.043077285979486],[111.4651429492745,35.04307701500388],[111.46528624440487,35.04279042219418],[111.46528637645703,35.0427901296449],[111.46528648329685,35.042789836290936],[111.46528649404698,35.042789799293665],[111.46538603757678,35.04246785486679],[111.46557195764733,35.04205022511746],[111.46557201063844,35.04205009962412],[111.4655721174763,35.04204980626988],[111.46557220016733,35.04204950669874],[111.46557222155465,35.0420494128745],[111.46568510859754,35.041512656355074],[111.46568514687027,35.04151244799239],[111.46568518130276,35.041512142296796],[111.46568519161924,35.0415118357924],[111.46568126967402,35.04082065640453],[111.46570551604793,35.0399863488788],[111.46570551747773,35.03998621456958],[111.46570550368358,35.039985908157654],[111.46570546695162,35.03998561535428],[111.46564544461059,35.039616614119424],[111.46562846160077,35.039175940392816],[111.4656284507148,35.03917576016112],[111.46562841282112,35.039175455644354],[111.46562834973155,35.03917515302701],[111.46562826364813,35.039174854103386],[111.46562819794066,35.03917466957522],[111.46548112608988,35.038793848192455],[111.46548108273073,35.038793739293325],[111.4654810294419,35.03879361871453],[111.46533444772615,35.03847271545363],[111.46526046210968,35.0381873026168],[111.46526042630498,35.03818717295716],[111.46518655533285,35.03793717164966],[111.46518651516007,35.03793704471086],[111.46518643722601,35.03793682958278],[111.46506882339864,35.03763932345322],[111.46506879226918,35.03763924515355],[111.46506865913736,35.03763895902892],[111.46506859045626,35.03763882949522],[111.46493733333061,35.03740188342505],[111.46493612441415,35.03718845860391],[111.46494889848735,35.03689110612154],[111.46503413068488,35.03664135029511],[111.46520603050294,35.036319197793205],[111.46520608686552,35.036319087610245],[111.46520611286525,35.03631903432986],[111.46540641238468,35.03590153772028],[111.46563619017216,35.03560318222636],[111.46582276824871,35.035388598525564],[111.46619609370454,35.0351501076911],[111.46648176157466,35.03513725867053],[111.46669719040945,35.03528937710136],[111.46682864170756,35.035561915614004],[111.4668286838376,35.03556200108188],[111.46682883994434,35.03556227990532],[111.46682901682648,35.035562550536554],[111.46682921555939,35.03556280936593],[111.46682943396156,35.035563058204566],[111.46682967201765,35.03556329434846],[111.46682992753077,35.03556351690466],[111.46683020159676,35.03556372586896],[111.46683049091781,35.03556391945133],[111.46683079439293,35.035564096754605],[111.46683111202206,35.0355642577788],[111.46683144160326,35.035564400729676],[111.46683178204574,35.035564526512765],[111.46683213224344,35.03556463332957],[111.46683248890358,35.03556472029145],[111.46683285313229,35.035564789196854],[111.46683322162657,35.03556483735437],[111.46683339815904,35.03556485380117],[111.46697836628238,35.03557621386166],[111.46697856141905,35.03557622572982],[111.46697893407647,35.03557623511205],[111.46697930661081,35.035576222861934],[111.46697967794161,35.03557619168772],[111.46698004477611,35.03557614070071],[111.46698040820506,35.03557606899535],[111.46698076386038,35.035575979292545],[111.46698111282764,35.03557586978538],[111.46698145182441,35.03557574138789],[111.46698177976504,35.03557559590692],[111.46698209554854,35.0355754324454],[111.46698239699343,35.03557525281442],[111.46698268409972,35.03557505701403],[111.46698295577666,35.03557484594975],[111.46698320874687,35.035574621436936],[111.46698325126019,35.03557458161315],[111.46724180783565,35.03532411197328],[111.46760174910021,35.035192191125475],[111.46802082063279,35.035095364862634],[111.46838247528399,35.03503441871802],[111.46894692812472,35.03494883681419],[111.46938113407685,35.03489950984829],[111.4699601760119,35.03484961775452],[111.47040843185303,35.03483598635607],[111.4709000974444,35.034917257516554],[111.47130611159676,35.03509413396658],[111.4713062829654,35.03509420541039],[111.47130662340749,35.03509433027955],[111.47130697251296,35.03509443708767],[111.47130733356944,35.03509452582207],[111.47174258407593,35.0351881811326],[111.47174294171617,35.03518824734476],[111.47174330912078,35.03518829639297],[111.47174368956182,35.0351883255604],[111.47220752410196,35.03521035805955],[111.47220787154286,35.03521036572112],[111.47220824517562,35.03521035435204],[111.47220861540673,35.03521032316612],[111.47220898332685,35.035210271257725],[111.47220919132852,35.035210233492194],[111.47251313919872,35.035149459043836],[111.47251329352872,35.03514942599363],[111.47251365026663,35.03514933536905],[111.47251399812866,35.03514922585031],[111.47251433712003,35.035149098338756],[111.47251451858719,35.035149020114474],[111.47289029776191,35.034980700422615],[111.47289042235779,35.0349806422495],[111.47329490592885,35.0347884367637],[111.47375734190732,35.03459599736952],[111.47375764250306,35.03459586369485],[111.47375774631288,35.03459581191157],[111.47423453619841,35.03435558272971],[111.47423474815339,35.03435547103309],[111.47423484099886,35.0343554183909],[111.47471142132237,35.03407943360124],[111.47471163099566,35.03407930658947],[111.4747119180781,35.03407911077091],[111.47471218973004,35.034078899689476],[111.47471234020664,35.034078769303825],[111.47507272401187,35.03375556517977],[111.47507282647356,35.033755470135],[111.47507294525816,35.03375535519624],[111.47540427770409,35.033420344129986],[111.47540438227314,35.03342023465479],[111.47564887783403,35.03315740571891],[111.47609517228271,35.03282265144188],[111.47667236803358,35.03258243242374],[111.47732258711228,35.032389390375485],[111.4779591113063,35.03227968518469],[111.47795944296328,35.03227961897984],[111.47795979968255,35.03227952833936],[111.4779601486261,35.032279419702135],[111.47796048759177,35.03227929127414],[111.47796081549951,35.03227914576369],[111.4779611312482,35.03227898227377],[111.47796143265673,35.03227880261572],[111.47796171972509,35.032278606789546],[111.47796199136268,35.032278395700864],[111.47796224429254,35.03227817116539],[111.4779624796105,35.03227793317874],[111.47796269513016,35.03227768265094],[111.477962890862,35.03227742138465],[111.47796306461962,35.032277150289886],[111.4779632175041,35.032276870263644],[111.4779633473343,35.03227658311727],[111.47796345301434,35.03227628885507],[111.47796353675169,35.03227599017249],[111.47796359525881,35.03227568708241],[111.47796362964208,35.03227538138327],[111.47796364100778,35.032275074873425],[111.47796362607369,35.03227476846717],[111.47796358697899,35.0322744531424],[111.47791864253882,35.032012731412294],[111.47791635488628,35.03161975391155],[111.47791634104834,35.03161944750094],[111.47791630310769,35.03161914208662],[111.47791623997902,35.03161883947562],[111.47791615386446,35.03161854146197],[111.4779160436682,35.03161824805002],[111.47791591050178,35.03161796193948],[111.47791575546101,35.031617683126015],[111.47791557855642,35.03161741341236],[111.47791545596593,35.031617249846214],[111.47763833019633,35.03126111801744],[111.47747736173103,35.0309522902159],[111.47734539361244,35.03067874753572],[111.47734535037827,35.03067866207583],[111.47734530604828,35.030678576620225],[111.47724296720807,35.030488647149475],[111.47718401928086,35.03029856679336],[111.47718399473325,35.03029849117496],[111.47718388454142,35.03029819776223],[111.4771837524703,35.030297910745126],[111.47718359633876,35.03029763193496],[111.47718352112774,35.03029751234874],[111.47705248130154,35.0300962481844],[111.47702219412989,35.02983600522241],[111.47710714518708,35.02959897103323],[111.47727879601365,35.02940882570731],[111.47771126229485,35.029145332384935],[111.47771136055866,35.02914527070506],[111.47771164761674,35.029145074879445],[111.47771191815418,35.02914486469697],[111.47789937262829,35.02898918859777],[111.47789962664407,35.028988964058065],[111.47789986085712,35.0289887260758],[111.47790007746423,35.028988475543706],[111.47790027861498,35.0289882052424],[111.4780151960739,35.028820930965935],[111.47823076251092,35.028522165850326],[111.47823081032601,35.02852209715789],[111.4782309851707,35.02852182605832],[111.47823104699987,35.02852171765045],[111.47840310804278,35.02821116250341],[111.47840319690337,35.028210991794445],[111.47840332672575,35.02821070464747],[111.47840343349495,35.028210410380446],[111.47840347220219,35.0282102831349],[111.47847445729954,35.02795971848128],[111.47847450122802,35.02795954704806],[111.4784745523594,35.02795929536464],[111.4785305626439,35.027625360843786],[111.47853057111583,35.02762531033374],[111.47853057532028,35.02762527967062],[111.47857237381456,35.027339075440636],[111.4785724039893,35.02733880040421],[111.47857241425649,35.027338493898405],[111.47857240041701,35.027338187487665],[111.47857239806262,35.02733815955452],[111.47854149223085,35.02700473538796],[111.47853961868462,35.02668325342043],[111.47855277799532,35.02648284890007],[111.47880999690739,35.02631664766261],[111.47987847035229,35.025931553875544],[111.48142691023729,35.02578249088176],[111.48320796185088,35.02568008974927],[111.48530893892264,35.02575512127539],[111.4853092139844,35.02575512558361],[111.48530926986162,35.02575512445878],[111.4868014974884,35.02573722891832],[111.48680155774852,35.02573722777522],[111.48823501298416,35.02570764417928],[111.48900303467502,35.02585933300395],[111.49009074299221,35.02609323537654],[111.4907001184351,35.026281379794476],[111.49070018978762,35.02628140113879],[111.49129528429388,35.026457768035925],[111.49129541052022,35.02645780357962],[111.49129576826687,35.02645789136673],[111.49129613137359,35.02645795930205],[111.49129640444589,35.02645799695536],[111.49197777687715,35.026538654533645],[111.49310862479265,35.02670088358276],[111.49412365757675,35.026899290405055],[111.49479065842871,35.02707519945777],[111.49528349679821,35.027263525443445],[111.4957771846951,35.027582739863675],[111.49612648434912,35.027890922206154],[111.49612664295593,35.02789105676287],[111.49638873690587,35.02810451405602],[111.49638900992541,35.028104722957885],[111.49638929928881,35.02810491646966],[111.49638960389484,35.02810509369445],[111.49638992155198,35.02810525464122],[111.49639025115357,35.02810539751181],[111.49639059160383,35.02810552231066],[111.49639094071124,35.028105629046735],[111.49639129847034,35.0281057168187],[111.49639143122693,35.02810574421806],[111.49687013569314,35.02819913087546],[111.49687036715632,35.028199172292],[111.4968706501042,35.028199210793645],[111.4973636273095,35.02825678250975],[111.49736371283946,35.02825679207424],[111.4973638411207,35.02825680416763],[111.4980282286929,35.028313450587625],[111.49819116319689,35.02849000686604],[111.49837079409821,35.02893557146141],[111.49837081633653,35.02893562455075],[111.49837094957498,35.02893591153978],[111.49837106814157,35.02893612828237],[111.49859786194264,35.02932385995969],[111.49880095375573,35.02970193401145],[111.49898027830538,35.030051021008184],[111.49898043006668,35.03005128989294],[111.49898060704216,35.03005156047677],[111.4989807440323,35.030051742891004],[111.49917116224364,35.03029380069017],[111.49933796164147,35.03053595176327],[111.49933799812625,35.03053600479381],[111.49933819695411,35.03053626447074],[111.49933841544056,35.030536513250375],[111.49933865357463,35.030536749330025],[111.49933891025502,35.03053697181285],[111.49933918329015,35.03053718070787],[111.49933947266906,35.03053737421239],[111.4993396398443,35.03053747447758],[111.49987226640125,35.03084572771937],[111.5001333767555,35.03118364605604],[111.50025281058615,35.031425716109965],[111.50025283720962,35.03142576918087],[111.50025288155825,35.03142585372653],[111.50033653209721,35.03158100275763],[111.50033664396068,35.03158119699165],[111.50033682093847,35.03158146667201],[111.50033701977203,35.03158172634723],[111.50033723825884,35.03158197422363],[111.5003374763988,35.031582210301224],[111.50033773199486,35.03158243368771],[111.50033800612634,35.03158264167453],[111.50033812608066,35.03158272500705],[111.50082439331301,35.031911036648495],[111.50108457107804,35.03211327124476],[111.50119168627343,35.03231603120437],[111.50119181367404,35.03231625692123],[111.50119199175204,35.03231652659576],[111.50119219059012,35.03231678626949],[111.50119233407038,35.0323169533311],[111.50132297017042,35.032461946568354],[111.50157301756504,35.03282973359933],[111.50177598282981,35.033217121209454],[111.50189617072988,35.03356618673963],[111.50189626651489,35.0335664387261],[111.50189639976782,35.0335667248095],[111.50189646518271,35.03356684892752],[111.50205163948206,35.03384777497895],[111.50218986026908,35.0342099741848],[111.50218991034862,35.03421009926748],[111.50219004360915,35.034210386251864],[111.50219019873697,35.03421066503345],[111.50219031490361,35.03421084482598],[111.50248206991948,35.03464328258705],[111.50261332331873,35.03489491245153],[111.50270938814661,35.035175812898906],[111.50277019174965,35.03546682757388],[111.50281905235305,35.03572897586579],[111.50281910196804,35.03572920370584],[111.50281918817728,35.035729501700814],[111.502819298468,35.03572979508917],[111.50281933293677,35.03572987606929],[111.50292706217118,35.03597216481256],[111.5029993127451,35.03620487478651],[111.50299933732379,35.036204951300746],[111.5029994465144,35.03620524379211],[111.50299953317446,35.036205436325204],[111.50308292111322,35.0363792003008],[111.50308452273354,35.0366405204211],[111.5030624551752,35.0368827503843],[111.50296950151763,35.03709634214804],[111.50296946155535,35.037096437858494],[111.50296940006753,35.037096597655164],[111.50286484591325,35.03738857964339],[111.5028648007032,35.03738871323291],[111.50286471705721,35.03738901283307],[111.50286465863876,35.03738931593415],[111.5028646243409,35.037389620738],[111.50286461306774,35.037389927249144],[111.50286532227167,35.03750550826992],[111.50256211565579,35.038049796005275],[111.5022575840782,35.038458985415986],[111.5022574949698,35.038459109271955],[111.50225732018961,35.03845938130657],[111.50225726163411,35.038459483403294],[111.50203544256384,35.03885841751019],[111.50180107560999,35.039121395109674],[111.50180098636793,35.03912149733308],[111.50155504616035,35.039413577840044],[111.50122617007244,35.0396477902803],[111.50122612206668,35.03964782563187],[111.50122585155582,35.03964803586619],[111.5012255975773,35.039648261355445],[111.50122557578553,35.03964828217688],[111.5010728595296,35.03979468631879],[111.50107264604976,35.03979490352817],[111.50107242948577,35.039795154100815],[111.50107223490625,35.03979541539906],[111.50107207421772,35.03979566303686],[111.50089661568515,35.04008793603982],[111.50089660158115,35.040087959533565],[111.50089644985695,35.04008823958328],[111.5008963200953,35.04008852675326],[111.50089625860674,35.04008868745018],[111.50079169447191,35.04038066759813],[111.5007916492569,35.040380801186856],[111.50079156560041,35.04038110078554],[111.50079155494913,35.04038115130598],[111.50075708142107,35.04053666738822],[111.50059512848362,35.04110087845599],[111.50059508029346,35.04110106343473],[111.50059502186413,35.041101366534626],[111.50059498855894,35.041101656010376],[111.50057307365375,35.04138358449246],[111.50057306959985,35.04138363859111],[111.5005515716148,35.041733585978626],[111.50055156443054,35.041733845601506],[111.50055156728764,35.041733954654944],[111.50056593262381,35.042151781912295],[111.50056594478735,35.042151979261135],[111.50056598281205,35.04215228376575],[111.5005660449367,35.0421525863682],[111.50056609425268,35.04215276553645],[111.50071085436083,35.04263808254962],[111.5007108912534,35.04263820137759],[111.50071092249023,35.04263829138521],[111.50084314920235,35.0430070178496],[111.5010476400627,35.0435989653639],[111.50104773473375,35.04359921284834],[111.50104784137791,35.04359944676287],[111.50111915500433,35.04374396285318],[111.50109775742345,35.04409228281611],[111.50102819842327,35.044276655870924],[111.50102812949122,35.04427685445589],[111.50102806294926,35.04427708548015],[111.50099344407712,35.044413283179104],[111.50099342805012,35.04441335084765],[111.50099336852406,35.044413653952105],[111.50099333422214,35.04441395965649],[111.50099332403734,35.044414266162654],[111.50099884197763,35.045318042918154],[111.50099884616264,35.045318189823355],[111.50101256192406,35.04562911758309],[111.50101257281167,35.04562928519199],[111.50103791369612,35.04591085795044],[111.5010412315876,35.046454217570655],[111.500971753377,35.04664821136397],[111.50097170815894,35.04664834495268],[111.50097162559302,35.046648644546686],[111.50097156605989,35.04664894674969],[111.50097153175705,35.046649252453975],[111.50097152778024,35.046649319171365],[111.50095023800776,35.04702788559643],[111.50081110092927,35.047436113891344],[111.50081107617187,35.04743618790545],[111.5008109936046,35.047436487499326],[111.50081097119329,35.04743658674194],[111.50074210937744,35.04776718053256],[111.500684359381,35.04798110897061],[111.50068432725911,35.04798123349147],[111.50068426882002,35.04798153568976],[111.50068423451562,35.0479818413939],[111.50068422323335,35.0479821479044],[111.50068671506558,35.04839030520158],[111.50068672184385,35.048390517895626],[111.50069984292757,35.04860426558477],[111.50069985007586,35.04860435929718],[111.5006998743798,35.04860457011614],[111.50073692713539,35.04886681067443],[111.50073694086002,35.048866904359684],[111.50073696466355,35.04886703315655],[111.50078571769052,35.04910978837427],[111.50078575601788,35.04910996217937],[111.50078578965847,35.04911008642879],[111.50084618151097,35.049323638938986],[111.50084623518323,35.049323812680704],[111.50084634548577,35.0493241060701],[111.50084647766528,35.04932439215827],[111.50084663391382,35.049324670936144],[111.50084681093226,35.04932494061463],[111.50084700981114,35.04932520028788],[111.50084722835287,35.049325449063566],[111.50084725151844,35.049325473304776],[111.50109658675385,35.049586385566734],[111.50123957352598,35.04984740864057],[111.50133536370991,35.050098920687276],[111.5013603564441,35.05034963008975],[111.50110361914275,35.05075766483087],[111.5011035703042,35.05075774435264],[111.50081114042374,35.05124479613775],[111.50065898038842,35.05147859443506],[111.50065888052295,35.05147875438861],[111.50065872877737,35.0514790344377],[111.50065859900285,35.05147932250838],[111.50065849227893,35.05147961589212],[111.50065840970723,35.05147991548573],[111.50065835016964,35.051480217688386],[111.50065831586386,35.05148052339235],[111.50065830567725,35.05148082989815],[111.50065830995011,35.051480991224665],[111.50068538091713,35.0520444591145],[111.50069202267349,35.05313247969701],[111.50063517603613,35.053491986168424],[111.5006351406774,35.05349229908754],[111.50063513049605,35.05349260649458],[111.5006351444235,35.05349291290076],[111.50063518245422,35.05349321740474],[111.50063524568434,35.05349352000201],[111.50063533190514,35.05349381799758],[111.50063544221273,35.053494111386925],[111.50063547223661,35.053494181569384],[111.5008749034559,35.054036848018214],[111.50093730812408,35.05458993112422],[111.50093733676005,35.05459013291139],[111.50093739889606,35.05459043551296],[111.50093741013795,35.05459048143609],[111.50104632560118,35.055007916364126],[111.50104640058859,35.05500816933754],[111.50104651089976,35.05500846272641],[111.50104664308935,35.05500874881401],[111.50104679934964,35.055009027591275],[111.50104697638125,35.05500929726911],[111.50104717195886,35.05500955244854],[111.50121387454321,35.05521294960742],[111.50121409530522,35.055213200175686],[111.50121427729522,35.05521338420326],[111.50168848211153,35.05566691806457],[111.50170261877417,35.05605393294163],[111.50170262979718,35.056054122182324],[111.50170266892931,35.05605442668127],[111.50170273106932,35.05605472928233],[111.50170278711667,35.05605493185727],[111.50190565356287,35.05672027219988],[111.50190568374899,35.05672036852085],[111.50190579406559,35.05672066190881],[111.50190592735716,35.0567209479908],[111.50190608252753,35.056721226771366],[111.50190626066185,35.056721496443274],[111.50190645846614,35.05672175611883],[111.50190667812718,35.056722004887575],[111.50190691524938,35.056722240965],[111.5019070431084,35.056722355810464],[111.50212548582961,35.05691202791913],[111.50224199867333,35.05704237753545],[111.50243189497654,35.05727997555847],[111.50243193474178,35.05728002496873],[111.50243203632232,35.05728014442929],[111.50279708940613,35.057695940424445],[111.50304528622772,35.05799283531308],[111.50320603074614,35.05821850353613],[111.50348406233087,35.05864642291174],[111.50363061822293,35.05890802366543],[111.5036306957744,35.05890815674514],[111.50363087392472,35.058908427315686],[111.50363107173428,35.0589086860869],[111.50363113247226,35.0589087588451],[111.50386468816403,35.05918186810683],[111.50418212075937,35.05963915075606],[111.50340840282699,35.05970586426221],[111.50340822425369,35.05970588212916],[111.50340785623928,35.05970593323138],[111.50340749383305,35.05970600504165],[111.50340716656565,35.059706086621105],[111.50301856833991,35.0598143902782],[111.50242866830234,35.05983624048426],[111.50187329860667,35.05983854042657],[111.5018729259632,35.05983855188332],[111.50187267942556,35.05983857002923],[111.50111669087643,35.05990972402282],[111.5011165659879,35.05990973715783],[111.50111630310614,35.05990977159426],[111.50065578482888,35.05997970083085],[111.5006556796936,35.0599797174893],[111.50065536216694,35.05997977919115],[111.50001808350729,35.06011844054596],[111.49947621429418,35.060217639772254],[111.4990751247314,35.06016114102915],[111.49907487789591,35.060161110497006],[111.49907462673048,35.060161088996296],[111.49853072340785,35.06012445339267],[111.49853060168661,35.06012444668203],[111.4985303341607,35.060124438767886],[111.4978920561859,35.06011734180433],[111.49789157830047,35.06011735277947],[111.49789120687706,35.06011738495033],[111.49789083995336,35.06011743603135],[111.4978904764386,35.06011750692835],[111.4978901207176,35.060117597623346],[111.49788977168866,35.0601177072195],[111.49788943263489,35.06011783480196],[111.49788932438538,35.06011788031442],[111.49759461973666,35.06024542730442],[111.49759440000307,35.06024552735571],[111.49759415411394,35.06024565275245],[111.49719426712878,35.06046074240701],[111.49669961841752,35.06058885601872],[111.49632229566744,35.06065834430586],[111.49587434261197,35.060708673271854],[111.49523646149703,35.06066273632681],[111.49523630796905,35.060662727038626],[111.49523622024579,35.06066272288996],[111.49476334555868,35.06064521738353],[111.49476329074864,35.060645217607096],[111.49476306050843,35.06064521223664],[111.49476268786005,35.0606452236716],[111.49476231643291,35.0606452558329],[111.4947619484086,35.06064530690895],[111.49476158598489,35.06064537779215],[111.49476137253572,35.06064543004044],[111.49441915076325,35.06073428915571],[111.49441900738904,35.06073432759734],[111.49441865944893,35.06073443717908],[111.49441832039255,35.06073456565323],[111.49441804815014,35.06073468484141],[111.49404089582787,35.06091114991361],[111.49404084007891,35.060911176280186],[111.49404052425325,35.060911339811824],[111.49404022167978,35.060911519514015],[111.49403993455091,35.06091171537784],[111.49403966395197,35.06091192559614],[111.49403940988842,35.060912151070255],[111.49403917453634,35.06091238908726],[111.49403895898654,35.06091263874132],[111.4940387643352,35.06091290002798],[111.49403858947528,35.06091317114903],[111.49403843768992,35.06091345118974],[111.49403830787753,35.0609137392532],[111.49403825282361,35.0609138809914],[111.49395701735004,35.06113731806804],[111.49380509205864,35.06138047986645],[111.49364152021077,35.0616332442133],[111.49344216347812,35.061808533052805],[111.49344210568779,35.061808584665584],[111.49318348910728,35.062042874872716],[111.49318340515913,35.06204295182987],[111.49318316980134,35.06204318984521],[111.49318295425141,35.0620434403991],[111.49318291508564,35.06204349013329],[111.49303043419418,35.062238475361674],[111.49303027870246,35.06223868691257],[111.49303010493264,35.06223895802769],[111.49303001923063,35.062239108002274],[111.49292486221243,35.06243381330096],[111.49277278247513,35.062687020092724],[111.49277276835957,35.062687042684125],[111.49277261656667,35.06268732272322],[111.49277257432833,35.06268740852428],[111.49266763776662,35.0629111573047],[111.4925624296361,35.06308632184157],[111.4924337013039,35.06330064592697],[111.49243368719354,35.06330066941968],[111.49243360583644,35.06330081306663],[111.49227013487072,35.063602392907214],[111.49213018004873,35.063776859800356],[111.49175413803951,35.06400140725115],[111.49175399605186,35.06400149525896],[111.49175370890671,35.06400169111741],[111.49175343720093,35.06400190223642],[111.49175318421239,35.064002126799984],[111.49175294884486,35.06400236481256],[111.49175286172355,35.06400246161154],[111.49165948712431,35.06410912609823],[111.49141326589306,35.06425524144421],[111.49110711555142,35.06438265411111],[111.49110683783779,35.064382777820825],[111.49061217314588,35.06461784944763],[111.49028224920372,35.06472596067368],[111.49028215183095,35.064725993516305],[111.49028181274612,35.06472612107766],[111.49028161919927,35.06472620388398],[111.48999870696309,35.064853684775315],[111.4899985713988,35.06485374751697],[111.48999848941646,35.064853787508106],[111.48970387030747,35.06500075108453],[111.48970363643463,35.065000873712684],[111.48970358508267,35.06500090276361],[111.48947976715371,35.06512814385026],[111.48947951700302,35.06512829448591],[111.48947942636306,35.065128353440244],[111.48936169472658,35.06520657370366],[111.48936149821162,35.06520671060224],[111.4893612275919,35.06520692171151],[111.48936097349682,35.06520714627456],[111.48936073811888,35.06520738428252],[111.48936052254898,35.06520763482964],[111.48936032677635,35.065207896113236],[111.48936015298814,35.06520816722313],[111.48936000008271,35.0652084472624],[111.48935987024184,35.065208734419514],[111.48935979902355,35.06520892489432],[111.48922034184871,35.06560793653256],[111.48922030628495,35.06560803943133],[111.48922022365777,35.06560833901692],[111.48922016517,35.065608642110604],[111.48922012978453,35.06560895863154],[111.4891984032835,35.06592976002127],[111.48919839401475,35.065930043987805],[111.48920076839465,35.066328003921846],[111.48912011572314,35.066658282774576],[111.48912010823199,35.06665831345111],[111.48912004974314,35.06665861654468],[111.48912001535099,35.06665891593566],[111.48909811426364,35.066950554383624],[111.48909810295245,35.06695086359649],[111.489098117936,35.066951169999236],[111.48909815136821,35.06695144477991],[111.48914728615489,35.06726223012507],[111.4891472907229,35.06726226075296],[111.48914735392194,35.06726256335579],[111.4891474155461,35.067262785743736],[111.48920767513874,35.06745690704458],[111.48920769971433,35.06745698356126],[111.48920781000055,35.0674572769605],[111.48920794326591,35.06745756305616],[111.48920809841408,35.067457841852665],[111.48920827653062,35.067458111542926],[111.48920847432127,35.06745837123882],[111.48920869397325,35.0674586200302],[111.4892089310906,35.067458856132085],[111.48920918786054,35.06745907863427],[111.48920946099423,35.06745928755],[111.48920975048087,35.06745948107663],[111.48920980109318,35.06745951151881],[111.48954197719634,35.06766225408983],[111.4895422313178,35.0676623999862],[111.48954237758791,35.06766247691299],[111.48992122527311,35.06785502943859],[111.49013457010354,35.06802871896575],[111.49013484324148,35.06802892787935],[111.49013513272689,35.06802912050238],[111.49013543747431,35.06802929864193],[111.4901355441549,35.068029354996646],[111.49065647873184,35.06829895533365],[111.49086930852873,35.06851068490423],[111.49098868176377,35.068781274607616],[111.49103634326757,35.06895359871747],[111.49085056756121,35.06915612684649],[111.49053324621835,35.06934163996674],[111.49053305724031,35.06934175520398],[111.49053300045291,35.06934179238949],[111.4901444445391,35.06959603747985],[111.4901442141584,35.06959619614916],[111.49014394352638,35.069596407260136],[111.4901209368401,35.069615507248116],[111.4896972626214,35.06982099663964],[111.48969696971105,35.06982114925106],[111.48969666709527,35.069821328942496],[111.48969647708864,35.0698214559003],[111.48926092605012,35.070124478504475],[111.48926082888573,35.07012454739992],[111.48926055715333,35.07012475851335],[111.48926030413922,35.07012498307169],[111.48926006874704,35.07012522107939],[111.48925990975896,35.070125401993096],[111.48896651817884,35.07047640635243],[111.48881412561968,35.07065168560077],[111.48867358880544,35.070778093730276],[111.48841503743117,35.070944017673874],[111.4881211639332,35.07111004356738],[111.48776781945195,35.07122789580023],[111.48776775489105,35.07122791679118],[111.48776741578082,35.07122804524696],[111.48776708773592,35.071228190784126],[111.48776677185806,35.07122835429956],[111.48776646268696,35.07122853942073],[111.48750765027613,35.07139462562745],[111.4872132907632,35.07154144055581],[111.48721305796435,35.071541563174804],[111.48721275534213,35.07154174376145],[111.48721246815447,35.07154193870785],[111.48721219750844,35.07154214981233],[111.48721194338799,35.07154237437085],[111.4872117079858,35.071542612374586],[111.48721149239286,35.07154286291782],[111.48721129659846,35.071543124197866],[111.48721112278993,35.07154339530457],[111.48721096986559,35.071543675340976],[111.48721084110372,35.07154396249123],[111.48721073431169,35.07154425676413],[111.48721065166608,35.07154455544683],[111.48721059207054,35.07154485854375],[111.48721055770707,35.07154516424339],[111.48721054746862,35.07154547074748],[111.48721056134981,35.071545777154675],[111.48721059934529,35.07154608256365],[111.48721066253532,35.07154638426596],[111.48721074873261,35.071546683171775],[111.48721085901202,35.0715469756713],[111.48721099118626,35.07154726267472],[111.48721114743192,35.071547541469194],[111.48721132445465,35.07154781116657],[111.48721152002956,35.07154806636764],[111.48742519896486,35.07180880458955],[111.48749772484418,35.072118434557794],[111.48752215975497,35.072263679086134],[111.48752342467803,35.072476367377384],[111.48744225321109,35.07267006361721],[111.48731368793298,35.07289386822457],[111.48731356540469,35.0728940976627],[111.48731343664114,35.072894384813004],[111.48731332984777,35.072894679085934],[111.48731324610485,35.07289497777306],[111.48731318760515,35.07289528086556],[111.48731315324156,35.07289558656516],[111.48731314525831,35.07289571909737],[111.48730288406841,35.073158152948125],[111.48730289569535,35.07315863332705],[111.48730293369199,35.07315893873588],[111.48730299688368,35.07315924043806],[111.48730304509387,35.07315941961528],[111.48737541481958,35.07340208447108],[111.4873754550607,35.07340221410541],[111.48744765410672,35.07361573497513],[111.48744775769369,35.07361600767128],[111.48744789096318,35.07361629376856],[111.4874479353274,35.073616379219565],[111.48753160685553,35.07377153494232],[111.48753171765122,35.07377172919098],[111.48753189467986,35.07377199888774],[111.48753209357709,35.073772258581634],[111.48753231214478,35.073772507380106],[111.48753255037221,35.0737727434805],[111.48753280715763,35.07377296598586],[111.48753297238622,35.0737730951177],[111.48768733664416,35.07388909262337],[111.48768744566294,35.07388917240613],[111.48768749411276,35.07388920736442],[111.48785339262416,35.074004956368476],[111.48805519402843,35.074188559358596],[111.48805541223389,35.074188746865],[111.48817397495695,35.074285268775526],[111.48831571508342,35.0744294702937],[111.4883635933256,35.07458369960636],[111.48839976011604,35.07471920791707],[111.48843768357786,35.075136607114665],[111.48843771926877,35.07513689270238],[111.48843776109764,35.075137104353786],[111.48855920031234,35.07568076776129],[111.48860797203427,35.07594255364473],[111.48861515088365,35.07714675183134],[111.48847671713757,35.07770077021724],[111.48847670428664,35.07770082164656],[111.48847664578801,35.07770112473938],[111.48847661032518,35.07770142954213],[111.48847660009096,35.07770173604598],[111.48847661397821,35.07770204245268],[111.4884766198364,35.077702105524324],[111.48851425353764,35.078070932230744],[111.48850353339438,35.07824494432115],[111.48834065661143,35.07864344192339],[111.48834054764309,35.078643739811156],[111.48834046499476,35.078644038494296],[111.48834040649503,35.078644341587015],[111.48834037103667,35.07864464729101],[111.48834036080189,35.07864495379482],[111.48834036873934,35.07864518180708],[111.48836631680118,35.07904246283519],[111.48821491988832,35.07934336786685],[111.4882147856949,35.07934366495467],[111.48821475652025,35.07934373718096],[111.4881100024226,35.07961621917455],[111.48800513299864,35.079869265498445],[111.48800512219508,35.07986929258274],[111.4880050153954,35.07986958685599],[111.48800493274466,35.07986988553887],[111.48800489008859,35.079870087615234],[111.48791364643314,35.080374025849984],[111.48765658019519,35.08054865552303],[111.48731647993623,35.08072408524831],[111.4869161629752,35.08072569322443],[111.48691579023416,35.08072570463598],[111.48691541870741,35.08072573587259],[111.48691505059325,35.08072578782678],[111.48691468807392,35.08072585868708],[111.48691456215118,35.08072588803619],[111.48643055957709,35.080844449285955],[111.48643032857993,35.08084451060364],[111.48642997944201,35.08084461926596],[111.48642964029001,35.08084474771814],[111.48642931220442,35.080844893251765],[111.486428996287,35.080845056763806],[111.48642869472005,35.08084523644276],[111.48642857784694,35.080845312625804],[111.48618141709588,35.08101143477055],[111.48583991690921,35.08121681186764],[111.48583979018278,35.08121689079368],[111.48583950296353,35.08121708663818],[111.48583923227694,35.081217296838204],[111.48583897812836,35.08121752229509],[111.48583874269468,35.08121776029605],[111.48583852706709,35.081218009935355],[111.48583833124553,35.08121827121298],[111.48583815741232,35.08121854231748],[111.48583800446559,35.08121882235192],[111.48583787568947,35.081219110401754],[111.48583776887494,35.08121940377176],[111.48583768622034,35.081219703354535],[111.48583762660778,35.08122000554904],[111.48583759223557,35.08122031124788],[111.48583758199119,35.08122061775141],[111.48583759586933,35.081220924158316],[111.48583760403629,35.08122100705074],[111.48584982171147,35.081334820637466],[111.48535769959939,35.08160736968756],[111.4853573870998,35.081607555717135],[111.48509827287556,35.08177380731932],[111.48509800094467,35.08177399318593],[111.4850977302597,35.081774204285665],[111.48481538263634,35.08200857026898],[111.48481512848248,35.08200879572374],[111.48481489304358,35.08200903372272],[111.48481467741078,35.0820092833602],[111.48481450116623,35.08200951841846],[111.48461519256908,35.0822921433535],[111.48461517408863,35.08229217046815],[111.48461500024912,35.082292441570914],[111.48461488306468,35.08229265115476],[111.48446292021697,35.08258480508384],[111.48446288444828,35.082584875532824],[111.48446284328769,35.08258496132646],[111.48435778765345,35.0828088524891],[111.48424123083625,35.083041981551716],[111.48404198292576,35.08326583839972],[111.4840418282976,35.083266021091646],[111.48404179347034,35.08326606539731],[111.48386596936415,35.08349004658214],[111.48367952073676,35.0836738493981],[111.48351714803039,35.08369357871494],[111.48323514671043,35.083656098440535],[111.48302266369942,35.08355051869085],[111.48302262301169,35.08355049902299],[111.48260783707953,35.0833481645603],[111.48235889835713,35.08320348980164],[111.4823587520339,35.08320340745853],[111.48235870913228,35.08320338419381],[111.48201477896048,35.083020106303444],[111.48201450401847,35.08301996858681],[111.48201417421424,35.083019824778724],[111.48201383355635,35.083019699942334],[111.48201348313599,35.083019593171954],[111.48201345348272,35.08301958517758],[111.4816938135198,35.08293341159989],[111.48130352736392,35.08281850099656],[111.48097201801016,35.082664523620835],[111.48097171020262,35.082664390538966],[111.48097136954776,35.08266426569963],[111.48097105207806,35.08266416780913],[111.48066316340523,35.0825779241599],[111.48066313155397,35.082577915272545],[111.48066277357276,35.082577827456774],[111.48066241022539,35.08257775949221],[111.48066204150658,35.082577710477494],[111.48066167071637,35.08257768220227],[111.48066150839792,35.08257767653612],[111.4803422536923,35.08256922395449],[111.48034166929682,35.082569232578784],[111.48034129886074,35.082569264692324],[111.48034093072862,35.0825693157253],[111.48034056819522,35.08256938656604],[111.48034021126054,35.08256947721452],[111.48033986429999,35.082569585850706],[111.4799978263034,35.082687517609585],[111.47957309140143,35.082815498445335],[111.47957284624447,35.0828155778332],[111.47957267007729,35.0828156416251],[111.47918339013735,35.08296295386974],[111.47918322822407,35.08296301760475],[111.4791829001222,35.08296316402024],[111.47918258417671,35.08296332661218],[111.47918231535972,35.082963485412456],[111.47865251460665,35.08329583164926],[111.4781698484685,35.08353064371291],[111.47765120092787,35.08369771504666],[111.47710840984945,35.08384557652779],[111.47661264865388,35.08397385257625],[111.47661250194625,35.08397389191135],[111.47661215388342,35.08397400144256],[111.47661208932008,35.083974024230336],[111.47628252576543,35.08409166124405],[111.47584617272597,35.08413217152349],[111.47584604122237,35.084132185559916],[111.47584567308026,35.084132236579315],[111.47584545948438,35.08413227617596],[111.47530282448473,35.084241191112525],[111.47488976812923,35.084252512531876],[111.4745473009285,35.084253853185814],[111.47409902440485,35.08421683727696],[111.47354317826691,35.08401528815574],[111.47295075256295,35.0837649902466],[111.47295064374799,35.08376494560297],[111.47295030310049,35.08376482074106],[111.47294995268842,35.08376471394444],[111.47294992303576,35.083764705947836],[111.47202632708616,35.08351563063628],[111.47202599986399,35.08351555168888],[111.47202564200187,35.08351548367708],[111.47155342103139,35.0834397587748],[111.47086654967787,35.0830639671551],[111.47042772450712,35.08281302425896],[111.47042761449998,35.082812962491815],[111.47042729667974,35.082812801479776],[111.47042696580502,35.0828126585456],[111.47042661637256,35.082812530105194],[111.46996577305435,35.082659199967836],[111.46970524520768,35.08243740917442],[111.46970515596267,35.08243733470714],[111.46970496761969,35.08243718851482],[111.46943188939706,35.08223416339034],[111.46943180461078,35.08223410152465],[111.46943165489387,35.0822339984477],[111.46917056730241,35.08206007992369],[111.46917042753196,35.08205999032835],[111.46917012277697,35.082059812136585],[111.46916980496727,35.082059652022515],[111.46916960928095,35.08205956354486],[111.46871925962708,35.0818669409676],[111.46871912553581,35.081866885601485],[111.46871899256168,35.081866833836514],[111.4682571491387,35.081693772023584],[111.46790254775397,35.08153039716341],[111.46766551435115,35.08131807469908],[111.46734466816518,35.08102777263667],[111.46734445991314,35.08102759496971],[111.46734418678899,35.08102738600512],[111.46734389730506,35.081027192426696],[111.46734359256297,35.08102701513159],[111.46734327476084,35.08102685501267],[111.46734294498995,35.08102671116436],[111.46734260436226,35.08102658628649],[111.46734225506553,35.08102647946924],[111.46734189710494,35.08102639161397],[111.46734153377506,35.08102632360932],[111.46734116507074,35.08102627455398],[111.46734079429166,35.08102624623793],[111.46734042033626,35.081026237764064],[111.46734004759041,35.08102624911549],[111.46733967715062,35.081026280287965],[111.467339309022,35.08102633218284],[111.46733894648371,35.08102640298475],[111.46733858954089,35.08102649359505],[111.46733824038137,35.08102660310393],[111.46733790228943,35.08102673059738],[111.46733757307724,35.081026876985206],[111.46733740250478,35.08102696146913],[111.46714887967468,35.0811248329256],[111.46672452789176,35.08133051336568],[111.46672439339926,35.08133057968265],[111.46638255198663,35.081506823777644],[111.46638239238214,35.081506909119405],[111.46638208967687,35.081507089654416],[111.46638206017438,35.0815071077951],[111.46606402663025,35.0817124130532],[111.46606376885896,35.08171258980928],[111.46606349812463,35.081712800866896],[111.46606324391449,35.08171302538143],[111.46606300842153,35.08171326334445],[111.4660627927371,35.08171351385039],[111.46606259794233,35.08171377419101],[111.46558181498035,35.08240561647978],[111.46558168561883,35.082405814374496],[111.46538293434547,35.08272662892738],[111.46505450816403,35.08299913271451],[111.46461915425907,35.083233640147625],[111.46413585718577,35.08343946434269],[111.46413560672308,35.08343957797143],[111.46413548425087,35.08343963792999],[111.46371132966861,35.083654941717036],[111.46334627020524,35.08380186904629],[111.46265017288884,35.08398907319622],[111.46265008748766,35.08398909605606],[111.46264973940566,35.083989205547354],[111.46264940020266,35.08398933393335],[111.46264911689664,35.08398945759929],[111.46237830132081,35.08411664767557],[111.46162339970844,35.08435263366596],[111.46162322020874,35.08435269293772],[111.46162288099752,35.08435282041951],[111.46162271363067,35.08435289226416],[111.46111560805723,35.08457834108016],[111.46111544618729,35.084578415607275],[111.4611153477688,35.084578463753644],[111.46060840218009,35.08483306436032],[111.46060818571073,35.084833179655384],[111.4606078829753,35.084833359274725],[111.46060759568248,35.08483355505992],[111.46060732491867,35.084833765204095],[111.46060723978964,35.08483383673496],[111.46033663382984,35.08506810132834],[111.46033646363162,35.08506825520578],[111.4603362292089,35.085068493153585],[111.46033601239655,35.08506874275223],[111.46033581758067,35.08506900398505],[111.46033564255809,35.085069275057705],[111.46033552857168,35.085069480099335],[111.46010158909226,35.08551740685173],[111.46010155003698,35.08551748181284],[111.46010151210858,35.08551756217786],[111.45997310507663,35.085789919554244],[111.45973906555832,35.08615956277198],[111.45948127072602,35.086451332346726],[111.45908178834247,35.08672429916552],[111.4588270473602,35.08683976676147],[111.45861630638262,35.08662051208558],[111.45847342686355,35.0863979142186],[111.45847330855412,35.086397739801924],[111.45847316051172,35.086397542963645],[111.45823541509787,35.086097673740646],[111.45809181794851,35.08574892184357],[111.45809180684701,35.085748897548754],[111.45809167475595,35.085748611415],[111.45809154956665,35.08574838294228],[111.45796025033778,35.08552535940487],[111.4579602204491,35.085525309041536],[111.45796004239489,35.08552503930571],[111.45795999376426,35.08552497098593],[111.45781703640448,35.0853311467297],[111.45781688729427,35.08533095440141],[111.45781666878493,35.08533070554939],[111.45781643060846,35.08533046939067],[111.45781617386639,35.08533024682246],[111.45781590075183,35.085330037836464],[111.45781564098709,35.0853298630518],[111.45770885853756,35.08526223863384],[111.45770882882536,35.0852622198174],[111.45770852408799,35.08526204249816],[111.45770820628283,35.08526188145273],[111.45770787651647,35.08526173847968],[111.45770753039272,35.085261611792845],[111.45730480953145,35.085127077949764],[111.45702071948712,35.085031032718256],[111.45673665701196,35.08491561826748],[111.45642903375041,35.08477127521319],[111.45621615502661,35.08462680661666],[111.45599068990512,35.084414186183075],[111.45582442571936,35.08424976843256],[111.45570555895,35.08411429081534],[111.45570544200197,35.08411416236017],[111.45570520383511,35.084113926197176],[111.45570494709757,35.084113702723045],[111.45570467399745,35.08411349463353],[111.45570438452972,35.084113301027294],[111.45570407980092,35.08411312370291],[111.45570376310064,35.084112962648014],[111.45570369713897,35.08411293224961],[111.45540738038416,35.08397799034231],[111.45540711548686,35.08397787686425],[111.45540677596118,35.08397775194874],[111.45540642557049,35.08397764510126],[111.45540606760936,35.08397755721078],[111.45540570427586,35.083977489170444],[111.45540533556495,35.08397744007888],[111.45540496477625,35.083977411726416],[111.4554045919047,35.083977403211726],[111.45540421804685,35.08397741453069],[111.45540384758876,35.08397744566683],[111.45540347943893,35.0839774975256],[111.4554031168769,35.08397756829198],[111.45540275990767,35.0839776588673],[111.45540241181578,35.08397776833787],[111.45540220388796,35.08397784303033],[111.45509547100468,35.08409561355927],[111.45509533861606,35.08409566633505],[111.45509501046087,35.08409581178437],[111.45509469446753,35.08409597521526],[111.45509438407194,35.08409615935647],[111.45483548508209,35.084262165421755],[111.45443491025277,35.08445788170263],[111.45443463471818,35.08445802515024],[111.4544343319754,35.08445820565562],[111.45443422490082,35.08445827546169],[111.4540690762324,35.08470259887852],[111.45406889599444,35.084702723941234],[111.45406862521914,35.08470293497228],[111.45406837096665,35.08470315946189],[111.4540681354301,35.084703397401825],[111.454067919701,35.08470364788665],[111.45406772376937,35.084703909113685],[111.45406754982324,35.084704180173354],[111.45406739785764,35.08470446016434],[111.45406726786757,35.08470474818529],[111.45406716093457,35.084705041528075],[111.4540670781602,35.08470534108992],[111.45406705995876,35.08470542047785],[111.45400304325271,35.08500384936399],[111.45363843088084,35.08495236437736],[111.45363818399142,35.08495233465466],[111.45363781319385,35.08495230539549],[111.45363744031798,35.08495229687541],[111.45363706755191,35.084952308184846],[111.45363687244402,35.08495232243513],[111.45341951037257,35.08497101115847],[111.45300982100781,35.08499027120061],[111.45292413080104,35.08486829549865],[111.4529023991868,35.08481550642132],[111.45285776818868,35.084601397905566],[111.45279071167755,35.084279691975205],[111.45279067908145,35.084279547879106],[111.4527906611635,35.08427948034392],[111.45272400943256,35.08402934994995],[111.45267959120945,35.08385100926608],[111.45265607713748,35.08352947327107],[111.45265607358903,35.083529426413506],[111.45265603571612,35.08352912099337],[111.45265597264333,35.083528819272736],[111.45265588655869,35.083528520342064],[111.45265577638563,35.083528227810866],[111.45265564321565,35.08352794077366],[111.45265557672775,35.08352781483124],[111.45247904705806,35.083208609306105],[111.45247772126741,35.08320621122328],[111.45247763270555,35.08320605922363],[111.45247745577093,35.08320578947538],[111.45247725696089,35.08320552972373],[111.45247703847342,35.08320528086182],[111.45247680031844,35.08320504469236],[111.4524765435975,35.08320482211261],[111.45247627050357,35.083204613114354],[111.45247598105158,35.08320442040166],[111.45247590733163,35.08320437470728],[111.45227542872351,35.08308323866835],[111.45227519772064,35.08308310612838],[111.4522748799345,35.08308294506851],[111.45227455018629,35.08308280208048],[111.4522742095675,35.08308267625888],[111.45227385918962,35.08308257030361],[111.45227350233218,35.083082482399746],[111.45227313790863,35.08308241435404],[111.45227276920353,35.0830823652529],[111.45227239841984,35.08308233689082],[111.45227205186876,35.08308232826832],[111.45149181731277,35.083082181852866],[111.45149165503959,35.08308218425974],[111.45063724521788,35.083103686977836],[111.45063702157486,35.08310369592116],[111.45063665002719,35.08310372794815],[111.45063628187316,35.08310377889111],[111.45063591931566,35.08310385054459],[111.45063556233983,35.08310394020456],[111.45063521424512,35.08310404966147],[111.45063501945336,35.08310412069152],[111.45023112919547,35.08325823401883],[111.44989787996096,35.08335631941284],[111.44989759645442,35.08335640969944],[111.44989734038542,35.083356504391034],[111.44936151262245,35.08356726446991],[111.44936142837373,35.08356729813248],[111.44936110021031,35.08356744356636],[111.4493609755438,35.08356750532089],[111.44887613612339,35.08381386376827],[111.44887594478581,35.08381396542901],[111.44887564202806,35.08381414501927],[111.44887556990972,35.083814191255655],[111.44845619849002,35.084090130824265],[111.44845598328432,35.08409027944341],[111.44845571249641,35.08409049046205],[111.44845545823031,35.08409071494],[111.44845535896978,35.08409081085139],[111.4481017167336,35.08444405112925],[111.4481016382175,35.084444130739186],[111.44771200207177,35.08485118976078],[111.44743781525035,35.0851385219066],[111.44743776292181,35.08513857798409],[111.44743754607464,35.08513882846131],[111.44743748835694,35.08513890168455],[111.44719249542916,35.085455942580836],[111.44676012909936,35.08601227098732],[111.44675998323835,35.086012468922824],[111.4467598809984,35.08601262253091],[111.44649366126075,35.086431149641875],[111.4464935895268,35.08643126708297],[111.4464934364355,35.086431547068635],[111.44649338114986,35.086431664449165],[111.446235194343,35.08699332008523],[111.44623512070473,35.08699349071347],[111.44623501265889,35.08699378675753],[111.4460638065813,35.087531164597934],[111.44582061887745,35.0881761733424],[111.44582055194915,35.08817636828245],[111.44582046803968,35.088176666941436],[111.44582043274535,35.08817683111891],[111.44573581054307,35.08861825204663],[111.44560023168201,35.08899987188077],[111.44533444269275,35.08946578736956],[111.44533432762485,35.0894660032174],[111.44533419759172,35.089466290327714],[111.44533414784415,35.08946641850366],[111.44507669668717,35.09016524685118],[111.44474760870898,35.09103732108803],[111.44474759788963,35.09103734816855],[111.44454018594726,35.091598813625076],[111.44454015785574,35.09159889124508],[111.44431864981726,35.09223795200142],[111.44431862068247,35.09223803954014],[111.4441402470725,35.09279328478717],[111.44402571631828,35.09307389662996],[111.44378929838155,35.09364142756474],[111.44351709911408,35.09430454833944],[111.4435169899719,35.09430484799024],[111.44351690714953,35.094305147544766],[111.44351685483352,35.09430541003196],[111.44339741113848,35.09502745328021],[111.44324121068746,35.09566014368696],[111.44307064817961,35.096328825341956],[111.44307063099833,35.09632889300674],[111.44307059784464,35.096329049063144],[111.44300005458571,35.09669284509992],[111.44282851491181,35.097152344109624],[111.44260628733132,35.09765409615694],[111.44260623860802,35.097654212610195],[111.44260614780987,35.097654458111506],[111.44228473901342,35.09861598555633],[111.44228472282553,35.0986160342888],[111.44228470126602,35.09861610377214],[111.44203515608679,35.0994461402315],[111.44203509481393,35.09944637030156],[111.44203503503189,35.099446673376306],[111.44203500455501,35.09944691955857],[111.44200077538095,35.0998288007303],[111.44200077131025,35.099828859333506],[111.44200076090027,35.09982916583366],[111.44200076633803,35.099829360507464],[111.4420168281171,35.10011561877169],[111.44201683639754,35.10011573051007],[111.44201685717996,35.10011592332521],[111.44206220850673,35.10044979364915],[111.44206222556606,35.10044990625686],[111.44206228752175,35.10045020888771],[111.4420623735814,35.10045050692386],[111.44206248374505,35.10045080036535],[111.44206261690134,35.100451086512116],[111.44206277195353,35.100451365368166],[111.44206294998862,35.100451635126824],[111.44206314440189,35.10045189130538],[111.44222388419178,35.10064814937844],[111.44222410380189,35.10064840005668],[111.44222434197879,35.10064863624543],[111.44222459873221,35.100648859747395],[111.44222487185402,35.10064906786656],[111.44222516134911,35.10064926150424],[111.44222546611103,35.10064943886177],[111.44222578394623,35.10064959994716],[111.44222611375316,35.10064974386303],[111.4422264544253,35.100649868810734],[111.44222656319766,35.100649904468376],[111.4425246541299,35.10074425544494],[111.44252489470679,35.10074432667559],[111.442525252728,35.1007444146034],[111.44252555904144,35.10074447297508],[111.44297588968377,35.10082035886766],[111.44333871845285,35.10089052126969],[111.44373083090031,35.101014191861196],[111.44415212285192,35.10116754961332],[111.44455209413267,35.10137467352543],[111.44455214142029,35.10137469678737],[111.44499611062207,35.101599735541434],[111.4449962744796,35.101599816062325],[111.44499648557117,35.10159990993023],[111.44531658409123,35.1017359277793],[111.44531670390747,35.10173597691396],[111.44531704459366,35.10173610275421],[111.44531719621591,35.10173615177206],[111.44577523267357,35.10187762686729],[111.44577542272219,35.10187768295415],[111.44609526693165,35.101965980822726],[111.44609538995059,35.101966013720364],[111.44662597586229,35.102101253427804],[111.44662621416957,35.10210130933554],[111.44662657758155,35.10210137830278],[111.44662672466578,35.102101399393554],[111.447090432522,35.10216513974915],[111.44746766111224,35.10236585976127],[111.44781701979247,35.10260887593958],[111.44811524540609,35.102833988027676],[111.44842109075542,35.10321326120675],[111.44845053145552,35.10337734560702],[111.44827170587547,35.103596969489416],[111.44806975446735,35.10378837411233],[111.44806952322638,35.10378860841882],[111.44806950251076,35.10378863102935],[111.44788912380905,35.103986140740425],[111.44788908783691,35.10398618143444],[111.44774480316045,35.10414776733378],[111.44774464514123,35.10414795359724],[111.44774461681692,35.10414798885483],[111.44760765646069,35.104321477920315],[111.44760752143407,35.10432165688783],[111.44749228302624,35.1044831172112],[111.44732669586875,35.10471023878965],[111.44718978078026,35.10487166432642],[111.44718970341947,35.10487175835305],[111.44718950741822,35.10487201956863],[111.44718948456264,35.10487205210185],[111.44694465715337,35.105230851024544],[111.44694450489968,35.105231089544475],[111.44694435287232,35.10523136952607],[111.44694422282534,35.10523165753884],[111.4469441158408,35.10523195087474],[111.44694407598722,35.10523208442271],[111.44687998854921,35.10545898707623],[111.44687994558213,35.10545915308457],[111.4468798858139,35.10545945616129],[111.44687985128702,35.105459761849055],[111.44687984089482,35.105460068349224],[111.44687985463241,35.10546037476044],[111.44687989249485,35.10546068018138],[111.44687989926756,35.1054607153094],[111.44692484921971,35.10571704105464],[111.44692490551667,35.10571730764918],[111.44692499160466,35.105717606582786],[111.44692502949158,35.10571771550748],[111.44699872152378,35.10592025215344],[111.44699879272379,35.10592043576803],[111.44699882826473,35.10592051675923],[111.44713107959703,35.106218212813026],[111.44729292316542,35.106617202326206],[111.4472929409559,35.10661724642711],[111.44729295428029,35.10661727612277],[111.44741794529217,35.1069090965151],[111.44741806625514,35.10690935385711],[111.44741817926446,35.10690956075241],[111.44754271959609,35.107123790149096],[111.44768932956646,35.10739162099494],[111.44768942701445,35.107391790090404],[111.44768960508335,35.10739205984026],[111.44768964376334,35.10739211287754],[111.44787247664797,35.107641964628],[111.44787263682345,35.1076421713486],[111.4478727129983,35.10764226120299],[111.44806264376308,35.10786226229612],[111.44806278612366,35.10786242040897],[111.44806296149304,35.10786259732834],[111.44834694550384,35.108135351109325],[111.44841999984669,35.10828349670395],[111.44842002536545,35.10828354978967],[111.44842011069149,35.10828370811305],[111.4485812795615,35.10856926864914],[111.44865465402204,35.10872984262887],[111.44876489567811,35.10898582491889],[111.44887524209611,35.10926558632777],[111.44897120147684,35.10956335324567],[111.44906720173647,35.109861244306295],[111.44906721289303,35.10986127851657],[111.44914840003752,35.110105540409315],[111.44914851022997,35.110105832040915],[111.44914854689156,35.11010591663271],[111.44924408906161,35.11032030024196],[111.44924418559756,35.11032050178831],[111.4492443406932,35.11032078063442],[111.44924451877861,35.11032105128309],[111.44943472149392,35.11058876785361],[111.44943491926001,35.11058902671138],[111.44943513780734,35.11058927467584],[111.44943537603413,35.110589510849664],[111.44943549178512,35.110589615879356],[111.44973454475073,35.110850963176524],[111.44973468580501,35.110851081632426],[111.44973495898005,35.1108512897339],[111.44973524852905,35.11085148335293],[111.44973536629135,35.110851555024645],[111.44997569529414,35.11099382129094],[111.44997588125179,35.110993926960866],[111.44997619914241,35.11099408802523],[111.44997653229525,35.110994231907156],[111.45043463519445,35.111177354855],[111.45102385960304,35.11146726783719],[111.45114000429034,35.11153224806216],[111.4515841078805,35.111834554722215],[111.4520359729741,35.11219063640212],[111.45241510651995,35.112493421070646],[111.45241534114135,35.112493597762374],[111.45241563070249,35.112493791374845],[111.45241573526182,35.112493854980976],[111.45271434281598,35.112671688414174],[111.45271454198866,35.112671802142714],[111.45271485989115,35.112671963199766],[111.4527149203754,35.11267199091595],[111.4531297400495,35.11286131781725],[111.45312985880977,35.112861370553404],[111.4534864095793,35.11301512563602],[111.45348656020526,35.113015188167516],[111.4534869009509,35.11301531398415],[111.45348725036195,35.11301541993851],[111.45348760844837,35.11301550783327],[111.45348772266165,35.11301553174263],[111.4539310197991,35.11310334578089],[111.45393126905245,35.113103390816754],[111.45393163788886,35.11310343901024],[111.45393200880913,35.11310346736607],[111.4539321371825,35.11310347319484],[111.45433643743816,35.11311625499273],[111.45433649995698,35.11311625385706],[111.45433668207394,35.11311625858262]]]]},"properties":{"code":"SXNR-N06","name_short":"太宽河","name_full":"山西太宽河国家级自然保护区","zone":"core","area_km2":85.197,"feature_count":1}},{"type":"Feature","geometry":{"type":"MultiPolygon","coordinates":[[[[111.50783563992184,34.99571024391348],[111.50798894593815,34.99583086317022],[111.50820860613898,34.9962558690459],[111.50831486019038,34.99671965498038],[111.50851089234449,34.99706844633409],[111.50865476371649,34.99732442444408],[111.50889521393478,34.997900310742246],[111.50866344848518,34.9982866102832],[111.50824503031322,34.99860382656767],[111.50803967458066,34.99916578534735],[111.50803158696041,34.99934173803835],[111.50800954274102,34.99982166268647],[111.5078619105719,35.00008142013856],[111.50766400943365,35.00029857521006],[111.50732228274718,35.00065953465896],[111.50723137437875,35.00075555724089],[111.50680861602012,35.001149405009826],[111.50669327899642,35.00121745957464],[111.50664634278202,35.001273232219845],[111.50471183569725,35.00302398899858],[111.50014654312616,35.00593229154543],[111.49981320357868,35.005816368282204],[111.49967597928818,35.00589558324699],[111.49944442810087,35.006029246820525],[111.49908826893336,35.006185346400514],[111.49894728076525,35.00624713990215],[111.49889872807323,35.006268418923845],[111.4988216214814,35.00630221272363],[111.49822543199923,35.00633169428058],[111.49770779588447,35.00576368815698],[111.49719362142389,35.004068943606114],[111.49675764806256,35.00182403612042],[111.49670687653831,35.000785403204894],[111.49732139071006,35.00021270292684],[111.49743059944271,35.000110922363454],[111.49751562890033,34.99999378497788],[111.49754872368631,34.999948185950714],[111.49756432954794,34.99992909493067],[111.49747243168434,34.9997399518388],[111.49759805907655,34.99939792700685],[111.49767659735552,34.99918744840449],[111.49781850418644,34.99889789844921],[111.49791324299437,34.998726757619636],[111.49803918867966,34.9984372737574],[111.49810175995802,34.99822685945921],[111.49818979940437,34.998024501631036],[111.49818044751034,34.998012122708374],[111.49765266199395,34.99757034007981],[111.49748669752464,34.99752918583339],[111.49699098821432,34.997406268030474],[111.49692613976822,34.99740181120801],[111.49600059073548,34.99733819528963],[111.49598948045265,34.997338588612585],[111.49542583483591,34.997358567877434],[111.49506694900064,34.99737128830101],[111.49450977344569,34.99761506929244],[111.49444830548202,34.99764196152459],[111.49376329181852,34.99815176610657],[111.49312764832888,34.99855770938112],[111.4926782136437,34.99862037052896],[111.49206814948434,34.99849889631183],[111.49138981066562,34.99840924343046],[111.49086640291846,34.99846543698883],[111.49069091803601,34.99853957853263],[111.490349434755,34.99868385019484],[111.48975820168687,34.9990783293316],[111.48906090345243,34.999473248260124],[111.48875202978792,34.99951921831229],[111.48874967126275,34.99951956942811],[111.4881785439358,34.99960749697641],[111.48747227358574,34.999321864453066],[111.48715193868829,34.998762029839774],[111.4869082883116,34.9981064548492],[111.48690774732448,34.998104998598286],[111.48649782596881,34.99767172077257],[111.48622206238505,34.99761583268732],[111.4857890729996,34.99752807514621],[111.48464126638142,34.99746729617527],[111.48332292205707,34.997274231136956],[111.48215432165547,34.996934084011485],[111.48106763460684,34.99654853235619],[111.48015951335343,34.996378599727585],[111.47945671766168,34.9965481242057],[111.47929063350952,34.996647812988535],[111.47878403580731,34.99695188376217],[111.47794737539161,34.99741487363651],[111.47732030463673,34.99766062320058],[111.47690771734986,34.99782231507169],[111.47572175632872,34.99814470771831],[111.4746801314647,34.998214130139736],[111.4738396933973,34.997906425325766],[111.47291035851896,34.99725878897639],[111.47280778108825,34.99716084599614],[111.47275383526595,34.99710933708832],[111.47222402468786,34.99660344279414],[111.47207097605992,34.99617813367116],[111.47209802612579,34.9958805725235],[111.47202892255318,34.99564873574219],[111.47181486429561,34.9954490068223],[111.47144179320894,34.99521834613924],[111.47105050341284,34.99491338894933],[111.4709386116685,34.99464885702785],[111.47089158576532,34.99453767741518],[111.4711095757868,34.9941086773315],[111.47150355285463,34.99368801171617],[111.4717675800249,34.993290381498056],[111.47177720244038,34.993256203667094],[111.47181394545981,34.99312568435006],[111.47187407864571,34.992912077397506],[111.47186053505307,34.992775637680026],[111.47189147750902,34.99260476472786],[111.47185872589156,34.99246040627644],[111.47171379586273,34.992237679294725],[111.47152061272261,34.99194946182082],[111.47116774760669,34.991648727207895],[111.47078379260212,34.99149259608676],[111.4701108199172,34.99103548310897],[111.46946955135326,34.990538838358944],[111.46911580055716,34.99008048403276],[111.46876182689877,34.989582724993916],[111.46836050346947,34.98917709045513],[111.46784724036038,34.98873248325123],[111.46736634818012,34.98836655732168],[111.46722151440594,34.98815695650892],[111.46705790140139,34.98774051894278],[111.46676449116848,34.98735154391789],[111.46608679000467,34.98638064423841],[111.46579631276803,34.986087827722514],[111.46539419362082,34.98568246549666],[111.46510939082769,34.985537902683205],[111.4644997053247,34.985228427485836],[111.46340262398702,34.98490134697095],[111.4622264831263,34.98451146570082],[111.46106946046349,34.9839885600655],[111.45989227353282,34.983407109511774],[111.45820850708547,34.98244446452033],[111.45745843717744,34.98198825070671],[111.4560986168172,34.98116117413764],[111.45577276676262,34.98097954536273],[111.4557310856871,34.98098268626642],[111.45483083667965,34.98085317725332],[111.4544373760874,34.980607865271224],[111.45390448778123,34.98017323344652],[111.45348598019325,34.97956732155491],[111.45283777989108,34.979133118229036],[111.45209733289809,34.9786992548735],[111.45117259583763,34.97830404052856],[111.45052732976372,34.97840135405482],[111.44990730660182,34.9788972271561],[111.44942566239696,34.97939258588711],[111.44896604082085,34.979698024075766],[111.44820719910398,34.98011846607077],[111.44719577720029,34.98074865489604],[111.44634476332823,34.98118840857915],[111.4453790318434,34.98174247871626],[111.44448279077274,34.98235323849638],[111.44386168013229,34.98265924840122],[111.44344650950647,34.98266076537366],[111.44279844034548,34.98224549287965],[111.44258748788549,34.9816198023715],[111.44230509504493,34.98057673394489],[111.4419775018411,34.97970468163731],[111.44185718492174,34.97877492159155],[111.44189749644453,34.97769270823805],[111.44225947241495,34.976381521101814],[111.44271695881584,34.97567746175245],[111.44335607087858,34.97444119329124],[111.44367229284465,34.97320610141911],[111.44348288214533,34.97229557927508],[111.44273964314871,34.971981788516764],[111.44223467347597,34.971768591170935],[111.44050876033647,34.971666802341105],[111.44011226666271,34.971643415087556],[111.43789791897002,34.97157548705504],[111.43673957093924,34.971738693201296],[111.43672828709946,34.97173839306094],[111.43672824986386,34.97173839229347],[111.43629844185517,34.97172875565582],[111.43607540951969,34.971670244238254],[111.43540508349166,34.97164638060684],[111.4343198821686,34.971623995069926],[111.43364997226533,34.971678930506904],[111.43309169463124,34.97172032838784],[111.43280426689192,34.97168194844566],[111.43216406341915,34.971316446947384],[111.43166754236266,34.97096356988085],[111.4313150502681,34.97068898955741],[111.43097975635156,34.970650774368465],[111.43062788650668,34.97049440117094],[111.43017986523655,34.970259560909554],[111.42993866606236,34.96990577105876],[111.42982477615598,34.96948585297854],[111.42977299287041,34.96873734520166],[111.42976970023568,34.96810687532088],[111.42957514398472,34.967516491281124],[111.42894943584191,34.96686195144564],[111.42821259390223,34.966312884837905],[111.42782733555079,34.96586765129375],[111.42736319172975,34.965593451508184],[111.42672203386894,34.96503089860278],[111.42638343076158,34.964349067997205],[111.42617226937192,34.96362738718619],[111.42605677372217,34.962892230024075],[111.42579775340006,34.96217071624517],[111.42566821263111,34.961803389054786],[111.42556962956415,34.9612520634724],[111.42529378753574,34.960359849760735],[111.42497110022559,34.95966482482723],[111.42445839086918,34.9592462983578],[111.4238493506135,34.95870988975306],[111.42320840794045,34.9581735900835],[111.42285579443718,34.95785957816103],[111.42283163742596,34.95783591627312],[111.42267990203392,34.95773850933643],[111.42228407479074,34.95748439505535],[111.4222292134298,34.95744889558846],[111.42213166001534,34.95738576931508],[111.42064945552805,34.9568410446345],[111.42060838490657,34.9568417637497],[111.41936790542722,34.95686351104832],[111.41845508887772,34.95727227558151],[111.41816071688064,34.95741994867329],[111.41774045132789,34.95763077403305],[111.41700531883309,34.95772568276617],[111.416960978963,34.95772325433445],[111.41634684898841,34.95768962306869],[111.41600508068039,34.95762995357411],[111.41580412286193,34.957675713479645],[111.41521725156036,34.957997710700624],[111.41468495209743,34.95821853610725],[111.41461115684044,34.95824915017165],[111.41442853893936,34.95832490446852],[111.41390481744153,34.958394724802794],[111.41385614812276,34.958401212937765],[111.41332675794264,34.95845258529676],[111.41305181528635,34.958552923176526],[111.41282813638192,34.958634551095116],[111.41246588493829,34.95899182661709],[111.41242559002274,34.9590964714213],[111.41224431120612,34.959567211345984],[111.4120762269993,34.960167203047185],[111.41185414589593,34.96064343585678],[111.41157686911268,34.96107629423922],[111.41155469192863,34.96111091482446],[111.41139790982885,34.96149068499298],[111.41126123412825,34.961821749235554],[111.41114077080043,34.96252083917805],[111.41110426641306,34.96273268001682],[111.41110750375981,34.96283082043257],[111.41112232091265,34.96285176434038],[111.41115672858649,34.963350777633465],[111.41109454493021,34.963679364786536],[111.41109618613612,34.96400773496614],[111.41135298095573,34.964308968637944],[111.41173709637823,34.96454409827628],[111.41247282061029,34.9648962463955],[111.4127615385637,34.96519736859255],[111.41308235982689,34.965537791049],[111.41333950200966,34.965904692896494],[111.41358154126559,34.96644240399663],[111.41371255551881,34.96711184465393],[111.41379352786595,34.96734799811235],[111.4142261217794,34.96770116779581],[111.41446791087975,34.96818633634196],[111.4145656333227,34.96858005277869],[111.4143115257051,34.96881735191857],[111.41370610807593,34.96900330637103],[111.41303680334984,34.96917633930298],[111.41222335743538,34.969244777739746],[111.41145758299366,34.96927364449708],[111.41081965593274,34.969341477832806],[111.41026197093812,34.96950098474053],[111.40983193228342,34.9696600556809],[111.40905163199223,34.96997792881645],[111.40855808990722,34.97020288638369],[111.40809645807364,34.970427730209884],[111.40776215168601,34.97058647568932],[111.4071408826453,34.97079871959518],[111.40683880968952,34.971023027202136],[111.40624892946026,34.971130083024185],[111.40594575232932,34.97113109686207],[111.40557842165438,34.971066649674654],[111.40521102685767,34.97098906577681],[111.40505087995221,34.9708713831514],[111.4045879441199,34.970833521623376],[111.40410924454568,34.9708351155166],[111.40366193933704,34.97073152388904],[111.40335792547138,34.97056178020029],[111.40310126868508,34.97028679836101],[111.40277988345636,34.9698281400794],[111.40242845151849,34.9693811623073],[111.40239773612285,34.96938022118978],[111.4023669399997,34.969379118083495],[111.4014757037164,34.969347204113696],[111.40008345821845,34.969588422848325],[111.3995086308397,34.97016719506191],[111.39951295359528,34.97077787048754],[111.39976405467307,34.971184925902755],[111.40024386286218,34.97147405048314],[111.40107272140722,34.971903971064165],[111.40211946797211,34.97252472858039],[111.40301053707384,34.97321810858988],[111.40352893898738,34.97383609820194],[111.40373094986391,34.97426039567849],[111.4037556101188,34.97431219619402],[111.40378066762914,34.974364830060544],[111.4038695599182,34.97490762100746],[111.40382251635744,34.97550494492639],[111.40376194701876,34.975687785622924],[111.40371442607926,34.9758312349928],[111.40363568386284,34.97606893088246],[111.40348055303738,34.97653816545607],[111.40328227876556,34.97700078274954],[111.40293244208218,34.97734699113163],[111.4026631104749,34.977613518263894],[111.40244523044453,34.97779449475288],[111.40205026098256,34.97812257288279],[111.40195496585481,34.97826061908652],[111.40183821195197,34.97842974997612],[111.40160311763272,34.97892629519663],[111.4012060605734,34.979617173443536],[111.40081907713841,34.98026969857139],[111.40047990391231,34.98090178281726],[111.4003069384747,34.9813288936686],[111.40027429912891,34.98140948807189],[111.40024226960197,34.9818602865592],[111.40035642251318,34.98253369787522],[111.40039375785875,34.98345749573087],[111.40019956154292,34.98434599895572],[111.4001955935607,34.98435342226439],[111.40004164484364,34.98464142685688],[111.39984479765302,34.98500968069988],[111.39934988712555,34.98557468973406],[111.39923226659681,34.98571065010806],[111.39905490168616,34.98591566751427],[111.39885654283685,34.986144943906275],[111.39884547071217,34.986157741987654],[111.39881959983951,34.98619473028537],[111.39856741817057,34.986555261362284],[111.39845401670753,34.98688688995332],[111.39823504704245,34.987329285317834],[111.39783256192284,34.98775875745011],[111.39722759628174,34.988076215033715],[111.39661370427278,34.98838920629539],[111.3962272125741,34.98887497045735],[111.39617991416269,34.988943839530755],[111.39589682795238,34.98935603091771],[111.39550522386098,34.98959161673321],[111.39535826525811,34.989680023857034],[111.39470899662551,34.99004493545331],[111.39446016809117,34.99054828105477],[111.39478233930252,34.99106553764033],[111.39525863992867,34.991458335114324],[111.39583691854124,34.99180692008862],[111.39592049042551,34.99185729777253],[111.39675742055631,34.99250582681161],[111.39684010912205,34.992651150592216],[111.39729111674916,34.99344378239276],[111.39716029326227,34.99442446502063],[111.3965114534687,34.995165732004445],[111.39562440356696,34.995635088415504],[111.39465284680173,34.995757670443126],[111.39365107427979,34.99557387548516],[111.39360397900053,34.995556011465645],[111.39278303835214,34.995244608086814],[111.39274987317815,34.99523202580093],[111.39190836568218,34.994630806479506],[111.39186825432965,34.99459297987484],[111.39100819019703,34.993781888776184],[111.39006377392676,34.99298043408265],[111.38899383179894,34.99226951908698],[111.38787590783082,34.99168944035764],[111.38696804664968,34.99151880870638],[111.38686215524203,34.99155743759516],[111.38649444579362,34.99169157365136],[111.38638220905638,34.991924880224474],[111.38637287070694,34.991944293167435],[111.38635546852043,34.99198046494507],[111.3863191831271,34.99241551220777],[111.3862667531349,34.99291370000771],[111.38622475283245,34.99344790335235],[111.38617321258113,34.99413762636774],[111.38626561203522,34.99515139167935],[111.38646497511537,34.99635185470643],[111.3864699034893,34.997399699529204],[111.38610726722061,34.998029581737576],[111.38556906334462,34.99830396236359],[111.38510246899153,34.9983730412543],[111.3844418721999,34.9983886520771],[111.38427666042264,34.99839147907689],[111.3834711439378,34.99840525286846],[111.38270061487032,34.9984313797691],[111.38266546018063,34.99843257223996],[111.38210584666486,34.99852221197332],[111.38155083022018,34.99871776628199],[111.38133510875497,34.99883069074881],[111.38099215027724,34.99901021944109],[111.38082084978855,34.99911728974695],[111.38069493409452,34.99919599268445],[111.38065684619119,34.999219799399896],[111.38041677016253,34.999369917291986],[111.38028568856,34.999451881850014],[111.3795643498727,34.999913919911556],[111.37923470715387,35.000126794398255],[111.37921493601712,35.0001448827926],[111.37917189670658,35.000165298206156],[111.37908034424866,35.00020614517944],[111.3789320896982,35.00027420948943],[111.37883538820135,35.00034256433761],[111.37880720808776,35.00036248346294],[111.37868749348802,35.00053186418225],[111.37836763648707,35.000949748217735],[111.37790725323647,35.00148301247513],[111.37760614129667,35.002110415137906],[111.37759364187926,35.00281803896077],[111.37761340076551,35.00298256249799],[111.37767479899318,35.00349382678576],[111.37758573156376,35.0039320329684],[111.37758038490496,35.00395834003694],[111.37723063869419,35.00413520477758],[111.3767113518557,35.004069210599845],[111.37622931078307,35.00391295934379],[111.37577344321261,35.00379042494904],[111.3751102665565,35.00370008590776],[111.37439760074672,35.00356708591903],[111.37379856214997,35.00327597390587],[111.37340873118312,35.00299556928394],[111.3730841808952,35.00276211918319],[111.3726868350857,35.00257195407487],[111.37223266384882,35.002354591616715],[111.37115533466388,35.00227452652415],[111.36952115703794,35.00229979029974],[111.36832116174655,35.001878874341635],[111.36815174172618,35.00181944581068],[111.36777520281971,35.0009079304819],[111.36777545835713,35.00090579434578],[111.36786761393661,35.00013696774958],[111.36786473421235,35.000105427378266],[111.36783801422183,34.999956764906266],[111.36775134977505,34.999594160999756],[111.3675944995003,34.99915289905006],[111.36735988721259,34.99843474195091],[111.36711883698364,34.99749802695137],[111.36698183679309,34.9968697231497],[111.36690560063401,34.99635390950001],[111.3668035299263,34.995890350063874],[111.36673651237963,34.99558598150479],[111.36660238436691,34.99527293519185],[111.36641829110384,34.99484329486856],[111.36578444575728,34.99409705176852],[111.36486014257221,34.9932998411372],[111.36468991165239,34.99320046368754],[111.36387316538445,34.992723649749706],[111.36375163705506,34.99268736028133],[111.36340418210379,34.99258360476686],[111.36322816810532,34.99266329775369],[111.36292461907225,34.992598531119015],[111.36255687732375,34.992455144323955],[111.36209383795423,34.99241712155826],[111.36158355188678,34.992523722395084],[111.36126513814425,34.99270856050818],[111.36086668984083,34.992841093459795],[111.36027595834206,34.99280344325109],[111.35946090874586,34.99256943213952],[111.35888597303398,34.99249232282532],[111.35853425900602,34.9923620122284],[111.35824638716983,34.992231514041144],[111.35800720477262,34.99228475733162],[111.35767305370715,34.99252217110823],[111.35722757156309,34.99285185760934],[111.35678219984065,34.99320781191792],[111.35611354421596,34.99360382439913],[111.35566799313064,34.99392037227535],[111.35515723524887,34.993921867522666],[111.35474167310346,34.993791730931044],[111.35448499144282,34.993490378278246],[111.35413282518655,34.99325497445672],[111.35351062766688,34.99332246311779],[111.3530008819327,34.99356037792531],[111.35226841339612,34.9939696878827],[111.35167964713055,34.994391713015354],[111.35134631114056,34.994826133012374],[111.35099801965991,34.99549702684691],[111.35084031197688,34.9959440696732],[111.35081012317563,34.99635134280153],[111.35085968983398,34.99674524422872],[111.35068657654006,34.997323688218145],[111.35064065091926,34.99778354348943],[111.35078537633241,34.99803268899881],[111.35073939485898,34.99847940953648],[111.3506775057172,34.998939310856066],[111.3505667813212,34.9991760629487],[111.3502812477654,34.99959720502408],[111.35029855565182,34.99991239300124],[111.35012397611702,35.00014932890347],[111.35001285587637,35.0002941311632],[111.34982275838783,35.000636189455875],[111.34963327830101,35.001122727461436],[111.3495066938147,35.001385793042765],[111.34950792260271,35.00167475849816],[111.34942944509937,35.00199022224305],[111.34931826536727,35.00212189454274],[111.34908044190111,35.00250349082651],[111.34882687524721,35.0029376749515],[111.34865200757213,35.003108929724725],[111.34844621452042,35.00351670606361],[111.3482718402953,35.00380617267542],[111.34804985686675,35.00416145348481],[111.34768398355884,35.004464606624765],[111.3473501385496,35.00479393674323],[111.34707998547032,35.00508367833913],[111.34672967666026,35.00529483911623],[111.34629949361496,35.005493090108445],[111.34562979599448,35.00567888873079],[111.34534278507992,35.0057585157038],[111.34494358488148,35.00573338193648],[111.34452836967505,35.00569515654441],[111.34427250871126,35.00559080264931],[111.34396904180011,35.00555225835248],[111.3435694003966,35.00542204237798],[111.34299444045446,35.005357990420784],[111.34259562506908,35.00542479460973],[111.34226159812208,35.00571470215989],[111.34199136387784,35.00599130051567],[111.34191291254287,35.00631989677144],[111.34177055027936,35.00663553535512],[111.34161304337519,35.007148240244625],[111.34158362856135,35.00775252943864],[111.34145793717826,35.00823887838833],[111.3412848420704,35.00884357240787],[111.3412232744895,35.009395411415944],[111.34111338141724,35.00984231090309],[111.34092338850523,35.01022375647263],[111.34071748499714,35.01061838304853],[111.340463197297,35.01089493307775],[111.34011366005639,35.01130309445488],[111.3397168782767,35.01186900710776],[111.33930353288446,35.012290484043966],[111.33901806008079,35.01275100431417],[111.33865243899372,35.01313293752273],[111.33838179073197,35.013317582098864],[111.33791891204966,35.01334514048023],[111.33740824387544,35.01339910236466],[111.33700949694514,35.01349215414735],[111.33648324208913,35.01363809758401],[111.33605218458653,35.01363929272841],[111.3355734455316,35.013693158492096],[111.33514334779962,35.013930774200425],[111.33493655049746,35.01411523567638],[111.33466616141688,35.014365544612296],[111.33442758869252,35.01458949828045],[111.33418997973023,35.01504987432892],[111.3339993030071,35.01527369344877],[111.33390393701526,35.01537903554556],[111.33379378284704,35.015773386723325],[111.3337001234192,35.01629904000699],[111.33370135063846,35.01660113902692],[111.33362264294749,35.01687719169675],[111.33368783724974,35.0172053854309],[111.33376883992598,35.01749412839846],[111.33378662259264,35.017940668721835],[111.3338523043877,35.0183870781611],[111.3339173929595,35.01868900048732],[111.33398286354758,35.01908286740626],[111.33414401823958,35.01945020208254],[111.33470417685453,35.01977702956667],[111.33496028005659,35.01993394378724],[111.33531223654587,35.02010372480507],[111.33548856515837,35.02027399040967],[111.33560103027501,35.020444436872744],[111.33579337700512,35.02062779346492],[111.33579482692834,35.02098243185853],[111.33582788545722,35.02125817285239],[111.3358929376089,35.021546961918354],[111.33571826979394,35.02178387225338],[111.33559150310708,35.02202065348866],[111.33541769391647,35.022467720149514],[111.3352908158711,35.02267822898671],[111.33503700864541,35.02308611335827],[111.33492657987429,35.02341479257865],[111.33486421182229,35.023782739967714],[111.3350739252275,35.024307559754455],[111.33539455880856,35.02462191085904],[111.33555546470211,35.024923567118826],[111.33582835971129,35.02527745801168],[111.33598921475328,35.02556597806808],[111.33608604121741,35.02581527255785],[111.33629501681845,35.026156203611315],[111.33653555564453,35.02640509937768],[111.3367286165396,35.02675920679569],[111.33695378154479,35.02715262921322],[111.33713072200847,35.027467375329486],[111.3376276704029,35.02793885001871],[111.33794800254077,35.02817438513594],[111.33846022179725,35.02847506205914],[111.3388288936492,35.028815539433396],[111.33903724078145,35.02899884587722],[111.33932602172021,35.02932641276316],[111.3396781916638,35.02953558456571],[111.33996626893594,35.029692398348985],[111.34017456202623,35.029862567234204],[111.3405267375216,35.03007173742841],[111.34081520103798,35.030320490887256],[111.34132761233556,35.030660556727206],[111.34172780201042,35.03089585975388],[111.34193583376572,35.03100035313896],[111.34215994063402,35.0311310695611],[111.3425276511772,35.031235110676825],[111.34299128963067,35.031365152796866],[111.34318290989364,35.0313646110267],[111.34350288878619,35.031508185884164],[111.34390275976139,35.03166467281656],[111.34409449518498,35.03169039799657],[111.3442220229709,35.03163749797109],[111.34494889726871,35.03153313704975],[111.34535759265496,35.03152680159879],[111.34555872128182,35.03150554069801],[111.3458480109092,35.03151506070546],[111.3461497455342,35.03149351204975],[111.34633838427374,35.03149297380069],[111.34674066146657,35.031455620438315],[111.34698571616144,35.03141354153196],[111.34720575144146,35.0314025679967],[111.34736277440757,35.03136074198155],[111.3475199515558,35.03135511987392],[111.34772099045098,35.03131316643169],[111.3478969653396,35.0312919737332],[111.34811704401811,35.031291342579735],[111.34853242095292,35.03137807649068],[111.3490921593975,35.03140232791896],[111.34949020546615,35.03128092908867],[111.34957100050205,35.03150399080181],[111.34976357661432,35.03172672941008],[111.34990785406366,35.03185766153414],[111.35019573692317,35.03196190952184],[111.35061170454537,35.032144597445786],[111.35112179232378,35.032124515511484],[111.35142334603619,35.03216266390739],[111.35171357171292,35.0321618230553],[111.35203987832037,35.03211496901945],[111.3522238613454,35.032068527303494],[111.35247959080448,35.03203410675205],[111.35268633571177,35.031836483959715],[111.35284500809702,35.031599592580946],[111.35309920661527,35.03129675263646],[111.35344977884417,35.0311249759414],[111.35378437907201,35.030953247503895],[111.35413506061454,35.03080774082721],[111.35467719235538,35.03062226839572],[111.35512271789115,35.030253189895745],[111.35537718698747,35.030016014793],[111.35595107719183,35.029791041940435],[111.35649370803989,35.02972377230304],[111.3571005036512,35.029721987279906],[111.3576916117549,35.02978592400768],[111.3580104045856,35.02965363223428],[111.3581865152447,35.029758190996915],[111.35836285348765,35.02991529075968],[111.35842775596782,35.03015152649197],[111.35850845719276,35.03034831198955],[111.35863700731139,35.03053182121618],[111.35876515513367,35.03062338515077],[111.35892553131923,35.03078052855088],[111.35914937708426,35.03084554297598],[111.35938930321855,35.03093677536557],[111.35969270267957,35.03093587642564],[111.36007594379643,35.03093473983918],[111.36036332163383,35.0309207537617],[111.36077821180288,35.03085384334387],[111.36119315799121,35.030800070652326],[111.36160839616574,35.03081197059023],[111.3618965783392,35.03098186302164],[111.3620250200643,35.03113909752956],[111.3622493907881,35.03132231606893],[111.36253717446886,35.03140026723974],[111.3628249543033,35.03147821683544],[111.36309624670486,35.03143800097156],[111.36333554057195,35.0313847428102],[111.36371832030983,35.03127851768753],[111.36395744082128,35.03118585712153],[111.36426037593944,35.03107986884069],[111.3644838767809,35.03106606293115],[111.36475534203862,35.03106524724594],[111.36510676475724,35.03109045910682],[111.36526644721103,35.0310899785547],[111.36574602774441,35.031206748134785],[111.36574702248353,35.03143003943985],[111.36600298563718,35.031534346078665],[111.36630656399016,35.03157283445308],[111.36699397592469,35.031741509816975],[111.3675375564658,35.03188434920611],[111.3680814289295,35.0320928574484],[111.36857781556431,35.03239345466015],[111.3688027342015,35.03269487158175],[111.36896430982448,35.033114696540565],[111.36893343593599,35.03335121851118],[111.36906213211726,35.03356098565793],[111.36954190866882,35.033717145710476],[111.37005380460583,35.03391260667896],[111.37024596231268,35.03403023544479],[111.37053388149559,35.03413443582929],[111.37085409532419,35.03431734197058],[111.3712062409562,35.03450015768874],[111.37147843060595,35.03465694038843],[111.37195988562047,35.03518086066765],[111.37208883275731,35.035443162889464],[111.37239409673242,35.03584940933284],[111.37258649124043,35.03605875536957],[111.37258652732297,35.03605873723134],[111.37258656561364,35.03605872269183],[111.37258660720838,35.036058711747636],[111.37258664992352,35.03605870620826],[111.37258669265916,35.036058705175655],[111.37258673541523,35.036058708649854],[111.37258677928764,35.03605871662749],[111.3727146614295,35.03609754616654],[111.37309801909252,35.03606933228072],[111.37338828604902,35.03603463798459],[111.37373621919916,35.03602905816397],[111.37418330181774,35.03598711857613],[111.37442303624648,35.03598637815571],[111.37477261299186,35.03597456361809],[111.37518936228787,35.03595922424597],[111.37601952280804,35.03595665361083],[111.37621209160734,35.035974085039186],[111.37643479131634,35.03599367611845],[111.37643482640958,35.0359936814178],[111.3764348571234,35.03599368763212],[111.37643488785373,35.03599369745187],[111.37643492519248,35.035993714462094],[111.37643495155996,35.03599372880223],[111.37643497684806,35.03599374675121],[111.37643499885263,35.03599376561175],[111.37643501976959,35.0359937862784],[111.37649974954459,35.03607243742061],[111.3766310102367,35.036173413618215],[111.37673961652736,35.03625645601957],[111.37673963854034,35.036256476682766],[111.37686832208499,35.036386777723514],[111.37691785129226,35.036433942270826],[111.37707667874209,35.036584345570496],[111.3774122640676,35.03660807822634],[111.37795469782381,35.03660638983296],[111.3782914864681,35.036567035642186],[111.37840170086604,35.03655317141478],[111.37840173482635,35.03655316860477],[111.37889693943174,35.036551622375825],[111.37898525056895,35.036544587198144],[111.37942347118515,35.03650941536669],[111.37964746994577,35.03650871472423],[111.37964751270236,35.03650871819594],[111.37964755438388,35.036508726177864],[111.3796475938903,35.03650873777208],[111.38030496604416,35.036765825219184],[111.38057829136304,35.03686295179625],[111.38083117734774,35.03695345733793],[111.38131130280736,35.0370961688506],[111.38131133793905,35.03709618226077],[111.38141225376988,35.03714319157483],[111.38166349865364,35.0372640812416],[111.38193519497942,35.037369124806226],[111.38279857325603,35.03758949249656],[111.38292549736177,35.037631910732976],[111.3831985344573,35.037721187652416],[111.38319857839052,35.0377212082452],[111.38340189622869,35.03784000663127],[111.38348636951173,35.037889310575196],[111.38375892215147,35.03803264386812],[111.38404002165001,35.03809934649084],[111.38436644016754,35.038177186465624],[111.38476363192973,35.038302124022465],[111.38510180168267,35.03840920938157],[111.38535753310117,35.0384624779041],[111.38535757809738,35.03846249128176],[111.38535761653922,35.03846250918708],[111.3856783789391,35.03864403653675],[111.385806066881,35.0387359138333],[111.38612511274613,35.03861782172376],[111.38625515119267,35.038461987190914],[111.38626740607144,35.0384461759942],[111.38626742678788,35.03844615339398],[111.38626745625471,35.03844612716043],[111.38626748902627,35.038446104521825],[111.3862675163564,35.0384460900129],[111.38626754479093,35.03844607730319],[111.3862675841889,35.03844606545994],[111.38655496199848,35.03837979818787],[111.38704962054683,35.038258789673],[111.38704965558642,35.03825878325164],[111.38704969283062,35.03825877952735],[111.38756061254348,35.03824362811635],[111.38756064980892,35.038243628898684],[111.38756068819156,35.038243634184326],[111.38783217665032,35.038296847158314],[111.38803973788028,35.03832095952088],[111.38834267261089,35.03822987310775],[111.38864565563274,35.03815005381916],[111.38883658594081,35.03797822134579],[111.38883661871148,35.03797819870649],[111.38904358687654,35.03785810636817],[111.38913917481037,35.03779244686595],[111.38913921416489,35.03779242600822],[111.38913925245338,35.0377924114635],[111.389139294051,35.03779240141502],[111.38913934114527,35.03779239495438],[111.38944272705984,35.03777790012795],[111.39040094749352,35.03777481994989],[111.3906719285523,35.03773565033358],[111.39079963063931,35.037683465273],[111.39083630146878,35.03762708630698],[111.39087847616938,35.03756384278781],[111.39087850341255,35.03756381025071],[111.39111713092598,35.03733998811076],[111.39127475614751,35.03693166555932],[111.39133827110656,35.03674893134761],[111.39133828520713,35.03674890065553],[111.39133830478285,35.03674886904441],[111.39133832985526,35.036748841021065],[111.39133835931986,35.03674881478628],[111.39133839208932,35.03674879214633],[111.39133842925956,35.03674877309766],[111.3913384675472,35.036748758552235],[111.39133850257292,35.03674874942556],[111.3915458565773,35.0367075161076],[111.39154589490786,35.036707510575695],[111.39154593764353,35.036707509536406],[111.39154598040066,35.036707513003925],[111.39154602208343,35.036707520981764],[111.39154606268747,35.036707532568556],[111.39154610002964,35.0367075495741],[111.39154613079641,35.03670756660086],[111.39180241915156,35.036877994352274],[111.39202618325199,35.03699665095245],[111.39221788026735,35.036996032358346],[111.39221791644496,35.03699603494551],[111.39240976698474,35.03702019513373],[111.39247131680611,35.03701099047074],[111.39258492347174,35.03699485077044],[111.39292015869914,35.036914898438624],[111.39307963479014,35.03688733809157],[111.39307966874142,35.03688733347474],[111.39307971147713,35.03688733243493],[111.39307975423444,35.03688733590189],[111.39307979591743,35.036887343879194],[111.39307983652178,35.036887355465474],[111.39307987386434,35.036887372470545],[111.39307990023497,35.03688738680704],[111.39307992552695,35.03688740475253],[111.39307994753555,35.036887423610004],[111.3930799684569,35.03688744427376],[111.39307999051302,35.03688747304617],[111.39316071542703,35.037017845357695],[111.3933439522872,35.03710510628992],[111.3933439896688,35.037105131407124],[111.39334401938338,35.037105157450554],[111.39345623459634,35.03722719435258],[111.39366903963023,35.03746240902504],[111.3937957390931,35.037601709430405],[111.39384970435334,35.03765966546585],[111.39384995425078,35.03765967096431],[111.39423079487462,35.03767813004093],[111.39445842717805,35.03767739023952],[111.39465404875746,35.03768466546025],[111.39465408274796,35.03768466895519],[111.39483055728165,35.0377131000386],[111.39493961593348,35.03772329475403],[111.39493965870864,35.03772330182574],[111.39493969163362,35.03772331163366],[111.39509705458117,35.03777817412678],[111.39524472791305,35.037825147635715],[111.39537618686292,35.03784316679682],[111.39550429342277,35.037829571258804],[111.39567076670893,35.0377894871978],[111.39581472236047,35.03772837888866],[111.39599391332557,35.03765395575172],[111.3961667569491,35.0375900973063],[111.39637166065222,35.03752877580581],[111.39652528213334,35.037475540097795],[111.3967108938872,35.037401093117246],[111.39671093985422,35.037401080347784],[111.39671098476016,35.037401074792726],[111.397027350128,35.037388854023874],[111.39702739397727,35.0373888565845],[111.39749258814375,35.03745776392103],[111.39749262105148,35.03745777012283],[111.39749265397666,35.037457779930044],[111.3977499674826,35.03754748298294],[111.39804393801587,35.03762700865064],[111.39831350933227,35.03771667930368],[111.39831354007458,35.037716690920576],[111.39831357193465,35.03771670704066],[111.39853440357561,35.03784678247206],[111.39873065484902,35.03796683661639],[111.39892616841674,35.037996322275454],[111.39899859474927,35.03781520795524],[111.39904689015033,35.037684252185464],[111.3990469009911,35.037684227812825],[111.3991075222395,35.037573360882455],[111.39916800634072,35.03743229756256],[111.39925295949567,35.03729114107973],[111.39925297472871,35.037291118495354],[111.39942320334798,35.037079273423366],[111.39962986487161,35.03681702517103],[111.39975090514815,35.036555058668945],[111.39989628179524,35.036262790684084],[111.40002981955745,35.03605104582361],[111.40002984024751,35.03605101871428],[111.40002986751288,35.03605099158327],[111.40021262468213,35.0358994634509],[111.40021264979956,35.03589944534063],[111.4002126836709,35.0358994244974],[111.40021271757301,35.03589940996366],[111.40045694837522,35.03580804527989],[111.40072574242403,35.035736722085545],[111.40072578074471,35.035736714748026],[111.40100700426072,35.03570559878249],[111.40138614442586,35.03568422210549],[111.40176547040163,35.03570308982375],[111.40176551755101,35.03570309507586],[111.4017655625439,35.03570310754608],[111.40235388213223,35.03593257691898],[111.4029914140728,35.03622224295998],[111.40299144703795,35.0362222608779],[111.40337185479764,35.03646247490208],[111.40337188559776,35.03646249823533],[111.40337191643333,35.03646252877942],[111.40374117508897,35.03692412549119],[111.40443046517393,35.037787100306176],[111.40489839071235,35.03840934282179],[111.40489840947632,35.03840936980026],[111.40534326689553,35.03931340704105],[111.4056769108378,35.0399963965043],[111.40600833980906,35.040236716200035],[111.40627843763085,35.04043701763467],[111.40675659238069,35.040656746023465],[111.40711214450077,35.040816530944745],[111.40755343883609,35.040996151715895],[111.40797029597076,35.0411859042119],[111.40834999433243,35.04128523055673],[111.40877864195285,35.04139444287506],[111.40910871195956,35.04136315343957],[111.40947542540115,35.04131161547308],[111.4100129683231,35.04116894586739],[111.41059949610595,35.04103616920913],[111.41105135830382,35.04088372384518],[111.41105140209213,35.04088371378177],[111.41154045276595,35.04082168406391],[111.41154048672679,35.040821681244594],[111.41154053276567,35.04082168289119],[111.41190780412057,35.04087074473818],[111.41190784032308,35.04087075182623],[111.4119078710549,35.04087076073559],[111.41190790070434,35.04087077235275],[111.41190793806612,35.040870792056026],[111.4122761207176,35.04111099317456],[111.41264360631098,35.041230439986776],[111.41294922795824,35.04120928524029],[111.41357239071192,35.04106631115553],[111.41412244220386,35.04097388074189],[111.41412247287228,35.040973877031725],[111.41461164454664,35.04094202228666],[111.4148560718003,35.040911012556045],[111.41517319858741,35.04073892546202],[111.41550240460303,35.040526524797315],[111.41572178296681,35.040364795094575],[111.41572181901874,35.04036477243682],[111.41605131646646,35.04020265397194],[111.41650304121043,35.04001999383571],[111.41650308388795,35.04001998107003],[111.41695533527327,35.0399379300911],[111.4169553790924,35.03993792633503],[111.4174447210101,35.03993624375687],[111.41744476376994,35.039936247215245],[111.41744480545218,35.03993625428277],[111.41744484057713,35.03993626497836],[111.41787382036634,35.04009576927562],[111.4182659292547,35.04023525174983],[111.41948918189355,35.040231028727256],[111.42011329303051,35.04026911549607],[111.42011333360796,35.04026912076379],[111.42011337750553,35.040269132329605],[111.42048108004386,35.040408710155624],[111.42097085173,35.04049756069104],[111.42144861902534,35.040626697971234],[111.4219385129283,35.040735669931394],[111.42193854256057,35.04073567794067],[111.42193857221133,35.04073568955535],[111.42193861176735,35.04073570924791],[111.42220860109325,35.04090579940504],[111.42255181655302,35.04104544530819],[111.42287041823214,35.04115499818948],[111.42320106163751,35.04122427112159],[111.42353183466915,35.04131367026394],[111.42381356464107,35.04138311495708],[111.42381359867152,35.041383125654626],[111.4238136316246,35.04138313996142],[111.42413253687394,35.04154300916722],[111.42413256765853,35.04154302798834],[111.42413259956705,35.04154305221376],[111.42413262710569,35.04154307915857],[111.42413264697265,35.04154310613017],[111.42424363532622,35.04171376634899],[111.42424365081408,35.04171379423727],[111.42424366414731,35.04171382934402],[111.42430629053644,35.041995336756905],[111.42435636197942,35.04221648191097],[111.42447988604275,35.042467354107295],[111.4248585536545,35.04241576300058],[111.4251148978119,35.042314266945866],[111.42511493611002,35.04231425509389],[111.42511498318989,35.04231424591524],[111.42561630884494,35.04226218115344],[111.42561635048695,35.042262180106],[111.42561639654089,35.04226218445127],[111.42600831852467,35.04234130480951],[111.42600836023692,35.04234131728221],[111.42600839758867,35.04234133427707],[111.42600842396675,35.04234134860634],[111.42600844926757,35.042341366544875],[111.42618046395751,35.04248163103982],[111.42618049149715,35.04248165798414],[111.42618051357567,35.04248168855312],[111.42618053016031,35.042481716437294],[111.42632900664343,35.0428031627553],[111.42632901666173,35.04280319246525],[111.4263290245021,35.04280322488696],[111.42636776511223,35.043195484204304],[111.42641926002464,35.043688298581266],[111.42648277535304,35.04414079750483],[111.42664381132707,35.04453251582488],[111.42687683944101,35.044682486052494],[111.42724333823776,35.044620862020594],[111.42759723862919,35.04445865253648],[111.4275972670687,35.04445864161984],[111.42796366080601,35.04433661059375],[111.42836681400178,35.0442245097547],[111.42888017767898,35.04413213928748],[111.42888021163111,35.04413213466062],[111.42888025546601,35.04413213360429],[111.42888029822848,35.04413213705862],[111.42888034211518,35.04413214591716],[111.42923571936228,35.04424156997587],[111.42923575340401,35.0442415824746],[111.42923578967076,35.04424160127503],[111.42923581496343,35.04424161741016],[111.42923583916954,35.044241635351895],[111.42923586451408,35.044241661401905],[111.42954360788586,35.04460278255103],[111.42954362555392,35.044602807726775],[111.42954364214013,35.04460283561047],[111.42969210907386,35.04492421998437],[111.43015898284357,35.045314896841404],[111.43045352534202,35.04549494331955],[111.43045355174078,35.045494961253226],[111.43045357486098,35.04549498100129],[111.43061329954435,35.04564523198905],[111.43104119350387,35.045623598503624],[111.43133447452202,35.045572261658585],[111.4317616721413,35.045389654617026],[111.43218903069621,35.045227144201576],[111.43260436724783,35.0451049230304],[111.4326044099444,35.04510491386448],[111.43260444280548,35.04510491014183],[111.43302029481644,35.04508330451091],[111.43302032989327,35.045083305287086],[111.43343646383767,35.04511200527072],[111.43374253086195,35.04516120958942],[111.43414585590685,35.045109476101764],[111.43436543844597,35.04499803733905],[111.43465849820305,35.04488630161368],[111.43465854198097,35.04488628973906],[111.43465858469152,35.04488628327648],[111.43465861647073,35.044886282261245],[111.4349033016241,35.04488540541344],[111.43490334329118,35.04488540886956],[111.43549105371166,35.04497385306277],[111.43549108662518,35.044973859254206],[111.4354911195578,35.04497386905104],[111.43577304542373,35.045073474655574],[111.43606737914105,35.045203225417495],[111.43628823886782,35.04532317141754],[111.43628826525818,35.04532318754725],[111.43628828837015,35.0453232054915],[111.43647259851296,35.04547345946873],[111.43647262054337,35.04547348012093],[111.43647264038178,35.04547350078102],[111.43647265694652,35.045473524156975],[111.43647267132887,35.04547354934354],[111.43659635254357,35.04572464270431],[111.43659636366674,35.04572467331077],[111.43669621860347,35.04609659048854],[111.43678400251095,35.046498745927934],[111.43678400380368,35.04649878287936],[111.43676162493348,35.04689126568436],[111.43676161747241,35.04689130537139],[111.43676160883854,35.04689133064076],[111.43658046094704,35.047334656820276],[111.43647292580481,35.04781797115779],[111.43647291394018,35.04781800725516],[111.43624302946863,35.04830178039554],[111.4362430164407,35.04830180387793],[111.43601246898668,35.048654725649804],[111.43598998295484,35.04902700172457],[111.43602199151502,35.050445513223636],[111.43600153477963,35.05120010839512],[111.4362973731992,35.05162155601676],[111.43629738647692,35.05162157940454],[111.43629739757202,35.051621604602914],[111.43629740763338,35.05162164152278],[111.4363484896763,35.05202390905651],[111.4364610555823,35.0524862838236],[111.4367457193841,35.05309898094056],[111.43688233233611,35.053480791939506],[111.43716574641732,35.05386205760203],[111.43764584237329,35.05441366366718],[111.43828474152868,35.054914405094586],[111.43919457220835,35.05573613768505],[111.44006728678598,35.05647751405711],[111.44096553663952,35.05741997962681],[111.44168962262411,35.05782983460652],[111.44168964682726,35.05782985074298],[111.44235303059517,35.05832043178913],[111.44324971444667,35.058961071595554],[111.4438760476401,35.059391387150306],[111.44497954383216,35.059809905151],[111.44497957570502,35.059809920357296],[111.44569145180806,35.06020975651517],[111.4464893495569,35.06067968828453],[111.44686944451739,35.06083922465189],[111.44713841516092,35.06082817875213],[111.44743125586719,35.060686269670825],[111.4476999113208,35.06058466174554],[111.44801733477051,35.06045269361268],[111.44801737854486,35.06045267993052],[111.44842069040347,35.06036063493447],[111.44842072874103,35.06036062938457],[111.44894660281552,35.060308377252596],[111.44935016004092,35.060266638851],[111.44996142658137,35.060173828133436],[111.45040115439248,35.06004141535845],[111.4508404619444,35.059838596033494],[111.45102291640538,35.05964679054131],[111.45135173812878,35.05936385036106],[111.4517775526678,35.05891957510419],[111.45203324037007,35.058687205194836],[111.45203326875652,35.05868718435766],[111.45242342840379,35.058434195783086],[111.45277691941341,35.05819141738304],[111.45304492025882,35.05797914578647],[111.45338577181731,35.057665994558064],[111.45368963969953,35.057302677299745],[111.45393250954528,35.05696975443229],[111.45419974197625,35.05661661056203],[111.4544426710993,35.056293737554824],[111.45462498339664,35.05607169893921],[111.45462500519466,35.05607167632337],[111.45491721946556,35.05580897486722],[111.45491725441212,35.05580895130067],[111.4551855976727,35.055657023680126],[111.45544170266396,35.05550514411779],[111.45544173546304,35.05550512867144],[111.4554417737478,35.05550511410586],[111.45544180548575,35.055505104973044],[111.45590617438249,35.05540275026105],[111.45635810410555,35.05527026916497],[111.45716331780518,35.05485473737279],[111.45716335936768,35.05485472099157],[111.45716339329746,35.05485471185005],[111.45779890601831,35.054721517192476],[111.45858139823336,35.05461794771018],[111.4590947087843,35.05451539489109],[111.45953482625667,35.054453361348514],[111.45986471377765,35.054371624741634],[111.46019472774148,35.054310004334],[111.4605490761322,35.054228173975595],[111.46076894874791,35.054166977311645],[111.46106199534525,35.054065261606965],[111.46134263554082,35.05393341466308],[111.46158653449281,35.0537916350175],[111.46158656400674,35.05379162048335],[111.4619527808538,35.053639300967276],[111.46195282462216,35.053639287280134],[111.4619528651377,35.053639279914925],[111.46230747833965,35.05359768127486],[111.46266221647625,35.05358626694898],[111.46334646660482,35.05343274973014],[111.46388373854022,35.05324960855065],[111.46429856563137,35.05304680890127],[111.46464016882477,35.05287446332031],[111.46494511159642,35.05271232463842],[111.46533517653538,35.05245931384596],[111.46563973849132,35.05222673587163],[111.46596891958403,35.05202425471],[111.46628534880647,35.051731279502384],[111.46628537936368,35.051731255949434],[111.46628540776459,35.051731238714325],[111.4669197324263,35.051396773775465],[111.46691976632275,35.05139675922314],[111.46691979914364,35.05139674828044],[111.46729847139068,35.051294686145056],[111.46751795408511,35.05119330490967],[111.46755354239997,35.051002141353834],[111.46762402521112,35.05048875199595],[111.46762403054248,35.050488725835784],[111.46769606753678,35.050246961466236],[111.46779261807784,35.050015189709775],[111.46781645234505,35.04990444344471],[111.4678164609542,35.04990441546919],[111.46781647501284,35.04990438206444],[111.46781649022407,35.049904358570274],[111.4678165076377,35.049904336870355],[111.46781653487992,35.04990430882297],[111.46795048898697,35.04979311260711],[111.46795051299748,35.04979309448718],[111.46795053811431,35.04979307816572],[111.4679505665399,35.04979306543697],[111.4679506015367,35.04979305178148],[111.46828036546857,35.049691164412565],[111.46828040487524,35.049691155246805],[111.46859821125716,35.049639621095835],[111.46898924983373,35.04955762080555],[111.46898928268966,35.04955761617172],[111.4694170692038,35.04951573464375],[111.46957429602668,35.04921346521589],[111.46963350230241,35.048871200177636],[111.4696564709891,35.04860954031097],[111.46965330361085,35.04805620946909],[111.46960189175043,35.04762378978133],[111.4695633533229,35.04730202869576],[111.46936573358175,35.046970815771445],[111.4691803303684,35.046639521005694],[111.4690199722612,35.04640874321451],[111.46890896659794,35.046248220741845],[111.46874916693231,35.04610802141221],[111.46854045540074,35.045978038468775],[111.46833162308673,35.04582792992027],[111.46808609731619,35.04567796708621],[111.46790194674016,35.04556799594553],[111.46771761690867,35.04542783574793],[111.4677175926682,35.0454278133072],[111.46739761436909,35.04509701818949],[111.46726217635513,35.044946613274924],[111.46726215646812,35.04494658540914],[111.46726213986908,35.04494655753073],[111.46718782128399,35.04478586598476],[111.46707651296732,35.044575002514804],[111.46703922778411,35.04447450396539],[111.46703921990185,35.044474467039706],[111.46703921755596,35.04447444000774],[111.46703921959917,35.04447441386023],[111.46703922599043,35.044474381386436],[111.46708724665697,35.04431320794718],[111.4670872574578,35.044313179963225],[111.46708727481403,35.04431314834858],[111.46708729438274,35.044313120330884],[111.4671845391857,35.04420206621055],[111.46718456207309,35.04420204358826],[111.46735504368459,35.04406051873005],[111.46781790089283,35.04370659891214],[111.46840194256339,35.04315098663528],[111.46894973791616,35.04267599827183],[111.46953330302506,35.042039895709344],[111.47004402119329,35.04150469843973],[111.47039508596586,35.04085943561955],[111.47079565893688,35.04031457490915],[111.47104995366969,35.039860833969],[111.47137772005823,35.039416840178504],[111.47137774947727,35.0394168103191],[111.47137777347363,35.0394167903958],[111.4716336002942,35.039234709791124],[111.4718281418275,35.03903275657656],[111.47198606758836,35.03884098220975],[111.47198609592661,35.0388409550585],[111.47221747413367,35.038658952996144],[111.4724242650066,35.038456931314876],[111.47263111823995,35.038264963787185],[111.47281357553477,35.038083143019186],[111.47304496940968,35.03790112398795],[111.47323988397252,35.03775950366287],[111.47323990908464,35.03775948734032],[111.47323993639895,35.037759472811906],[111.47358153388312,35.03759715402382],[111.47391107738581,35.03746506454085],[111.47433848192617,35.03733259163912],[111.47433851256427,35.037332583407036],[111.47475387364354,35.037250483967895],[111.47503391941657,35.03703816330616],[111.47520416845678,35.03686647213267],[111.4753500775067,35.03671498738254],[111.47552022498922,35.03652315690884],[111.4757999257333,35.036240358809664],[111.47590907017084,35.036078971798574],[111.47590908865962,35.03607894738913],[111.47590911589974,35.03607892024128],[111.47590914753903,35.03607889578026],[111.47590918139097,35.036078874916036],[111.4759092152795,35.03607886036124],[111.47637307437903,35.03590599126456],[111.47637311815117,35.03590598027631],[111.4763731542836,35.035905974726255],[111.47673992662216,35.03587435195006],[111.47692307843954,35.03583340778987],[111.47719102918032,35.035641228372],[111.47719105538687,35.035641212044325],[111.47747152885985,35.03548918554761],[111.4777642908041,35.03534717198369],[111.47776432031903,35.03534715924834],[111.47776435094556,35.035347149212704],[111.47809411956902,35.035255294454906],[111.47839961085694,35.035203785985296],[111.47870472022676,35.03509192719848],[111.47914384593822,35.034878910763595],[111.47940019849946,35.0347873432433],[111.47966852846798,35.03466557979854],[111.4798143970487,35.034514122284165],[111.47981441884988,35.03451410236788],[111.4800457456272,35.03433210359936],[111.480215729014,35.03412018290989],[111.480361120396,35.033888260640964],[111.48039563445595,35.03351590787661],[111.48039564084111,35.03351587540212],[111.48039565162019,35.03351584471292],[111.48062511664466,35.033011866555704],[111.48062512965745,35.033011843068614],[111.48081907773802,35.0327092301171],[111.48081909730459,35.03270920299853],[111.48081912671778,35.03270917313685],[111.48105054770652,35.03253720067275],[111.48105057717767,35.03253718072583],[111.48144076328397,35.03232434456527],[111.4818187136114,35.032111556636956],[111.48181875185936,35.03211153845773],[111.4822947943372,35.031938602883784],[111.4822948315315,35.03193859191955],[111.48280792261502,35.031825875280596],[111.48358981111787,35.03166178112317],[111.48415189371686,35.03155892462483],[111.48473866993022,35.03149621205204],[111.4851176228328,35.03145445159514],[111.48511765460606,35.031454450566756],[111.48565585841176,35.03145229773703],[111.48565590116976,35.031452301171385],[111.48565593517728,35.03145230734484],[111.48608464824453,35.03155120503229],[111.48608467788486,35.03155121392723],[111.48634208941374,35.03164073751367],[111.48634212017664,35.03164075091088],[111.48666106874435,35.03180043569022],[111.48710204899993,35.031919379258696],[111.48755469864956,35.031937682620786],[111.48755473264136,35.03193768608967],[111.48755477432528,35.03193769313313],[111.4875548072587,35.03193770291585],[111.4878979448364,35.03205703486288],[111.48817914143754,35.03204584465432],[111.48852153837231,35.03203440652259],[111.48877803876191,35.03198308001068],[111.48910749662768,35.03185096589604],[111.48974242207058,35.03165723491976],[111.49029185756062,35.031494044588825],[111.49109677651293,35.031098412724674],[111.49182878837507,35.03078355505094],[111.49260869358633,35.030297463173156],[111.49341325624113,35.02984143479731],[111.4934132846504,35.02984142116129],[111.49341331744824,35.02984140840877],[111.49436599399088,35.029538434723285],[111.49436603119332,35.029538425558044],[111.49436607389094,35.02953841907453],[111.49436611662115,35.02953841799908],[111.49436615937849,35.02953842143037],[111.49436620106717,35.02953842937284],[111.4943662416872,35.0295384418265],[111.49436627904159,35.029538457898944],[111.49436631423153,35.029538478487034],[111.49436634615584,35.029538502693896],[111.49436637371328,35.029538529622656],[111.49436639690929,35.02953856017465],[111.49436641352517,35.02953858985209],[111.49443989620382,35.02970522192722],[111.49455700370702,35.0298955146315],[111.49473247144206,35.03014521277784],[111.49473248584488,35.030145238858765],[111.4948939526163,35.030478446034714],[111.49515711104901,35.03084701603263],[111.49515712987335,35.03084704840503],[111.49530403033005,35.03116839293802],[111.49550876400019,35.031465637429854],[111.4956693716207,35.03165576306354],[111.49566939039647,35.03165578732377],[111.49566940368773,35.03165581070502],[111.49566941479279,35.03165583499658],[111.49574320119527,35.03187019055116],[111.49581756419137,35.03217995249965],[111.49581756553759,35.03217999395704],[111.49579087675353,35.032561693138256],[111.49573591421006,35.033062734314676],[111.49573944348778,35.03364699133024],[111.49577009351717,35.03392112950133],[111.49577174988222,35.034195393326854],[111.49577174894968,35.03419542037166],[111.49577174149105,35.034195455555455],[111.49577172963814,35.03419548895444],[111.49577171230054,35.03419552147449],[111.49577168729203,35.03419555402587],[111.49561316419555,35.034351207849625],[111.49549834962649,35.03454244922054],[111.49534009900778,35.03474581541833],[111.49521089066349,35.03494898806987],[111.49521384066112,35.035437802490684],[111.49523006321424,35.03572391116271],[111.495245493355,35.03587884177176],[111.49530477076384,35.03609321068123],[111.4954079081467,35.03636704661045],[111.49548174344096,35.03659324499737],[111.49574400077222,35.03681867725275],[111.49609345677486,35.03706766118404],[111.49637035521671,35.03730501495583],[111.49666152975698,35.03750653261577],[111.4971859179806,35.03790982224391],[111.49718594332816,35.03790984557555],[111.49718596760714,35.03790987341842],[111.4973468086232,35.0381357663187],[111.49760934795412,35.03839701177119],[111.49760936891836,35.03839703512074],[111.49782865132842,35.0386942525221],[111.4980333662676,35.03897960422928],[111.4980333839936,35.03897963570434],[111.49812153422522,35.039170072286616],[111.49812154425254,35.03917009928643],[111.49821049225902,35.03949171100317],[111.49821049686702,35.03949174794025],[111.4982104959845,35.03949178309714],[111.49821048852645,35.039491818281036],[111.49821047667379,35.039491851680246],[111.49821045933608,35.03949188420061],[111.49821044303411,35.039491906801686],[111.4982104234389,35.03949192851492],[111.49821040163546,35.039491947533136],[111.49821037873062,35.03949196565451],[111.49821034925027,35.03949198380288],[111.49766552017786,35.039780651259214],[111.49742732787463,35.03996329919702],[111.49711638796076,35.04029768051314],[111.4966956966369,35.040753663838665],[111.49638476707788,35.041088022488104],[111.49622175401053,35.041527731005246],[111.49618731263345,35.0419215541217],[111.49618730299333,35.04192159111711],[111.49604220827975,35.04228560600042],[111.49604218877049,35.04228564213481],[111.4960421702918,35.04228566744859],[111.49565827629775,35.04274150656358],[111.49531064112051,35.04310635411318],[111.49531060730878,35.043106381292176],[111.495310572363,35.043106402166245],[111.4953105428535,35.043106415807195],[111.49481469464757,35.04330525941459],[111.4944853442119,35.043639683748516],[111.49448532022541,35.043639704577686],[111.49426537959505,35.04380716950351],[111.49386206464884,35.04409650968558],[111.49360549615794,35.04429439576029],[111.4932573155199,35.0445683702736],[111.49325729151114,35.04456838749716],[111.49292707620482,35.044766569725354],[111.49261545047814,35.044994961452524],[111.49261542099998,35.04499498050089],[111.49219332600414,35.045223818729426],[111.49166152471682,35.04555901234479],[111.4916647909214,35.0461039329901],[111.49181425028071,35.046466703568875],[111.4919458592561,35.04692043456519],[111.4920206642566,35.04711691903955],[111.49240960040724,35.04750895275883],[111.49294505473225,35.04776417208449],[111.49294508882828,35.04776419177598],[111.49294512075932,35.0477642159831],[111.49294515053622,35.047764246508514],[111.49316793027361,35.0480661979106],[111.4931679468658,35.04806622308138],[111.49316796129843,35.048066253669106],[111.49326156897246,35.0483232848845],[111.49356026485418,35.04900346036562],[111.49356027602069,35.04900349457205],[111.49365516380375,35.04947252389257],[111.49369390233471,35.04979034605148],[111.49378859371664,35.050229006325246],[111.49421495366258,35.050711757188665],[111.4945483973745,35.05104352730618],[111.49477100054622,35.05131517960241],[111.49491930919838,35.051481136855536],[111.49491932909093,35.05148116381532],[111.49491934459371,35.051481189891625],[111.49514303135356,35.05193451331852],[111.4954028133847,35.05226655997867],[111.49540283219783,35.05226658964686],[111.49558925873691,35.052644395713536],[111.49558926988843,35.052644427215725],[111.49558927777346,35.052644462336715],[111.49558927909281,35.052644499287254],[111.49555464680215,35.053008066233616],[111.49555464042157,35.05300809870877],[111.49555462854963,35.05300812940364],[111.4954273789396,35.05328121350147],[111.49542736375747,35.05328124060439],[111.49542734635594,35.05328126320957],[111.49542732785284,35.053281284917865],[111.4954272984105,35.05328131027629],[111.49542727330902,35.05328132840608],[111.4949869881732,35.053555686431416],[111.49498695320658,35.05355570460137],[111.49498691383378,35.053555719183834],[111.4949868744338,35.0535557292596],[111.49419590030632,35.05369523579962],[111.49419585209931,35.05369523960146],[111.49377236095259,35.053696964064045],[111.49307329311426,35.05380580064174],[111.49277874107341,35.05382214131155],[111.49242889570611,35.05382356190888],[111.49185844647383,35.05388644329363],[111.49115871999939,35.05388927921947],[111.49055134388061,35.05393716285016],[111.49009101861452,35.05393902430899],[111.48963106795097,35.054001446067005],[111.48907909497044,35.05407938453984],[111.48841639054388,35.05411233852245],[111.48801168285878,35.05417453081778],[111.48749674723581,35.05428259262694],[111.48685315880401,35.054436598297215],[111.48641157375377,35.05449894136788],[111.48593356124631,35.054576520297026],[111.48599191567956,35.055106015556596],[111.48599191695192,35.05510604529651],[111.48599191277567,35.05510608046646],[111.48599190311346,35.05510611475699],[111.48599188796526,35.055106148168164],[111.48599187276899,35.05510617346723],[111.48577270319728,35.05540988711923],[111.48551728197741,35.05580453625972],[111.48552059676092,35.056364719827606],[111.48548627691572,35.056788847967205],[111.48548627161637,35.056788878634784],[111.48537814811594,35.05718288644377],[111.4855634624231,35.05739403742474],[111.48556348230338,35.05739406258335],[111.48578660156333,35.05775656851109],[111.48604626281295,35.05807347902745],[111.48641649355447,35.0584050867509],[111.48669376648462,35.058585663369776],[111.48700798079437,35.05878124566452],[111.48700800611348,35.05878126359015],[111.48700802814942,35.05878128243031],[111.48700804909988,35.058781303077566],[111.48700807229622,35.05878133272943],[111.48700809002773,35.05878136510732],[111.48700810004318,35.058781390305306],[111.48700810677546,35.05878141641782],[111.48700811136891,35.058781451552555],[111.4870098198062,35.059069160833126],[111.48700981561953,35.0590691942004],[111.4869201659324,35.059478405356096],[111.48692015298153,35.0594784396599],[111.48692013563519,35.059478472178604],[111.48692011279722,35.05947850291664],[111.48651748842256,35.05990410805543],[111.4865174611675,35.05990413340294],[111.48651743496048,35.05990415063395],[111.48607709963713,35.06017846748317],[111.4856003007898,35.06051348861173],[111.48508718984215,35.06093951501246],[111.48508715927633,35.060939536767435],[111.48437140205007,35.06135122024301],[111.48416983061334,35.06151857528421],[111.48416980004174,35.061518596137596],[111.48336232407557,35.06199120141727],[111.48303275892225,35.06231045840573],[111.48279512001707,35.06259902047371],[111.48279699142498,35.062916879642714],[111.48287214057024,35.06317389714014],[111.48314982287805,35.063430140468874],[111.48344571664214,35.0636409440603],[111.48344574418637,35.06364096738597],[111.48366807980237,35.06386721728985],[111.48366809967303,35.06386724064606],[111.48366811515868,35.06386726401974],[111.48366812845717,35.063867288303506],[111.48366814070195,35.06386731980239],[111.48376227891771,35.0642152292211],[111.48376228348882,35.06421526075057],[111.48378329006144,35.0646542885057],[111.483821999409,35.06497212228642],[111.48382584135919,35.06562323066764],[111.48382583718684,35.065623266738775],[111.48382582966188,35.065623292006954],[111.48382582104065,35.06562331727949],[111.48382580259553,35.06562334980213],[111.48382578084569,35.065623379633855],[111.48382575359851,35.065623406783416],[111.48382572195032,35.06562343124646],[111.48382568699203,35.065623452117244],[111.4838256585635,35.06562346484971],[111.48382562902806,35.06562347578388],[111.48382559838039,35.06562348401839],[111.48382556772209,35.06562349045023],[111.48382552498356,35.065623493324786],[111.48340194965814,35.06562518217105],[111.48268390062704,35.06565832572557],[111.48168950740656,35.06567742168879],[111.48102651503827,35.06568005279128],[111.48047392913305,35.065667100979695],[111.47992125365043,35.065639005009515],[111.47940539044461,35.065595623538755],[111.47879855028,35.065734276835954],[111.47846801659381,35.06588696684453],[111.47811982491248,35.06617600441501],[111.47784507963448,35.06643450191826],[111.4774600786175,35.066738872362265],[111.4770198228747,35.067043459801766],[111.47652415652281,35.06731796674346],[111.47586357130014,35.06772936879421],[111.47507623008603,35.06851982440433],[111.47507619843931,35.06851984976643],[111.47465418663292,35.06879405783924],[111.47426900495503,35.06906812223623],[111.47395694852212,35.0692510567529],[111.47395691791377,35.069251072195684],[111.4735894764601,35.06940391656898],[111.47318589521066,35.06967803404442],[111.47285556423813,35.06987614205574],[111.4726179092116,35.07017987839193],[111.47230653731192,35.07048395452041],[111.4723065056584,35.07048397898048],[111.47181106079198,35.07080389445921],[111.47157251845988,35.07095623303474],[111.471205829575,35.07124535146292],[111.47078397666904,35.07154982129936],[111.47056410425061,35.07174751318038],[111.47056407586962,35.07174753492318],[111.47056404090533,35.071747555790175],[111.47056400481883,35.07174757215471],[111.47004935510833,35.07193127075263],[111.46964521013629,35.07209936127592],[111.46948071374892,35.07231192555352],[111.46948069195592,35.072311949073296],[111.46922422238161,35.07255522055926],[111.46889441641946,35.0728593511005],[111.46889438146974,35.072859374671026],[111.46849049583034,35.07308805983283],[111.4680502895964,35.073407735729155],[111.46805025462562,35.073407755694085],[111.46805021744663,35.073407772963435],[111.46805018352075,35.0734077839107],[111.46740648085455,35.073576833603674],[111.46740643484264,35.073576840090524],[111.46740640196158,35.07357684201998],[111.46740637015634,35.07357684033982],[111.46740633066105,35.07357683598522],[111.46696376335508,35.07348768526399],[111.46650262090219,35.073368323104894],[111.46600473647662,35.07326424415291],[111.46546981686099,35.07313001500956],[111.46475004716909,35.072875358774624],[111.46417808304001,35.072695851604614],[111.46375389009734,35.07259148582399],[111.46332977830062,35.07250225662814],[111.46294257426666,35.07242802526],[111.46246321540067,35.072323882630904],[111.46194864206716,35.072492346051156],[111.46167404076161,35.07278104080093],[111.46143583967006,35.07299390181219],[111.46127222893345,35.073373027052256],[111.4612722126552,35.07337305685913],[111.46127218979868,35.07337308669102],[111.46127216254143,35.073373113835565],[111.46127213197985,35.07337313828859],[111.46127209701247,35.07337315915293],[111.46127206639002,35.07337317278983],[111.46088624535412,35.073526017995675],[111.46064925937738,35.07395077504591],[111.46055938809384,35.074344775596465],[111.46055938056597,35.074344801764546],[111.46055936540391,35.07434483517254],[111.46055935018613,35.074344858665754],[111.46055933386691,35.0743448812618],[111.4605593066091,35.07434490840617],[111.46055928258984,35.07434492652463],[111.4605592574691,35.07434494374591],[111.46055923014546,35.074344959172834],[111.4601367067754,35.07454341239319],[111.46013666848265,35.07454342696026],[111.45973209233469,35.07465094703898],[111.45943837222966,35.074818599399165],[111.45943834271286,35.07481861483415],[111.45943830332344,35.074818629405165],[111.4594382693857,35.074818638547356],[111.45897830941637,35.07491123473923],[111.4589782721641,35.07491123938701],[111.45897823927724,35.07491124041283],[111.45849935712518,35.07491305177097],[111.45789144305176,35.074900205575545],[111.45726479371913,35.07482686081986],[111.45662004268505,35.0747990087453],[111.45571504920073,35.07495984014259],[111.45509423059484,35.075192316205914],[111.45472194393578,35.075372725018276],[111.45472190564665,35.07537274048501],[111.45413193012774,35.0755539445613],[111.4539308486911,35.07574644780121],[111.45393082577633,35.07574646771695],[111.45393080065375,35.07574648493685],[111.45360529509709,35.07595229678865],[111.45360525573102,35.0759523158645],[111.45321716911994,35.076094430688215],[111.45275147223802,35.07626239937259],[111.45225484472799,35.07644322868615],[111.45217786157849,35.07657124961586],[111.45214830780183,35.07685263626042],[111.45214829813789,35.076852673252304],[111.45214828731288,35.07685269853082],[111.45214827429004,35.07685272291614],[111.45214824924632,35.0768527545572],[111.45193167726936,35.07707095418028],[111.45193164998292,35.07707097681602],[111.45173020684192,35.07721239483127],[111.45173017733768,35.077212412968414],[111.45137341050506,35.07739276090731],[111.45137338097585,35.07739277453766],[111.45104738843055,35.07750906433058],[111.45067509210098,35.07768945625533],[111.45067506256164,35.07768946808281],[111.45067502206292,35.07768948085239],[111.45067499030594,35.077689488181285],[111.450270923491,35.07775492449982],[111.4502708917092,35.07775492732192],[111.45027085004462,35.077754927476605],[111.45002190519438,35.07774306387032],[111.45002185911434,35.07774305863313],[111.45002181739534,35.077743048872954],[111.45002177893592,35.07774303369252],[111.45002174925295,35.077743019380854],[111.4497252992601,35.0775778862034],[111.44972526514204,35.077577862894486],[111.44953773718369,35.07741236044196],[111.44916398357049,35.07728596091058],[111.44886966496888,35.07747875056978],[111.44862177867928,35.07765868469044],[111.4482807690475,35.07787732544409],[111.4480017949776,35.078057357880425],[111.44784704101342,35.07819856813118],[111.44767681745405,35.07835260488981],[111.44750750942576,35.07867281950333],[111.44747794109213,35.078954200524095],[111.44747793468566,35.078954232095406],[111.44747792171033,35.0789542654937],[111.44747790869067,35.078954290779876],[111.44724669981159,35.07933872470487],[111.44713956882897,35.079658772541904],[111.44713955582387,35.07965880053209],[111.44697012555909,35.07996631910945],[111.44675430596867,35.08032515523483],[111.44675428419647,35.08032518415863],[111.44675426457792,35.08032520586359],[111.4467542416552,35.080325224876646],[111.4467542088839,35.08032524753142],[111.44675417280355,35.08032526659294],[111.44675414325778,35.08032527751813],[111.44675411260572,35.08032528664467],[111.44675406659815,35.08032529492642],[111.4459677347651,35.08041088731856],[111.44539670056086,35.0804129868067],[111.44539666875826,35.08041298602215],[111.44495435937755,35.08036918463967],[111.44416224382488,35.080356946387305],[111.44416221201742,35.08035694470108],[111.44357236505331,35.080283391870424],[111.44357233432285,35.080283386574656],[111.44305592012813,35.08016413665688],[111.44305588937824,35.080164127755594],[111.44276060867459,35.080059213173904],[111.44207794640204,35.07984971851255],[111.44176445726893,35.07974493907245],[111.4415081010336,35.079987944330824],[111.44138204207187,35.08051827807917],[111.44136639605905,35.08103312916666],[111.44138717857989,35.08147212869604],[111.44149940440944,35.08178968198714],[111.4414994111778,35.08178971711562],[111.44153861830151,35.08222870536655],[111.44154270007424,35.08298580935614],[111.44154269587762,35.08298584452454],[111.44154268510681,35.08298588061823],[111.44134242110866,35.08342574143803],[111.44112391818364,35.08389590894098],[111.4410525227859,35.08432012055176],[111.44105251526548,35.08432014942269],[111.44088919088102,35.08477495484327],[111.44094729784815,35.08530463697103],[111.44104094467026,35.085591978589925],[111.44104095028882,35.085592003807626],[111.44104095262746,35.085592030839955],[111.44104193074914,35.08577373907227],[111.44104192979815,35.08577376611658],[111.4410419234081,35.08577380129291],[111.44104191042908,35.085773834690514],[111.44104189197216,35.08577386900937],[111.44080411298678,35.08609274025236],[111.44080408463168,35.08609276919901],[111.44010718094631,35.08667069544454],[111.4396856298944,35.087065896998496],[111.4392646310516,35.08756709787841],[111.43893499733065,35.08793169607982],[111.43856900415882,35.08838727669258],[111.4382577002406,35.088736670172004],[111.4378732791909,35.08919231525335],[111.43759865964572,35.089511278891706],[111.43737923446096,35.08981488643769],[111.43712384396797,35.09028518935252],[111.43679572711484,35.09093746807923],[111.43663177965374,35.09128633270424],[111.43663176116975,35.09128636251571],[111.43628415927736,35.091741874363976],[111.43584517030413,35.092333987756525],[111.4355159015721,35.09277428859613],[111.43525975629991,35.09310833414741],[111.43500352525318,35.0934272392994],[111.43476551193474,35.093700610343426],[111.43465692917918,35.094064323679206],[111.43465869765684,35.09439737097288],[111.43482721267651,35.09491152293294],[111.43503137418539,35.0951984606819],[111.4350313941122,35.09519849576345],[111.43525529082659,35.09572767320572],[111.43525530309124,35.09572771101884],[111.43525530652975,35.095727738948646],[111.43527525861485,35.09601536801273],[111.4352960961029,35.09646955713864],[111.4352960962514,35.09646958508028],[111.43522530298486,35.097014921461756],[111.43532039445846,35.0975748042275],[111.43532039576117,35.0975748429813],[111.43532039371149,35.09757487002947],[111.43523117506305,35.098120287794686],[111.4352143617277,35.09842316453067],[111.43523552145508,35.098937906586144],[111.43523753229005,35.0993164641846],[111.43520285917614,35.09972539946977],[111.43525997316439,35.10007339781294],[111.43540896387684,35.10037567642378],[111.43540897501197,35.10037570793138],[111.4354089817362,35.10037573494802],[111.43544711375867,35.100617835692695],[111.43557751969934,35.1008898951296],[111.43579130078797,35.10139911971191],[111.43579130971551,35.10139914852332],[111.43579131424164,35.10139917464649],[111.43579131657427,35.10139920077751],[111.43579131452465,35.101399227825674],[111.43579131027676,35.10139925398037],[111.43579130273378,35.101399279245534],[111.43579128756629,35.101399314453076],[111.43557529423823,35.101745346457726],[111.43540559010032,35.10201445657719],[111.43526753517781,35.102385758017114],[111.43526751889398,35.10238578962315],[111.43508233135337,35.10266772531631],[111.43499170307662,35.10317948086534],[111.43499169446041,35.10317951064111],[111.43474614971574,35.10381971825614],[111.43467032631514,35.10419079124665],[111.43459423291604,35.10451071030737],[111.43459559015254,35.104766407479794],[111.43461243666441,35.10500927505579],[111.43467643868667,35.1053415010325],[111.43467644107648,35.105341537979655],[111.43467643687588,35.10534157314772],[111.43467642718167,35.10534160653275],[111.43456893394293,35.1056105229378],[111.43456892201195,35.10561054821863],[111.43456890243199,35.105610578935014],[111.43415156955624,35.1061363396371],[111.43388874391647,35.10645695828514],[111.43388871773125,35.10645698451827],[111.43388869152213,35.106457006244675],[111.43360961496492,35.10664981748699],[111.433609575589,35.10664983835907],[111.43360953617965,35.10664985292178],[111.43360950003692,35.106649862966],[111.4332675442558,35.10671501532274],[111.43269290478858,35.106908851554465],[111.4322429846679,35.107153388956924],[111.43190169909525,35.10734639642209],[111.43168472801163,35.107500570556454],[111.43148417669532,35.10779512205439],[111.43202259459083,35.10809487123603],[111.43241020563991,35.10822974858662],[111.43290823558986,35.108333957409485],[111.43348001573031,35.10843791131072],[111.43348005637579,35.10843792288305],[111.43414476216007,35.10869295873794],[111.4344955471194,35.10882796666782],[111.43497507783997,35.10891709224912],[111.43497511408889,35.108917102034006],[111.43497514485833,35.1089171127399],[111.43545527775657,35.10911223760259],[111.43545531515045,35.109112256396784],[111.43589904432825,35.10939833831606],[111.43634192780941,35.10953299975741],[111.43700587545925,35.109651735380574],[111.43772478544767,35.10970970575852],[111.43825914241967,35.10970777604608],[111.43921773563119,35.10978001725227],[111.43921777185199,35.10978002162784],[111.43999255156574,35.1099437686058],[111.44058239048475,35.10998704849573],[111.44133774363273,35.109969159914996],[111.44212948354686,35.10986028425766],[111.44212952082574,35.10986028141761],[111.4426086237629,35.1098585331321],[111.44260866656022,35.10985853658128],[111.44260870828018,35.10985854363983],[111.4426087390412,35.109858552541084],[111.44260876871998,35.10985856415039],[111.44260879621476,35.10985857757037],[111.44260882262242,35.109858592797046],[111.4426088534663,35.10985861702108],[111.44260888214568,35.10985864666119],[111.44272018675169,35.109994530054244],[111.44272020666108,35.109994560627705],[111.4427202221976,35.10999459392119],[111.44272023337105,35.10999463173742],[111.44275839746406,35.110236766540666],[111.44281539778781,35.11055454837812],[111.44283554433188,35.110872440465414],[111.44296681186178,35.11129589285566],[111.44319063644353,35.11179475771747],[111.44343453790064,35.11259640840599],[111.44358572324143,35.11329236210811],[111.44371618121185,35.113564419067],[111.4437161923423,35.11356444877106],[111.44386672727266,35.11413927818879],[111.44410931349604,35.11469862013676],[111.4443144816015,35.1151521306487],[111.44448284233148,35.115620811277275],[111.44475979427978,35.11574087832732],[111.44509226055685,35.11589105174433],[111.44564537086958,35.11594958263233],[111.44616194672754,35.11605368016464],[111.44649407523418,35.11612817033356],[111.44704781533864,35.11629268934579],[111.447490659985,35.11639704858435],[111.44802599697792,35.1165616382531],[111.4486353463776,35.1167865074853],[111.4489490313482,35.11686105645432],[111.4489490720198,35.116861071626765],[111.44954019168017,35.11713140152174],[111.45031394934216,35.117128529515156],[111.45080940777638,35.116763351976346],[111.45080943400905,35.11676333475302],[111.4508094701044,35.11676331569028],[111.45136106485548,35.11653412839676],[111.45136110208736,35.11653411654048],[111.4518211370919,35.11641126488004],[111.45182117654241,35.116411257522145],[111.45182121930371,35.11641125375731],[111.45182126208988,35.11641125449921],[111.45182130490592,35.11641126064911],[111.45182134554796,35.11641127041254],[111.45182137632236,35.116411281114104],[111.45233854523066,35.116621348689975],[111.45267123586171,35.1168018003926],[111.45320661787879,35.116981492613704],[111.45320664756164,35.116981504220355],[111.45320668386118,35.116981522111764],[111.45366898708726,35.11726749671056],[111.45366901902916,35.11726752002628],[111.45392824428302,35.11749365440435],[111.45439015765656,35.117734124499044],[111.45477687359453,35.117702399479505],[111.45542178503214,35.11768483539865],[111.45542182124221,35.117684837065305],[111.45542185526834,35.117684840542886],[111.456399478246,35.117847726060475],[111.45706378711772,35.11801177467072],[111.45722951253987,35.11801114965913],[111.457450036519,35.11791950960842],[111.45779875087342,35.11767596716951],[111.4580550358355,35.117372176664276],[111.45805506749113,35.117372148602605],[111.45805509699316,35.11737212775993],[111.458569399558,35.11706733564502],[111.45856944004457,35.117067317464745],[111.45856946960699,35.117067307438],[111.45856950137846,35.117067300106946],[111.45856953864485,35.11706729455783],[111.45897480470492,35.117035476067215],[111.4589748496854,35.11703547679826],[111.45897489249721,35.1170354820443],[111.45897493314543,35.11703549270666],[111.45897497271692,35.11703550697852],[111.45897500902278,35.11703552576952],[111.45897504205799,35.11703554817835],[111.45897507181749,35.11703557330364],[111.45897509720935,35.1170356020509],[111.45897511823864,35.11703563532144],[111.4590870321428,35.11727745098485],[111.45951311431666,35.11768461412234],[111.46006812550375,35.1180761679962],[111.46034530781111,35.118211390746524],[111.46073367311728,35.11845219155989],[111.46073369735232,35.11845220949489],[111.46073372711287,35.118452234619724],[111.46073374808742,35.11845225797525],[111.46104552176784,35.11884671817128],[111.4615782668672,35.118132245480474],[111.46157828539377,35.118132223777394],[111.4620292078872,35.11767269546648],[111.46254418988143,35.11708516193622],[111.46254421279026,35.1170851393149],[111.46254424118389,35.11708511667266],[111.46329293541875,35.11658185433322],[111.46374476218953,35.11628200849642],[111.46374479500099,35.116281991245145],[111.46427471813753,35.116045728245744],[111.46427475426009,35.11604571458704],[111.46489581490081,35.11588362570263],[111.46560768392449,35.115742481214824],[111.4656077233888,35.11574247655646],[111.4661647239588,35.115719043067074],[111.46665624258773,35.11557875945218],[111.46694061057045,35.11547122595247],[111.46737873519096,35.11505435304514],[111.46779139365772,35.11471207570871],[111.46804855436784,35.114370424500315],[111.46826667720754,35.11399696325322],[111.46854861208689,35.11345289772934],[111.46877888990284,35.11294099428747],[111.46884170885086,35.11260012336026],[111.46877504362395,35.11227036934792],[111.46877504015775,35.11227033871521],[111.46877388264127,35.11206803373115],[111.46881110671504,35.111780404825794],[111.46881111311569,35.11178037325357],[111.46895119971187,35.11135394585195],[111.46895121596373,35.11135391063619],[111.46907969248936,35.11116175180266],[111.46907971209374,35.111161727390176],[111.46907973936081,35.11116170024397],[111.46926027494774,35.111011943285],[111.46941494413451,35.11087294746607],[111.4696596479661,35.11061647587481],[111.4698401322017,35.11045606330953],[111.46984015731593,35.11045604338235],[111.4700854263201,35.11029537934552],[111.47008545803097,35.11029536209679],[111.4703955933,35.11015575845961],[111.47111855246101,35.10970579335796],[111.4711185841714,35.10970577610896],[111.47176478402626,35.10942645014049],[111.47221678275642,35.10917984036576],[111.47271930634847,35.108709475585584],[111.47305304718913,35.108175890079245],[111.47325650700704,35.10751505484926],[111.47326613834491,35.10694012183755],[111.47327613775856,35.10642906561272],[111.47314357581115,35.1059079180784],[111.47302414437013,35.10541862175633],[111.47302413978502,35.10541858752263],[111.47302210879471,35.10506724186095],[111.47302211083729,35.10506721571361],[111.47302211506826,35.1050671886564],[111.47302212369684,35.10506716338472],[111.47302213451381,35.10506713720316],[111.47320148256004,35.10471508550489],[111.47320150212524,35.104715054782375],[111.47320152719,35.10471502674248],[111.47320155555558,35.104715000492384],[111.47367888756123,35.10436177921995],[111.4744277022444,35.103911681493535],[111.47499535883996,35.103504897108465],[111.47544645964487,35.10310923206633],[111.47570323874706,35.10271434237829],[111.47589495959157,35.102266438186184],[111.47589497696688,35.102266408373175],[111.47589499872399,35.10226637764161],[111.47589502161976,35.10226635411645],[111.47623011398694,35.10196692780761],[111.47650067643626,35.10171034335359],[111.47650069826116,35.1017103243393],[111.47650072884437,35.10171030258652],[111.47688804154093,35.101485215087926],[111.47722288968681,35.10115389694864],[111.47750513985963,35.10068436263059],[111.4778764591571,35.09993765427629],[111.47802842930386,35.09934084839121],[111.47821938795173,35.09876516685027],[111.47837173419838,35.09823221657249],[111.47837174934693,35.09823218135977],[111.47837176782245,35.09823215244341],[111.4789374649096,35.09749528073194],[111.47893748452363,35.097495259021855],[111.47923374518068,35.09720662633109],[111.47961981599771,35.09676857645863],[111.48028985402888,35.09615906392215],[111.48043122022122,35.095966869665816],[111.48043124855502,35.095966838907366],[111.48043127147946,35.095966820789364],[111.48043129660782,35.095966804465334],[111.48043133378377,35.09596678538951],[111.4804313720828,35.09596677081602],[111.48043140273684,35.09596676168097],[111.48043143451399,35.09596675704828],[111.4804314772632,35.095966753273444],[111.4809755620782,35.09596459617924],[111.48097560486971,35.095964599614945],[111.48097564548904,35.09596460666466],[111.48148165688399,35.09610100549721],[111.48202633728806,35.096205307051385],[111.48268780849541,35.096341085396126],[111.48325850365013,35.09646656610642],[111.48425618190295,35.09650517109352],[111.48483927989454,35.09654542187924],[111.4853303256627,35.09635184210365],[111.48600258957131,35.09612557103474],[111.48658386049512,35.09584642723712],[111.48658389003567,35.09584641540092],[111.48715273489653,35.09565248536865],[111.48756671014935,35.09555499260415],[111.48814887310441,35.09542488720428],[111.48814890487552,35.095424881668215],[111.48814894104403,35.09542487791717],[111.4891721038882,35.095388813811915],[111.4904542409883,35.09534104785665],[111.49110115349316,35.09521067087828],[111.49110119953143,35.09521066708636],[111.49110124340336,35.09521066781002],[111.49172349360701,35.09528267556469],[111.49172353313564,35.09528268351661],[111.49172357048718,35.09528269418142],[111.49230784747823,35.09550391047947],[111.49290523851226,35.09575699762439],[111.49350193680436,35.095903606326395],[111.4940588479181,35.09590133831541],[111.49471829951995,35.09570701894798],[111.49548171068011,35.09555483873486],[111.49548175671289,35.09555483403995],[111.49610353864827,35.09555229153498],[111.4966749483368,35.095517934166466],[111.49667103474091,35.09549920916908],[111.49676448027432,35.09524906554424],[111.49685811680975,35.09503013868073],[111.49695099517207,35.094686334431266],[111.4970446305988,35.09446741011697],[111.4971193662955,35.09426417292886],[111.49725079910813,35.094013870435234],[111.49741973721329,35.09368536715866],[111.49758952851204,35.093497350288494],[111.49764394271361,35.09307565289336],[111.49769797810195,35.09259151722556],[111.49781003244544,35.092278855639044],[111.49780775569991,35.09190422179089],[111.49763559631249,35.09170199849125],[111.49740608628281,35.091437565916166],[111.49740532801152,35.09131268944655],[111.49746078459536,35.09106270097287],[111.4977070108254,35.09095242159582],[111.49799102634898,35.09081076077087],[111.49831293553044,35.09065333834321],[111.4985398801575,35.09049630464104],[111.49893718007387,35.090244909522326],[111.49948554615072,35.08985239799278],[111.49973195532432,35.08977333230261],[111.4999968794567,35.089616137541014],[111.50043253439607,35.08942701916392],[111.50065899563693,35.08919193035855],[111.5009429055962,35.08903466054731],[111.50130287752044,35.08889267996019],[111.50158774089752,35.08889150195284],[111.50189198278572,35.08895268287027],[111.5021582396504,35.08901402393773],[111.50249997932094,35.088996998510325],[111.50289831264887,35.088917295821176],[111.50312591574566,35.088869517984875],[111.50340991459122,35.08872784906499],[111.50367358501836,35.088367723271055],[111.50393763171274,35.088070033328954],[111.50401205760359,35.08781996028152],[111.5039531653144,35.087508004213944],[111.50395191598322,35.08730507844825],[111.50415927948922,35.08705445273144],[111.50438601288914,35.08686618950713],[111.5046128391932,35.08669353519925],[111.50489663663346,35.08652064326992],[111.5053698572658,35.08626890823897],[111.50563534048186,35.086205360810744],[111.50599557547001,35.08611019800902],[111.50629874471235,35.08599966268597],[111.50650648372148,35.085811470295084],[111.50697930673981,35.08549729444023],[111.50739631935774,35.08537066973694],[111.5078898665909,35.08533738325438],[111.50830629589889,35.085117094989165],[111.50889469892861,35.085067797047856],[111.50919756820198,35.08491042476082],[111.50963385734082,35.08483054242275],[111.50980379544039,35.08467372721616],[111.51010685583668,35.08454756951403],[111.51040991859335,35.08442141284869],[111.51058014616845,35.08431142632654],[111.51086401997885,35.08415413076275],[111.5111290017708,35.08401251938844],[111.51141287568154,35.08385522344207],[111.5116774645729,35.08365117631106],[111.51205638540844,35.083509085704],[111.5121892147607,35.08349291501977],[111.5123202861852,35.0831957674544],[111.51241406287437,35.083008050859206],[111.51244960060723,35.0826176465799],[111.5123720816849,35.082368213903315],[111.51221850667801,35.082103491801995],[111.51217896886122,35.08185389493898],[111.51212122073532,35.08172925734172],[111.5119479774297,35.08135534526184],[111.51175672079592,35.08113761169771],[111.51171659785423,35.0807943568784],[111.51162008890843,35.08054500375828],[111.51144694898369,35.08018670287631],[111.51140731381426,35.079921496339566],[111.51140643711776,35.07978100967092],[111.51140419667433,35.07942198426371],[111.51140273555282,35.0791878397947],[111.5114003003671,35.07879759568791],[111.51145551354752,35.078516382060556],[111.5116636444835,35.07832404545006],[111.51192362002675,35.078144083440776],[111.51227061911368,35.0779637533137],[111.51250202809409,35.07785545433794],[111.51279152847742,35.07775883609504],[111.51303699185395,35.07757893306209],[111.5132387164741,35.077363444187526],[111.51335393244375,35.07723178889143],[111.51355565426768,35.07701629679255],[111.51359812384818,35.076849178833534],[111.51366915261661,35.07661038996713],[111.51369689096039,35.076407558490274],[111.51378272462757,35.07621640949306],[111.51386855676898,35.07602525502917],[111.5141281407301,35.07578566949735],[111.51431617578702,35.07570139910023],[111.51454750084451,35.0755811778966],[111.51502547285561,35.075471830469276],[111.51525739693746,35.07544699357004],[111.51580826551988,35.075396954678396],[111.51618530621226,35.07538342822289],[111.51660563166561,35.07533393945591],[111.51675029985928,35.07527370269585],[111.51705338864329,35.07503392374332],[111.51716822123599,35.074842646008484],[111.51719640398453,35.074711356348885],[111.51722405668647,35.07449660302396],[111.51719377066281,35.07429401816136],[111.51703234301209,35.07399659880548],[111.51682777858053,35.07375898620244],[111.51665252368129,35.073568942947794],[111.5165355180625,35.07341442543927],[111.51635936543308,35.07308129556241],[111.51619779306137,35.07276002654175],[111.51599338427566,35.072546259983135],[111.51589058158568,35.072343984111534],[111.51580138158747,35.07199855755564],[111.51566882285952,35.07167716436071],[111.51562328829304,35.07135540106125],[111.51557864965808,35.07117672938473],[111.51549050201655,35.070998237208485],[111.51546051938998,35.07084334867389],[111.51545811910417,35.070461781447676],[111.51538470401132,35.070319003357305],[111.51532594015609,35.07020000936247],[111.51532549042325,35.07012846397841],[111.51539605662005,35.06981813305922],[111.51543829508088,35.06961524117266],[111.51546632788813,35.06946010603881],[111.51550878543908,35.0692929836838],[111.51547820474724,35.06904270214178],[111.51541869097875,35.068804471242565],[111.51534497654588,35.06861399344198],[111.51531574570815,35.06857834623411],[111.51516973732208,35.068423950458076],[111.51513990613375,35.068292907530626],[111.5150364379568,35.06798331576095],[111.51503486494336,35.06773291176724],[111.51503389118339,35.06757789985174],[111.51503201858202,35.067279798893686],[111.51491494366913,35.06711335670023],[111.51482717632176,35.066994485512225],[111.5146658478673,35.0667089853325],[111.51459213823728,35.066518509676634],[111.5147651999096,35.06636276014279],[111.51492420765415,35.066278615564606],[111.51519931277141,35.06620590090695],[111.51547456513292,35.06615703411462],[111.51582233213102,35.066107857435775],[111.51603979873016,35.0660950092154],[111.51630085237284,35.06609389828302],[111.51673532996702,35.065996653439264],[111.51701021021388,35.065888163322775],[111.51753125691936,35.06571899926493],[111.51790749959063,35.06558622637503],[111.51816756864105,35.06543009955724],[111.51839946005911,35.0654052604832],[111.51893583218654,35.06536719276993],[111.51957395062612,35.06536446010625],[111.52022657140043,35.065361662787446],[111.52093705352569,35.065334767060264],[111.5215025033938,35.06530848451535],[111.52202535888101,35.06542548001569],[111.5222573987241,35.06542448113838],[111.52238342727559,35.06536737713161],[111.52246070687316,35.06521528124584],[111.52254051686155,35.065145656143],[111.52260231015522,35.06508270657655],[111.52273332895604,35.06500508105397],[111.52287706306454,35.0648017481576],[111.52293446612579,35.06470610515391],[111.52299171475211,35.06458661367792],[111.52306377082542,35.064514757442055],[111.52319383465309,35.0644426500655],[111.52356937687621,35.06420254482863],[111.52364097850173,35.06405914197558],[111.52385744686724,35.06389126890425],[111.5239440809728,35.063831270583634],[111.52424847884481,35.063806109835774],[111.52450952157115,35.0638049813147],[111.52461103647775,35.063804542301064],[111.52508520587288,35.06368633217996],[111.52534483327626,35.06350045692453],[111.52552895043841,35.063428726754125],[111.5256710977093,35.063381921460966],[111.52578716001014,35.06333523177931],[111.52591501654655,35.063250548057795],[111.526162984009,35.06312410237073],[111.52636100244935,35.0630457270971],[111.5265631158815,35.0629017570039],[111.52667775748249,35.062686623578855],[111.52685040601273,35.06247123359855],[111.52729920326675,35.06235003878425],[111.52784974674034,35.06226417551371],[111.52829923711069,35.06225029634912],[111.52866147904247,35.06220101988861],[111.52915454912522,35.06219886991528],[111.52935758028907,35.06219798403949],[111.52960488593389,35.06231614827433],[111.52977975993952,35.062446551574865],[111.52983792263237,35.06247014664013],[111.53025825241969,35.06243253486959],[111.53082329721425,35.0623465938193],[111.53117126999796,35.06233314372127],[111.53151916430781,35.06230777427415],[111.53176554437208,35.06228284620128],[111.53199758043975,35.06228182874608],[111.53259208726662,35.062267293060174],[111.53298349176178,35.06224172476001],[111.53344724781199,35.06219198882686],[111.53380949057444,35.06214269700229],[111.53424369705249,35.062009619351954],[111.53469255606481,35.061900322865014],[111.53514142263599,35.06179102558851],[111.53547411293604,35.06165838685808],[111.53576352640732,35.061561716988074],[111.53592180604389,35.06137022674496],[111.53603594666602,35.061083540337314],[111.53612155542984,35.060868521834635],[111.53613441670244,35.06061805431498],[111.53613316947188,35.060427272365985],[111.5361317663471,35.06021264199014],[111.53610159748462,35.0600339083522],[111.53614362069325,35.05980716012152],[111.53622891605457,35.05954444917294],[111.53629947236249,35.05924602919939],[111.53637104195678,35.05910262258268],[111.53652845744733,35.05877996924518],[111.53665616062435,35.058350128374656],[111.53668297927457,35.058016129295915],[111.53671073295203,35.05782521536136],[111.53673801943047,35.057562760631136],[111.53679415154741,35.05727632641755],[111.53686329909355,35.05676327556768],[111.53689152137945,35.056643906851576],[111.53688871047333,35.0562146458822],[111.53695903405836,35.05588045137595],[111.53702997508391,35.055641652389674],[111.53715611033545,35.05497333006754],[111.53722712814162,35.054746456513726],[111.5373546686871,35.054292762653105],[111.53742435731628,35.05386318128049],[111.53758237963154,35.05363591930961],[111.5378412796374,35.0533128133871],[111.53810095869547,35.05310894822367],[111.5384031206907,35.052749878639275],[111.5384306350574,35.05252319378356],[111.53842883391415,35.05224894165491],[111.5382966109746,35.051987190610085],[111.53822262565699,35.05176095971111],[111.53812018070641,35.05161832113421],[111.53793113085429,35.05153569162544],[111.53785745852852,35.051357149264945],[111.53789837822558,35.05096346734557],[111.53782439274822,35.05073723255171],[111.53782251668517,35.05045105743561],[111.53783638885727,35.050355600253916],[111.53783584167364,35.05027213382249],[111.53777674857797,35.05010545356167],[111.53764484165903,35.049891402190205],[111.53758559187091,35.04970087336824],[111.53746756185448,35.04939136459267],[111.53736489351199,35.04921295481922],[111.53730493989279,35.048915110920866],[111.53715799462361,35.04861765307712],[111.53702578064934,35.0483559031102],[111.53696481664782,35.04790304890562],[111.53699209393258,35.047640590146095],[111.53717551307405,35.04686469445234],[111.5372591526526,35.04635158199245],[111.53727263883512,35.04619650226105],[111.53719889485802,35.046006040909994],[111.53708180835764,35.04583961784647],[111.53705155963412,35.045648963836314],[111.53704984268346,35.04538663331379],[111.53716364781769,35.045052249266426],[111.53726272346132,35.04468215341741],[111.53727495481309,35.044336295756274],[111.53730184409483,35.04401421872813],[111.53719715347326,35.04352578463858],[111.5371232571356,35.04331147194238],[111.53707733917774,35.042942018855996],[111.53695682230887,35.042250942357995],[111.53682243773328,35.04165532013217],[111.53677362261382,35.04114952854263],[111.53667773927982,35.04073848103139],[111.53669419302686,35.040254324484984],[111.53681026948107,35.03979517358588],[111.53691479840359,35.039486883562105],[111.53724061593795,35.039057835155575],[111.53760693484402,35.03882224014626],[111.53798258616187,35.03851398605915],[111.53822106152323,35.038230547309084],[111.53826406550144,35.03805689532783],[111.53837621175609,35.03795554414252],[111.53844384159501,35.037797917240894],[111.53858512396249,35.03765206420635],[111.53862409854734,35.0376115524487],[111.53871161307308,35.03749417587235],[111.53879944403229,35.037425209196556],[111.5389117698023,35.03735209825891],[111.5389944358447,35.03724281112213],[111.53928728029491,35.03702367271258],[111.53959494135584,35.03682060212592],[111.5397799318484,35.036610011124985],[111.53986206181942,35.036466660517014],[111.54015146217566,35.036381903518816],[111.54052784966271,35.03629675385157],[111.54090384132328,35.03615198855054],[111.5412076591139,35.036055237915456],[111.54151409691143,35.03554940055332],[111.54170876207402,35.03531859179424],[111.54183044087259,35.035176856991804],[111.54189833252397,35.03505956842996],[111.54199100883172,35.034982506083395],[111.54204914224833,35.0348733300363],[111.54217076651275,35.03472352611734],[111.54223807107957,35.03451748893653],[111.54247129680874,35.03421324100448],[111.54249989653104,35.034153493289466],[111.54258569760108,35.03397424378357],[111.5427145156664,35.03372325601224],[111.54278581908997,35.03354407119784],[111.54281371092884,35.03337700469558],[111.54292747431046,35.03304261315454],[111.54295552562591,35.032899395101985],[111.54304132113545,35.032720145272734],[111.54312609403534,35.03238588415514],[111.54315335152256,35.03212342805457],[111.54323804447002,35.03177724123128],[111.54333754654859,35.031478684646096],[111.5433799340749,35.031311555762876],[111.54337890809354,35.03115654092144],[111.54337804000382,35.03102538089273],[111.54321644400176,35.03070414315376],[111.54312789113938,35.030466052782046],[111.54312670791906,35.03028719210535],[111.54318319368585,35.030060376661545],[111.5433839319132,35.029725596088404],[111.54352763394031,35.02953416417242],[111.54365651907904,35.02929509732103],[111.54394399429432,35.02892415289206],[111.54410148055393,35.028625340150384],[111.54412912890157,35.028422498235194],[111.54424343468892,35.0281715764511],[111.54448788954244,35.02787237040352],[111.54454263241205,35.02738322239701],[111.54454120902403,35.02716859114795],[111.54456830231344,35.02688228604292],[111.54436259553738,35.026465853317404],[111.5441874599842,35.026287774535945],[111.54395339890519,35.02596686423806],[111.54386523969812,35.02578839417444],[111.5439214813591,35.02552580683791],[111.54392069153455,35.025406566005366],[111.54400560949026,35.02509615161027],[111.5440335741178,35.02494101026594],[111.54395943932931,35.024690930552104],[111.54381361680477,35.0245604164375],[111.5437396409515,35.024334185096635],[111.54366581681279,35.02413180045865],[111.54363627737872,35.02404845999565],[111.54359200071997,35.02392941663269],[111.54353275672283,35.023738890757976],[111.54343065935588,35.023643955524534],[111.54329909783986,35.02347760167836],[111.54324064472418,35.023406315618786],[111.54324032921524,35.023358619444245],[111.5432394615799,35.023227456539644],[111.54313626003098,35.022965583072455],[111.54307788627678,35.0229062207434],[111.5430333734177,35.02275140298245],[111.54303266381915,35.02264408770056],[111.54303187536351,35.02252484589236],[111.54300170099846,35.02234611650329],[111.54302943010501,35.02215519934137],[111.54304329519276,35.02205974571114],[111.5432306265978,35.02189196437598],[111.54341763947245,35.02167648928148],[111.54363193650548,35.02133206119511],[111.54368035891254,35.0212390630366],[111.54370402425876,35.02110986693416],[111.54372763174457,35.02097260385496],[111.54368736340184,35.020815457968496],[111.54371515614511,35.02056925411558],[111.54371382092138,35.02036755952471],[111.54375672428769,35.020181802989725],[111.54377534827479,35.020032458660694],[111.54383783780618,35.0198425798128],[111.54388111458657,35.019713295767325],[111.54390496621153,35.01961233857675],[111.54392342462923,35.019253571438874],[111.54393507498641,35.018824240654176],[111.54384661117207,35.01859807317379],[111.54377295329387,35.01841953780729],[111.54377216389304,35.018300296831924],[111.54375625008542,35.018085730167265],[111.5437402530479,35.01785923878231],[111.54378160796468,35.01753709337034],[111.54380917483664,35.01732233276427],[111.54380712124814,35.017012305092415],[111.54389290315102,35.0168330552438],[111.54406524794354,35.016593795497705],[111.5442166586221,35.016266398159274],[111.54435217209415,35.01598321276908],[111.54455647409831,35.015713846627406],[111.5448126674465,35.015500764735215],[111.54501715314197,35.015259656647835],[111.54505055795188,35.01511821733528],[111.5449975416911,35.014892395223484],[111.54492781894572,35.014737291844185],[111.54492641315531,35.01452536418204],[111.54480395233564,35.01418682136707],[111.54468271030929,35.01403194816803],[111.54449305866582,35.0139197667553],[111.54449174768084,35.0137219675632],[111.54449024943986,35.0134959131384],[111.54472926541115,35.013282907533394],[111.54491685310992,35.01308426129456],[111.5451731311485,35.01288530534515],[111.54542884734937,35.012601578665425],[111.5456855918721,35.01247326691911],[111.54611425036536,35.01237243550476],[111.54642166758516,35.01211673287082],[111.54669501755389,35.011903569715955],[111.54691722680306,35.01174714853709],[111.54737890614068,35.01144836146239],[111.5477891611632,35.01116393186416],[111.54802674383072,35.01073899396007],[111.54812751911196,35.01039944438742],[111.54816063612783,35.01021562222867],[111.54826083912045,35.00979130326933],[111.54827669466817,35.009593426485296],[111.54847983200726,35.00915451426394],[111.54852917764325,35.00882932651632],[111.54875043157942,35.00853161955525],[111.5490577329781,35.008261780869525],[111.54948485361453,35.00793488597785],[111.54970742163628,35.00783497381457],[111.54974091222371,35.007707661646826],[111.54970468068218,35.007425251361745],[111.54970108913741,35.006888368618725],[111.54976712755033,35.00649245904643],[111.54967956911602,35.00623853814608],[111.54952285338686,35.00591428283074],[111.54938388020899,35.005674722484194],[111.54938208559223,35.00540628147733],[111.54937962983712,35.00503894080064],[111.54932433653504,35.00447403661266],[111.54937452957621,35.00427600413385],[111.54940735814053,35.00404979322002],[111.5493700906254,35.003611967954576],[111.54936895618435,35.0034424238423],[111.54940102887319,35.003103184686005],[111.5494849945106,35.002820227335775],[111.54955017965068,35.00229716449089],[111.54978716657165,35.00178745164281],[111.54983678327505,35.00150464956489],[111.54992008302048,35.00112278945616],[111.54981451135646,35.00074178846867],[111.54970903190576,35.00037491680544],[111.54960440694592,35.00013520000555],[111.54948991286555,34.99987925175312],[111.54950296764189,34.99966455141471],[111.54937135550838,34.999486284799026],[111.54934180964234,34.99940294450198],[111.54916664660148,34.99921294870772],[111.54900629136097,34.999070579839135],[111.54887451980244,34.998868460441315],[111.54874298441577,34.9987021124705],[111.54858215453784,34.99848819986972],[111.54847960467104,34.99832172151091],[111.5484209266257,34.99821466595545],[111.54823159261066,34.998072427837826],[111.54807124124889,34.99793006127717],[111.54786757372794,34.99781173482499],[111.54762059775527,34.99771745363803],[111.54744631253773,34.99765861862145],[111.54727218631322,34.99762362746841],[111.54705340098961,34.99740997673652],[111.54677672935753,34.99720850784852],[111.54654353102003,34.99700684170249],[111.54644154309864,34.996923831273655],[111.54625253241592,34.996829286339484],[111.546164875695,34.99672236094123],[111.54620707872142,34.996531379012694],[111.54633654392805,34.99638770217475],[111.54637771613471,34.99604171082812],[111.54663751398162,34.99588552368803],[111.54702787673818,34.995752593477306],[111.54750550159835,34.99566696989613],[111.54794013220351,34.99565308293462],[111.54828726135635,34.99555612188677],[111.54867762641777,34.995423190880075],[111.54896631381374,34.995254942173055],[111.54916822298281,34.99511093380686],[111.5494713217913,34.99493069718943],[111.5497595284977,34.994690904338505],[111.55004725810892,34.99437956311735],[111.55032089382301,34.994127912525606],[111.55065128984897,34.993697135108526],[111.55103987843869,34.9933018635324],[111.55138531782315,34.99295448538844],[111.55174491933919,34.992559345892914],[111.55216167975884,34.99204470130694],[111.55254865503042,34.99141094495726],[111.55272020182801,34.991064354274776],[111.5529332122151,34.990419466982935],[111.55333594799136,34.98997642481875],[111.55379574966713,34.98940195448685],[111.55398274437692,34.98919838586201],[111.55442892844349,34.98875514538658],[111.55464353586055,34.988348734094785],[111.55446781626476,34.988075273961215],[111.55408909067556,34.98777889082021],[111.55363897511283,34.98763785338217],[111.5532317619965,34.987413144632065],[111.55304140238955,34.98711590059735],[111.55254686197952,34.986831966978805],[111.5522264252038,34.98658301137374],[111.55168874449575,34.9863469646605],[111.55118076175992,34.986218104281626],[111.5507597949002,34.98610076771002],[111.55013598494402,34.985984354342094],[111.54958494357616,34.985915302648635],[111.54890373720578,34.98588260970361],[111.54810670757918,34.98586236099633],[111.5472226690619,34.98583057770163],[111.54658469352108,34.985761905058794],[111.5454835649199,34.98576685711916],[111.54471622219329,34.98585377185908],[111.54405061391849,34.98598792831636],[111.54353004913436,34.9861452776924],[111.54318389889323,34.986385314374566],[111.54269325108267,34.98668562085201],[111.5421739359721,34.98703374853618],[111.54182840657518,34.98736917793202],[111.54145349900222,34.98764511434485],[111.541237107792,34.987789170085605],[111.54076007282237,34.98795823960345],[111.54019531684749,34.98800845155116],[111.53965945714477,34.98804660729327],[111.53903643333486,34.988049374961044],[111.53849986888663,34.98798020872249],[111.53807891269875,34.9878628335312],[111.53781764173088,34.98779244389495],[111.53744022915492,34.987686795124816],[111.53710651602616,34.987616725501525],[111.53667153861157,34.98757095110366],[111.53620789211121,34.98757299964837],[111.53597529548406,34.9874547815041],[111.5357994852646,34.987157445012016],[111.53569666049482,34.986943259581466],[111.53553565478225,34.98669355614746],[111.53525835112488,34.986384744000574],[111.53508332387831,34.98620664904571],[111.53480725990094,34.98608862016799],[111.53440103715224,34.98600693816756],[111.53412528787749,34.985936604246334],[111.53368985549048,34.98581927469781],[111.53332748457599,34.98579701758535],[111.53240029151591,34.985813012887675],[111.53183600949414,34.98593472845484],[111.5313007741446,34.98606824396251],[111.53076523464276,34.98615405692886],[111.53040371109316,34.986262955970425],[111.52978108176596,34.98632529922642],[111.52912855493854,34.98624467134222],[111.52860550534187,34.98602038435558],[111.5282427506673,34.98593849336449],[111.52783684102916,34.985904485923236],[111.52744595430748,34.98595388074627],[111.52715702310213,34.98608630687952],[111.52704157216561,34.98615835181539],[111.52665228519504,34.98645815460717],[111.52640727437277,34.986661933064205],[111.52584289887467,34.986771697878105],[111.52529224981704,34.98676215813963],[111.52488633061684,34.98672813908963],[111.52445182043562,34.98675386977097],[111.52400267053535,34.98675580906375],[111.52348145526078,34.986817678709954],[111.52309116493521,34.9869624564208],[111.52259869635363,34.986988425661316],[111.52213558533889,34.98707388884049],[111.52191825209,34.987074823284324],[111.52168620221651,34.98704004870564],[111.52112098851705,34.98701862387021],[111.52073001341824,34.98705607592927],[111.52016419203721,34.98693925608425],[111.51925094703948,34.98687161875751],[111.51875840128368,34.98688565029731],[111.51835309066438,34.98694700266967],[111.5181218689821,34.987043386386176],[111.51768803027137,34.987176405637676],[111.5170803209601,34.98731016756248],[111.51650129282453,34.98739609929249],[111.51577684550223,34.98739917899792],[111.51537368302793,34.98740089101382],[111.51528065205352,34.98742685151192],[111.51454674219646,34.9878126905146],[111.51358030463632,34.98819950982103],[111.51242009090804,34.988587138543416],[111.51168635559063,34.98900485462262],[111.51137949896706,34.98951644880706],[111.51119108320329,34.99037837757481],[111.51111912604398,34.991271708072816],[111.51093367667018,34.99261203065093],[111.51066754023906,34.99344239203986],[111.51009055802794,34.99414648173193],[111.50897117138325,34.99488473891327],[111.50792928005062,34.99562266246345],[111.50783563992184,34.99571024391348]],[[111.49520444727428,35.0075167786433],[111.49597598687015,35.008258034500564],[111.49597616212661,35.00825821135445],[111.49597638054286,35.00825846014164],[111.49597657930538,35.00825871982559],[111.49597664119206,35.0082588088084],[111.49631402803024,35.0087590929247],[111.49631414305738,35.00875927362983],[111.49631420725558,35.00875938243316],[111.49643335677222,35.0089690397961],[111.49673066548134,35.00937217463458],[111.49673071519369,35.009372242935285],[111.49673089211093,35.009372512622406],[111.49673104826786,35.009372791408175],[111.49673118036706,35.009373077503355],[111.49673127944274,35.00937333759394],[111.49689144299768,35.009841921022485],[111.49703135195391,35.01021349243604],[111.49703140545523,35.010213643647155],[111.49703149161559,35.01021394164789],[111.49703155479716,35.01021424424958],[111.49703159279795,35.01021454965849],[111.49703160670259,35.01021485606744],[111.49703365574423,35.01055357720255],[111.4971919641025,35.010810862223906],[111.49719197848626,35.010810885600606],[111.49719213464755,35.01081116438567],[111.4971922667507,35.01081145048026],[111.4971923769868,35.01081174387538],[111.49719246314841,35.01081204187596],[111.49719252633103,35.010812344477536],[111.49719256076794,35.01081260393107],[111.49727882385247,35.01169677313005],[111.49762463154097,35.01183726033994],[111.4976249325238,35.011837391607344],[111.49762525012001,35.01183755255183],[111.49762555466792,35.011837729774484],[111.49762584397641,35.01183792328427],[111.49762593751841,35.01183799230625],[111.49797506373734,35.01209866979685],[111.49829466160205,35.0122760348927],[111.49829492108769,35.01227618796166],[111.49829495078245,35.012276206768526],[111.49842589714196,35.012359139564964],[111.49842615675934,35.01235931426598],[111.49842642973118,35.01235952316419],[111.4984266863517,35.01235974565011],[111.49842692442984,35.01235998173272],[111.49842714286451,35.01236023051517],[111.49842734164481,35.01236049019478],[111.49842751857415,35.01236075987917],[111.49842767474262,35.012361038662526],[111.49842780685263,35.01236132475563],[111.49842791709527,35.0123616181495],[111.49842800326303,35.01236191614908],[111.49842802913886,35.01236202781268],[111.49848737362117,35.012634690046724],[111.49899148205193,35.01308124477514],[111.49937956157262,35.0128714331739],[111.4993798171452,35.01287130232512],[111.49937989908223,35.012871264130474],[111.49955614941909,35.01278975447737],[111.49996731779021,35.01254555966349],[111.50028031782107,35.01233417958026],[111.50063217097083,35.012025532066595],[111.50094504283251,35.01173300317267],[111.50127754411045,35.01142415241978],[111.50127775987849,35.01142396314236],[111.5012780313872,35.01142375200186],[111.50127820156591,35.01142363231821],[111.50168956532043,35.0111468265077],[111.50168968208077,35.01114675031001],[111.50168998335968,35.01114657059348],[111.50169027713494,35.01114641794908],[111.50263075326242,35.01068982028469],[111.50325575053502,35.01007290815132],[111.5032557821175,35.010072877373794],[111.50349019355576,35.00984556131619],[111.50368520072068,35.00960224495754],[111.50368541284372,35.00960199890466],[111.50393941613505,35.00932583655114],[111.50393965457661,35.00932559489538],[111.50393990736488,35.00932537030608],[111.50394003927529,35.009325264298134],[111.50425324148291,35.009081222786996],[111.50425338106663,35.00908111764819],[111.50425362543768,35.009080949879525],[111.50470420437789,35.00878778772132],[111.50470424693103,35.00878775960192],[111.50470430695135,35.00878772149481],[111.50601701182926,35.00797316827809],[111.50640870045586,35.007712659453865],[111.50640879102065,35.00771260048696],[111.50640909555752,35.007712419843756],[111.50676192155616,35.007516753433],[111.50676223169127,35.00751659259567],[111.50676255944869,35.007516447008086],[111.50676289827219,35.00751631940169],[111.50676324706626,35.007516209781066],[111.50676360255,35.00751611906129],[111.50676396582446,35.007516048139145],[111.50676433359762,35.007515996126976],[111.5067647036896,35.007515964836635],[111.50676507609484,35.00751595336679],[111.50676544862237,35.007515961726575],[111.50676582017672,35.00751598992057],[111.50676618857244,35.00751603885926],[111.50676655160746,35.00751610674911],[111.50676690928734,35.00751619449145],[111.50676725832001,35.00751630119868],[111.50676759869994,35.007516425969435],[111.50676792823617,35.00751656881285],[111.50676824583319,35.007516729733524],[111.50676830849288,35.00751676462536],[111.50708409286555,35.007693455611644],[111.50708433475812,35.00769359791898],[111.50708462407388,35.007693791406275],[111.50708489705185,35.007694000285134],[111.50708515368088,35.00769422275284],[111.50708539176996,35.00769445881855],[111.50708561021807,35.0076947075855],[111.50708580901409,35.00769496725098],[111.50708598596145,35.0076952369228],[111.5070861421501,35.00769551569506],[111.50708627428243,35.00769580177877],[111.50708638454942,35.00769609516478],[111.50708647074342,35.00769639315821],[111.50708653395988,35.0076966957545],[111.50708657199672,35.007697001160075],[111.50708658593832,35.00769730756768],[111.50708897774042,35.008084884926376],[111.5072283265394,35.00840720500053],[111.50722834432337,35.008407246389226],[111.50722845459185,35.00840753977507],[111.50722849481441,35.00840766670017],[111.50732881198932,35.008746671849565],[111.50754718254714,35.009149444678634],[111.50778440467406,35.00940694465765],[111.50778458562516,35.009407152117085],[111.5077846408298,35.00940722129162],[111.50796295854225,35.009632906491554],[111.50824010838869,35.00993909719397],[111.50824018893604,35.009939189697775],[111.5085171463311,35.010261212206515],[111.50897099292757,35.01058258437715],[111.50926681907337,35.01079135814263],[111.50968037442219,35.0109673786535],[111.50968057986313,35.01096747063187],[111.50968089747919,35.01096763154469],[111.50968104479527,35.01096771385207],[111.50981904129559,35.011047939378315],[111.51001613545137,35.011144111341316],[111.51001636955615,35.01114423204251],[111.5100166741278,35.011144409233886],[111.51001696346263,35.01114460271392],[111.51001723645953,35.01114481158591],[111.51023317668565,35.01132066798858],[111.5108213028176,35.01135044253391],[111.51082166781731,35.01135047074297],[111.51082203623251,35.01135051966915],[111.51082239928772,35.011350587546644],[111.5108227569885,35.01135067527681],[111.51082310604265,35.011350781972105],[111.51082344644456,35.011350906731224],[111.51082377600316,35.01135104956336],[111.5108240936229,35.011351210473116],[111.51082440589946,35.01135139303824],[111.51125877140137,35.011624633283404],[111.51169303020342,35.01188168470738],[111.51169314787603,35.01188175632085],[111.51169343721739,35.011881949796816],[111.51169371022098,35.01188215866494],[111.51169396687557,35.011882381122504],[111.51169420499008,35.0118826171788],[111.51169429985829,35.0118827213377],[111.51211022280596,35.01235021099964],[111.5125061780012,35.01276923755664],[111.51250637880416,35.0127694629524],[111.5129225614994,35.013269368166135],[111.51292258137713,35.01326939332046],[111.51292278020519,35.01326965297588],[111.51292282000004,35.01326970959394],[111.5132998110054,35.01381809334651],[111.5136561958301,35.01422093430674],[111.51365631061553,35.0142210690263],[111.51365641442264,35.01422120018684],[111.51401317882093,35.01468869543643],[111.51444827066159,35.01510733782923],[111.51444844266294,35.01510751106432],[111.51444866115317,35.015107759817354],[111.51444885999055,35.0151080194701],[111.51444903697822,35.01510828913052],[111.51444919320615,35.01510856789263],[111.51444932537626,35.01510885396765],[111.51444933538897,35.01510887826216],[111.51448908922117,35.0152053346735],[111.51474671372732,35.01555983135922],[111.51474674356818,35.015559872695604],[111.51474692055784,35.015560142355554],[111.51474707900707,35.01556042561466],[111.51502590641732,35.016109457949945],[111.51502603415217,35.01610973502941],[111.5150261444591,35.01611002840746],[111.51502623069102,35.016110326394525],[111.51502627578098,35.01611052810973],[111.51510753253125,35.016530610379874],[111.51528749143719,35.017015015231486],[111.51528750815977,35.01701506113026],[111.5155476356206,35.01774174284392],[111.51596307046222,35.018400592875494],[111.5166677612027,35.018413697003815],[111.51727720485547,35.018394923240216],[111.5179850686811,35.0183595432398],[111.51798538417766,35.01835953468234],[111.518122723847,35.01835894844146],[111.51843668692739,35.01832529905572],[111.51882873425069,35.018259048808275],[111.5191027363267,35.01814487445471],[111.51910308828188,35.018144740448236],[111.51910339663407,35.01814464178161],[111.51955499583818,35.018013247683925],[111.51955503630796,35.018013236694266],[111.51955539182238,35.01801314593691],[111.51955570478407,35.01801308330413],[111.52002727854114,35.017930150524776],[111.52002732888857,35.01793014219673],[111.52002769669936,35.017930090144134],[111.52002781057598,35.017930078839775],[111.52038081063348,35.01789627789289],[111.52069402503781,35.017781942634585],[111.52069412779791,35.017781906138985],[111.52069430710884,35.01778184678077],[111.52100841467832,35.01768340160426],[111.52100858418537,35.01768335130135],[111.52100893969669,35.01768326053976],[111.52100930300315,35.017683189574804],[111.52100967081216,35.01768313751925],[111.5210100409439,35.01768310618517],[111.52101041339267,35.01768309467125],[111.52101078596723,35.01768310298689],[111.52101086816751,35.01768310714084],[111.52150260266208,35.017713346187904],[111.52177723695316,35.01771216579323],[111.52252347296445,35.01759575339028],[111.52252366014939,35.01759572644472],[111.52291575842348,35.017545613507615],[111.52334638109802,35.01734996237387],[111.52334658869687,35.01734987224324],[111.52334692753436,35.01734974459063],[111.52334727634728,35.01734963492237],[111.52334763185448,35.01734954415395],[111.52334799515735,35.01734947318202],[111.52334822721008,35.01734943792939],[111.52397715544059,35.017265811194555],[111.52397729119355,35.017265794383846],[111.52397766132215,35.01726576304075],[111.5239782375704,35.01726575334196],[111.52452900206154,35.017279554729754],[111.52513808044101,35.017276919959194],[111.52588413500108,35.01714432888606],[111.52588419738763,35.01714431870069],[111.52588434952801,35.01714429460589],[111.52668947225536,35.01702761136932],[111.52735554557512,35.01679858657932],[111.52766844022074,35.01660339287454],[111.5276686923564,35.01660324395401],[111.5276690079446,35.016603080335734],[111.52766933570028,35.016602934691896],[111.52766967452784,35.0166028070273],[111.52767002333167,35.01660269734666],[111.5276703788307,35.016602606565655],[111.52767074212639,35.01660253558083],[111.52767110992608,35.01660248350516],[111.52767132453765,35.016602462742],[111.52847052831086,35.01653770952973],[111.52847068382312,35.01653769893753],[111.52847105626535,35.01653768740077],[111.52847142883515,35.016537695693536],[111.52847180043692,35.01653772382061],[111.52847216888524,35.01653777269288],[111.52847253197731,35.01653784051719],[111.52847288971894,35.01653792819489],[111.52847323881748,35.01653803483894],[111.52847357926716,35.01653815954802],[111.52847390887673,35.01653830233164],[111.52847422655064,35.0165384631946],[111.52847453118166,35.016538640338965],[111.52847482057855,35.01653883377427],[111.52847509363997,35.01653904260399],[111.52847535035426,35.01653926502537],[111.52847558853023,35.016539501048015],[111.52847580706649,35.01653974977532],[111.52847599268817,35.016539991435],[111.5288724654562,35.017092402768256],[111.52887264912701,35.01709268139189],[111.52887280540752,35.01709296013485],[111.52887293763094,35.0170932461936],[111.52887304798851,35.01709353955858],[111.52887313427163,35.0170938375353],[111.52887319757589,35.01709414011899],[111.52887322632999,35.01709435181509],[111.5289328235749,35.01763282872923],[111.5289328329435,35.01763292243065],[111.5289328469687,35.01763322883451],[111.52893284338138,35.017633352337505],[111.52893284481945,35.01763340551193],[111.52890067891674,35.018449346426586],[111.52890067098745,35.018449476258056],[111.52890063679334,35.018449781069286],[111.52890057738809,35.01845008418765],[111.52890049495134,35.01845038380091],[111.52890047452902,35.01845044518289],[111.52866180368011,35.01915953894067],[111.52866171751981,35.0191597709674],[111.52866170241869,35.01915980798925],[111.5283853635899,35.019822761977984],[111.52812831378914,35.02057798182853],[111.5281282319274,35.02057820121699],[111.52812810772322,35.02057848118134],[111.52799928738794,35.02083976126151],[111.52802031487057,35.0212080603384],[111.52802031863855,35.021208135135474],[111.52804288998006,35.02180834290363],[111.5280428918523,35.021808463678674],[111.52804288177022,35.021808770187334],[111.52804284757168,35.02180907499819],[111.52804283386683,35.02180915888497],[111.52793465648853,35.02242459437084],[111.52799229719706,35.022700106006916],[111.52818140081803,35.02305278119393],[111.52818144074992,35.02305285673494],[111.52818157298081,35.023053142794105],[111.52818163646717,35.02305330296111],[111.5282955848848,35.02335985758405],[111.52857737497023,35.02366554594897],[111.52889660351107,35.023925381100284],[111.52947874429212,35.024292079349905],[111.52947901391481,35.02429226024958],[111.52947928700476,35.0242924690765],[111.52947948422927,35.02429263767293],[111.52983708242495,35.02461431870625],[111.52983714194241,35.02461437252838],[111.52983738014598,35.02461460854779],[111.52983759870813,35.0246148572721],[111.52983779761723,35.02461511689859],[111.5298378341189,35.02461516991984],[111.53010227580405,35.02499882556651],[111.53010241636257,35.024999042181854],[111.53010255935106,35.0249992957426],[111.53025413934405,35.02529108997167],[111.53025415487623,35.025291119648884],[111.53038682763125,35.02555221644764],[111.5303869554328,35.02555249350992],[111.53038706580756,35.02555278687296],[111.53038715210545,35.025553084848056],[111.53038721542218,35.025553387430435],[111.53038725355472,35.02555369282697],[111.53038726758709,35.02555399923021],[111.5303872575135,35.0255543057388],[111.5303872233223,35.025554610550074],[111.53038716391775,35.02555491366879],[111.53038708147966,35.02555521328273],[111.53038697489488,35.02555550669264],[111.53038684636061,35.02555579479028],[111.53038668716934,35.02555608662739],[111.53025731892133,35.02577177657406],[111.53009213860497,35.026249256104514],[111.53009206318943,35.02624945563589],[111.53009203730493,35.026249519745974],[111.52979711850814,35.02694347065137],[111.52952102589391,35.027590189977765],[111.5295803167686,35.02809685411863],[111.52958032848777,35.028096972146415],[111.52958034251769,35.02809727854966],[111.5295803324409,35.02809758505809],[111.52958032633141,35.02809765719403],[111.52952788078106,35.02866721676616],[111.5295321481103,35.02932888364786],[111.52953213803323,35.029329190156226],[111.52953210383747,35.02932949496711],[111.52953206891505,35.029329687110426],[111.52945950263195,35.029684030504185],[111.5294594781439,35.02968414147904],[111.52945939569848,35.0296844410922],[111.5294592891052,35.02968473450117],[111.52945920164892,35.0296849367887],[111.52929307216637,35.030039687359555],[111.52929303107852,35.030039773168525],[111.52929287837402,35.03004005325798],[111.52929270479147,35.03004032442483],[111.52929250922931,35.030040585772554],[111.52929247987551,35.0300406219552],[111.52901397397908,35.03038046962001],[111.5290137879695,35.030380683153254],[111.52901355280618,35.03038092123764],[111.5290132989331,35.03038114678447],[111.52901302852443,35.03038135708017],[111.52901274158599,35.03038155302606],[111.5290125964208,35.03038164289412],[111.52828557849303,35.03081579908167],[111.52828542127253,35.030815889001346],[111.5282851056313,35.03081605262131],[111.52828477782035,35.030816198266976],[111.5282844389412,35.03081632683486],[111.52828411633081,35.030816429192306],[111.52774360698554,35.03097237472902],[111.52737212379914,35.03126574472235],[111.52737195694614,35.031265870737336],[111.52737167000066,35.0312660666794],[111.52737136760973,35.03126624646401],[111.5273713206581,35.03126627280765],[111.52688695824075,35.03152978195567],[111.5264220465736,35.03191624661096],[111.5257334385597,35.03250412274825],[111.52573338515315,35.032504168047915],[111.52573311472906,35.03250437833636],[111.52573302855183,35.03250444000258],[111.52502752313256,35.03299835487777],[111.52512411879707,35.033492648640355],[111.52512413811233,35.03349275581926],[111.52512417622937,35.03349306121719],[111.52512419024386,35.03349336762081],[111.52512418015003,35.03349367412875],[111.52512414593635,35.033493978938345],[111.52512413749832,35.033494030352685],[111.52509752160077,35.03365325636626],[111.52509748234057,35.03365345754064],[111.52504376456133,35.033896143767535],[111.52504375282996,35.033896194294755],[111.52504366714024,35.033896503833866],[111.52496235939194,35.03414690249708],[111.52489008297879,35.034366905848714],[111.5248088872664,35.034632400876994],[111.52480887331424,35.034632446906976],[111.52480883352275,35.034632565157935],[111.52473648422765,35.034837352772215],[111.52467343859662,35.03504950752914],[111.52463774043414,35.035223757875976],[111.52463771593801,35.03522386884981],[111.52463768495318,35.03522399337219],[111.52454771581039,35.03555769637917],[111.5244939837998,35.03578487257121],[111.52447708145301,35.03600315351341],[111.52462523879844,35.036258606171394],[111.52482865374134,35.03648425396285],[111.52498546998163,35.03659685823032],[111.52522591654713,35.03676241695428],[111.52548457127193,35.036927766542036],[111.52572431212461,35.03704768219775],[111.52591796766117,35.03712250174548],[111.52591803797658,35.03712252938302],[111.52591831270918,35.037122647172396],[111.52636178730613,35.03732529343916],[111.52636184226215,35.03732531843897],[111.52636216001295,35.03732547930621],[111.52636241411003,35.037325626027766],[111.52665835710515,35.0375061822893],[111.52665840771253,35.03750621271604],[111.52665869717977,35.03750640615441],[111.52665879848132,35.03750648052798],[111.52689021096253,35.03767973851698],[111.526890382789,35.03767987297555],[111.52689063956589,35.03768009539899],[111.52689087779949,35.03768033142341],[111.5268910963881,35.03768058015224],[111.52689129532014,35.03768083978281],[111.52689131633296,35.03768086943659],[111.52708656492277,35.03796035847798],[111.52708672098898,35.037960598464394],[111.52708688063807,35.03796088440485],[111.52723617073715,35.038255732876664],[111.52723629632195,35.038256004543086],[111.52723640670314,35.03825629790833],[111.52723649187874,35.03825659138308],[111.52732156650626,35.03859707541696],[111.52742494883185,35.03893712014442],[111.52754595381607,35.03917096599134],[111.52774130124554,35.039480599589105],[111.52774134001396,35.03948066341735],[111.52774149633426,35.03948094216041],[111.52774161746365,35.03948120212789],[111.52782569321407,35.03967759344834],[111.5279746102563,35.03993432562883],[111.52797472114695,35.03993452705192],[111.5279748534051,35.03993481311028],[111.52797496379125,35.0399351064747],[111.52797501079395,35.0399352576994],[111.52806907187427,35.04026010568208],[111.52822703041544,35.04051652956196],[111.52822704481329,35.04051655293475],[111.5282271911521,35.040516812791914],[111.52834822410459,35.040750702703704],[111.52856136465903,35.040999395474365],[111.52856142982407,35.04099947360917],[111.52869142631492,35.04115801963561],[111.528691492611,35.04115810317361],[111.52882148647775,35.041324157428875],[111.52894211973182,35.041467523549144],[111.52894215508071,35.041467566660536],[111.52894235402854,35.04146782628744],[111.5289425311215,35.04146809592463],[111.52894268744973,35.041468374665975],[111.52894281971378,35.04146866072315],[111.52894286425425,35.04146876959403],[111.52898946389698,35.04158916894709],[111.52916547570234,35.041807577104024],[111.52916564593053,35.04180780170259],[111.52916582302495,35.04180807133943],[111.5291659793546,35.041808350080466],[111.52916611162,35.04180863613736],[111.5291661216404,35.041808660430505],[111.52926906829292,35.04205824166085],[111.52926916866618,35.04205851073082],[111.52926925497815,35.04205880870579],[111.52926931830433,35.04205911128785],[111.52926935644118,35.04205941668388],[111.52926937047302,35.04205972308643],[111.52927181364029,35.042438544887474],[111.52927180252928,35.04243886131468],[111.52924626704333,35.04276477970647],[111.52924623380963,35.042765064682435],[111.52924622854493,35.04276509805586],[111.5292019455514,35.043037929449966],[111.52917606698351,35.04330272330669],[111.52919568174744,35.04349881417714],[111.52926114495143,35.043694643749845],[111.52940983224235,35.043935998584985],[111.52955873180788,35.04417019907577],[111.52955877942921,35.044170275483836],[111.52955890802224,35.044170501164835],[111.52964282875622,35.04432920930198],[111.52976399122072,35.0445483687648],[111.5297640577767,35.044548491961],[111.5297641900487,35.044548778017074],[111.52976430044767,35.04454907137954],[111.52976432505383,35.044549147888006],[111.529830093808,35.04476072169604],[111.53000720327931,35.04513051850251],[111.53014627823006,35.04531137336923],[111.53014638216153,35.04531151352778],[111.53014647621163,35.04531165102542],[111.5302209125887,35.045424976856175],[111.53022098124488,35.045425085621105],[111.5302675342663,35.045500648068966],[111.53026754866565,35.045500671441495],[111.5302675752607,35.04550071639342],[111.53037935119347,35.04568964482092],[111.53037948093962,35.045689878608194],[111.53037959541174,35.04569012327862],[111.5304450632999,35.04584136976704],[111.53044508110388,35.045841411151905],[111.53044519150707,35.04584170451368],[111.53044526320662,35.04584194486422],[111.5305112917207,35.0460913923973],[111.53057663889213,35.04624235720336],[111.53057665669627,35.04624239858821],[111.53057676710048,35.04624269194982],[111.53057679170794,35.04624276845809],[111.53063324338912,35.046424360795335],[111.53063330510328,35.046424582260784],[111.53063336843805,35.046424884841834],[111.53063340658221,35.04642519023716],[111.5306334206201,35.04642549663928],[111.53063714281235,35.04700105577089],[111.53066607928044,35.04721252601422],[111.5307224105539,35.047401121494055],[111.53080637388275,35.04758231573745],[111.53090913353068,35.04780157965737],[111.53090920248725,35.04780173439004],[111.5309092659987,35.047801894554745],[111.53099345250521,35.04802828382146],[111.53108606206393,35.048156193787314],[111.5310860863924,35.04815622703124],[111.53108612290553,35.048156280051835],[111.5312163319584,35.04834512600571],[111.53121639392549,35.04834521677203],[111.53137452154387,35.048586883652746],[111.53149520776954,35.048752816889795],[111.53161580262704,35.04889611537609],[111.53161583798057,35.048896158486606],[111.53161603695511,35.04889641810857],[111.53161619967284,35.04889666436897],[111.53172793541651,35.04907801473368],[111.53172794981691,35.04907803810601],[111.5317281061694,35.0490783168432],[111.53172823845573,35.04907860289679],[111.53172826852197,35.049078675775384],[111.53181256012199,35.04929045285848],[111.53181264046846,35.04929067334015],[111.53181271666448,35.04929092989453],[111.53185995313129,35.04947253129767],[111.53189748419895,35.04960800292155],[111.53202720258228,35.04978865129715],[111.53202738633838,35.049788929913746],[111.53202749719996,35.049789123220535],[111.53209250646843,35.0499095675322],[111.5322312876357,35.0500600559923],[111.53223146873908,35.05006026341254],[111.53223166771843,35.0500605230334],[111.53223183044035,35.05006076929289],[111.53241801909364,35.050362951677435],[111.53260406047586,35.05064240474188],[111.53260416457637,35.0506425692342],[111.53279045277044,35.05095240313668],[111.53279059805246,35.05095266389375],[111.532790640259,35.05095274933784],[111.53287469161467,35.05112664328828],[111.53287478170165,35.051126843896405],[111.53287489212087,35.05112713725556],[111.53287495597252,35.05112734879528],[111.53300706790056,35.05161158243401],[111.53306345048169,35.0517855067546],[111.53306352676016,35.0517857750254],[111.53306359010828,35.05178607760481],[111.53306362826423,35.05178638299899],[111.53306364231238,35.05178668940047],[111.53306487309699,35.0519761007844],[111.53306486303146,35.05197640729183],[111.53306484663631,35.05197658312952],[111.5330386344818,35.052196421596754],[111.53303861668591,35.052196550569754],[111.53303860825109,35.052196601984484],[111.53298539593008,35.05251505452689],[111.53298534495184,35.05251530623092],[111.53298526249749,35.05251560584547],[111.5329852442271,35.0525156618102],[111.53290394007546,35.05275834662565],[111.53285002294503,35.05296302593342],[111.53284996503241,35.05296322268475],[111.53284986812889,35.052963491716326],[111.5328045386384,35.053077339966194],[111.53280452893162,35.05307736434559],[111.53280440036407,35.0530776524448],[111.53280435597455,35.053077737367815],[111.53274064912625,35.053199244056216],[111.53274054078115,35.05319943922623],[111.53274036716209,35.053199710397344],[111.53274017481576,35.05319996722889],[111.53255737720643,35.05342807174968],[111.5325571607156,35.053428324180096],[111.53255692985846,35.05342855864637],[111.53242872460973,35.053550349198396],[111.53242846849479,35.05355057656437],[111.5324281980194,35.053550786867476],[111.53242791100892,35.05355098282138],[111.53242760854774,35.053551162618554],[111.53242729282807,35.0535513262494],[111.53242708846005,35.05355141998667],[111.53223438400828,35.05363550458913],[111.53202343697276,35.05374995736393],[111.53202319552923,35.05375008100806],[111.53180274571203,35.053857125316746],[111.53180243531851,35.05385726548722],[111.53149000782649,35.053987438447685],[111.53148997939782,35.05398744938858],[111.53148963824225,35.05398757887668],[111.53106716350324,35.054133243224776],[111.53059010606911,35.05437753844189],[111.52991999517394,35.05475167369363],[111.52991967398148,35.05475184004595],[111.52991933842887,35.054751989335145],[111.52948757491588,35.05492807458735],[111.52929483105254,35.05501976219734],[111.52929475017817,35.05501979950606],[111.52892727560919,35.05518808849268],[111.52892705042999,35.05518818592024],[111.52892689954876,35.055188246068],[111.5286051995059,35.05531087429212],[111.5286050114083,35.05531094271391],[111.52860497531175,35.05531095458891],[111.5283107688933,35.05541073257979],[111.52831048884845,35.055410821231526],[111.52807136973547,35.05548005312512],[111.52807133800586,35.05548006227687],[111.52807098124329,35.05548015306474],[111.52807061887242,35.055480224047066],[111.52807025089326,35.05548027522383],[111.52806987950389,35.055480307486846],[111.52806950688492,35.055480319023864],[111.52787601764203,35.055481161147895],[111.52787564489542,35.055481152854924],[111.52787527420762,35.05548112382166],[111.52787490559028,35.055481075850786],[111.5278745412298,35.055481008031414],[111.52787418441463,35.05548092034925],[111.52787383405438,35.05548081371039],[111.52787349343745,35.05548068810052],[111.52787316367159,35.05548054531755],[111.52787295363868,35.05548044167352],[111.52777126020983,35.05542784800242],[111.52777115241838,35.05542779078422],[111.52777084873954,35.05542761363572],[111.52777055920592,35.05542742020116],[111.52777028492527,35.05542721227845],[111.52777002918015,35.055426988951936],[111.52776979089184,35.05542675293041],[111.52776957225842,35.055426505105665],[111.52776937327984,35.05542624547769],[111.52776919615998,35.05542597583965],[111.5277690398085,35.055425697097625],[111.52776901315933,35.0554256440332],[111.5276757342962,35.055236789012305],[111.5275175192911,35.054972503686294],[111.5272259962331,35.05451752941528],[111.52693828934454,35.054836471811015],[111.5269382523371,35.05483651253308],[111.52693801709853,35.054836750613156],[111.5269377631449,35.05483697615545],[111.52693749265109,35.054837186446434],[111.52693720562286,35.05483738238746],[111.52693690314476,35.05483756217106],[111.52693658740903,35.05483772578774],[111.52693625950019,35.05483787143004],[111.52693592052019,35.05483799999455],[111.52693557264963,35.05483810966906],[111.52693521588853,35.054838200453595],[111.52693484147377,35.05483827328756],[111.52622715389893,35.05495461670476],[111.52557851667443,35.055070699274765],[111.52557844659778,35.05507071129608],[111.52557807095174,35.05507076339987],[111.52496849388311,35.05513812790828],[111.52420169302135,35.05523852956399],[111.52420157034769,35.055238544515895],[111.52420119895773,35.05523857676706],[111.52420082633915,35.0552385882922],[111.52345314082152,35.055241817784676],[111.52255051545738,35.055277987971934],[111.52212242840828,35.055649881055494],[111.52200670244575,35.055956808934916],[111.52200666468339,35.05595690374046],[111.52200653607338,35.05595719182846],[111.5220063832968,35.055957471908194],[111.52200630193003,35.055957604758575],[111.52185041190073,35.05620101414366],[111.52185036521415,35.056201084650766],[111.52165548254503,35.05649311965094],[111.52155844619558,35.05665481133058],[111.52146242080289,35.05697781717829],[111.52146683797838,35.057672578934444],[111.52160786664719,35.05820551672802],[111.52160788126419,35.05820557435234],[111.5216079445754,35.058205876937734],[111.52160798269203,35.05820618233555],[111.52160799669882,35.0582064887384],[111.5216123191917,35.05888613761595],[111.52161230908287,35.058886444122464],[111.52161227484676,35.058886748929986],[111.52161225264688,35.0588868779202],[111.52153610470125,35.05929176898994],[111.52153606744126,35.05929194311298],[111.5215359849385,35.05929224271982],[111.52153587827969,35.05929253612099],[111.52153574966293,35.0592928242084],[111.52153559037612,35.05929311603311],[111.5213797880038,35.059552718204245],[111.5213796284409,35.05955296676457],[111.52137943604411,35.059553223578284],[111.52110607116252,35.059894232365195],[111.5208717555177,35.060186526413716],[111.52087153897304,35.0601867788235],[111.52087130370158,35.060187016891895],[111.52087104971471,35.06018724242158],[111.5208707791877,35.06018745269914],[111.52087049212624,35.06018764862593],[111.52087018961507,35.06018782839453],[111.52086987384656,35.06018799199556],[111.52086954590548,35.06018813762161],[111.52086920689374,35.06018826616933],[111.52086885899224,35.06018837582663],[111.520868502201,35.060188466593495],[111.52086820221703,35.06018852647014],[111.52049468503849,35.060254860165834],[111.52049462262424,35.06025487125],[111.52049437730055,35.060254907455764],[111.51998309776567,35.06032183062609],[111.51998297508362,35.060321845573775],[111.51998260366884,35.060321877812214],[111.5199822310264,35.06032188932459],[111.51998185825825,35.06032188100755],[111.51998148755104,35.06032185195036],[111.51998111891622,35.06032180395569],[111.51998075454041,35.0603217361128],[111.51998039771223,35.06032164840759],[111.5199800473412,35.060321541746106],[111.51997970671587,35.06032141611424],[111.5199793769439,35.06032127330999],[111.51997905911574,35.060321112427296],[111.51997875543519,35.06032093525944],[111.51997846590228,35.06032074180643],[111.51997819162465,35.06032053386624],[111.5197607418018,35.0601435919715],[111.51936556916733,35.05987030342632],[111.51936550199746,35.05987025594173],[111.51936522772287,35.05987004800012],[111.5190291952061,35.05959660515954],[111.51861500486405,35.05933991385252],[111.518024295004,35.05910020498561],[111.51757359704617,35.059037735540926],[111.5172607760822,35.05913571751791],[111.51726060758365,35.059135767811334],[111.51726023875196,35.05913586132303],[111.51688738247893,35.05921824336714],[111.51645606754116,35.05939787054844],[111.51610284518236,35.05954497452434],[111.51535723155607,35.059887931931875],[111.51535699651022,35.05988803388302],[111.51535685107984,35.059888092188054],[111.51488572773505,35.06006806769641],[111.51406181073737,35.06041117824328],[111.51353286341687,35.060736826504765],[111.5135328230099,35.06073685101259],[111.51310151881167,35.060997568091224],[111.51261147367474,35.06130708014624],[111.51261119188452,35.061307246286304],[111.51261111540924,35.06130728807215],[111.51200303462426,35.061633507424126],[111.51200279530813,35.06163362921677],[111.51200246734525,35.061633774819],[111.51200212831333,35.061633903342084],[111.51200178039355,35.061634012974075],[111.51200142358591,35.06163410371498],[111.51200133162237,35.06163412303176],[111.51153041968678,35.06173303687713],[111.51104339564286,35.061976103995995],[111.51104509270638,35.06224842352257],[111.51106665172085,35.06255522568023],[111.51116693736543,35.06287801613472],[111.51116699904013,35.062878237609816],[111.5111670623167,35.06287854020073],[111.51116708868737,35.06287872577012],[111.51125527168044,35.063630073595654],[111.51170591956354,35.06405592619916],[111.51217128889878,35.06433984061194],[111.51217133951756,35.064339871044496],[111.5121716290466,35.06434006451605],[111.51217183611502,35.064340219577254],[111.51262364995638,35.06469604059326],[111.51262371606958,35.06469609439553],[111.5126239728937,35.06469631684778],[111.51262421116608,35.064696552898845],[111.51262442978481,35.064696801652026],[111.51262462873864,35.064697061304656],[111.51262480582939,35.06469733096468],[111.51262496214773,35.06469760972608],[111.51262509439361,35.06469789580012],[111.51262520475953,35.064698189177534],[111.51262529103609,35.06469848716355],[111.51262535431954,35.06469878975356],[111.5126253924061,35.06469909515413],[111.51262540638075,35.06469940155797],[111.51262539623787,35.064699708063735],[111.51262536196616,35.06470001286874],[111.5126253024694,35.064700315977646],[111.51262521992882,35.064700615578495],[111.51262511323125,35.06470090897191],[111.51262498457483,35.06470119704995],[111.51262483175014,35.06470147711788],[111.51262465804034,35.064701748260475],[111.51262446234351,35.064702009581],[111.51262424684089,35.06470225926753],[111.5126240115325,35.06470249732007],[111.5126237575089,35.06470272283265],[111.51262348694574,35.06470293309198],[111.51262319984865,35.064703128999405],[111.5126228973026,35.06470330874762],[111.51262258150011,35.06470347232733],[111.51262225352613,35.06470361793127],[111.51262191448258,35.06470374645612],[111.51262177226285,35.064703793927954],[111.51184560588797,35.064952023003826],[111.51155102724701,35.065050347764085],[111.51155087188222,35.065050397092854],[111.51096207667565,35.06523072379608],[111.51055056445044,35.0654425784094],[111.51055049779171,35.065442612941716],[111.51005996582732,35.06568741514299],[111.51005988275786,35.06568745515221],[111.51005958321095,35.06568758981334],[111.50951049207738,35.06591620962211],[111.50927633116684,35.0660783203953],[111.5090421804615,35.066337755171226],[111.5086323109222,35.06680815279937],[111.50851632837697,35.0670991667983],[111.50836168907682,35.06753643713931],[111.50824685786894,35.068054523252144],[111.50824684612256,35.06805457377758],[111.50824679794022,35.06805475965989],[111.50811193024316,35.06852461841281],[111.5081118958653,35.06852473212832],[111.50811178914671,35.06852502551776],[111.50811166046854,35.068525313591024],[111.50811150762142,35.06852559365328],[111.50811133388866,35.06852586478942],[111.50811114142935,35.068526121582245],[111.50787703773797,35.06881803980922],[111.507682717353,35.06919067018813],[111.50768260350719,35.06919087527362],[111.50768242977162,35.06919114640914],[111.5076822340484,35.069191407721725],[111.50768201851899,35.06919165739955],[111.50768178318339,35.06919189544255],[111.50768152913233,35.06919212094483],[111.50740770684806,35.06941954716498],[111.5071148420636,35.06976028946541],[111.50711472665091,35.06976041884259],[111.50711449131205,35.06976065688449],[111.50711423725767,35.06976088238561],[111.5071139666637,35.06976109263274],[111.5071138182053,35.06976119690996],[111.50689894769985,35.069907239469856],[111.5067432855869,35.070117590660566],[111.50674317138646,35.0701177389609],[111.50674310173977,35.07011782307845],[111.50646954092966,35.07044261739462],[111.50646939504051,35.070442782952874],[111.50646915969782,35.07044302099354],[111.50646890563957,35.070443246493305],[111.50646863504168,35.07044345673901],[111.50646834790977,35.07044365263196],[111.50646804532902,35.07044383236495],[111.50646772949206,35.07044399592879],[111.50646750974232,35.070444095996116],[111.50597673588602,35.070656517508944],[111.50597662762725,35.0706565630286],[111.50597628854855,35.07065669153505],[111.50597594058236,35.070656801149994],[111.50597558372866,35.070656891873426],[111.50597522127093,35.0706569627903],[111.50597485320914,35.07065701390061],[111.50597481596165,35.07065701856279],[111.50550272420624,35.07070753439124],[111.50550238998575,35.070707561923676],[111.50550201729355,35.07070757339197],[111.50445961794352,35.070711913478576],[111.50404763935295,35.07081054243951],[111.5040475484846,35.07081056354845],[111.50404718602445,35.070810634459576],[111.5040468179607,35.07081068556405],[111.50404644649157,35.07081071775409],[111.50404607379865,35.07081072921792],[111.50347570329735,35.070813098252415],[111.50296559427524,35.070879786419525],[111.50259545256776,35.071025814393174],[111.50249945837695,35.07126661323688],[111.50246178843382,35.071524938912695],[111.5024637703892,35.07184829032727],[111.50246376020776,35.071848596832154],[111.50246373537048,35.0718488375984],[111.50242618810596,35.07212312312869],[111.50256580045348,35.072493537600266],[111.5027846196552,35.07289686303216],[111.50306302510613,35.0733649271918],[111.50306316036225,35.073365170899514],[111.50306329258925,35.07336545698374],[111.50306335606692,35.07336561716263],[111.50318344368506,35.07368876964909],[111.50318349055165,35.07368890285602],[111.50318357680383,35.07368920084852],[111.50318364005986,35.07368950344323],[111.50318367811587,35.07368980884658],[111.50318368788113,35.07369032798977],[111.50316620269668,35.07404615853476],[111.50320856717178,35.07454664976721],[111.5035072701116,35.075159661916956],[111.5035073668156,35.07515987603922],[111.50350747716355,35.075160169424585],[111.50350756341852,35.07516046741676],[111.50350762667694,35.07516077001122],[111.50350766473493,35.075161075414385],[111.50350767867778,35.075161381819015],[111.50350766849999,35.075161688323796],[111.50350763419048,35.075161993126045],[111.50350757465286,35.07516229623029],[111.50350749206882,35.0751625958248],[111.50350738532536,35.07516288921007],[111.50350725662082,35.075163177278355],[111.50350710374579,35.07516345733476],[111.50350692998393,35.07516372846426],[111.5035067374948,35.075163985249745],[111.50346961952535,35.07521026105231],[111.50368586366397,35.07551377687658],[111.50419970826218,35.07593195412042],[111.50459538521847,35.07625395898847],[111.50459564205762,35.076254181457145],[111.50459588034109,35.07625441752345],[111.504596038215,35.07625459353318],[111.50491328071881,35.076625470903245],[111.50491334147125,35.076625543660484],[111.50491354043024,35.07662580332521],[111.50491363447486,35.076625940841765],[111.50507260473921,35.07686801695982],[111.50507268778689,35.07686814911389],[111.5050728441034,35.076868427884506],[111.50507297634319,35.07686871396626],[111.50507308669911,35.07686900735005],[111.50507317296164,35.07686930534096],[111.50507323622723,35.07686960793445],[111.50507327192689,35.076869885404676],[111.50511542389985,35.07732270544221],[111.50519743578798,35.077856272665585],[111.50519746117064,35.07785647716855],[111.50523942545908,35.07827704721226],[111.50523943017265,35.078277100372844],[111.50523944412267,35.07827740677707],[111.50524473148647,35.079135058299585],[111.50524472131488,35.079135364804245],[111.50524468701035,35.07913566960674],[111.50524466264785,35.07913580851764],[111.50513027368501,35.07973488698525],[111.50509301436476,35.0800747213359],[111.50509299236685,35.08007488817904],[111.50509293283174,35.080075191283804],[111.5050928502488,35.08007549087913],[111.50509274350486,35.08007578426558],[111.50509263968921,35.080076019051454],[111.50489839095349,35.08048115889477],[111.50472449326084,35.08099948394592],[111.50455051373753,35.08151804791384],[111.50455042528588,35.08151828533937],[111.50455029657532,35.08151857340851],[111.5045501436923,35.08151885346599],[111.50454996992067,35.08151912459679],[111.50454977415846,35.08151938590414],[111.5045495585875,35.081519635576214],[111.50454932320777,35.08151987361305],[111.50454906911021,35.081520099108715],[111.50454879847116,35.0815203093501],[111.50454851129611,35.081520505238515],[111.50454820648864,35.08152068677857],[111.50437297271077,35.081617775544345],[111.50415948746948,35.082005833158306],[111.50415941262723,35.08200596596928],[111.50394505184269,35.08236288396548],[111.5039449139078,35.082363099062206],[111.50361324014168,35.08284995261784],[111.50361321841672,35.08284998605836],[111.50361302264835,35.082850247364185],[111.50361280707106,35.08285049703459],[111.50361257168483,35.082850735069606],[111.50361231758059,35.08285096056332],[111.50361204693473,35.08285117080263],[111.50361175975281,35.08285136668886],[111.50361145712021,35.08285154641479],[111.50361114122997,35.0828517099713],[111.50361100674317,35.082851772723586],[111.50313983578809,35.083064101265464],[111.5031396422114,35.0830641840923],[111.50313930307703,35.08306431259102],[111.50313895505447,35.08306442219808],[111.50313859814369,35.08306451291347],[111.50313823562864,35.0830645838222],[111.50313786750937,35.08306463492428],[111.50313756065012,35.08306466233687],[111.5028817425599,35.08308190645877],[111.5028816778941,35.08308191123374],[111.50288130514515,35.08308192269443],[111.50248758620982,35.08308355476202],[111.50248721333922,35.0830835463921],[111.50248684253448,35.083083517282375],[111.50248680742439,35.08308351382241],[111.50191566003063,35.08302116511124],[111.50100985457466,35.08296019047895],[111.50100960443534,35.0829601689784],[111.5010092357089,35.08296012092701],[111.50100887783171,35.082960053902255],[111.5004176725838,35.08283307150124],[111.49955116926986,35.082691096164325],[111.499216818646,35.08267630985014],[111.49921678025774,35.08267630820545],[111.49921640945587,35.08267627908568],[111.4992160407317,35.08267623102881],[111.49921567627268,35.08267616312448],[111.49921531936835,35.08267607535914],[111.49921496892766,35.08267596863864],[111.4992147755218,35.08267590003014],[111.4987412323391,35.08249984172503],[111.49874108505804,35.082499784643744],[111.49874083769996,35.08249967930063],[111.49838550774949,35.08233931456585],[111.49838542528248,35.08233927704769],[111.49838510741004,35.08233911610934],[111.49838480369334,35.082338938888356],[111.49838475196094,35.08233890665202],[111.49783490599154,35.08198741305062],[111.49766484719109,35.08209726570847],[111.49772397291598,35.08228763536883],[111.49798176610082,35.08265822108946],[111.49798191773927,35.08265845391887],[111.49798207404307,35.08265873269847],[111.49798220626779,35.08265901878782],[111.49798221628414,35.08265904308338],[111.49814206567483,35.08304676613627],[111.49814216599816,35.083047035230656],[111.49814225224235,35.083047333226354],[111.49814231548743,35.083047635823334],[111.49814232345334,35.08304768356265],[111.49822431443005,35.083581369729906],[111.49822432818003,35.08358146702023],[111.49826566849462,35.083904947362484],[111.4982656848214,35.08390510773735],[111.49826569874658,35.0839054141423],[111.49826568854849,35.08390572064637],[111.49826567932116,35.08390582614333],[111.49820996658732,35.084456260973056],[111.49820994148207,35.08445646027659],[111.49820988191848,35.084456763378014],[111.49820979930608,35.084457062968674],[111.49820969253192,35.08445735634911],[111.4982095637945,35.084457644411614],[111.49820949875422,35.08445776816504],[111.49795642879747,35.0849281002944],[111.4979563409266,35.08492825659035],[111.49795616712598,35.08492852771181],[111.49795597133459,35.08492878900859],[111.49795575573454,35.08492903866905],[111.49795552032582,35.084929276693195],[111.4979552661995,35.084929502175164],[111.49795499553217,35.084929712401944],[111.4979549191041,35.084929766797345],[111.4974452336253,35.08528787481705],[111.49744502284874,35.08528801629372],[111.4974447201935,35.08528819600436],[111.49744448737688,35.085288319544254],[111.49715030188479,35.08543505492546],[111.49648369459523,35.08584217808611],[111.49603293683884,35.08613513291963],[111.49570102629303,35.08639447896664],[111.49556562962299,35.086717603536286],[111.49556551816133,35.086717849161445],[111.49556536523797,35.08671812920771],[111.49556519142565,35.08671840032573],[111.49556499562239,35.08671866161868],[111.49556478001037,35.08671891127493],[111.49556454458957,35.08671914929446],[111.49556429045111,35.08671937477144],[111.49556401977173,35.08671958499292],[111.49556373255689,35.08671978086025],[111.4955634298922,35.08671996056624],[111.49556311397082,35.08672012410195],[111.49556278587833,35.08672026966021],[111.49556244671678,35.0867203981379],[111.49556209866833,35.08672050772335],[111.49556174173301,35.086720598416576],[111.49556137919501,35.086720669302814],[111.49556101105429,35.08672072038204],[111.4955607041786,35.086720747775566],[111.49504904148202,35.086755202806714],[111.49504897681281,35.08675520757753],[111.49504860404579,35.086755219014286],[111.49504823115895,35.08675521062164],[111.49504786033994,35.086755181489295],[111.49504762660055,35.08675515360004],[111.49459461201472,35.08669229630853],[111.49388598295734,35.08663050031075],[111.49266615174808,35.08663546240485],[111.49215511324341,35.08670221281301],[111.49215499051648,35.08670222773285],[111.49215461897028,35.08670225988704],[111.49215453126796,35.08670226384842],[111.49176229576003,35.08671998046002],[111.49133165459543,35.08693151115142],[111.49133160429454,35.08693153479057],[111.49133149603851,35.08693158570532],[111.4907228495987,35.087209153249475],[111.49072262975228,35.087209247880516],[111.49072229058096,35.08720937634474],[111.49072219427833,35.08720940918338],[111.49017254666319,35.087389470430594],[111.48989999999166,35.08753504799707],[111.48978432751767,35.08784136805692],[111.48978428970368,35.08784146285236],[111.48978416093135,35.08784175090606],[111.48978404162936,35.08784197222091],[111.48958920057265,35.08818259126409],[111.4895891669291,35.088182649988255],[111.48958898656831,35.0881829301378],[111.48945296269763,35.088376779320456],[111.48943444720618,35.08855382418697],[111.48943442309961,35.088554010865586],[111.4894343635007,35.08855431396277],[111.4894342808522,35.08855461354757],[111.48943418376514,35.08855488254443],[111.48927900550275,35.08894388906227],[111.48927899577886,35.08894391343821],[111.48927886700308,35.08894420149134],[111.48927871405407,35.088944481529765],[111.48927854021622,35.0889447526389],[111.48927834438753,35.08894501392181],[111.48927812875044,35.08894526356699],[111.4892778933049,35.08894550157442],[111.48927763914214,35.088945727038364],[111.48927747543031,35.08894585749463],[111.4890226982722,35.089141075833076],[111.48902259128056,35.08914115558415],[111.48902230404147,35.0891413514361],[111.48902200135336,35.08914153112589],[111.48902168540941,35.08914169464466],[111.48902152793192,35.08914176738848],[111.4884717263688,35.08938672120724],[111.4884716716846,35.08938674576422],[111.48802001625124,35.089582754034566],[111.4880199002974,35.08958280227327],[111.48801956111197,35.089582930729975],[111.48801921304106,35.08958304029391],[111.48801885608468,35.08958313096507],[111.48801849352722,35.089583201828866],[111.48801826124907,35.089583236113995],[111.48738874025052,35.089666680366065],[111.4873886043699,35.089666697136686],[111.48738834681065,35.089666721607266],[111.48669956981604,35.08971803715315],[111.48669945581344,35.0897180448216],[111.48669941854006,35.089718046773925],[111.48603023282035,35.08975309508168],[111.48602989731151,35.08975310453872],[111.4860295244116,35.08975309611845],[111.4860291535819,35.089753066958615],[111.48602878483307,35.089753018861906],[111.48602842035297,35.08975295091819],[111.48602806343133,35.08975286311427],[111.48602771297698,35.08975275635589],[111.48602737227964,35.08975263062987],[111.48602704244661,35.08975248773448],[111.48602672456913,35.08975232676397],[111.48602642085109,35.08975214951225],[111.48602613129249,35.08975195597932],[111.4860258570006,35.08975174796345],[111.48602560125987,35.08975152455013],[111.48602536298972,35.08975128844775],[111.48602514438873,35.08975104054884],[111.48602494545683,35.08975078085345],[111.48602476839797,35.089750511155444],[111.48602461212084,35.08975023236053],[111.48602447882402,35.08974994536128],[111.48602436962013,35.08974965285732],[111.48602430923843,35.08974945660308],[111.4859857307591,35.08960998079891],[111.48536395758467,35.089884685233486],[111.48536380444077,35.08988474984297],[111.48536346524983,35.089884878292295],[111.48536340177559,35.08988490017898],[111.48487216900615,35.09004869096522],[111.48487188440345,35.09004877863373],[111.48487152744146,35.09004886929566],[111.48487143543946,35.09004888859208],[111.4843208498038,35.09016436546927],[111.48432057924272,35.090164417026045],[111.48432021107915,35.09016446807129],[111.48432017382149,35.090164472726904],[111.48384795655001,35.09021490692446],[111.48384762224202,35.09021493439784],[111.48384724945727,35.090214945800305],[111.48384687655542,35.09021493737333],[111.48384666262831,35.09021492290387],[111.4832757243211,35.090168676892844],[111.48262705510473,35.090171260465205],[111.48217554781193,35.09026999338343],[111.48174307721033,35.09036878780264],[111.48121276545096,35.09050023225823],[111.4807223712409,35.09069610574307],[111.48017296976732,35.090973263845996],[111.47981963668836,35.09115266563214],[111.47981951421637,35.09115272560647],[111.47981918607775,35.091152871122404],[111.47981910511858,35.09115290389169],[111.47907266643757,35.091447141235435],[111.47907240271734,35.09144723872281],[111.47873836350982,35.091561837240356],[111.4787380263629,35.091561943129115],[111.47873766938731,35.09156203377308],[111.47873731229059,35.09156210368626],[111.4782455791658,35.09164495735041],[111.47824520880363,35.09164500928728],[111.47824483722904,35.091645041399026],[111.4782444644368,35.09164505278432],[111.4782440915288,35.09164504434017],[111.478243720693,35.09164501515659],[111.47824335193992,35.091644967036245],[111.47824298745755,35.09164489906916],[111.47824263053575,35.091644811242354],[111.47824228008314,35.09164470446149],[111.47824193938958,35.091644578713584],[111.47824160956222,35.09164443579702],[111.47824129169243,35.091644274806086],[111.47824098798394,35.09164409753485],[111.47824077441913,35.09164395776516],[111.47798412531239,35.09146719378497],[111.47737237504565,35.0911623222926],[111.47737218585067,35.091162223887935],[111.47737188214582,35.09116204661447],[111.4773715926024,35.09116185306079],[111.47737131832749,35.09116164502525],[111.47737115962754,35.09116151044615],[111.47713407933304,35.09095242597686],[111.47671969970628,35.09071159829546],[111.47671954233566,35.09071150337009],[111.47671925279536,35.0907113098148],[111.47671915147752,35.09071123630168],[111.47622559897162,35.09034158580659],[111.47555601449622,35.09013416179993],[111.47555586837136,35.090134114600964],[111.47555552768814,35.0901339888454],[111.47555519787151,35.090133845921386],[111.4755548800128,35.0901336849233],[111.47555484151151,35.09013366434303],[111.47506456730638,35.08986244087629],[111.47465691234348,35.09013633981533],[111.47444285768405,35.09047615268939],[111.47444274571014,35.09047632168173],[111.47444267825843,35.090476414785684],[111.47416961058673,35.09084912962753],[111.47403438012029,35.091253488095624],[111.47393814619491,35.091609342359135],[111.47392094544821,35.092028830979245],[111.47405992972959,35.09235029825259],[111.47445527936443,35.092736480567936],[111.47445542387436,35.09273662692401],[111.4744556424539,35.0927368757452],[111.47445584135669,35.092737135459686],[111.47445591766656,35.09273724602825],[111.47471411715982,35.093124614826635],[111.4747142178785,35.09312477397286],[111.47471437412388,35.09312505278244],[111.47471450628498,35.09312533889719],[111.47471454522105,35.09312543428881],[111.47495437280645,35.093739431037775],[111.47495444414166,35.09373962905731],[111.47495453031341,35.093739927069564],[111.47495459348171,35.093740229678744],[111.47495463144283,35.09374053509072],[111.47495464528295,35.09374084149854],[111.47495614663455,35.09399975637152],[111.47495613634842,35.09400006287383],[111.47495610192556,35.094000367667974],[111.47495604226928,35.094000670758234],[111.47495596172438,35.09400096491673],[111.4748786131135,35.09424400832751],[111.47487850516222,35.094244304395986],[111.47487837632748,35.09424459243406],[111.47487826783272,35.09424479476335],[111.47472251497588,35.09452022176876],[111.47460645738768,35.094827371549925],[111.47456910273064,35.09516685589749],[111.47456908066683,35.0951670227352],[111.47456902100832,35.09516732582525],[111.47456896198167,35.09516754869188],[111.47449209217017,35.09542547137672],[111.47467141486736,35.09587660796285],[111.47467149510781,35.09587682848157],[111.47467158128086,35.095877126493924],[111.47467164444988,35.09587742910312],[111.47467168241103,35.095877734515085],[111.47467169625055,35.09587804092284],[111.47467168596322,35.09587834742504],[111.47467165153859,35.09587865221903],[111.47467159187995,35.095878955309075],[111.47467150917025,35.09587925488395],[111.47467140229713,35.09587954824387],[111.4746713914871,35.09587957532696],[111.47449662712293,35.09630100365974],[111.47449650909385,35.096301264614276],[111.47449635608065,35.096301544634244],[111.47449618217829,35.096301815722356],[111.47449598628486,35.096302076981615],[111.47449577058329,35.096302326600714],[111.47449553507357,35.09630256457967],[111.47449528084718,35.09630279001284],[111.47449501008178,35.09630300018766],[111.47449493362743,35.096303054568374],[111.47424038241505,35.09648179477483],[111.47394746609936,35.09677349304448],[111.4737528442345,35.097097242856],[111.47359755776972,35.09742075848198],[111.47355979086178,35.09767904423336],[111.4735421691222,35.0980349423063],[111.473542163084,35.098035036071145],[111.47354212865434,35.09803534086474],[111.47354206899006,35.09803564395418],[111.47354198627413,35.09803594352821],[111.47354187939425,35.09803623688712],[111.47354181014329,35.09803639940208],[111.47338625701599,35.09837683966325],[111.4733862429307,35.09837686946306],[111.47325009837262,35.098668685697476],[111.47325005286281,35.09866878141909],[111.47324989332841,35.09866907318052],[111.47309386386983,35.09892861259048],[111.47309370408446,35.09892886108747],[111.47309358765744,35.09892902108218],[111.47285908421816,35.09923740450403],[111.47285900474047,35.099237505766105],[111.47285878902625,35.099237755382276],[111.47285876613564,35.099237779808234],[111.47272177757957,35.09938395545584],[111.47272169036727,35.09938404683305],[111.47236932486739,35.09974143592977],[111.47236919944564,35.099741558101776],[111.47236906525526,35.0997416812093],[111.47205631882179,35.1000173799691],[111.47195957974603,35.10021076710179],[111.4718633811802,35.100582922900934],[111.47186331772953,35.10058314127652],[111.47186326055284,35.10058330644756],[111.4717082719366,35.10100435521681],[111.47161285517383,35.10148899360021],[111.47169304982545,35.101779077506734],[111.47169307563752,35.101779179259765],[111.47169313880035,35.10177948187027],[111.4716931767534,35.10177978728292],[111.47169319058303,35.1017800936908],[111.47169318028405,35.101780400192546],[111.47169317208116,35.10178049937383],[111.47165597315919,35.102152465926814],[111.4716978341821,35.10258885408205],[111.47169783770084,35.102588893728104],[111.47169785153068,35.10258920013593],[111.47169784123166,35.102589506637635],[111.471697834032,35.10258958959056],[111.47167926241018,35.102783852161025],[111.4716792351715,35.10278407400099],[111.47167917549704,35.10278437708936],[111.4716790927697,35.102784676661976],[111.4716789858771,35.10278497001911],[111.47167885701799,35.10278525805356],[111.47167870398326,35.10278553806983],[111.471678530058,35.10278580915381],[111.47167841362281,35.102785969147135],[111.47144424118531,35.10309389142674],[111.47128912129399,35.10346605849835],[111.47109561676598,35.10403277210792],[111.47100037974957,35.104583039642385],[111.47100033173167,35.10458327237916],[111.47100032209904,35.10458331387902],[111.47090410003938,35.104972066375254],[111.4708078760002,35.10536082058437],[111.47080780289997,35.10536107865646],[111.47080769600099,35.10536137201273],[111.47080756713486,35.10536166004619],[111.47080741409242,35.10536194006133],[111.47080726082191,35.10536218041761],[111.47039718202738,35.10596252321378],[111.47039716136405,35.10596255394011],[111.47039696543472,35.10596281519259],[111.47039674969545,35.10596306480432],[111.47039651414629,35.105963302775244],[111.47039636684325,35.10596343674768],[111.47004368551355,35.106272272975275],[111.47004357854831,35.10627236442708],[111.47004330773872,35.10627257459195],[111.47004302039409,35.10627277039922],[111.47004271760089,35.106272950041955],[111.47004243436926,35.106273098061344],[111.46947339252165,35.10655019355087],[111.46906229021117,35.106842535667546],[111.4684950691423,35.107410518140874],[111.46830006818573,35.107685888053375],[111.46796864196966,35.108253387792644],[111.46796862675815,35.10825341308938],[111.46796845280912,35.10825368416796],[111.46796825686661,35.10825394541655],[111.46796804111393,35.10825419502395],[111.46796800077294,35.10825423754345],[111.46753736217917,35.10870900771476],[111.46753716695524,35.1087092031608],[111.4675369126714,35.10870942857937],[111.4675366418473,35.10870963873869],[111.46753635448812,35.108709834540036],[111.46753605168041,35.10871001417655],[111.46753573561787,35.10871017763976],[111.46753563278695,35.108710225808274],[111.46714280433652,35.10888974826783],[111.46714257893564,35.10888984558157],[111.46714223963713,35.10888997398037],[111.46714208855462,35.10889002413719],[111.46672928977686,35.10902107421968],[111.46672909267744,35.10902113356672],[111.46672873561226,35.10902122417577],[111.46672868521871,35.109021235186056],[111.46611948500876,35.10915292651067],[111.46574690214133,35.10929971224643],[111.46525621148018,35.10954421561427],[111.46525612834424,35.109544255593036],[111.46525580010595,35.109544401069904],[111.46525561076929,35.109544475707814],[111.46468573252733,35.10975703100213],[111.46407655788383,35.109985916123094],[111.46407639258922,35.10998597534407],[111.46407604439905,35.109986084839825],[111.46407568732667,35.10998617544111],[111.46407536191518,35.10998623978181],[111.46340645755228,35.11010207664559],[111.46340642029449,35.110102083097516],[111.46340605202765,35.11010213407991],[111.46340568036304,35.110102166146774],[111.4634053074842,35.11010217748708],[111.4628736075023,35.11010420881179],[111.46287323451124,35.11010420032104],[111.46287286359669,35.110104171091145],[111.46287249476885,35.110104122924774],[111.46287213021634,35.110104054912235],[111.46287177322979,35.11010396704093],[111.46287142271743,35.11010386021643],[111.46287116332152,35.110103766564364],[111.46249674969194,35.10995977513839],[111.46206429478427,35.10988074286153],[111.46153361951481,35.109882764397476],[111.4608058222248,35.10996640373043],[111.46080554156913,35.109966430035264],[111.46033310368217,35.11000058996508],[111.46033300280591,35.11000059665762],[111.46033262992701,35.11000060798847],[111.4601163267229,35.11000142915818],[111.45976321150971,35.11003502666013],[111.45931341228686,35.11019776189033],[111.45870775115691,35.11089485729771],[111.45870765087037,35.11089496944546],[111.45870741527291,35.11089520739385],[111.45870716095781,35.11089543279408],[111.45870689010366,35.11089564293382],[111.45870660271551,35.1108958387144],[111.45870629988013,35.11089601832901],[111.4587059837913,35.11089618176932],[111.45870568399401,35.11089631630458],[111.45823420365777,35.111092265260645],[111.45790047875141,35.11123906390956],[111.45742951511694,35.111483420577756],[111.45709595092084,35.111678793243485],[111.45709583064048,35.1116788612988],[111.45709551454537,35.11167902473495],[111.45709543358694,35.11167906289721],[111.45656553413953,35.11192358794675],[111.45611471060646,35.112232478333624],[111.45611455104208,35.11223258349141],[111.45611424819603,35.11223276309959],[111.45611401524,35.11223288656067],[111.45552484301105,35.11252638627122],[111.45552475986729,35.11252642624336],[111.4555244315995,35.11252657169401],[111.4555240922674,35.112526700060464],[111.4555239882524,35.112526734702904],[111.45507225527606,35.112673945522324],[111.45456260050912,35.112918109107305],[111.45434780675228,35.113096226592695],[111.45434079127936,35.11310422178369],[111.4543422642889,35.11311071234245],[111.45434230832417,35.113110938418004],[111.45434234621828,35.11311124383598],[111.4543423599854,35.11311155024575],[111.4543423496205,35.11311185674596],[111.4543423151136,35.11311216153395],[111.45434225536778,35.11311246461382],[111.45434217256685,35.11311276417465],[111.4543420655989,35.11311305751659],[111.45434193666273,35.11311334553272],[111.45434178354954,35.113113625527234],[111.45434160954503,35.113113896586476],[111.45434141354731,35.11311415781325],[111.45434119774016,35.11311440739662],[111.45434096212361,35.11311464533658],[111.45434070778956,35.113114870727706],[111.4543404369168,35.11311508085775],[111.45434014951036,35.113115276628044],[111.45433984665712,35.1131154562318],[111.45433953055091,35.113115619660825],[111.45433920227863,35.11311576510829],[111.45433886294221,35.113115893471445],[111.45433851472544,35.113116002939385],[111.4543381576283,35.11311609351212],[111.45433779493658,35.113116164275965],[111.45433742665023,35.113116215230924],[111.45433705496808,35.113116247270106],[111.45433668207394,35.11311625858262],[111.45433649995698,35.11311625385706],[111.45433643743816,35.11311625499273],[111.4539321371825,35.11310347319484],[111.45393200881414,35.1131034682674],[111.45393163788886,35.11310343901024],[111.45393126905245,35.113103390816754],[111.4539310197991,35.11310334578089],[111.45348772266165,35.11301553174263],[111.45348760735646,35.113015508738705],[111.45348725036693,35.113015420839844],[111.453486899854,35.11301531398826],[111.45348655910837,35.113015188171616],[111.45348640848238,35.11301512564012],[111.45312985881476,35.11286137145474],[111.4531297400545,35.11286131871859],[111.4527149203754,35.11267199091595],[111.45271485989115,35.112671963199766],[111.45271454198866,35.112671802142714],[111.45271434281598,35.112671688414174],[111.45241573526182,35.112493854980976],[111.45241563070249,35.112493791374845],[111.45241534114135,35.112493597762374],[111.45241510651995,35.112493421070646],[111.45203597296913,35.11219063550078],[111.4515841078805,35.111834554722215],[111.45114000319344,35.11153224806624],[111.45102385851114,35.11146726874261],[111.45043463519445,35.111177354855],[111.44997653119835,35.11099423191123],[111.44997619914241,35.11099408802523],[111.44997588125179,35.110993926960866],[111.44997569529414,35.11099382129094],[111.44973536629135,35.110851555024645],[111.44973524852905,35.11085148335293],[111.44973495898005,35.1108512897339],[111.44973468470812,35.1108510816365],[111.44973454475073,35.110850963176524],[111.44943549178512,35.110589615879356],[111.44943537603413,35.110589510849664],[111.44943513780734,35.11058927467584],[111.44943491926001,35.11058902671138],[111.44943472149392,35.11058876785361],[111.4492445176768,35.11032105038582],[111.4492443406932,35.11032078063442],[111.4492441845007,35.11032050179237],[111.44924408796474,35.11032030024602],[111.44914854579962,35.110105917538114],[111.4491485091331,35.11010583204498],[111.44914840003752,35.110105540409315],[111.44906721289303,35.10986127851657],[111.44906720173647,35.109861244306295],[111.44897120147684,35.10956335324567],[111.44887524210105,35.10926558722911],[111.44876489568306,35.10898582582023],[111.44865465402204,35.10872984262887],[111.4485812795615,35.10856926864914],[111.44842011069149,35.10828370811305],[111.44842002536545,35.10828354978967],[111.44841999874986,35.108283496708005],[111.44834694550877,35.10813535201067],[111.44806296149795,35.10786259822968],[111.44806278612366,35.10786242040897],[111.44806264376308,35.10786226229612],[111.4478727129983,35.10764226120299],[111.44787263682345,35.1076421713486],[111.44787247664797,35.107641964628],[111.4476896426665,35.10739211288159],[111.44768960398652,35.10739205984431],[111.44768942701445,35.107391790090404],[111.44768932956646,35.10739162099494],[111.44754271959609,35.107123790149096],[111.44741817817257,35.1069095616578],[111.44741806516323,35.1069093547625],[111.4474179452971,35.10690909741644],[111.4472929542852,35.10661727702413],[111.44729294096082,35.10661724732846],[111.44729292317035,35.10661720322754],[111.44713107959703,35.106218212813026],[111.44699882826473,35.10592051675923],[111.44699879272379,35.10592043576803],[111.44699872152378,35.10592025215344],[111.44692502949158,35.10571771550748],[111.44692499160466,35.105717606582786],[111.44692490441986,35.10571730765322],[111.44692484812289,35.10571704105869],[111.44687989817076,35.10546071531344],[111.44687989248993,35.105460679280036],[111.44687985353562,35.10546037476448],[111.44687983979802,35.10546006835327],[111.44687985019021,35.1054597618531],[111.4468798858139,35.10545945616129],[111.44687994448532,35.10545915308861],[111.4468799874524,35.10545898708028],[111.44694407489042,35.10523208442675],[111.4469441158457,35.10523195177607],[111.44694422172854,35.10523165754288],[111.44694435178045,35.105231370431454],[111.4469445049046,35.10523109044581],[111.44694465606149,35.105230851929925],[111.44718948456264,35.10487205210185],[111.44718950741822,35.10487201956863],[111.44718970341947,35.10487175835305],[111.44718978078026,35.10487166432642],[111.44732669586875,35.10471023878965],[111.44749228303115,35.10448311811254],[111.447607521439,35.104321657789164],[111.44760765646069,35.104321477920315],[111.44774461681692,35.10414798885483],[111.44774464514123,35.10414795359724],[111.44774480316045,35.10414776733378],[111.44788908784184,35.10398618233579],[111.44788912381397,35.10398614164176],[111.44806950141893,35.10378863193475],[111.44806952322638,35.10378860841882],[111.44806975447227,35.103788375013664],[111.4482717058804,35.10359697039076],[111.44845053145552,35.10337734560702],[111.44842109075542,35.10321326120675],[111.44811524540609,35.102833988027676],[111.44781701979247,35.10260887593958],[111.44746766111716,35.1023658606626],[111.44709043142525,35.1021651397532],[111.4466267246707,35.1021014002949],[111.44662657758155,35.10210137830278],[111.44662621307772,35.10210131024092],[111.44662597586229,35.102101253427804],[111.44609538995059,35.101966013720364],[111.44609526693655,35.101965981724064],[111.44577542163033,35.10187768385951],[111.4457752315817,35.10187762777267],[111.44531719621591,35.10173615177206],[111.4453170434969,35.10173610275824],[111.4453167028107,35.10173597691798],[111.44531658299447,35.10173592778333],[111.44499648447442,35.10159990993426],[111.4449962744796,35.101599816062325],[111.44499611062207,35.101599735541434],[111.44455214032354,35.10137469679139],[111.44455209413267,35.10137467352543],[111.4441521228568,35.10116755051467],[111.4437308309052,35.10101419276254],[111.44333871736099,35.10089052217504],[111.44297588968864,35.100820359768996],[111.44252555794955,35.10074447388042],[111.44252525163613,35.10074441550874],[111.44252489471167,35.10074432757693],[111.44252465413476,35.10074425634627],[111.44222656319766,35.100649904468376],[111.44222645332856,35.100649868814735],[111.44222611265154,35.100649742965686],[111.44222578284949,35.10064959995116],[111.44222546501427,35.100649438865766],[111.44222516134911,35.10064926150424],[111.44222487185402,35.10064906786656],[111.44222459763546,35.100648859751395],[111.44222434197879,35.10064863624543],[111.44222410380189,35.10064840005668],[111.44222388309501,35.100648149382444],[111.44206314440189,35.10045189130538],[111.44206294889676,35.10045163603218],[111.44206277195839,35.1004513662695],[111.44206261580945,35.10045108741745],[111.4420624826483,35.100450800369345],[111.44206237358627,35.10045050782521],[111.44206228642499,35.10045020889171],[111.44206222446932,35.100449906260856],[111.44206220741485,35.100449794554486],[111.44201685717996,35.10011592332521],[111.44201683530082,35.10011573051406],[111.4420168281171,35.10011561877169],[111.44200076633803,35.099829360507464],[111.44200075980355,35.09982916583766],[111.44200077021351,35.09982885933751],[111.44200077538095,35.0998288007303],[111.44203500455987,35.099446920459904],[111.44203503503189,35.099446673376306],[111.4420350937172,35.09944637030555],[111.44203515608679,35.0994461402315],[111.44228470126602,35.09861610377214],[111.44228472283041,35.09861603519014],[111.44228473792157,35.09861598646167],[111.44260614671316,35.09765445811551],[111.44260623751131,35.0976542126142],[111.44260628733132,35.09765409615694],[111.44282851491181,35.097152344109624],[111.44300005458571,35.09669284509992],[111.44307059784951,35.09632904996448],[111.44307063099833,35.09632889300674],[111.44307064817961,35.096328825341956],[111.44324120959566,35.09566014459231],[111.4433974100418,35.09502745328422],[111.44351685373685,35.09430541003597],[111.44351690605286,35.09430514754878],[111.44351698997677,35.094304848891575],[111.4435170980223,35.09430454924478],[111.4437892972849,35.093641427568755],[111.44402571522653,35.09307389753532],[111.4441402470725,35.09279328478717],[111.44431862068735,35.092238040441494],[111.44431864982214,35.09223795290276],[111.44454015785574,35.09159889124508],[111.44454018485064,35.0915988136291],[111.44474759788963,35.09103734816855],[111.44474760870898,35.09103732108803],[111.44507669559546,35.090165247756545],[111.44533414784905,35.089466419405],[111.44533419759172,35.089466290327714],[111.44533432762485,35.0894660032174],[111.44533444269275,35.08946578736956],[111.44560023168201,35.08899987188077],[111.44573581054797,35.088618252947974],[111.44582043274535,35.08817683111891],[111.44582046803968,35.088176666941436],[111.44582055194915,35.08817636828245],[111.44582061887745,35.0881761733424],[111.4460638065813,35.087531164597934],[111.44623501266379,35.086993787658876],[111.44623511960815,35.086993490717504],[111.44623519325135,35.0869933209906],[111.4464933800582,35.08643166535454],[111.44649343644042,35.08643154796997],[111.4464935895317,35.08643126798432],[111.44649366126565,35.08643115054323],[111.44675988100333,35.086012623432254],[111.44675998324325,35.08601246982416],[111.44676012910429,35.08601227188867],[111.44719249542916,35.085455942580836],[111.44743748835694,35.08513890168455],[111.44743754607464,35.08513882846131],[111.44743776182528,35.08513857798813],[111.44743781415382,35.08513852191064],[111.44771200207177,35.08485118976078],[111.44810163822243,35.08444413164053],[111.4481017167336,35.08444405112925],[111.44845535896978,35.08409081085139],[111.44845545823031,35.08409071494],[111.44845571139987,35.0840904904661],[111.44845598328432,35.08409027944341],[111.44845619849002,35.084090130824265],[111.44887556991465,35.08381419215699],[111.44887564202806,35.08381414501927],[111.44887594368929,35.083813965433066],[111.44887613502686,35.08381386377233],[111.44936097444729,35.08356750532496],[111.4493610991138,35.083567443570416],[111.44936142727722,35.083567298136536],[111.44936151152594,35.08356726447398],[111.44989734038542,35.083356504391034],[111.44989759536286,35.08335641060486],[111.44989787996096,35.08335631941284],[111.45023112920043,35.083258234920166],[111.45063501835685,35.0831041206956],[111.45063521315357,35.08310405056689],[111.4506355623448,35.0831039411059],[111.45063591821915,35.08310385054866],[111.4506362818781,35.083103779792445],[111.45063665002719,35.08310372794815],[111.45063702048331,35.083103696826576],[111.45063724522284,35.08310368787919],[111.45149165503959,35.08308218425974],[111.45149181731277,35.083082181852866],[111.45227205186876,35.08308232826832],[111.45227239732334,35.08308233689491],[111.45227276920353,35.0830823652529],[111.45227313790863,35.08308241435404],[111.45227350123567,35.08308248240383],[111.45227385918962,35.08308257030361],[111.45227420847597,35.08308267716431],[111.45227454908976,35.083082802084576],[111.452274878838,35.083082945072604],[111.45227519662414,35.08308310613246],[111.452275427627,35.08308323867244],[111.45247590733662,35.08320437560862],[111.45247598105158,35.08320442040166],[111.45247627050854,35.083204614015706],[111.45247654360247,35.08320482301395],[111.45247680032342,35.0832050455937],[111.45247703847839,35.083205281763156],[111.45247725696586,35.083205530625065],[111.4524774557759,35.08320579037672],[111.45247763271053,35.08320606012497],[111.4524777212724,35.08320621212462],[111.45247904705806,35.083208609306105],[111.45265557563123,35.08352781483533],[111.45265564322062,35.08352794167501],[111.4526557752891,35.08352822781496],[111.45265588546715,35.083528521247494],[111.4526559715468,35.08352881927683],[111.4526560346246,35.08352912189879],[111.45265607249749,35.08352942731895],[111.45265607604097,35.083529473275156],[111.45267959120945,35.08385100926608],[111.45272400834101,35.08402935085539],[111.4527906611635,35.08427948034392],[111.45279067798492,35.0842795478832],[111.45279071167755,35.084279691975205],[111.45285776819367,35.0846013988069],[111.4529023991868,35.08481550642132],[111.45292413080603,35.08486829639999],[111.45300982101278,35.08499027210196],[111.45341951037257,35.08497101115847],[111.45363687244902,35.08495232333647],[111.45363706646036,35.08495230909028],[111.45363743922644,35.084952297780845],[111.4536378121023,35.084952306300934],[111.45363818399142,35.08495233465466],[111.45363843088583,35.08495236527869],[111.45400304325271,35.08500384936399],[111.45406705886224,35.08470542048196],[111.45406707706367,35.08470534109402],[111.45406716093957,35.08470504242941],[111.45406726677105,35.08470474818939],[111.4540673967661,35.084704461069784],[111.45406754982824,35.0847041810747],[111.45406772377436,35.08470391001503],[111.454067919706,35.084703648787986],[111.45406813543511,35.08470339830317],[111.45406837097165,35.084703160363226],[111.4540686241276,35.08470293587773],[111.45406889599944,35.08470272484258],[111.45406907514086,35.08470259978396],[111.4544342238093,35.084458276367144],[111.4544343319754,35.08445820565562],[111.45443463362666,35.084458026055685],[111.45443491025777,35.08445788260398],[111.45483548508209,35.084262165421755],[111.45509438407696,35.08409616025781],[111.45509469337101,35.08409597521938],[111.45509500936434,35.08409581178849],[111.45509533751952,35.08409566633917],[111.45509546990816,35.084095613563385],[111.45540220388796,35.08397784303033],[111.45540241071926,35.08397776834198],[111.45540275990767,35.0839776588673],[111.45540311578037,35.0839775682961],[111.45540347943893,35.0839774975256],[111.45540384758876,35.08397744566683],[111.45540421804685,35.08397741453069],[111.45540459080817,35.08397740321584],[111.45540496367971,35.08397741173054],[111.45540533556495,35.08397744007888],[111.45540570427586,35.083977489170444],[111.45540606760936,35.08397755721078],[111.45540642557049,35.08397764510126],[111.45540677486466,35.08397775195286],[111.45540711548686,35.08397787686425],[111.45540738038416,35.08397799034231],[111.45570369714397,35.08411293315095],[111.45570376200413,35.084112962652135],[111.45570407980092,35.08411312370291],[111.45570438452972,35.084113301027294],[111.45570467399745,35.08411349463353],[111.45570494710257,35.08411370362439],[111.45570520383511,35.084113926197176],[111.45570544200197,35.08411416236017],[111.45570555895,35.08411429081534],[111.45582442462283,35.08424976843668],[111.45599068990512,35.084414186183075],[111.45621615503163,35.084626807518],[111.45642903265387,35.08477127521733],[111.45673665701196,35.08491561826748],[111.45702071949214,35.085031033619615],[111.45730480843994,35.085127078855244],[111.45770752929116,35.08526161089565],[111.45770787541994,35.08526173848382],[111.4577082051863,35.08526188145687],[111.45770852299147,35.0852620425023],[111.45770882772882,35.085262219821544],[111.45770885744102,35.085262238637974],[111.45781564099214,35.08532986395314],[111.45781590075686,35.08533003873781],[111.45781617387144,35.0853302477238],[111.45781643061348,35.085330470292014],[111.45781666878996,35.08533070645073],[111.4578168872993,35.085330955302766],[111.45781703640448,35.0853311467297],[111.45795999266772,35.08552497099007],[111.45796004239489,35.08552503930571],[111.45796021935254,35.08552530904568],[111.45796024924124,35.08552535940901],[111.45809154847011,35.08574838294641],[111.45809167475595,35.085748611415],[111.45809180684701,35.085748897548754],[111.45809181685196,35.08574892184771],[111.45823541400134,35.08609767374478],[111.45847316051172,35.086397542963645],[111.45847330855412,35.086397739801924],[111.45847342686355,35.0863979142186],[111.45861630638262,35.08662051208558],[111.45882704626364,35.08683976676562],[111.45908178724592,35.08672429916967],[111.45948126963452,35.08645133325223],[111.45973906555832,35.08615956277198],[111.45997310398515,35.08578992045974],[111.46010151100698,35.08551756128068],[111.46010155003698,35.08551748181284],[111.4601015890872,35.085517405950384],[111.46033552857168,35.085069480099335],[111.46033564256317,35.08506927595906],[111.4603358164892,35.08506900489055],[111.46033601240161,35.085068743653565],[111.46033622811237,35.08506849315774],[111.46033646363162,35.08506825520578],[111.46033663273838,35.08506810223383],[111.46060723979471,35.084833837636296],[111.4606073238272,35.08483376610961],[111.46060759568248,35.08483355505992],[111.4606078829753,35.084833359274725],[111.4606081846142,35.08483317965955],[111.46060840218516,35.084833065261655],[111.46111534667735,35.08457846465915],[111.46111544509078,35.08457841561144],[111.4611156069607,35.08457834108433],[111.46162271363067,35.08435289226416],[111.46162287990607,35.08435282132504],[111.4616232191173,35.084352693843236],[111.46162339861701,35.08435263457148],[111.4623783013259,35.08411664857691],[111.46264911690173,35.083989458500625],[111.46264939910614,35.08398933393754],[111.46264973831424,35.08398920645288],[111.46265008749275,35.083989096957396],[111.46265017179232,35.08398907320041],[111.46334627020524,35.08380186904629],[111.46371132966861,35.083654941717036],[111.46413548425087,35.08343963792999],[111.46413560562145,35.08343957707428],[111.46413585718577,35.08343946434269],[111.46461915316257,35.083233640151825],[111.46505450815893,35.08299913181316],[111.46538293434547,35.08272662892738],[111.46558168561883,35.082405814374496],[111.46558181498548,35.08240561738112],[111.46606259684584,35.08171377419522],[111.4660627927371,35.08171351385039],[111.46606300842153,35.08171326334445],[111.46606324391449,35.08171302538143],[111.46606349702813,35.08171280087111],[111.46606376885896,35.08171258980928],[111.46606402663025,35.0817124130532],[111.46638206017951,35.08150710869645],[111.46638208967687,35.081507089654416],[111.4663823912908,35.08150691002496],[111.46638255199177,35.08150682467899],[111.46672439340439,35.081330580583995],[111.46672452679528,35.08133051336989],[111.46714887967468,35.0811248329256],[111.46733740250478,35.08102696146913],[111.4673375730721,35.081026876083854],[111.46733790119295,35.0810267306016],[111.46733824038137,35.08102660310393],[111.46733858954089,35.08102649359505],[111.46733894538723,35.08102640298898],[111.467339309022,35.08102633218284],[111.46733967715062,35.081026280287965],[111.46734004759041,35.08102624911549],[111.46734042033626,35.081026237764064],[111.46734079319519,35.08102624624215],[111.46734116507074,35.08102627455398],[111.46734153377506,35.08102632360932],[111.46734189710494,35.08102639161397],[111.46734225506553,35.08102647946924],[111.46734260436226,35.08102658628649],[111.46734294498995,35.08102671116436],[111.46734327475569,35.08102685411132],[111.46734359256297,35.08102701513159],[111.46734389730506,35.081027192426696],[111.46734418678899,35.08102738600512],[111.46734445991314,35.08102759496971],[111.4673446670687,35.081027772640894],[111.46766551434601,35.08131807379774],[111.46790254775397,35.08153039716341],[111.46825714914384,35.08169377292492],[111.46871899146518,35.08186683384075],[111.46871912443933,35.08186688560573],[111.46871925853058,35.081866940971835],[111.46916960928613,35.0820595644462],[111.46916980496727,35.082059652022515],[111.46917012278213,35.082059813037915],[111.46917042753196,35.08205999032835],[111.46917056730756,35.08206008082503],[111.46943165489387,35.0822339984477],[111.46943180461078,35.08223410152465],[111.46943189049871,35.082234164287435],[111.46970496872135,35.08243718941191],[111.46970515596784,35.082437335608475],[111.46970524520768,35.08243740917442],[111.46996577196302,35.08265920087344],[111.47042661637256,35.082812530105194],[111.47042696580502,35.0828126585456],[111.47042729558325,35.08281280148403],[111.47042761340347,35.08281296249608],[111.47042772450712,35.08281302425896],[111.47086654858136,35.08306396715935],[111.47155342103657,35.08343975967614],[111.47202564091056,35.08351548458269],[111.47202599876749,35.083515551693154],[111.47202632709134,35.08351563153763],[111.47294992304096,35.08376470684917],[111.47294995269364,35.08376471484578],[111.47295030200918,35.08376482164667],[111.4729506426567,35.08376494650859],[111.47295075147163,35.08376499115222],[111.47354317717038,35.08401528816002],[111.47409902441007,35.08421683817831],[111.4745472998372,35.08425385409144],[111.47488976813445,35.08425251343321],[111.47530282338822,35.084241191116824],[111.47584545948438,35.08413227617596],[111.47584567308549,35.084132237480645],[111.47584604122237,35.084132185559916],[111.47584617163469,35.084132172429136],[111.47628252467413,35.084091662149696],[111.47661208932008,35.083974024230336],[111.47661215279216,35.08397400234823],[111.4766125019515,35.083973892812686],[111.47661264865388,35.08397385257625],[111.47710840984945,35.08384557652779],[111.47765120093311,35.083697715948],[111.4781698484685,35.08353064371291],[111.47865251461191,35.083295832550604],[111.47918231535972,35.082963485412456],[111.4791825830802,35.082963326616515],[111.47918289902043,35.082963163123225],[111.47918322712758,35.08296301760908],[111.47918339013735,35.08296295386974],[111.47957267008256,35.082815642526434],[111.47957284624974,35.08281557873454],[111.4795730914067,35.08281549934667],[111.4799978263034,35.082687517609585],[111.48033986430526,35.08256958675204],[111.48034021126581,35.08256947811588],[111.48034056710401,35.08256938747174],[111.48034093073392,35.082569316626646],[111.48034129886074,35.082569264692324],[111.4803416693021,35.08256923348013],[111.4803422536923,35.08256922395449],[111.48066150839263,35.08257767563478],[111.48066166961988,35.08257768220662],[111.48066204150658,35.082577710477494],[111.48066241022539,35.08257775949221],[111.48066277357276,35.082577827456774],[111.48066313155397,35.082577915272545],[111.48066316340523,35.0825779241599],[111.48097105208336,35.082664168710465],[111.48097136955306,35.08266426660096],[111.48097171020792,35.08266439144031],[111.48097201801546,35.08266452452217],[111.48130352736922,35.082818501897904],[111.48169381242329,35.08293341160424],[111.48201345348802,35.08301958607892],[111.48201348314129,35.08301959407329],[111.48201383246516,35.08301970084803],[111.48201417312305,35.08301982568442],[111.48201450292196,35.083019968591174],[111.48201477786397,35.0830201063078],[111.48235870803578,35.08320338419817],[111.48235875093741,35.08320340746289],[111.48235889835713,35.08320348980164],[111.48260783708483,35.083348165461636],[111.48302262301169,35.08355049902299],[111.48302266260289,35.08355051869521],[111.48323514671043,35.083656098440535],[111.48351714693389,35.08369357871932],[111.48367951964025,35.08367384940247],[111.48386596936415,35.08349004658214],[111.48404179347034,35.08326606539731],[111.48404182830292,35.08326602199298],[111.48404198293109,35.083265839301056],[111.48424123084156,35.08304198245305],[111.48435778765345,35.0828088524891],[111.48446284219118,35.08258496133084],[111.48446288335177,35.08258487553721],[111.48446291912047,35.082584805088224],[111.48461488306468,35.08229265115476],[111.48461500024912,35.082292441570914],[111.48461517408863,35.08229217046815],[111.48461519256908,35.0822921433535],[111.48481450006973,35.08200951842285],[111.48481467741611,35.08200928426154],[111.48481489304358,35.08200903372272],[111.48481512848248,35.08200879572374],[111.48481538154519,35.082008571174704],[111.4850977291632,35.08177420429005],[111.48509800094467,35.08177399318593],[111.48509827287556,35.08177380731932],[111.4853573870998,35.081607555717135],[111.48535769959939,35.08160736968756],[111.48584982171681,35.0813348215388],[111.48583760294517,35.08122100795648],[111.48583759477819,35.081220925064045],[111.48583758090007,35.08122061865715],[111.48583759114443,35.081220312153604],[111.48583762661312,35.08122000645037],[111.48583768512385,35.081219703358926],[111.48583776888029,35.08121940467311],[111.485837874593,35.081219110406145],[111.48583800447095,35.08121882325326],[111.48583815741766,35.081218543218824],[111.48583833125087,35.08121827211432],[111.48583852707243,35.0812180108367],[111.48583874269468,35.08121776029605],[111.48583897812836,35.08121752229509],[111.4858392311858,35.08121729774393],[111.48583950296353,35.08121708663818],[111.48583979018278,35.08121689079368],[111.48583991581808,35.08121681277336],[111.48618141709588,35.08101143477055],[111.4864285789434,35.080845312621406],[111.48642869472005,35.08084523644276],[111.486428996287,35.080845056763806],[111.48642931220442,35.080844893251765],[111.48642964029001,35.08084474771814],[111.48642997944735,35.0808446201673],[111.48643032857993,35.08084451060364],[111.48643055957709,35.080844449285955],[111.48691456215118,35.08072588803619],[111.48691468697743,35.08072585869148],[111.48691505059325,35.08072578782678],[111.48691541870741,35.08072573587259],[111.4869157891377,35.080725704640386],[111.48691616187875,35.08072569322883],[111.48731647993623,35.08072408524831],[111.48765658019519,35.08054865552303],[111.48791364643314,35.080374025849984],[111.48800489008859,35.079870087615234],[111.48800493164819,35.07986988554329],[111.4880050153954,35.07986958685599],[111.48800512109861,35.07986929258715],[111.48800513190754,35.079869266404195],[111.48811000132615,35.07961621917896],[111.48821475652562,35.0793437380823],[111.48821478459844,35.07934366495908],[111.48821491988832,35.07934336786685],[111.48836631680655,35.07904246373653],[111.48834036873934,35.07864518180708],[111.48834035970545,35.078644953799234],[111.48834036994023,35.07864464729542],[111.48834040539859,35.078644341591435],[111.48834046389833,35.078644038498716],[111.48834054764309,35.078643739811156],[111.48834065551499,35.0786434419278],[111.48850353339975,35.07824494522249],[111.48851425353764,35.078070932230744],[111.48847661873997,35.077702105528736],[111.48847661288715,35.07770204335843],[111.48847659899991,35.07770173695174],[111.48847660923411,35.07770143044789],[111.48847664469159,35.07770112474379],[111.4884767031902,35.07770082165097],[111.48847671604115,35.07770077022166],[111.48861515088365,35.07714675183134],[111.48860797093786,35.07594255364914],[111.48855920031234,35.07568076776129],[111.48843776000122,35.0751371043582],[111.4884377192634,35.07513689180105],[111.48843768248146,35.07513660711908],[111.48839976011604,35.07471920791707],[111.4883635933256,35.07458369960636],[111.48831571508877,35.07442947119504],[111.48817397495695,35.074285268775526],[111.48805541223925,35.074188747766335],[111.48805519402843,35.074188559358596],[111.48785339262416,35.074004956368476],[111.48768749301638,35.07388920736883],[111.48768744456657,35.07388917241055],[111.48768733555313,35.07388909352911],[111.4875329712952,35.07377309602345],[111.48753280606664,35.07377296689161],[111.48753255037221,35.0737727434805],[111.48753231214478,35.073772507380106],[111.48753209358244,35.07377225948297],[111.48753189468522,35.07377199978908],[111.48753171765657,35.07377173009232],[111.48753160576449,35.07377153584806],[111.4874479353274,35.073616379219565],[111.48744789096855,35.0736162946699],[111.48744775769369,35.07361600767128],[111.4874476552031,35.073615734970716],[111.4873754550607,35.07340221410541],[111.4873754137232,35.07340208447548],[111.48730304509387,35.07315941961528],[111.48730299578732,35.07315924044247],[111.48730293368664,35.07315893783454],[111.48730289459898,35.07315863333145],[111.48730288406841,35.073158152948125],[111.48731314525831,35.07289571909737],[111.4873131521452,35.07289558656957],[111.48731318760515,35.07289528086556],[111.48731324610485,35.07289497777306],[111.48731332984777,35.072894679085934],[111.48731343554478,35.07289438481741],[111.48731356540469,35.0728940976627],[111.48731368793298,35.07289386822457],[111.48744225212009,35.07267006452295],[111.48752342358168,35.07247636738179],[111.48752215865862,35.07226367909054],[111.48749772375318,35.072118435463544],[111.48742519896486,35.07180880458955],[111.48721152003492,35.07154806726898],[111.48721132445999,35.0715478120679],[111.48721114743728,35.07154754237053],[111.48721099119162,35.07154726357606],[111.48721085792103,35.07154697657705],[111.48721074873797,35.07154668407311],[111.48721066144434,35.0715463851717],[111.48721059934529,35.07154608256365],[111.48721056025882,35.071545778060425],[111.48721054637763,35.07154547165323],[111.48721055661609,35.07154516514913],[111.4872105920759,35.07154485944508],[111.4872106505751,35.07154455635257],[111.48721073431705,35.071544257665465],[111.48721084001274,35.07154396339697],[111.48721096986559,35.071543675340976],[111.48721112278993,35.07154339530457],[111.48721129659846,35.071543124197866],[111.48721149239286,35.07154286291782],[111.4872117079858,35.071542612374586],[111.48721194338799,35.07154237437085],[111.48721219641209,35.07154214981673],[111.48721246815447,35.07154193870785],[111.48721275533677,35.07154174286011],[111.487213056868,35.07154156317921],[111.4872132907632,35.07154144055581],[111.48750765027613,35.07139462562745],[111.48776646268696,35.07122853942073],[111.48776677185806,35.07122835429956],[111.48776708773592,35.071228190784126],[111.48776741578082,35.07122804524696],[111.48776775489641,35.071227917692525],[111.48776781945195,35.07122789580023],[111.48812116393856,35.07111004446871],[111.48841503743654,35.07094401857521],[111.4886735877091,35.07077809373469],[111.48881412562505,35.07065168650211],[111.48896651817884,35.07047640635243],[111.48925990976434,35.07012540289443],[111.48926006875243,35.070125221980724],[111.4892603041446,35.07012498397303],[111.48926055715872,35.070124759414696],[111.4892608288911,35.07012454830126],[111.48926092605551,35.070124479405806],[111.48969647708864,35.0698214559003],[111.48969666709527,35.069821328942496],[111.48969696861472,35.06982114925548],[111.4896972626214,35.06982099663964],[111.4901209368401,35.069615507248116],[111.49014394243005,35.06959640726456],[111.4901442141584,35.06959619614916],[111.49014444344279,35.069596037484274],[111.49053299935659,35.06934179239392],[111.49053305724031,35.06934175520398],[111.49053324621835,35.06934163996674],[111.4908505675558,35.06915612594514],[111.49103634217667,35.06895359962325],[111.49098868066746,35.06878127461206],[111.49086930852873,35.06851068490423],[111.49065647763554,35.068298955338086],[111.4901355441603,35.06802935589799],[111.49013543637801,35.068029298646366],[111.49013513273228,35.06802912140371],[111.49013484324148,35.06802892787935],[111.49013456901262,35.06802871987151],[111.48992122527311,35.06785502943859],[111.48954237649163,35.06766247691741],[111.4895422302215,35.067662399990624],[111.48954197610006,35.06766225409426],[111.48920980000227,35.06745951242457],[111.48920975048087,35.06745948107663],[111.48920946099423,35.06745928755],[111.48920918676964,35.06745907954003],[111.4892089310906,35.067458856132085],[111.48920869287694,35.06745862003463],[111.48920847432665,35.067458372140166],[111.48920827543971,35.06745811244868],[111.48920809841945,35.067457842754],[111.48920794217499,35.06745756396192],[111.48920780890427,35.06745727696492],[111.4892076997197,35.06745698446259],[111.48920767514413,35.06745690794592],[111.4891474155461,35.067262785743736],[111.48914735282564,35.06726256336022],[111.4891472907229,35.06726226075296],[111.48914728506399,35.06726223103083],[111.4890981502773,35.06695144568567],[111.48909811684508,35.06695117090499],[111.48909810295783,35.06695086449782],[111.48909811426901,35.06695055528497],[111.48912001535636,35.066658916837],[111.48912004974314,35.06665861654468],[111.48912010823199,35.06665831345111],[111.48912011572314,35.066658282774576],[111.48920076840002,35.066328004823184],[111.48919839401475,35.065930043987805],[111.4891984032835,35.06592976002127],[111.48922012978453,35.06560895863154],[111.48922016517,35.065608642110604],[111.48922022365777,35.06560833901692],[111.48922030738659,35.06560804032824],[111.48922034184871,35.06560793653256],[111.48935979902355,35.06520892489432],[111.48935987024184,35.065208734419514],[111.48936000008271,35.0652084472624],[111.48936015298814,35.06520816722313],[111.48936032677635,35.065207896113236],[111.48936052254898,35.06520763482964],[111.48936073811888,35.06520738428252],[111.48936097349682,35.06520714627456],[111.48936122649563,35.065206921715934],[111.48936149821162,35.06520671060224],[111.48936169472658,35.06520657370366],[111.48947942636306,35.065128353440244],[111.48947951700302,35.06512829448591],[111.48947976715371,35.06512814385026],[111.48970358508267,35.06500090276361],[111.48970363643463,35.065000873712684],[111.48970387030747,35.06500075108453],[111.48999848942185,35.064853788409444],[111.4899985713988,35.06485374751697],[111.48999870696309,35.064853684775315],[111.49028161919927,35.06472620388398],[111.49028181164987,35.064726121082096],[111.4902821507347,35.06472599352074],[111.49028224810745,35.06472596067811],[111.490612172055,35.0646178503534],[111.49110683674694,35.0643827787266],[111.49110711555683,35.064382655012444],[111.49141326589306,35.06425524144421],[111.49165948602806,35.06410912610267],[111.49175286172355,35.06400246161154],[111.49175294884486,35.06400236481256],[111.49175318421239,35.064002126799984],[111.49175343720093,35.06400190223642],[111.49175370890671,35.06400169111741],[111.49175399605186,35.06400149525896],[111.49175413803951,35.06400140725115],[111.49213018004873,35.063776859800356],[111.49227013486531,35.063602392005876],[111.49243360474561,35.06330081397242],[111.49243368719354,35.06330066941968],[111.49243370020766,35.06330064593141],[111.4925624296361,35.06308632184157],[111.49266763776662,35.0629111573047],[111.49277257433374,35.06268740942562],[111.49277261547586,35.062687323629014],[111.49277276836499,35.06268704358547],[111.49277278137889,35.06268702009718],[111.49292486111622,35.06243381330542],[111.49303001923063,35.062239108002274],[111.49303010493264,35.06223895802769],[111.49303027870246,35.06223868691257],[111.49303043419418,35.062238475361674],[111.49318291398941,35.06204349013775],[111.49318295425141,35.0620434403991],[111.49318316980134,35.06204318984521],[111.49318340515913,35.06204295182987],[111.49318348801106,35.06204287487718],[111.49344210568779,35.061808584665584],[111.49344216347812,35.061808533052805],[111.4936415202162,35.061633245114635],[111.49380509205864,35.06138047986645],[111.49395701625926,35.06113731897385],[111.49403825282903,35.060913881892745],[111.49403830678132,35.06091373925768],[111.49403843659915,35.06091345209554],[111.4940385894807,35.06091317205036],[111.49403876324442,35.06091290093379],[111.49403895899196,35.060912639642666],[111.49403917453634,35.06091238908726],[111.49403940988842,35.060912151070255],[111.4940396628612,35.060911926501944],[111.49403993455091,35.06091171537784],[111.49404022167978,35.060911519514015],[111.49404052315704,35.06091133981629],[111.4940408389827,35.06091117628464],[111.49404089473708,35.060911150819415],[111.49441804705937,35.06073468574723],[111.49441831929636,35.060734565657704],[111.49441865835816,35.06073443808489],[111.49441900739447,35.060734328498675],[111.49441914966705,35.06073428916017],[111.49476137143952,35.06064543004491],[111.49476158489412,35.060645378697956],[111.49476194841402,35.06064530781029],[111.49476231643291,35.0606452558329],[111.49476268676928,35.0606452245774],[111.49476305941769,35.060645213142465],[111.49476328965787,35.060645218512896],[111.49476334446248,35.06064521738801],[111.49523622025123,35.060662723791296],[111.4952363079745,35.06066272793997],[111.49523646150249,35.06066273722816],[111.49587434261197,35.060708673271854],[111.49632229566744,35.06065834430586],[111.49669961842298,35.06058885692006],[111.49719426712878,35.06046074240701],[111.49759415411394,35.06024565275245],[111.49759440000307,35.06024552735571],[111.49759461973666,35.06024542730442],[111.49788932439085,35.06011788121576],[111.49788943264036,35.060117835703295],[111.49788977169413,35.06011770812083],[111.49789012072308,35.060117598524705],[111.49789047644407,35.06011750782971],[111.49789083995883,35.06011743693269],[111.49789120797325,35.06011738494583],[111.49789157830594,35.06011735368081],[111.49789205728757,35.06011734270117],[111.4985303341607,35.060124438767886],[111.49853060059041,35.060124446686544],[111.49853072231167,35.06012445339717],[111.49907462673048,35.060161088996296],[111.4990748767997,35.06016111050152],[111.49907512363521,35.06016114103366],[111.49947621319797,35.06021763977677],[111.50001808350729,35.06011844054596],[111.50065536107076,35.05997977919568],[111.50065567969911,35.05997971839065],[111.50065578483438,35.05997970173219],[111.50111630311166,35.0599097724956],[111.5011165659879,35.05990973715783],[111.50111668978575,35.059909724928694],[111.50187267943106,35.059838570930566],[111.5018729259632,35.05983855188332],[111.50187329860667,35.05983854042657],[111.50242866721167,35.05983624139014],[111.50301856833991,35.0598143902782],[111.5034071665712,35.05970608752244],[111.50340749273687,35.0597060050462],[111.50340785624482,35.059705934132715],[111.50340822425369,35.05970588212916],[111.50340840173081,35.05970586426675],[111.50418211966873,35.05963915166195],[111.50386468816403,35.05918186810683],[111.50363113247226,35.0589087588451],[111.5036310717398,35.05890868698824],[111.50363087282855,35.05890842732023],[111.50363069577993,35.058908157646485],[111.50363061713227,35.058908024571316],[111.50348406233087,35.05864642291174],[111.50320603075168,35.05821850443747],[111.50304528513156,35.05799283531763],[111.50279708830996,35.057695940428985],[111.50243203632232,35.05728014442929],[111.50243193474178,35.05728002496873],[111.5024318938804,35.05727997556301],[111.50224199867884,35.05704237843679],[111.50212548473347,35.05691202792367],[111.5019070431084,35.056722355810464],[111.50190691524938,35.056722240965],[111.50190667703104,35.05672200489211],[111.50190645847165,35.05672175702017],[111.50190625957121,35.05672149734915],[111.50190608253305,35.0567212276727],[111.50190592626653,35.056720948896675],[111.50190579296944,35.056720661913346],[111.50190568375452,35.05672036942219],[111.50190565247223,35.05672027310575],[111.50170278602054,35.05605493186181],[111.50170272997318,35.056054729286856],[111.50170266783317,35.056054426685805],[111.50170262870104,35.056054122186865],[111.50170261767803,35.05605393294616],[111.50168848211705,35.05566691896591],[111.50121427729522,35.05521338420326],[111.50121409530522,35.055213200175686],[111.50121387454321,35.05521294960742],[111.50104717196434,35.055009553349876],[111.50104697638673,35.05500929817044],[111.50104679935514,35.05500902849261],[111.50104664309485,35.05500874971534],[111.50104650980363,35.055008462730946],[111.5010464005941,35.055008170238885],[111.50104632560668,35.05500791726546],[111.50093741013795,35.05459048143609],[111.50093739779993,35.05459043551749],[111.50093733566392,35.05459013291592],[111.50093730702798,35.054589931128746],[111.50087490346141,35.05403684891956],[111.5006354711405,35.05349418157391],[111.50063544111663,35.053494111391444],[111.50063533191064,35.053493818898914],[111.50063524458822,35.05349352000653],[111.50063518245422,35.05349321740474],[111.50063514332737,35.053492912905284],[111.50063512939994,35.0534926064991],[111.50063513958679,35.0534922999934],[111.50063517603613,35.053491986168424],[111.50069202158289,35.05313248060288],[111.50068538091713,35.0520444591145],[111.50065830885953,35.05148099213053],[111.50065830458666,35.05148083080401],[111.50065831477328,35.05148052429821],[111.50065835017516,35.051480218589724],[111.50065840861116,35.051479915490255],[111.50065849228444,35.05147961679346],[111.50065859790676,35.0514793225129],[111.5006587276868,35.051479035343554],[111.50065888052845,35.05147875528996],[111.50065897929785,35.05147859534092],[111.50081114042925,35.0512447970391],[111.50110356920811,35.05075774435717],[111.50110361805218,35.05075766573674],[111.5013603564441,35.05034963008975],[111.50133536370991,35.050098920687276],[111.50123957242992,35.04984740864509],[111.50109658675385,35.049586385566734],[111.50084725151844,35.049325473304776],[111.50084722835287,35.049325449063566],[111.50084700981664,35.04932520118923],[111.50084681093776,35.049324941516],[111.50084663391932,35.04932467183749],[111.50084647767079,35.04932439305961],[111.50084634438973,35.04932410607463],[111.50084623518873,35.04932381358205],[111.50084618151097,35.049323638938986],[111.50078578965847,35.04911008642879],[111.50078575601788,35.04910996217937],[111.50078571769052,35.04910978837427],[111.50073696466355,35.04886703315655],[111.50073694086002,35.048866904359684],[111.50073692603935,35.04886681067896],[111.50069987328376,35.048604570120666],[111.50069984897982,35.048604359301706],[111.50069984292757,35.04860426558477],[111.50068672184385,35.048390517895626],[111.50068671396956,35.048390305206105],[111.50068422323886,35.047982148805744],[111.50068423342509,35.04798184229976],[111.50068426882554,35.0479815365911],[111.50068432725911,35.04798123349147],[111.500684359381,35.04798110897061],[111.50074210937744,35.04776718053256],[111.50081097010278,35.0474365876478],[111.50081099250858,35.047436487503845],[111.50081107617737,35.047436188806785],[111.50081109983324,35.04743611389587],[111.50095023800776,35.04702788559643],[111.50097152668422,35.0466493191759],[111.50097153066655,35.04664925335983],[111.5009715660654,35.046648947651036],[111.50097162449703,35.04664864455121],[111.50097170816444,35.046648345854024],[111.50097175338252,35.04664821226532],[111.50104123049711,35.046454218476526],[111.50103791260013,35.045910857954965],[111.50101257281717,35.04562928609333],[111.50101256192406,35.04562911758309],[111.50099884616264,35.045318189823355],[111.50099884198312,35.04531804381949],[111.50099332294137,35.04441426616718],[111.50099333312616,35.044413959661014],[111.50099336852406,35.044413653952105],[111.50099342695412,35.04441335085218],[111.50099344407712,35.044413283179104],[111.50102806294926,35.04427708548015],[111.50102812949122,35.04427685445589],[111.50102819842327,35.044276655870924],[111.50109775742345,35.04409228281611],[111.50111915390835,35.04374396285771],[111.50104784028194,35.04359944676739],[111.50104773363776,35.04359921285287],[111.50104763896672,35.04359896536842],[111.50084314810638,35.04300701785412],[111.50071092249571,35.04263829228655],[111.50071089235487,35.042638202274404],[111.50071085436083,35.04263808254962],[111.50056609425268,35.04215276553645],[111.5005660449367,35.0421525863682],[111.50056598281205,35.04215228376575],[111.5005659436914,35.04215197926566],[111.50056593262381,35.042151781912295],[111.50055156729313,35.041733955556275],[111.50055156443604,35.041733846502844],[111.5005515716148,35.041733585978626],[111.50057306959985,35.04138363859111],[111.50057307365375,35.04138358449246],[111.50059498855894,35.041101656010376],[111.50059502186413,35.041101366534626],[111.50059508029346,35.04110106343473],[111.50059512957957,35.041100878451466],[111.50075708142107,35.04053666738822],[111.50079155385319,35.0403811513105],[111.50079156560041,35.04038110078554],[111.5007916492624,35.04038080208821],[111.50079169447741,35.040380668499466],[111.50089625860674,35.04008868745018],[111.50089631899935,35.04008852675778],[111.50089644876104,35.0400882395878],[111.50089660158115,35.040087959533565],[111.50089661458922,35.04008793604435],[111.5010720731218,35.03979566304139],[111.50107223381032,35.03979541540359],[111.50107242948577,35.039795154100815],[111.50107264495384,35.0397949035327],[111.50107285843367,35.03979468632331],[111.50122557578553,35.03964828217688],[111.5012255975773,35.039648261355445],[111.5012258504654,35.039648036772064],[111.50122612206668,35.03964782563187],[111.50122617007794,35.039647791181636],[111.50155504616035,35.039413577840044],[111.50180098527751,35.039121498238956],[111.50180107451958,35.03912139601555],[111.50203544256384,35.03885841751019],[111.5022572605382,35.03845948340783],[111.50225732018961,35.03845938130657],[111.5022574938794,35.03845911017783],[111.5022575829878,35.038458986321864],[111.5025621145599,35.038049796009815],[111.50286532117579,35.037505508274464],[111.50286461307326,35.03738992815049],[111.50286462325053,35.03738962164388],[111.50286465863876,35.03738931593415],[111.50286471705721,35.03738901283307],[111.5028648007087,35.03738871413425],[111.50286484591877,35.03738858054473],[111.50296940007304,35.0370965985565],[111.50296946045947,35.03709643786304],[111.50296950042727,35.03709634305393],[111.50306245408484,35.03688275129019],[111.50308452163766,35.03664052042565],[111.50308292001736,35.03637920030535],[111.50299953316893,35.036205435423874],[111.5029994465144,35.03620524379211],[111.50299933732379,35.036204951300746],[111.5029993127451,35.03620487478651],[111.50292706108084,35.03597216571844],[111.50281933293677,35.03572987606929],[111.50281929737213,35.035729795093715],[111.50281918818281,35.035729502602166],[111.50281910087217,35.03572920371038],[111.5028190512627,35.03572897677167],[111.50277019174965,35.03546682757388],[111.50270938815213,35.03517581380025],[111.50261332222838,35.034894913357405],[111.50248206882915,35.03464328349293],[111.50219031380777,35.03421084483051],[111.50219019873697,35.03421066503345],[111.50219004251329,35.0342103862564],[111.50218990925278,35.03421009927202],[111.50218985917324,35.03420997418933],[111.50205163948206,35.03384777497895],[111.50189646408687,35.033566848932054],[111.50189639867749,35.03356672571538],[111.50189626541906,35.033566438730624],[111.50189616963404,35.03356618674416],[111.50177598283531,35.03321712211079],[111.50157301646921,35.03282973360386],[111.50132297017042,35.032461946568354],[111.50119233298004,35.03231695423696],[111.5011921894998,35.032316787175354],[111.50119199066172,35.03231652750163],[111.50119181367954,35.03231625782257],[111.5011916851776,35.032316031208886],[111.50108457107804,35.03211327124476],[111.5008243922172,35.03191103665302],[111.50033812608066,35.03158272500705],[111.50033800612634,35.03158264167453],[111.50033773199486,35.03158243368771],[111.5003374763988,35.031582210301224],[111.50033723825884,35.03158197422363],[111.50033701977203,35.03158172634723],[111.50033682093847,35.03158146667201],[111.50033664396068,35.03158119699165],[111.50033653209721,35.03158100275763],[111.50025288046794,35.0314258546324],[111.50025283611929,35.031425770086734],[111.50025280949583,35.03142571701584],[111.5001333767555,35.03118364605604],[111.49987226640674,35.030845728620704],[111.49933963984978,35.03053747537893],[111.49933947266906,35.03053737421239],[111.49933918329015,35.03053718070787],[111.4993389091647,35.0305369727187],[111.49933865357463,35.030536749330025],[111.49933841544056,35.030536513250375],[111.4993381969596,35.030536265372085],[111.49933799813172,35.03053600569515],[111.49933796054569,35.030535951767774],[111.49917116114786,35.03029380069468],[111.4989807440323,35.030051742891004],[111.49898060704216,35.03005156047677],[111.49898043007217,35.0300512907943],[111.49898027830538,35.030051021008184],[111.4988009537612,35.029701934912794],[111.49859786085233,35.029323860865546],[111.4983710670458,35.02893612828687],[111.49837094847918,35.02893591154427],[111.49837081524076,35.02893562455525],[111.49837079409821,35.02893557146141],[111.49819116320236,35.028490007767395],[111.49802822760259,35.02831345149345],[111.49736384002492,35.02825680417213],[111.49736371283946,35.02825679207424],[111.4973636273095,35.02825678250975],[111.4968706501042,35.028199210793645],[111.49687036715632,35.028199172292],[111.49687013569314,35.02819913087546],[111.49639143013115,35.02810574422254],[111.49639129738003,35.028105717724536],[111.4963909407167,35.02810562994809],[111.49639059051351,35.02810552321648],[111.4963902500578,35.02810539751629],[111.49638992045622,35.02810525464571],[111.49638960279907,35.02810509369893],[111.49638929928881,35.02810491646966],[111.49638900992541,35.028104722957885],[111.49638873581556,35.02810451496185],[111.49612664186016,35.027891056767345],[111.49612648325338,35.02789092221063],[111.4957771846951,35.027582739863675],[111.49528349680364,35.02726352634478],[111.49479065843416,35.027075200359114],[111.49412365757675,35.026899290405055],[111.49310862369691,35.02670088358722],[111.49197777688255,35.02653865543499],[111.49129640335553,35.02645799786114],[111.49129613137897,35.026457960203416],[111.49129576717651,35.02645789227253],[111.49129541052562,35.026457804480955],[111.49129528429388,35.026457768035925],[111.49070018978762,35.02628140113879],[111.4907001184351,35.026281379794476],[111.4900907429976,35.02609323627789],[111.48900303467502,35.02585933300395],[111.48823501298416,35.02570764417928],[111.48680155665814,35.02573722868096],[111.48680149749374,35.02573722981966],[111.4853092687712,35.025755125364505],[111.48530921288865,35.02575512558799],[111.48530893892264,35.02575512127539],[111.4832079618562,35.02568009065062],[111.48142691024258,35.025782491783104],[111.47987847035756,35.02593155477691],[111.47880999690739,35.02631664766261],[111.47855277689959,35.026482848904394],[111.47853961759412,35.026683254326095],[111.47854149113509,35.02700473539228],[111.47857239806262,35.02733815955452],[111.47857240041701,35.027338187487665],[111.47857241425649,35.027338493898405],[111.4785724039893,35.02733880040421],[111.47857237381456,35.027339075440636],[111.47853057532554,35.027625280571975],[111.47853057111583,35.02762531033374],[111.47853056264915,35.02762536174512],[111.4784745523594,35.02795929536464],[111.47847450122802,35.02795954704806],[111.47847445729954,35.02795971848128],[111.47840347110642,35.02821028313922],[111.47840343240443,35.02821041128612],[111.47840332562998,35.02821070465179],[111.47840319690863,35.028210992695804],[111.47840310695227,35.028211163409075],[111.47823104699987,35.02852171765045],[111.47823098408018,35.02852182696399],[111.47823081033124,35.02852209805924],[111.47823076141515,35.028522165854646],[111.4780151960739,35.028820930965935],[111.47790027752447,35.028988206148064],[111.4779000763737,35.02898847644938],[111.47789986085712,35.0289887260758],[111.4778996255483,35.02898896406238],[111.47789937153775,35.028989189503434],[111.47771191815418,35.02914486469697],[111.47771164761674,35.029145074879445],[111.47771136055866,35.02914527070506],[111.47771126119905,35.02914533238925],[111.4772787960189,35.02940882660865],[111.47710714409129,35.02959897103754],[111.47702219412989,35.02983600522241],[111.47705248020576,35.030096248188705],[111.47718352113299,35.03029751325008],[111.477183596344,35.0302976328363],[111.47718375247554,35.03029791164648],[111.47718388454142,35.03029819776223],[111.47718399473325,35.03029849117496],[111.4771840192861,35.03029856769471],[111.47724296611227,35.03048864715379],[111.47734530495248,35.03067857662454],[111.47734535037827,35.03067866207583],[111.47734539251664,35.03067874754003],[111.47747736173103,35.0309522902159],[111.47763833129214,35.03126111801313],[111.47791545596068,35.031617248944855],[111.47791557855642,35.03161741341236],[111.47791575546627,35.031617684027374],[111.47791591160284,35.0316179628365],[111.47791604367345,35.03161824895137],[111.47791615386971,35.03161854236333],[111.47791623998428,35.031618840376964],[111.47791630311293,35.031619142987964],[111.47791634105359,35.03161944840228],[111.47791635489153,35.0316197548129],[111.47791864253882,35.032012731412294],[111.47796358588316,35.03227445314671],[111.47796362607893,35.03227476936852],[111.4779636399172,35.03227507577909],[111.47796362964733,35.03227538228462],[111.47796359525881,35.03227568708241],[111.47796353565586,35.0322759901768],[111.4779634530196,35.032276289756425],[111.47796334623845,35.03227658312159],[111.47796321750934,35.03227687116498],[111.47796306462486,35.032277151191224],[111.47796289086723,35.03227742228599],[111.4779626951354,35.03227768355229],[111.4779624796105,35.03227793317874],[111.47796224429254,35.03227817116539],[111.4779619902721,35.03227839660654],[111.47796171972509,35.032278606789546],[111.47796143265673,35.03227880261572],[111.47796113015238,35.032278982278086],[111.47796081440369,35.03227914576801],[111.47796048649596,35.03227929127846],[111.47796014753028,35.032279419706455],[111.4779597996878,35.032279529240704],[111.47795944296854,35.03227961988119],[111.47795911021048,35.032279685189],[111.47732258601646,35.03238939037979],[111.4766723680388,35.03258243332508],[111.47609517228794,35.03282265234323],[111.47564887783403,35.03315740571891],[111.47540438227314,35.03342023465479],[111.47540427770409,35.033420344129986],[111.47507294525295,35.03375535429489],[111.47507282647356,35.033755470135],[111.47507272401187,35.03375556517977],[111.47471234021184,35.03407877020518],[111.4747121886394,35.034078900595105],[111.4747119180781,35.03407911077091],[111.47471163099566,35.03407930658947],[111.47471142132758,35.03407943450259],[111.47423484100406,35.03435541929225],[111.47423474815339,35.03435547103309],[111.47423453729947,35.03435558362678],[111.47375774631809,35.03459581281293],[111.4737576414072,35.034595863699124],[111.47375734191252,35.03459599827087],[111.47329490592885,35.0347884367637],[111.472890422363,35.03498064315085],[111.47289029776191,35.034980700422615],[111.47251451858719,35.035149020114474],[111.47251433711484,35.035149097437404],[111.47251399812866,35.03514922585031],[111.47251365026663,35.03514933536905],[111.47251329352872,35.03514942599363],[111.47251313919354,35.03514945814249],[111.47220919132852,35.035210233492194],[111.47220898333204,35.03521027215907],[111.47220861540673,35.03521032316612],[111.47220824408495,35.03521035525767],[111.47220787154806,35.03521036662248],[111.47220752410715,35.035210358960896],[111.47174368846595,35.035188325564654],[111.47174330912078,35.03518829639297],[111.4717429406255,35.03518824825036],[111.47174258298006,35.03518818113686],[111.47130733247357,35.035094525826324],[111.47130697251814,35.035094437989045],[111.4713066223168,35.03509433118515],[111.47130628186954,35.035094205414644],[111.47130611159676,35.03509413396658],[111.4709000974444,35.034917257516554],[111.47040843185303,35.03483598635607],[111.4699601760119,35.03484961775452],[111.46938113407685,35.03489950984829],[111.46894692812988,35.03494883771553],[111.46838247528915,35.035034419619365],[111.46802081953692,35.035095364866855],[111.46760174910021,35.035192191125475],[111.46724180784078,35.035324112874626],[111.46698325016432,35.035574581617354],[111.46698320874687,35.035574621436936],[111.46698295468592,35.03557484685532],[111.46698268409972,35.03557505701403],[111.46698239699343,35.03557525281442],[111.46698209445267,35.03557543244962],[111.46698177866917,35.03557559591114],[111.46698145072854,35.0355757413921],[111.46698111173177,35.035575869789604],[111.46698076386038,35.035575979292545],[111.4669804071143,35.03557606990092],[111.46698004477611,35.03557614070071],[111.46697967684574,35.03557619169194],[111.46697930552006,35.0355762237675],[111.4669789329806,35.035576235116274],[111.46697856032831,35.035576226635385],[111.46697836628238,35.03557621386166],[111.46683339815904,35.03556485380117],[111.46683322162657,35.03556483735437],[111.46683285313229,35.035564789196854],[111.46683248890871,35.035564721192806],[111.46683213224344,35.03556463332957],[111.46683178204574,35.035564526512765],[111.46683144160326,35.035564400729676],[111.46683111202206,35.0355642577788],[111.46683079439293,35.035564096754605],[111.46683049091781,35.03556391945133],[111.46683020159676,35.03556372586896],[111.4668299275359,35.03556351780601],[111.46682967201765,35.03556329434846],[111.46682943396156,35.035563058204566],[111.46682921556452,35.03556281026727],[111.46682901682648,35.035562550536554],[111.46682883994947,35.03556228080667],[111.46682868384272,35.03556200198322],[111.4668286417127,35.03556191651535],[111.46669718931359,35.03528937710557],[111.46648176048392,35.0351372595761],[111.46619609370454,35.0351501076911],[111.46582276824871,35.035388598525564],[111.46563618908141,35.03560318313191],[111.46540641238468,35.03590153772028],[111.46520611176938,35.03631903433407],[111.46520608686552,35.036319087610245],[111.46520602940707,35.03631919779741],[111.46503413068999,35.036641351196465],[111.46494889849245,35.036891107022875],[111.46493612441925,35.03718845950526],[111.46493733333573,35.0374018843264],[111.46506858936036,35.03763882949942],[111.46506865913736,35.03763895902892],[111.46506879117328,35.03763924515775],[111.46506882339864,35.03763932345322],[111.46518643722601,35.03793682958278],[111.46518651516007,35.03793704471086],[111.46518655533285,35.03793717164966],[111.46526042630498,35.03818717295716],[111.46526046210968,35.0381873026168],[111.46533444772615,35.03847271545363],[111.4654810294419,35.03879361871453],[111.46548108163483,35.03879373929753],[111.46548112608988,35.038793848192455],[111.46562819794578,35.03917467047656],[111.46562826365324,35.03917485500473],[111.46562834973155,35.03917515302701],[111.46562841282112,35.039175455644354],[111.4656284507199,35.039175761062474],[111.46562846160077,35.039175940392816],[111.46564544461059,35.039616614119424],[111.46570546695162,35.03998561535428],[111.46570550259277,35.0399859090632],[111.46570551638692,35.03998621547513],[111.465705514952,35.03998634888301],[111.46568126857808,35.040820656408734],[111.46568519161924,35.0415118357924],[111.46568518130276,35.041512142296796],[111.46568514686516,35.041512447091044],[111.46568510859754,35.041512656355074],[111.46557222155465,35.0420494128745],[111.46557220016733,35.04204950669874],[111.4655721174763,35.04204980626988],[111.46557201063844,35.04205009962412],[111.46557195764733,35.04205022511746],[111.46538603648592,35.04246785577235],[111.46528649404698,35.042789799293665],[111.46528648220088,35.04278983629514],[111.46528637536106,35.042790129649106],[111.4652862433089,35.04279042219839],[111.4651429492745,35.04307701500388],[111.46514280175516,35.043077285979486],[111.46514262793254,35.04307755705594],[111.4651424321343,35.04307781830159],[111.46514221654216,35.04307806790537],[111.46514198115614,35.04307830586726],[111.46514188412053,35.043078395474595],[111.46479598124472,35.04338947580011],[111.4645655914922,35.04362859484003],[111.46456542691799,35.043628757716206],[111.46456517282566,35.043628983129466],[111.4645649022069,35.04362919328277],[111.4645646762171,35.04362934918318],[111.46429034945776,35.04380917275789],[111.46429028830723,35.04380921265203],[111.46428998573036,35.043809392280544],[111.4642896699099,35.04380955573512],[111.46428958902152,35.04380959390207],[111.46402969502552,35.043929642501254],[111.46382850944035,35.044048991999524],[111.46357041991426,35.044346699314126],[111.46348516660653,35.04457236670449],[111.46345728802075,35.04475064184912],[111.46344428852848,35.045012689950056],[111.46344428248192,35.045012783715286],[111.46344425225065,35.04501305874759],[111.46341638663273,35.045203568070384],[111.46341698535936,35.04530938982848],[111.46359168564855,35.045581670631314],[111.46378133339091,35.04583101644449],[111.46389802354592,35.04597352344136],[111.46389811517206,35.045973639367276],[111.46404411344156,35.04616377412414],[111.46404416755395,35.046163846026474],[111.46417560647956,35.04634211753483],[111.46417565618772,35.046342185848495],[111.46417583307971,35.04634245558164],[111.46417598919841,35.04634273440794],[111.46417612124559,35.04634302053725],[111.46417623141328,35.04634331396119],[111.46417631749412,35.04634361198415],[111.46417638058418,35.04634391460188],[111.46417641848119,35.046344220020096],[111.46417643227097,35.04634452643192],[111.46417784810924,35.04659480522415],[111.4641778427926,35.04659502788198],[111.4641647659607,35.0468453621118],[111.46416476095479,35.04684544595802],[111.46416472650952,35.04684575075162],[111.46416466684556,35.04684605383898],[111.46416458414477,35.046846353408995],[111.46416447729581,35.046846646761864],[111.46416443728351,35.04684674245978],[111.4640500447379,35.047109245104096],[111.4639074646221,35.04751486979479],[111.46390739441976,35.04751505394194],[111.46390726561786,35.04751534197029],[111.46390711265744,35.047515621978704],[111.46390693882147,35.04751589305329],[111.46390679741795,35.047516084683636],[111.46364791495823,35.04785066725581],[111.46331748517599,35.04834038353906],[111.46307338020748,35.048734545510094],[111.46307325089205,35.048734743402875],[111.46307305507389,35.04873500464512],[111.46307283946076,35.048735254245145],[111.46307260405264,35.04873549220297],[111.46307234994052,35.048735717613056],[111.46307207930121,35.04873592776302],[111.4630717921398,35.04873612355418],[111.46307153434273,35.04873627867178],[111.46275370926384,35.04891626652821],[111.4627536644631,35.04891629103598],[111.46275343169604,35.04891641450961],[111.46239244400684,35.0490964074087],[111.46197399590962,35.049371933007954],[111.46197392382881,35.04937197925211],[111.46197387358792,35.04937201099124],[111.46151212270807,35.04965955825444],[111.4611086828667,35.05001833793347],[111.4611085465122,35.050018454727955],[111.46110827586362,35.050018664873555],[111.46110798869303,35.05001886066008],[111.46110768608634,35.050019040280716],[111.46110735930546,35.05001920917683],[111.46060148610641,35.050259480870075],[111.45999450597168,35.050559720462566],[111.45999444038428,35.050559752259055],[111.45961862900081,35.050739951754196],[111.45961853388984,35.05073999628147],[111.45919931058327,35.05093227590015],[111.45919914657036,35.05093234772887],[111.45846174336369,35.05124501275228],[111.45846167556283,35.05124504095084],[111.45846144041418,35.05124513287745],[111.4579985992776,35.051413737458134],[111.45799849535099,35.051413773905125],[111.4579981474004,35.05141388338264],[111.45799811785145,35.051413891606465],[111.45739034598436,35.051583040032845],[111.45739004388689,35.05158311688657],[111.4569123611005,35.05169218488512],[111.45691198664038,35.05169225840472],[111.45691161863124,35.05169230936589],[111.45691124722843,35.05169234141115],[111.45691087461405,35.05169235272955],[111.45650507030263,35.05169388043365],[111.45650469757784,35.051693871921174],[111.45650432692987,35.051693842669465],[111.45650429183502,35.05169383919607],[111.45608372999547,35.05164774777531],[111.45608339652959,35.05164770305932],[111.456083032243,35.05164763502366],[111.45608267551879,35.051647547129534],[111.45608232526587,35.05164744028238],[111.45608198477248,35.051647314469854],[111.45608165514476,35.05164717149051],[111.45608133747378,35.05164701043892],[111.45608103396172,35.051646833109494],[111.45608074460858,35.05164663950225],[111.45608065106039,35.051646571350126],[111.45590600645534,35.051516126813645],[111.455905825916,35.05151598687902],[111.4559055703771,35.051515763399195],[111.45590533230539,35.05151552723461],[111.45590511389811,35.05151527927838],[111.45590501896861,35.05151515975345],[111.455759473625,35.05132559230679],[111.4555133240934,35.05114862678987],[111.45518097376254,35.051019444752534],[111.45473310506192,35.050997370633475],[111.4542554785606,35.0510348820323],[111.4542553350292,35.051034892484765],[111.45425496241737,35.05103490379499],[111.4538783673215,35.051036313325866],[111.45350190278697,35.05106154340631],[111.45350183814321,35.051061548154784],[111.45350146553112,35.0510615594627],[111.4531536368717,35.05106285920695],[111.45315326415002,35.05106285068415],[111.45315289350599,35.05106282142216],[111.45315252494954,35.05106277322369],[111.45315216066788,35.05106270517919],[111.45315180394927,35.051062617276386],[111.45315163378316,35.05106256833687],[111.45268707158935,35.05092128384357],[111.45268689150939,35.05092122592672],[111.45268655102413,35.05092110010459],[111.45268622140516,35.050920957115935],[111.45268590374356,35.05092079605536],[111.45268562774285,35.050920636642054],[111.45220572191752,35.05062446899384],[111.4522056944163,35.05062445106903],[111.45220540507586,35.05062425745242],[111.45220513100094,35.05062404935705],[111.4522048754748,35.050623825869295],[111.4522046374163,35.050623589697324],[111.45220441902254,35.05062334173427],[111.4522042202935,35.05062308198016],[111.4522040434313,35.05062281222952],[111.4522038873448,35.05062253338779],[111.45220375423112,35.050622246348105],[111.4522036964255,35.050622099640876],[111.45205660099539,35.05022934385498],[111.4520565497717,35.05022919802451],[111.45205653528937,35.05022915571424],[111.45193855909211,35.049860131487286],[111.45183577350463,35.049540074965925],[111.45151740433785,35.04930422071218],[111.45114156467146,35.04913959620051],[111.45076619582906,35.04914099147684],[111.45076582311627,35.04914098294663],[111.45076579022476,35.049140981266106],[111.45035986844222,35.049118652162115],[111.45035953069939,35.049118624572166],[111.45035916215325,35.0491185763651],[111.45035879788246,35.04911850831212],[111.45035844117523,35.04911842040097],[111.45035809094041,35.04911831353713],[111.45035775046615,35.04911818770834],[111.4503574274496,35.04911804739285],[111.44987792825303,35.04889337788772],[111.44987760730673,35.04889321502913],[111.44987730381816,35.04889303768393],[111.44987701448929,35.04889284406161],[111.44987697157528,35.048892813574284],[111.4496005786216,35.048691283057835],[111.44934027486029,35.048514524062576],[111.44879200163615,35.04849282771533],[111.44817071273228,35.04859026187563],[111.44779594664129,35.04873418696545],[111.44724770902026,35.049093414625865],[111.44724764785745,35.049093454511485],[111.44724734522342,35.049093634097765],[111.4472470293483,35.04909379750826],[111.44724689049833,35.049093862017166],[111.44671196480331,35.04933419838539],[111.4467117756222,35.04933427930361],[111.44671143653649,35.04933440764488],[111.44671108857926,35.0493345170901],[111.44671073175051,35.049334607639295],[111.44671063978478,35.04933462690662],[111.44624749870917,35.049431658102975],[111.44579891445038,35.04954054740815],[111.44579880060216,35.049540573966134],[111.44579873820021,35.04954058771594],[111.44517664261102,35.04967389294372],[111.44478645092701,35.049806291804124],[111.44430913420254,35.049974884723156],[111.4443090893468,35.04997490021067],[111.44430893835818,35.049974950338814],[111.44370127595057,35.0501678674329],[111.44370107897508,35.05016792674214],[111.4437009465409,35.05016796237981],[111.4432378240353,35.05028883850933],[111.44323759963304,35.05028889341119],[111.44323742993207,35.0502889291845],[111.44299130936211,35.05033750142921],[111.44299111663857,35.05033753638489],[111.44299074862639,35.05033758730386],[111.4429903772238,35.0503376193065],[111.44299000461318,35.05033763058212],[111.44298963189549,35.05033762202805],[111.442989261258,35.05033759273496],[111.44298889271047,35.050337544505545],[111.44298855367899,35.05033748174646],[111.44271285740302,35.05027889336822],[111.44271248753124,35.05027880277856],[111.44271213730114,35.05027869589261],[111.44271179683356,35.05027857004233],[111.44271146723426,35.05027842702643],[111.44271114959447,35.05027826593953],[111.44271084611603,35.05027808857637],[111.44271055679896,35.050277894936926],[111.44271028274906,35.05027768681988],[111.44271002724967,35.05027746331194],[111.44270979362791,35.05027723161184],[111.44256402885432,35.05012282390686],[111.44256380828412,35.05012257323018],[111.44256360958668,35.05012231346003],[111.4425634327571,35.050122043695055],[111.4425632767042,35.050121764840625],[111.4425631613906,35.050121520089526],[111.44246049593703,35.04988369126302],[111.44231432673858,35.04961054225466],[111.44209576783108,35.04931397615757],[111.44176128609892,35.048993957304404],[111.44141243161398,35.04874516804768],[111.4414121553707,35.048744958132886],[111.44141189987963,35.04874473462207],[111.44141166185747,35.04874449842856],[111.44141144350117,35.048744250445736],[111.44141133866358,35.048744118326226],[111.44114861493038,35.0483994429327],[111.44114852107835,35.04839931527984],[111.44114834425719,35.04839904551266],[111.44114818821241,35.04839876665628],[111.44114805514099,35.04839847960405],[111.44114794615348,35.048398187056044],[111.44114790600767,35.04839805920792],[111.44100029204029,35.04789802794595],[111.44100024508617,35.04789785685687],[111.44100018317626,35.04789755422253],[111.44100014427346,35.04789724970183],[111.44100013056986,35.04789694328681],[111.44100014097911,35.04789663678414],[111.44100014612019,35.04789657366975],[111.44104118827417,35.04744352891883],[111.44104121875583,35.04744328634024],[111.44104126991674,35.047443016645445],[111.44116868819196,35.04688239327565],[111.44116869568484,35.04688235989779],[111.44116877957067,35.04688206124018],[111.44116888540125,35.04688176700961],[111.44116901538314,35.04688147990214],[111.44116916842032,35.046881199921785],[111.44116928143282,35.04688101833601],[111.44165803641627,35.04614030453573],[111.44165809731281,35.04614021507868],[111.44165828012375,35.046139969241246],[111.44242122339875,35.04518371669373],[111.44242130616036,35.0451836172415],[111.44306918271734,35.04441864376615],[111.44357234433528,35.04370196572595],[111.4441324810061,35.04281837263495],[111.44430367347185,35.042401687990306],[111.4443020007801,35.04209272954685],[111.44428641483323,35.04187915341236],[111.44422885171153,35.04176231164112],[111.44372201353669,35.04150287772154],[111.44333006133608,35.04133754389741],[111.44332997015793,35.04133750457038],[111.44298174143354,35.04118401426273],[111.44248921191299,35.04104306542677],[111.44209823940854,35.04099688398872],[111.4420979630164,35.04099684533562],[111.44209775458265,35.04099680823763],[111.44179334507496,35.04093836994996],[111.44141654928296,35.04089209683252],[111.44141647799805,35.040892088078174],[111.4409814248687,35.040834078804274],[111.4409812504731,35.04083405329843],[111.44098088624663,35.04083398521686],[111.44098052958525,35.04083389727768],[111.4409803594475,35.040833848320794],[111.4406324631023,35.040727990040864],[111.44016885115919,35.04065823847969],[111.44016878973326,35.0406582287875],[111.44016842550823,35.040658160703465],[111.44016806884844,35.0406580727619],[111.44016771317342,35.040657964085284],[111.43981928380086,35.040540043286725],[111.43981895435691,35.04053992099346],[111.43981862480187,35.040539777969144],[111.43981830720557,35.04053961687409],[111.43981800376956,35.04053943950309],[111.43981771449383,35.04053924585615],[111.43981744048399,35.04053903773194],[111.439817185023,35.040538814217264],[111.43981705833775,35.040538692991746],[111.4396859368691,35.040408066902955],[111.43968582556118,35.04040795193116],[111.43968560723253,35.04040770394468],[111.439685408568,35.04040744416915],[111.43968523176912,35.040407174399334],[111.4396850757448,35.040406895540556],[111.43968494269174,35.040406608486215],[111.43968488046447,35.0404064491695],[111.43964103078495,35.040288135813974],[111.43951032387425,35.0401343095073],[111.43936454486673,35.03996800861218],[111.43936444339913,35.03996788909761],[111.43936438713502,35.03996781989598],[111.43923340919739,35.03980186184121],[111.43907443626489,35.03967225979064],[111.43874233811009,35.03954310249389],[111.43825063721718,35.03952109687246],[111.43825059885009,35.03952109520831],[111.43825022826306,35.03952106590031],[111.43824985647419,35.03952101676655],[111.43774222952038,35.03943942124637],[111.43774187078715,35.039439354036574],[111.4377415141352,35.03943926608779],[111.43774116395785,35.039439159186905],[111.4377408235429,35.039439033322076],[111.43774049399586,35.03943889029201],[111.43774017640786,35.03943872919145],[111.43773987298039,35.03943855181516],[111.43773958371341,35.03943835816314],[111.43773930971248,35.03943815003415],[111.43773905426059,35.03943792651498],[111.43773881627622,35.03943769031362],[111.43773877770246,35.03943764989119],[111.43747641715908,35.0391525567211],[111.4374762374139,35.03915234915303],[111.43747603875941,35.039152089373744],[111.43747586197051,35.03915181960059],[111.43747574249149,35.03915161001248],[111.43728560449429,35.038795021724084],[111.4369214339588,35.03829681130607],[111.43626809486591,35.03789449354054],[111.43626806077785,35.03789447203025],[111.43626777151978,35.037894278374615],[111.43626749752775,35.03789407024219],[111.43626744909233,35.03789402985474],[111.43567070171258,35.03739562491653],[111.43498670423448,35.03683793757857],[111.43498644879818,35.03683771405338],[111.43498621082928,35.03683747784642],[111.43498600466036,35.03683724513093],[111.43453389298156,35.036290614512104],[111.43453368882575,35.03629034753658],[111.43453351205275,35.03629007775889],[111.434533366017,35.03628981778617],[111.43434303280873,35.035921021707395],[111.43434289425463,35.035920725652886],[111.4343428187094,35.03592053212892],[111.4342398742185,35.03563486006555],[111.43423984081771,35.03563476103446],[111.43423975375636,35.035634462091416],[111.43423969188106,35.03563415945278],[111.43423965300964,35.03563385492908],[111.43423964186806,35.03563340608707],[111.43425204529836,35.035240234888924],[111.4342362299623,35.0349791052985],[111.43407573555882,35.03467083433586],[111.43390120119194,35.034422128969396],[111.43361167934177,35.03422149150359],[111.43314854705966,35.034044943946604],[111.43271484422866,35.03399895490427],[111.43213594161612,35.034001017924126],[111.43161534539823,35.03405047212952],[111.43121144225307,35.03414694584888],[111.43095279750185,35.03429010083697],[111.43080917582608,35.03443310925198],[111.43030479583618,35.03493532490199],[111.43013210802552,35.03513839558212],[111.43013197401753,35.03513854568452],[111.43013173855178,35.03513878357938],[111.43013171346956,35.03513880710389],[111.42990099691319,35.03535415518116],[111.42967027695113,35.03556950192727],[111.42967004786935,35.03556970374384],[111.42966977718675,35.03556991382005],[111.4296694899905,35.03557010953283],[111.42966933378038,35.035570205631146],[111.42946709537829,35.03569010517161],[111.42946694896457,35.0356901886158],[111.42946663310485,35.03569035198026],[111.42946637289437,35.03569046917789],[111.4287290301214,35.036002936833626],[111.42848329382272,35.0361110524843],[111.42848314839021,35.03611111429098],[111.42848280932985,35.03611124258139],[111.42848246140362,35.03611135197435],[111.42848210461152,35.036111442469846],[111.42848174223649,35.03611151315494],[111.42848137427853,35.03611156402962],[111.4284810029341,35.036111595987485],[111.42848063038561,35.03611160721812],[111.42848035967423,35.03611160276586],[111.42817600143637,35.03610075924368],[111.42817589949573,35.03610075509655],[111.4281755289274,35.03610072575763],[111.42817516045211,35.03610067748256],[111.42817479625693,35.036100609362265],[111.42817443962946,35.03610052138513],[111.42817408947856,35.03610041445639],[111.42817374909188,35.03610028856443],[111.42817341957472,35.03610014550811],[111.42817310201822,35.03609998438216],[111.42817279862358,35.03609980698161],[111.428172768936,35.03609978815761],[111.42791140444122,35.03593406497098],[111.42757846276169,35.03578082954933],[111.42723125620796,35.03572260902333],[111.42723096770585,35.035722555055585],[111.42695533150871,35.03566393119305],[111.42695496171984,35.035663840554506],[111.42695461157237,35.035663733622215],[111.42695427118933,35.035663607726796],[111.426953941676,35.035663464667124],[111.42695362412358,35.035663303537945],[111.42695347794057,35.03566322112632],[111.42675032256628,35.03554494418878],[111.42638762091259,35.035391434265875],[111.42638745615228,35.03539136183389],[111.42615505622652,35.03528491346891],[111.42615500020132,35.03528488752597],[111.4261546826519,35.035284726394664],[111.42615437926459,35.035284548989],[111.4261540900394,35.03528435530892],[111.42615381608157,35.03528414715331],[111.42597919293074,35.03514173998727],[111.42597893752408,35.035141516442856],[111.42597869958588,35.035141280217935],[111.42597848131257,35.03514103220618],[111.4259782827041,35.03514077240757],[111.4259781059616,35.03514050261714],[111.42597803519911,35.03514038208203],[111.42581715926767,35.03485490698481],[111.42581707406302,35.03485474864276],[111.42581694106751,35.03485446157253],[111.4258169033171,35.03485436706119],[111.4257287861121,35.03462821972554],[111.42565542201866,35.034437977106656],[111.42537793998686,35.03389202689031],[111.42503017698989,35.03366755509849],[111.42502995593983,35.03366740444261],[111.42502968199027,35.033667196284355],[111.4250296005426,35.03366712806553],[111.42468061440908,35.03337065810663],[111.42425941408,35.033110150105216],[111.42425938879175,35.03311013396896],[111.4242590995787,35.03310994028423],[111.42425882563293,35.033109732124174],[111.42425857023731,35.03310950857599],[111.42425833230999,35.03310927234754],[111.42425816146203,35.033109080953054],[111.42396673392184,35.03276465034632],[111.42358849435416,35.03239689356586],[111.42316738833695,35.0320771397146],[111.42273301876774,35.03187667556061],[111.4223868465807,35.031818611423],[111.42201144372454,35.03186745583259],[111.42152013866708,35.03194053127506],[111.42117400329944,35.03209630644827],[111.42085597136605,35.03224042669971],[111.42085576361069,35.03224051575456],[111.4208554245541,35.03224064402371],[111.42085507663383,35.03224075339481],[111.42085471984986,35.03224084386788],[111.42085435748508,35.03224091453016],[111.42085398953947,35.03224096538165],[111.42085361820932,35.032240997316094],[111.42085324567708,35.0322410085232],[111.42067937102289,35.03224161233656],[111.420678998389,35.032241603713324],[111.42067862784054,35.032241574351346],[111.42067825938676,35.03224152605333],[111.42067789521471,35.032241457910324],[111.42067753861187,35.03224136991093],[111.42067718848703,35.032241262960284],[111.42067705455528,35.03224121655334],[111.42028510247536,35.03209955429751],[111.42028489604851,35.03209947479052],[111.420284566561,35.032099331712466],[111.42028424903532,35.03209917056555],[111.42028394567241,35.03209899314493],[111.42028365647221,35.03209879945058],[111.42028338253982,35.03209859128143],[111.42028312715813,35.032098367724736],[111.42028288924513,35.03209813148836],[111.42028281431334,35.03209805062454],[111.42012255275246,35.03191987375804],[111.41983154762605,35.03161139809495],[111.41957053247141,35.03142216938821],[111.41914980247186,35.03120937752717],[111.41880234454196,35.03105611834094],[111.41847032227615,35.03102166145085],[111.41816760621502,35.031022705000126],[111.41793820815955,35.03110619965601],[111.4176358674852,35.031345038372116],[111.41763569500573,35.03134516876311],[111.41763540779517,35.03134536444762],[111.4176351051606,35.03134554396056],[111.41763495981071,35.03134562197869],[111.41728842007096,35.031525436058764],[111.4170578126432,35.031680873396446],[111.4167988118924,35.03188376763368],[111.41666979485997,35.032074281810935],[111.41666976331419,35.03207432788914],[111.41666957065132,35.03207458453992],[111.41652653209461,35.03225267083782],[111.41653087867516,35.033109357117986],[111.4165308681758,35.033109663619946],[111.4165308335587,35.03310996840194],[111.41653077372803,35.03311027146776],[111.41653068762909,35.03311058093333],[111.41644507672602,35.03337308881296],[111.41644506701886,35.03337311949286],[111.41634514969286,35.03367142022914],[111.4163450967458,35.033671568235526],[111.41625930552159,35.033898311113006],[111.41625926764654,35.03389840588681],[111.41625913869775,35.03389869386628],[111.41625907031701,35.03389882389816],[111.41612992718143,35.03413753054678],[111.41597227759104,35.0344716781093],[111.41597223964233,35.03447175846135],[111.41597208654154,35.03447203841094],[111.41597202132415,35.034472144094806],[111.41567017198349,35.03494987079376],[111.415497763166,35.03523645970186],[111.41549760332727,35.03523670812596],[111.41549757068374,35.03523675420762],[111.41526735670683,35.03555933771326],[111.41526719341041,35.035559552798176],[111.41526704416435,35.0355597290761],[111.41506532577547,35.03578686774363],[111.41506525929591,35.03578694098203],[111.41506502378435,35.035787178847926],[111.415064769579,35.03578740415861],[111.41506449885797,35.03578761420251],[111.4150644497211,35.035787649524025],[111.41486230966449,35.035931360288224],[111.41486207156838,35.035931520644766],[111.41486176891087,35.035931700150805],[111.41486145302075,35.03593186347744],[111.41486112498482,35.03593200881819],[111.41486078590351,35.03593213707069],[111.41486043795949,35.035932246424714],[111.41486006911168,35.03593233962553],[111.41458504272721,35.035992875507695],[111.41458470442242,35.035992940660854],[111.41458433645596,35.03599299149344],[111.41458396510622,35.03599302340882],[111.41458359255589,35.035993034596785],[111.41458321990542,35.03599302595496],[111.414582849342,35.035992996574485],[111.41458248087477,35.035992948258084],[111.41458211669091,35.035992880096906],[111.41458190273413,35.035992829449846],[111.41416172874939,35.035887148222535],[111.41382894279867,35.03586449017792],[111.413828692824,35.0358644684962],[111.41382832435777,35.03586442017749],[111.41382796017507,35.03586435201404],[111.41382789215314,35.03586433692274],[111.41336366462428,35.03575865443335],[111.41336337603549,35.03575858150412],[111.41336323775029,35.03575854141356],[111.41281176795206,35.03559356259695],[111.41281155610756,35.035593495714906],[111.4128112157461,35.035593369779654],[111.41281104552232,35.03559329824917],[111.41240442247705,35.035415905883696],[111.4124042851846,35.035415845057145],[111.41179425103631,35.035131871535],[111.41179392252944,35.03513170499498],[111.41179380933355,35.03513164138186],[111.41140181730816,35.03490674153198],[111.4108940629592,35.03470601421057],[111.41089403221179,35.03470600169549],[111.41089370272985,35.03470585859195],[111.41089364340867,35.034705829948976],[111.41042883133036,35.0344809553569],[111.41003664884443,35.03429158912326],[111.41003660050947,35.03429156585096],[111.40955724200735,35.0340548182201],[111.40955702885323,35.0340547071696],[111.40955672550592,35.03405452972211],[111.40955663425738,35.03405447144102],[111.40919379508175,35.03381772112015],[111.40876022551687,35.033664920070414],[111.40841436087392,35.03367793949159],[111.40803883337254,35.03375055174205],[111.40772085549064,35.033846869315965],[111.40772074059142,35.03384690305275],[111.40772038378559,35.033846993487316],[111.40772002140204,35.03384706411048],[111.4077196501576,35.033847115834654],[111.40738655591312,35.0338839901617],[111.40738619114056,35.033884021131584],[111.4073858185986,35.0338840322974],[111.40738544595824,35.03388402363339],[111.4073850754067,35.03388399423085],[111.40738470695294,35.03388394589247],[111.40738455559058,35.03388391935952],[111.4070654820548,35.03382539875086],[111.40706526924875,35.03382535710033],[111.40706491265318,35.0338252690609],[111.40706456253892,35.03382516207094],[111.40706422219347,35.033825036119424],[111.40706389272167,35.033824893005374],[111.40706357521489,35.0338247318238],[111.4070632718738,35.03382455437003],[111.40706320371619,35.03382451133287],[111.40671491226931,35.033599612766125],[111.40617915990313,35.03341118202864],[111.40567281382172,35.033341527885646],[111.40496349679704,35.033343897177474],[111.4041379956493,35.03339431291796],[111.40413760996327,35.033394325018946],[111.40339997338201,35.0333967794879],[111.40282344517144,35.03363627987398],[111.40252084301086,35.033863302771366],[111.40252077749369,35.03386335076136],[111.402520490238,35.033863546410345],[111.40252018756077,35.0338637258858],[111.40251987165371,35.03386388918046],[111.4025195436038,35.033864034488005],[111.40251920451138,35.033864162706124],[111.4025191082351,35.033864195474834],[111.40211457294063,35.03399646353483],[111.40178266615543,35.03417607675456],[111.40178240270583,35.034176211029745],[111.40178207465337,35.0341763563353],[111.40178173555849,35.034176484551374],[111.40178138760407,35.03417659386799],[111.4017810307901,35.03417668428515],[111.40178066839981,35.034176754890616],[111.40178030043315,35.03417680568439],[111.40177992908625,35.03417683756057],[111.40177955654202,35.03417684870919],[111.4000407579894,35.034182593614155],[111.40004038534823,35.0341825849276],[111.40004001479777,35.03418255550262],[111.40003964634678,35.03418250714192],[111.40003928218259,35.03418243893694],[111.40003892559281,35.034182350876826],[111.40003879500082,35.034182313449776],[111.3996038851371,35.034052774578946],[111.39908227587284,35.03397113243131],[111.39908189964716,35.03397106246038],[111.39908170984451,35.03397101801606],[111.39855949619012,35.033841647112055],[111.39809535844458,35.03373592018971],[111.39809521252096,35.033735884613606],[111.39767455837891,35.03363001791683],[111.39721043501066,35.033524291156176],[111.39721014644371,35.03352421818835],[111.39720979634329,35.033524111169854],[111.39720945601394,35.03352398519057],[111.39720934730644,35.03352394047788],[111.39684657719357,35.03337028450776],[111.39635334587793,35.03320511769128],[111.39635300006326,35.03320498992477],[111.39635277385277,35.03320489421696],[111.39606363128539,35.03307531797126],[111.3953261130031,35.03307772296271],[111.3953257403673,35.03307771426162],[111.39532536434413,35.033077684840045],[111.39510789927851,35.03305455545796],[111.3951075407023,35.03305450795146],[111.39510717654707,35.03305443973161],[111.39510681996735,35.033054351656915],[111.3951064643837,35.03305424284744],[111.39475845133687,35.03293629986221],[111.3943967041672,35.03285425345516],[111.39397732325823,35.032831833128846],[111.39371732219094,35.032844560690016],[111.39335575631522,35.03290525985308],[111.39335538287818,35.03290531244179],[111.3930222867008,35.03294214645598],[111.39302192192658,35.032942177382694],[111.3930215493865,35.0329421885044],[111.3925868558702,35.03294359564917],[111.39258648323522,35.032943586939666],[111.39258631551479,35.03294357576448],[111.3922819159208,35.03292072434414],[111.39228171309894,35.032920706071025],[111.39228134465796,35.03292065768669],[111.3922809805056,35.03292058945833],[111.39228062392941,35.0329205013753],[111.39228027383784,35.03292039434251],[111.39228013992073,35.03292034790413],[111.39201978892469,35.03282617753319],[111.3916007857974,35.03280376850119],[111.39123889949666,35.032816844749654],[111.39084790417428,35.03283001818878],[111.3905583989473,35.0328547726751],[111.39055820395124,35.03285478682328],[111.39055783141116,35.03285479793742],[111.38993522492765,35.0328568002488],[111.3895736543555,35.032905575642026],[111.38957349773938,35.03290559507362],[111.38957313296392,35.032905625989976],[111.38935624262085,35.0329182184153],[111.38908155776562,35.03296670541165],[111.38908149535364,35.03296671642823],[111.38908112738415,35.03296676718352],[111.38908104961749,35.03296677554521],[111.38883484250249,35.03299140060324],[111.38847305988392,35.033028285211664],[111.38776396090398,35.03316160364765],[111.38776382513363,35.033161628418526],[111.38776345716241,35.03316167916984],[111.38776309238509,35.03316171008076],[111.38689392273844,35.03321215708695],[111.38689384166678,35.03321216185229],[111.38605360011262,35.03325059447344],[111.38605343246864,35.033250599513636],[111.38540153061494,35.033264588803874],[111.38485111416855,35.03329016889871],[111.38485095638707,35.03329017390596],[111.38427141743091,35.03330392940366],[111.38427127497864,35.033303931657514],[111.38427090234265,35.033303922922485],[111.38427053180133,35.03330389344927],[111.38427016336311,35.03330384504061],[111.38426979921547,35.03330377678817],[111.384269442646,35.03330368868156],[111.38426918475801,35.03330361198029],[111.38379029539563,35.03315018900654],[111.38379020320097,35.03315015865151],[111.38379002647422,35.03315009611444],[111.38331105723475,35.032972846437374],[111.3829482331065,35.03284290102073],[111.38294800695864,35.032842815202756],[111.38294767753221,35.032842672022916],[111.38294736007599,35.03284251077787],[111.38294705679007,35.0328423332634],[111.3829467676745,35.032842139479534],[111.38294649383346,35.03284193122551],[111.382946335401,35.03284179651975],[111.38277195524648,35.0326876028285],[111.38245237006055,35.03246233466122],[111.38245233707615,35.032462311329496],[111.38245206323764,35.03246210307433],[111.38245180795703,35.03246187943737],[111.3824516230118,35.03246169884454],[111.38217615499629,35.03217773416498],[111.38185997015509,35.032107873634295],[111.38164643378786,35.03213197657768],[111.38150398556486,35.03230919253353],[111.38143247072976,35.03242797117613],[111.38131818909872,35.0327497297727],[111.38131812196856,35.03274990484978],[111.38131799289859,35.03275019279296],[111.38131783968235,35.03275047269966],[111.38131766560319,35.032750743658205],[111.3813174695611,35.032751004770695],[111.38131725373935,35.03275125422749],[111.38131701813799,35.03275149202861],[111.38131676384866,35.032751717269264],[111.38131649305045,35.032751927238465],[111.38131620574764,35.03275212283757],[111.38131590302758,35.03275230226046],[111.38131558708206,35.03275246550019],[111.38131525899853,35.03275261075065],[111.38131491987697,35.0327527389097],[111.38131457190075,35.032752848167796],[111.38131421506985,35.032752938524894],[111.38131385266762,35.03275300906934],[111.38131348469408,35.032753059801095],[111.38131311334504,35.03275309161467],[111.3813127408039,35.032753102700426],[111.38131236817065,35.0327530939563],[111.3813119976328,35.032753064474015],[111.38131162919872,35.032753016056326],[111.38131126505593,35.032752947794975],[111.38131090849191,35.03275285967964],[111.38131055841507,35.032752752615096],[111.38131021811292,35.032752626591055],[111.38130988868964,35.03275248340673],[111.38130957672874,35.03275232484423],[111.38122241432181,35.03270492515732],[111.38122210774421,35.03270474584613],[111.38122181863314,35.032704552058114],[111.3812215447969,35.03270434380017],[111.38122128951886,35.03270412016059],[111.38122105171576,35.03270388384691],[111.38122083358341,35.0327036357536],[111.38122063512185,35.032703375880665],[111.38122050491235,35.03270318249481],[111.38098695464586,35.0323344464099],[111.38098690826507,35.03233436993891],[111.38098675245504,35.03233409100285],[111.38098661961999,35.03233380388231],[111.3809865108683,35.03233351127791],[111.38098643961774,35.032333270835345],[111.38088330004943,35.03194072449068],[111.38053261163859,35.0312628888587],[111.3805325983717,35.0312628636619],[111.38053249544478,35.03126264495128],[111.38027458261801,35.03067493144087],[111.37975835455934,35.030650819306096],[111.37975814629159,35.0306508064373],[111.37881272114018,35.03057602441626],[111.3782771137388,35.03055178529511],[111.37827707537696,35.03055178361195],[111.37827670485004,35.03055175412033],[111.37827633642756,35.030551705693334],[111.37827597229696,35.030551637422775],[111.37827561574574,35.0305515492984],[111.37827536335928,35.03055147436989],[111.37783362186087,35.03041031480473],[111.37783352418413,35.030410282659474],[111.37783318389695,35.03041015662551],[111.3778328544891,35.03041001343161],[111.37783253705224,35.03040985217299],[111.37783223378632,35.03040967464554],[111.3778319930689,35.03040951585217],[111.37761073551829,35.03025471064052],[111.37761068714089,35.03025467563755],[111.37761041332197,35.03025446737124],[111.3776101580614,35.030254243723874],[111.37760992027576,35.03025400740292],[111.37760977158254,35.03025384291449],[111.37738803839858,35.02999537735344],[111.37738799872989,35.02999532970408],[111.3771503946084,35.02971099679244],[111.37715036485608,35.02971096083],[111.37715016641467,35.029710700950154],[111.37714998984382,35.02971043108724],[111.37714983405182,35.029710152146],[111.37714970123447,35.02970986502102],[111.37714960916892,35.029709622838006],[111.37703825945636,35.029387206344495],[111.3767552568252,35.02915617030278],[111.3763614840939,35.02897638760204],[111.37592010000083,35.02880948119582],[111.37541654339765,35.02866883863094],[111.37467711678,35.02867112389385],[111.3746767441658,35.02867111512922],[111.37467640983024,35.02867109002169],[111.37391992702572,35.02859567633857],[111.37391989084412,35.0285956719432],[111.37391955752278,35.028595628803],[111.3726908539225,35.028405182601695],[111.37206193585696,35.02847180940837],[111.37206160175985,35.0284718365725],[111.3720612292366,35.02847184762975],[111.37099028633808,35.028475127291294],[111.37042360124401,35.028515715687966],[111.37042350045985,35.028515722305215],[111.37042312793614,35.02851573335744],[111.37042275532296,35.028515724579734],[111.37042238480787,35.028515695064044],[111.37042201639892,35.02851564661311],[111.3704216522837,35.02851557831885],[111.37042132537243,35.02851549819319],[111.36999547792367,35.02840017772135],[111.36999544830083,35.028400169699324],[111.36999509825705,35.028400062601854],[111.3699948062941,35.02839995622867],[111.36956919766727,35.028232986667305],[111.36922279392076,35.02815640858359],[111.36922246152099,35.02815632576728],[111.36922211147925,35.02815621866756],[111.36922177121444,35.028156092609265],[111.36922144183048,35.028155949391795],[111.36922117275117,35.02815581410318],[111.36881061399956,35.02793678054952],[111.36881056566774,35.02793675455659],[111.3688102624303,35.02793657700635],[111.36881013165166,35.02793649267476],[111.36838353368724,35.027652716620416],[111.36838337540182,35.02765260713342],[111.36838310161487,35.02765239884601],[111.36838284638739,35.02765217517892],[111.36838271212014,35.027652045788805],[111.368034677957,35.02730333031733],[111.36775030720247,35.0270453397065],[111.36716613068099,35.0266328257897],[111.36651893549299,35.02627211289239],[111.36651867950097,35.026271961333485],[111.36651839044707,35.02627176750986],[111.36651821233852,35.026271634644544],[111.36617044948129,35.026000571599845],[111.36617035381286,35.02600049617317],[111.36617024051986,35.026000400068064],[111.36590141369024,35.025767969755655],[111.36590127176773,35.02576784218856],[111.36590115621962,35.02576773166804],[111.36567964394617,35.02554811632651],[111.36567952175591,35.02554799050243],[111.36567930368948,35.02554774238048],[111.36567910529439,35.02554748248139],[111.36567902918988,35.02554737094042],[111.36547509084193,35.02524035106329],[111.36516691541645,35.025317415074376],[111.36499580884548,35.025549639568524],[111.3649956857388,35.02554980038326],[111.36499546988595,35.025550049811514],[111.36499523425748,35.02555028758139],[111.36499497994518,35.02555051278825],[111.36499470912848,35.025550722721384],[111.36499462283663,35.0255507842743],[111.36469625354691,35.02575900708218],[111.36469609513503,35.025759113920294],[111.36433483003366,35.02599343931786],[111.36433478741912,35.02599346648699],[111.36433448468637,35.025993645867786],[111.36433416873257,35.02599380906354],[111.36433384064544,35.025993954268266],[111.36433350152477,35.02599408238],[111.36433338663831,35.02599412058259],[111.3640502496774,35.02608567548454],[111.36405001659267,35.02608574649088],[111.36404965977123,35.02608583679726],[111.36404929738306,35.02608590729011],[111.36404912217769,35.02608593395552],[111.36338793013424,35.02617862083785],[111.36338773738433,35.026178644850724],[111.36338736605757,35.02617867660932],[111.36338699354332,35.0261786876399],[111.36338662094133,35.0261786788405],[111.36338625043909,35.02617864930325],[111.36338588204462,35.02617860083083],[111.36338551794543,35.026178532515345],[111.36338516142881,35.02617844434693],[111.36338481140297,35.02617833723025],[111.36338445798215,35.02617820578666],[111.3630693395301,35.026049776649266],[111.36266148794186,35.02596075787611],[111.36212853446737,35.02609142967187],[111.36148436711136,35.026365264787074],[111.36148428945114,35.02636529656646],[111.36148395032443,35.026365424670274],[111.36148360234829,35.02636553387161],[111.36148324552273,35.02636562417046],[111.36148288860589,35.026365693738],[111.3610106589525,35.026444845619544],[111.3610102888065,35.02644489719758],[111.36100991747756,35.02644492894893],[111.36100954496172,35.02644493997221],[111.36100917235869,35.02644493116553],[111.36100880185606,35.026444901621],[111.36100860780297,35.02644487876256],[111.36081946713337,35.026419525888244],[111.36081929279223,35.026419500266776],[111.36081892869404,35.02641943194358],[111.36081857217906,35.02641934376763],[111.36081822215547,35.02641923664353],[111.36081788191058,35.02641911056153],[111.36081755254806,35.02641896732106],[111.36081738123679,35.0264188831013],[111.36069107736678,35.026354469650606],[111.36069093128994,35.02635439256666],[111.36069062807574,35.02635421499594],[111.36069033903519,35.02635402115837],[111.36069006527194,35.02635381285342],[111.36068981006933,35.02635358916996],[111.3606895723435,35.02635335281533],[111.36068935428992,35.02635310468435],[111.36068915590857,35.026352844777065],[111.36068897939892,35.026352574889664],[111.36068882366914,35.026352295926756],[111.36068869091471,35.02635200878321],[111.36068858224333,35.026351716159866],[111.36068849657896,35.026351422566734],[111.36059238503444,35.025963413640184],[111.36044957146021,35.025679180555194],[111.3604494486526,35.02567891231065],[111.36044942316937,35.025678848388836],[111.36027435077337,35.02523914012283],[111.36017934272826,35.02508423354773],[111.36017918037678,35.025083942885914],[111.36017904762623,35.025083655741724],[111.36017903765779,35.02508363143422],[111.36003578946622,35.02473432623334],[111.35987691253361,35.02441098077929],[111.35987680631594,35.02441074673711],[111.35987671652245,35.0244105099421],[111.35973318381934,35.02399643786993],[111.35947866774319,35.0234142384315],[111.35947864006998,35.02341417451592],[111.35947857801115,35.02341401515656],[111.35933517239272,35.02302586747509],[111.3592092865344,35.02275694565977],[111.35880611687062,35.022719885803824],[111.35846307165535,35.02306877131347],[111.35846293854425,35.023068901504494],[111.35846268422152,35.02306912669782],[111.35846241339615,35.02306933661651],[111.35846212607204,35.02306953216197],[111.35846203755884,35.023069587407214],[111.35786573365135,35.023433753663376],[111.35708242725231,35.02430367839558],[111.357082381447,35.02430372810594],[111.35708214579904,35.02430396586061],[111.35708189146871,35.02430419105103],[111.35708162063573,35.024304400966656],[111.35708133330401,35.02430459650884],[111.35708125134336,35.024304647226934],[111.35672040835405,35.02452569051068],[111.3565014316577,35.0247330469303],[111.35621988620461,35.02508314789799],[111.35603257493123,35.02543319441353],[111.35603247923991,35.02543336415251],[111.35603230509228,35.02543363507553],[111.35603217763985,35.0254338085132],[111.35559358733768,35.026005238528434],[111.35559351868353,35.026005326162846],[111.35559330280077,35.02600557557454],[111.35559306714364,35.02600581332632],[111.35559281280396,35.02600603851362],[111.35559254196157,35.02600624842591],[111.35559232674132,35.02600639778319],[111.35513680186615,35.02630576186667],[111.35513672974469,35.02630580804779],[111.35513642699048,35.02630598740575],[111.35513610008276,35.02630615601791],[111.3545858788845,35.026566926984366],[111.35458557264624,35.02656706128244],[111.35458529806063,35.02656716664409],[111.35447584232233,35.02660613280469],[111.35408365393201,35.02685312739077],[111.35408337193479,35.02685329316494],[111.35408305595709,35.026853456334116],[111.35408282082533,35.026853563382254],[111.35359538836553,35.02706231044706],[111.35359529538792,35.02706234857567],[111.35359495624583,35.0270624766575],[111.35359460825606,35.027062585836276],[111.35359425141858,35.02706267611199],[111.35359402807514,35.02706272183144],[111.352964432946,35.0271811752868],[111.35296429388733,35.02718120002834],[111.35296392592043,35.02718125067413],[111.35296388868349,35.0271812552893],[111.35233417007349,35.02724786333752],[111.3518462207754,35.02731405536179],[111.35184605758978,35.02731407566514],[111.35184575088458,35.027314102694206],[111.35143629698078,35.027341204542644],[111.35143623234927,35.0273412092367],[111.35143585982783,35.02734122023061],[111.3509949381236,35.02734249632444],[111.35038084745905,35.02737018000864],[111.3503805549136,35.027370187162916],[111.35038018230722,35.02737017832362],[111.35037981180396,35.02737014874666],[111.35037944341146,35.02737010023476],[111.35037907931746,35.02737003188024],[111.3503788270273,35.02736997131525],[111.35003188565905,35.027280268202965],[111.35003178144127,35.027280240560984],[111.35003143142781,35.027280133405725],[111.35003109119563,35.02728000729342],[111.3500307618482,35.027279864023605],[111.35003044447748,35.02727970269177],[111.35003023466948,35.02727958251287],[111.34949327149462,35.02695718454948],[111.34949317810855,35.02695712713051],[111.34949288909203,35.02695693326615],[111.34949261535496,35.0269567249358],[111.34914506467102,35.02667282907292],[111.34873491101385,35.02640226856285],[111.34846693631084,35.0262736362135],[111.3484666584748,35.02627349369285],[111.34846635528707,35.02627331609142],[111.34846606627539,35.02627312222455],[111.34846579254321,35.026272913891844],[111.34846559568264,35.02627274499884],[111.34816514873779,35.02600149339627],[111.34816509042948,35.02600143857974],[111.34816485274048,35.026001202200334],[111.34816463472549,35.02600095404662],[111.34816450912875,35.02600079396241],[111.34799024730899,35.02576805247562],[111.34799017456514,35.02576795263171],[111.34798999809831,35.02576768272555],[111.34798984241267,35.025767403746066],[111.34798980262552,35.02576732363788],[111.34781509911832,35.02540523058224],[111.34757736318291,35.025030349727466],[111.3475773135348,35.025030269647374],[111.34757715785196,35.02502999066732],[111.34757702514545,35.025029703509084],[111.34757691652247,35.02502941087362],[111.34757682978768,35.02502911186586],[111.3475767682398,35.02502880918046],[111.34757674224792,35.025028622670476],[111.3475276764209,35.02460115493593],[111.34752766386805,35.024601036891866],[111.34752765051797,35.0246007304629],[111.34752501962816,35.02397904312106],[111.34741161965464,35.023228093995314],[111.34741158899106,35.02322783899417],[111.3474115756417,35.02322753256511],[111.34740954851154,35.02274833261291],[111.34736070383151,35.02236016393645],[111.34728051054124,35.02201072504518],[111.34728046349635,35.02201048271007],[111.3472804249541,35.02201017815578],[111.34728041160547,35.022009871726645],[111.34728042135428,35.02200958596303],[111.34731519451883,35.02151171589013],[111.34688034344524,35.0216024705704],[111.3468800730205,35.02160252182031],[111.3468798978189,35.02160254846093],[111.34588423287323,35.02174198180474],[111.34588404012837,35.0217420057898],[111.34588366881442,35.021742037494775],[111.34588329631747,35.02174204847152],[111.34588292373701,35.02174203961825],[111.34588255326064,35.02174201002738],[111.34588218489597,35.02174196150162],[111.34588182083057,35.021741893133374],[111.34588146435159,35.02174180491325],[111.34588111436712,35.02174169774575],[111.34588077416423,35.02174157162151],[111.34588044484626,35.02174142834012],[111.34588012750507,35.021741266997125],[111.34587982433969,35.021741089388975],[111.34587953535011,35.02174089551567],[111.34587926163962,35.02174068717684],[111.34587900649154,35.02174046346173],[111.34587876882155,35.021740227077565],[111.34587855082484,35.02173997891948],[111.34587852329184,35.021739945647084],[111.34546718889106,35.02122791058118],[111.34501010722025,35.02095760139556],[111.34500998089008,35.02095752423645],[111.3450096919053,35.02095733036105],[111.34500941819962,35.020957122020185],[111.34500916305636,35.020956898303204],[111.34500912015778,35.02095685876467],[111.34472465928275,35.02068574666471],[111.3444720513123,35.02049227082848],[111.34447191829582,35.02049216664654],[111.34447166315546,35.02049194292839],[111.34447142549314,35.02049170654138],[111.34447120750401,35.02049145838064],[111.34447116124328,35.02049140082398],[111.34429697489617,35.020271612608774],[111.34429682284181,35.020271410230784],[111.34429664639906,35.02027114031889],[111.34429649073651,35.02027086133428],[111.34429638128152,35.02027062728734],[111.34420110824101,35.02005097648235],[111.34402700881074,35.01979268357961],[111.34383731199875,35.01952175586202],[111.34360093295658,35.01934150943393],[111.34319011806157,35.01903169290653],[111.34318995316931,35.01903156357479],[111.34318969803698,35.01903133985384],[111.34318946038259,35.019031103464215],[111.34318942186479,35.019031063011255],[111.34290460789308,35.018720880119716],[111.34290442843091,35.0187206724091],[111.34290423012425,35.01872041247197],[111.34290405368944,35.01872014255793],[111.34290389803458,35.01871986357142],[111.34290376535475,35.018719576407634],[111.3429036567569,35.01871928376754],[111.34290357004598,35.01871898475599],[111.34290350852022,35.01871868206777],[111.34290346999585,35.018718377511824],[111.34290345666416,35.01871807108195],[111.34290346743705,35.01871776458397],[111.34290350341394,35.01871745891615],[111.34290352588475,35.01871732995602],[111.34296515138188,35.018393337706655],[111.34301081872057,35.0180175614371],[111.34301082721103,35.01801749561273],[111.34307198937795,35.0175767557537],[111.34307199897147,35.01757669172893],[111.34307205796713,35.01757638870006],[111.3430721421815,35.01757609010679],[111.34307223856847,35.01757582032313],[111.34325929708437,35.0171088089625],[111.34325930684345,35.01710878459775],[111.34325943712253,35.017108497591934],[111.3432595904402,35.01710821773196],[111.34325960348997,35.0171081942593],[111.3434316674846,35.016822634020755],[111.34343182860628,35.016822386588],[111.34343193100827,35.016822245683684],[111.343666887574,35.01651059257956],[111.34366698129685,35.01651047243126],[111.34366719718753,35.01651022213893],[111.3436674328524,35.01650998440989],[111.34366768610394,35.016509760151706],[111.34366782696917,35.016509647080895],[111.34390332312618,35.01632757011055],[111.34390345637796,35.01632747058168],[111.34415433740331,35.01614561453233],[111.34441983650275,35.01587388449796],[111.34459013912483,35.01527891058682],[111.34458862005242,35.014916765616626],[111.3445717907077,35.01465777245486],[111.34457178205925,35.014657539023126],[111.34457080267867,35.014424300027265],[111.34457081344492,35.014423993528965],[111.34457084941386,35.014423687860486],[111.34457090840182,35.014423384830785],[111.34457099260759,35.01442308623637],[111.34457109874437,35.01442279208657],[111.34457115842041,35.01442265310529],[111.34461784672058,35.014319142671965],[111.3447261271375,35.01393130760778],[111.34467814253487,35.01369938829136],[111.34455105111324,35.013338147797086],[111.34429881141152,35.01309343244049],[111.3442986485696,35.01309326704924],[111.34429846033278,35.01309305485849],[111.34406101960752,35.01280865539984],[111.3440609898758,35.012808619429066],[111.34406079157992,35.012808359493526],[111.34406061515418,35.01280808958084],[111.34406045950676,35.012807810595504],[111.34406032683263,35.01280752343266],[111.34406021823868,35.01280723079329],[111.34406013152997,35.01280693178227],[111.34406007000457,35.01280662909434],[111.34406003147888,35.012806324538495],[111.3440600256499,35.01280624072704],[111.34404313714066,35.01253417400601],[111.34404312963487,35.0125339513874],[111.34404314040289,35.01253364488903],[111.34404315616472,35.012533484399434],[111.3440735423312,35.01227447349598],[111.3440722952029,35.011976680407194],[111.34407230597076,35.0119763739088],[111.34407234194056,35.01197606824034],[111.3440724009287,35.01197576521075],[111.34407242679586,35.01197566328193],[111.34410343715594,35.011858954431204],[111.34410349549377,35.01185875776582],[111.34410360162899,35.01185846361633],[111.34410373189695,35.01185817660942],[111.34410388520209,35.0118578967482],[111.34410405936083,35.011857625841635],[111.34410425547249,35.011857364787964],[111.34410447134974,35.01185711449477],[111.34410470700008,35.011856876764796],[111.3441049602362,35.0118566525056],[111.34410507051884,35.01185656385808],[111.34440333362627,35.01162247602888],[111.3444034821549,35.0116223638368],[111.34467014811854,35.01142742703597],[111.34492093279232,35.01119368546474],[111.34492098299516,35.01119363935189],[111.34525026670315,35.010894853332765],[111.34546954457983,35.01064822852563],[111.34546961110165,35.01064815532483],[111.34546984674459,35.010647917592195],[111.34547009997326,35.010647693330135],[111.34547037188318,35.01064748253557],[111.34547065919529,35.01064728702054],[111.34547070836638,35.010647256233796],[111.34584745679933,35.010413099164026],[111.34611408927087,35.01020519207014],[111.34611423779837,35.01020508077733],[111.34611448249873,35.010204913324955],[111.34647572991298,35.00997064075873],[111.34647577252142,35.00997061269443],[111.34647607413925,35.00997043336097],[111.34647618126321,35.00997037626849],[111.34699475535305,35.00969678021376],[111.3469949324539,35.00969669047121],[111.34745071351678,35.00947510740816],[111.34796630905782,35.009221959842705],[111.34796636262834,35.00922193354922],[111.34796669067805,35.00922178838857],[111.34796702975946,35.00922166122382],[111.34796737877701,35.00922155205812],[111.34796773444795,35.00922146180225],[111.3479680978716,35.00922139135442],[111.34796846575753,35.00922133982272],[111.34796883592236,35.009221309016134],[111.34796920836222,35.0092212980333],[111.34820336249922,35.00922062654677],[111.34820373502306,35.009220635393255],[111.34820410653542,35.00922066407293],[111.34820447484903,35.00922071349342],[111.34820483776517,35.00922078185831],[111.34820519528766,35.009220870068944],[111.3482055441261,35.009220977233404],[111.34820588427668,35.009221102450304],[111.3482062135483,35.00922124572593],[111.34820625416711,35.009221265439685],[111.34841501298324,35.009321494351724],[111.34880806537949,35.00934057434566],[111.34931339210976,35.00935939851663],[111.34931348634507,35.00935940275233],[111.3493138578584,35.0093594314286],[111.34931389293473,35.00935943583452],[111.34967145912069,35.00939896462041],[111.34967179235959,35.00939900963062],[111.34967215527769,35.009399077991105],[111.34967220571843,35.009399088662306],[111.34989425251355,35.00944914760022],[111.34989455959804,35.00944922513476],[111.34989490843961,35.00944933229433],[111.34989524859365,35.009449457506484],[111.34989552298472,35.009449575697175],[111.35009219532701,35.00953985110698],[111.35048575985145,35.00958928253741],[111.35048599225192,35.00958931611864],[111.35048605473996,35.00958932585335],[111.35095412819727,35.009668991788324],[111.35121144544733,35.009668246618595],[111.35155527585124,35.009576218581415],[111.35155554398067,35.00957615290573],[111.35155590740271,35.00957608244719],[111.35155601250506,35.00957606591801],[111.35203605976587,35.009503738099696],[111.3521218448209,35.009483302049034],[111.3523802255352,35.00941160670263],[111.35238041922875,35.00941155566325],[111.35258970776165,35.00936024909279],[111.35258984019003,35.00936021806132],[111.3525902036102,35.009360147599686],[111.35259057149375,35.009360096053975],[111.35259089346536,35.00936006807742],[111.3529235513616,35.00933882214592],[111.35292359955356,35.009338819301675],[111.35292397199316,35.00933880830364],[111.35346622276683,35.00933722955774],[111.35346659529164,35.00933723838806],[111.3534667552825,35.0093372478373],[111.35386125065678,35.00936651714934],[111.35386146218063,35.00936653636296],[111.35386183049813,35.00936658576627],[111.35386212872076,35.0093666398808],[111.35443445313894,35.009485090118844],[111.35440695870655,35.00898003289516],[111.3543426354003,35.008631343924435],[111.35416867755492,35.00834760982788],[111.35407373841468,35.00821846178538],[111.35407368992047,35.00821839432361],[111.35407351347196,35.00821812442542],[111.35407337437213,35.00821787785406],[111.35389868650451,35.00788148346247],[111.35389866993201,35.00788145106125],[111.35389853723169,35.00788116390908],[111.35389842860944,35.007880871278445],[111.35389834187033,35.00788057227439],[111.3538982803126,35.007880269591396],[111.35389826226415,35.00788014885959],[111.3538657037601,35.00763404453844],[111.35386568324901,35.00763386071745],[111.35386566987863,35.00763355428845],[111.35386568060952,35.00763324778919],[111.35386570270698,35.00763303680269],[111.35389619530162,35.007399705938795],[111.35389620913566,35.00739961125393],[111.35389626808437,35.007399308219576],[111.35389635224922,35.007399009618595],[111.35389645834368,35.00739871546057],[111.35389658857041,35.00739842844316],[111.3538967418339,35.00739814856963],[111.3538969159509,35.00739787764906],[111.35389693881297,35.00739784423147],[111.35405317419985,35.00717753118954],[111.3541463443808,35.00694480882265],[111.35422345109714,35.00658209977295],[111.35422347151919,35.006582008674336],[111.35422355568205,35.0065817100731],[111.3542236617743,35.00658141591474],[111.3542237919986,35.006581128896975],[111.35422394525949,35.006580849023],[111.35422395830446,35.006580825549136],[111.35442699062732,35.006243733697666],[111.35450445493748,35.00601107851717],[111.35453484163104,35.005765178049735],[111.35453485863776,35.0057650572156],[111.354534917583,35.00576475418087],[111.35453500174393,35.00576445557939],[111.35453510783402,35.005764161420736],[111.35453523805597,35.00576387440262],[111.35453539131429,35.00576359452823],[111.35453556542575,35.00576332360671],[111.35453568195467,35.005763163722676],[111.35472359968067,35.00551641450047],[111.35472367921528,35.00551631331386],[111.35472389504352,35.005516063001814],[111.35472413064494,35.00551582525126],[111.35472438383248,35.00551560096995],[111.35472446024794,35.005515538551656],[111.3551482078836,35.00517739554431],[111.35514840333572,35.005177247146676],[111.35514855187304,35.00517714305378],[111.35532059323198,35.00506048006452],[111.35552360573759,35.00480148436583],[111.35557088405879,35.00473015424778],[111.35557094175233,35.00473006934937],[111.35557109205027,35.00472986609933],[111.3555746632533,35.00472528836234],[111.35551313774123,35.0046000230603],[111.35551309241743,35.00459992854847],[111.35535669093858,35.00426043944428],[111.35499321050258,35.00384486312402],[111.35499310920223,35.00384474353714],[111.3549929108938,35.00384448361912],[111.3549928171838,35.0038443459825],[111.35482617594809,35.003589439753924],[111.35482609321662,35.00358930749334],[111.35482593755052,35.00358902852149],[111.35482580485402,35.00358874137011],[111.35482569623429,35.00358844874011],[111.35482560949649,35.003588149736466],[111.35482554793869,35.00358784705375],[111.35482550937773,35.00358754250105],[111.35482549600455,35.003587236071965],[111.35482550673147,35.00358692957244],[111.35482551094206,35.00358688989955],[111.35488460976227,35.00289715560244],[111.35488464147758,35.002896889603484],[111.35488470041957,35.002896586568475],[111.35488478457634,35.00289628796662],[111.3548848906616,35.00289599380757],[111.35488502087787,35.002895706788976],[111.35488512519645,35.002895510885175],[111.35503913965407,35.00262264093501],[111.35503916139557,35.0026226021122],[111.35516239298788,35.002409413870154],[111.3551624201792,35.00240936872176],[111.3551625942816,35.00240909779922],[111.35516279033567,35.002408836727625],[111.35516285026955,35.002408763540735],[111.35532739778986,35.00221264800773],[111.3556048886111,35.001811890783245],[111.35560508792918,35.00181162519446],[111.35560522198132,35.00181146615938],[111.3558831701172,35.001495696900975],[111.3562022398142,35.00112021718992],[111.35620233900966,35.00112010422668],[111.3563876777023,35.00091524595813],[111.35638771586233,35.00091520438275],[111.35638786962913,35.00091504528892],[111.35692355744928,35.00038565821648],[111.35692363926495,35.00038557955609],[111.35692373527799,35.000385490938804],[111.35729467459878,35.000052444980206],[111.35749036726762,34.999864639241274],[111.35749039563065,34.999864612116426],[111.35749064879332,34.999864387829305],[111.35749092063674,34.99986417700784],[111.35749102874901,34.99986410007237],[111.357676693709,34.99973585683628],[111.35767687284196,34.99973573822804],[111.35767717439775,34.99973555886681],[111.35767749026445,34.9997353956882],[111.35767779092485,34.99973526229986],[111.35821481365461,34.99951233298673],[111.35821516579735,34.999512199445135],[111.3582155147599,34.99951209025012],[111.35821587037739,34.999511999964405],[111.35821623374913,34.9995119294861],[111.35821660158497,34.99951187792355],[111.35821697170196,34.99951184708594],[111.35821734409619,34.999511836071925],[111.35846532279324,34.99951110407867],[111.35893037599634,34.99946719214629],[111.35893063223811,34.99946717245974],[111.35893100463203,34.99946716144353],[111.3589312522129,34.999467165218405],[111.35940722361173,34.999482783100234],[111.3594073485114,34.99948278813873],[111.3594077199833,34.99948281678439],[111.35940808825964,34.9994828661712],[111.35940845114173,34.99948293450289],[111.35940880863352,34.99948302268087],[111.35940915744484,34.999483129813456],[111.35940949757176,34.999483254999305],[111.35940952610349,34.99948326663274],[111.35963753988936,34.999576235451805],[111.35963784061005,34.99957636706338],[111.35963799100391,34.999576440530774],[111.35985573373198,34.99968646548221],[111.35985589622699,34.99968655063139],[111.36010478871667,34.99982202421894],[111.36010500615242,34.999822147964025],[111.36030209627876,34.99994074687705],[111.36030218524795,34.99994080159699],[111.3603024071687,34.99994094876421],[111.36050995493852,35.00008505501989],[111.3605100219642,35.00008510169247],[111.36051029454741,35.000085310903884],[111.36051055075875,35.00008553368458],[111.3605107884074,35.00008577004105],[111.36051082583325,35.00008581139327],[111.3606355719187,35.000221649791136],[111.36063575248005,35.00022185747289],[111.36063590120324,35.00022204902443],[111.36079179339751,35.00043410352022],[111.36099932225555,35.000637523202855],[111.36099939486992,35.00063759509708],[111.36112410410814,35.00076492047897],[111.36112417563918,35.000764995080495],[111.36112439362944,35.000765244113495],[111.36112459194963,35.000765504021544],[111.36112470992794,35.000765678537746],[111.36124971997933,35.00096110824519],[111.36137473393828,35.0011565432124],[111.36152052032604,35.00138585933874],[111.36169735544718,35.001632030462005],[111.36193657100728,35.00193767477866],[111.36224860617313,35.00231979497657],[111.36224880009506,35.00232004948755],[111.36251941140537,35.0027022294677],[111.3627478942198,35.002990476043806],[111.3629239855838,35.00313432142308],[111.36292424951124,35.00313455138645],[111.3631320543344,35.003329747716684],[111.36345397289874,35.003635100031346],[111.36374449183963,35.0038639330568],[111.36374456549886,35.00386399232695],[111.36374482173076,35.00386421510053],[111.36374503628728,35.003864427182506],[111.36396332367262,35.004093625721275],[111.36396334678517,35.00409364998913],[111.36396345687452,35.00409377224628],[111.36435861069242,35.00454378164743],[111.3643587064939,35.00454389313056],[111.36468115733535,35.004934502602055],[111.3648683532701,35.00515525592334],[111.36486840613722,35.00515531976217],[111.36486860447994,35.00515557966376],[111.3648687809571,35.005155849546206],[111.36486893666019,35.005156128504886],[111.36486906829478,35.005156414746914],[111.36486909819284,35.00515648676715],[111.3649631550021,35.00539427013305],[111.36507766554915,35.00558943972735],[111.36507779145147,35.005589668298285],[111.36507792308747,35.00558995454005],[111.36507802618483,35.00559022824839],[111.36510948501366,35.00568378753087],[111.36510957402211,35.00568409553384],[111.36510963671488,35.0056843982077],[111.36510967422349,35.00568470366146],[111.36510968763541,35.00568501008906],[111.36510967694666,35.00568531658915],[111.3651096421492,35.00568562135902],[111.36510958214757,35.00568592440193],[111.36510954122795,35.00568608406863],[111.36506894769903,35.00583039842603],[111.36506966268288,35.005991342418874],[111.36510166692243,35.006220697795804],[111.36518614238518,35.00661187350915],[111.36521770160361,35.006747622256526],[111.36533259132008,35.007019380346534],[111.36533268442034,35.00701962253649],[111.36544789842502,35.007351070452145],[111.36559401481406,35.00765689098726],[111.36559410002268,35.007657082723696],[111.36559413546003,35.00765716824769],[111.36566725797286,35.00784388795988],[111.36582339343904,35.008098482557216],[111.36582340778511,35.008098505949754],[111.36582346077526,35.008098596829015],[111.36596943648964,35.008353520199314],[111.3661257099852,35.0086167797916],[111.36624998121795,35.00879419856484],[111.36641503928197,35.00889527555359],[111.36641508981295,35.008895306047826],[111.36641525023035,35.00889541102454],[111.36665394701308,35.009056438511],[111.366654078887,35.00905653005298],[111.36691358965597,35.00924303733258],[111.36691385459305,35.00924324114401],[111.36691411085042,35.00924346391056],[111.36691418566463,35.0092435348931],[111.36708032988952,35.009404658231276],[111.36739177800348,35.00966750443778],[111.36739196828529,35.00966767241909],[111.36739218286645,35.009667884494256],[111.36753750463926,35.00982045035812],[111.36766187412104,35.009922023792804],[111.36766213038254,35.009922246557736],[111.36766236808033,35.009922482899526],[111.36766254315881,35.009922680671835],[111.36777648846349,35.01005797447316],[111.3679314901164,35.01015922766048],[111.36793168792398,35.010159363168576],[111.36793179564663,35.01015944306448],[111.36806654991481,35.01026102876371],[111.36823232504032,35.010362540937194],[111.36823237557286,35.01036257143065],[111.36823255467631,35.01036268896749],[111.36835709912232,35.010447441477915],[111.36835720902069,35.010447517761314],[111.36835748165832,35.01044772695441],[111.36835766972051,35.01044788772991],[111.36846155985648,35.010541216301895],[111.36846162805949,35.010541278289764],[111.36846186576138,35.01054151462994],[111.36846208379995,35.01054176364906],[111.36846223256019,35.01054195519044],[111.36855585874864,35.010669271452926],[111.36865977439871,35.01079649689736],[111.36876372707604,35.01091530148758],[111.36876382840919,35.010915421964015],[111.36876402677824,35.010915681858826],[111.36876414037691,35.0109158500709],[111.36887852189776,35.01109390633382],[111.36909652699599,35.011322765315775],[111.36909655011209,35.01132278958261],[111.36909663158849,35.011322879472374],[111.36928240972355,35.011530631248725],[111.36967032981379,35.01146732311736],[111.36985255429123,35.01128269093157],[111.36985267972877,35.01128256796231],[111.36985293289234,35.01128234364981],[111.36985320474129,35.01128213280101],[111.36985349199708,35.01128193722863],[111.36985379356815,35.011281757837395],[111.36985410945454,35.0112815946273],[111.36985443747325,35.01128144940772],[111.3698547765287,35.01128132218203],[111.36985512552533,35.01128121295355],[111.36985548118052,35.01128112263366],[111.36985578219164,35.01128106222566],[111.37038109789884,35.01118839893609],[111.37038116030097,35.01118838883054],[111.37038152818104,35.011188337230955],[111.3703818983457,35.01118830635601],[111.37038227079084,35.011188295304386],[111.37079731649705,35.011187028092],[111.37079768903163,35.01118703686908],[111.37079806056013,35.01118706547948],[111.37079842889553,35.01118711483127],[111.37079879183855,35.0111871831284],[111.37079914939328,35.011187271272256],[111.37079949826898,35.01118737837151],[111.37079967603418,35.01118744092472],[111.37110455816106,35.01130033572405],[111.3711047205889,35.011300398323705],[111.37110496866582,35.01130050392751],[111.371354288685,35.01141346700586],[111.37160349554532,35.01150368190771],[111.3716037018698,35.01150376059706],[111.37160403119081,35.01150390380885],[111.37160411463702,35.01150394411526],[111.37174217833942,35.01157152469855],[111.372101532559,35.01166129120648],[111.3725168925504,35.01175105603423],[111.3725172237831,35.01175113704278],[111.37276656337144,35.01181866693293],[111.37276659298855,35.011818674954355],[111.37276694186946,35.011818782047904],[111.37276728206761,35.011818907195625],[111.37276761139188,35.011819050404235],[111.37276792874673,35.01181921167712],[111.3727682330284,35.0118193892149],[111.37276852204573,35.01181958302432],[111.3727687946991,35.011819792207355],[111.37287934654793,35.01191007057958],[111.3730727976762,35.01200023198214],[111.37307312600849,35.012000397727356],[111.37307343029147,35.01200057526435],[111.37307371931017,35.012000769073026],[111.37307399196492,35.012000978255365],[111.3732684059554,35.012159737336574],[111.37326866223903,35.01215996008946],[111.37326868424464,35.0121599807534],[111.37362898761064,35.0124994459177],[111.37437537097406,35.012724267299184],[111.37501191396409,35.012836058472026],[111.37501217824156,35.0128361108366],[111.3750125358079,35.012836198967946],[111.37501288469599,35.012836306054986],[111.37501322490174,35.012836431196334],[111.37501345103139,35.01283652694477],[111.37556703438524,35.01308479807605],[111.37647903184923,35.01317287993969],[111.37722557884955,35.013147810413734],[111.37722578918918,35.013147807055894],[111.37805400216905,35.01314522929428],[111.3781628538693,35.013077531364445],[111.37816310626845,35.0130773827526],[111.37816342214501,35.013077219520966],[111.37816375015595,35.013077074279046],[111.37816408920568,35.01307694703021],[111.37816415374549,35.01307692519614],[111.3785785792059,35.01293904074966],[111.37857877831499,35.012938977933764],[111.3793509604694,35.0127093646586],[111.37987263168134,35.012162970108804],[111.38006411712614,35.01175325013794],[111.38006416270206,35.011753155350874],[111.38006420612852,35.01175306958428],[111.38025620959607,35.01138822171683],[111.38025631935072,35.01138802757736],[111.38025649338877,35.011387756619655],[111.38025668938391,35.01138749550829],[111.38025690514921,35.01138724515146],[111.38025697601434,35.011387170115334],[111.38047728074112,35.01115882577567],[111.38047744541885,35.01115866301198],[111.38047769855282,35.01115843867749],[111.38047797037389,35.01115822780507],[111.38047825760371,35.0111580322077],[111.38047855915089,35.01115785279021],[111.38047887501546,35.0111576895526],[111.3804792030146,35.01115754430443],[111.3804795420528,35.01115741704917],[111.3804798910345,35.01115730779023],[111.3804802466772,35.01115721743928],[111.38048061008061,35.01115714689426],[111.38048097795391,35.011157095264096],[111.38048134811433,35.011157064358386],[111.38048172055768,35.01115705327578],[111.38048209309288,35.011157062023116],[111.38048246462435,35.01115709060385],[111.38048283296514,35.01115713992622],[111.38048310379723,35.01115718865286],[111.38059388677274,35.01117960735846],[111.38059397889138,35.01117962689985],[111.38059433645633,35.0111797150148],[111.38059468534449,35.011179822085815],[111.3805950255517,35.01117994721155],[111.38059535488685,35.01118009039887],[111.38059567225439,35.01118025165122],[111.3805959765504,35.01118042916929],[111.38059626558376,35.01118062295998],[111.38059653825478,35.011180832125355],[111.38059679455505,35.01118105486266],[111.38059683637411,35.0111810952934],[111.3807635944918,35.01133992996637],[111.38076379041195,35.011340125851504],[111.38076400848973,35.01134037484824],[111.38076420689761,35.011340634723176],[111.38076438344024,35.01134090458184],[111.38076453920903,35.01134118351942],[111.38076467090892,35.01134146974349],[111.38076468088173,35.01134149404934],[111.38082064621699,35.01147789389679],[111.38121235079456,35.01241003341109],[111.38121246173205,35.01241033051633],[111.38121252180476,35.01241052682735],[111.38126880107083,35.012615197377436],[111.38146523827282,35.01327370227171],[111.38182515516937,35.0136353143392],[111.38201522178869,35.01372387663195],[111.3823699951789,35.013520149427336],[111.38267172000138,35.01308756359042],[111.38267190946132,35.013087311509565],[111.3828920008437,35.01281343149263],[111.38289221878738,35.01281317932159],[111.3828924543275,35.012812941517026],[111.38289270745992,35.012812717177574],[111.38289297928016,35.01281250629981],[111.38289326650991,35.01281231069678],[111.3828935680578,35.012812131273336],[111.38289388392383,35.012811968029474],[111.38289421192523,35.01281182277479],[111.38289455096643,35.012811695512816],[111.38289489995186,35.01281158624694],[111.38289492949465,35.012811578041365],[111.38322491355966,35.01271992322596],[111.38341659465775,35.01251554951457],[111.38341680730203,35.01251533611842],[111.38341706043208,35.01251511177789],[111.38341733443272,35.0125148990893],[111.38363401158814,35.012357702437626],[111.38363795440372,35.01235484253291],[111.38363800354453,35.01235480812536],[111.38402492526225,35.012080428363745],[111.38402515898083,35.01208027078508],[111.38402546052355,35.012080091358825],[111.38402577638449,35.012079928112044],[111.38402610438096,35.01207978285432],[111.3840262979469,35.01207970742781],[111.38432779113587,35.01196759111731],[111.38467662139774,35.01180306053526],[111.38488276245708,35.01169123238722],[111.38488303022827,35.01169109452917],[111.38488312643092,35.01169105005674],[111.38511308126762,35.01158571522135],[111.3853349089118,35.01146084051189],[111.38548529037759,35.011368935663995],[111.38565126732476,35.01124442252166],[111.38579310892509,35.01110720527384],[111.38586369034762,35.01098993199073],[111.38595012575638,35.01079363970899],[111.38602871765515,35.01059712442814],[111.38602872740076,35.01059710006003],[111.38602878700375,35.010596961058745],[111.38609963755891,35.010439671139736],[111.38609967335616,35.01043959531039],[111.38621781598349,35.01019053372509],[111.38621785070191,35.01019046150463],[111.38621794626232,35.01019028092558],[111.38632048754081,35.01000671229832],[111.38632054513828,35.01000661296376],[111.38632071915337,35.010006341997446],[111.3863209151259,35.01000608087635],[111.38632104367923,35.01000592723347],[111.38644763219116,35.00986154855266],[111.38644771938066,35.009861451827945],[111.38644795490204,35.00986121401648],[111.38644820801565,35.00986098966963],[111.386448479817,35.00986077878392],[111.38644876702797,35.00986058317251],[111.38644906855723,35.00986040374026],[111.38644938440481,35.009860240487185],[111.3864497123881,35.009860095222955],[111.38645005141156,35.0098599679511],[111.38645040037964,35.00985985867506],[111.38645075601,35.009859768306676],[111.38645111940241,35.009859697743835],[111.38645148726597,35.009859646095606],[111.38645185741814,35.00985961517174],[111.38645222985464,35.00985960407085],[111.38645260567102,35.009859612789434],[111.38669129310288,35.00987194057904],[111.38669165805729,35.00987196916174],[111.38669202639586,35.00987201846528],[111.38669238934584,35.009872086714864],[111.38669274691142,35.009872174811846],[111.3866930958018,35.00987228186534],[111.3866934360127,35.00987240697399],[111.38669377194327,35.00987255372925],[111.38694090836837,35.00998956773462],[111.38694106759101,35.009989645646655],[111.3871324280023,35.01008720150061],[111.38713257407457,35.01008727855297],[111.38713287838047,35.010087456054634],[111.38713308058867,35.01008758881317],[111.3872847018979,35.01019181424327],[111.3872847887347,35.01019187525971],[111.38728506141928,35.010192084409994],[111.38728531773444,35.01019230713314],[111.38728548392618,35.01019246885033],[111.38738139591943,35.01029032791456],[111.38738146748253,35.01029040250029],[111.38738168557745,35.010290651485064],[111.3873818013023,35.01029079803983],[111.38750968466526,35.01046029808483],[111.38766889581271,35.010622740223575],[111.38781131985311,35.01071315194359],[111.38803260542167,35.01078386064313],[111.3883326723821,35.0107829009935],[111.38862544484537,35.01068415398327],[111.38883174368246,35.01061156538729],[111.38906140564625,35.010519435467415],[111.38925922510002,35.01040128629669],[111.38946479696074,35.010270129427866],[111.38962263297171,35.010106499288085],[111.38974883921026,35.009969104968675],[111.38986646326389,35.009760535781155],[111.38988142583032,35.00959188465672],[111.38983305001817,35.00941602315556],[111.38983303438992,35.00941596191226],[111.38979251928849,35.009259027451726],[111.38979250813651,35.0092589860243],[111.38979244644563,35.00925868336046],[111.38979240775232,35.00925837881999],[111.38979239424766,35.00925807239589],[111.38979053154759,35.00886541602211],[111.38979054216595,35.00886511402739],[111.38980548785234,35.008662188157885],[111.38980552364198,35.00866188067408],[111.38980558245896,35.00866157762319],[111.38980566649434,35.008661278998204],[111.38980577246153,35.008660984809666],[111.38980587652419,35.00866075101935],[111.38988463952431,35.0084968894778],[111.38988466556444,35.00849683621304],[111.38988481870695,35.00849655629489],[111.3898849927071,35.008496285323474],[111.38988509501878,35.00849614438035],[111.39004317922688,35.00828621643863],[111.39004327287232,35.008286096254835],[111.39004348859956,35.00828584588075],[111.39004372410601,35.008285608062344],[111.39004397720491,35.008285383708035],[111.39004424899179,35.00828517281431],[111.39004453618863,35.008284977194435],[111.39004481804052,35.00828480953436],[111.39038594447729,35.00809391936511],[111.39038627014412,35.008093750661956],[111.39038657078112,35.00809361719293],[111.39064061249503,35.00798808534402],[111.39064096462037,35.00798795170866],[111.39064131357485,35.007987842420626],[111.3906416691924,35.00798775204002],[111.39064203257281,35.00798768146469],[111.39064208511458,35.00798767228185],[111.39093502293524,35.00794109526114],[111.39107639032608,35.00786289357711],[111.39117100133399,35.00778443859925],[111.39128974819093,35.007679399909954],[111.39128987475492,35.007679291336956],[111.39145612354186,35.00754142990932],[111.39162956461713,35.007377979345634],[111.39170796153245,35.00721486682665],[111.39170798757101,35.007214813561475],[111.39170814070494,35.00721453364102],[111.39170831469636,35.00721426266702],[111.39170851064512,35.007214001537264],[111.3917085792622,35.00721391748796],[111.39187438233925,35.00701739542587],[111.39201612166829,35.00676208744585],[111.3920161846868,35.00676197817593],[111.39201623903594,35.00676188876427],[111.39211881764518,35.006598009219324],[111.39222907101475,35.006408200162845],[111.39232327621326,35.006172582701005],[111.39232328595648,35.00617255833237],[111.39232334554565,35.00617241932799],[111.39244140183048,35.00591026300264],[111.39244147233107,35.00591011494916],[111.39244151140696,35.00591003910731],[111.39259902702233,35.005608716475805],[111.39268525760266,35.005379820818305],[111.39273987847812,35.00517042947331],[111.39273990756489,35.0051703266224],[111.39280248763671,35.00495421407464],[111.3928414445428,35.004803921562356],[111.39285657074768,35.004647114403],[111.39285659926104,35.00464689167099],[111.39285665806403,35.00464658861851],[111.39285668386837,35.00464648667958],[111.39288780186396,35.004529089073635],[111.3928870534568,35.00437254150071],[111.39288705697683,35.004372361214216],[111.39289419264854,35.00420227469734],[111.39289344220435,35.00404530167342],[111.39289344770845,35.004045078114466],[111.39290804082182,35.00377016721461],[111.39290804590264,35.00377008427159],[111.39290808168734,35.00376977858945],[111.39290814048954,35.00376947553691],[111.39290822450877,35.00376917690965],[111.39290833045871,35.00376888271826],[111.39290845620442,35.00376860468757],[111.39301874200345,35.00354573498585],[111.39301889729552,35.00354545054975],[111.39301907127496,35.00354517957377],[111.39301922147772,35.00354497627795],[111.39319313376002,35.00332190490076],[111.39319317949297,35.00332184706458],[111.39319339519768,35.00332159668484],[111.39319363068086,35.00332135886029],[111.39319388375596,35.003321134499394],[111.39319415551837,35.0033209235986],[111.39319444269042,35.00332072797127],[111.39319474418093,35.00332054852233],[111.39319505998992,35.00332038525178],[111.39319527970113,35.00332028538879],[111.3933937077025,35.00323456525346],[111.39339381593626,35.00323451983392],[111.39339415492155,35.00323439254275],[111.39339450385216,35.003234283246876],[111.39339485944608,35.00323419285829],[111.39339516697828,35.00323413146948],[111.39373688190811,35.00317412408318],[111.39373693773281,35.00317411488835],[111.3937373055617,35.00317406321823],[111.39373768115804,35.00317403225457],[111.39411018112533,35.0031532536847],[111.39424115143639,35.00309565684715],[111.39424825280635,35.00294779555626],[111.39424825888611,35.00294769277969],[111.39424829466547,35.00294738709714],[111.3942483277379,35.00294720220771],[111.39428718412137,35.00275728955194],[111.39428719589881,35.002757232727],[111.3943261149003,35.00258040782556],[111.39432612884696,35.00258034648671],[111.39432615464884,35.002580244547424],[111.39438864200883,35.00234448051921],[111.39444323787954,35.00212183006973],[111.3944433143706,35.002121562112585],[111.39444342031297,35.00212126791983],[111.39444353629158,35.002121010650875],[111.39454592466792,35.0019112576678],[111.39454593876573,35.001911227876576],[111.39454599629573,35.00191111772175],[111.39467211689552,35.0016751106348],[111.39467221247952,35.001674940865385],[111.39467226138858,35.001674860483924],[111.394790649612,35.00148468813088],[111.39479077467244,35.00148449753386],[111.39479097059787,35.00148423639906],[111.39479118629292,35.00148398601645],[111.39479142176623,35.00148374818879],[111.39479151773942,35.00148365954183],[111.39498157801648,35.00131288855787],[111.39498173510775,35.00131275284035],[111.39498200685895,35.00131254193556],[111.39498229401971,35.00131234630402],[111.39498259549896,35.001312166850646],[111.3949827025776,35.001312109715556],[111.39524449861372,35.00117382573297],[111.39524470733214,35.001173719592416],[111.39524503526515,35.001173574304566],[111.39524537423902,35.00117344700826],[111.39524572315841,35.0011733377071],[111.39524607874135,35.00117324731314],[111.3952464420876,35.001173176724166],[111.39524677487474,35.00117312967046],[111.39547729214154,35.00114620114597],[111.39547732717332,35.00114619652496],[111.39547769728262,35.0011461655738],[111.39547792727771,35.00114615581076],[111.39579602472381,35.001138575098125],[111.39579616712423,35.00113857373246],[111.39579653961515,35.0011385824331],[111.39579691110616,35.001138610967274],[111.39579727941073,35.00113866024349],[111.39579764232937,35.001138728466145],[111.39579799986637,35.001138816536624],[111.39579834873118,35.00113892356426],[111.3957986889194,35.00113904864772],[111.39579902483011,35.00113919537813],[111.39604605542101,35.001256146334114],[111.39630100027081,35.001366526957455],[111.39630117592112,35.001366605705094],[111.396301493281,35.001366766916675],[111.396301797574,35.001366944395684],[111.39630184372524,35.001366973990415],[111.39659657492075,35.001555505878024],[111.39689888549613,35.0016786498971],[111.3968991862833,35.00167878141589],[111.39689950364554,35.00167894262588],[111.3968997574033,35.00167908962183],[111.39712276163424,35.00181557581811],[111.39736138264217,35.00191929234517],[111.39762306824527,35.002022636300005],[111.3979462515531,35.0020215772711],[111.39816704695241,35.00191027970306],[111.39816715404702,35.001910226170615],[111.3981674819777,35.0019100808749],[111.39816758037873,35.001910041792975],[111.39869151479547,35.001705446821504],[111.39869175536559,35.00170535859795],[111.39869179583084,35.00170534494442],[111.39898560170819,35.001606209005644],[111.39918412793911,35.00154010925245],[111.39918441232962,35.001540021785225],[111.39918476790969,35.00153993137974],[111.39918488609312,35.00153990575258],[111.39960544412592,35.00145355659356],[111.39999305323089,35.00130228750631],[111.40022158994417,35.00111926256795],[111.40038672250485,35.000890724954104],[111.40049600039744,35.00057116208199],[111.4004548588867,35.000264619108904],[111.40045483715174,35.00026442989168],[111.40045482360914,35.000264123468575],[111.40045373956242,35.00004161790898],[111.40045374111648,35.00004148720435],[111.40046054594326,34.99980586763478],[111.40046055494555,34.999805691836805],[111.40046059070055,34.99980538615241],[111.4004606258915,34.999805189536374],[111.40051501240087,34.99954328299545],[111.40054593928815,34.99937333558684],[111.40055308275188,34.99920996736676],[111.40055308983986,34.99920984836175],[111.40055312559427,34.99920954267731],[111.40055317900676,34.9992092639759],[111.40059991220035,34.999006221748324],[111.40059999832057,34.99900591139077],[111.40060005880154,34.9990057345215],[111.4006707099192,34.9988157139303],[111.4006707553544,34.99881559660145],[111.40067088540398,34.99881530953464],[111.40067096136949,34.998815163261014],[111.40074978911507,34.99867092807006],[111.4007498662372,34.99867079441182],[111.40074992817773,34.99867069235186],[111.40083674224049,34.998532972925254],[111.40083685424328,34.99853280399811],[111.40083705014247,34.998532542853596],[111.40083726581132,34.99853229246032],[111.40083750125866,34.998532054620995],[111.40083754923587,34.99853200939376],[111.40098006344218,34.9984006517285],[111.40098026850377,34.99840047257871],[111.4009805402299,34.998400261660564],[111.40098082736614,34.998400066014895],[111.40098112882154,34.99839988654671],[111.40098144459606,34.998399723256],[111.40098171894384,34.99839960066403],[111.4013899170389,34.99822776089712],[111.40138997060257,34.998227738185626],[111.40139030955467,34.998227610872256],[111.40139061797694,34.99822751250386],[111.40140862932267,34.9982222907686],[111.4020260070632,34.9980432932513],[111.40279934118298,34.99781312691103],[111.40351725491186,34.997560375621646],[111.4035172942789,34.99756036197014],[111.4035173587997,34.997560340122654],[111.40393166287888,34.997422369574096],[111.4039317777112,34.99742233223559],[111.40437219195314,34.997284752837956],[111.40461883760635,34.99701184252693],[111.40461887574003,34.997011800936534],[111.40461911117205,34.99701156308991],[111.40461936419645,34.997011338705306],[111.40461963590859,34.997011127779054],[111.40461983240436,34.99701099101634],[111.40503027731002,34.99673853794996],[111.40491994553624,34.99649197940079],[111.40475413669017,34.99624422751019],[111.4044243545087,34.99617755028377],[111.40389853834752,34.99608828433386],[111.40353883001445,34.99604396915263],[111.40353858448299,34.9960439348151],[111.40353822048536,34.996043866619054],[111.40353786405787,34.99604377856757],[111.40353751410954,34.99604367156564],[111.4035371739265,34.99604354560236],[111.4035368446129,34.99604340247678],[111.40353676226681,34.99604336308994],[111.40325944679542,34.995907692700975],[111.40325921178909,34.99590757089439],[111.40325890859691,34.99590739342899],[111.40325861956471,34.99590719969179],[111.40325834579666,34.995906991481846],[111.40325809057441,34.9959067678869],[111.40325785281587,34.99590653161468],[111.40325763471616,34.99590628355926],[111.40325743627528,34.99590602372064],[111.40325725969275,34.995905753894284],[111.40325710387769,34.995905474985186],[111.4032569710252,34.995905187887416],[111.40325696104766,34.99590516358339],[111.40314496251129,34.99563235000349],[111.40314486370822,34.995632081721396],[111.40314477680367,34.995631782753016],[111.4031447150744,34.99563148009555],[111.40314467633858,34.99563117555895],[111.4031446627869,34.995630869135965],[111.40314467333286,34.99563056263296],[111.40314470907622,34.995630256947656],[111.40314476783509,34.99562995389005],[111.40314485180905,34.995629655255605],[111.40314495771206,34.99562936105521],[111.40314508774804,34.99562907398569],[111.40314524082166,34.99562879405068],[111.40314541475108,34.99562852306019],[111.40314561063606,34.9956282619119],[111.40314582629031,34.995628011514505],[111.40314606172271,34.995627773670684],[111.40314631474693,34.99562754928909],[111.40314658645836,34.9956273383661],[111.40314687357979,34.99562714271533],[111.40314717502028,34.995626963241776],[111.40314749077984,34.99562679994546],[111.40314763832012,34.99562673185228],[111.40386534731829,34.99530562959152],[111.40386552767339,34.99530555237454],[111.40386586660958,34.9953054250543],[111.40386621549243,34.99530531572851],[111.40386657104031,34.99530522530944],[111.40386693435299,34.995305154694826],[111.40386730214006,34.99530510299423],[111.4038676656476,34.995305072039535],[111.40428137542473,34.995280992980376],[111.40466604340197,34.99512111420448],[111.40499484920396,34.99484833659219],[111.40504849421029,34.99464581032164],[111.40482471480067,34.99405584051648],[111.40482465703151,34.994055675757195],[111.40482457012259,34.99405537678998],[111.4048245083884,34.99405507413331],[111.40482446964717,34.9940547695972],[111.40482445608956,34.99405446317437],[111.4048244666291,34.99405415667118],[111.40482450236556,34.99405385098536],[111.40482456111718,34.99405354792691],[111.40482458690346,34.99405344598537],[111.4049332239011,34.99364330615741],[111.40493328208056,34.99364310946324],[111.40493338797467,34.99364281526127],[111.40493351800131,34.9936425281898],[111.40493367106521,34.9936422482525],[111.40493379930965,34.99364204411365],[111.40507098508813,34.99343688112309],[111.40518029876677,34.99323224636214],[111.40528867808672,34.99282306699702],[111.40528711362647,34.99250569565449],[111.40517557305958,34.99225642533591],[111.40517553206259,34.992256329926796],[111.40517544774028,34.992256111173646],[111.40506322363939,34.991937768706904],[111.40506319917873,34.99193769487562],[111.40506311227125,34.99193739590844],[111.4050630719391,34.99193721306351],[111.40497795299228,34.99150495327924],[111.40497793159129,34.99150483346749],[111.40497789285077,34.9915045289313],[111.4049778792931,34.99150422250836],[111.40497788983184,34.991503916005044],[111.40497792556673,34.99150361031905],[111.40497798431605,34.991503307260416],[111.40497806827928,34.99150300862457],[111.40497808121854,34.99150296711807],[111.40511417168102,34.99109335103263],[111.4051119315708,34.99063868860114],[111.40511194210896,34.99063838209777],[111.40511197784299,34.9906380764117],[111.40511203659123,34.99063777335297],[111.40511212055313,34.990637474717005],[111.40511222644282,34.99063718051474],[111.40511233043951,34.99063694671107],[111.40533138622435,34.99018090656549],[111.40533141224877,34.99018085329736],[111.40533156530498,34.990180573359446],[111.40533173921581,34.99018030236571],[111.405331935081,34.99018004121382],[111.40533215071443,34.99017979081243],[111.40533238612501,34.990179552964314],[111.4053326391266,34.99017932857814],[111.40533291081451,34.99017911765023],[111.40533319791177,34.990178921994264],[111.4053334993276,34.990178742515305],[111.40533381506194,34.99017857921331],[111.40533414293317,34.99017843389835],[111.405334481846,34.99017830657407],[111.40533483070514,34.99017819724413],[111.40533518622927,34.99017810682085],[111.40533542476346,34.990178058251495],[111.4058329021232,34.99008533384198],[111.40583302687749,34.99008531179191],[111.40583339463993,34.99008526008548],[111.40583376469525,34.99008522910306],[111.40583413703897,34.99008521794329],[111.40583450948056,34.99008522661348],[111.40583488092476,34.99008525511731],[111.40583502558526,34.99008527175993],[111.40635680981697,34.990151285700286],[111.4067550586243,34.98948123032944],[111.4067525646213,34.988977047924834],[111.40673471641739,34.98854976654502],[111.40668585609443,34.9882133018318],[111.40663744336149,34.98795486421808],[111.4064784720671,34.98760598838861],[111.40647843662737,34.98760590918604],[111.40636717250305,34.9873476593027],[111.40612992506516,34.98705091741078],[111.40597153588287,34.98685709838987],[111.40597134076351,34.986856843051044],[111.40597117744586,34.98685659571828],[111.40582831792521,34.986623822016995],[111.40582815549017,34.98662353141494],[111.40582802264406,34.98662324431951],[111.40582791386622,34.98662295173536],[111.40582782696178,34.98662265276846],[111.40582776522977,34.986622350111894],[111.4058277264886,34.986622045575764],[111.40582771292875,34.98662173915269],[111.40582772346389,34.986621432649066],[111.40582773702126,34.98662129469298],[111.40585788294085,34.98634907792451],[111.40585790511312,34.98634891019414],[111.40585796385572,34.98634860713489],[111.40585797460331,34.986348565635595],[111.40593516196628,34.986037317864444],[111.40593523517312,34.98603706072703],[111.4059353410541,34.986036766523895],[111.40593542553349,34.986036574248004],[111.40604385936263,34.985804307906555],[111.405964123778,34.98552090102992],[111.40596409030763,34.98552077675168],[111.40596402857598,34.98552047409514],[111.40596399210538,34.98552018577619],[111.40593064775652,34.985144510136614],[111.40593063306133,34.98514419560487],[111.40593064359594,34.98514388910118],[111.40593067932475,34.985143583414626],[111.40593073806626,34.98514328035527],[111.40593082201977,34.98514298171852],[111.40593092789965,34.985142687515356],[111.40593105790967,34.985142400442534],[111.40593108502733,34.98514234717059],[111.40597787025538,34.985051485992564],[111.4059779961824,34.98505125932565],[111.40597817008042,34.985050988330826],[111.40597836593149,34.98505072717777],[111.40597840729568,34.98505067566093],[111.40632273275044,34.98463487110832],[111.40632284600551,34.98463474002952],[111.4065890230538,34.98433581828449],[111.40658908405055,34.9843357504769],[111.40658931944091,34.98433551262625],[111.40658957242123,34.984335288237375],[111.40658969568818,34.98433518867302],[111.40685566163556,34.98412748379038],[111.40704222485172,34.98384323721446],[111.4070724267764,34.983624271462574],[111.40703986057856,34.98337923825612],[111.40691265285277,34.98308214405472],[111.40691263845045,34.983082110752],[111.40691252967358,34.98308181816864],[111.4069125052006,34.98308174163353],[111.40686450422055,34.9829264084485],[111.40686444178931,34.98292618601728],[111.40686438005638,34.98292588336109],[111.40686434131327,34.9829255788251],[111.4068643277503,34.98292527240198],[111.40686433828124,34.982924965898114],[111.40686437400569,34.98292466021121],[111.40686443274224,34.982924357151326],[111.40686451669016,34.982924058513866],[111.40686461282773,34.982923788679656],[111.40691126756776,34.98280701112904],[111.40691127730395,34.98280698675921],[111.40691140730692,34.982806699685284],[111.40691156034424,34.98280641974519],[111.40691173423453,34.98280614874897],[111.4069117570682,34.982806115321466],[111.40706746864647,34.98258620605693],[111.4070974948686,34.98231502490486],[111.40709751703733,34.982314857174174],[111.40709757577261,34.98231455411417],[111.40709765971908,34.98231425547652],[111.40709776559125,34.982313961272254],[111.4070978955928,34.98231367419812],[111.4070980486286,34.98231339425776],[111.40709822469417,34.982313120549854],[111.4072701879486,34.982066341421664],[111.40727028693918,34.982066205882894],[111.4074266976875,34.98185835603844],[111.40742679127766,34.9818582358411],[111.40742700688313,34.981857985435845],[111.40742724226402,34.98185774758355],[111.4074274952345,34.98185752319291],[111.40742776688968,34.981857312260246],[111.4074279142232,34.981857208107364],[111.40760051548224,34.98174000670229],[111.40760065521174,34.98173991519403],[111.4076009565918,34.98173973570943],[111.40760127228937,34.98173957240159],[111.40760160012302,34.98173942708055],[111.40760193899763,34.98173929975002],[111.40760228781804,34.98173919041368],[111.40760264330319,34.9817390999839],[111.40760300655275,34.98173902935838],[111.40760337427675,34.98173897764678],[111.40760374429382,34.9817389466592],[111.40760411659947,34.98173893549424],[111.40801345277562,34.981737560702626],[111.40801382517958,34.98173756936641],[111.40801419658672,34.98173759786386],[111.40801431931631,34.98173761187352],[111.40842391064479,34.98178806679527],[111.40842415614004,34.981788102024645],[111.40842434905858,34.98178813562809],[111.40869185851767,34.981838990858876],[111.40886456521567,34.98185132798146],[111.40924131607662,34.98186297551811],[111.40982064227788,34.98170617291578],[111.41011672888155,34.98143459749913],[111.41028771857664,34.98108506296778],[111.41042727966075,34.98073568940109],[111.41041003226584,34.980425618556346],[111.4104100258187,34.980425423880426],[111.4104100363362,34.98042511737622],[111.41041007417381,34.980424799061744],[111.41047361292864,34.98003167433736],[111.41011298902471,34.979821498893855],[111.410112831944,34.979821403878276],[111.41011254295273,34.979821210156594],[111.41011226922144,34.979821001961284],[111.41011201403109,34.97982077837995],[111.41011177629996,34.97982054212034],[111.41011155822285,34.97982029407643],[111.41011140832276,34.97982010168771],[111.40987686543063,34.97950133420528],[111.40987681690802,34.979501266765666],[111.4098767231347,34.97950112917129],[111.40966811284162,34.979182345834204],[111.40938143149724,34.97877860540701],[111.40938125273286,34.97877833379333],[111.40938117431533,34.97877820065367],[111.40925123667066,34.97854544748252],[111.40862950458765,34.97818610557723],[111.40862932884113,34.978185999805966],[111.4086290398591,34.97818580608063],[111.40862876613703,34.978185597881875],[111.40862851095577,34.97818537429728],[111.40862827323363,34.97818513803465],[111.40862805516537,34.97818488998794],[111.40862785675093,34.97818463015718],[111.40862768018953,34.9781843603377],[111.4086275243905,34.97818408143456],[111.40862739154856,34.97818379434177],[111.40862728277227,34.97818350175971],[111.40862719586691,34.97818320279441],[111.40862713413125,34.97818290013888],[111.40862712961646,34.97818287311273],[111.40852229089724,34.97751786496347],[111.40823781300438,34.97714404275792],[111.40800048789457,34.97687291508692],[111.4076842083081,34.97653733211931],[111.40738401943774,34.97627935804607],[111.40738386653754,34.97627922064802],[111.40738362882453,34.97627898438281],[111.40738341076509,34.97627873633372],[111.40738321235924,34.976278476500774],[111.40738309873046,34.97627830832408],[111.40720866939151,34.976006911239764],[111.40698689526168,34.97570975071359],[111.40698682690739,34.97570965810063],[111.40698665035673,34.97570938827857],[111.40698649456802,34.975709109373156],[111.40698636173587,34.975708822278385],[111.40698633735427,34.97570876377045],[111.40658784421048,34.974712341202576],[111.40658775982715,34.974712107126464],[111.40658767293299,34.974711808159455],[111.40658761120756,34.974711505502654],[111.40658757246963,34.97471120096612],[111.40658755890937,34.97471089454253],[111.40658563784334,34.97432216307629],[111.40658564837453,34.97432185657202],[111.40658568409661,34.97432155088478],[111.40658570645594,34.974321421912656],[111.4066470736363,34.97399726876158],[111.40664711000844,34.973997094673535],[111.40664719394837,34.97399679603584],[111.40664729981174,34.973996501831614],[111.40664742980204,34.97399621475765],[111.40664758282419,34.97399593481759],[111.40664775669698,34.9739956638215],[111.40664795251996,34.97399540266706],[111.40664801238731,34.97399532945485],[111.40689841171002,34.97369645856717],[111.40689856742905,34.973696281375],[111.4068986654802,34.973696179190554],[111.40710228774991,34.97348817042696],[111.4071024250574,34.97348803475973],[111.4071025515125,34.973487918959215],[111.40733711025393,34.97328028651791],[111.40766469606686,34.97274850090721],[111.40766483192434,34.972748294035185],[111.40766502774113,34.97274803287912],[111.40766524332227,34.972747782473235],[111.40766547867668,34.972747544620304],[111.40766573161874,34.97274732022903],[111.40766600324349,34.97274710929573],[111.40766629027472,34.97274691363415],[111.4076665916219,34.97274673414936],[111.407666907285,34.972746570841316],[111.40766723508287,34.97274642552016],[111.40766757392048,34.97274629818951],[111.40766770948231,34.97274625266544],[111.40787203403383,34.97268077720194],[111.40787224725396,34.972680713389224],[111.40787260269978,34.9726806229588],[111.40787296590918,34.97268055233264],[111.40787333359258,34.972680500620434],[111.40787370356882,34.97268046963226],[111.40787407583345,34.97268045846674],[111.40787445805174,34.972680467098144],[111.40833111123354,34.97270484892464],[111.40878755984212,34.972729218904874],[111.40905442790523,34.97272831936127],[111.40961948382346,34.97263590174577],[111.41016880085947,34.97242695203404],[111.41016898887328,34.97242688469692],[111.41016933765084,34.972426775353334],[111.41016969309297,34.9724266849162],[111.41017005629921,34.972426614283194],[111.41017033205077,34.97242657369111],[111.41059475079122,34.972373351553735],[111.41127036913097,34.972215685510406],[111.41177310131586,34.97207152694441],[111.41208728685716,34.97196684129923],[111.41208757113172,34.971966753802135],[111.4120879265697,34.9719666633594],[111.4120882897722,34.971966592720676],[111.41208865744963,34.971966540995744],[111.41208896392725,34.97196651381574],[111.41229354266346,34.97195286118902],[111.41229360615716,34.97195285736792],[111.41229397841775,34.97195284618888],[111.41256092050197,34.97195193959813],[111.41289052314099,34.97188615712481],[111.4128907310111,34.97188611946147],[111.4128910888369,34.97188606866898],[111.41336308389118,34.97183263093005],[111.41336322507742,34.97183261602739],[111.41380365157438,34.971792255782916],[111.41419678936926,34.971739102418596],[111.41419694586286,34.971739082955864],[111.4147937928205,34.97167236549208],[111.41555815487311,34.97133734063291],[111.41555829145948,34.97133728247722],[111.41555863027885,34.97133715512467],[111.41555897904446,34.971337045765665],[111.41555933447583,34.971336955312815],[111.41555969767246,34.97133688466374],[111.4155600653448,34.97133683292831],[111.41556043531187,34.971336801916756],[111.41556080756914,34.97133679072773],[111.41556117992654,34.9713367993687],[111.41556155128909,34.97133682784342],[111.41556191947126,34.97133687706078],[111.41556228227394,34.9713369452255],[111.41556263970163,34.97133703323895],[111.41556298846477,34.97133714021103],[111.41556332855878,34.97133726524035],[111.41556360291507,34.9713373832836],[111.41597702357353,34.97152694583024],[111.41638748645197,34.97148328245915],[111.41661842592282,34.97133415307813],[111.41661845539257,34.97133413404806],[111.41661861149686,34.9713340379663],[111.41697986134751,34.97111975885103],[111.41698000656474,34.97111967542548],[111.41698032220289,34.97111951209338],[111.41698064997762,34.97111936674719],[111.41698098879387,34.97111923939069],[111.41698133755663,34.9711191300276],[111.41698169298543,34.97111903957062],[111.41698205617985,34.971118968917295],[111.41698242385027,34.97111891717756],[111.41698279381578,34.9711188861617],[111.41698316607182,34.97111887496831],[111.4172887101621,34.97111782453957],[111.4173659392505,34.97059309236174],[111.41725489287802,34.97033538283963],[111.41712752749443,34.97005077349806],[111.41712748649495,34.97005067809263],[111.41712747651654,34.97005065378967],[111.41695215462751,34.96962364403963],[111.41695205581162,34.969623375767746],[111.41695196888541,34.96962307680812],[111.41695190712593,34.969622774156576],[111.41695186835229,34.96962246962335],[111.41695186600244,34.969622438083135],[111.41691815158791,34.96918198464276],[111.41691814034012,34.969181709760534],[111.4169164323737,34.96884481049399],[111.41691644087228,34.96884454275501],[111.41694561585743,34.968391049415324],[111.41694411102813,34.96809403997845],[111.41680138038625,34.967797430573036],[111.41665865359033,34.967539223364234],[111.41637437847561,34.967191354331256],[111.41602785787921,34.96698570849301],[111.41602774035357,34.96698563678519],[111.41602745139392,34.96698544307696],[111.41602717769085,34.96698523489435],[111.4160269225247,34.966985011324816],[111.41602668481417,34.96698477507614],[111.41602646675376,34.966984527042214],[111.41602641055977,34.966984457828424],[111.41588382633488,34.96680353531287],[111.41588368411921,34.966803344707266],[111.41588350755893,34.96680307489784],[111.41588335618275,34.96680280500217],[111.41572437579292,34.9664923551148],[111.41572430166131,34.966492203035294],[111.41558106464336,34.9661817035548],[111.41558100371546,34.96618156404935],[111.4155808949308,34.966181271473005],[111.41558080801336,34.96618097251217],[111.41558080129798,34.966180943690986],[111.41550045555316,34.96584455755874],[111.41532504390571,34.965378911342974],[111.41532498946663,34.965378755590336],[111.41532490255099,34.96537845662926],[111.4153248408008,34.965378153976616],[111.41532482041866,34.96537802064201],[111.41525930927436,34.96487288570259],[111.4152592908913,34.96487271450316],[111.41525927730075,34.964872408080254],[111.41525928779878,34.96487210157499],[111.41525932348489,34.96487179588498],[111.41525934049449,34.9648716948722],[111.41528997101571,34.964703137441894],[111.41529001269933,34.96470293539012],[111.4152900965987,34.96470263674627],[111.41529020241947,34.96470234253437],[111.41529033236517,34.96470205545101],[111.41529048534085,34.96470177549996],[111.41529065916573,34.96470150449142],[111.41529085493933,34.96470124332299],[111.41529107047629,34.96470099290357],[111.41529130578573,34.964700755035864],[111.41529155868231,34.96470053062871],[111.415291830261,34.96470031967839],[111.41529211724605,34.964700123998874],[111.41529235631329,34.96469997986188],[111.41554313398997,34.96455678236939],[111.41577801442733,34.96437480550684],[111.41577814532702,34.96437470770961],[111.41577843230978,34.96437451202893],[111.4157787336086,34.96437433252409],[111.41577904922343,34.964374169195096],[111.41577937697356,34.96437402385216],[111.41577971576403,34.96437389649903],[111.41578006449996,34.96437378713947],[111.41578039583993,34.96437370217675],[111.41629924678176,34.96425530056698],[111.41629955086607,34.964255239132164],[111.41681852169427,34.96416275319218],[111.4168185928051,34.964162741230176],[111.4168189604446,34.96416268949112],[111.41681934460841,34.96416265752571],[111.41733816987814,34.964134983634494],[111.41787156877587,34.96402972604178],[111.41829437517592,34.96383444760646],[111.41851351200475,34.963678507386234],[111.41851358728836,34.96367845484674],[111.4190103953191,34.96333700700981],[111.41901055900568,34.963336898279415],[111.41901086029357,34.963336718766605],[111.41901117589795,34.96333655542926],[111.41901150363816,34.96333641007764],[111.4190118424193,34.96333628271554],[111.41901219114642,34.96333617334674],[111.4190125465394,34.96333608288394],[111.41901290969774,34.963336012224715],[111.4190132773321,34.96333596047904],[111.41901364726182,34.9633359294572],[111.41901401948233,34.963335918257826],[111.41901439180378,34.963335926888476],[111.41901476313129,34.96333595535293],[111.41901513127956,34.9633360045601],[111.41901549404965,34.96333607271481],[111.4190158514461,34.96333616071845],[111.41901620017961,34.96333626768095],[111.41901654024556,34.96333639270098],[111.41901686945415,34.96333653578608],[111.41901718671046,34.96333669694001],[111.41901749091039,34.96333687436384],[111.41901777986412,34.96333706806513],[111.41901805247213,34.96333727714628],[111.41901830872524,34.963337499804574],[111.4190184231608,34.96333761027956],[111.41938256370092,34.96369852179887],[111.41938268697487,34.96369864756646],[111.41938290614523,34.96369889829481],[111.41953915508698,34.96389009669909],[111.41953935019761,34.963890352918526],[111.41953952676349,34.96389062272275],[111.4195395477462,34.96389065780409],[111.41990468914673,34.964506693659445],[111.42029427830845,34.96488827764739],[111.4206321202074,34.96518527198522],[111.42063222911311,34.965185370759855],[111.42063246683152,34.965185606999526],[111.4206326849055,34.96518585592657],[111.42063288332588,34.96518611573823],[111.42063305989814,34.96518638554074],[111.42063321571263,34.96518666442896],[111.42063334747532,34.965186950611525],[111.4206334507051,34.96518722427357],[111.42071228750365,34.96542130554756],[111.4207123008457,34.96542134516208],[111.4208700802662,34.96591079054536],[111.42087015609633,34.96591105889386],[111.42087021896222,34.96591136153971],[111.42087025200638,34.965911613811635],[111.42089754516341,34.966188445726374],[111.42097878574965,34.96691158651132],[111.42100384079603,34.96695240698475],[111.42141735338554,34.96722660846356],[111.42185603881325,34.96730997196776],[111.42219214189764,34.96733008016907],[111.4221924486226,34.96733010524277],[111.42219281679058,34.967330154440155],[111.42219317300177,34.96733022080529],[111.42258180495791,34.96741408648482],[111.42258216566536,34.967414175367665],[111.42258251442072,34.96741428231971],[111.4225828545089,34.967414407329485],[111.42258318373997,34.96741455040466],[111.42258326716586,34.96741459067646],[111.42297244408262,34.96760497105865],[111.42297267793684,34.96760509193044],[111.42297298216106,34.96760526934407],[111.42297327113909,34.96760546303563],[111.4229735437713,34.96760567210758],[111.42323343466973,34.967817806870215],[111.42323369094824,34.96781802951925],[111.42323375697114,34.967818092385755],[111.42351981717385,34.96809400708507],[111.42411787064229,34.96864579341531],[111.4241181160828,34.96864603683202],[111.42411833417654,34.968646285752506],[111.4241185326163,34.9686465455582],[111.42411864626843,34.96864671371927],[111.4244056320167,34.96909309463995],[111.42440569495646,34.96909319627588],[111.42440585079123,34.96909347515893],[111.42440590501755,34.969093585839104],[111.42466756337278,34.96964657512022],[111.4246676409297,34.96964675061801],[111.42466775085094,34.9696470440833],[111.42466777533629,34.96964712061493],[111.42485200249895,34.970242939708335],[111.42500952473056,34.97071053787982],[111.42529623338662,34.97115646768182],[111.42529629632908,34.97115656931722],[111.42529645217084,34.97115684819898],[111.42529658395947,34.971157134376014],[111.425296694994,34.9711574305409],[111.42540160975955,34.97147583670272],[111.42563540146837,34.971751297399926],[111.42563545436064,34.97175136121243],[111.42563565833453,34.97175163000987],[111.42594853883209,34.97219790720917],[111.42613078433509,34.97245257170759],[111.42649470161737,34.97281316983499],[111.42649482491592,34.97281329559501],[111.42649504302798,34.97281354451092],[111.4264950827064,34.97281359394741],[111.42683372961524,34.97323846065018],[111.42719837327239,34.97368453900021],[111.42719856843028,34.9736847952066],[111.42719874504252,34.97368506499892],[111.42719890089556,34.97368534387804],[111.42719903269494,34.97368563005281],[111.42719911705609,34.973685848791064],[111.42735642551405,34.974131818455916],[111.427614705108,34.9744057575993],[111.42800061275769,34.97446787493918],[111.42828474616738,34.974466873160274],[111.42828511853989,34.974466881762105],[111.42828526203986,34.97446689026979],[111.42885487990911,34.97450748630412],[111.42885510779006,34.97450750623104],[111.42885547599396,34.97450755540789],[111.42885583882122,34.974507623532666],[111.42885619627656,34.97450771150675],[111.42885654507005,34.97450781844037],[111.42885688519702,34.97450794343217],[111.42885721446733,34.97450808648987],[111.42885753178594,34.974508247617365],[111.42885760976087,34.97450829060815],[111.42919507211884,34.9746988350769],[111.42919529840744,34.97469896948386],[111.42919558742504,34.97469916316011],[111.42919586009661,34.974699372217565],[111.42919611641275,34.9746995948535],[111.42919635418335,34.97469983107567],[111.4291965723086,34.974700079986555],[111.42919677077913,34.974700339783446],[111.429196933042,34.97470058618765],[111.42935355823927,34.97495567966264],[111.42935357259745,34.974955703047726],[111.42935372846024,34.97495598192395],[111.42935375392432,34.97495603501524],[111.42940607263604,34.975062369513964],[111.42940617898115,34.97506260259491],[111.42940628892669,34.97506289605549],[111.42940633236358,34.975063035615555],[111.42951174310328,34.975424799701514],[111.42953764348273,34.97550854709167],[111.42992619667437,34.97580448267639],[111.42992633852836,34.975804594846444],[111.43010721900258,34.97595220038683],[111.4303900597556,34.97601461831346],[111.43142458119377,34.97601094724057],[111.4314249535735,34.97601095583273],[111.43142532496212,34.97601098425872],[111.43142569317422,34.9760110334277],[111.43142605601018,34.97601110154473],[111.43142641347472,34.976011189511155],[111.43142676227788,34.97601129643729],[111.43142710241491,34.97601142142179],[111.43142743169568,34.976011564472415],[111.43142774902508,34.97601172559307],[111.43142805329857,34.97601190298491],[111.43142834232603,34.97601209665573],[111.4314286150076,34.97601230570804],[111.43155858503044,34.976118363338614],[111.43155881604757,34.97611856262354],[111.43176686739517,34.97630954797984],[111.43200091398366,34.97652174456366],[111.43200096349928,34.97652178945641],[111.43200112970959,34.976521951113156],[111.43220836356859,34.976733288112165],[111.43239028554302,34.976792434272035],[111.43239034917204,34.976792455678556],[111.43239068931375,34.97679258066029],[111.43239101859932,34.97679272370825],[111.4323913359336,34.97679288482632],[111.43239164021206,34.97679306221569],[111.43239192924452,34.976793255884154],[111.43239220193114,34.97679346493425],[111.43239245826246,34.97679368756325],[111.43239269604825,34.97679392377896],[111.43239291418875,34.97679417268391],[111.43239311267443,34.9767944324754],[111.43239328931038,34.97679470225984],[111.43239344518699,34.976794981131974],[111.43239357700948,34.976795267300794],[111.432393686968,34.9767955607585],[111.43239377285822,34.976795858808785],[111.43239383577517,34.97679616144777],[111.43239387351925,34.97679646688053],[111.43239388717603,34.976796773300435],[111.4323938767408,34.976797079806126],[111.43239384854247,34.97679734040479],[111.43236109354285,34.97702671893226],[111.43236201237016,34.97720154423336],[111.43240122587054,34.97737479907827],[111.43249547771563,34.97743631236647],[111.43293959203373,34.97746650421925],[111.43375233519201,34.97746360286525],[111.43411878331725,34.97731912478141],[111.43411904126583,34.97731903011592],[111.43411939003148,34.97731892070371],[111.43411974546761,34.97731883019658],[111.43412010867408,34.97731875949199],[111.43412047636083,34.97731870770032],[111.43412084634717,34.97731867663211],[111.43412121862836,34.977318665386015],[111.4341215910142,34.977318673969855],[111.43412175862136,34.977318684187175],[111.43452906292464,34.97734914243601],[111.43452926671303,34.977349160635704],[111.43452963493287,34.9773492097952],[111.43452980483032,34.9773492389327],[111.43478209266056,34.97739620894727],[111.43478228560767,34.977396247917035],[111.43478264308172,34.977396335873486],[111.43478299189502,34.97739644278987],[111.43478333204281,34.977396567764856],[111.43478366133488,34.97739671080627],[111.43478397867614,34.97739687191802],[111.43478416540518,34.97739697761202],[111.43499810230885,34.97752387355285],[111.43499821986599,34.97752394524194],[111.4349985089071,34.97752413890412],[111.43499878160272,34.97752434794827],[111.43499903794331,34.977524570571674],[111.43499927573869,34.97752480678218],[111.43499949388898,34.97752505568234],[111.43499969238464,34.97752531546945],[111.4349998690307,34.97752558525001],[111.43500002491751,34.97752586411869],[111.43500015675022,34.97752615028457],[111.43500022890412,34.97752633390716],[111.43509860096715,34.97779726373449],[111.43509863878234,34.97779737356708],[111.43509872468341,34.977797671615335],[111.43509878761112,34.97779797425279],[111.43509882536573,34.97779827968458],[111.4350988390328,34.97779858610405],[111.43509883146379,34.97779881147562],[111.43509883164495,34.97779884572732],[111.4350809641607,34.97808614999792],[111.43508096112328,34.978086196880454],[111.43508092659602,34.97808650166984],[111.43508086687173,34.978086804746745],[111.43508078413109,34.97808710430061],[111.43508067726468,34.9780873976313],[111.43508055712826,34.97808766667231],[111.43490791968841,34.97843936633083],[111.43490776242666,34.978439656236326],[111.43490758863815,34.97843992727209],[111.43490739615648,34.978440183952756],[111.43456371919439,34.9788685150758],[111.43487691398428,34.97905269901832],[111.43487705021776,34.979052781457135],[111.434877339264,34.97905297511952],[111.43487761196442,34.97905318416385],[111.43487786830951,34.97905340678742],[111.4348780345306,34.97905356844008],[111.43515527262072,34.97933626939085],[111.43515534419963,34.97933634394868],[111.43515556235523,34.97933659284845],[111.43515576085584,34.979336852635186],[111.43515579285287,34.979336897589405],[111.43546840313715,34.979789686259146],[111.4354684252211,34.97978972043229],[111.43602408805349,34.98061017466567],[111.43640527346608,34.98103410300723],[111.43640541672477,34.98103427014853],[111.43640561523344,34.981034529933105],[111.43640579189176,34.98103479971135],[111.43640594779009,34.98103507857798],[111.43640607520024,34.981035354842874],[111.4368597361773,34.98211140281506],[111.4374151721483,34.98295958824495],[111.4381071894524,34.983552392312944],[111.43873026897711,34.98408895398316],[111.43931793116384,34.98448370526273],[111.43990458712018,34.98482134968419],[111.4409039112569,34.98498773537328],[111.44162781075966,34.98509849316232],[111.44290260381436,34.98509384879422],[111.44521833398562,34.98505397820055],[111.44521881905673,34.98505395749296],[111.44521908078511,34.98505395202635],[111.44521945320676,34.98505396057587],[111.44521982464056,34.985053988959294],[111.44522019290099,34.985054038086005],[111.44522055578788,34.98505410616132],[111.44522091330614,34.9850541940866],[111.44522126216526,34.98505430097254],[111.44522160236039,34.98505442591777],[111.44522193170111,34.98505456893033],[111.44522224469678,34.985054727326215],[111.4455051836587,34.98520847472739],[111.44596078695547,34.985323011194055],[111.44663682311028,34.98532052624829],[111.44750242598883,34.98529142804656],[111.44821062190711,34.98524994666256],[111.44821099750739,34.985249935360905],[111.44821136993012,34.98524994390124],[111.44821160987271,34.98524996014164],[111.44879424658681,34.985299622638486],[111.44951837951947,34.985322850308016],[111.45024262262456,34.985333123178826],[111.45024287128497,34.9853331312705],[111.45024324272158,34.985333159638536],[111.4502436131765,34.98533320874184],[111.4507161415741,34.985409165898645],[111.45139326836275,34.98547141788604],[111.45139335383323,34.98547142568067],[111.451393722099,34.98547147478861],[111.45139375937059,34.98547148095969],[111.45192956309977,34.98556019236294],[111.45192967711013,34.98556021176885],[111.45262275803186,34.98568713792598],[111.45334641021219,34.98573620681245],[111.45391250694001,34.98569525060086],[111.45391260766425,34.98569524391467],[111.4539130960769,34.985695233074985],[111.45468443223211,34.98570530156449],[111.45558143356752,34.98566307360066],[111.45558173252394,34.98566306616927],[111.45558210494906,34.98566307468698],[111.45558223970441,34.98566308229373],[111.4564642798674,34.98572455854945],[111.45646451655222,34.98572457929265],[111.45646488482198,34.98572462838518],[111.45646524772077,34.985724696426786],[111.45646535080033,34.98572471947503],[111.45739548895868,34.985941502635335],[111.45739562824585,34.98594153726425],[111.45841992778767,34.98620374225806],[111.4584200429559,34.98620377247],[111.45842039183664,34.98620387931781],[111.45842073205617,34.98620400422585],[111.45842106142406,34.98620414720235],[111.45842137884509,34.98620430825149],[111.45842168321401,34.98620448557466],[111.45842197234039,34.986204679180126],[111.45842224512397,34.986204888170704],[111.45842250155474,34.98620511074364],[111.45842273944226,34.986205346907234],[111.45842295768625,34.98620559576424],[111.45842315627672,34.98620585551197],[111.4584233330182,34.98620612525732],[111.45842348900088,34.9862064040948],[111.45842362092905,34.986206690234106],[111.45842373099316,34.98620698366697],[111.4584238169877,34.986207281697595],[111.45842388000787,34.98620758432184],[111.45842391785324,34.98620788974526],[111.45842393160892,34.98620819616102],[111.45842392126991,34.98620850266774],[111.45842388682615,34.986208807462724],[111.45842382718246,34.9862091105501],[111.45842374451917,34.9862094101189],[111.45842363772601,34.986209703469164],[111.45842350899845,34.98620999149399],[111.45842335613096,34.986210271497605],[111.4584231824042,34.9862105425662],[111.45842298671789,34.98621080380257],[111.4584227712524,34.98621105339576],[111.45842253600777,34.98621129134574],[111.45842228207417,34.986211516747005],[111.45842201162694,34.98621172688725],[111.45842181524725,34.98621186373642],[111.4580928762029,34.98643048007658],[111.45809278562632,34.986430539007735],[111.45809248324555,34.98643071862095],[111.4580921676318,34.98643088205934],[111.45809183987025,34.98643102751606],[111.45809150106116,34.98643115588832],[111.45809115338487,34.98643126536514],[111.45809079684143,34.986431355946536],[111.45809043471144,34.98643142671875],[111.45809022350541,34.986431458162386],[111.45754050811973,34.9865059727065],[111.45701384064988,34.98659834440018],[111.45679516726433,34.98670744774892],[111.45679508424789,34.98670748772177],[111.45679475648292,34.98670763317501],[111.45679441767061,34.98670776154367],[111.4567940699914,34.9867078710168],[111.45679371344528,34.9867079615944],[111.45679335131291,34.986708032362756],[111.45679298359431,34.986708083321865],[111.45679284676689,34.986708097357266],[111.45617712173645,34.98676473280995],[111.45573964848026,34.986838450584536],[111.45558777478925,34.98700067505873],[111.45558756239899,34.98700088858032],[111.45558730845514,34.987001113975715],[111.45558703799803,34.9870013241097],[111.45558675103264,34.98700151988361],[111.45558644864424,34.987001699490634],[111.45558613302326,34.98700186292254],[111.45558580525494,34.987002008372535],[111.45558549704586,34.987002125806484],[111.45516860371536,34.98714843320086],[111.45490676446607,34.987293514733864],[111.45473263251083,34.9875287815693],[111.45473251832895,34.987528929822524],[111.45473230284878,34.98752917940921],[111.45473206758967,34.9875294173521],[111.45473181364183,34.987529642745706],[111.4547315431808,34.98752985287781],[111.45473125621152,34.987530048649695],[111.45473110012175,34.98753014478011],[111.45442395773522,34.98771243966755],[111.4544238114321,34.98771252314167],[111.45442349580608,34.987712686570596],[111.45442316803285,34.98771283201745],[111.45442282921263,34.98771296037953],[111.45442248152594,34.98771306984591],[111.4544221249728,34.98771316041659],[111.4544217628339,34.987713231177906],[111.45442139510924,34.98771328212986],[111.45442108858818,34.987713309417],[111.45384901781931,34.9877516790866],[111.45384895322535,34.98775168383494],[111.45384835307163,34.98775169238798],[111.45329997037113,34.98773569098866],[111.45306244527173,34.98787921844293],[111.45304273792375,34.98823600142505],[111.45403123069133,34.98855712674149],[111.454031294335,34.98855714813649],[111.45403144467723,34.98855720075542],[111.45467099305819,34.98879027189576],[111.45535350644847,34.98902281615775],[111.45598889232667,34.989020431472596],[111.45627266890799,34.98885716738011],[111.45627274643059,34.98885712382277],[111.45627306205725,34.98885696038908],[111.4562733898317,34.98885681493723],[111.45627374068137,34.9888566829193],[111.456755211389,34.98869246907482],[111.45688520576904,34.98849418307349],[111.45688527312328,34.98849408366875],[111.45688546555415,34.988493826052654],[111.4570166250901,34.98833029976475],[111.4570168427408,34.98833004746175],[111.45701707799553,34.988329809514504],[111.45701733084925,34.98832958502165],[111.45701760239724,34.988329373979056],[111.45701788936378,34.98832917820179],[111.45701819065862,34.98832899859535],[111.45701850628177,34.98832883515971],[111.45701883405279,34.98832868970589],[111.45701917287639,34.988328562237946],[111.45701952165736,34.98832845276002],[111.45701987711499,34.988328362185854],[111.45701997010033,34.98832834200558],[111.45745967783533,34.988236113165826],[111.45745994808394,34.98823606257193],[111.45746031580393,34.988236010709414],[111.45746068582972,34.988235979569836],[111.45746105815631,34.988235968251836],[111.45746143059323,34.98823597676369],[111.4574618020452,34.9882360051095],[111.45746217032679,34.988236054198886],[111.4574625332375,34.988236122237396],[111.4574628907823,34.988236210126374],[111.45746323967049,34.988236316976845],[111.45746357989704,34.98823644188747],[111.45746390927148,34.98823658486648],[111.45746417396657,34.98823671727269],[111.45797156673328,34.98850632839921],[111.45821379531995,34.98859583951903],[111.45821395776781,34.98859590200222],[111.45821428714497,34.98859604497915],[111.45821460457488,34.9885962060287],[111.45821490895227,34.98859638335226],[111.45821519808665,34.98859657695808],[111.45821547087773,34.98859678594898],[111.45821572731546,34.98859700852221],[111.45821596520938,34.98859724468606],[111.45821618345921,34.988597493543324],[111.45821638205489,34.98859775329123],[111.45821655880091,34.988598023036744],[111.45821658311732,34.988598062605476],[111.4585054484653,34.98908606453426],[111.45850558013714,34.98908630380279],[111.45850571207035,34.989086589941834],[111.4585058221387,34.989086883374455],[111.45850590813669,34.989087181404855],[111.45850595307256,34.989087383143186],[111.45855128771097,34.98932270068236],[111.45855130579803,34.98932280156805],[111.45855134364541,34.989323106991264],[111.4585513520159,34.98932323315216],[111.4585759888027,34.989794116676684],[111.45857599418912,34.98979429693135],[111.45857598385037,34.98979460343789],[111.45857594940584,34.98979490823275],[111.45857588976025,34.98979521132006],[111.45857580709406,34.98979551088879],[111.45857570029695,34.989795804239044],[111.45857557156444,34.98979609226393],[111.45857541869096,34.98979637226759],[111.45857524495723,34.989796643336305],[111.45857504926803,34.9897969054742],[111.45857483379375,34.98979715506756],[111.45857463993816,34.9897973532009],[111.45818150981819,34.99017832894522],[111.45798821139792,34.990956120979],[111.45804677655423,34.99146525704079],[111.45823402744017,34.99156697004433],[111.45823433402425,34.991567148260756],[111.45823462316919,34.99156734186637],[111.45823473095419,34.9915674216819],[111.45878288519042,34.99198000100519],[111.4587830502082,34.991980130179556],[111.4587833066581,34.991980352751376],[111.4587833385875,34.991980382376084],[111.4593107715678,34.992479220697355],[111.45983760281302,34.99287441529467],[111.4598377744363,34.99287454985079],[111.45983803089187,34.992874772420315],[111.45983813440982,34.99287487208079],[111.46045035430623,34.99347725042932],[111.46045048870133,34.99347738692851],[111.460450706971,34.99347763578138],[111.46045090558567,34.99347789552529],[111.46045101382458,34.9934780555594],[111.46087436122282,34.99413263887759],[111.46140214120663,34.994700472114914],[111.46140233853973,34.99470069760986],[111.46140253716038,34.99470095735212],[111.46140271393016,34.994701227092534],[111.46140286993935,34.99470150592559],[111.46140288545602,34.9947015383161],[111.46172139607201,34.99533958007708],[111.4617214659083,34.99533972763682],[111.46195532198999,34.99585715148687],[111.461955368592,34.995857257671666],[111.46195540524475,34.99585734766959],[111.46223232307082,34.99656465633463],[111.46248775818755,34.99721969792928],[111.46301614771578,34.99794252523103],[111.46335332549958,34.99826891869044],[111.46364687008234,34.9984740258733],[111.46389708970732,34.99850736000767],[111.46444179171951,34.99852251245551],[111.46509089303717,34.99836474596184],[111.46509100571281,34.99836471939032],[111.46509129785133,34.99836466058318],[111.4657834673741,34.9982410668103],[111.46578353850691,34.998241054819516],[111.46578385919567,34.998241008520395],[111.46683295092936,34.99811603878202],[111.46683299799957,34.99811603319279],[111.46683336806593,34.99811600202436],[111.46683374043563,34.998115990677306],[111.46683411291795,34.998115999160035],[111.46683448441752,34.99811602747674],[111.4668348527487,34.99811607653723],[111.46683521571053,34.9981161445472],[111.46683557330813,34.99811623240802],[111.46683592225028,34.99811633923096],[111.46683626253181,34.99811646411468],[111.46683659196205,34.99811660706759],[111.46683690944558,34.998116768093915],[111.46683711384999,34.998116884486414],[111.46746914193805,34.99849454797973],[111.4674692419658,34.99849460888793],[111.4674695311568,34.998494802470965],[111.4674698040043,34.99849501144027],[111.46747006049804,34.998495233993175],[111.46747029404017,34.99849546564818],[111.46789219999192,34.99894244472179],[111.46860728150848,34.99933648359568],[111.4691331684806,34.99955892949841],[111.46913326841312,34.9995589732795],[111.46982791042828,34.99986727315261],[111.46982803123583,34.99986732766882],[111.46982811471759,34.9998673679075],[111.4705645871472,35.000227106128314],[111.47159345088893,35.000533579701454],[111.47224212708905,35.00047937865397],[111.47289142767072,35.000304235420415],[111.47289170113667,35.000304167653546],[111.47289206440978,35.00030409683271],[111.47289243217337,35.00030404492319],[111.47289280224705,35.000304013736255],[111.47289343316565,35.00030400587024],[111.47381739194,35.00033495445738],[111.4748042380866,35.000348373443146],[111.47480448898507,35.00034838147553],[111.4748048604972,35.000348409767746],[111.47480497011,35.00034842195823],[111.47549822860087,35.00043208068048],[111.47644299341874,35.000514709827975],[111.47732397069407,35.000476720999856],[111.47801623435778,35.00040490860678],[111.47801654640507,35.000404883040964],[111.4780171236386,35.000404873556974],[111.47894595321667,35.00042866290038],[111.47894612085481,35.00042866944995],[111.47894649236856,35.00042869772946],[111.47894686071693,35.000428746753045],[111.47894722369858,35.00042881472661],[111.47894758131882,35.00042890255154],[111.47894793028613,35.00042900933941],[111.47894827059528,35.000429134188906],[111.47894829914395,35.00042914579411],[111.47938408120301,35.00060629312486],[111.4793843821159,35.0006064244383],[111.4793846996333,35.00060658543148],[111.47938500410051,35.000606762700876],[111.47938529332671,35.000606956255176],[111.47938556621126,35.000607165197344],[111.47954573654462,35.000737701197245],[111.47954599307785,35.00073792372423],[111.4795462310681,35.00073815984504],[111.4795464494147,35.00073840866266],[111.47954664810716,35.00073866837441],[111.47954682494938,35.00073893808755],[111.47954698103155,35.00073921689643],[111.47954711305688,35.00073950301132],[111.47954722321623,35.000739796423574],[111.47954730930299,35.00074009443779],[111.47954737241255,35.00074039704964],[111.47954741034364,35.00074070246506],[111.4795474241811,35.000741008877036],[111.47954825903531,35.000884099357854],[111.47954824877388,35.00088440586502],[111.47954821440301,35.00088471066469],[111.4795481548273,35.00088501376117],[111.47954807222703,35.00088531334312],[111.47954797520768,35.000885582335385],[111.47944808874686,35.00113616181679],[111.47939143813588,35.00135078959411],[111.47939138012975,35.00135098632238],[111.4793912733926,35.00135127968993],[111.47939114471568,35.001351567735874],[111.47939099189236,35.00135184776483],[111.47939083014806,35.00135210078785],[111.47916101184354,35.00168675028336],[111.47897485194486,35.00200883501055],[111.47891830501091,35.00221092314514],[111.47889124386177,35.00251976162137],[111.47902286295091,35.00283954221349],[111.47922574729182,35.00305206557241],[111.47970419426885,35.00328808124446],[111.4802993948513,35.003512183878534],[111.48029951892053,35.003512232061716],[111.48029960896261,35.00351226866171],[111.48077902574508,35.00371308665644],[111.48077926517912,35.003713192971375],[111.4807793288941,35.003713223365686],[111.48131675286766,35.00397327747014],[111.48175192504075,35.0041263951532],[111.48207114695171,35.00422047494877],[111.48207138072131,35.004220548834255],[111.48207172105087,35.00422067367475],[111.4820720505317,35.00422081658575],[111.48207226147662,35.00422092120853],[111.48255190299511,35.00446939578969],[111.48276826054018,35.00457504159474],[111.48309870545742,35.00455007403558],[111.48337243827949,35.00445395359754],[111.48361794781235,35.00434575393791],[111.48361809314665,35.00434569206561],[111.48361816418652,35.004345663840056],[111.48392179364296,35.00422520860003],[111.48392191168612,35.00422516306085],[111.48434126503022,35.004068472633904],[111.48434141479308,35.00406841885542],[111.48434176360327,35.00406830929904],[111.48434185875313,35.0040682827796],[111.48470359445373,35.00397144312253],[111.48470385479771,35.003971378986954],[111.48470421807639,35.00397130813075],[111.48470458584848,35.00397125618541],[111.48470469971105,35.00397124491428],[111.48509538872092,35.00393394486463],[111.48532660684039,35.003885398467766],[111.48532687712243,35.00388534781169],[111.48532696905461,35.00388533302217],[111.4858046343916,35.00381189665655],[111.48629659029538,35.00371456979799],[111.48668723473003,35.003629564218855],[111.48713576673066,35.00352046308058],[111.48713588268696,35.003520435574096],[111.48756955616322,35.00342341315569],[111.48795939398174,35.00326703431522],[111.48830583438333,35.00312276026275],[111.48866559927575,35.002895488260016],[111.48898155035313,35.00250136209369],[111.48898171026524,35.00250117396422],[111.48926962680645,35.00217805375448],[111.4892696844828,35.0021779895246],[111.48926991968257,35.00217775151584],[111.48927017248955,35.002177526956686],[111.48927044399922,35.00217731584273],[111.48927073093596,35.002177119989895],[111.48927088701241,35.0021770238154],[111.48957336550419,35.00199739666221],[111.4898174637182,35.001710869982944],[111.48981759211767,35.00171072524537],[111.48981782731451,35.00171048723554],[111.48981795695983,35.001710367731334],[111.49026435774815,35.00131549001767],[111.49042199568785,35.0010768829699],[111.49042205323885,35.00107679800842],[111.49042224885768,35.00107653672165],[111.49042246425836,35.00107628617142],[111.49042269945166,35.00107604816042],[111.49042295225212,35.00107582359887],[111.49042322375517,35.001075612482346],[111.49042351068532,35.00107541662681],[111.49042381195257,35.00107523693806],[111.4904241275569,35.001075073416075],[111.49042445531826,35.0010749278724],[111.49042473073678,35.001074822200565],[111.49082963551902,35.00093009291798],[111.49082969892328,35.00093007102869],[111.49083004771134,35.00092996145379],[111.49083040318484,35.00092987078068],[111.49083076644459,35.00092979990626],[111.49083113419901,35.00092974794248],[111.49083150426802,35.00092971670089],[111.49083187664627,35.000929705280136],[111.49083224914291,35.000929713689096],[111.49083262066259,35.00092974193218],[111.49083298901986,35.000929790919606],[111.49083335201314,35.00092985885753],[111.49083370964782,35.000929946647304],[111.49083405863229,35.000930053400864],[111.4908343989612,35.00093017821686],[111.49083472844372,35.00093032110416],[111.49083489983275,35.00093040514012],[111.4910674742849,35.00104870882311],[111.49106762043701,35.00104878574987],[111.49106792493072,35.00104896298974],[111.49106821418566,35.00104915651595],[111.49106848710107,35.00104936543157],[111.49106874366618,35.00104958793391],[111.49106898169016,35.00104982403185],[111.49106920007223,35.00105007282844],[111.49106939880163,35.00105033252098],[111.49106957568215,35.00105060221703],[111.49106973180382,35.00105088101074],[111.49106986386964,35.001051167112756],[111.49106996737952,35.00105144071109],[111.49111402599674,35.00118184241346],[111.49127441380212,35.00140723315055],[111.49127459289109,35.001407505541444],[111.49127474901412,35.00140778433487],[111.49127488108125,35.00140807043664],[111.49127499128326,35.001408363837875],[111.49127507741316,35.001408661843364],[111.49127508976439,35.0014087122702],[111.491319704916,35.00159932417361],[111.49131975571827,35.0015995763521],[111.49131978552988,35.00159979887027],[111.49133513214555,35.001742829526606],[111.49133514030919,35.001742912419786],[111.49133515419078,35.00174321883001],[111.49133672243892,35.00200555042284],[111.49133671222137,35.00200585693059],[111.49133667789383,35.00200616173318],[111.4913366183609,35.002006464835034],[111.49133653580263,35.00200676442462],[111.49133642910742,35.00200705780228],[111.49133639995142,35.00200712822729],[111.49119348023443,35.00234159183051],[111.49119338075374,35.00234180946363],[111.49119322796905,35.002342089507074],[111.49119305431743,35.00234236062124],[111.49119293806065,35.00234252063444],[111.49102112467833,35.0025688182545],[111.49099394781355,35.002841520094876],[111.49103882304694,35.003091218616504],[111.49103883211735,35.00309126995799],[111.49103887009228,35.003091575369346],[111.49103888087747,35.00309173036164],[111.49105555966662,35.003460864684406],[111.49114401601123,35.003769332020234],[111.49128950062251,35.00395878214295],[111.49144997226665,35.00414882850668],[111.49168241408182,35.00442089278127],[111.49197100880231,35.00450269380626],[111.49197130732635,35.004502786338975],[111.4919716476718,35.00450291115157],[111.49197197717066,35.00450305403554],[111.49197210791253,35.00450311750303],[111.49280763777655,35.00492015218438],[111.49280782459341,35.00492024967541],[111.49280812910524,35.004920426910644],[111.49280841837799,35.004920620432436],[111.49280869131076,35.00492082934387],[111.49280894789273,35.00492105184225],[111.49280918593304,35.00492128793648],[111.49280940433077,35.004921536729654],[111.49280960307514,35.00492179641907],[111.49280977996983,35.004922066112286],[111.49280984970251,35.00492218571155],[111.49302834219367,35.00530936671249],[111.49332535379668,35.005680071122896],[111.49332551722986,35.00568028768911],[111.49332554926896,35.005680332627456],[111.49350383237179,35.005938130167806],[111.49385928201544,35.00627594074461],[111.4942541099854,35.006565419750075],[111.49425432790942,35.006565588320456],[111.49425458450047,35.00656581081565],[111.49425478617121,35.006566009197456],[111.49482866888309,35.00716234448137],[111.49520441311849,35.00751674633329],[111.49520444727428,35.0075167786433]]],[[[111.40242845151849,34.9693811623073],[111.40223396235237,34.969133793639536],[111.40205683919736,34.96880600458247],[111.4016077537938,34.96833462903124],[111.4011747598277,34.96788947295309],[111.40072638804304,34.96756257759315],[111.40035875994913,34.96743244089312],[111.39995941159948,34.96734180959892],[111.39949630651343,34.96726452616048],[111.3992089685454,34.96723919938225],[111.39885895417126,34.96745050906057],[111.39855687282771,34.96767479715429],[111.39784132803175,34.96818940970653],[111.39745926697455,34.96837455138595],[111.39704541643658,34.968586064736634],[111.39660029095829,34.96892902800197],[111.39615414568641,34.9690618369703],[111.39564373285708,34.96910290295601],[111.3952773654079,34.96923544877487],[111.39505347183321,34.96913109706128],[111.39476524974052,34.96892187199871],[111.39439781146845,34.968831122314405],[111.39406392391419,34.96908177056646],[111.39350664600444,34.9693331437546],[111.39299786213427,34.96971570575072],[111.3919315896365,34.97031022839395],[111.39119977059215,34.970772312859665],[111.39078620914223,34.971049481250105],[111.39054754079488,34.97119473132349],[111.3903093755463,34.971445065853146],[111.39002308508606,34.97164300941106],[111.38972133523096,34.97194608123158],[111.3894993675867,34.97224890003232],[111.38918228012643,34.9726833724404],[111.38881731598461,34.97311799730305],[111.38864333619429,34.97344692886697],[111.3884851305198,34.973736403166434],[111.38834275370404,34.97399955951116],[111.38815262918128,34.97428913723225],[111.38797964081694,34.97482822500188],[111.38775970305927,34.97556448604928],[111.38750710366718,34.97614323286606],[111.38741370607178,34.97664266095796],[111.3872559857639,34.9770372139434],[111.38706603260212,34.977366194926134],[111.3867648707321,34.977800610000614],[111.38641545806416,34.978156366637485],[111.38614527908221,34.97839365438364],[111.3858280261501,34.978801849355015],[111.38579685014518,34.97895956904663],[111.38557417316045,34.979117895159355],[111.38520737569587,34.97917160073205],[111.38477705303757,34.97929117741994],[111.38429953038806,34.97955539130881],[111.38396508029625,34.97970093416721],[111.38363050321857,34.97982020760371],[111.38337602317773,34.980004901764474],[111.383213739822,34.98018175360014],[111.38302100705641,34.980368264904705],[111.38298935575384,34.98050115505554],[111.38288278914358,34.98071395436978],[111.38284017816571,34.98080261409565],[111.38279769177944,34.98091782985141],[111.38269079464945,34.98105980955525],[111.38262696267232,34.98121050410841],[111.3824447704729,34.98135271993441],[111.38229505557506,34.981539095466744],[111.38215592672404,34.98169003041514],[111.38193153665271,34.982009428079884],[111.38180312419446,34.98215147466055],[111.38168571345582,34.98234660119056],[111.38147162498213,34.98256858870854],[111.38133302753052,34.98283460190629],[111.38130231978114,34.983171094825344],[111.3811957043698,34.98337504030102],[111.38082038939869,34.983624092740776],[111.380563435575,34.983881622837245],[111.38046753128982,34.98407668074228],[111.38016787412708,34.98440516513777],[111.37999671620024,34.98460931160264],[111.37975050837788,34.984866807225245],[111.37949395472302,34.98521285819428],[111.37933223095322,34.98557369965561],[111.37915885556278,34.98604710178668],[111.37901691652955,34.986415323686856],[111.37882715319769,34.98679682951816],[111.37862112704546,34.98711271130648],[111.37844659698813,34.987336551248475],[111.3783047086261,34.987717906084086],[111.3782102771264,34.988007169604884],[111.37814776610486,34.98829633452802],[111.37800563432302,34.98862515108031],[111.37763981590703,34.98890212477331],[111.37740113617886,34.98906048735533],[111.37687534926563,34.989259143872786],[111.3763977433551,34.989523325882395],[111.37612743813956,34.989747455717314],[111.37580919369047,34.98995860386991],[111.37545902353065,34.99016984631474],[111.37496454666295,34.99023704979216],[111.37464521787643,34.99021176582406],[111.3744207533758,34.98998916342611],[111.37414822876788,34.9897273031585],[111.37398785022249,34.989557042870786],[111.37374754628985,34.98936076045953],[111.37349140589376,34.98919079154747],[111.37296400111987,34.989034795078915],[111.37258095593593,34.98903597114785],[111.37179907911735,34.9890777735698],[111.37098528325585,34.98911966579037],[111.37018732736885,34.98913523718957],[111.3695485620966,34.98905837288379],[111.3690539111083,34.98908615085975],[111.36817573914426,34.98901000681055],[111.36772879551833,34.98899822462952],[111.36707389635316,34.988881995088775],[111.36683414250373,34.98880390766597],[111.36651517175872,34.98885741054817],[111.3663092652789,34.98921267581638],[111.36581654154844,34.98967388527206],[111.36553036102801,34.98992431101538],[111.36518069044143,34.9902537381997],[111.36483084440619,34.99054375932852],[111.36456073705632,34.99082040604781],[111.36437060434805,34.99113621773043],[111.36402191255199,34.99168893167783],[111.36378430359264,34.99209682985266],[111.3635786150858,34.992504627447076],[111.36340418210379,34.99258360476686],[111.36375163705506,34.99268736028133],[111.36387316538445,34.992723649749706],[111.36468991165239,34.99320046368754],[111.36486014257221,34.9932998411372],[111.36578444575728,34.99409705176852],[111.36641829110384,34.99484329486856],[111.36660238436691,34.99527293519185],[111.36673651237963,34.99558598150479],[111.3668035299263,34.995890350063874],[111.36690560063401,34.99635390950001],[111.36698183679309,34.9968697231497],[111.36711883698364,34.99749802695137],[111.36735988721259,34.99843474195091],[111.3675944995003,34.99915289905006],[111.36775134977505,34.999594160999756],[111.36783801422183,34.999956764906266],[111.36786473421235,35.000105427378266],[111.36786761393661,35.00013696774958],[111.36777545835713,35.00090579434578],[111.36777520281971,35.0009079304819],[111.36815174172618,35.00181944581068],[111.36832116174655,35.001878874341635],[111.36952115703794,35.00229979029974],[111.37115533466388,35.00227452652415],[111.37223266384882,35.002354591616715],[111.3726868350857,35.00257195407487],[111.3730841808952,35.00276211918319],[111.37340873118312,35.00299556928394],[111.37379856214997,35.00327597390587],[111.37439760074672,35.00356708591903],[111.3751102665565,35.00370008590776],[111.37577344321261,35.00379042494904],[111.37622931078307,35.00391295934379],[111.3767113518557,35.004069210599845],[111.37723063869419,35.00413520477758],[111.37758038490496,35.00395834003694],[111.37758573156376,35.0039320329684],[111.37767479899318,35.00349382678576],[111.37761340076551,35.00298256249799],[111.37759364187926,35.00281803896077],[111.37760614129667,35.002110415137906],[111.37790725323647,35.00148301247513],[111.37836763648707,35.000949748217735],[111.37868749348802,35.00053186418225],[111.37880720808776,35.00036248346294],[111.37883538820135,35.00034256433761],[111.3789320896982,35.00027420948943],[111.37908034424866,35.00020614517944],[111.37917189670658,35.000165298206156],[111.37921493601712,35.0001448827926],[111.37923470715387,35.000126794398255],[111.3795643498727,34.999913919911556],[111.38028568856,34.999451881850014],[111.38041677016253,34.999369917291986],[111.38065684619119,34.999219799399896],[111.38069493409452,34.99919599268445],[111.38082084978855,34.99911728974695],[111.38099215027724,34.99901021944109],[111.38133510875497,34.99883069074881],[111.38155083022018,34.99871776628199],[111.38210584666486,34.99852221197332],[111.38266546018063,34.99843257223996],[111.38270061487032,34.9984313797691],[111.3834711439378,34.99840525286846],[111.38427666042264,34.99839147907689],[111.3844418721999,34.9983886520771],[111.38510246899153,34.9983730412543],[111.38556906334462,34.99830396236359],[111.38610726722061,34.998029581737576],[111.3864699034893,34.997399699529204],[111.38646497511537,34.99635185470643],[111.38626561203522,34.99515139167935],[111.38617321258113,34.99413762636774],[111.38622475283245,34.99344790335235],[111.3862667531349,34.99291370000771],[111.3863191831271,34.99241551220777],[111.38635546852043,34.99198046494507],[111.38637287070694,34.991944293167435],[111.38638220905638,34.991924880224474],[111.38649444579362,34.99169157365136],[111.38686215524203,34.99155743759516],[111.38696804664968,34.99151880870638],[111.38787590783082,34.99168944035764],[111.38899383179894,34.99226951908698],[111.39006377392676,34.99298043408265],[111.39100819019703,34.993781888776184],[111.39186825432965,34.99459297987484],[111.39190836568218,34.994630806479506],[111.39274987317815,34.99523202580093],[111.39278303835214,34.995244608086814],[111.39360397900053,34.995556011465645],[111.39365107427979,34.99557387548516],[111.39465284680173,34.995757670443126],[111.39562440356696,34.995635088415504],[111.3965114534687,34.995165732004445],[111.39716029326227,34.99442446502063],[111.39729111674916,34.99344378239276],[111.39684010912205,34.992651150592216],[111.39675742055631,34.99250582681161],[111.39592049042551,34.99185729777253],[111.39583691854124,34.99180692008862],[111.39525863992867,34.991458335114324],[111.39478233930252,34.99106553764033],[111.39446016809117,34.99054828105477],[111.39470899662551,34.99004493545331],[111.39535826525811,34.989680023857034],[111.39550522386098,34.98959161673321],[111.39589682795238,34.98935603091771],[111.39617991416269,34.988943839530755],[111.3962272125741,34.98887497045735],[111.39661370427278,34.98838920629539],[111.39722759628174,34.988076215033715],[111.39783256192284,34.98775875745011],[111.39823504704245,34.987329285317834],[111.39845401670753,34.98688688995332],[111.39856741817057,34.986555261362284],[111.39881959983951,34.98619473028537],[111.39884547071217,34.986157741987654],[111.39885654283685,34.986144943906275],[111.39905490168616,34.98591566751427],[111.39923226659681,34.98571065010806],[111.39934988712555,34.98557468973406],[111.39984479765302,34.98500968069988],[111.40004164484364,34.98464142685688],[111.4001955935607,34.98435342226439],[111.40019956154292,34.98434599895572],[111.40039375785875,34.98345749573087],[111.40035642251318,34.98253369787522],[111.40024226960197,34.9818602865592],[111.40027429912891,34.98140948807189],[111.4003069384747,34.9813288936686],[111.40047990391231,34.98090178281726],[111.40081907713841,34.98026969857139],[111.4012060605734,34.979617173443536],[111.40160311763272,34.97892629519663],[111.40183821195197,34.97842974997612],[111.40195496585481,34.97826061908652],[111.40205026098256,34.97812257288279],[111.40244523044453,34.97779449475288],[111.4026631104749,34.977613518263894],[111.40293244208218,34.97734699113163],[111.40328227876556,34.97700078274954],[111.40348055303738,34.97653816545607],[111.40363568386284,34.97606893088246],[111.40371442607926,34.9758312349928],[111.40376194701876,34.975687785622924],[111.40382251635744,34.97550494492639],[111.4038695599182,34.97490762100746],[111.40378066762914,34.974364830060544],[111.4037556101188,34.97431219619402],[111.40373094986391,34.97426039567849],[111.40352893898738,34.97383609820194],[111.40301053707384,34.97321810858988],[111.40211946797211,34.97252472858039],[111.40107272140722,34.971903971064165],[111.40024386286218,34.97147405048314],[111.39976405467307,34.971184925902755],[111.39951295359528,34.97077787048754],[111.3995086308397,34.97016719506191],[111.40008345821845,34.969588422848325],[111.4014757037164,34.969347204113696],[111.4023669399997,34.969379118083495],[111.40239773612285,34.96938022118978],[111.40242845151849,34.9693811623073]]],[[[111.42283163742596,34.95783591627312],[111.42229457366638,34.957309859241086],[111.42178054236904,34.95662862448673],[111.4214263967488,34.956012506573316],[111.4212482831986,34.95550086114729],[111.42086203706076,34.9548454479606],[111.42070062337856,34.95447822533924],[111.42044315488981,34.95404566482394],[111.4200100643034,34.9535874340364],[111.41968879196423,34.95315509244136],[111.41957771810122,34.953273688821646],[111.41927869268584,34.95407595892365],[111.41886777809138,34.95483920929797],[111.41823157278715,34.95522231743571],[111.41786543726008,34.95538119501576],[111.4172765492298,34.955659057676],[111.41686268199732,34.955844370582845],[111.41609690461965,34.955846996341705],[111.41515563257992,34.955850217236225],[111.41403893512438,34.9558671620843],[111.41376745888384,34.95581554923995],[111.41289039674459,34.95589734074747],[111.41209415425558,34.95618901705831],[111.41145751064609,34.956493281645365],[111.41061549533646,34.957205422184536],[111.410218738269,34.957627083478435],[111.4100631858475,34.95842884604794],[111.41003383007377,34.95894120934219],[111.4099721694929,34.95937487565231],[111.41026288701165,34.96008318475937],[111.4103452140712,34.96059516978155],[111.41039504236915,34.96098905197301],[111.41039687598945,34.96135682734951],[111.41036752144947,34.961869193174486],[111.41062450344441,34.962209833569844],[111.41088129087107,34.962511068379094],[111.41110750375981,34.96283082043257],[111.41110426641306,34.96273268001682],[111.41114077080043,34.96252083917805],[111.41126123412825,34.961821749235554],[111.41139790982885,34.96149068499298],[111.41155469192863,34.96111091482446],[111.41157686911268,34.96107629423922],[111.41185414589593,34.96064343585678],[111.4120762269993,34.960167203047185],[111.41224431120612,34.959567211345984],[111.41242559002274,34.9590964714213],[111.41246588493829,34.95899182661709],[111.41282813638192,34.958634551095116],[111.41305181528635,34.958552923176526],[111.41332675794264,34.95845258529676],[111.41385614812276,34.958401212937765],[111.41390481744153,34.958394724802794],[111.41442853893936,34.95832490446852],[111.41461115684044,34.95824915017165],[111.41468495209743,34.95821853610725],[111.41521725156036,34.957997710700624],[111.41580412286193,34.957675713479645],[111.41600508068039,34.95762995357411],[111.41634684898841,34.95768962306869],[111.416960978963,34.95772325433445],[111.41700531883309,34.95772568276617],[111.41774045132789,34.95763077403305],[111.41816071688064,34.95741994867329],[111.41845508887772,34.95727227558151],[111.41936790542722,34.95686351104832],[111.42060838490657,34.9568417637497],[111.42064945552805,34.9568410446345],[111.42213166001534,34.95738576931508],[111.4222292134298,34.95744889558846],[111.42228407479074,34.95748439505535],[111.42267990203392,34.95773850933643],[111.42283163742596,34.95783591627312]]],[[[111.45577276676262,34.98097954536273],[111.4560986168172,34.98116117413764],[111.45745843717744,34.98198825070671],[111.45820850708547,34.98244446452033],[111.45989227353282,34.983407109511774],[111.46106946046349,34.9839885600655],[111.4622264831263,34.98451146570082],[111.46340262398702,34.98490134697095],[111.4644997053247,34.985228427485836],[111.46510939082769,34.985537902683205],[111.46539419362082,34.98568246549666],[111.46579631276803,34.986087827722514],[111.46608679000467,34.98638064423841],[111.46676449116848,34.98735154391789],[111.46705790140139,34.98774051894278],[111.46699479288911,34.98757989150347],[111.46672153877098,34.9872394355666],[111.46639951102196,34.98674154649451],[111.4660455705124,34.986243779011495],[111.4655476995197,34.985694021232824],[111.46511538392231,34.98544611340339],[111.46481082016973,34.98521085256505],[111.46449037532643,34.98498878474252],[111.46415381823243,34.98474050886736],[111.4638650696861,34.984478915459036],[111.4635283750607,34.98420436504212],[111.46312717448677,34.98381184881681],[111.46291793246296,34.983497409512466],[111.46270869094857,34.983182968921604],[111.46261131361835,34.98289437149484],[111.46236971213519,34.982501242662025],[111.46206413303126,34.98208208979657],[111.46180702376562,34.981767826094156],[111.4617094279612,34.98143982683468],[111.46159580294724,34.981098748151126],[111.46145934555189,34.9807470793115],[111.46080165021925,34.98031810533793],[111.4602236614151,34.980073511381214],[111.45950930830315,34.98019011834822],[111.45861181418954,34.9805542008123],[111.45727566407649,34.980843993852595],[111.45626135739457,34.980942727093016],[111.45577276676262,34.98097954536273]]],[[[111.49818979940437,34.998024501631036],[111.49822770532275,34.997937374483776],[111.49830583814403,34.99766122223214],[111.49835197105554,34.997372065592096],[111.49831710308946,34.9968862159124],[111.49831471448327,34.99649217824248],[111.49831288326668,34.99619008544223],[111.49816628664544,34.99570469598697],[111.49813125926573,34.995192580775175],[111.49801714453889,34.99479900136548],[111.49790326739306,34.99444482795057],[111.49770903127872,34.99399903575537],[111.49738734835759,34.99359317523811],[111.49703358509066,34.993161172857995],[111.49668054296804,34.992847380597915],[111.496391982488,34.99263840300068],[111.49581565359017,34.992351786936155],[111.49528736956411,34.99209124803539],[111.49487057485982,34.99179084348141],[111.49451833686135,34.99160839322312],[111.49422931248984,34.99132060252932],[111.49398856122278,34.99109828787103],[111.49355629128257,34.99087675235094],[111.49309139320594,34.990537135385665],[111.49264300887263,34.99028939329144],[111.49201851142102,34.98995041695343],[111.49131351481081,34.98949355070742],[111.49084871327224,34.989167057627675],[111.49041567743018,34.98881416569351],[111.48993554842957,34.98859280951203],[111.48959913947571,34.98838400946224],[111.48927876684917,34.9881882786621],[111.48889432474965,34.987953396943325],[111.48839761781622,34.98762702639448],[111.48815720937075,34.987457237835436],[111.48788511433506,34.98732698239591],[111.48746915261982,34.987157900474145],[111.48708487498706,34.98694928463601],[111.48679721037837,34.986884764218274],[111.48638086247212,34.986650002353116],[111.4860608158317,34.986506800942564],[111.48572512448689,34.98641620147545],[111.48532644559332,34.98647033325814],[111.48484882077429,34.986669267516355],[111.48440326629148,34.98689433980215],[111.4839094496729,34.98705392688607],[111.4835752976596,34.98722601457667],[111.48322518788343,34.987398161256124],[111.48274685635003,34.987478872131454],[111.48234794350523,34.987493593309225],[111.48202867036011,34.98748172556521],[111.48156599459162,34.98750983303434],[111.4814065464198,34.987536735009755],[111.48083361059048,34.98781483763293],[111.4804514973778,34.987973971850494],[111.48000600029847,34.98821216082628],[111.47964029981651,34.988450035660165],[111.47916318636253,34.98874088574572],[111.47887697918326,34.98892590432004],[111.47860657558988,34.98908459027132],[111.4782410254179,34.98934872994651],[111.47805041611626,34.989507097614194],[111.47778039170147,34.98973145525567],[111.47752602191505,34.98990320962321],[111.47714419518655,34.99011486890885],[111.47688959325995,34.990247220185886],[111.47657107130607,34.99036668342512],[111.476316315478,34.990472761753836],[111.47618924215693,34.99057834332518],[111.47599908337128,34.9908155167443],[111.47584100168186,34.991078831986194],[111.47568231109865,34.991237073524985],[111.47542793116142,34.99140882353105],[111.47504662104505,34.991712420653904],[111.47471235989704,34.99187134507202],[111.47460093960282,34.99192432177665],[111.47445804957205,34.99205622849514],[111.4743950443075,34.99220095864295],[111.47401327124544,34.99242574359132],[111.4736155441769,34.99265058777601],[111.47328089401978,34.992743839273984],[111.47285048214782,34.992837459258006],[111.47237218384991,34.99293126765405],[111.4720532721709,34.992985049171445],[111.47187747795041,34.99294632721234],[111.47187407864571,34.992912077397506],[111.47181394545981,34.99312568435006],[111.47177720244038,34.993256203667094],[111.4717675800249,34.993290381498056],[111.47150355285463,34.99368801171617],[111.4711095757868,34.9941086773315],[111.47089158576532,34.99453767741518],[111.4709386116685,34.99464885702785],[111.47105050341284,34.99491338894933],[111.47144179320894,34.99521834613924],[111.47181486429561,34.9954490068223],[111.47202892255318,34.99564873574219],[111.47209802612579,34.9958805725235],[111.47207097605992,34.99617813367116],[111.47222402468786,34.99660344279414],[111.47275383526595,34.99710933708832],[111.47280778108825,34.99716084599614],[111.47291035851896,34.99725878897639],[111.4738396933973,34.997906425325766],[111.4746801314647,34.998214130139736],[111.47572175632872,34.99814470771831],[111.47690771734986,34.99782231507169],[111.47732030463673,34.99766062320058],[111.47794737539161,34.99741487363651],[111.47878403580731,34.99695188376217],[111.47929063350952,34.996647812988535],[111.47945671766168,34.9965481242057],[111.48015951335343,34.996378599727585],[111.48106763460684,34.99654853235619],[111.48215432165547,34.996934084011485],[111.48332292205707,34.997274231136956],[111.48464126638142,34.99746729617527],[111.4857890729996,34.99752807514621],[111.48622206238505,34.99761583268732],[111.48649782596881,34.99767172077257],[111.48690774732448,34.998104998598286],[111.4869082883116,34.9981064548492],[111.48715193868829,34.998762029839774],[111.48747227358574,34.999321864453066],[111.4881785439358,34.99960749697641],[111.48874967126275,34.99951956942811],[111.48875202978792,34.99951921831229],[111.48906090345243,34.999473248260124],[111.48975820168687,34.9990783293316],[111.490349434755,34.99868385019484],[111.49069091803601,34.99853957853263],[111.49086640291846,34.99846543698883],[111.49138981066562,34.99840924343046],[111.49206814948434,34.99849889631183],[111.4926782136437,34.99862037052896],[111.49312764832888,34.99855770938112],[111.49376329181852,34.99815176610657],[111.49444830548202,34.99764196152459],[111.49450977344569,34.99761506929244],[111.49506694900064,34.99737128830101],[111.49542583483591,34.997358567877434],[111.49598948045265,34.997338588612585],[111.49600059073548,34.99733819528963],[111.49692613976822,34.99740181120801],[111.49699098821432,34.997406268030474],[111.49748669752464,34.99752918583339],[111.49765266199395,34.99757034007981],[111.49818044751034,34.998012122708374],[111.49818979940437,34.998024501631036]]],[[[111.49981320357868,35.005816368282204],[111.49980696138834,35.005814197344236],[111.49964519864035,35.00574847914528],[111.49943494680771,35.00566968305333],[111.49930521503872,35.00556400192673],[111.49915878182455,35.0053654498899],[111.49902832529314,35.005140278500626],[111.49896168717527,35.00479535350631],[111.49889488623904,35.00442387383094],[111.49879541342132,35.003986144172444],[111.4987935589917,35.00368078258086],[111.49869376541895,35.0031899471084],[111.49862688873213,35.00280519119067],[111.49851096062247,35.00231442086103],[111.49841031780986,35.00189396399439],[111.49827919134327,35.00134615657883],[111.49805024340871,35.00084257413292],[111.49778935068247,35.00039222831487],[111.49756432954794,34.99992909493067],[111.49754872368631,34.999948185950714],[111.49751562890033,34.99999378497788],[111.49743059944271,35.000110922363454],[111.49732139071006,35.00021270292684],[111.49670687653831,35.000785403204894],[111.49675764806256,35.00182403612042],[111.49719362142389,35.004068943606114],[111.49770779588447,35.00576368815698],[111.49822543199923,35.00633169428058],[111.4988216214814,35.00630221272363],[111.49889872807323,35.006268418923845],[111.49894728076525,35.00624713990215],[111.49908826893336,35.006185346400514],[111.49944442810087,35.006029246820525],[111.49967597928818,35.00589558324699],[111.49981320357868,35.005816368282204]]],[[[111.50783563992184,34.99571024391348],[111.50731271327129,34.99619932972454],[111.50689228534179,34.99715790107896],[111.50709453380126,34.99852849152805],[111.5072180900371,34.99970804719499],[111.5071850402226,35.000633105766774],[111.50669327899642,35.00121745957464],[111.50680861602012,35.001149405009826],[111.50723137437875,35.00075555724089],[111.50732228274718,35.00065953465896],[111.50766400943365,35.00029857521006],[111.5078619105719,35.00008142013856],[111.50800954274102,34.99982166268647],[111.50803158696041,34.99934173803835],[111.50803967458066,34.99916578534735],[111.50824503031322,34.99860382656767],[111.50866344848518,34.9982866102832],[111.50889521393478,34.997900310742246],[111.50865476371649,34.99732442444408],[111.50851089234449,34.99706844633409],[111.50831486019038,34.99671965498038],[111.50820860613898,34.9962558690459],[111.50798894593815,34.99583086317022],[111.50783563992184,34.99571024391348]]]]},"properties":{"code":"SXNR-N06","name_short":"太宽河","name_full":"山西太宽河国家级自然保护区","zone":"buffer","area_km2":71.592,"feature_count":7}},{"type":"Feature","geometry":{"type":"MultiPolygon","coordinates":[[[[111.4653593904204,35.19710476314498],[111.46530875787691,35.19667018808364],[111.46530757673285,35.19666004619145],[111.46507858963261,35.19633868990292],[111.46462444587274,35.19600692683132],[111.46409678337136,35.195540240348],[111.4637760006296,35.19509036625431],[111.46375226414116,35.19505707856958],[111.46359624526907,35.19465206823761],[111.46339808891796,35.19431932287866],[111.46323665832772,35.19417707287501],[111.46305943782099,35.19402091218702],[111.46253327786219,35.19329782991153],[111.46243971365799,35.19316923995103],[111.46168215164948,35.19172545021391],[111.46111515571425,35.190483738842154],[111.46054717789923,35.189307371264704],[111.46014949697384,35.18802444931597],[111.4605895681455,35.18757678076289],[111.46079427879867,35.187368524911506],[111.46183499761828,35.187200059797995],[111.4622128464435,35.186988266808186],[111.46232477684593,35.186925529555815],[111.46268658160626,35.186592905142376],[111.46342480905625,35.18607412079003],[111.46351837953428,35.18600836377239],[111.46470942202288,35.185129475271644],[111.46561366127078,35.1842562090158],[111.46568146494347,35.1841542738078],[111.46603140302184,35.18362815337303],[111.46645108439695,35.18334260298714],[111.46683420891831,35.18340852592368],[111.46725814055517,35.18348146673815],[111.4682033973413,35.18378654262647],[111.46885461683316,35.183912474230695],[111.46893418468456,35.18389564812394],[111.46932134852327,35.183813769176],[111.46956608068477,35.183662847467374],[111.46962288650222,35.18362781634073],[111.46985140857454,35.18351200484055],[111.47022638536814,35.1834474580955],[111.4705442111623,35.183370818953094],[111.46995028688245,35.18316456880203],[111.46904193944721,35.1830749249818],[111.46645949673581,35.1832225888115],[111.46619367223178,35.1832860548435],[111.46592927272458,35.183599268785066],[111.46576037893196,35.183990166959674],[111.46547687260373,35.18428784385935],[111.46515542413744,35.18460127532413],[111.4647765811024,35.18485248996508],[111.46424589594841,35.185151111363425],[111.46369716482592,35.18562151131786],[111.46341311032788,35.185825526615595],[111.46284394375645,35.18604624337329],[111.4625412261822,35.18631276687272],[111.46221905464247,35.186501315428856],[111.46201122903761,35.18673625820128],[111.46187901649478,35.186892860242196],[111.4613095692419,35.187066742350865],[111.46087304099242,35.18720889343784],[111.46058774511675,35.18719436564802],[111.46013140833841,35.18719610024381],[111.45973255377667,35.18727566696903],[111.45963766095845,35.18730724705347],[111.45952296253371,35.18719841035119],[111.45862566015752,35.187307269050066],[111.45771727913568,35.187217540609915],[111.45576465454886,35.187094472483274],[111.45447002399183,35.186931640270735],[111.45324297059184,35.18667537457747],[111.45181248340835,35.18656892193216],[111.4507204878049,35.186107163261674],[111.44999020468302,35.18538318720844],[111.44975698099262,35.18424743390335],[111.44947878591168,35.183186378278606],[111.44936397545229,35.18294457275173],[111.44936161655885,35.182516019917124],[111.44938102911456,35.18191968706909],[111.44955889629284,35.18124823464452],[111.44991893231439,35.180687903036755],[111.4505278833868,35.179996214363086],[111.45104800404145,35.17965888098828],[111.45193009262805,35.17911523259332],[111.45254118473242,35.178814820445105],[111.45322087092165,35.17860731453319],[111.45380988017953,35.178418777232594],[111.45433059921022,35.17819322794004],[111.45491960506408,35.178004685263865],[111.45528187568425,35.17785425839066],[111.45553046764073,35.17766699270851],[111.4555734500926,35.177659380514775],[111.45565054700702,35.17768213346053],[111.45578546870028,35.1776728944846],[111.45591417137845,35.17769000982636],[111.45635100231074,35.1776103126441],[111.45692030623152,35.17742084750599],[111.45712768626436,35.17710786896176],[111.45737317536404,35.17681035208797],[111.45765695045263,35.17655952226781],[111.45811243976745,35.17641730830815],[111.45824490563814,35.17630753869478],[111.45837684541586,35.176104111012044],[111.45843265238388,35.17588536271009],[111.4584888983376,35.175744656789576],[111.4585640661674,35.17558827507988],[111.45869609497628,35.175400456232666],[111.45879062468669,35.175306439202686],[111.45905476200295,35.17494640829013],[111.45922375318487,35.174571128903864],[111.45946992969431,35.17439848682904],[111.45964024011397,35.174257352136514],[111.45982885505049,35.17399126960037],[111.46005522452735,35.1736782084484],[111.46026372789711,35.17356814779238],[111.46047249693929,35.17350491529027],[111.46056711044938,35.173426506082954],[111.46073741255643,35.173285369871984],[111.4607369722162,35.173207318434685],[111.46077358464306,35.1729574220043],[111.46088509319915,35.17250430935122],[111.46095963787901,35.17223865806479],[111.46095796391809,35.17194207409253],[111.4610135839192,35.17169210521064],[111.46120042887556,35.171113825476],[111.46125596053747,35.1708482463423],[111.46152077837223,35.170613087277886],[111.46178559689376,35.17037793033279],[111.46214475483215,35.17001753023845],[111.46243845317474,35.1696673965622],[111.46222390541766,35.16940578244683],[111.46208649287033,35.169182708316626],[111.461879950729,35.16877356727624],[111.46160502402813,35.168308784816745],[111.46135289290689,35.16786255025378],[111.46119163665131,35.16743460186823],[111.46121180208573,35.166987328172524],[111.46132273105783,35.166539710640414],[111.46152357768854,35.16594268357844],[111.46158859753949,35.165402073603126],[111.46154121449686,35.16504822410455],[111.46124350554251,35.16456489549181],[111.46092363634537,35.16417481655957],[111.46069442470868,35.16376575843589],[111.46042035979207,35.16345003737972],[111.46028107219254,35.16328285891707],[111.45994062044201,35.16287423088639],[111.45909565628202,35.16190850954296],[111.45843452618813,35.16135201771044],[111.45743233824733,35.160666377882876],[111.45654444589698,35.16012936602003],[111.45597410250674,35.15957251832492],[111.45558652116016,35.1592385786583],[111.45508446630494,35.158718736156125],[111.45412439948726,35.15743664801966],[111.45357657315785,35.15684243701534],[111.45302854713242,35.15621095875157],[111.4527757813629,35.15563427393667],[111.45286302130678,35.155000419075165],[111.4531100013794,35.15453366584354],[111.45340286995156,35.154159905804555],[111.45405728076263,35.15352392529813],[111.4550519863258,35.15288666365848],[111.45627333533808,35.15221127421114],[111.45690637635659,35.1518175914382],[111.45719796494404,35.15122022880347],[111.45717350731172,35.15090355562464],[111.45687619010725,35.150476114285084],[111.45648854570565,35.15012354435461],[111.45612380026203,35.14980815242589],[111.45573668171807,35.14954874444286],[111.45553115653487,35.14930728447623],[111.45532501201978,35.14895402822977],[111.45530014508952,35.148562824194734],[111.45525290690041,35.14822760331258],[111.45502293941419,35.14766947038257],[111.45507959891353,35.14733177524917],[111.45511665248276,35.14715992584692],[111.45513383047627,35.146832050453625],[111.45515135819488,35.1465666157864],[111.45518788977557,35.14630110701442],[111.45524368584132,35.146082358295395],[111.45537558408023,35.145878933186644],[111.45545055821161,35.14569132971484],[111.45563964727204,35.14551890946871],[111.45575236693593,35.14528433681983],[111.45584651746273,35.14512788380235],[111.4559971562235,35.14487755503891],[111.4559965467585,35.14476828730766],[111.45590074412092,35.14462815852477],[111.455728664345,35.14444148680034],[111.45567086956872,35.144301212171236],[111.45568891492658,35.14412943489708],[111.45572596693974,35.14395758613581],[111.45578167189716,35.14372322421356],[111.4557992839809,35.143473398631265],[111.4557603168687,35.143301836661365],[111.45572083226203,35.14303661618417],[111.45562494405286,35.14288087422761],[111.45554770929428,35.14266262627865],[111.4554897399948,35.14249113112239],[111.45558406731172,35.14236589683078],[111.45584906916358,35.142177582045726],[111.45617090890474,35.141957828073615],[111.45639808197261,35.14180087283155],[111.45662446300985,35.141503431718704],[111.45671869587616,35.14136258726495],[111.456982559879,35.14097134012782],[111.45717101953623,35.14068964789183],[111.45739731397568,35.140376595101365],[111.45749075600186,35.14009526275818],[111.45743182506138,35.139752064376495],[111.45725826716206,35.13930002750228],[111.45719995095277,35.139066098563],[111.45712219215174,35.13875419386641],[111.4569876891857,35.13848932839095],[111.45687175643575,35.13814634367272],[111.4566042389869,35.13788198364059],[111.45639399269574,35.13766423623185],[111.4562408392582,35.1374618795468],[111.45605020626049,35.13735332783657],[111.45566972568531,35.13727670998871],[111.4553465968757,35.13726231401058],[111.45504212700641,35.137185408559425],[111.45468003804972,35.13699944836431],[111.45447058097712,35.136922184050555],[111.45420333535237,35.13670464381436],[111.45389791228389,35.13645602849461],[111.45359249327177,35.13620741327391],[111.45334434153985,35.13600541017528],[111.45294460544771,35.1358820241191],[111.45243094329987,35.13577467445642],[111.45216482990882,35.135760057097116],[111.4518790250731,35.135620634527704],[111.45146072128516,35.13557536010608],[111.45115634627246,35.13551405412354],[111.45098463878456,35.13538981336336],[111.45079306997364,35.1351095470743],[111.45052532627035,35.13479833986929],[111.4504091658936,35.13440852414345],[111.4505786322644,35.13412691061233],[111.45084284812287,35.13379811544809],[111.45103123110687,35.13350082575046],[111.45116320714126,35.13331301510622],[111.45125700844966,35.13309412355655],[111.4515018683802,35.13270296218887],[111.45193631307694,35.13223304071969],[111.45208720050566,35.132029548870285],[111.45227565793904,35.13174786205379],[111.45244528625773,35.13149746994686],[111.45265300200283,35.13126254500357],[111.45280362662378,35.131012220654725],[111.45282038026642,35.130606298002554],[111.45291434805888,35.130418623792586],[111.45300805500142,35.13018412421395],[111.45313958772333,35.12991825931449],[111.45321369013031,35.1295745634486],[111.45324935173754,35.12915295848139],[111.45334340672818,35.12898089684334],[111.45349437236061,35.12879301253739],[111.45364559258906,35.128651953364745],[111.45379612396188,35.12838602109725],[111.45381417012089,35.12821424274708],[111.45383247818914,35.12808929149303],[111.45385009340708,35.12783946643194],[111.45390605863275,35.12765193729369],[111.45396167270818,35.12740196537857],[111.45416919718816,35.127135818222534],[111.45441481035832,35.12688513847274],[111.45462250553501,35.126650206514384],[111.45496363789411,35.126492826211596],[111.45534224304252,35.12624164528212],[111.45570158902518,35.12594370207681],[111.45611783851578,35.12562993400718],[111.45636414217418,35.12550412682308],[111.45657183046316,35.12526919423604],[111.4567039538203,35.12511259708517],[111.45683573020146,35.124893557918604],[111.4567200783412,35.12459740466597],[111.45658551447136,35.12431693129701],[111.45677359466997,35.123972799097004],[111.45700027555979,35.12373779145606],[111.457265040873,35.12351825479479],[111.45753032848577,35.12339237270692],[111.45777705883305,35.12334461208869],[111.45817603905267,35.12334310455572],[111.45855610698581,35.12335727602978],[111.4589930002286,35.123340012696865],[111.459334631726,35.12327627892647],[111.45971435088582,35.1232280094116],[111.460017544226,35.12308636844748],[111.4603971764187,35.1230224838516],[111.46066272339101,35.122943424749586],[111.46075710076767,35.122833796528916],[111.46092563508643,35.122396075959855],[111.46100004455626,35.12211480987753],[111.46099872535535,35.12188066530728],[111.46105369941401,35.121521423821484],[111.46114746102494,35.12130252720274],[111.46116478652885,35.12100586846472],[111.46154414402406,35.12089515412032],[111.4619806664653,35.120815441878165],[111.46241763458679,35.12081377563787],[111.46275960589305,35.12081247053917],[111.46321557198858,35.120810728890106],[111.46370908742433,35.120730790811294],[111.46424060446216,35.120650706987504],[111.46454413591086,35.120571493908415],[111.46507609135966,35.12056945401087],[111.46545605966135,35.12056799551135],[111.46572248320432,35.12064502140209],[111.4659504645976,35.12064414522708],[111.46636825343927,35.120611318229294],[111.46688076680257,35.120531295054356],[111.4672032061764,35.12043639012009],[111.4676009250665,35.12021631657296],[111.46782810200861,35.12007494932386],[111.46813001813958,35.1197147513024],[111.46829948382481,35.11944872775299],[111.46860104351627,35.119026088516186],[111.46886585173613,35.1188221342313],[111.46918720915943,35.118539908513924],[111.4696784672486,35.11806970582668],[111.46999990747076,35.117803087297894],[111.47028442424687,35.11772393359651],[111.47053157415867,35.117754194719254],[111.47047368483055,35.117598319054096],[111.47041624108277,35.117520492713844],[111.47030100054916,35.11730239629971],[111.47035700528838,35.11713046984248],[111.47048891293143,35.11694263728966],[111.4706399933016,35.1167859513099],[111.47120740347727,35.11634666332688],[111.4715860059215,35.11611104130825],[111.47194524374984,35.11581305027657],[111.47241783771938,35.11540534688947],[111.47272043891942,35.11517001749222],[111.47285278673193,35.11506023083186],[111.47302177532633,35.114716148622044],[111.47296361067936,35.11451344520537],[111.4730374382165,35.114138514833265],[111.47316978285102,35.11402872782902],[111.47328322427703,35.11393462506976],[111.47337757438311,35.113824987074835],[111.47362290590232,35.11354304456585],[111.47383106093245,35.1134017421478],[111.47401985188804,35.11319807365098],[111.47419000744837,35.113056918298135],[111.47445324643336,35.11258758511038],[111.47443234809411,35.11225985357293],[111.47443071953012,35.11197888107051],[111.47446726810962,35.111728976711],[111.47456053030382,35.111432019457524],[111.47465496745306,35.11133798979009],[111.47497754044825,35.11127428577149],[111.4754522681588,35.111241204509994],[111.4759082642752,35.111255024895364],[111.47634481822975,35.11119087062151],[111.47685699074992,35.111063976790064],[111.47723663904233,35.11101564922491],[111.477501951671,35.11090533484215],[111.47770972339231,35.11070158580956],[111.47804983067611,35.11038804590905],[111.47837102995351,35.110090185746714],[111.47873039926921,35.109823396984446],[111.47910931524301,35.109650186242284],[111.47952630849656,35.10949243700076],[111.47983005683817,35.10946001483685],[111.48022906188464,35.109474045473405],[111.48053244443597,35.10937918334086],[111.48081664978584,35.10925317623252],[111.481081856763,35.109127240248],[111.48130916203287,35.10901706836646],[111.48157381982854,35.108797477149885],[111.4820105332567,35.10876452216499],[111.48263849421402,35.108949342713245],[111.48296243822368,35.1091197627627],[111.48326719739751,35.10925904084428],[111.48362830023753,35.10928882106999],[111.48400867770805,35.10936535232587],[111.4841226529432,35.109364897219834],[111.48436959982567,35.10936391078699],[111.48478704458228,35.10928419282123],[111.4850332479797,35.10915832421028],[111.48529779921691,35.10892311564694],[111.48561859691014,35.108562797395436],[111.48569328198707,35.108343958964596],[111.48610831245843,35.10785838161544],[111.48625842007421,35.10754558042713],[111.48659941133958,35.107388110820644],[111.48705436912229,35.10723018424373],[111.48768102642288,35.107196441997935],[111.48825088387396,35.10719414826943],[111.48895436629347,35.107300585318555],[111.48937337995547,35.107486215365384],[111.4897737796078,35.10773435699742],[111.49021113799408,35.107810638597876],[111.49062932062877,35.107855781359696],[111.49083733140999,35.10769883617773],[111.49096926936808,35.107526591766174],[111.4912712246797,35.10719755518185],[111.49142141158117,35.1069003561181],[111.49170408687665,35.10652456662518],[111.49194905298545,35.10619576305945],[111.49219430193604,35.10591378510578],[111.49245919760172,35.10574099917846],[111.49293228655695,35.105442483416766],[111.49340574505787,35.105206406670334],[111.49380426040845,35.10514234355017],[111.49414597625422,35.10510973092862],[111.49465864709599,35.10507642083732],[111.49505696981986,35.1049811341106],[111.49570165751989,35.104791179958085],[111.49608032243671,35.104586698819745],[111.4964020944127,35.10439806095585],[111.49666593793788,35.104053559962765],[111.49675939620067,35.10380341389522],[111.49711791938564,35.10341169123814],[111.49755204049454,35.1029572203166],[111.49789080316614,35.10244069619493],[111.49826726704055,35.10187718617754],[111.49841636937423,35.10140826983438],[111.49860307540771,35.1008767589504],[111.49873317868672,35.10040792389396],[111.49886280721665,35.099861036717584],[111.49887913543395,35.09942388621973],[111.49889537499291,35.09897112635238],[111.4987231956687,35.09876890408672],[111.49834276155984,35.09867680834837],[111.49788616187544,35.09855380480114],[111.49722073366321,35.098447263109236],[111.49691485617218,35.09812070520875],[111.4967597868527,35.097606208634744],[111.49675751447288,35.09723157685929],[111.49681307259192,35.09699719548738],[111.49684897298752,35.096653628477966],[111.49686578831475,35.09629452633562],[111.49686503072532,35.09616964905467],[111.49674927630504,35.095873528933545],[111.49671015488269,35.09568636906349],[111.4966749483368,35.095517934166466],[111.49610353755159,35.09555229153947],[111.49548175561623,35.095554834044435],[111.49548170958344,35.095554838739346],[111.49471829842328,35.09570701895245],[111.49405884682142,35.095901338319884],[111.4935019357077,35.095903606330864],[111.49290523851226,35.09575699762439],[111.49230784638156,35.09550391048393],[111.49172356939052,35.095282694185876],[111.49172353203898,35.095282683521056],[111.49172349251036,35.09528267556913],[111.4911012423067,35.09521066781446],[111.49110119843476,35.095210667090804],[111.49110115239651,35.09521067088272],[111.49045423989163,35.09534104786108],[111.48917210279153,35.09538881381634],[111.48814893994738,35.09542487792158],[111.48814890377885,35.09542488167263],[111.48814887200774,35.095424887208694],[111.48756670905269,35.09555499260856],[111.48715273379986,35.095652485373066],[111.48658388894437,35.09584641630666],[111.48658385940381,35.095846428142856],[111.48600258847463,35.09612557103913],[111.48533032456601,35.09635184210804],[111.48483927879786,35.096545421883626],[111.48425618080627,35.0965051710979],[111.48325850365013,35.09646656610642],[111.48268780739873,35.096341085400496],[111.48202633619138,35.09620530705575],[111.4814816557873,35.096101005501566],[111.48097564439237,35.095964606669014],[111.48097560377303,35.095964599619286],[111.48097556098152,35.0959645961836],[111.48043147616653,35.09596675327779],[111.48043143341732,35.09596675705262],[111.48043140164017,35.095966761685325],[111.48043137098612,35.09596677082037],[111.48043133268709,35.095966785393856],[111.48043129551115,35.09596680446968],[111.48043127038278,35.095966820793706],[111.48043124745833,35.09596683891171],[111.48043121912454,35.095966869670164],[111.4802898529322,35.09615906392649],[111.47961981490103,35.09676857646297],[111.47923374408398,35.09720662633543],[111.47893748342693,35.09749525902619],[111.47893746381291,35.097495280736275],[111.47837176672576,35.098232152447736],[111.47837174825023,35.0982321813641],[111.47837173310168,35.098232216576825],[111.47821938685502,35.0987651668546],[111.47802842820715,35.099340848395535],[111.47787645806564,35.099937655181954],[111.47750513876815,35.10068436353624],[111.47722288859008,35.10115389695295],[111.47688804044418,35.10148521509225],[111.47650072775285,35.10171030349217],[111.47650069716966,35.10171032524495],[111.47650067534474,35.10171034425924],[111.47623011398694,35.10196692780761],[111.47589502052298,35.10226635412076],[111.47589499762724,35.102266377645925],[111.47589497587012,35.10226640837748],[111.47589495849482,35.10226643819048],[111.47570323765552,35.10271434328395],[111.4754464585481,35.10310923207063],[111.4749953577432,35.103504897112764],[111.47442770114762,35.103911681497834],[111.47367888646446,35.10436177922424],[111.47320155555558,35.104715000492384],[111.47320152719,35.10471502674248],[111.47320150212524,35.104715054782375],[111.47320148256004,35.10471508550489],[111.473022133417,35.10506713720744],[111.47302212260004,35.10506716338899],[111.47302211397147,35.10506718866067],[111.47302210974048,35.105067215717895],[111.47302210769791,35.10506724186523],[111.47302413868823,35.105418587526906],[111.47302414327334,35.105418621760606],[111.47314357471434,35.105907918082686],[111.47327613666175,35.10642906561701],[111.47326613724809,35.10694012184184],[111.47325650591021,35.107515054853536],[111.47305304718913,35.108175890079245],[111.47271930525162,35.10870947558986],[111.47221678166477,35.10917984127137],[111.4717647829294,35.10942645014475],[111.47111858307456,35.10970577611322],[111.47111855136414,35.109705793362224],[111.47039559220312,35.11015575846387],[111.4700854569341,35.11029536210105],[111.47008542522325,35.11029537934978],[111.46984015621905,35.1104560433866],[111.46984013110482,35.11045606331378],[111.46965964686922,35.110616475879056],[111.46941494303763,35.11087294747032],[111.46926027385086,35.11101194328925],[111.46907973826393,35.11116170024821],[111.46907971099688,35.11116172739443],[111.46907969139247,35.111161751806904],[111.46895121486685,35.11135391064043],[111.46895119861499,35.111353945856195],[111.46881111201881,35.11178037325781],[111.46881110561816,35.111780404830036],[111.46877388154438,35.11206803373539],[111.46877503906086,35.112270338719455],[111.46877504252706,35.11227036935217],[111.46884170885086,35.11260012336026],[111.46877888990284,35.11294099428747],[111.46854861099514,35.11345289863491],[111.46826667611062,35.113996963257456],[111.4680485532709,35.11437042450456],[111.46779139256593,35.11471207661429],[111.46737873409404,35.11505435304936],[111.46694060947866,35.11547122685803],[111.46665624149078,35.115578759456405],[111.46616472286185,35.11571904307129],[111.46560772229185,35.11574247656068],[111.46560768282755,35.11574248121904],[111.46489581380386,35.115883625706836],[111.46427475316825,35.116045715492575],[111.4642747170457,35.116045729151274],[111.46374479390406,35.11628199124934],[111.46374476109258,35.11628200850062],[111.46329293432179,35.11658185433741],[111.46254424008693,35.11708511667685],[111.46254421169328,35.11708513931909],[111.46254418878446,35.1170851619404],[111.46202920679023,35.11767269547066],[111.46157828429679,35.118132223781565],[111.46157826577023,35.11813224548465],[111.46104552176784,35.11884671817128],[111.46073374699046,35.11845225797941],[111.46073372601589,35.118452234623895],[111.46073369625533,35.11845220949906],[111.46073367202028,35.11845219156405],[111.46034530671412,35.11821139075069],[111.46006812441186,35.11807616890171],[111.45951311321969,35.11768461412649],[111.45908703104584,35.117277450989],[111.45897511823864,35.11703563532144],[111.45897509720935,35.1170356020509],[111.45897507181749,35.11703557330364],[111.45897504205799,35.11703554817835],[111.45897500902278,35.11703552576952],[111.45897497271692,35.11703550697852],[111.45897493314543,35.11703549270666],[111.45897489249721,35.1170354820443],[111.4589748496854,35.11703547679826],[111.45897480470492,35.117035476067215],[111.45856953754789,35.11706729456197],[111.4585695002815,35.117067300111096],[111.45856946851002,35.11706730744215],[111.4585694389476,35.117067317468894],[111.45856939846104,35.117067335649175],[111.45805509590124,35.117372128665416],[111.4580550663992,35.11737214950809],[111.45805503474358,35.117372177569756],[111.45779874977646,35.11767596717365],[111.45745003542204,35.11791950961256],[111.45722951144289,35.11801114966327],[111.45706378602074,35.118011774674855],[111.45639947714902,35.1178477260646],[111.45542185417136,35.11768484054701],[111.45542182014523,35.11768483706943],[111.45542178393518,35.11768483540277],[111.45477687249756,35.11770239948362],[111.4543901565596,35.117734124503166],[111.45392824318606,35.117493654408456],[111.45366901902916,35.11726752002628],[111.45366898708726,35.11726749671056],[111.45320668276422,35.116981522115864],[111.45320664646466,35.116981504224455],[111.45320661678181,35.1169814926178],[111.45267123476475,35.1168018003967],[111.45233854413371,35.11662134869406],[111.45182137522542,35.1164112811182],[111.45182134445099,35.116411270416634],[111.45182130380896,35.11641126065319],[111.45182126099293,35.1164112545033],[111.45182121820676,35.116411253761406],[111.45182117544546,35.11641125752623],[111.45182113599493,35.116411264884135],[111.45136110099038,35.116534116544564],[111.45136106375853,35.11653412840084],[111.45080946900747,35.116763315694364],[111.45080943291208,35.11676333475709],[111.4508094066794,35.11676335198043],[111.4503139482452,35.117128529519235],[111.44954019058817,35.11713140242716],[111.44894907092284,35.11686107163083],[111.44894903025124,35.11686105645838],[111.44863534528558,35.11678650839069],[111.44802599588095,35.11656163825716],[111.44749065998991,35.11639704948568],[111.44704781424167,35.11629268934984],[111.44649407413723,35.1161281703376],[111.44616194563059,35.11605368016868],[111.44564536977755,35.1159495835377],[111.4450922594648,35.11589105264969],[111.44475979318283,35.115740878331344],[111.44448284123453,35.1156208112813],[111.44431448050454,35.115152130652724],[111.4441093123991,35.11469862014077],[111.44386672618063,35.11413927909415],[111.44371619124537,35.11356444877507],[111.44371618011495,35.11356441907102],[111.4435857221445,35.11329236211213],[111.44343453680374,35.112596408410006],[111.44319063534662,35.11179475772148],[111.4429668107649,35.111295892859665],[111.44283554323502,35.11087244046942],[111.44281539669093,35.110554548382126],[111.44275839637206,35.11023676744601],[111.44272023227417,35.10999463174142],[111.44272022110074,35.1099945939252],[111.4427202055642,35.10999456063171],[111.4427201856548,35.109994530058245],[111.44260888104881,35.109858646665195],[111.44260885236943,35.10985861702509],[111.44260882152557,35.109858592801054],[111.4426087951179,35.10985857757437],[111.44260876762311,35.10985856415439],[111.44260873794433,35.109858552545084],[111.44260870718331,35.10985854364383],[111.44260866546335,35.109858536585286],[111.44260862266604,35.1098585331361],[111.44212951972888,35.10986028142161],[111.44212948244999,35.10986028426166],[111.44133774253586,35.10996915991899],[111.44058238938788,35.10998704849972],[111.43999255046886,35.10994376860979],[111.43921777075512,35.10978002163181],[111.43921773453432,35.10978001725624],[111.4382591413228,35.10970777605004],[111.4377247843508,35.109709705762484],[111.43700587436236,35.109651735384524],[111.43634192671256,35.10953299976137],[111.43589904323139,35.109398338320005],[111.43545531405358,35.10911225640072],[111.43545527665971,35.10911223760653],[111.43497514376148,35.10891711274383],[111.43497511299205,35.10891710203794],[111.43497507674311,35.10891709225305],[111.43449554602255,35.10882796667175],[111.43414476106321,35.10869295874187],[111.43348005527893,35.10843792288697],[111.43348001463346,35.10843791131465],[111.43290823449303,35.1083339574134],[111.43241020454307,35.10822974859053],[111.432022593494,35.10809487123994],[111.43148417559848,35.1077951220583],[111.43168472691478,35.10750057056035],[111.43190169800317,35.107346397327355],[111.43224298357107,35.10715338896084],[111.43269290369174,35.10690885155838],[111.4332675442558,35.10671501532274],[111.43360950003692,35.106649862966],[111.43360953617965,35.10664985292178],[111.433609575589,35.10664983835907],[111.43360961496492,35.10664981748699],[111.4338886904253,35.106457006248604],[111.43388871663443,35.1064569845222],[111.43388874281965,35.106456958289066],[111.43415156845941,35.106136339641026],[111.43456890133518,35.10561057893894],[111.43456892091514,35.10561054822256],[111.43456893284612,35.10561052294174],[111.43467642608486,35.105341606536676],[111.43467643577905,35.10534157315165],[111.43467643997967,35.105341537983584],[111.43467643758986,35.10534150103643],[111.43461243556762,35.10500927505972],[111.43459558905575,35.10476640748372],[111.43459423181925,35.1045107103113],[111.43467032521836,35.10419079125058],[111.43474614861894,35.10381971826008],[111.43499169336361,35.10317951064505],[111.43499170197984,35.10317948086927],[111.4350823302566,35.102667725320245],[111.43526751779721,35.102385789627085],[111.43526753408105,35.10238575802105],[111.43540558900357,35.10201445658113],[111.43557529314148,35.10174534646167],[111.43579128646954,35.101399314457026],[111.43579130163702,35.10139927924947],[111.43579130918,35.10139925398431],[111.43579131342791,35.10139922782962],[111.43579131547752,35.10139920078146],[111.43579131314489,35.10139917465043],[111.43579130861878,35.101399148527264],[111.43579129969122,35.10139911971585],[111.43557751860737,35.10088989603487],[111.43544711266192,35.10061783569663],[111.43540898063947,35.10037573495196],[111.43540897391524,35.100375707935314],[111.43540896278009,35.10037567642772],[111.43525997206766,35.10007339781688],[111.43520285807942,35.099725399473705],[111.43523753119331,35.09931646418853],[111.43523552036315,35.098937907491425],[111.43521436063101,35.098423164534616],[111.43523117397113,35.09812028869996],[111.43532039261959,35.09757487093475],[111.43532039466926,35.097574843886576],[111.43532039336654,35.09757480513277],[111.43522530188817,35.097014921465686],[111.43529609515473,35.096469585084215],[111.43529609500622,35.096469557142576],[111.43527525751816,35.096015368016666],[111.43525530543309,35.09572773895258],[111.43525530199456,35.095727711022775],[111.43525528972991,35.09572767320966],[111.43503139301552,35.09519849576739],[111.43503137308872,35.095198460685836],[111.43482721157984,35.094911522936876],[111.43465869656019,35.09439737097681],[111.43465692808252,35.09406432368313],[111.43476551083809,35.09370061034737],[111.43500352415654,35.09342723930333],[111.43525975520328,35.093108334151346],[111.4355159015721,35.09277428859613],[111.4358451692075,35.09233398776047],[111.43628415818074,35.09174187436792],[111.43663176007313,35.09128636251966],[111.43663177855711,35.091286332708194],[111.43679572602304,35.09093746898452],[111.43712384287136,35.09028518935647],[111.43737923336438,35.089814886441644],[111.43759865854912,35.089511278895664],[111.4378732780943,35.08919231525731],[111.43825769914403,35.08873667017597],[111.43856900306706,35.08838727759789],[111.43893499623407,35.0879316960838],[111.43926462995503,35.08756709788238],[111.43968562879783,35.08706589700247],[111.44010717984976,35.08667069544852],[111.44080408353513,35.08609276920299],[111.44080411189023,35.08609274025635],[111.44104189087562,35.08577386901336],[111.44104190933253,35.0857738346945],[111.44104192231156,35.0857738012969],[111.4410419287016,35.08577376612057],[111.44104192965258,35.08577373907626],[111.44104095153092,35.08559203084394],[111.44104094919227,35.08559200381161],[111.44104094357373,35.08559197859392],[111.4409472967516,35.085304636975025],[111.44088918978933,35.08477495574859],[111.44105251416896,35.08432014942668],[111.44105252168939,35.084320120555745],[111.44112391708711,35.083895908944974],[111.44134242001215,35.08342574144202],[111.44154268401032,35.08298588062222],[111.44154269478112,35.08298584452854],[111.44154269897773,35.08298580936013],[111.44153861720501,35.08222870537055],[111.4414994100813,35.08178971711961],[111.44149940331296,35.08178968199114],[111.44138717857989,35.08147212869604],[111.44136639496743,35.08103313007199],[111.44138204097538,35.08051827808316],[111.44150809993715,35.07998794433481],[111.44176445617246,35.07974493907644],[111.44207794530557,35.07984971851655],[111.44276060758298,35.080059214079256],[111.44305588828178,35.080164127759595],[111.44305591903166,35.08016413666088],[111.44357233322637,35.08028338657867],[111.44357236395685,35.08028339187443],[111.44416221092094,35.080356944705095],[111.44416224272841,35.080356946391326],[111.44495435828108,35.0803691846437],[111.4453966676618,35.080412986026175],[111.4453966994644,35.08041298681073],[111.44596773366862,35.080410887322586],[111.44675406550166,35.08032529493046],[111.44675411150925,35.08032528664871],[111.44675414216131,35.080325277522164],[111.44675417170707,35.08032526659698],[111.44675420778744,35.080325247535455],[111.44675424055873,35.08032522488069],[111.44675426348144,35.08032520586763],[111.44675428309999,35.08032518416267],[111.44675430487219,35.080325155238874],[111.44697012446262,35.07996631911349],[111.44713955473232,35.079658801437475],[111.44713956773742,35.07965877344729],[111.44724669871512,35.07933872470891],[111.44747790759423,35.07895429078392],[111.44747792061386,35.07895426549775],[111.44747793358921,35.07895423209945],[111.44747793999568,35.07895420052814],[111.44750750832931,35.078672819507375],[111.44767681636252,35.078352605795196],[111.44784703991698,35.07819856813522],[111.44800179388116,35.07805735788448],[111.448280767956,35.077877326349494],[111.44862177758286,35.0776586846945],[111.44886966387246,35.07747875057384],[111.44916398247406,35.077285960914644],[111.44953773608725,35.07741236044603],[111.44972526404561,35.07757786289856],[111.44972529816366,35.077577886207465],[111.45002174815653,35.077743019384926],[111.4500217778395,35.07774303369659],[111.4500218162989,35.07774304887702],[111.45002185801792,35.0777430586372],[111.45002190409794,35.077743063874394],[111.45027084894818,35.07775492748068],[111.45027089061277,35.07775492732599],[111.45027092239457,35.07775492450389],[111.45067498920952,35.077689488185364],[111.45067502096649,35.07768948085646],[111.45067506146522,35.07768946808688],[111.45067509100454,35.07768945625939],[111.45104738733411,35.077509064334656],[111.45137337987943,35.07739277454174],[111.45137340940862,35.07739276091139],[111.45173017624126,35.0772124129725],[111.45173020574549,35.07721239483536],[111.45193164998292,35.07707097681602],[111.45193167726936,35.07707095418028],[111.4521482481499,35.07685275456129],[111.45214827319363,35.076852722920236],[111.45214828621646,35.07685269853491],[111.45214829704146,35.07685267325639],[111.45214830670541,35.0768526362645],[111.45217786048207,35.076571249619946],[111.45225484363158,35.076443228690245],[111.45275147114161,35.07626239937668],[111.45321716802351,35.076094430692315],[111.45360525463958,35.07595231676994],[111.45360529400567,35.07595229769408],[111.45393079955736,35.07574648494095],[111.45393082467992,35.07574646772105],[111.45393084759469,35.07574644780531],[111.45413193012774,35.0755539445613],[111.45472190455024,35.075372740489115],[111.45472194283937,35.07537272502238],[111.45509422949843,35.07519231621003],[111.45571504810434,35.07495984014671],[111.45662004158866,35.07479900874944],[111.45726479262274,35.074826860824],[111.45789144195537,35.07490020557968],[111.45849935602878,35.07491305177512],[111.45897823818083,35.07491124041698],[111.4589782710677,35.07491123939116],[111.45897830831997,35.07491123474338],[111.45943826828929,35.074818638551506],[111.45943830222704,35.074818629409314],[111.45943834161646,35.07481861483831],[111.45943837113327,35.07481859940332],[111.45973209123831,35.07465094704314],[111.46013666738627,35.07454342696442],[111.46013670567902,35.074543412397354],[111.46055922904908,35.074344959177],[111.46055925637272,35.074344943750084],[111.46055928149345,35.074344926528795],[111.46055930551272,35.07434490841033],[111.46055933277052,35.07434488126596],[111.46055934908973,35.07434485866992],[111.46055936430753,35.07434483517672],[111.46055937946959,35.07434480176872],[111.46055938699743,35.07434477560063],[111.46064925937738,35.07395077504591],[111.46088624425775,35.073526017999846],[111.46127206529364,35.073373172794],[111.46127209591609,35.07337315915711],[111.46127213088347,35.07337313829275],[111.46127216144507,35.07337311383974],[111.4612721887023,35.073373086695184],[111.46127221155882,35.0733730568633],[111.46127222783707,35.07337302705642],[111.46143583967006,35.07299390181219],[111.46167403966524,35.07278104080511],[111.46194864097077,35.07249234605532],[111.46246321430434,35.0723238826351],[111.4629425731703,35.07242802526419],[111.46332977720934,35.07250225753367],[111.46375388900097,35.072591485828184],[111.46417808194364,35.072695851608806],[111.46475004716909,35.072875358774624],[111.4654698157646,35.07313001501377],[111.46600473647662,35.07326424415291],[111.46650261981094,35.07336832401047],[111.46696376335508,35.07348768526399],[111.46740632956467,35.07357683598945],[111.46740636905997,35.07357684034404],[111.46740640086522,35.0735768420242],[111.46740643374628,35.073576840094745],[111.46740647975815,35.073576833607895],[111.46805018242438,35.07340778391494],[111.46805021635026,35.07340777296766],[111.46805025352926,35.07340775569831],[111.46805028850004,35.07340773573339],[111.46849049473397,35.07308805983706],[111.46889438037336,35.07285937467527],[111.4688944153231,35.07285935110473],[111.46922422128526,35.0725552205635],[111.46948069085956,35.07231194907754],[111.46948071265255,35.07231192555776],[111.46964520903994,35.07209936128016],[111.47004935401198,35.07193127075688],[111.47056400372246,35.07174757215897],[111.47056403980896,35.071747555794424],[111.47056407477326,35.07174753492744],[111.47056410315427,35.07174751318463],[111.47078397557269,35.07154982130361],[111.47120582847865,35.07124535146718],[111.47157251736353,35.070956233039006],[111.47181105969564,35.07080389446348],[111.47230650456206,35.07048397898475],[111.47230653621558,35.07048395452468],[111.47261790811528,35.0701798783962],[111.47285556314702,35.069876142961355],[111.47318589411432,35.0696780340487],[111.473589475369,35.069403917474595],[111.47395691681744,35.06925107219996],[111.47395694742579,35.06925105675718],[111.47426900385872,35.06906812224052],[111.47465418553661,35.068794057843526],[111.475076197343,35.06851984977072],[111.47507622898972,35.068519824408625],[111.47586357020909,35.067729369699855],[111.47652415542653,35.067317966747765],[111.47701982178364,35.06704346070742],[111.47746007752121,35.066738872366585],[111.47784507853818,35.06643450192258],[111.4781198238162,35.06617600441933],[111.47846801549753,35.06588696684886],[111.47879854918374,35.065734276840274],[111.47940538934834,35.06559562354309],[111.47992125255418,35.06563900501386],[111.4804739280368,35.06566710098404],[111.48102651394198,35.06568005279563],[111.48168950631029,35.065677421693145],[111.48268389953608,35.06565832663128],[111.48340194856188,35.06562518217542],[111.4838255238873,35.06562349332916],[111.48382556662582,35.065623490454605],[111.48382559728414,35.06562348402276],[111.4838256279318,35.06562347578825],[111.48382565746724,35.065623464854085],[111.48382568589577,35.06562345212161],[111.48382572085406,35.065623431250835],[111.48382575250224,35.065623406787786],[111.48382577974942,35.06562337963823],[111.48382580149928,35.0656233498065],[111.48382581994439,35.065623317283865],[111.48382582856561,35.065623292011324],[111.48382583609059,35.065623266743145],[111.48382584026291,35.06562323067202],[111.48382199831805,35.064972123192135],[111.48378328896518,35.06465428851007],[111.48376228239258,35.06421526075494],[111.48376227782147,35.06421522922547],[111.48366813961101,35.063867320708106],[111.48366812736624,35.06386728920923],[111.48366811406775,35.06386726492545],[111.48366809858207,35.06386724155177],[111.48366807871143,35.06386721819556],[111.48344574309012,35.06364096739034],[111.48344571554591,35.06364094406467],[111.48314982178181,35.063430140473244],[111.482872139474,35.0631738971445],[111.48279699032874,35.06291687964708],[111.48279511892083,35.062599020478075],[111.48303275782604,35.062310458410096],[111.48336232297936,35.06199120142164],[111.48416980004174,35.061518596137596],[111.48416983061334,35.06151857528421],[111.48437140095388,35.06135122024739],[111.48508715818012,35.06093953677182],[111.48508718874595,35.06093951501685],[111.48560029969894,35.06051348951747],[111.48607709854093,35.06017846748755],[111.48651743386428,35.059904150638346],[111.4865174600713,35.05990413340732],[111.48651748732638,35.05990410805983],[111.48692011170104,35.05947850292103],[111.486920134539,35.05947847218301],[111.48692015188534,35.059478439664296],[111.48692016483622,35.05947840536049],[111.48700981452333,35.059069194204795],[111.48700981871004,35.05906916083753],[111.48700811027808,35.05878145245829],[111.48700810568464,35.058781417323566],[111.48700809895236,35.05878139121105],[111.4870080889369,35.058781366013086],[111.48700807120541,35.058781333635174],[111.48700804800906,35.0587813039833],[111.4870080270586,35.05878128333606],[111.48700800502267,35.05878126449589],[111.48700797970355,35.05878124657026],[111.48669376538845,35.058585663374174],[111.4864164924583,35.05840508675529],[111.48604626171678,35.05807347903185],[111.48578660046718,35.05775656851548],[111.48556348120721,35.05739406258774],[111.48556346132695,35.057394037429134],[111.48537814701979,35.057182886448146],[111.48548627161637,35.056788878634784],[111.48548627691572,35.056788847967205],[111.48552059566478,35.056364719832],[111.48551728088127,35.05580453626411],[111.48577270210649,35.05540988802497],[111.48599187167287,35.05510617347162],[111.48599188686913,35.055106148172555],[111.48599190201733,35.05510611476139],[111.48599191167955,35.05510608047084],[111.48599191585579,35.05510604530091],[111.48599191458344,35.055106015560995],[111.48593356015019,35.05457652030142],[111.48641157265766,35.05449894137228],[111.48685315771323,35.05443659920295],[111.48749674723581,35.05428259262694],[111.48801168176269,35.05417453082219],[111.48841638944776,35.05411233852687],[111.4890790938797,35.054079385445604],[111.48963106685484,35.054001446071425],[111.4900910175184,35.053939024313415],[111.49055134278449,35.053937162854595],[111.49115871890328,35.0538892792239],[111.49185844537772,35.053886443298076],[111.49242889461,35.053823561913326],[111.4927787399773,35.053822141316],[111.49307329201817,35.053805800646195],[111.4937723598565,35.053696964068514],[111.4941958510032,35.05369523960592],[111.49419589921021,35.05369523580409],[111.4949868733377,35.05355572926407],[111.49498691273767,35.05355571918831],[111.49498695211048,35.05355570460585],[111.49498698707707,35.053555686435885],[111.49542727221294,35.05328132841055],[111.49542729731441,35.05328131028076],[111.49542732675674,35.053281284922335],[111.49542734525983,35.05328126321404],[111.49542736266137,35.05328124060886],[111.4954273778435,35.053281213505954],[111.49555462745353,35.05300812940813],[111.49555463932548,35.053008098713256],[111.49555464570606,35.053008066238085],[111.49558927799671,35.05264449929174],[111.49558927667735,35.0526444623412],[111.49558926879234,35.0526444272202],[111.49558925764082,35.05264439571801],[111.49540283110719,35.05226659055268],[111.49540281229405,35.05226656088449],[111.49514303025748,35.05193451332299],[111.49491934349764,35.051481189896094],[111.49491932799484,35.051481163819794],[111.49491930810231,35.05148113686001],[111.49477099945014,35.05131517960689],[111.4945483973745,35.05104352730618],[111.49421495256651,35.050711757193135],[111.49378859262602,35.05022900723105],[111.49369390123864,35.04979034605593],[111.4936551627077,35.04947252389703],[111.49356027492463,35.0490034945765],[111.49356026375814,35.04900346037008],[111.49326156787643,35.04832328488895],[111.4931679602024,35.04806625367357],[111.49316794576976,35.04806622308583],[111.49316792917757,35.048066197915055],[111.49294514944019,35.04776424651297],[111.49294511966329,35.04776421598755],[111.49294508773224,35.04776419178043],[111.49294505363622,35.04776417208895],[111.49240960040724,35.04750895275883],[111.49202066316059,35.047116919044],[111.49194585816008,35.046920434569635],[111.49181424918469,35.046466703573316],[111.4916647898254,35.04610393299454],[111.4916615236208,35.04555901234923],[111.49219332490814,35.04522381873387],[111.492615419904,35.04499498050533],[111.49261544938214,35.04499496145697],[111.49292707510884,35.044766569729816],[111.49325729041516,35.04456838750161],[111.49325731442393,35.04456837027806],[111.49360549506197,35.04429439576475],[111.49386206355285,35.04409650969004],[111.49426537959505,35.04380716950351],[111.49448531912944,35.04363970458214],[111.49448534311593,35.043639683752986],[111.4948146935516,35.04330525941905],[111.49531054175753,35.043106415811664],[111.49531057126701,35.04310640217073],[111.49531060621281,35.04310638129666],[111.49531064002454,35.043106354117654],[111.49565827520178,35.04274150656806],[111.49604216919585,35.042285667453065],[111.49604218767453,35.04228564213929],[111.49604220718379,35.0422856060049],[111.49618730299333,35.04192159111711],[111.49618731263345,35.0419215541217],[111.49622175401599,35.041527731906584],[111.49638476598193,35.04108802249258],[111.49669569554644,35.040753664744486],[111.49711638686485,35.04029768051763],[111.4974273267787,35.03996329920151],[111.49766551908195,35.03978065126371],[111.49821034815436,35.03949198380738],[111.4982103776347,35.03949196565901],[111.49821040053955,35.03949194753764],[111.49821042234298,35.039491928519425],[111.4982104419382,35.03949190680619],[111.49821045824017,35.039491884205106],[111.49821047557788,35.03949185168475],[111.49821048743053,35.03949181828553],[111.49821049488857,35.03949178310165],[111.4982104957711,35.039491747944744],[111.4982104911631,35.03949171100767],[111.49812154315664,35.03917009929093],[111.49812153312931,35.039170072291114],[111.49803338290316,35.038979636610165],[111.49803336517716,35.038979605135125],[111.49782865023798,35.03869425342795],[111.4976093678279,35.03839703602657],[111.49760934686368,35.03839701267703],[111.49734680752731,35.0381357663232],[111.49718596651124,35.03790987342291],[111.49718594223228,35.03790984558004],[111.49718591688469,35.037909822248395],[111.49666152866655,35.03750653352161],[111.49637035412081,35.03730501496031],[111.49609345567896,35.037067661188516],[111.49574399967634,35.03681867725723],[111.49548174234508,35.036593245001846],[111.49540790705085,35.03636704661492],[111.49530476966795,35.036093210685706],[111.49524549225913,35.03587884177623],[111.49523006212382,35.035723912068526],[111.49521383956525,35.03543780249516],[111.49521089066349,35.03494898806987],[111.49534009791192,35.03474581542281],[111.49549834853063,35.03454244922501],[111.49561316419555,35.034351207849625],[111.49577168619618,35.03419555403034],[111.4957717112047,35.03419552147897],[111.49577172854228,35.034195488958915],[111.4957717403952,35.034195455559924],[111.49577174785382,35.034195420376136],[111.49577174878637,35.03419539333134],[111.49577009242132,35.03392112950581],[111.49573944239194,35.03364699133471],[111.49573591311967,35.0330627352205],[111.4957908756577,35.03256169314273],[111.49581756444178,35.03217999396151],[111.49581756309554,35.03217995250413],[111.49574320009944,35.03187019055564],[111.49566941479279,35.03165583499658],[111.49566940368773,35.03165581070502],[111.49566939039647,35.03165578732377],[111.4956693716207,35.03165576306354],[111.49550876290438,35.03146563743433],[111.49530402923423,35.031168392942504],[111.49515712878299,35.03084704931087],[111.49515710995864,35.030847016938445],[111.4948939515205,35.030478446039176],[111.49473248474908,35.030145238863234],[111.49473247034626,35.03014521278231],[111.49455700261123,35.02989551463596],[111.49443989511346,35.02970522283304],[111.49436641242939,35.02953858985655],[111.49436639581351,35.02953856017911],[111.49436637261749,35.02953852962712],[111.49436634506006,35.02953850269836],[111.49436631313574,35.029538478491496],[111.4943662779458,35.029538457903406],[111.4943662405914,35.029538441830965],[111.49436619997138,35.029538429377304],[111.49436615828269,35.02953842143483],[111.49436611552537,35.02953841800355],[111.49436607279517,35.02953841907899],[111.49436603009752,35.029538425562514],[111.49436599289511,35.02953843472775],[111.49341331635246,35.029841408413226],[111.49341328355462,35.02984142116574],[111.49341325514534,35.02984143480177],[111.49260869249055,35.030297463177604],[111.49182878728467,35.030783555956724],[111.49109677541712,35.03109841272911],[111.49029185646481,35.03149404459325],[111.48974242207596,35.03165723582113],[111.48910749553185,35.03185096590045],[111.4887780376661,35.031983080015095],[111.4885215372765,35.032034406527],[111.48817914034707,35.03204584556009],[111.48789794374059,35.032057034867286],[111.48755480616289,35.03193770292025],[111.48755477322945,35.031937693137536],[111.48755473154552,35.031937686094075],[111.48755469755375,35.03193768262519],[111.48710204790412,35.03191937926309],[111.48666106764854,35.03180043569462],[111.48634211908083,35.03164075091528],[111.48634208831793,35.03164073751806],[111.48608467678905,35.031551213931614],[111.48608464714872,35.03155120503667],[111.48565593408145,35.031452307349234],[111.48565590007395,35.03145230117577],[111.48565585731595,35.031452297741424],[111.48511765351024,35.03145445057114],[111.48511762173699,35.03145445159952],[111.48473866883442,35.03149621205642],[111.48415189262104,35.0315589246292],[111.48358981002205,35.03166178112753],[111.48280792262032,35.03182587618194],[111.48229483043569,35.0319385919239],[111.48229479324138,35.03193860288814],[111.48181875076354,35.032111538462075],[111.48181871251559,35.03211155664131],[111.48144076218814,35.03232434456962],[111.48105057717767,35.03253718072583],[111.48105054770652,35.03253720067275],[111.48081912672306,35.03270917403822],[111.48081909621402,35.03270920390424],[111.48081907664746,35.03270923102279],[111.48062512856163,35.033011843072956],[111.48062511554882,35.033011866560045],[111.48039565052434,35.03351584471726],[111.48039563974527,35.03351587540645],[111.4803956333601,35.033515907880954],[111.48036111930017,35.0338882606453],[111.48021572791815,35.03412018291422],[111.48004574453134,35.0343321036037],[111.47981441775929,35.03451410327355],[111.47981439595812,35.034514123189844],[111.47966852737213,35.034665579802876],[111.47940019740359,35.03478734324763],[111.47914384484237,35.03487891076792],[111.47870472022676,35.03509192719848],[111.47839960976107,35.035203785989616],[111.47809411847318,35.03525529445922],[111.47776434984969,35.03534714921702],[111.47776431922317,35.03534715925265],[111.47776428970823,35.03534717198801],[111.477471527764,35.035489185551924],[111.477191054291,35.03564121204864],[111.47719102808445,35.035641228376306],[111.47692307734891,35.035833408695524],[111.47673992552629,35.03587435195437],[111.47637315318774,35.035905974730554],[111.4763731170553,35.03590598028062],[111.47637307328314,35.03590599126887],[111.47590921418363,35.03607886036554],[111.4759091802951,35.036078874920335],[111.47590914644316,35.036078895784556],[111.47590911480386,35.03607892024557],[111.47590908756375,35.03607894739343],[111.47590906907496,35.036078971802866],[111.47579992463743,35.03624035881396],[111.47552022389856,35.036523157814486],[111.47535007641082,35.03671498738683],[111.4752041673609,35.036866472136964],[111.4750339183207,35.03703816331045],[111.47475387255287,35.037250484873525],[111.47433851146839,35.03733258341133],[111.47433848083028,35.03733259164341],[111.47391107628991,35.037465064545124],[111.47358153278722,35.037597154028106],[111.47323993530306,35.037759472816184],[111.47323990798874,35.03775948734459],[111.47323988287661,35.03775950366715],[111.47304496941487,35.037901124889295],[111.47281357443886,35.03808314302346],[111.47263111714403,35.03826496379145],[111.47242426391068,35.038456931319146],[111.47221747303776,35.03865895300041],[111.47198609483071,35.03884095506275],[111.47198606649246,35.03884098221401],[111.47182814073157,35.03903275658082],[111.47163359919827,35.03923470979538],[111.4713777723777,35.03941679040006],[111.47137774838133,35.03941681032336],[111.4713777189623,35.03941684018277],[111.47104995257894,35.0398608348746],[111.47079565784094,35.040314574913396],[111.47039508486993,35.0408594356238],[111.47004402009735,35.04150469844397],[111.4695333019291,35.042039895713586],[111.46894973682534,35.04267599917741],[111.46840194147255,35.04315098754086],[111.46781789979686,35.043706598916366],[111.46735504258861,35.04406051873428],[111.46718456207309,35.04420204358826],[111.4671845391857,35.04420206621055],[111.46708729328675,35.0443131203351],[111.46708727371804,35.0443131483528],[111.46708725636181,35.044313179967446],[111.46708724556099,35.0443132079514],[111.46703922489445,35.04447438139065],[111.46703921850319,35.04447441386445],[111.46703921645998,35.04447444001195],[111.46703921880587,35.044474467043926],[111.46703922668813,35.04447450396961],[111.46707651187134,35.04457500251902],[111.467187820188,35.04478586598898],[111.46726213877822,35.044946558436294],[111.46726215537724,35.04494658631472],[111.46726217526428,35.04494661418049],[111.4673976132731,35.04509701819371],[111.4677175915722,35.04542781331143],[111.46771761581266,35.04542783575216],[111.46790194564416,35.04556799594975],[111.46808609622019,35.045677967090434],[111.46833162199071,35.0458279299245],[111.46854045430472,35.04597803847301],[111.46874916583631,35.046108021416444],[111.46890896550192,35.04624822074608],[111.46901997116517,35.04640874321875],[111.46918032927238,35.046639521009936],[111.46936573248573,35.04697081577569],[111.46956335222687,35.0473020287],[111.46960189065439,35.047623789785575],[111.46965330251481,35.04805620947334],[111.46965646989305,35.04860954031521],[111.46963350120637,35.04887120018188],[111.46957429493578,35.04921346612149],[111.46941706810775,35.04951573464799],[111.46898928159361,35.04955761617595],[111.46898924873767,35.049557620809786],[111.4685982101611,35.04963962110007],[111.46828040377918,35.04969115525103],[111.46828036437252,35.0496911644168],[111.46795060044064,35.049793051785706],[111.46795056544384,35.04979306544119],[111.46795053701824,35.049793078169955],[111.46795051190142,35.0497930944914],[111.46795048789092,35.04979311261134],[111.46781653378386,35.049904308827195],[111.46781650654165,35.04990433687458],[111.46781648912801,35.0499043585745],[111.46781647391678,35.04990438206866],[111.46781645985814,35.04990441547342],[111.46781645124898,35.049904443448945],[111.46779261698177,35.050015189713996],[111.46769606644071,35.05024696147046],[111.46762402944641,35.05048872584001],[111.46762402411505,35.05048875200018],[111.46755354130389,35.05100214135806],[111.46751795299417,35.05119330581523],[111.46729847029461,35.05129468614928],[111.46691979805269,35.051396749186004],[111.46691976523181,35.05139676012871],[111.46691973133537,35.051396774681024],[111.46628540666849,35.05173123871854],[111.4662853782676,35.05173125595364],[111.46628534771038,35.05173127950659],[111.46596891848793,35.052024254714205],[111.46563973739524,35.052226735875834],[111.46533517653538,35.05245931384596],[111.46494511050032,35.05271232464263],[111.46464016772867,35.05287446332451],[111.46429856454036,35.053046809806816],[111.46388373854022,35.05324960855065],[111.46334646550869,35.05343274973433],[111.46266221538015,35.05358626695317],[111.46230747724356,35.05359768127903],[111.46195286404667,35.05363928082045],[111.46195282353112,35.05363928818565],[111.46195277976277,35.0536393018728],[111.46158656291064,35.05379162048753],[111.4615865333967,35.05379163502166],[111.4613426344447,35.05393341466725],[111.46106199424912,35.05406526161113],[111.4607689476518,35.05416697731581],[111.46054907503607,35.05422817397976],[111.46019472665041,35.05431000523949],[111.45986471268152,35.05437162474579],[111.45953482516055,35.05445336135267],[111.4590947087843,35.05451539489109],[111.45858139713722,35.05461794771432],[111.45779890492219,35.05472151719662],[111.45716339220132,35.05485471185418],[111.45716335827154,35.0548547209957],[111.45716331670907,35.05485473737692],[111.45635810411058,35.05527027006632],[111.45590617328635,35.055402750265166],[111.45544180438962,35.055505104977165],[111.45544177265167,35.05550511410998],[111.45544173436691,35.055505128675556],[111.45544170156784,35.05550514412191],[111.45518559657656,35.05565702368425],[111.45491725331598,35.05580895130478],[111.4549172183694,35.055808974871326],[111.4546250040985,35.05607167632748],[111.45462498230049,35.05607169894332],[111.45444267000313,35.05629373755893],[111.45419974088011,35.05661661056614],[111.45393250844911,35.056969754436395],[111.45368963860338,35.05730267730384],[111.45338577072114,35.057665994562164],[111.45304491916265,35.057979145790554],[111.45277691832221,35.05819141828848],[111.4524234273126,35.05843419668852],[111.45203326766034,35.058687184361744],[111.45203323927389,35.05868720519892],[111.4517775515766,35.058919576009615],[111.45135173703258,35.05936385036514],[111.45102291531413,35.059646791446724],[111.4508404608482,35.05983859603757],[111.45040115329628,35.06004141536252],[111.44996142548516,35.0601738281375],[111.44935016004092,35.060266638851],[111.44894660171933,35.06030837725665],[111.44842072764483,35.060360629388626],[111.44842068930726,35.060360634938526],[111.44801737854979,35.060452680831865],[111.44801733477543,35.06045269451403],[111.44769991022459,35.06058466174959],[111.44743125477589,35.060686270576205],[111.44713841406471,35.060828178756175],[111.44686944342118,35.060839224655936],[111.44648934846069,35.060679688288566],[111.44569145071186,35.0602097565192],[111.44497957460882,35.05980992036132],[111.44497954273598,35.05980990515502],[111.4438760465439,35.059391387154314],[111.44324971444667,35.058961071595554],[111.44235303059517,35.05832043178913],[111.44168964573109,35.05782985074698],[111.44168962152794,35.05782983461051],[111.44096553554336,35.05741997963079],[111.4400672856898,35.056477514061086],[111.43919457111221,35.05573613768902],[111.43828474043254,35.05491440509854],[111.43764584127717,35.054413663671134],[111.4371657453212,35.05386205760598],[111.43688233124,35.053480791943464],[111.43674571829281,35.05309898184586],[111.43646105448619,35.05248628382755],[111.43634848858022,35.05202390906045],[111.43629740653728,35.051621641526715],[111.43629739647594,35.05162160460686],[111.43629738538083,35.051621579408476],[111.43629737210311,35.0516215560207],[111.43600153368354,35.051200108399065],[111.43602199041895,35.05044551322757],[111.43598998185878,35.0490270017285],[111.43601246789063,35.04865472565375],[111.43624301534464,35.04830180388187],[111.43624302837259,35.048301780399484],[111.43647291284414,35.0478180072591],[111.43647292470877,35.04781797116174],[111.43658045985102,35.04733465682422],[111.43676160774251,35.04689133064471],[111.43676161637637,35.04689130537533],[111.43676162383744,35.0468912656883],[111.43678400380368,35.04649878287936],[111.43678400251095,35.046498745927934],[111.43669621750745,35.04609659049248],[111.43659636257073,35.045724673314716],[111.43659635144756,35.04572464270825],[111.43647267023766,35.045473550248836],[111.43647265585531,35.04547352506227],[111.43647263929057,35.04547350168631],[111.43647261945216,35.04547348102623],[111.43647259742175,35.045473460374026],[111.43628828837015,35.0453232054915],[111.43628826525818,35.04532318754725],[111.43628823886782,35.04532317141754],[111.43606737804504,35.04520322542143],[111.43577304432773,35.04507347465951],[111.4354911184618,35.04497386905498],[111.43549108552916,35.04497385925815],[111.43549105261567,35.0449738530667],[111.43490334219517,35.04488540887349],[111.43490330052809,35.04488540541737],[111.43465861537472,35.044886282265175],[111.43465858359552,35.04488628328041],[111.43465854088495,35.04488628974299],[111.43465849710705,35.04488630161761],[111.43436543845074,35.044998038240394],[111.43414585481085,35.04510947610569],[111.43374252976594,35.04516120959334],[111.43343646274167,35.04511200527463],[111.43302032989327,35.045083305287086],[111.43302029481644,35.04508330451091],[111.43260444171423,35.045104911047076],[111.43260440885315,35.04510491476974],[111.43260436615657,35.04510492393566],[111.43218902960021,35.04522714420548],[111.43176167104531,35.045389654620934],[111.431334473426,35.045572261662485],[111.43104119240786,35.04562359850752],[111.43061329954435,35.04564523198905],[111.43045357376496,35.045494981005184],[111.43045355064477,35.04549496125711],[111.430453524246,35.04549494332344],[111.43015898174757,35.04531489684529],[111.42969210797786,35.044924219988246],[111.42954364104415,35.04460283561435],[111.42954362445793,35.04460280773066],[111.42954360678988,35.04460278255491],[111.42923586341807,35.044241661405785],[111.42923583807354,35.04424163535577],[111.42923581386744,35.04424161741404],[111.42923578857476,35.044241601278905],[111.42923575230803,35.04424158247848],[111.42923571826628,35.04424156997975],[111.4288803410192,35.04413214592103],[111.42888029713248,35.0441321370625],[111.42888025437003,35.044132133608166],[111.42888021053513,35.0441321346645],[111.42888017658298,35.04413213929136],[111.42836681290578,35.044224509758564],[111.42796365971002,35.044336610597625],[111.42759726597271,35.0444586416237],[111.42759723753319,35.04445865254035],[111.42724333714175,35.04462086202446],[111.42687683834502,35.044682486056345],[111.42664381023107,35.04453251582874],[111.42648277425704,35.04414079750868],[111.42641925892866,35.043688298585124],[111.42636776401625,35.043195484208155],[111.42632902340613,35.04280322489082],[111.42632901556574,35.04280319246911],[111.42632900554746,35.04280316275915],[111.42618052906434,35.042481716441145],[111.4261805124797,35.04248168855697],[111.4261804904012,35.04248165798799],[111.42618046286155,35.042481631043664],[111.4260084481716,35.042341366548726],[111.42600842287078,35.04234134861019],[111.4260083964927,35.04234133428092],[111.42600835914095,35.04234131728606],[111.42600831742871,35.042341304813355],[111.4256163954449,35.04226218445512],[111.42561634939099,35.04226218010984],[111.42561630774897,35.04226218115728],[111.42511498209392,35.04231424591909],[111.42511493501405,35.042314255097736],[111.42511489671593,35.04231426694971],[111.42485855256321,35.042415763905765],[111.42447988494676,35.04246735411113],[111.42435636088345,35.0422164819148],[111.42430628944048,35.041995336760735],[111.42424366414731,35.04171382934402],[111.42424365081408,35.04171379423727],[111.42424363532622,35.04171376634899],[111.42413264588136,35.04154310703535],[111.4241326260144,35.04154308006375],[111.42413259847574,35.04154305311894],[111.42413256656724,35.04154302889354],[111.42413253578265,35.0415430100724],[111.42381363052864,35.04138313996525],[111.42381359757555,35.04138312565846],[111.42381356354512,35.04138311496091],[111.4235318335732,35.04131367026777],[111.42320106054157,35.041224271125415],[111.42287041714084,35.041154999094644],[111.42255181545708,35.04104544531201],[111.4222085999973,35.04090579940885],[111.42193861067139,35.04073570925172],[111.42193857111539,35.04073568955916],[111.42193854146461,35.04073567794448],[111.42193851183237,35.04073566993521],[111.4214486179294,35.04062669797504],[111.42097085063406,35.04049756069483],[111.42048107894792,35.04040871015942],[111.4201133764096,35.04026913233341],[111.42011333251202,35.040269120767576],[111.42011329193457,35.040269115499875],[111.41948918189355,35.040231028727256],[111.41826592815875,35.04023525175361],[111.41787381927499,35.04009577018075],[111.41744483948119,35.03993626498213],[111.41744480435625,35.039936254286545],[111.41744476267401,35.03993624721901],[111.41744471991417,35.039936243760636],[111.41695537799646,35.039937926338794],[111.41695533417735,35.039937930094865],[111.41650308279202,35.04001998107379],[111.41650304011449,35.04001999383947],[111.41605131537509,35.04020265487705],[111.41572181792282,35.040364772440576],[111.41572178187087,35.04036479509833],[111.41550240350709,35.040526524801066],[111.41517319749146,35.040738925465774],[111.41485607070891,35.04091101346114],[111.4146116434507,35.0409420222904],[111.41412245644212,35.040973878890554],[111.41357238961596,35.04106631115927],[111.41294922686227,35.04120928524402],[111.41264360521957,35.04123044089186],[111.41227611962165,35.041110993178286],[111.41190793697469,35.0408707929611],[111.4119078996129,35.040870773257815],[111.41190786996347,35.04087076164067],[111.41190783923165,35.04087075273131],[111.41190780302915,35.040870745643254],[111.41154053166971,35.04082168289491],[111.41154048563084,35.04082168124831],[111.41154045167,35.04082168406762],[111.41105140099617,35.04088371378548],[111.41105135720787,35.04088372384889],[111.4105994950145,35.0410361701142],[111.41001296722713,35.04116894587109],[111.4094754243052,35.04131161547677],[111.4091087108636,35.041363153443264],[111.40877864086139,35.04139444378012],[111.40834999323647,35.04128523056042],[111.40797029487481,35.04118590421558],[111.40755343774461,35.04099615262093],[111.40711214340483,35.040816530948426],[111.40675659128921,35.04065674692849],[111.40627843653492,35.04043701763835],[111.40600833871311,35.0402367162037],[111.40567690974632,35.03999639740931],[111.40534326579962,35.0393134070447],[111.40489840838042,35.03840936980392],[111.40489838961643,35.038409342825446],[111.40443046407803,35.03778710030983],[111.40374117399305,35.03692412549484],[111.40337191533743,35.036462528783055],[111.40337188450188,35.036462498238976],[111.40337185370176,35.036462474905726],[111.40299144594206,35.03622226088154],[111.40299141297692,35.03622224296362],[111.40235388103635,35.03593257692262],[111.40176556144802,35.0357031075497],[111.40176551645513,35.03570309507949],[111.40176546930574,35.03570308982738],[111.40138614332997,35.03568422210912],[111.40100700316924,35.03570559968747],[111.40072577964881,35.03573671475164],[111.40072574132816,35.03573672208916],[111.40045694727934,35.03580804528352],[111.4002127175774,35.035899410865014],[111.40021268367529,35.03589942539876],[111.40021264980396,35.03589944624199],[111.40021262468652,35.03589946435225],[111.400029866417,35.036050991586876],[111.40002983915163,35.03605101871789],[111.40002981846156,35.03605104582723],[111.39989628069934,35.0362627906877],[111.39975090405225,35.03655505867255],[111.39962986377573,35.03681702517465],[111.3994232022521,35.03707927342697],[111.39925297363281,35.037291118498956],[111.39925295839977,35.03729114108334],[111.3991680052492,35.03743229846753],[111.3991075211436,35.037573360886064],[111.3990468998952,35.03768422781643],[111.39904688905443,35.037684252189074],[111.39899859365336,35.03781520795885],[111.39892616841674,35.037996322275454],[111.3987306537531,35.037966836619994],[111.3985344024797,35.037846782475654],[111.39831357193465,35.03771670704066],[111.39831354007458,35.037716690920576],[111.39831350933227,35.03771667930368],[111.39804393691998,35.03762700865423],[111.39774996638667,35.03754748298653],[111.39749265288076,35.03745777993364],[111.39749261995556,35.037457770126416],[111.39749258704785,35.03745776392463],[111.39702739397727,35.0373888565845],[111.397027350128,35.037388854023874],[111.39671098366426,35.037401074796314],[111.39671093875832,35.037401080351366],[111.3967108927913,35.03740109312083],[111.39652528103744,35.037475540101376],[111.39637165955631,35.03752877580939],[111.39616675585319,35.03759009730988],[111.39599391332557,35.03765395575172],[111.39581472126457,35.03772837889223],[111.39567076561302,35.03778948720137],[111.39550429232685,35.03782957126237],[111.395376185767,35.03784316680039],[111.39524472681714,35.03782514763929],[111.39509705348526,35.037778174130345],[111.39493969053773,35.03772331163723],[111.39493965761274,35.03772330182932],[111.39493961483757,35.0377232947576],[111.39483055618574,35.03771310004217],[111.39465408274796,35.03768466895519],[111.39465404875746,35.03768466546025],[111.39445842608214,35.03767739024309],[111.3942307937787,35.03767813004449],[111.39384995315488,35.037659670967855],[111.39384970325744,35.037659665469405],[111.3937957379972,35.037601709433964],[111.39366903853865,35.037462409929944],[111.39345623350044,35.03722719435613],[111.39334401828748,35.0371051574541],[111.39334398857288,35.03710513141068],[111.3933439511913,35.03710510629347],[111.39316071433112,35.03701784536125],[111.3930799894171,35.03688747304972],[111.39307996736102,35.03688744427731],[111.39307994643966,35.036887423613564],[111.39307992443106,35.03688740475607],[111.39307989913905,35.03688738681059],[111.39307987276842,35.03688737247409],[111.39307983542588,35.03688735546902],[111.39307979482152,35.036887343882746],[111.39307975313855,35.03688733590543],[111.39307971038124,35.03688733243848],[111.39307966764551,35.03688733347828],[111.39307963369426,35.03688733809511],[111.39292015760324,35.03691489844218],[111.39258492237583,35.036994850773986],[111.39247131571022,35.037010990474286],[111.39240976588884,35.03702019513727],[111.39221791534908,35.036996034949055],[111.39221787917145,35.03699603236189],[111.3920261821604,35.036996651857365],[111.39180241915156,35.036877994352274],[111.3915461297048,35.036707567505744],[111.39154609893804,35.036707550478994],[111.39154606159588,35.03670753347345],[111.39154602099183,35.03670752188665],[111.39154597930906,35.036707513908816],[111.39154593655192,35.03670751044131],[111.39154589381627,35.036707511480586],[111.3915458554857,35.03670751701249],[111.39133850147702,35.0367487494291],[111.3913384664513,35.03674875855577],[111.39133842816368,35.036748773101195],[111.39133839099343,35.036748792149865],[111.39133835822395,35.03674881478981],[111.39133832875937,35.036748841024604],[111.39133830368695,35.03674886904794],[111.39133828411123,35.03674890065907],[111.39133827001068,35.03674893135115],[111.39127475505592,35.036931666464206],[111.39111712983006,35.03733998811429],[111.39087850231664,35.03756381025424],[111.39087847507348,35.03756384279134],[111.39083630037288,35.03762708631051],[111.39079962954341,35.03768346527653],[111.3906719285523,35.03773565033358],[111.39040094639762,35.03777481995341],[111.38944272596395,35.037777900131466],[111.38913934004934,35.0377923949579],[111.38913929295508,35.03779240141853],[111.38913925135748,35.03779241146702],[111.38913921306897,35.037792426011734],[111.38913917371447,35.037792446869474],[111.38904358578063,35.03785810637168],[111.38883661761555,35.03797819871],[111.38883658484491,35.0379782213493],[111.38864565453683,35.03815005382266],[111.38834267151498,35.038229873111256],[111.38803973678435,35.038320959524384],[111.3878321755544,35.03829684716182],[111.38756068709563,35.03824363418783],[111.387560648713,35.038243628902194],[111.38756061144755,35.03824362811985],[111.3870496917347,35.03825877953084],[111.38704965449051,35.03825878325514],[111.3870496194509,35.0382587896765],[111.38655496090682,35.038379799092716],[111.38626758309299,35.03844606546343],[111.38626754369501,35.03844607730668],[111.38626751526047,35.038446090016386],[111.38626748793034,35.03844610452531],[111.38626745515879,35.03844612716392],[111.38626742569195,35.038446153397466],[111.38626740497553,35.03844617599769],[111.38625515119267,35.038461987190914],[111.38612511165445,35.038617822628595],[111.38580606578509,35.038735913836796],[111.38567837784319,35.038644036540234],[111.38535761653922,35.03846250918708],[111.38535757700146,35.038462491285244],[111.38535753200524,35.03846247790758],[111.38510180058675,35.038409209385044],[111.38476363083382,35.03830212402594],[111.38436643907585,35.03817718737045],[111.3840400205541,35.03809934649431],[111.38375892105556,35.03803264387159],[111.3834863684158,35.037889310578656],[111.38340189513276,35.03784000663474],[111.38319857729462,35.03772120824866],[111.38319853336141,35.037721187655876],[111.38292549626584,35.03763191073644],[111.38279857216013,35.03758949250002],[111.3819351938877,35.03736912571103],[111.38166349755774,35.037264081245056],[111.38141225267398,35.037143191578274],[111.38131133684317,35.03709618226421],[111.38131130171148,35.03709616885405],[111.38083117734774,35.03695345733793],[111.38057829026714,35.03686295179969],[111.38030496494825,35.03676582522261],[111.37964759279441,35.036508737775506],[111.379647553288,35.03650872618128],[111.37964751160646,35.036508718199364],[111.37964746884987,35.03650871472765],[111.37942347008925,35.03650941537012],[111.37898524947721,35.036544588102934],[111.37889693943174,35.036551622375825],[111.37840173373044,35.03655316860819],[111.37840169977015,35.0365531714182],[111.3782914853722,35.036567035645604],[111.37795469672791,35.03660638983638],[111.3774122629717,35.03660807822975],[111.37707667764616,35.0365843455739],[111.37691785129226,35.036433942270826],[111.37686832098909,35.036386777726925],[111.37673963744444,35.03625647668617],[111.37673961543145,35.03625645602297],[111.37663100914081,35.03617341362162],[111.37649974844871,35.036072437424004],[111.37643501867784,35.03599378718315],[111.37643499776088,35.035993766516505],[111.3764349757563,35.03599374765597],[111.3764349504682,35.035993729706995],[111.37643492410074,35.03599371536686],[111.37643488676198,35.03599369835663],[111.37643485603164,35.035993688536884],[111.37643482531782,35.03599368232258],[111.3764347902246,35.03599367702321],[111.37621209051558,35.03597408594394],[111.37601952171629,35.03595665451559],[111.375189361192,35.03595922424936],[111.37477261189598,35.03597456362148],[111.3744230351506,35.0359863781591],[111.37418330072184,35.035987118579506],[111.37373621810738,35.036029059068696],[111.37338828495312,35.03603463798797],[111.37309801799665,35.03606933228409],[111.37271466033361,35.0360975461699],[111.37258677819176,35.03605871663085],[111.37258673431933,35.036058708653215],[111.37258669156326,35.03605870517902],[111.37258664882765,35.03605870621162],[111.37258660611248,35.036058711751004],[111.37258656451776,35.036058722695195],[111.37258652622707,35.036058737234704],[111.37258649014453,35.036058755372935],[111.37258668183173,35.03605897562037],[111.37275488392183,35.036192754367576],[111.37276519374915,35.03619120388442],[111.37416613672933,35.03722889445755],[111.3746236763554,35.03756778821352],[111.37480945799314,35.03770539288873],[111.37499082736325,35.03783972991929],[111.37501438551972,35.03786589061832],[111.37516449755489,35.03796836406825],[111.37609797832508,35.03897169007925],[111.37705456638407,35.0400681043528],[111.37873729455553,35.04140448336608],[111.37932790931767,35.04173804369452],[111.37964751155752,35.04225878521703],[111.37976346861308,35.042836063703916],[111.37963244215274,35.04389858982268],[111.37945325458377,35.04434635793372],[111.37923047188988,35.045166932548554],[111.37896194171572,35.04589448307024],[111.37885209501363,35.04664017063269],[111.3786302483194,35.04766571060424],[111.3785883714663,35.04841118558273],[111.37866012927839,35.049230839171784],[111.37857233294764,35.04984602192314],[111.37857491347253,35.05040502144883],[111.37857818085406,35.05111308810571],[111.37844429022611,35.05156071200253],[111.37790347611417,35.052214573492904],[111.37754307335162,35.052681535720005],[111.37684491134236,35.05361538565576],[111.37646192056538,35.054101048763826],[111.37592116049831,35.0547735341741],[111.37572909889343,35.05619814278302],[111.3756819022317,35.05635590764948],[111.3757474788913,35.05672347727809],[111.37576495764957,35.05705179433162],[111.37571793889602,35.057248964659664],[111.37573517369148,35.05752474168923],[111.37573613641294,35.05773489451568],[111.37570539377946,35.05799768448448],[111.37565915752764,35.05836560391429],[111.37567585532004,35.058523170841895],[111.37577302239707,35.05881183587285],[111.37583775779065,35.05899552431918],[111.37591859423839,35.059205426889974],[111.37606319950031,35.05938886946457],[111.37619189614443,35.05958549142313],[111.37633680732486,35.05983460366825],[111.37641794296198,35.06011018491377],[111.37641945119266,35.06043854853251],[111.37650022482697,35.06063532152848],[111.37659824178336,35.06110786756376],[111.37671325880156,35.06180365738345],[111.37681085707979,35.06218426315793],[111.37685974710567,35.06239426781408],[111.37695722494067,35.062748604350936],[111.3770231794273,35.06319498455368],[111.37700810844898,35.06339205227361],[111.37701064475189,35.06394370822019],[111.3771731118088,35.06453426747816],[111.37730205885737,35.06478342796914],[111.37747893260712,35.06503243826821],[111.3779114083391,35.06528065310692],[111.37820005298455,35.065516182020424],[111.37844089090763,35.06577812793598],[111.37885770507248,35.06609206090089],[111.37913067827311,35.066393306479945],[111.37949981450889,35.0667599277765],[111.37974035497949,35.06695619568076],[111.38002913253183,35.06721798735169],[111.38026985946505,35.0674536577418],[111.38057461373593,35.067715399793414],[111.38103937356787,35.068029174654235],[111.38135973923154,35.06821205557298],[111.38164852637962,35.068473843272685],[111.38193712741469,35.068696224918256],[111.38228957373127,35.0689052735443],[111.38259415594145,35.06912760322837],[111.383058864639,35.06942823658023],[111.38342784892845,35.06975544199333],[111.3836044447766,35.06993877040255],[111.38383001568965,35.07034523448261],[111.3840716857781,35.07077791744154],[111.38423311279038,35.07113204498714],[111.38439441255154,35.07145990328874],[111.38461894400483,35.07164308001999],[111.38481121348141,35.07176068337462],[111.38501945866324,35.07187823390399],[111.38535601523678,35.07210045677874],[111.3861241194267,35.07236070699068],[111.38703601717933,35.07262049803674],[111.38762802008294,35.07280249411562],[111.38818800606768,35.07297145507162],[111.38855652538868,35.0731935657739],[111.38916494550156,35.07346744458931],[111.38970927368887,35.073702124902006],[111.3899491770896,35.073753890780424],[111.39060597520502,35.07411955232321],[111.39115088027897,35.07447243469439],[111.39164735750693,35.074720393435705],[111.39225604731872,35.07504679540004],[111.39275240437287,35.075268480578025],[111.39358529131246,35.075699226182245],[111.39408165148686,35.075920904959155],[111.39449876664133,35.07627418816567],[111.39478787388528,35.07658848440868],[111.39488494027093,35.07683772564143],[111.39515813485207,35.077165205655085],[111.39541504402732,35.07742706470291],[111.39563974318685,35.07763648773277],[111.39589582619503,35.07772759663653],[111.39639214572846,35.07793613217103],[111.39663206125388,35.07798788469782],[111.39682430244288,35.078092333285404],[111.39695333074616,35.078341471793074],[111.39705040255697,35.07859071477908],[111.3972110692363,35.07877407599537],[111.39761172277946,35.07902232380778],[111.3981722831198,35.07929631292717],[111.39853964640457,35.07926883777181],[111.39889109350449,35.07925454943669],[111.39922739347367,35.07941105716517],[111.39949991406391,35.07959404703277],[111.39975587927452,35.07965887695063],[111.40020325949466,35.079657401419816],[111.40076229121125,35.079616151293514],[111.40108185034062,35.0796150939525],[111.40140198736444,35.07973224865137],[111.40161014988675,35.079823501310905],[111.40215352318664,35.07984797270855],[111.40250548919394,35.07993874597266],[111.40300132309486,35.08004217758955],[111.40354644560064,35.08042127493509],[111.40373928031886,35.08064392075273],[111.40386749655278,35.08072230366907],[111.40455390313747,35.08058866908339],[111.40495315970075,35.080547932520666],[111.4051448935316,35.08054729122856],[111.40548063009571,35.0805855731564],[111.40572055786143,35.08063730849426],[111.40605648700614,35.080714993097935],[111.4067764788625,35.08090959937041],[111.40711280051741,35.0810660895471],[111.40738521239084,35.081222792589614],[111.40761008418217,35.08145846192706],[111.40770666822124,35.081602619517504],[111.40781956305548,35.081812395519165],[111.40786834957646,35.08198298303512],[111.40790141632229,35.08220616297408],[111.40801437790408,35.0824290741129],[111.40803126962048,35.0826129044185],[111.40811214348705,35.08280965227387],[111.40828901894862,35.083032348019636],[111.40851337339116,35.08316293910489],[111.40892888208458,35.08317467514648],[111.40932854258342,35.08321273078561],[111.40974450806871,35.083316403336795],[111.40988936747526,35.083526070219754],[111.41022590304284,35.08372195400175],[111.41038614871492,35.08381335445356],[111.41072248913181,35.08396983351357],[111.41112248379193,35.08407355539632],[111.41137893795816,35.08423030072312],[111.41177899633223,35.08434715667593],[111.41208331927471,35.08449060598659],[111.4124355793477,35.08463388969493],[111.41296374115461,35.08480284279468],[111.4132998298735,35.08490677596966],[111.41371540984947,35.0849316272845],[111.41398751641071,35.085022643958716],[111.414195706228,35.08511387474544],[111.41456421506403,35.08530963536119],[111.41480463321354,35.085453298045074],[111.41518932467389,35.085688405351455],[111.41547774509176,35.08584503517507],[111.41555850902114,35.086015509853326],[111.41559139964598,35.08619928140341],[111.41557641887742,35.08639635436445],[111.41564100242852,35.086527483162115],[111.4156420019046,35.086724498641274],[111.41565917824596,35.08696086442656],[111.41559652977357,35.08721063845905],[111.41548587223079,35.087447445008095],[111.41550278514441,35.08763127488739],[111.41558368088207,35.08782801744182],[111.41587224624875,35.08801091414579],[111.41608097833085,35.088207220563824],[111.41627379870432,35.088416710478306],[111.4164023684404,35.088560751988474],[111.416675091236,35.088769970443124],[111.4168677840976,35.08895319413116],[111.41698171215076,35.08935998099381],[111.41699876255801,35.08957007670974],[111.41712793840045,35.08983232894565],[111.41724099932331,35.090068363585125],[111.41743389731992,35.09029099135046],[111.41746672594063,35.09046162961341],[111.41767560314415,35.090684200156836],[111.41785238767557,35.09088061073664],[111.41796492043272,35.09101157202919],[111.41815707963175,35.09108971917201],[111.41836542366197,35.0912072104887],[111.41873397429602,35.091402961564214],[111.41897394629194,35.09145466939103],[111.41929442047248,35.091624311968],[111.41947074120304,35.09172878015873],[111.41966317705337,35.09185946339945],[111.41975959382795,35.091964206782755],[111.4201287574481,35.092278160496086],[111.4201944321263,35.09261943893627],[111.42016415266946,35.092947908908826],[111.41997386843144,35.0932375319518],[111.41978439392607,35.09368477112509],[111.41957792649853,35.09393504474068],[111.41953079120536,35.09409282256342],[111.41967576217742,35.09431561147603],[111.41977218189658,35.094420355687774],[111.41980495420299,35.094577860541996],[111.419853973298,35.09478784585863],[111.41993434797024,35.094879509052454],[111.42014371486951,35.09519401945705],[111.42030466805465,35.09541674947904],[111.4204494412226,35.095600133291704],[111.42052995225903,35.09571806846851],[111.4206585421144,35.095862103352474],[111.42075483326803,35.09594057883113],[111.4209470752846,35.09603185307688],[111.42125125828149,35.09613587368362],[111.42158699387471,35.0961609751372],[111.42168396251357,35.09637079380796],[111.4217331926381,35.096620182335414],[111.42181397710146,35.09679065058638],[111.4218464793231,35.09689561633625],[111.42181560066561,35.097105880515265],[111.42167291815431,35.09732966819106],[111.42164136266922,35.09740858479235],[111.42153023813945,35.09755345207935],[111.42143536371765,35.09775080489172],[111.42134055640288,35.09796128931383],[111.42122969863154,35.09815869389267],[111.42108674586063,35.098329943289905],[111.42102383114289,35.098527181155504],[111.42102484403598,35.09872420061519],[111.42125000496354,35.09899924653711],[111.42147449142207,35.09914294813511],[111.42158764558366,35.09939211346935],[111.42165238661553,35.09954950290439],[111.42171698716113,35.09968062805122],[111.42182980892306,35.09986412208183],[111.4219597612103,35.10027084313495],[111.42175314769479,35.10049485329023],[111.42153055123912,35.10071891865948],[111.42140499375682,35.1011659321952],[111.42131045282675,35.10142895674272],[111.42121611397376,35.10173138165516],[111.4210736964462,35.10200770694114],[111.42096303413318,35.10224451524046],[111.42067616586999,35.10240312816241],[111.42030971831878,35.10262768669541],[111.42016702220971,35.10285147249221],[111.41994428359035,35.10304926255631],[111.41973745231289,35.10323386612668],[111.4194986608911,35.103418578129954],[111.41932312198607,35.103471726557466],[111.41914812181537,35.10362994528307],[111.41902140432535,35.10385367446873],[111.41899078481826,35.10411647528405],[111.41899300396967,35.10454991346932],[111.41901059755457,35.104865084272724],[111.41901254689081,35.105245983087364],[111.41901395849987,35.10552180594785],[111.41901584068742,35.1058895721458],[111.41901745400698,35.106204798108614],[111.41901886570116,35.1064806245306],[111.4189401607776,35.106717319491466],[111.41895789352806,35.107058758923905],[111.41899133849113,35.107347606504874],[111.41899328793085,35.1077285078682],[111.41880383923261,35.10818887639482],[111.41866153577188,35.108491467438654],[111.41845468793926,35.108676065166435],[111.4185037806416,35.10889918577592],[111.41872815529857,35.10901662422576],[111.41916045007868,35.10915961183512],[111.41938489366214,35.109290181620096],[111.41965728959669,35.10942058409531],[111.41989731071303,35.10947229318587],[111.42008945331045,35.10953730142182],[111.42048938233629,35.109601587003155],[111.42077735626418,35.10965312800818],[111.42104968803646,35.10977039205519],[111.42133793332081,35.10987447098535],[111.4215302121532,35.10996574475103],[111.42191456691128,35.1101088882666],[111.42209106425453,35.11023962075783],[111.42225178280755,35.11040980994145],[111.42253990062834,35.1104876145324],[111.42281318639353,35.11078876103284],[111.42323012383173,35.11104999806058],[111.42350239578361,35.11115412395638],[111.42355204639291,35.11148231899484],[111.42353755652995,35.11177133251864],[111.42353986725227,35.11221790426219],[111.4236850176683,35.11246695612201],[111.42359067530975,35.112769381458726],[111.42359217072195,35.113058339971005],[111.42359373413419,35.113360433724715],[111.42370718790067,35.113662133720624],[111.42380486326024,35.11400329523064],[111.42387124742059,35.114475909245705],[111.42400082992438,35.114803822581365],[111.42403347844031,35.114935056963574],[111.4242423003446,35.11513134512718],[111.42438739003825,35.11536726072478],[111.42446894827114,35.11568220974099],[111.42451792547357,35.11587905611331],[111.42451874303633,35.116036670978154],[111.42455186983928,35.11625984560766],[111.4245847967659,35.11644361175861],[111.42466587978126,35.11666661835649],[111.42476294929963,35.11688956797092],[111.42492389118041,35.117099159028],[111.42519693501843,35.117347760433454],[111.42537310863655,35.11741281433979],[111.42567662646907,35.117372345108315],[111.42622025732265,35.117396702175725],[111.42642860952745,35.117501050544476],[111.4266683900947,35.117500206778836],[111.42717977872935,35.117472132898584],[111.42753158973804,35.117497164430446],[111.42783530836603,35.117496092828894],[111.42841091184076,35.117520328114296],[111.42871524978455,35.11763746423459],[111.4289874773497,35.11772844317038],[111.42922815406737,35.11789834068862],[111.42932509966573,35.118095018738316],[111.42923070305095,35.118384316451845],[111.42918453721099,35.118725978921795],[111.42910592033327,35.118975816010256],[111.42905934048069,35.11923867511904],[111.42914016298015,35.11940913938597],[111.42931662416208,35.11952672749644],[111.42954097556843,35.11963101017144],[111.42978158458344,35.11978777037624],[111.43007036374983,35.11998376471748],[111.43037491937058,35.12014030042876],[111.43053560560885,35.12029734736645],[111.43061698848881,35.120572885188786],[111.43077753664386,35.12070366043344],[111.43095434885132,35.1208869204273],[111.43117911692384,35.12107000326292],[111.43133980873307,35.12122704907828],[111.43169205388814,35.121330871623755],[111.43191620415334,35.1213957459494],[111.43209204935852,35.12139511922141],[111.43244352711515,35.12135446115041],[111.43276290055071,35.12128764935373],[111.43309811691303,35.121194510069934],[111.4334177663486,35.121180232036885],[111.43378537299712,35.12116578064126],[111.43424875365743,35.12112471681372],[111.4345524146404,35.12111049577303],[111.43500001719447,35.12110889024619],[111.4354161407101,35.12119933722304],[111.4354170493087,35.121370084237114],[111.4352911890951,35.12175144233849],[111.43527687902306,35.12206672602043],[111.43532602483599,35.12228983803776],[111.43540728387616,35.122539101999365],[111.43544030775587,35.122736004537444],[111.43540966030807,35.12298567315385],[111.43513908465968,35.123209935115874],[111.43499590517003,35.12334179378316],[111.43472497498595,35.12350038327356],[111.43437439023869,35.12371179409468],[111.43405563695895,35.123896822590254],[111.43370470503564,35.12404255900294],[111.43338587935882,35.12421444963136],[111.43316318160566,35.124425399604874],[111.43294020360635,35.12458381372297],[111.43265376611407,35.1248343950005],[111.43225528114964,35.12505910702579],[111.43192115746994,35.12536239306197],[111.43169872895504,35.12562587941468],[111.43147657609238,35.1259419017094],[111.43128646871135,35.12627094412006],[111.43087080687519,35.12627242249162],[111.43050221123298,35.126102980290966],[111.43011817844334,35.12603867092959],[111.42979844474735,35.12603980515769],[111.42938368128972,35.126212029032786],[111.42906449686744,35.12631823586461],[111.42871278514943,35.12631948043222],[111.42845678782996,35.12628098107946],[111.42826487539078,35.126268523882786],[111.42802486412039,35.126229968030415],[111.42759287448392,35.126165820012126],[111.4272250416033,35.12614084891074],[111.42695429258387,35.1263388213884],[111.42671531262306,35.12649728043534],[111.42649231638441,35.12665567826033],[111.42626959414767,35.126866616559006],[111.42619054912957,35.12703764382385],[111.42596789237722,35.12726171679261],[111.42566543593104,35.127512337854014],[111.42533189232161,35.12793381652506],[111.4251727004912,35.128065723369964],[111.42499827267183,35.128342161772416],[111.42483915210708,35.12848720158198],[111.42466458701792,35.128737374463675],[111.42449008900044,35.12900067690299],[111.42441097009873,35.129158570472626],[111.42441301449144,35.1295526036128],[111.42466976920385,35.12973558530914],[111.42484645221289,35.12989258346029],[111.42494340183323,35.130089264599576],[111.42500837345868,35.130286055092505],[111.42507328264168,35.13046971301118],[111.42512240704984,35.13069282721356],[111.42512384061116,35.130968652301895],[111.42509302229406,35.13119204598772],[111.42495022649105,35.13140270409738],[111.4248552526276,35.13158692259449],[111.42479259951655,35.13183669688115],[111.4247300780822,35.13211274607528],[111.42461918640832,35.13231015290159],[111.42454026585874,35.13250745033564],[111.42447774745249,35.13278349575801],[111.42444720378296,35.133059429157875],[111.42444822621398,35.13325644650453],[111.42454565180294,35.13354506710602],[111.42469125300825,35.13387292334206],[111.42480481157324,35.134187756255834],[111.42495082115236,35.134594415271486],[111.42498382068354,35.134791321329544],[111.42503362908515,35.13514578114371],[111.42495628098476,35.135645168635826],[111.42492526025563,35.13582916280401],[111.42491063424168,35.13609190402329],[111.42502481228128,35.13652494619795],[111.42517014330744,35.136800266262654],[111.42525166285394,35.13710207464405],[111.42533310922248,35.137390750474424],[111.42535087224698,35.137732187023815],[111.4253044112795,35.13802131261859],[111.42538613429184,35.13836252824491],[111.42543587952802,35.138703851554816],[111.42543704122389,35.13892713728298],[111.4254377245674,35.13905847933314],[111.42537506338455,35.13930825726208],[111.42531206353809,35.139492363668445],[111.42523347943549,35.139755332827065],[111.42523443570985,35.13993921564208],[111.42523566519542,35.14017563201805],[111.42528438628737,35.140319942702256],[111.42534923376697,35.14049046492249],[111.4254298661191,35.14062152899437],[111.42549471085525,35.14079205113597],[111.42555956024972,35.140962572319395],[111.42560800891603,35.141054343883255],[111.42567258634911,35.141172328733155],[111.42570531579129,35.141316694491316],[111.42567839730141,35.1414492051587],[111.42565178716258,35.14157814987968],[111.42562503223532,35.141679085528324],[111.42555744317909,35.14179697032071],[111.42546930512927,35.14189812148141],[111.42521345691834,35.14205396044092],[111.42483044718583,35.14219978361753],[111.42455923035006,35.14231894670753],[111.42425623726605,35.142477624031116],[111.42401720078372,35.142636075019745],[111.42377864542946,35.142886470054094],[111.42361949353369,35.14303150362778],[111.4234768063262,35.143268427452114],[111.42327179067964,35.14382079565806],[111.42319428708865,35.14429391377604],[111.42321238296473,35.1447010253414],[111.42321381080711,35.14497684625381],[111.42318285080658,35.145173971327274],[111.42313664575765,35.14551563477819],[111.42310629718646,35.14583097017944],[111.42288392100225,35.14612070863034],[111.4227098561305,35.146475949842376],[111.42269583817628,35.14685690162759],[111.4225382348934,35.14730402946889],[111.42257211671755,35.1476716805325],[111.42259055319595,35.14814445976474],[111.42260878730899,35.14857783791734],[111.4225797225403,35.14914272975567],[111.42279019391925,35.14964110708326],[111.4228711711249,35.14983784580825],[111.42293710542882,35.15021851745008],[111.4229540506157,35.15040234327248],[111.42297187837131,35.15075691465203],[111.42297351073255,35.15107213901379],[111.42299079167246,35.15132163618179],[111.42292825320774,35.151597680091115],[111.42270606471381,35.151926823574385],[111.42206849134782,35.15233621686576],[111.42173380925462,35.152560671594934],[111.42141512279437,35.15278506976482],[111.42109724226272,35.153167077477335],[111.42082692938999,35.15347011029622],[111.42033286237123,35.15380019067227],[111.41995006112012,35.15399853837219],[111.4195191397629,35.15417078067377],[111.41934437388315,35.154394674970874],[111.41916986882656,35.154671104325345],[111.41912418528487,35.15511783551207],[111.41912620615294,35.15551186722938],[111.4192874780911,35.1557740019898],[111.41946461214049,35.15600980989761],[111.41956171535341,35.156232762002865],[111.41973831041533,35.156363498952715],[111.41999520821867,35.15655962529073],[111.42031621455,35.15678180129084],[111.42074923444962,35.15701671927584],[111.42087860309924,35.157292098913935],[111.42089614975853,35.15759413140797],[111.42113780697427,35.15793479217599],[111.42168319771262,35.15824812486933],[111.42214828666005,35.158496061529824],[111.42246944335652,35.1587444992688],[111.42282292603456,35.15905849579344],[111.42292004318523,35.15928144409957],[111.42306711186455,35.15988512176187],[111.4229731902981,35.16027948713318],[111.42310318052098,35.16067306973587],[111.423185732149,35.16117189559504],[111.42336370596789,35.16156531113331],[111.42339725775571,35.161867287986205],[111.4233998442621,35.162366392129385],[111.42332252911135,35.16287891084085],[111.42345272952153,35.163311897398735],[111.42353392427471,35.16354803516915],[111.42343966494654,35.16387672944043],[111.42323350568981,35.16421894638431],[111.4230437526106,35.16463991796932],[111.4229817453602,35.16502103622656],[111.42277578966026,35.16540265687497],[111.42261863104248,35.16594172248002],[111.42262053476658,35.16630948392858],[111.42265490144074,35.16676907343605],[111.42265707612034,35.16718937088982],[111.42237079517925,35.167505598588285],[111.4221322986877,35.167782258379006],[111.42215005957578,35.168123693722706],[111.42199187174135,35.16846574479604],[111.42197703238098,35.16868908163023],[111.42176983663313,35.16883428420338],[111.42151459128742,35.168966519151525],[111.42125921073122,35.1690724850872],[111.42103635933121,35.16928341230583],[111.42094113480017,35.16942822333063],[111.42071814630924,35.16961288239243],[111.42055893409974,35.16975791532818],[111.42031974791713,35.16990322557118],[111.42011268563648,35.170074692879744],[111.41993741180312,35.17020664442299],[111.41982604832336,35.170325243368296],[111.4196670388996,35.17050967873484],[111.41955689015944,35.170864692776874],[111.41938276246728,35.1712199282195],[111.4192404179609,35.171535649996265],[111.41904954606181,35.17174646283308],[111.41881068813821,35.171957441281855],[111.41842793199689,35.17218205267299],[111.418172600217,35.17230114639367],[111.41777364546888,35.17248640733309],[111.41750258775777,35.172658089942836],[111.41724812767242,35.17294792767778],[111.41699326449397,35.1731589576597],[111.41672226883823,35.173343774572814],[111.41653125113335,35.173528313184306],[111.41632430564269,35.173726044306726],[111.41600592474519,35.174029234450344],[111.41575165238139,35.1743584681524],[111.41556063452228,35.17454300792303],[111.41540120312963,35.174648631388784],[111.41519365106562,35.174728151569234],[111.41498629992161,35.17484707319551],[111.41466743733135,35.17505831750161],[111.41449220958773,35.175203398135345],[111.41422160449996,35.175467013072335],[111.41396765780738,35.17586191689269],[111.41401664296447,35.176058770002676],[111.41420953768605,35.17624199389299],[111.41437050336624,35.17643846025811],[111.41462751764064,35.17664773301882],[111.41485254421018,35.176857117486385],[111.41507729826635,35.17701396011667],[111.41525413186055,35.1771841028773],[111.41543076572104,35.1773148417823],[111.41560773551386,35.17751125426391],[111.41568838727329,35.177642324781715],[111.41580130168721,35.17782581871641],[111.41583370011841,35.17790451513518],[111.41591482094341,35.1781275241717],[111.41594728321145,35.178219352989224],[111.41609293150543,35.17854721682743],[111.41615765385333,35.178691475277816],[111.41623871489314,35.178901348912675],[111.41633557038986,35.1790717639335],[111.41648021246603,35.17920261481283],[111.41656053225552,35.17926800997345],[111.41667312017515,35.1793858345948],[111.41678563478334,35.17949052400649],[111.41693041792395,35.17964763734474],[111.41710699272468,35.17976524127834],[111.41742794883011,35.17996115235612],[111.41774883488768,35.1801439301654],[111.41779777008533,35.18032764458459],[111.41781511285478,35.18059027646191],[111.41781638993693,35.180839828395506],[111.41783366237577,35.18108932514028],[111.4179791217287,35.18137778291807],[111.41806018578991,35.181587656106124],[111.41807712722786,35.18177147718415],[111.41799834933487,35.1820081727262],[111.41796749373941,35.182231567497496],[111.41790478232389,35.182481340161445],[111.41779373537499,35.18266560459642],[111.4178426711643,35.18284932251891],[111.41801965774101,35.18304572757159],[111.41818038140414,35.1831896534374],[111.41832510106724,35.18333363346012],[111.41840617239653,35.18354350541262],[111.41848750798778,35.18380591596084],[111.41850485052244,35.184068544875416],[111.41856965333291,35.184225936038644],[111.41868285291073,35.18446196471209],[111.41876439356868,35.184763778540876],[111.41882987022707,35.18505251160795],[111.41883196038843,35.185459672886736],[111.41891431147255,35.185919096106545],[111.41899693319334,35.186431057844025],[111.41907861190876,35.186759137943135],[111.41914422734098,35.187074140026645],[111.41916231912509,35.187481248482804],[111.41919600305114,35.18780949544101],[111.41919714977267,35.18803277593017],[111.41908596237671,35.1881907766248],[111.41892698539358,35.18838834312369],[111.4187838022918,35.18854645330509],[111.41868854724153,35.1886912622991],[111.4186092931043,35.188836015910475],[111.41864264187527,35.189098591960665],[111.41854765644608,35.189295936722],[111.41842026820558,35.18941458858016],[111.41818027740581,35.189415418393885],[111.41786110095518,35.18957413143201],[111.4178618406616,35.18971861211596],[111.41779938794961,35.19002092036195],[111.41772080428755,35.190297015344875],[111.41757761443078,35.19045512499516],[111.41737089766526,35.19070539261767],[111.41719584398197,35.1908898795736],[111.41710105437821,35.19112662576883],[111.41689466993142,35.19144256445208],[111.41671988077249,35.19167958930405],[111.41652916014488,35.19192979771174],[111.41630643674813,35.192180119434795],[111.41605144353112,35.192378014811],[111.41579664654434,35.19261531315],[111.41544572294566,35.1928266700986],[111.41512679070013,35.193037915469525],[111.41458359091993,35.19319738846644],[111.41408879203425,35.1934355045918],[111.41352972284743,35.19362129507532],[111.41318126792738,35.19392581554545],[111.41256464709055,35.194198483131984],[111.41220696406796,35.194348508971125],[111.41196410830564,35.194393303054916],[111.41178296718714,35.19442097485119],[111.41161018590576,35.194472292733316],[111.41150325513799,35.19450985831414],[111.41132219884662,35.194554442001895],[111.411215232655,35.19458524374397],[111.41107947716414,35.19462628958009],[111.41100135330804,35.19465698961857],[111.41092737992739,35.1946944455375],[111.41086164594387,35.19473187075342],[111.4105739316448,35.19486812786041],[111.410019501306,35.19522173789406],[111.40992935589298,35.19532012220057],[111.40975790987574,35.19563861547325],[111.40957290263349,35.195867611893526],[111.40960602326852,35.19609078682818],[111.40965514573084,35.1963139085158],[111.40970479713377,35.19664210013551],[111.40973811743072,35.19690467848566],[111.4097711070328,35.197101582236684],[111.40977196454192,35.19727233127811],[111.4097731518428,35.19750874677981],[111.40969387342722,35.19765349451338],[111.40961472770404,35.19782451057754],[111.4096002411865,35.19812665386345],[111.40963442234015,35.1985599775677],[111.40966747836322,35.19877001818605],[111.40976480593368,35.19903237537076],[111.40981373386329,35.19921609429549],[111.40987879182249,35.199426025622],[111.41005586284925,35.199635581254356],[111.41020112930504,35.199884640385],[111.4103943994471,35.200133543859074],[111.4105556052877,35.200369417710554],[111.41065280545469,35.200605507510105],[111.41078187458545,35.20081522209786],[111.41081519908845,35.201077799939114],[111.41072130512624,35.201498421332595],[111.41072262762695,35.20176110771184],[111.41075595343668,35.202023681918014],[111.41083754919426,35.20233863537397],[111.41114330834652,35.20267909304747],[111.41144820558416,35.202848805587],[111.41181724189947,35.203044569842945],[111.41189791543515,35.203175639489515],[111.41205319584691,35.20335056435415],[111.41224056740207,35.20357228396695],[111.41242784411402,35.203775476450396],[111.41252994997714,35.20387704192943],[111.4126262678133,35.20395083676922],[111.4128428469342,35.204367017538324],[111.4130470369079,35.204565520247876],[111.4131773602682,35.20466698800158],[111.4132963524731,35.20475923206731],[111.41339295813634,35.20488861124517],[111.4134838234953,35.20499948009403],[111.41359761941408,35.20517975883743],[111.41375113560078,35.20540159255567],[111.41386502229115,35.205600398767196],[111.4139768368845,35.20605813496884],[111.4140095739821,35.20620250230105],[111.41412299602524,35.20647794125597],[111.41430062158425,35.20679256090603],[111.41446218681668,35.20709409905298],[111.41462341394255,35.20732996885968],[111.41473683854312,35.207605403561615],[111.41481812143819,35.2078546803794],[111.41481925704437,35.20807796385787],[111.41482099385695,35.20841945208516],[111.41469490732182,35.20880078673215],[111.41458455229025,35.20912952349512],[111.41455428309213,35.209471125764686],[111.41455608566034,35.20982575078831],[111.41457502873008,35.210403602585615],[111.41462417485826,35.21062671706689],[111.41465718215247,35.21082362342788],[111.41480187835644,35.21095447164989],[111.41499412294554,35.21099321693359],[111.41497938827963,35.21124282255701],[111.41490071183154,35.211505782586634],[111.41472647120183,35.21186100972077],[111.41461611669452,35.21218974996447],[111.41461805326549,35.21257064223156],[111.41492479921442,35.21309496845164],[111.41503903524418,35.213528015061705],[111.41518514234177,35.2139346825801],[111.41536272602363,35.21423616868433],[111.41550857161842,35.21459029824158],[111.41576591088368,35.21483896615274],[111.41624630713365,35.2148898547876],[111.41656686019344,35.214980695621165],[111.41685480561502,35.214953433088255],[111.41720656373985,35.21488654866579],[111.41789622701118,35.21517312908828],[111.41801000717781,35.2155142300327],[111.41807591215506,35.21588176943304],[111.41823737051601,35.21615703360338],[111.41846257931886,35.21637954152599],[111.41855934991419,35.216523686897624],[111.4186403164546,35.21670728995034],[111.41872114844445,35.216864621060886],[111.41897782978488,35.21698194417207],[111.41923478200354,35.217151805077904],[111.4195401601898,35.21740030203778],[111.41981460519922,35.217859055369],[111.41994825932701,35.21894874966451],[111.41999999673942,35.21967096654926],[111.42000243266128,35.22014379878301],[111.42000486971965,35.22061662737048],[111.42007132836807,35.22108923829542],[111.42016932158026,35.221469796477976],[111.42031520127279,35.221823922289865],[111.42050937110403,35.22223041399787],[111.42065450811248,35.222440060390525],[111.4208160561746,35.22272845659581],[111.42112172723105,35.223029487455804],[111.42142631409364,35.223120367103384],[111.4218744757324,35.22311880613754],[111.42213166182577,35.22332806017854],[111.42219738356036,35.22365619254911],[111.42240702648407,35.223957554956506],[111.42268049169894,35.224219286591335],[111.42298617523983,35.2245203125817],[111.42314698570097,35.224664229347795],[111.42327572071352,35.224795122799996],[111.42336338281065,35.22495001016244],[111.4237434323716,35.22487063235554],[111.42389618718954,35.224979365398255],[111.42416250608773,35.22497843254331],[111.4246374239295,35.224851886680256],[111.42499845272029,35.22477257345983],[111.42530200110383,35.22461540764235],[111.42549182545959,35.22453669161541],[111.42581406698864,35.22431702197281],[111.42594575763853,35.22403557983937],[111.4260398100355,35.22383232170586],[111.42617223582074,35.223691365252776],[111.42638042165504,35.22348770499601],[111.42674152107818,35.22342399397155],[111.42714099439671,35.22342258512423],[111.42759868338621,35.22363950865025],[111.42818887031981,35.223731080962274],[111.42868403231721,35.22383859726327],[111.42927372972841,35.22383650670279],[111.42990255029392,35.224037201473145],[111.43077874390006,35.224252626873415],[111.4311983981969,35.22446966844312],[111.43167487581982,35.224639677638905],[111.43218948172714,35.22482515735606],[111.4329138400862,35.225103547818904],[111.43321862306567,35.22518050551643],[111.43396109742908,35.22528711393886],[111.43464600140815,35.22530026706162],[111.4351980007333,35.22536072245707],[111.43561633979519,35.22532799803041],[111.43605277907147,35.22512349967834],[111.43633678672326,35.224872717398036],[111.4365629701223,35.22448165905495],[111.43669453908463,35.224184599084126],[111.43676719962401,35.22354433146499],[111.43653633850734,35.22306126193899],[111.43636363507167,35.222780906717766],[111.43590417510745,35.22223621835173],[111.43540767859912,35.22187898090599],[111.43515897751733,35.22161450573287],[111.43489000529964,35.221115961309785],[111.43471755920322,35.220882431002245],[111.43471589447891,35.220570242818226],[111.43486531959451,35.22005458116558],[111.43488217697731,35.219648663458656],[111.43489986580357,35.2193988434572],[111.43478398910798,35.21907145238463],[111.43470590549548,35.21869709895661],[111.43455223416393,35.21841667165191],[111.43449333938727,35.21807346895311],[111.43460546909988,35.217698428979794],[111.43473745618098,35.217479418350685],[111.43494427134694,35.217025989856225],[111.4350942729275,35.216619593517706],[111.4351870443926,35.21618218740962],[111.43526029361568,35.21565118928007],[111.43531560519884,35.21532318113307],[111.4354475010339,35.21508856054168],[111.4355604562088,35.214869618295914],[111.43610988090045,35.21446178296999],[111.43647043009115,35.21430438556386],[111.43671677421342,35.214131787832585],[111.43683005804508,35.21397528101413],[111.43717116990416,35.213739903479876],[111.43739815403029,35.21350493374078],[111.43751118664038,35.21330159791884],[111.43743318007257,35.21294285599882],[111.43788840499472,35.21270706048108],[111.43828740244352,35.21262756677879],[111.43870525500213,35.2125167854336],[111.43916080897827,35.21234342357232],[111.43969243735383,35.2121697864556],[111.44009135051722,35.21207467856854],[111.44066042328228,35.21179163309881],[111.44123017208729,35.21163345634223],[111.44183736506952,35.211365876777954],[111.44217861636258,35.21116170353272],[111.44278563427598,35.2108628991385],[111.44324091569865,35.21064269366663],[111.44396204152696,35.21034346198952],[111.44430345326866,35.210170502886996],[111.44464520725839,35.210059979397876],[111.44542363593268,35.20980736145402],[111.44568981921597,35.20979077246135],[111.44627864823809,35.20964811210627],[111.4467715221123,35.20934970841739],[111.44731888894053,35.209317930492496],[111.44753957642251,35.209192697188506],[111.4477697574994,35.20864981811246],[111.44792064618233,35.20829394695405],[111.44796445408416,35.20819061985315],[111.44809231278471,35.20697557863527],[111.44843493279464,35.20611748418832],[111.44845262032854,35.206073180745186],[111.44845994753906,35.206054831098044],[111.44918085206763,35.205518256235806],[111.44919330264446,35.205508989303866],[111.44926929441479,35.20545242928374],[111.45023089812607,35.204955379191],[111.4509294501692,35.20442772910726],[111.45107757939324,35.20429401828324],[111.45137814378167,35.20402270606202],[111.45201281945857,35.20336912131925],[111.45264071137112,35.20272715346274],[111.45295737635927,35.20240338379487],[111.45375736236242,35.201733399629006],[111.45451106006298,35.201484898178265],[111.45474591689143,35.20140745897254],[111.45612615340032,35.20116566676682],[111.45724480614155,35.201154698570235],[111.4573442656982,35.20120054116924],[111.45776363333455,35.20139383877584],[111.45794809600261,35.201733399449296],[111.4580294943528,35.20201739970592],[111.45804680724382,35.202077804459755],[111.45817789014659,35.202442364408746],[111.45833382599102,35.202833865017276],[111.45857437028283,35.20313716671877],[111.45876101671965,35.20349700880018],[111.45871616308105,35.20406277528001],[111.45844611879939,35.20474206150759],[111.45818208678351,35.205635393311255],[111.45817958110379,35.205691957564554],[111.45813882557322,35.20661128696005],[111.45829108840091,35.207190245386826],[111.4582945312148,35.207203335176835],[111.45854632299267,35.207427714881945],[111.4588888053031,35.20754584349814],[111.45945051801088,35.20746935887155],[111.45957139127442,35.207442842329705],[111.46012987666124,35.207320319006136],[111.4602552972265,35.20732243097727],[111.46026391658681,35.20731671795093],[111.46056759582383,35.20720629161554],[111.46087083764542,35.20701782071741],[111.46105943372166,35.20673612713539],[111.46113409496644,35.20648608342457],[111.4613609068102,35.206235462720464],[111.46173977067481,35.20596865238916],[111.46188917559064,35.20548417678065],[111.46192562102553,35.205203058499755],[111.46200001305387,35.20490618956298],[111.46218727813577,35.20439034923376],[111.46239496957008,35.20412419006248],[111.46258364337726,35.203858100478705],[111.4630181309306,35.20334131409381],[111.46343501143063,35.203074353029116],[111.46402207310133,35.20263502809492],[111.464476539627,35.20228986938015],[111.46456602667466,35.201306104574684],[111.46420176514309,35.20079237559976],[111.46391384720161,35.200325185925905],[111.46396796738784,35.19980985255708],[111.46419279500583,35.1992158166024],[111.46436128280293,35.19874687383076],[111.46460627624025,35.19835568646023],[111.46487028224207,35.19796442829648],[111.4650962583262,35.197573312906606],[111.4653593904204,35.19710476314498]]],[[[111.4602552972265,35.20732243097727],[111.46012987666124,35.207320319006136],[111.45957139127442,35.207442842329705],[111.45945051801088,35.20746935887155],[111.4588888053031,35.20754584349814],[111.45854632299267,35.207427714881945],[111.4582945312148,35.207203335176835],[111.45829108840091,35.207190245386826],[111.45813882557322,35.20661128696005],[111.45817958110379,35.205691957564554],[111.45818208678351,35.205635393311255],[111.45844611879939,35.20474206150759],[111.45871616308105,35.20406277528001],[111.45876101671965,35.20349700880018],[111.45857437028283,35.20313716671877],[111.45833382599102,35.202833865017276],[111.45817789014659,35.202442364408746],[111.45804680724382,35.202077804459755],[111.4580294943528,35.20201739970592],[111.45794809600261,35.201733399449296],[111.45776363333455,35.20139383877584],[111.4573442656982,35.20120054116924],[111.45724480614155,35.201154698570235],[111.45612615340032,35.20116566676682],[111.45474591689143,35.20140745897254],[111.45451106006298,35.201484898178265],[111.45375736236242,35.201733399629006],[111.45295737635927,35.20240338379487],[111.45264071137112,35.20272715346274],[111.45201281945857,35.20336912131925],[111.45137814378167,35.20402270606202],[111.45107757939324,35.20429401828324],[111.4509294501692,35.20442772910726],[111.45023089812607,35.204955379191],[111.44926929441479,35.20545242928374],[111.44919330264446,35.205508989303866],[111.44918085206763,35.205518256235806],[111.44845994753906,35.206054831098044],[111.44845262032854,35.206073180745186],[111.44843493279464,35.20611748418832],[111.44809231278471,35.20697557863527],[111.44796445408416,35.20819061985315],[111.44792064618233,35.20829394695405],[111.4477697574994,35.20864981811246],[111.44753957642251,35.209192697188506],[111.44731888894053,35.209317930492496],[111.44903193890238,35.209218460126685],[111.45108671062452,35.20894346062745],[111.45125718908183,35.20881794702485],[111.45146510469382,35.208583022892014],[111.45172981287116,35.20830105905573],[111.4521469278859,35.2080653548763],[111.45254545959648,35.20790776600743],[111.45296274799446,35.207703278188326],[111.45330438962964,35.20757712125709],[111.4537024814576,35.207341483840764],[111.45423430646949,35.20721461240665],[111.45478628268457,35.20729058861266],[111.45501511590494,35.20739899689495],[111.45541485782596,35.20745993276003],[111.45589032317176,35.20745814348705],[111.45678411826646,35.20743916544409],[111.4572976187154,35.20743722624854],[111.457773438632,35.20749786786541],[111.45813532188288,35.207590157675675],[111.45834496442657,35.20766741243962],[111.45863085821728,35.20777559784539],[111.45891648927613,35.207836954305634],[111.45925839016179,35.207757612493765],[111.45990414788088,35.207599060573],[111.46007443594455,35.20744231640614],[111.4602552972265,35.20732243097727]]],[[[111.4705442111623,35.183370818953094],[111.47022638536814,35.1834474580955],[111.46985140857454,35.18351200484055],[111.46962288650222,35.18362781634073],[111.46956608068477,35.183662847467374],[111.46932134852327,35.183813769176],[111.46893418468456,35.18389564812394],[111.46885461683316,35.183912474230695],[111.4682033973413,35.18378654262647],[111.46725814055517,35.18348146673815],[111.46683420891831,35.18340852592368],[111.46645108439695,35.18334260298714],[111.46603140302184,35.18362815337303],[111.46568146494347,35.1841542738078],[111.46561366127078,35.1842562090158],[111.46470942202288,35.185129475271644],[111.46351837953428,35.18600836377239],[111.46342480905625,35.18607412079003],[111.46268658160626,35.186592905142376],[111.46232477684593,35.186925529555815],[111.4622128464435,35.186988266808186],[111.46183499761828,35.187200059797995],[111.46079427879867,35.187368524911506],[111.4605895681455,35.18757678076289],[111.46014949697384,35.18802444931597],[111.46054717789923,35.189307371264704],[111.46111515571425,35.190483738842154],[111.46168215164948,35.19172545021391],[111.46243971365799,35.19316923995103],[111.46253327786219,35.19329782991153],[111.46305943782099,35.19402091218702],[111.46323665832772,35.19417707287501],[111.46339808891796,35.19431932287866],[111.46359624526907,35.19465206823761],[111.46375226414116,35.19505707856958],[111.4637760006296,35.19509036625431],[111.46409678337136,35.195540240348],[111.46462444587274,35.19600692683132],[111.46507858963261,35.19633868990292],[111.46530757673285,35.19666004619145],[111.46530875787691,35.19667018808364],[111.4653593904204,35.19710476314498],[111.46535981544964,35.19710400708666],[111.46550971749956,35.19671318230575],[111.46573702356267,35.19655621082851],[111.46642160009466,35.19655357602748],[111.46714465904871,35.19662883809602],[111.46809564426347,35.19665638388524],[111.46851418025513,35.19668598517884],[111.46912287660392,35.19671484760141],[111.46971336748604,35.19688426644753],[111.47026483309303,35.1968821261501],[111.47064551848068,35.196943086897264],[111.47113993833463,35.19694116430961],[111.47191960166302,35.196938127528945],[111.47243258851825,35.19685807814599],[111.47298333425744,35.19673104980359],[111.47378119641877,35.19658744201928],[111.47381741593794,35.19627510186493],[111.47389103161345,35.19585334994061],[111.47388930918906,35.19555676767473],[111.47388740548641,35.1952289662534],[111.47390469838525,35.19493231315021],[111.47397849379144,35.194541776631404],[111.47380526952057,35.19418342841822],[111.47357518187629,35.19385652036722],[111.4732683961329,35.193420646161556],[111.47296098479097,35.19287550090032],[111.47200367699358,35.18895147771232],[111.47186124710298,35.18787131370666],[111.47178658735963,35.18673498571676],[111.47157693733007,35.18580414639862],[111.47108988982676,35.18399863118006],[111.47074623377425,35.18344097434204],[111.4705442111623,35.183370818953094]]]]},"properties":{"code":"SXNR-N06","name_short":"太宽河","name_full":"山西太宽河国家级自然保护区","zone":"experimental","area_km2":85.984,"feature_count":3}}]}