{"type":"FeatureCollection","features":[{"type":"Feature","geometry":{"type":"MultiPolygon","coordinates":[[[[111.94028868182889,38.75014559890317],[111.94087455937968,38.74991730343676],[111.94108717747403,38.74991559174508],[111.94149737165372,38.74989154953823],[111.9421426294566,38.749616736475645],[111.94294336013225,38.74908142181663],[111.94317746398417,38.748758070804804],[111.94346583438944,38.74813665752139],[111.94373943785565,38.747901278111684],[111.94419167141656,38.747575874500825],[111.94475400650369,38.747290424589046],[111.94520231829799,38.74690036952007],[111.94611823949839,38.74667014324536],[111.94802377570949,38.74659013076872],[111.94857594026803,38.74621828022205],[111.9502631384501,38.74606806788462],[111.95169583341449,38.746242438665895],[111.95266662381464,38.746525800003866],[111.95458757916619,38.74696710518215],[111.95681157503385,38.747139589762995],[111.95830077874437,38.746984389990956],[111.95886282089263,38.74670380844528],[111.96060222444245,38.74729218706578],[111.96226799077475,38.74720169700566],[111.96374178689001,38.74741992537198],[111.9646789172772,38.74783454112115],[111.96482294099746,38.74807229314672],[111.96554204474964,38.74825572921859],[111.96647085307646,38.74833239991392],[111.96727189161565,38.74844023301372],[111.9677049089277,38.74867229803875],[111.96847174851305,38.74879387186398],[111.96908193742932,38.74877534856958],[111.96978037062777,38.74892441171771],[111.97036463002847,38.74932245896711],[111.97120248546629,38.7495184777773],[111.97214279269289,38.7494941539626],[111.97316044718356,38.74912818533304],[111.97401010566148,38.74898580200352],[111.97481544015838,38.74907864489922],[111.9754897991253,38.74943052072631],[111.97661837062286,38.74961176387005],[111.97813915489812,38.749757617725336],[111.97891792241172,38.74973552884035],[111.98038515010256,38.74930853148921],[111.98151030334235,38.74888467071348],[111.98209596538095,38.748687777737004],[111.98268056917654,38.74841409789381],[111.98291639560235,38.74833969547242],[111.98297010521372,38.74803718980522],[111.98272110232944,38.74763411487911],[111.98262523665466,38.74730125373865],[111.9828634548228,38.74691791598505],[111.98294821171284,38.746440535531896],[111.98288310312728,38.746131247963234],[111.98248195760071,38.74572945251117],[111.9817712963673,38.744948920733314],[111.98139700536042,38.74428472753754],[111.98102533020995,38.74381117865014],[111.98071582108525,38.7434324416468],[111.98043576711486,38.74298195502626],[111.98039328231255,38.74210047501122],[111.9805677056382,38.741503176033554],[111.98096094422301,38.74115005891385],[111.98095258748633,38.74114428564291],[111.9809516713353,38.74114365197137],[111.98057040739172,38.74088026318411],[111.9805587322008,38.740872197296184],[111.979035552244,38.73827718091494],[111.97892303417686,38.73808547735149],[111.97863612288135,38.737647810146946],[111.9781461094293,38.736900307342324],[111.97752881945759,38.7354495059694],[111.97743877884695,38.73523788023009],[111.97733998191892,38.73357036388281],[111.9756285201637,38.73078422646591],[111.97435410816568,38.72813983542158],[111.97435371412739,38.72813901808727],[111.97427959515046,38.72798521271312],[111.9741413157125,38.727698272097804],[111.97342851490308,38.72561877861276],[111.97322317556134,38.724836021521135],[111.9728670532186,38.723478436040125],[111.97286689164318,38.723466520840404],[111.97284685780183,38.721989007950974],[111.97284669623835,38.72197709274814],[111.97374232114078,38.720718376376624],[111.9754784873657,38.71975056459227],[111.97623329044843,38.71932717777399],[111.9763018268968,38.71892039783183],[111.97584430297137,38.71868691891329],[111.97348604714715,38.71864699374292],[111.9711156735276,38.718536470846956],[111.96914816238562,38.718444695200276],[111.96879090750063,38.71828249350623],[111.96669942078326,38.717332872861924],[111.96493355378715,38.716096199882074],[111.9637102775798,38.715582152582066],[111.96340387123792,38.71545339022897],[111.96110740587,38.71434019441292],[111.95897582705202,38.714178944590714],[111.95656019729905,38.71422107746515],[111.95359335524078,38.71415593412195],[111.95264242908357,38.71413389524151],[111.95232956527197,38.71348101959833],[111.95233119504252,38.71347283433643],[111.95257910577719,38.712227722303446],[111.95287259063744,38.71142094748149],[111.95369556854847,38.71040131153911],[111.95418387784196,38.70995044694039],[111.95429080681905,38.70941331796275],[111.9542901009907,38.70940415635642],[111.95424486800398,38.7088178536361],[111.95351341885468,38.70813860322758],[111.95213291713746,38.707256091834736],[111.95071719383085,38.70658239471742],[111.94987608513613,38.70623172670279],[111.94873281777146,38.706032464449784],[111.94789683825836,38.70606903577229],[111.94638047953211,38.706409031389626],[111.94483196874532,38.7071961455036],[111.94399949759539,38.70750078908539],[111.94274569329772,38.70757048916719],[111.94087579083232,38.707049294353915],[111.93911490168901,38.70613989573399],[111.93808610462186,38.705969400803866],[111.93656347964529,38.70583264718706],[111.9349256457853,38.70560741726038],[111.93291036371342,38.705593720347494],[111.9314284785182,38.70566511764733],[111.9307725333593,38.70492553979856],[111.92969071347072,38.703593501674945],[111.92879862166818,38.702230155031174],[111.92777681592412,38.701064459653374],[111.92705300195105,38.70095103164071],[111.92430538861383,38.704243391514424],[111.92221215043243,38.70609034476096],[111.92127645194763,38.70712733612034],[111.92064370714021,38.70901994543955],[111.9204430541675,38.71045154289059],[111.91950067863509,38.710973765515114],[111.91892935630982,38.71183375066797],[111.91892767450972,38.71183628160632],[111.91916205121795,38.71303565378095],[111.92041626105951,38.71405540076131],[111.92079992551199,38.71553797697362],[111.92080034525233,38.71553959599722],[111.92075155613114,38.71742760298613],[111.92025299052595,38.71840393928424],[111.91926021704437,38.72069977667533],[111.9192087997279,38.72234808689905],[111.9192084600954,38.722359003574155],[111.92033294895408,38.7246381814275],[111.92159105052724,38.72594388460279],[111.92262794959987,38.727079719777095],[111.9229442915148,38.728964842492395],[111.9233388206752,38.73124974783819],[111.92334161251509,38.73146661287406],[111.92334176590981,38.731478528228315],[111.92357555049986,38.73262069235907],[111.9239583332176,38.73399047904443],[111.92463986154148,38.73587270948811],[111.92508833018371,38.73666996658682],[111.92625893291664,38.736832299193104],[111.92830287377211,38.73675888631905],[111.93042725444533,38.737256802680946],[111.93138251887444,38.73770680018846],[111.93183333237737,38.738731191224],[111.93183404580049,38.738732810561245],[111.93177514031855,38.73982008803268],[111.9317060795149,38.73993107258448],[111.93149568383865,38.74026919059755],[111.9312028066579,38.74073985529065],[111.9304061744016,38.741261001687036],[111.92888590796058,38.74230269814435],[111.92794688281391,38.743110963403396],[111.92774029247664,38.743400880095535],[111.9273729922172,38.743916322087436],[111.92728472578197,38.74404018812139],[111.92679909232481,38.74472167977733],[111.92649668267899,38.744903075628805],[111.92563943438307,38.745417273595834],[111.92540975455798,38.74553194123656],[111.92546375669068,38.74633386701917],[111.92552194193172,38.74718821606781],[111.92580956750338,38.74780523671968],[111.92614384356304,38.748860635754205],[111.92644418687887,38.749019968715054],[111.92697477698017,38.74918840527852],[111.92881913788777,38.74947448825781],[111.93054582718227,38.74987554660102],[111.93148889346192,38.75009617015127],[111.93229942091996,38.75030747342996],[111.93277879376728,38.75051104440413],[111.93324708831695,38.750880618828134],[111.93362188973744,38.75118871895959],[111.9339691308722,38.75141408005901],[111.93434488439169,38.75179475836586],[111.93461187115328,38.75195853983827],[111.93509031454205,38.75208952047924],[111.93531568655705,38.75210845695243],[111.93558078287917,38.752127075025015],[111.93630580182663,38.75187239535898],[111.93650347250917,38.75179822357382],[111.93679437297898,38.75176478372604],[111.93705865379432,38.75172118580608],[111.93758409701674,38.75139550993196],[111.93808508871251,38.75122557410208],[111.93865269132466,38.75108621080823],[111.93867291048613,38.75107759003963],[111.93949549853292,38.750726867689295],[111.93983046533944,38.75048401137171],[111.94005955850977,38.75031791229883],[111.94023987203403,38.750161758031396],[111.94028868182889,38.75014559890317]]],[[[111.92203216732858,38.74406453262154],[111.92150652873006,38.74303209158519],[111.92020509434938,38.741219079178386],[111.91862483622116,38.73901498855551],[111.91851935818283,38.737907557041986],[111.91885837859923,38.73586712514838],[111.91901620134783,38.733935367189105],[111.91908320187603,38.73204007222201],[111.9188348676722,38.730469008376794],[111.91798688213427,38.728402148685845],[111.91755953930982,38.72780770384111],[111.91755702764546,38.727808320779744],[111.91705914680941,38.72793065010069],[111.91657773703662,38.72835389465301],[111.91599482667206,38.72845379789192],[111.91599382037897,38.728453882344006],[111.91524105648979,38.72851690098771],[111.91475404001055,38.72850164666607],[111.91455738609513,38.72835065056196],[111.9144563859367,38.728065437361096],[111.91416237881701,38.727915201154275],[111.91416005651831,38.72791696414848],[111.91368022217036,38.72828124118886],[111.91308000696571,38.72893420468613],[111.91271856259657,38.729223028689546],[111.91240530780429,38.729473344946825],[111.91233956148119,38.72990139827252],[111.91233786728887,38.72991240836282],[111.91253961572691,38.73046377220028],[111.91281389924731,38.73097643694733],[111.91284335559665,38.73143799242183],[111.91284430625433,38.73145286968071],[111.91260624458346,38.73187420005333],[111.9117708273336,38.73317726608892],[111.91143539555354,38.73359935161595],[111.9110985008917,38.73390704705784],[111.910749371641,38.735168179449005],[111.91015310913241,38.73577938740107],[111.9097457018492,38.7366465264509],[111.90922040708891,38.73721665967408],[111.90778416999196,38.73794282753918],[111.90683594759116,38.73815873040903],[111.90683475748882,38.738158661272635],[111.90637916040977,38.7381324812595],[111.90637538666581,38.73813319422057],[111.90588583995296,38.7382256799977],[111.90540154779626,38.73903381411434],[111.90445555802526,38.739428433394785],[111.90403980079533,38.73964019164618],[111.90381534381973,38.73993984683544],[111.90355322608674,38.740269585457476],[111.90325081752066,38.7404208818834],[111.90283392451785,38.740543269956575],[111.90283043410773,38.740543661735266],[111.90282947382455,38.740543943893265],[111.9022618576211,38.740607683234614],[111.90177079907114,38.74070043463964],[111.90120400293144,38.74100272439003],[111.90052683996541,38.74160378206951],[111.89988675968316,38.74191437589119],[111.89988667965284,38.741914414340506],[111.8998405803618,38.74193678365123],[111.89982934247631,38.74194223617146],[111.89927911185886,38.74220922580832],[111.89806678850701,38.742605840364284],[111.89689323502196,38.74306173041718],[111.89621191774181,38.74333508280471],[111.8955678894309,38.743548560932794],[111.89556562632714,38.74354850981163],[111.89549061843779,38.74354682618229],[111.89457854455323,38.74352634483176],[111.89393065134071,38.74333953205327],[111.89386268737489,38.74331993532825],[111.89385549802938,38.74331786173574],[111.89359774297843,38.74324353908954],[111.89355803548516,38.74323209001483],[111.89347137694455,38.743207101507764],[111.89347017088876,38.74320871143198],[111.89336805726558,38.74334499248755],[111.89335912153587,38.743356918793125],[111.89428453163367,38.743789181667175],[111.89431260055872,38.74380229321933],[111.894927947687,38.74408971733334],[111.89527437684524,38.74441477668634],[111.89529054418321,38.74442719276519],[111.89551588524127,38.74460024792056],[111.89565847719199,38.744709753584935],[111.89581134681616,38.74479504362172],[111.89607987291625,38.744944860497625],[111.89671576219592,38.74509677201385],[111.89675292810583,38.7451056506321],[111.89680483464576,38.7451180508353],[111.89726651293853,38.74553159451588],[111.89762706468782,38.74594626605955],[111.89775053715648,38.7460882714327],[111.89788408189418,38.74624186003009],[111.89855837864441,38.7469497754943],[111.89861652721652,38.74701082271146],[111.89868459121519,38.74707352318181],[111.89919383972253,38.74754263772608],[111.89921332585278,38.74755532948347],[111.89977746294096,38.747922767653556],[111.90039963631757,38.74832799903524],[111.9004596211275,38.748367068106944],[111.90086689528859,38.748679789110874],[111.90106706310237,38.74883348290221],[111.90110532430968,38.74886286085703],[111.901198797903,38.7489346330605],[111.90134315290707,38.74904547192845],[111.90136904838951,38.749068062216345],[111.90145114182211,38.74913968146042],[111.90156682818699,38.74924060635678],[111.90158724811182,38.74925842050536],[111.90177742944793,38.74942433362567],[111.90180047569288,38.749444438899886],[111.9019088880024,38.749539015856094],[111.90202754500497,38.749642531453325],[111.90210038860484,38.74970607847383],[111.90215509408762,38.74975380255327],[111.9021894119656,38.7497837402446],[111.90246927319598,38.749844026104206],[111.90248420332071,38.74984724194737],[111.90284358565346,38.749924656638925],[111.90291359616874,38.74993973733318],[111.90298995757095,38.74995618586377],[111.90299051584573,38.74995630676058],[111.90359382089586,38.74983323111461],[111.90468049800609,38.75002998375577],[111.90468178737916,38.75003170509326],[111.90499683774867,38.75045232910224],[111.90644171258218,38.75093278101379],[111.90730491274809,38.75092608366039],[111.90817382032428,38.75137001203297],[111.90857190020496,38.75181759291385],[111.90855482873356,38.75253470938049],[111.90959621518408,38.752137390695424],[111.91066270853489,38.75165792689141],[111.91153774690545,38.750524418254685],[111.9120023269565,38.75002914814963],[111.9132189276253,38.749015872114775],[111.91532559982686,38.748057074857456],[111.91745496265467,38.7468317514206],[111.91897768506024,38.74522194090408],[111.91939260686623,38.744674706703286],[111.92011272581146,38.74430418467116],[111.92063127924854,38.744189645963054],[111.92203216732858,38.74406453262154]]],[[[111.83662722469813,38.68318378279651],[111.83601482501855,38.68387920518754],[111.83542334918393,38.684284291120846],[111.83483342222732,38.68476142813591],[111.83440254659011,38.68532750862141],[111.83436516578384,38.686377219524125],[111.83448510883285,38.686980559025976],[111.83464056161509,38.68776250192884],[111.83491760728492,38.68867034364816],[111.8352269817846,38.68957795274491],[111.83563128438166,38.69092627910369],[111.83587264861274,38.69185238808331],[111.83576346406286,38.692285556912125],[111.83555628700196,38.692755457906955],[111.83565194176622,38.693259227777546],[111.83656737850956,38.69358598248123],[111.83908513992336,38.69363100657176],[111.83989839807818,38.693818843142715],[111.84080585694585,38.69432128074751],[111.8414460478488,38.69512740486521],[111.8420513216746,38.69644723770463],[111.84282650312312,38.698040589344465],[111.84336270433333,38.69923453732423],[111.84336282119247,38.699234797713444],[111.84382266668477,38.70033947428897],[111.84430710229694,38.701497009434895],[111.84457814896639,38.70214464394748],[111.84532227379549,38.70408050785068],[111.84574887605221,38.70559077927555],[111.84560084943236,38.706749386632474],[111.84501651974129,38.707406693916816],[111.84445143437674,38.707807130682795],[111.84388900593623,38.708189528661514],[111.84318451341818,38.708712572327656],[111.84260412985445,38.709464424705466],[111.84254987628061,38.7096532988002],[111.84346633875622,38.71001704907338],[111.84865848691882,38.71179084628545],[111.8506744702571,38.71249120886467],[111.85141409246437,38.713296173008814],[111.85124741557493,38.71463207506868],[111.849814439535,38.71693053659087],[111.84867495708285,38.71913300490598],[111.84818359052356,38.72003033511173],[111.84823809582743,38.72078070156394],[111.85048036704033,38.721300671130365],[111.85589000989769,38.72337047758757],[111.86015054445865,38.72473348189234],[111.86276840920748,38.72610846338206],[111.86277512235806,38.72611103154998],[111.86463787003775,38.7268235581387],[111.8662049659695,38.727467383863704],[111.86818464431511,38.72763145251428],[111.87039540021755,38.72803210319774],[111.8732135654035,38.728338801494964],[111.87568984848049,38.728677785106065],[111.87900208314183,38.728950849691174],[111.88086590916167,38.728966614486275],[111.88276959932193,38.72913100738896],[111.88409761409827,38.729061491384044],[111.88409991027747,38.729061371328456],[111.88493399498684,38.728846516862774],[111.88546014868632,38.728456323874234],[111.8854616300871,38.72845522539584],[111.88645223817035,38.72859667873501],[111.88737268501757,38.72921532912313],[111.88871332643474,38.7299797381883],[111.88971245915727,38.73080631604538],[111.89010089807314,38.73145878328299],[111.89024242201528,38.73371124681151],[111.89024309123911,38.733721892686745],[111.89007802616054,38.73568115083304],[111.89007732841418,38.735689426319965],[111.8902054800646,38.736820546324694],[111.89090896312602,38.7383345789248],[111.8914588534877,38.73973060888412],[111.89196850731743,38.74094819253277],[111.89274406398282,38.74213395038218],[111.8941961442537,38.74265910758149],[111.89518562253784,38.742800292515824],[111.89518696376072,38.742800484021544],[111.89628631293037,38.742494141149976],[111.89711902391626,38.74216004189264],[111.89783948206129,38.74197575917184],[111.89837012689529,38.741822722833824],[111.89901338523596,38.74154964970658],[111.89984532338138,38.741155954198675],[111.9002939023301,38.74052686929611],[111.90097405413066,38.74016412566052],[111.9016564466118,38.739980112866185],[111.90256704688218,38.73979433427144],[111.90339894598831,38.73940061382445],[111.90364652382824,38.73922978296205],[111.9042285807796,38.73882815200731],[111.90494673193443,38.73846509225914],[111.90528302613906,38.737985816715735],[111.90546677269909,38.73747801561473],[111.90546680383001,38.7374779306992],[111.90641614893468,38.73735140582925],[111.90740188117874,38.737343759172596],[111.90740503332248,38.73734373470414],[111.90831218851875,38.73688981053205],[111.90891431000264,38.73637866774367],[111.90932399116987,38.73569026684946],[111.90954350037647,38.73500334429065],[111.90995505772447,38.73446388586305],[111.91013765950841,38.73386662500748],[111.91014724722498,38.7338385096218],[111.91032101457434,38.73332894261438],[111.91073633828738,38.733087371730264],[111.91096074519521,38.7327877035145],[111.911255913955,38.73207039601975],[111.91155713454239,38.73182971250549],[111.91166173780361,38.731610186362886],[111.91174236738492,38.73144097255981],[111.91174098310402,38.73142724808317],[111.9116553255282,38.730577683916174],[111.91153328587428,38.72995300402812],[111.91153384262331,38.72994070928074],[111.91156298705374,38.729297348926245],[111.91235213879958,38.72854639353456],[111.91328845860038,38.727406987534636],[111.9139231819899,38.72647847544996],[111.91437344445036,38.72599828318448],[111.91482348990812,38.72551831516776],[111.91482370206181,38.725518089210276],[111.91573522406922,38.72542157703237],[111.9158586053934,38.72627263580566],[111.91586033540024,38.72628456495713],[111.91552986744449,38.7272107042223],[111.91553384287042,38.72752218684179],[111.91553404959718,38.72753838416811],[111.9157268078431,38.72774536727243],[111.91572685448067,38.727745417351464],[111.91610638171163,38.72768286095946],[111.91655854102936,38.72735160503082],[111.9168779654595,38.727059431613235],[111.91696436714813,38.726980400335336],[111.9169646342492,38.72698015502639],[111.91696002725708,38.726967985428274],[111.91658677473048,38.725982107422894],[111.9164845480001,38.72512489961],[111.91642658670801,38.72416009352043],[111.91604783627733,38.723090549261215],[111.91594242746439,38.72198311255479],[111.91619202216398,38.72008638447276],[111.91681211235357,38.71861575612486],[111.91779857199037,38.717249499922126],[111.91819138535338,38.71585214915016],[111.91799927574448,38.71510289831054],[111.91747956229403,38.71371270903859],[111.91715470226775,38.713286252824325],[111.91677828470588,38.71239544321856],[111.91698768414766,38.71092803104219],[111.91779245973066,38.70963469987228],[111.91837458328283,38.708772117416544],[111.91859446313323,38.70812688210623],[111.9185839421028,38.707304702902924],[111.91943839090368,38.706332723788975],[111.9204228027648,38.70482345845356],[111.92303199374015,38.701942851187994],[111.92437306801851,38.700389026513236],[111.92710849149827,38.6972987844893],[111.92928199788383,38.694868371482215],[111.93021530273654,38.69355009744093],[111.93078406458814,38.69248346223084],[111.93153499261412,38.69176247259589],[111.93205707683917,38.690983716460515],[111.93249771847385,38.68978851865883],[111.9327048840979,38.68817809078741],[111.93322151247625,38.68698228283748],[111.93374741648502,38.68650141079146],[111.93426788987026,38.68560348985252],[111.93501483499404,38.6845845867803],[111.93515832821166,38.68392801187774],[111.93492486946433,38.68351278760255],[111.93408720633205,38.68340031219202],[111.93203956490473,38.683774154807104],[111.92991434828221,38.68402941016991],[111.92854615017701,38.684040280945595],[111.92521470418228,38.68507961773178],[111.92354243375759,38.68509283537719],[111.92004968140422,38.685418286081806],[111.9137413776158,38.68552732741237],[111.91169205178727,38.685781658982904],[111.91078215770636,38.685967501747704],[111.90965100795162,38.68669131768604],[111.90895858821348,38.68604127340137],[111.90788159895538,38.685036703834285],[111.9065773566611,38.68409347024974],[111.90527089768798,38.682971486142094],[111.90374844041311,38.682804506919815],[111.90246225249697,38.683291114678816],[111.90133628991639,38.68443190241784],[111.89959621774287,38.68510072896989],[111.8979291474472,38.685530631161114],[111.89702368346086,38.68607383956413],[111.89558238995288,38.6863232234704],[111.89314771346552,38.68616308903302],[111.89216248963037,38.686408946710365],[111.89081048404235,38.68773011056235],[111.88946432961973,38.689527890182305],[111.88803324981316,38.690611286074194],[111.88659992167499,38.69151592690247],[111.88396635339483,38.693740487475935],[111.88322371400987,38.695176124492214],[111.88316527356952,38.696606591898835],[111.88334883514366,38.69916733355229],[111.8838284686353,38.70107040852132],[111.88460638319005,38.702494550412126],[111.8846985644405,38.703804708827356],[111.883952905229,38.70500203384812],[111.88327739347784,38.7057221501579],[111.88221436782025,38.70584934393141],[111.87954875868967,38.70551191837445],[111.8771127321458,38.705291878244964],[111.8745297303307,38.70548997762015],[111.87270851437012,38.70580150586085],[111.8707344863363,38.70605455879193],[111.86921089011194,38.70582755740674],[111.8678379325599,38.70548024887419],[111.8663006973794,38.704121206360014],[111.86421982240809,38.70181281199661],[111.86283049937829,38.70009512356169],[111.86128204256515,38.69778274543747],[111.85951060363197,38.69588907490192],[111.85758650147365,38.69393691280257],[111.85506142872164,38.692584958401774],[111.85207679416867,38.69093837455212],[111.84993977684769,38.69023891095948],[111.8489465980859,38.6898290327145],[111.84802241507678,38.68882279964654],[111.84701732527793,38.687400053075415],[111.84594327555018,38.686573641668566],[111.84523740829682,38.6847316218903],[111.84423453102208,38.68348758743683],[111.84271218986962,38.68331981296897],[111.83913823034578,38.68322634058775],[111.83662722469813,38.68318378279651]]],[[[111.86315827970141,38.727167426550885],[111.8632103291942,38.727308801250125],[111.86227767350027,38.72997455208853],[111.86221755636825,38.73014637437554],[111.86136886646796,38.732342209966575],[111.86088956899904,38.73358224737129],[111.8602978094491,38.734972438541924],[111.86003171218604,38.73559754687132],[111.86001891460043,38.735627611337314],[111.86133790337972,38.736104335997986],[111.86086860539842,38.736615561399674],[111.86062545749377,38.73759080612246],[111.86045447176609,38.73855732633773],[111.86018962362186,38.73931003549389],[111.85965219751954,38.74017199819887],[111.85934254702144,38.74099653521907],[111.85925854413021,38.74160490881947],[111.85904060139633,38.74246452048906],[111.85878300409018,38.74382492867345],[111.85815166790533,38.74447307089439],[111.85710993112244,38.74515997216728],[111.85643121390686,38.74566545346086],[111.85570769199309,38.74624275742303],[111.85497989833621,38.746462585220456],[111.85476018660285,38.74717920062148],[111.85449780389358,38.748146378405444],[111.85409719102417,38.74900731549101],[111.85392438921845,38.74983083640461],[111.85370465834559,38.75054744964133],[111.85343629067127,38.75101416312788],[111.85275664183614,38.751448128462556],[111.85249294186502,38.7523080616693],[111.85250102080164,38.75298725915135],[111.85282781214914,38.753592631192724],[111.85411330466074,38.75419100048538],[111.85434454788893,38.75443956380727],[111.85571497142452,38.75450104081764],[111.8565384214493,38.75463801078458],[111.85777360218974,38.75484345433305],[111.85923919771662,38.75522594411429],[111.86074917264497,38.75550083774808],[111.86180477999905,38.75595781493327],[111.86198418357456,38.75604725385493],[111.862705314242,38.75615585904166],[111.86308687203943,38.756153043001476],[111.86359032477942,38.756190067896114],[111.86424954232402,38.75619877740977],[111.8658279650379,38.75620067750494],[111.86657307910755,38.75614083058171],[111.86742175925824,38.75603946579358],[111.86816637655804,38.75593886785685],[111.86889249589689,38.75574333327997],[111.87006953742498,38.755544438367345],[111.87039906078786,38.75554198490237],[111.87060569533607,38.755418213184775],[111.87115704939059,38.7551153146719],[111.87191767255705,38.75490592294805],[111.87245547673558,38.75491549098013],[111.87308330465252,38.75519601291498],[111.87367672217583,38.75555184880791],[111.87395692484209,38.75571915836783],[111.87429125233126,38.75611051946283],[111.87478532269506,38.75679947340117],[111.87530177354836,38.75749921653541],[111.87563066560945,38.75853166129531],[111.87564435787877,38.759097321231856],[111.87566888179067,38.759311538914986],[111.87585779296347,38.75953310212511],[111.87606819120086,38.75972019919539],[111.87635273855976,38.75970091404873],[111.87663497873864,38.75949297156841],[111.87707992441636,38.759155166689936],[111.87722718868679,38.759090831469635],[111.87736383920152,38.75908442714032],[111.878163343374,38.75907842276214],[111.87930383527848,38.75918991426812],[111.88041313905062,38.75933743683814],[111.88089336831948,38.75929801110035],[111.8812524687255,38.75910663012914],[111.88167431512902,38.75874177906594],[111.8834006884974,38.758125657692055],[111.8853765396397,38.75761371355763],[111.8868917678272,38.75721827500632],[111.88767484056557,38.75709714460643],[111.88801472913192,38.7568257969431],[111.88818625768299,38.75615828065534],[111.88899156269954,38.75528067248052],[111.88980360970429,38.75477724937912],[111.89036459405717,38.75471247128481],[111.89097368071764,38.75476592986969],[111.89159471580868,38.75458689678136],[111.89228487195813,38.75423608727647],[111.89275337391123,38.75413390032917],[111.89306510429108,38.75427856373617],[111.89401521200759,38.7547194672808],[111.8947144910203,38.754865174283914],[111.89540970682665,38.75468555308835],[111.89651704329651,38.75423551315623],[111.8975351931633,38.75377452747499],[111.89782860434399,38.75350501885583],[111.89824391879807,38.75349020769735],[111.8986905112715,38.753602973853404],[111.9015420196731,38.75429781964377],[111.90248748982337,38.754872416443625],[111.90326072006287,38.7546400256759],[111.90443068615723,38.753933882179545],[111.90618698524791,38.75322916654976],[111.90778709032472,38.752782016703904],[111.90812035590916,38.75221295601605],[111.90783422236184,38.75169664505541],[111.90720982695646,38.75119448308344],[111.90650730020137,38.75141731215223],[111.90578973467352,38.75137968049494],[111.90498834584986,38.75125630328845],[111.90487421801956,38.750954825282726],[111.90396198047485,38.750789106253556],[111.90327254295474,38.750794435310866],[111.90296942557555,38.75071212660987],[111.90213599941062,38.75048581075851],[111.90093133548737,38.749600153530416],[111.9002527146124,38.749199629641524],[111.90013410676072,38.74912962662498],[111.8990259294078,38.748487651831454],[111.89817151284005,38.74795304561147],[111.89767925305895,38.747372520652654],[111.89736835482653,38.74700587217459],[111.896932103008,38.74654938693248],[111.89649950926618,38.746028368147925],[111.89559886627158,38.745642408780235],[111.89519655237356,38.745469998588995],[111.89496963209511,38.74537275196719],[111.89349826509704,38.74452599975106],[111.89309591665756,38.74432553278562],[111.8922733412555,38.74391568268041],[111.89141536996381,38.74344555718819],[111.89127776873333,38.742965517348395],[111.89127748862379,38.74296454302658],[111.89123107208765,38.742802610400076],[111.89113883248433,38.74248081867689],[111.89113779965656,38.742477213477166],[111.89104919910935,38.74216811219149],[111.89103362672097,38.742113787971775],[111.89100044988925,38.74200599274939],[111.8905611854812,38.74057874915625],[111.89046281508801,38.74025911942172],[111.89004307321818,38.7391275410841],[111.88958125028061,38.73788247335168],[111.88919779958239,38.73640770795229],[111.88917940812709,38.7362491714902],[111.88904458032764,38.73508696686345],[111.88899337597852,38.734645577010944],[111.88899388088213,38.73463546627914],[111.88899317520435,38.734629380486616],[111.88909003903176,38.73268666363832],[111.88909065608927,38.73267428385357],[111.88889688233088,38.73177007864923],[111.8886458064483,38.731152313978],[111.88838047256385,38.73093573968943],[111.88838032850352,38.73093562187952],[111.88828050487838,38.73085414252262],[111.88797851902076,38.73060764940556],[111.88766218895486,38.73034944419918],[111.88637493933477,38.729596533090394],[111.88540115797716,38.72946113838695],[111.88539960397848,38.72946092225582],[111.88412798383139,38.729851436921386],[111.88412649447663,38.72985189407801],[111.88266730523205,38.72995825524486],[111.87980508560908,38.72978916103109],[111.87529822644527,38.72948931846833],[111.87206689511152,38.72898912636474],[111.86779889212058,38.728305874344706],[111.86628628824036,38.72827180623517],[111.86525373806145,38.72780278127793],[111.86410747418199,38.72736437606135],[111.86315827970141,38.727167426550885]]]]},"properties":{"code":"SXNR-N04","name_short":"芦芽山","name_full":"山西芦芽山国家级自然保护区","zone":"core","area_km2":61.11,"feature_count":4}},{"type":"Feature","geometry":{"type":"MultiPolygon","coordinates":[[[[111.91783549744504,38.726972729202764],[111.91779182072699,38.726905982910196],[111.91763187167845,38.72666154926139],[111.91760786897775,38.726624868241004],[111.91752985362795,38.72650564458087],[111.9174127894356,38.72632674355165],[111.91743697563962,38.72579315320937],[111.91746262250936,38.725227326406056],[111.91745809413419,38.7251434342151],[111.91744877417912,38.724970801127284],[111.91741478060995,38.7243410914642],[111.91732939344789,38.724144677094706],[111.9172854619832,38.724043621381256],[111.91688816646956,38.72312970941986],[111.91669358192726,38.72218742425647],[111.91675416977512,38.721214537758506],[111.91683207058585,38.72073325738465],[111.91692335235959,38.720169298971534],[111.91733382405913,38.71943677064905],[111.91781637870356,38.7186321735968],[111.91862783867492,38.716905013820856],[111.91865306979223,38.716767349964],[111.91876432795118,38.716160332560214],[111.91885973844379,38.71467069311347],[111.91886477471893,38.714592059263815],[111.91886574062357,38.71457698229114],[111.9179271519048,38.713497540734075],[111.91745067939601,38.712395398919334],[111.91736598467388,38.71148085096857],[111.91788692484515,38.7103518150905],[111.91806932597879,38.71011130039615],[111.91862879002883,38.709373575461626],[111.91903584736689,38.70885556967567],[111.91936672833091,38.708090291542966],[111.91969198568985,38.706886517207664],[111.92067001200375,38.70535346600632],[111.9215324622278,38.70429799124468],[111.92253964210143,38.703146033446686],[111.92256365881208,38.70312277908718],[111.92289579906823,38.70280118001567],[111.92345290543363,38.70226174499675],[111.92360963781833,38.702097739624726],[111.92462717855933,38.701032950944956],[111.92501346203288,38.70062872096763],[111.92628520213535,38.699245834440795],[111.92734015418071,38.69803625508029],[111.92834764812221,38.696922377753744],[111.9289357611334,38.696252570111405],[111.92935618082875,38.6957737406144],[111.92942661271192,38.69569352251065],[111.93031166533169,38.69452340068715],[111.93112370858775,38.69335385344209],[111.93217120015493,38.69257103730159],[111.93217142441068,38.69257086976733],[111.9336870958059,38.69238881976242],[111.93550419021115,38.6921365199415],[111.93792170428964,38.69097321884696],[111.9389393543591,38.68972570123789],[111.93952317929234,38.68786198216352],[111.93976007458083,38.687303280828544],[111.94017214927561,38.68633141012773],[111.94099290754406,38.68398910476864],[111.9416443136513,38.68264917156443],[111.94181049343511,38.68140848009117],[111.94166206145388,38.68121365550913],[111.94137735490308,38.680839959201904],[111.93961024390201,38.68056816269527],[111.93777611865556,38.679820204201654],[111.93564111363322,38.6793129619648],[111.93442068043399,38.67898904596179],[111.93344471334137,38.67875850126213],[111.93265626300241,38.67876479177914],[111.9323359673766,38.678851328034064],[111.93156793308239,38.679058830080585],[111.93156552487683,38.679058954656966],[111.93047406668641,38.67911520590185],[111.92871437468446,38.67912919242855],[111.92834590369932,38.67913211707431],[111.92834182706855,38.67913278990291],[111.92652544911445,38.67943255840653],[111.92586212078696,38.67986681901072],[111.92563056483166,38.68077433481859],[111.9252147400008,38.68154030537717],[111.92468158643224,38.68264087502477],[111.9236503048722,38.68283969411736],[111.92364982793242,38.68283960420129],[111.92316261742779,38.682748208940815],[111.92260800306232,38.682180575978705],[111.9222911190999,38.68118205668234],[111.92112296477653,38.68019024527429],[111.91984177348478,38.679866655452955],[111.91983783860874,38.67986745928799],[111.91838609691014,38.68016410054779],[111.91687081824189,38.6805573300353],[111.91590156490815,38.68085092966894],[111.91590019521834,38.68085067195792],[111.91541389908585,38.68075941186746],[111.91479612895067,38.680001565266174],[111.91442158995685,38.67924181276538],[111.9141127151072,38.67886288659201],[111.91410923378209,38.67886474602961],[111.91338790456683,38.67924989062336],[111.91284792446828,38.67982611713125],[111.91261136085889,38.680352306169844],[111.91212975271229,38.68073740338792],[111.91212590310154,38.680737601862496],[111.91103584305915,38.680793597855335],[111.90993589560729,38.6803731520874],[111.90894792701594,38.67918914549438],[111.90827244475825,38.67867004964786],[111.90826840178909,38.67867103499427],[111.90645371541923,38.679113167403],[111.90530618711462,38.67951273759046],[111.90197328111888,38.680673169706125],[111.89912611081189,38.68155310905476],[111.89912361104274,38.68155318322267],[111.89693764467067,38.681617581042005],[111.89523503854149,38.681630626144575],[111.89377684692512,38.681737114037524],[111.89377526219043,38.68173757925156],[111.8924438179903,38.6821286336713],[111.89244161053416,38.68212865051693],[111.89074119766417,38.68214161349745],[111.88989106831656,38.68224342088667],[111.88989088761436,38.68224358440577],[111.887665902432,38.68426236971847],[111.88406247579142,38.687960068861955],[111.8808194839149,38.69132126952553],[111.87993060257239,38.693234663795394],[111.87939900113754,38.694525685962205],[111.87973812248329,38.697383186813795],[111.88067732417883,38.69956882339169],[111.8814820615652,38.70070677956747],[111.88162594709074,38.70251705883755],[111.88114460894522,38.70294969472939],[111.88114137242204,38.70294927862914],[111.87834196259641,38.702589439406125],[111.87523463732364,38.702183731105364],[111.87322740767634,38.70219873664501],[111.87322306480355,38.70219940864454],[111.87225594260957,38.70234899019854],[111.87074744764614,38.703361250076696],[111.86977884842172,38.70374979855938],[111.8697760276194,38.70374981954231],[111.8687447977169,38.703757485028014],[111.86769922580902,38.70281189778871],[111.86646603090942,38.701438684228705],[111.86517033702705,38.69992291595013],[111.8644806243093,38.6982119856471],[111.86397455355784,38.69659502825981],[111.86378062705079,38.69564310952098],[111.8638299818845,38.69468939335978],[111.8646642325088,38.69325320043833],[111.86502225043448,38.69267854094104],[111.86489487750578,38.69220280756789],[111.86379960160113,38.692163234789305],[111.86185174703584,38.692034603209244],[111.86002610409284,38.691952708056256],[111.85801687594308,38.69177679622146],[111.85618272052446,38.69097988833313],[111.85489650944146,38.69022661547238],[111.85403432944305,38.68932723006117],[111.8538979701677,38.68808886646927],[111.85339504225824,38.68671017491518],[111.8528927011,38.685379144252245],[111.85123555034224,38.684104189389814],[111.84909254935836,38.68288040683193],[111.84743945858297,38.68193904207084],[111.84637833737987,38.68150698163685],[111.84548405499973,38.68114284205512],[111.84322130363756,38.68006281959663],[111.83998572270949,38.678989743314695],[111.8383986494321,38.678476785539544],[111.83776725245693,38.67835600932817],[111.83776716082073,38.678357513425986],[111.83773569446583,38.67887189954125],[111.83771953795063,38.679616819477076],[111.83770345227819,38.680358467994324],[111.83752335817613,38.68111526524157],[111.83734806887792,38.68185185424078],[111.8369986040811,38.682514616690824],[111.8366734158344,38.68313132827188],[111.83662722469813,38.68318378279651],[111.83913823034578,38.68322634058775],[111.84271218986962,38.68331981296897],[111.84423453102208,38.68348758743683],[111.84523740829682,38.6847316218903],[111.84594327555018,38.686573641668566],[111.84701732527793,38.687400053075415],[111.84802241507678,38.68882279964654],[111.8489465980859,38.6898290327145],[111.84993977684769,38.69023891095948],[111.85207679416867,38.69093837455212],[111.85506142872164,38.692584958401774],[111.85758650147365,38.69393691280257],[111.85951060363197,38.69588907490192],[111.86128204256515,38.69778274543747],[111.86283049937829,38.70009512356169],[111.86421982240809,38.70181281199661],[111.8663006973794,38.704121206360014],[111.8678379325599,38.70548024887419],[111.86921089011194,38.70582755740674],[111.8707344863363,38.70605455879193],[111.87270851437012,38.70580150586085],[111.8745297303307,38.70548997762015],[111.8771127321458,38.705291878244964],[111.87954875868967,38.70551191837445],[111.88221436782025,38.70584934393141],[111.88327739347784,38.7057221501579],[111.883952905229,38.70500203384812],[111.8846985644405,38.703804708827356],[111.88460638319005,38.702494550412126],[111.8838284686353,38.70107040852132],[111.88334883514366,38.69916733355229],[111.88316527356952,38.696606591898835],[111.88322371400987,38.695176124492214],[111.88396635339483,38.693740487475935],[111.88659992167499,38.69151592690247],[111.88803324981316,38.690611286074194],[111.88946432961973,38.689527890182305],[111.89081048404235,38.68773011056235],[111.89216248963037,38.686408946710365],[111.89314771346552,38.68616308903302],[111.89558238995288,38.6863232234704],[111.89702368346086,38.68607383956413],[111.8979291474472,38.685530631161114],[111.89959621774287,38.68510072896989],[111.90133628991639,38.68443190241784],[111.90246225249697,38.683291114678816],[111.90374844041311,38.682804506919815],[111.90527089768798,38.682971486142094],[111.9065773566611,38.68409347024974],[111.90788159895538,38.685036703834285],[111.90895858821348,38.68604127340137],[111.90965100795162,38.68669131768604],[111.91078215770636,38.685967501747704],[111.91169205178727,38.685781658982904],[111.9137413776158,38.68552732741237],[111.92004968140422,38.685418286081806],[111.92354243375759,38.68509283537719],[111.92521470418228,38.68507961773178],[111.92854615017701,38.684040280945595],[111.92991434828221,38.68402941016991],[111.93203956490473,38.683774154807104],[111.93408720633205,38.68340031219202],[111.93492486946433,38.68351278760255],[111.93515832821166,38.68392801187774],[111.93501483499404,38.6845845867803],[111.93426788987026,38.68560348985252],[111.93374741648502,38.68650141079146],[111.93322151247625,38.68698228283748],[111.9327048840979,38.68817809078741],[111.93249771847385,38.68978851865883],[111.93205707683917,38.690983716460515],[111.93153499261412,38.69176247259589],[111.93078406458814,38.69248346223084],[111.93021530273654,38.69355009744093],[111.92928199788383,38.694868371482215],[111.92710849149827,38.6972987844893],[111.92437306801851,38.700389026513236],[111.92303199374015,38.701942851187994],[111.9204228027648,38.70482345845356],[111.91943839090368,38.706332723788975],[111.9185839421028,38.707304702902924],[111.91859446313323,38.70812688210623],[111.91837458328283,38.708772117416544],[111.91779245973066,38.70963469987228],[111.91698768414766,38.71092803104219],[111.91677828470588,38.71239544321856],[111.91715470226775,38.713286252824325],[111.91747956229403,38.71371270903859],[111.91799927574448,38.71510289831054],[111.91819138535338,38.71585214915016],[111.91779857199037,38.717249499922126],[111.91681211235357,38.71861575612486],[111.91619202216398,38.72008638447276],[111.91594242746439,38.72198311255479],[111.91604783627733,38.723090549261215],[111.91642658670801,38.72416009352043],[111.9164845480001,38.72512489961],[111.91658677473048,38.725982107422894],[111.91696002725708,38.726967985428274],[111.91741724878028,38.726955076862936],[111.91777158825134,38.726973274181766],[111.91783808834157,38.726976689461644],[111.91783549744504,38.726972729202764]]],[[[111.93138251887444,38.73770680018846],[111.93042725444533,38.737256802680946],[111.92830287377211,38.73675888631905],[111.92625893291664,38.736832299193104],[111.92508833018371,38.73666996658682],[111.92463986154148,38.73587270948811],[111.9239583332176,38.73399047904443],[111.92357555049986,38.73262069235907],[111.92334176590981,38.731478528228315],[111.92334161251509,38.73146661287406],[111.9233388206752,38.73124974783819],[111.9229442915148,38.728964842492395],[111.92262794959987,38.727079719777095],[111.92159105052724,38.72594388460279],[111.92033294895408,38.7246381814275],[111.9192084600954,38.722359003574155],[111.9192087997279,38.72234808689905],[111.91926021704437,38.72069977667533],[111.92025299052595,38.71840393928424],[111.92075155613114,38.71742760298613],[111.92080034525233,38.71553959599722],[111.92079992551199,38.71553797697362],[111.92041626105951,38.71405540076131],[111.91916205121795,38.71303565378095],[111.91892767450972,38.71183628160632],[111.91892935630982,38.71183375066797],[111.91950067863509,38.710973765515114],[111.9204430541675,38.71045154289059],[111.92064370714021,38.70901994543955],[111.92127645194763,38.70712733612034],[111.92221215043243,38.70609034476096],[111.92430538861383,38.704243391514424],[111.92705300195105,38.70095103164071],[111.92777681592412,38.701064459653374],[111.92879862166818,38.702230155031174],[111.92969071347072,38.703593501674945],[111.9307725333593,38.70492553979856],[111.9314284785182,38.70566511764733],[111.93291036371342,38.705593720347494],[111.9349256457853,38.70560741726038],[111.93656347964529,38.70583264718706],[111.93808610462186,38.705969400803866],[111.93911490168901,38.70613989573399],[111.94087579083232,38.707049294353915],[111.94274569329772,38.70757048916719],[111.94399949759539,38.70750078908539],[111.94483196874532,38.7071961455036],[111.94638047953211,38.706409031389626],[111.94789683825836,38.70606903577229],[111.94873281777146,38.706032464449784],[111.94987608513613,38.70623172670279],[111.95071719383085,38.70658239471742],[111.95213291713746,38.707256091834736],[111.95351341885468,38.70813860322758],[111.95424486800398,38.7088178536361],[111.9542901009907,38.70940415635642],[111.95429080681905,38.70941331796275],[111.95418387784196,38.70995044694039],[111.95369556854847,38.71040131153911],[111.95287259063744,38.71142094748149],[111.95257910577719,38.712227722303446],[111.95233119504252,38.71347283433643],[111.95232956527197,38.71348101959833],[111.95264242908357,38.71413389524151],[111.95359335524078,38.71415593412195],[111.95656019729905,38.71422107746515],[111.95897582705202,38.714178944590714],[111.96110740587,38.71434019441292],[111.96340387123792,38.71545339022897],[111.9637102775798,38.715582152582066],[111.96493355378715,38.716096199882074],[111.96669942078326,38.717332872861924],[111.96879090750063,38.71828249350623],[111.96914816238562,38.718444695200276],[111.9711156735276,38.718536470846956],[111.97348604714715,38.71864699374292],[111.97584430297137,38.71868691891329],[111.9763018268968,38.71892039783183],[111.97623329044843,38.71932717777399],[111.9754784873657,38.71975056459227],[111.97374232114078,38.720718376376624],[111.97284669623835,38.72197709274814],[111.97284685780183,38.721989007950974],[111.97286689164318,38.723466520840404],[111.9728670532186,38.723478436040125],[111.97322317556134,38.724836021521135],[111.97342851490308,38.72561877861276],[111.9741413157125,38.727698272097804],[111.97427959515046,38.72798521271312],[111.97435371412739,38.72813901808727],[111.97435410816568,38.72813983542158],[111.9756285201637,38.73078422646591],[111.97733998191892,38.73357036388281],[111.97743877884695,38.73523788023009],[111.97752881945759,38.7354495059694],[111.9781461094293,38.736900307342324],[111.97863612288135,38.737647810146946],[111.97892303417686,38.73808547735149],[111.979035552244,38.73827718091494],[111.9805587322008,38.740872197296184],[111.98057040739172,38.74088026318411],[111.9809516713353,38.74114365197137],[111.98095258748633,38.74114428564291],[111.98096078120066,38.74113814377901],[111.98196120822637,38.740365519359386],[111.98309387946314,38.73993879231804],[111.9838220333605,38.739719973292836],[111.98462654721038,38.73973774126685],[111.98543600774164,38.74011540539059],[111.98660065271014,38.74046330235728],[111.98749166119589,38.74058536115284],[111.98815385611124,38.7406121618609],[111.98904882253414,38.74052830877392],[111.98910400468715,38.740523137945694],[111.98997210296524,38.740483393237675],[111.99029894998043,38.740189063671636],[111.99130481860453,38.73975399302457],[111.99213493416556,38.73951658056859],[111.99300135712194,38.739262370324944],[111.9931184452704,38.738927708268726],[111.99332780427775,38.73866376191331],[111.9935727110454,38.73816601127301],[111.99333646619881,38.73793261033533],[111.99239643650188,38.736929467562256],[111.9920624090747,38.73657300620872],[111.99130401433784,38.734787361221336],[111.99024071854001,38.73354677566731],[111.98882649847316,38.73151022448055],[111.9872590153934,38.730268012943945],[111.98636836296825,38.72911364755821],[111.98607390412289,38.728641254340495],[111.98562944580061,38.72792820675461],[111.9844085951725,38.72593455671642],[111.98212622975439,38.72349552153778],[111.98123517655209,38.72195950887328],[111.98121152828828,38.721917617978626],[111.9812120856367,38.72190388887587],[111.98126843117917,38.720516921894124],[111.98190179905718,38.71955826342314],[111.98190157742152,38.719542067286795],[111.98188897765323,38.718621227412164],[111.98188875602789,38.718605031273164],[111.98191711001905,38.71796525313506],[111.98191781362262,38.717949367202365],[111.98191688840487,38.717949057895055],[111.98035155035188,38.717426255878145],[111.97900978317747,38.71663311543727],[111.97743951186268,38.71581207990799],[111.97605533344515,38.714691549282655],[111.97577298365573,38.713502228435715],[111.97518810485558,38.71243459871905],[111.97437714715154,38.71151780767174],[111.9740615999334,38.71060021201209],[111.97406045813779,38.71059689580281],[111.97406137898804,38.71058401582251],[111.97415632547977,38.70925545906484],[111.97485844656181,38.70776000841396],[111.97605589665295,38.70656123434609],[111.97605880918671,38.70655831668904],[111.97605567643892,38.706545038145336],[111.97589742793907,38.70587444758612],[111.97516985375736,38.70549322249767],[111.97376365251118,38.70553473403582],[111.97228665798748,38.7059641120775],[111.97096050730131,38.706302843251216],[111.96879716382732,38.7065889154475],[111.96674344300595,38.70654632766372],[111.96582662617443,38.70622619263715],[111.96471533103512,38.70557994227478],[111.96322069403023,38.704698503510286],[111.96081212629296,38.703705391261636],[111.9593251405866,38.70338988686669],[111.95582732174313,38.70338873898936],[111.95202537764013,38.7033899621779],[111.95130545203759,38.703574573417576],[111.95025126429881,38.704357738082884],[111.94972022224626,38.70445142942774],[111.94910881355237,38.7042180574823],[111.94757991695299,38.70360482323719],[111.94543417213977,38.70234113304396],[111.94229895610161,38.700996004158576],[111.94085323894149,38.70091827002145],[111.93910691638403,38.70111105967165],[111.93663480947713,38.70104150960733],[111.93481011770648,38.70105611090284],[111.93389079664964,38.700527201066805],[111.9331573007664,38.69966908450398],[111.9331045772005,38.69853740625003],[111.93289555016374,38.697079261773965],[111.93280753146419,38.696156408616694],[111.93246271554212,38.6959506128439],[111.93147981999388,38.69637553593342],[111.92952671137505,38.69820839598288],[111.9273469611498,38.700162189023224],[111.9261614683097,38.701214527038005],[111.92458403067548,38.702716615015134],[111.92364705656475,38.70376674314539],[111.92277996070435,38.704339639341086],[111.92187904447928,38.70524050685789],[111.92109368505187,38.70625962780992],[111.92049457501172,38.706979355562865],[111.92016539545223,38.70799487608587],[111.91991301013532,38.70906937624056],[111.91991321770246,38.70908557269757],[111.91992272862838,38.70982769589332],[111.91992293620333,38.70984389234817],[111.91931920436714,38.710206145565955],[111.9187953199198,38.71086568979811],[111.91842326934389,38.711433287629674],[111.91842236379657,38.71143466755362],[111.91842347659242,38.71144948408688],[111.9185140327595,38.71265542183539],[111.91878856713733,38.71330869069583],[111.91956158390771,38.71428575080907],[111.9201445105699,38.71526430175235],[111.92019439652385,38.716232644262234],[111.92019513763417,38.7162470421188],[111.9201946042076,38.716248840698064],[111.91986706181584,38.717351928475246],[111.91945720208447,38.7180105769969],[111.91909069938453,38.71908597030192],[111.9183884471585,38.720670464850414],[111.91836359248315,38.72167511720126],[111.91836338243263,38.72168359080829],[111.91836379978248,38.72169131272958],[111.91841322987997,38.7226067514667],[111.9189201579568,38.72358590393496],[111.91938983666103,38.724624932542824],[111.92035541946616,38.72577922271818],[111.92155111395297,38.72708065208941],[111.92175005919341,38.72776429887959],[111.92187869302579,38.72889537794278],[111.92208300573287,38.72999607055737],[111.92251665916767,38.731184326789965],[111.92303405711948,38.732967760698926],[111.92347810215861,38.734960314107965],[111.92403243488154,38.736654074041866],[111.92438164795463,38.737187566136356],[111.9249563787637,38.73751073276538],[111.92583385004762,38.73771232913545],[111.92667098356812,38.73773548950617],[111.9279618255303,38.737546498455764],[111.928876182639,38.73765840455179],[111.92948781492665,38.73789187826431],[111.93044098449386,38.73806304799735],[111.9308282850988,38.73859621909213],[111.93094877053592,38.739211996906356],[111.93095050865853,38.73922087565816],[111.93094898080743,38.73922819232842],[111.93080726320643,38.73990722893855],[111.93035431977864,38.740178962881814],[111.92967663854866,38.740720606251465],[111.92850987894371,38.7416832204934],[111.92735715508036,38.74287498779372],[111.926970811547,38.743274404871286],[111.92622200226809,38.74420388828275],[111.92541737446591,38.74479929898102],[111.9254096614017,38.74523870185182],[111.92542332895552,38.74551317212315],[111.92540975455798,38.74553194123656],[111.92563943438307,38.745417273595834],[111.92649668267899,38.744903075628805],[111.92679909232481,38.74472167977733],[111.92728472578197,38.74404018812139],[111.9273729922172,38.743916322087436],[111.92774029247664,38.743400880095535],[111.92794688281391,38.743110963403396],[111.92888590796058,38.74230269814435],[111.9304061744016,38.741261001687036],[111.9312028066579,38.74073985529065],[111.93149568383865,38.74026919059755],[111.9317060795149,38.73993107258448],[111.93177514031855,38.73982008803268],[111.93183404580049,38.738732810561245],[111.93183333237737,38.738731191224],[111.93138251887444,38.73770680018846]]],[[[111.91843239308083,38.72777749579149],[111.91755953930982,38.72780770384111],[111.91798688213427,38.728402148685845],[111.9188348676722,38.730469008376794],[111.91908320187603,38.73204007222201],[111.91901620134783,38.733935367189105],[111.91885837859923,38.73586712514838],[111.91851935818283,38.737907557041986],[111.91862483622116,38.73901498855551],[111.92020509434938,38.741219079178386],[111.92150652873006,38.74303209158519],[111.92203216732858,38.74406453262154],[111.92334961869605,38.74413359349361],[111.9231968282276,38.743865719273124],[111.92308507656027,38.743669791985624],[111.92307428906601,38.74365087952784],[111.92286938409296,38.743318613594326],[111.92282760733946,38.74325086986725],[111.92278811664889,38.74318683103948],[111.92277260093641,38.743161671971464],[111.92214185751357,38.74213885143653],[111.9212152057017,38.74107364893526],[111.92020907166751,38.73974093714206],[111.91973819113345,38.73912103325456],[111.91935302503447,38.73861396005691],[111.91924177345427,38.738467495409665],[111.91924322000759,38.73845347584419],[111.91937710674844,38.73715558649896],[111.91962233347525,38.735515100531835],[111.91971145291235,38.734723954592226],[111.9198272254407,38.73369618077503],[111.91983596931968,38.73257031410024],[111.91984157165676,38.73184896686021],[111.91984125284206,38.73184733263109],[111.91943453375646,38.72976673137191],[111.9188069778104,38.72828206661482],[111.91843263061551,38.7277778155081],[111.91843239308083,38.72777749579149]]],[[[111.86315827970141,38.727167426550885],[111.86310330895111,38.72701587098696],[111.86303398475725,38.72682473862894],[111.86302895716904,38.72681087647581],[111.86296680069167,38.72663950864828],[111.86295708931596,38.72661273303675],[111.86291988765682,38.7265101656612],[111.86277512235806,38.72611103154998],[111.86276840920748,38.72610846338206],[111.86015054445865,38.72473348189234],[111.85589000989769,38.72337047758757],[111.85048036704033,38.721300671130365],[111.84823809582743,38.72078070156394],[111.84818359052356,38.72003033511173],[111.84867495708285,38.71913300490598],[111.849814439535,38.71693053659087],[111.85124741557493,38.71463207506868],[111.85141409246437,38.713296173008814],[111.8506744702571,38.71249120886467],[111.84865848691882,38.71179084628545],[111.84346633875622,38.71001704907338],[111.84254987628061,38.7096532988002],[111.84227482550087,38.710610819809794],[111.84221647812593,38.71113142605952],[111.84555989958244,38.71214696621565],[111.84916263673364,38.71326487733257],[111.8498971703951,38.713640881252594],[111.84961048453799,38.7151206558408],[111.84895876068009,38.71660308061998],[111.8481137911376,38.71718122214227],[111.84740399423856,38.71890239659941],[111.84699049210228,38.719954075642015],[111.84694146484779,38.72095544673753],[111.84773972416961,38.72156933817883],[111.84982076981028,38.722602914461135],[111.85269170898434,38.723535359911125],[111.85720950306205,38.724789342603394],[111.86038770784948,38.725957681480324],[111.8614909384572,38.72661690030575],[111.8617400483919,38.727091738098814],[111.86126414821638,38.72800092425686],[111.86031745847771,38.73024825817547],[111.85894989025319,38.73292768217936],[111.85851201045219,38.73514813075819],[111.86001891460043,38.735627611337314],[111.86003171218604,38.73559754687132],[111.8602978094491,38.734972438541924],[111.86088956899904,38.73358224737129],[111.86136886646796,38.732342209966575],[111.86221755636825,38.73014637437554],[111.86227767350027,38.72997455208853],[111.8632103291942,38.727308801250125],[111.86315827970141,38.727167426550885]]]]},"properties":{"code":"SXNR-N04","name_short":"芦芽山","name_full":"山西芦芽山国家级自然保护区","zone":"buffer","area_km2":12.807,"feature_count":4}},{"type":"Feature","geometry":{"type":"MultiPolygon","coordinates":[[[[111.84221647812593,38.71113142605952],[111.84212780964266,38.71192255141252],[111.84213665857179,38.71292238282519],[111.84191400757736,38.713360876147924],[111.84182835422577,38.7135326454484],[111.84102754441552,38.71399781749976],[111.84014990867321,38.71434643149523],[111.83996554513587,38.71443853137942],[111.83926259113464,38.714789692216726],[111.83833886115511,38.71537733770547],[111.83765586696741,38.71590469860851],[111.83690409292618,38.71645056383109],[111.83594891426299,38.717056430603165],[111.83533166678176,38.71749322711197],[111.83477930623405,38.71801063069011],[111.8340032017741,38.718754827374134],[111.83351955923312,38.719312271546116],[111.8332622008867,38.71955281745589],[111.83305286817671,38.719720958592376],[111.83295956871122,38.71979368716412],[111.83281747982507,38.720245101829605],[111.8332536691512,38.72073743792419],[111.83423082759245,38.72102773623752],[111.83527491555505,38.721263501239726],[111.83620999015987,38.721518053492645],[111.8370562596265,38.72192186561457],[111.83763603405953,38.72270591776672],[111.83789651949742,38.72396517761707],[111.837975442487,38.72518520228075],[111.83795245924618,38.72598708224955],[111.83798358890459,38.72662192601148],[111.83823627661904,38.727457862263854],[111.83987827941732,38.72829283556844],[111.84076397347775,38.7285278969045],[111.84199468784102,38.72885451102728],[111.84270381254723,38.729042696053],[111.84481883585863,38.72969402953228],[111.84611112640374,38.730301736536624],[111.84756788833528,38.730836173150436],[111.84894691719978,38.73117748233993],[111.85004656793524,38.73147576724237],[111.85102871225152,38.73198658494205],[111.85279408800773,38.73277797924128],[111.85400963331746,38.7333295682169],[111.85581172364589,38.73418116272854],[111.85772220930137,38.73489681476239],[111.85851201045219,38.73514813075819],[111.85894989025319,38.73292768217936],[111.86031745847771,38.73024825817547],[111.86126414821638,38.72800092425686],[111.8617400483919,38.727091738098814],[111.8614909384572,38.72661690030575],[111.86038770784948,38.725957681480324],[111.85720950306205,38.724789342603394],[111.85269170898434,38.723535359911125],[111.84982076981028,38.722602914461135],[111.84773972416961,38.72156933817883],[111.84694146484779,38.72095544673753],[111.84699049210228,38.719954075642015],[111.84740399423856,38.71890239659941],[111.8481137911376,38.71718122214227],[111.84895876068009,38.71660308061998],[111.84961048453799,38.7151206558408],[111.8498971703951,38.713640881252594],[111.84916263673364,38.71326487733257],[111.84555989958244,38.71214696621565],[111.84221647812593,38.71113142605952]]],[[[111.90817382032428,38.75137001203297],[111.90730491274809,38.75092608366039],[111.90644171258218,38.75093278101379],[111.90499683774867,38.75045232910224],[111.90468178737916,38.75003170509326],[111.90468049800609,38.75002998375577],[111.90359382089586,38.74983323111461],[111.90299051584573,38.74995630676058],[111.90298995757095,38.74995618586377],[111.90291359616874,38.74993973733318],[111.90284358565346,38.749924656638925],[111.90248420332071,38.74984724194737],[111.90246927319598,38.749844026104206],[111.9021894119656,38.7497837402446],[111.90215509408762,38.74975380255327],[111.90210038860484,38.74970607847383],[111.90202754500497,38.749642531453325],[111.9019088880024,38.749539015856094],[111.90180047569288,38.749444438899886],[111.90177742944793,38.74942433362567],[111.90158724811182,38.74925842050536],[111.90156682818699,38.74924060635678],[111.90145114182211,38.74913968146042],[111.90136904838951,38.749068062216345],[111.90134315290707,38.74904547192845],[111.901198797903,38.7489346330605],[111.90110532430968,38.74886286085703],[111.90106706310237,38.74883348290221],[111.90086689528859,38.748679789110874],[111.9004596211275,38.748367068106944],[111.90039963631757,38.74832799903524],[111.89977746294096,38.747922767653556],[111.89921332585278,38.74755532948347],[111.89919383972253,38.74754263772608],[111.89868459121519,38.74707352318181],[111.89861652721652,38.74701082271146],[111.89855837864441,38.7469497754943],[111.89788408189418,38.74624186003009],[111.89775053715648,38.7460882714327],[111.89762706468782,38.74594626605955],[111.89726651293853,38.74553159451588],[111.89680483464576,38.7451180508353],[111.89675292810583,38.7451056506321],[111.89671576219592,38.74509677201385],[111.89607987291625,38.744944860497625],[111.89581134681616,38.74479504362172],[111.89565847719199,38.744709753584935],[111.89551588524127,38.74460024792056],[111.89529054418321,38.74442719276519],[111.89527437684524,38.74441477668634],[111.894927947687,38.74408971733334],[111.89431260055872,38.74380229321933],[111.89428453163367,38.743789181667175],[111.89335912153587,38.743356918793125],[111.89336805726558,38.74334499248755],[111.89347017088876,38.74320871143198],[111.89347137694455,38.743207101507764],[111.89355803548516,38.74323209001483],[111.89359774297843,38.74324353908954],[111.89385549802938,38.74331786173574],[111.89386268737489,38.74331993532825],[111.89393065134071,38.74333953205327],[111.89457854455323,38.74352634483176],[111.89549061843779,38.74354682618229],[111.89556562632714,38.74354850981163],[111.8955678894309,38.743548560932794],[111.89621191774181,38.74333508280471],[111.89689323502196,38.74306173041718],[111.89806678850701,38.742605840364284],[111.89927911185886,38.74220922580832],[111.89982934247631,38.74194223617146],[111.8998405803618,38.74193678365123],[111.89988667965284,38.741914414340506],[111.89988675968316,38.74191437589119],[111.90052683996541,38.74160378206951],[111.90120400293144,38.74100272439003],[111.90177079907114,38.74070043463964],[111.9022618576211,38.740607683234614],[111.90282947382455,38.740543943893265],[111.90283043410773,38.740543661735266],[111.90283392451785,38.740543269956575],[111.90325081752066,38.7404208818834],[111.90355322608674,38.740269585457476],[111.90381534381973,38.73993984683544],[111.90403980079533,38.73964019164618],[111.90445555802526,38.739428433394785],[111.90540154779626,38.73903381411434],[111.90588583995296,38.7382256799977],[111.90637538666581,38.73813319422057],[111.90637916040977,38.7381324812595],[111.90683475748882,38.738158661272635],[111.90683594759116,38.73815873040903],[111.90778416999196,38.73794282753918],[111.90922040708891,38.73721665967408],[111.9097457018492,38.7366465264509],[111.91015310913241,38.73577938740107],[111.910749371641,38.735168179449005],[111.9110985008917,38.73390704705784],[111.91143539555354,38.73359935161595],[111.9117708273336,38.73317726608892],[111.91260624458346,38.73187420005333],[111.91284430625433,38.73145286968071],[111.91284335559665,38.73143799242183],[111.91281389924731,38.73097643694733],[111.91253961572691,38.73046377220028],[111.91233786728887,38.72991240836282],[111.91233956148119,38.72990139827252],[111.91240530780429,38.729473344946825],[111.91271856259657,38.729223028689546],[111.91308000696571,38.72893420468613],[111.91368022217036,38.72828124118886],[111.91416005651831,38.72791696414848],[111.91416237881701,38.727915201154275],[111.9144563859367,38.728065437361096],[111.91455738609513,38.72835065056196],[111.91475404001055,38.72850164666607],[111.91524105648979,38.72851690098771],[111.91599382037897,38.728453882344006],[111.91599482667206,38.72845379789192],[111.91657773703662,38.72835389465301],[111.91705914680941,38.72793065010069],[111.91755702764546,38.727808320779744],[111.91755953930982,38.72780770384111],[111.91843239308083,38.72777749579149],[111.91843263061551,38.7277778155081],[111.9188069778104,38.72828206661482],[111.91943453375646,38.72976673137191],[111.91984125284206,38.73184733263109],[111.91984157165676,38.73184896686021],[111.91983596931968,38.73257031410024],[111.9198272254407,38.73369618077503],[111.91971145291235,38.734723954592226],[111.91962233347525,38.735515100531835],[111.91937710674844,38.73715558649896],[111.91924322000759,38.73845347584419],[111.91924177345427,38.738467495409665],[111.91935302503447,38.73861396005691],[111.91973819113345,38.73912103325456],[111.92020907166751,38.73974093714206],[111.9212152057017,38.74107364893526],[111.92214185751357,38.74213885143653],[111.92277260093641,38.743161671971464],[111.92278811664889,38.74318683103948],[111.92282760733946,38.74325086986725],[111.92286938409296,38.743318613594326],[111.92307428906601,38.74365087952784],[111.92308507656027,38.743669791985624],[111.9231968282276,38.743865719273124],[111.92334961869605,38.74413359349361],[111.92376166635928,38.744259926301694],[111.92417922031868,38.744387945429516],[111.92498899886552,38.744643709413275],[111.9252032396551,38.74473734795377],[111.92541603572336,38.744800288737565],[111.92541737446591,38.74479929898102],[111.92622200226809,38.74420388828275],[111.926970811547,38.743274404871286],[111.92850987894371,38.7416832204934],[111.92967663854866,38.740720606251465],[111.93035431977864,38.740178962881814],[111.93080726320643,38.73990722893855],[111.93094898080743,38.73922819232842],[111.93095050865853,38.73922087565816],[111.93094877053592,38.739211996906356],[111.9308282850988,38.73859621909213],[111.93044098449386,38.73806304799735],[111.92948781492665,38.73789187826431],[111.928876182639,38.73765840455179],[111.9279618255303,38.737546498455764],[111.92667098356812,38.73773548950617],[111.92583385004762,38.73771232913545],[111.9249563787637,38.73751073276538],[111.92438164795463,38.737187566136356],[111.92403243488154,38.736654074041866],[111.92347810215861,38.734960314107965],[111.92303405711948,38.732967760698926],[111.92251665916767,38.731184326789965],[111.92208300573287,38.72999607055737],[111.92187869302579,38.72889537794278],[111.92175005919341,38.72776429887959],[111.92155111395297,38.72708065208941],[111.92035541946616,38.72577922271818],[111.91938983666103,38.724624932542824],[111.9189201579568,38.72358590393496],[111.91841322987997,38.7226067514667],[111.91836379978248,38.72169131272958],[111.91836338243263,38.72168359080829],[111.91836359248315,38.72167511720126],[111.9183884471585,38.720670464850414],[111.91909069938453,38.71908597030192],[111.91945720208447,38.7180105769969],[111.91986706181584,38.717351928475246],[111.9201946042076,38.716248840698064],[111.92019513763417,38.7162470421188],[111.92019439652385,38.716232644262234],[111.9201445105699,38.71526430175235],[111.91956158390771,38.71428575080907],[111.91878856713733,38.71330869069583],[111.9185140327595,38.71265542183539],[111.91842347659242,38.71144948408688],[111.91842236379657,38.71143466755362],[111.91842326934389,38.711433287629674],[111.9187953199198,38.71086568979811],[111.91931920436714,38.710206145565955],[111.91992293620333,38.70984389234817],[111.91992272862838,38.70982769589332],[111.91991321770246,38.70908557269757],[111.91991301013532,38.70906937624056],[111.92016539545223,38.70799487608587],[111.92049457501172,38.706979355562865],[111.92109368505187,38.70625962780992],[111.92187904447928,38.70524050685789],[111.92277996070435,38.704339639341086],[111.92364705656475,38.70376674314539],[111.92458403067548,38.702716615015134],[111.9261614683097,38.701214527038005],[111.9273469611498,38.700162189023224],[111.92952671137505,38.69820839598288],[111.93147981999388,38.69637553593342],[111.93246271554212,38.6959506128439],[111.93280753146419,38.696156408616694],[111.93289555016374,38.697079261773965],[111.9331045772005,38.69853740625003],[111.9331573007664,38.69966908450398],[111.93389079664964,38.700527201066805],[111.93481011770648,38.70105611090284],[111.93663480947713,38.70104150960733],[111.93910691638403,38.70111105967165],[111.94085323894149,38.70091827002145],[111.94229895610161,38.700996004158576],[111.94543417213977,38.70234113304396],[111.94757991695299,38.70360482323719],[111.94910881355237,38.7042180574823],[111.94972022224626,38.70445142942774],[111.95025126429881,38.704357738082884],[111.95130545203759,38.703574573417576],[111.95202537764013,38.7033899621779],[111.95582732174313,38.70338873898936],[111.9593251405866,38.70338988686669],[111.96081212629296,38.703705391261636],[111.96322069403023,38.704698503510286],[111.96471533103512,38.70557994227478],[111.96582662617443,38.70622619263715],[111.96674344300595,38.70654632766372],[111.96879716382732,38.7065889154475],[111.97096050730131,38.706302843251216],[111.97228665798748,38.7059641120775],[111.97376365251118,38.70553473403582],[111.97479955549643,38.7055041552966],[111.97516985375736,38.70549322249767],[111.97589742793907,38.70587444758612],[111.97605567643892,38.706545038145336],[111.97605880918671,38.70655831668904],[111.97605589665295,38.70656123434609],[111.97485844656181,38.70776000841396],[111.97415632547977,38.70925545906484],[111.97406137898804,38.71058401582251],[111.97406045813779,38.71059689580281],[111.9740615999334,38.71060021201209],[111.97437714715154,38.71151780767174],[111.97518810485558,38.71243459871905],[111.97577298365573,38.713502228435715],[111.97605533344515,38.714691549282655],[111.97743951186268,38.71581207990799],[111.97900978317747,38.71663311543727],[111.98035155035188,38.717426255878145],[111.98191688840487,38.717949057895055],[111.98191781362262,38.717949367202365],[111.98191711001905,38.71796525313506],[111.98188875602789,38.718605031273164],[111.98188897765323,38.718621227412164],[111.98190157742152,38.719542067286795],[111.98190179905718,38.71955826342314],[111.98126843117917,38.720516921894124],[111.9812120856367,38.72190388887587],[111.98121152828828,38.721917617978626],[111.98123517655209,38.72195950887328],[111.98212622975439,38.72349552153778],[111.9844085951725,38.72593455671642],[111.98562944580061,38.72792820675461],[111.98607390412289,38.728641254340495],[111.98636836296825,38.72911364755821],[111.9872590153934,38.730268012943945],[111.98882649847316,38.73151022448055],[111.99024071854001,38.73354677566731],[111.99130401433784,38.734787361221336],[111.9920624090747,38.73657300620872],[111.99239643650188,38.736929467562256],[111.99333646619881,38.73793261033533],[111.9935727110454,38.73816601127301],[111.99419819937079,38.73783921062352],[111.99480054313376,38.737340399423516],[111.99535620471148,38.73660805205734],[111.99529240039644,38.7362075328737],[111.9950161347355,38.73555944229248],[111.99473772312867,38.73500525820065],[111.99469672094827,38.73424293636795],[111.99547785040664,38.73352128401755],[111.99573513098524,38.73232742129948],[111.99672919790768,38.731603946531514],[111.99796596982452,38.73083072557203],[111.99905192670354,38.730154113526574],[111.99980985237057,38.72995696683636],[112.00039154984721,38.730214158046635],[112.0014256102119,38.73018147223371],[112.0022249786462,38.72931465495937],[112.00267036378231,38.728440321531295],[112.00166545612771,38.7274176602907],[112.0029349016663,38.72651589239495],[112.00454876339053,38.72510901410684],[112.00556458376384,38.72382064570668],[112.00626821877819,38.72259877851151],[112.00715673611782,38.720875115882095],[112.00772218089784,38.71991601343237],[112.00769700638912,38.71938767415439],[112.0074783335658,38.71872928651741],[112.00707234062772,38.71789084202676],[112.00641067018739,38.71632992093284],[112.00622712280848,38.715035664950264],[112.0053259672248,38.714168727904294],[112.00465290397247,38.713348416976366],[112.00473105625508,38.713023785581036],[112.00516609980964,38.711610826244325],[112.00464115712816,38.711032209403385],[112.00479609850414,38.710285772765886],[112.0057528759389,38.709224678187255],[112.00795946077007,38.7086732265081],[112.01042197320561,38.707741278492975],[112.01226657851767,38.70753412852449],[112.01351671590677,38.70719553450784],[112.01760701980835,38.70687590025638],[112.01806266672281,38.70660934821398],[112.01809091452107,38.70607594665233],[112.018169489929,38.70530358944651],[112.01839308130951,38.704656243591295],[112.01883349540302,38.70414731242695],[112.01970178265874,38.703508375257904],[112.02025830788747,38.702849843476955],[112.02071741896125,38.701900045928596],[112.02065658412474,38.70101010830853],[112.02145021717114,38.69907266226682],[112.02182553944667,38.697663204229436],[112.02225827395688,38.696014907133495],[112.02215212418969,38.69496715885642],[112.02238724783304,38.69439309841536],[112.0230798422667,38.6939103701043],[112.0243433780251,38.694080373441224],[112.02503221707241,38.6941868899806],[112.02675551652469,38.69478609641853],[112.0289670615693,38.69526579414858],[112.0301793923711,38.6952839052697],[112.03186377393662,38.69530904675732],[112.03337637808751,38.69477256316272],[112.03431181902774,38.69426378918637],[112.03462995021482,38.693475081247],[112.03489091277392,38.69259093066114],[112.0350657342832,38.69132331783638],[112.03502078354548,38.69068043142973],[112.03518552918665,38.690249843643464],[112.03573034571826,38.6895655465747],[112.03567729169062,38.68923971311888],[112.0358249146681,38.68913312113275],[112.03638049429406,38.68893612195112],[112.03685746531322,38.688378193789454],[112.03722209729328,38.68814735727258],[112.03760698482023,38.687757318769926],[112.03804487610365,38.68747957401252],[112.03854290224713,38.687096582926394],[112.03879408200662,38.68669967393596],[112.03883522406355,38.68652354340947],[112.03884755842135,38.68641086378209],[112.03891195633302,38.68628760933783],[112.03906312978063,38.68611734713859],[112.03933613482917,38.685808843932364],[112.03933077511313,38.685438376361674],[112.03935635819836,38.685075689529356],[112.0393718987389,38.684729199879364],[112.03949793918055,38.684372661549354],[112.03969973961907,38.68419293784494],[112.03986355674783,38.68389770528375],[112.03988284375376,38.683549563475246],[112.03990869447074,38.68323473039326],[112.04011723872111,38.682937339552545],[112.04043965408657,38.6825245347504],[112.04071508031056,38.68222654775999],[112.04105144627799,38.68193755071051],[112.04157678844935,38.681680237711696],[112.0421230629219,38.68160863668514],[112.04224182009892,38.68152357501881],[112.04239084363496,38.68136809520993],[112.0425347394135,38.681131871628686],[112.04277394493432,38.68085326974234],[112.04311091890003,38.680607161556104],[112.04343054933452,38.68042317530851],[112.04388242332135,38.680322112026964],[112.04411952606486,38.68026755844533],[112.04435738247594,38.680176566938215],[112.04475653707675,38.68002523399325],[112.04514401389594,38.67990737027838],[112.04556064324535,38.67970344424363],[112.04594016431425,38.67945694842612],[112.04610183423777,38.679283900651726],[112.04612973819442,38.67911204932966],[112.04615139502603,38.679019436172965],[112.04619360281008,38.67890412567714],[112.04638525502781,38.67870220914218],[112.04658315042641,38.67848323127346],[112.04665697692435,38.67836134110116],[112.04683562368959,38.678328147718396],[112.04710352269446,38.6783335105456],[112.04754046207466,38.67827239720944],[112.04782518831922,38.67819834609128],[112.04811689818875,38.67818619805257],[112.04830427032333,38.67810825126814],[112.04845208993676,38.67796299672333],[112.04875604032944,38.67781343147999],[112.04934132779104,38.67774753995029],[112.04966080856022,38.67775981246555],[112.0502911935133,38.6777125973743],[112.0507628887893,38.677649814992805],[112.05128020356183,38.67779137505119],[112.0531622495486,38.67758377355006],[112.05337505295712,38.67758185695109],[112.05372689341273,38.67751591742696],[112.05470867937474,38.677274768292925],[112.05561722022804,38.676604253207074],[112.0561968639996,38.676051887932786],[112.05657679629068,38.675619249580954],[112.05768881061688,38.67508812225448],[112.05882752776078,38.674451036544724],[112.05958568809395,38.67267095164583],[112.06053396761536,38.67193716756558],[112.06219300722893,38.671342686048334],[112.06275608136522,38.671180269008104],[112.06373165778191,38.67054219399884],[112.06427477963965,38.67019306476748],[112.06466683572266,38.66938319577806],[112.06524336858908,38.6686292374395],[112.06601418972147,38.66859341937575],[112.0670442289161,38.66869921228926],[112.06755668450245,38.668579350558524],[112.0679568223647,38.66831652968994],[112.06857774058189,38.66808048607518],[112.06920122190074,38.668017194826575],[112.0697858338042,38.667810275040814],[112.07038491864004,38.66746054436727],[112.07085315531171,38.6671344456884],[112.07135216341912,38.66693204465609],[112.0718019384381,38.666842124175716],[112.07216309434389,38.66680063295677],[112.0725322636216,38.66682997476685],[112.07298499070578,38.66686400404979],[112.0733103874341,38.66675738401951],[112.07353741907318,38.66658621179043],[112.07398562441546,38.66618798153486],[112.07441900738536,38.66569446304626],[112.07481407327572,38.66542359789969],[112.07532564430508,38.665206172628594],[112.07585693835532,38.66491220087387],[112.07690651866062,38.66447755768457],[112.07763491763878,38.66424675406946],[112.07848476048753,38.663905309674874],[112.07967936482116,38.66329368233011],[112.08114534514462,38.66253653388746],[112.08146714780766,38.662104553932515],[112.08184807988232,38.66128972914552],[112.08222694980805,38.661040774489244],[112.08263659504948,38.660987892892805],[112.08303496250244,38.66084593498645],[112.0833674046047,38.66055022486923],[112.0835363034182,38.660226384831255],[112.08390055910338,38.65853804650627],[112.08414306072025,38.65801217201015],[112.08490551307179,38.65718910060293],[112.08548108402191,38.656788873769],[112.08632802454534,38.65654237639167],[112.08771855678249,38.65616809865571],[112.08818944662909,38.65602735760109],[112.0885126249297,38.65577890073888],[112.08880796423685,38.65539625706569],[112.08935133757349,38.654901656597254],[112.08952719862664,38.65479310714416],[112.08990080991347,38.65481015004816],[112.09075494832523,38.655435709829895],[112.09157544019536,38.65626315380185],[112.09275790071331,38.65674165239627],[112.09453140321695,38.65744498159574],[112.09584210574684,38.658112543471155],[112.09640779911057,38.65689463420084],[112.09661596996722,38.65632170319249],[112.09731799295128,38.65562265530843],[112.09774469267339,38.65515700820191],[112.09798661001712,38.65476598545602],[112.09855252982817,38.65428688033429],[112.09862478804848,38.65394604369523],[112.0986129131337,38.65316865008361],[112.09817557189047,38.651921461994434],[112.09777868175871,38.65129346457951],[112.09733384494444,38.65056872721799],[112.09659156616031,38.649640253060035],[112.09541449519634,38.64864295343082],[112.09485059280014,38.648235184156945],[112.09415994877426,38.647642319082195],[112.09378229894402,38.647257097455466],[112.09342333593898,38.646742117152385],[112.09327335694778,38.64638716151441],[112.09295816609585,38.64603375034852],[112.09252201945169,38.64587584311649],[112.09190394327129,38.6459788026624],[112.09043496624079,38.64581432693851],[112.08887561628829,38.64556093331802],[112.08834389368555,38.644996416907134],[112.08786377615094,38.64339211144272],[112.08738818490185,38.642085682069016],[112.08627092333386,38.641428022352876],[112.08568448821859,38.64068728331771],[112.08440984758757,38.63936276614253],[112.08341950763634,38.638400058230786],[112.08263728934007,38.63788491175643],[112.08021607787869,38.636298285030456],[112.079328250011,38.63585293177475],[112.07842892497473,38.63538608289187],[112.07732102796864,38.634321141049746],[112.07613117929101,38.633211387154745],[112.07538076627401,38.63274449383516],[112.07430475074425,38.63225324963431],[112.07255402586365,38.63169529428768],[112.07160864895384,38.63139416825977],[112.07121968372455,38.63101505117307],[112.07114111051077,38.63069896202326],[112.07117735371816,38.62984144494288],[112.07122362501923,38.62899921072403],[112.07119442740864,38.6279115190434],[112.07163547308727,38.62632816610759],[112.07165993201625,38.62589059206062],[112.07142844813865,38.62489192921097],[112.07092897864504,38.62360120214973],[112.07064051127955,38.62294781876241],[112.07002761054846,38.62234599491292],[112.06914915207715,38.621588664946636],[112.06813460391233,38.62105124325132],[112.06724375882013,38.62050053791],[112.06656384662324,38.61992892043266],[112.06604220362507,38.61955440929584],[112.06505544366334,38.618651111484105],[112.06465169499363,38.61829602111561],[112.06403771622327,38.61786083980907],[112.0630019295519,38.61717322965242],[112.06243624382257,38.616743402137075],[112.06190874928383,38.61596954926619],[112.06098703354242,38.61564220992295],[112.0600226982822,38.614909419024755],[112.056854291765,38.6128485172311],[112.05569567405857,38.61193948414798],[112.05521657524523,38.61129886017715],[112.05374195966763,38.610168125570056],[112.05336558643873,38.61014469222837],[112.05086255027665,38.60828600161701],[112.04716981682985,38.60582998196084],[112.04574557170777,38.60441727730414],[112.044853340348,38.603626135569094],[112.04368811911955,38.60298860742835],[112.04301608017634,38.60219548622321],[112.0425982901414,38.60185364776167],[112.04113290581247,38.601391547301056],[112.03957750699762,38.600411883956575],[112.0385499755218,38.59977307867816],[112.03813370604274,38.599176086526],[112.03789189962649,38.598510056380455],[112.03811358395794,38.59777916904575],[112.0387307057678,38.5965588265258],[112.03882784894546,38.595780450090565],[112.03788955671386,38.59309176703834],[112.03730208853965,38.592427447949554],[112.03642965966951,38.592035649158696],[112.03596186164377,38.59126319796592],[112.03572234768728,38.590154001436325],[112.03543447205176,38.59044072152139],[112.03506848570426,38.59178301285617],[112.03412341315105,38.59304403163838],[112.03227861214161,38.594896119055555],[112.03045351855907,38.59620806484258],[112.02871029180373,38.59747606535107],[112.02753719047826,38.5981990917083],[112.0263038005817,38.598555477829],[112.02589533141251,38.598861426456004],[112.02535971602532,38.59990280864645],[112.02498397480309,38.600575627213516],[112.02478286399993,38.60191644284127],[112.02435237590211,38.602611336366664],[112.02382849697351,38.6031370023907],[112.02318975739261,38.60367331268674],[112.02234031077529,38.6039399077325],[112.02162631521165,38.60405413210394],[112.0207695154061,38.60380243816344],[112.01969011404617,38.6033798954835],[112.01850950016555,38.60358455599521],[112.01774015600321,38.603677640722154],[112.01702219359919,38.60351110058317],[112.01638344278793,38.60310629424084],[112.01599207352636,38.60267774080504],[112.01551906287874,38.602314686764956],[112.01518456770691,38.60201522135376],[112.01503814770517,38.601390158994654],[112.01500363432444,38.600893712002765],[112.01499510571736,38.60065585716819],[112.01483365308749,38.60054962475173],[112.01452438210379,38.60051883527388],[112.01417214624598,38.60058740055691],[112.01367300602097,38.60071267121243],[112.01323967591063,38.60071461986404],[112.01286858347824,38.600558615158796],[112.01271194743562,38.60041358815338],[112.01246368064477,38.600332577717495],[112.01221110702113,38.60041792063867],[112.0118624778093,38.600743458412296],[112.0114285672084,38.601097447384056],[112.01050260508336,38.601796572234754],[112.00992772063618,38.60201751060168],[112.00935283492412,38.60223844706459],[112.0092748128857,38.602563084808494],[112.00928086150063,38.60299498683725],[112.00914719314686,38.603276908993855],[112.0078038436389,38.60365564661604],[112.00651672617673,38.60412027511956],[112.00591308413178,38.60425505124752],[112.00437314022358,38.604354669208945],[112.00333364556141,38.6043664370945],[112.00258601003638,38.604432326378415],[112.00162284361816,38.60467106583658],[112.0008602821236,38.60502704389712],[112.00028771629113,38.60541857012393],[111.99988392959878,38.605682253115006],[111.99949826382519,38.60588629794136],[111.99921753724779,38.60614149216947],[111.99880478334781,38.60644242425996],[111.99842240733412,38.60688436361024],[111.99815475168484,38.60739967562314],[111.9978356877715,38.60875790802825],[111.99799164587272,38.60941890573699],[111.99748626350524,38.61002794899331],[111.99682810846654,38.610206337641465],[111.99473602160356,38.61064899408659],[111.99358858916196,38.610918207555095],[111.99314623239685,38.611137583362165],[111.99279211912024,38.61157183001658],[111.99240286704567,38.61220712343028],[111.99200269933887,38.61273841554429],[111.99177728028722,38.613573067459285],[111.99157326274346,38.614585983293765],[111.99141078659618,38.615174739700834],[111.991276299443,38.6157281669714],[111.99120875847437,38.61588363431324],[111.99120128276098,38.61618437808323],[111.9912398804161,38.616457395706426],[111.9912581399407,38.61694015144643],[111.99087624700046,38.61728900777469],[111.99030855679852,38.61768517843574],[111.990058894449,38.618053674550886],[111.98986034549127,38.61828018081946],[111.98976712188008,38.618447507462534],[111.98970252703884,38.61867539344634],[111.98931816379205,38.6194406352575],[111.98913549075834,38.619669967874266],[111.98881245910674,38.61982759434445],[111.98773334440382,38.61990048810004],[111.98675799623285,38.61991782970372],[111.98627138135203,38.62000393381962],[111.9855403969934,38.62005565256035],[111.98500745222151,38.62015125511134],[111.98498972138061,38.6201620095522],[111.9845351869335,38.620437686284156],[111.9842826929071,38.620658486347395],[111.98392679953257,38.620962160177534],[111.98301223502871,38.621179410897],[111.98272315102419,38.62127295393518],[111.98237612792983,38.62137609619454],[111.98214486107426,38.621450929064906],[111.98188012054696,38.62162626948613],[111.98169605069421,38.62175537338208],[111.98151322207649,38.62197558382301],[111.98134076175515,38.62210459246787],[111.98099373142477,38.6222077279987],[111.9807645491298,38.62232892488094],[111.98048719841508,38.622431476588936],[111.98026006115336,38.622584161875025],[111.97925336045923,38.62362221669834],[111.97823730675265,38.62397392292701],[111.97741224357273,38.62442219456843],[111.97706891655828,38.62479226606634],[111.97570022826616,38.625081933265285],[111.97496967094456,38.624920792867286],[111.97428254549715,38.624824040527706],[111.97386788693548,38.62475063623662],[111.97355858197875,38.624872587744164],[111.97349084658592,38.62504412131335],[111.97372208234894,38.625238608382524],[111.9739009744257,38.625587244834655],[111.97358458959614,38.62634136487877],[111.97320648462691,38.626704341382336],[111.97287076006067,38.627127569440205],[111.97246451879991,38.62731109954462],[111.9714992367675,38.627176140767986],[111.96987082591755,38.62726248781556],[111.96910899495856,38.62712851952387],[111.96846316784843,38.62730921793273],[111.96811667201621,38.628013814813876],[111.96778654034934,38.628524740207986],[111.96720893012761,38.62879254265864],[111.96663906218993,38.62887550897275],[111.96616030357531,38.62894520887387],[111.96597992405925,38.62906201569997],[111.96596038555471,38.62920835320085],[111.96594318343638,38.629402323037134],[111.96580570802116,38.62969175403725],[111.96487621671129,38.631072256907714],[111.96394975057618,38.63268153054609],[111.96316372621955,38.63388923328348],[111.96164236109725,38.63464536483148],[111.96070814513587,38.635682664169195],[111.96066316961249,38.63607707822536],[111.9609969041844,38.63714276279645],[111.9615139829799,38.63763425927839],[111.96229972839679,38.63821887836214],[111.96323133607463,38.638802292026334],[111.96450812752214,38.63974512753506],[111.96539959492974,38.640958068605755],[111.9662772683636,38.64114149325651],[111.96706381731771,38.64138395194489],[111.96720705873842,38.64250686509036],[111.96664216012692,38.64350502253585],[111.96557811526328,38.64424812595686],[111.96475955997887,38.64481641794207],[111.96377041183587,38.64611072552775],[111.96311692213192,38.646714882347304],[111.96247105546915,38.647506714234794],[111.96155262718037,38.648372285348884],[111.96061441686982,38.64912360810891],[111.95974759681089,38.64975993674992],[111.95908254732119,38.650511127040495],[111.95712616658128,38.65149599560991],[111.95459487428916,38.653137379624056],[111.95302211346869,38.65372221574786],[111.95182159613728,38.65487601368677],[111.95012720555968,38.65546180067462],[111.94873657325117,38.6554088486615],[111.94839393359338,38.655395798438555],[111.94786424124837,38.65496059652614],[111.94729012708088,38.65475702635019],[111.94665206109323,38.65489156514424],[111.94594871557648,38.65481626516829],[111.94560290020117,38.65443840425359],[111.94550023541002,38.65391649996004],[111.9451787659719,38.65334809161521],[111.94445057604122,38.653145277528004],[111.94354286594276,38.6528572616869],[111.94278843335927,38.65276883541699],[111.94221724428664,38.6528679463327],[111.9417372564726,38.6532963839507],[111.94098957710528,38.65345669770664],[111.94022986545313,38.65351462278344],[111.9397335153659,38.65344091910723],[111.93912405650381,38.6525029686817],[111.93845415920738,38.651964916389296],[111.93757676935658,38.65168842386725],[111.93659993867159,38.65187345438032],[111.93571910805628,38.65201425052798],[111.93484194313258,38.651574801194116],[111.93424743789923,38.65129302007246],[111.93338079174235,38.65108404058094],[111.93269986975683,38.650853198635],[111.93245517818464,38.6505716208837],[111.93223893226453,38.650159866081516],[111.93238466629131,38.649780667303105],[111.93259157115068,38.64947186213333],[111.93275221242317,38.649080730887626],[111.93274777062342,38.64873816929923],[111.9325937187084,38.64859534747045],[111.93127861205905,38.6482775298342],[111.93011073258303,38.64781302182697],[111.9291651239556,38.64746518787785],[111.92837840022763,38.647151570703926],[111.92680186466002,38.64745007728792],[111.9251037590652,38.647749524159686],[111.9238395758791,38.6484773096542],[111.92262956211955,38.64861644483549],[111.92138343058295,38.64808632423027],[111.92003158614634,38.6479025863028],[111.91867588856753,38.64741649549453],[111.9176784708134,38.64694917549711],[111.91638729581797,38.64638416554918],[111.91549221596954,38.64649480889323],[111.91507470189943,38.64654641736875],[111.91400348454935,38.64677076908349],[111.91351850330798,38.64761686450365],[111.91324023088447,38.648765621467405],[111.91210491187455,38.64925939319212],[111.91203242008935,38.64979460726536],[111.91194847751464,38.65025212880193],[111.91181913195823,38.65048012261322],[111.91147160295746,38.65058230057915],[111.91077655145124,38.65074830254175],[111.91049289696613,38.650925631571724],[111.91044863860982,38.65118708399193],[111.91051646146407,38.65153469967328],[111.91035259797188,38.652069057268825],[111.90900984379736,38.65276491771173],[111.90705428499423,38.65284831891445],[111.90571706345251,38.652858679786554],[111.90450979750793,38.653535369433875],[111.90367200312491,38.654590537319024],[111.90270663113046,38.65517000275925],[111.90149212845783,38.65527470404362],[111.90040277149686,38.65566443737664],[111.8985935024563,38.65682237602761],[111.89722815580384,38.657818858868296],[111.89690858984666,38.658319261374665],[111.89699808520574,38.65886931376947],[111.89792234851744,38.66009328791703],[111.89867733668935,38.660994589371256],[111.89895955681578,38.661722967400294],[111.89882694455765,38.662539438395896],[111.89797548775253,38.6627379242508],[111.89619256238598,38.66267196161996],[111.89516820700665,38.66293465389218],[111.89413925911818,38.66359584071973],[111.89298876913891,38.66366104475178],[111.8924581428826,38.66386364798574],[111.89119148159247,38.66434726724997],[111.88959818159785,38.66470495720184],[111.88852447910993,38.66475631404621],[111.88610720926017,38.66531459018589],[111.88417588343682,38.66507003420065],[111.88262940291166,38.66475774973714],[111.88212061662283,38.663703303403686],[111.88167196703535,38.66305875795253],[111.8813623646465,38.662521151353644],[111.88053605083736,38.66252737408693],[111.87946342934218,38.66266502839831],[111.87798133722114,38.66310811561915],[111.87679852405189,38.663246573530444],[111.87571308443192,38.6632347282026],[111.87471610240891,38.66374270036339],[111.8736053438277,38.66460403631917],[111.87214328186809,38.66519088371339],[111.87122860940072,38.665485667733876],[111.86996875446255,38.66457354541454],[111.8687862103969,38.66397760194354],[111.86735528893148,38.66410340865593],[111.86511119477765,38.66380326246617],[111.86292950911995,38.66258111200195],[111.861377736348,38.66181503310286],[111.86074203877696,38.660869415800086],[111.86032463845245,38.659749409517644],[111.85930627888125,38.659775093481315],[111.85844525155755,38.66033215482432],[111.85766050874741,38.66035770951596],[111.85650828924581,38.660366151636204],[111.85552358731876,38.66094929443051],[111.8545779909201,38.66173372275499],[111.85348615369877,38.66257680360743],[111.85213584949217,38.663306570728196],[111.85074265640972,38.66351828929508],[111.84927124224161,38.66332740384656],[111.84801883154964,38.663019724421616],[111.84679701335507,38.66266111270535],[111.84616290198151,38.66302321084094],[111.84530959876442,38.66375925495642],[111.84458319375537,38.66445562752232],[111.84355654570875,38.66460702113917],[111.843006547535,38.66459337758516],[111.84269571280845,38.664664538135966],[111.84260519519677,38.66482994218632],[111.84255078745696,38.665254543240806],[111.84231972119123,38.665995541745254],[111.84199224246922,38.66669337542042],[111.84172634120272,38.66772337376631],[111.8419849534159,38.66871240684789],[111.84207667121933,38.66906306315455],[111.84219911831171,38.66958465370841],[111.84243468684858,38.670812565489705],[111.84259051250285,38.67222121371181],[111.84214855049531,38.67330086709039],[111.84116620651555,38.67398804725345],[111.84030867363215,38.67441759058138],[111.83963875942722,38.674800742415975],[111.83887962958546,38.67535568225386],[111.838192545301,38.676238897905854],[111.83799007942959,38.67689932382048],[111.8378175227197,38.67746218429658],[111.83776280609966,38.6783566807499],[111.83776716082073,38.678357513425986],[111.83776725245693,38.67835600932817],[111.8383986494321,38.678476785539544],[111.83998572270949,38.678989743314695],[111.84322130363756,38.68006281959663],[111.84548405499973,38.68114284205512],[111.84637833737987,38.68150698163685],[111.84743945858297,38.68193904207084],[111.84909254935836,38.68288040683193],[111.85123555034224,38.684104189389814],[111.8528927011,38.685379144252245],[111.85339504225824,38.68671017491518],[111.8538979701677,38.68808886646927],[111.85403432944305,38.68932723006117],[111.85489650944146,38.69022661547238],[111.85618272052446,38.69097988833313],[111.85801687594308,38.69177679622146],[111.86002610409284,38.691952708056256],[111.86185174703584,38.692034603209244],[111.86379960160113,38.692163234789305],[111.86489487750578,38.69220280756789],[111.86502225043448,38.69267854094104],[111.8646642325088,38.69325320043833],[111.8638299818845,38.69468939335978],[111.86378062705079,38.69564310952098],[111.86397455355784,38.69659502825981],[111.8644806243093,38.6982119856471],[111.86517033702705,38.69992291595013],[111.86646603090942,38.701438684228705],[111.86769922580902,38.70281189778871],[111.8687447977169,38.703757485028014],[111.8697760276194,38.70374981954231],[111.86977884842172,38.70374979855938],[111.87074744764614,38.703361250076696],[111.87225594260957,38.70234899019854],[111.87322306480355,38.70219940864454],[111.87322740767634,38.70219873664501],[111.87523463732364,38.702183731105364],[111.87834196259641,38.702589439406125],[111.88114137242204,38.70294927862914],[111.88114460894522,38.70294969472939],[111.88162594709074,38.70251705883755],[111.8814820615652,38.70070677956747],[111.88067732417883,38.69956882339169],[111.87973812248329,38.697383186813795],[111.87939900113754,38.694525685962205],[111.87993060257239,38.693234663795394],[111.8808194839149,38.69132126952553],[111.88406247579142,38.687960068861955],[111.887665902432,38.68426236971847],[111.88989088761436,38.68224358440577],[111.88989106831656,38.68224342088667],[111.89074119766417,38.68214161349745],[111.89244161053416,38.68212865051693],[111.8924438179903,38.6821286336713],[111.89377526219043,38.68173757925156],[111.89377684692512,38.681737114037524],[111.89523503854149,38.681630626144575],[111.89693764467067,38.681617581042005],[111.89912361104274,38.68155318322267],[111.89912611081189,38.68155310905476],[111.90197328111888,38.680673169706125],[111.90530618711462,38.67951273759046],[111.90645371541923,38.679113167403],[111.90826840178909,38.67867103499427],[111.90827244475825,38.67867004964786],[111.90894792701594,38.67918914549438],[111.90993589560729,38.6803731520874],[111.91103584305915,38.680793597855335],[111.91212590310154,38.680737601862496],[111.91212975271229,38.68073740338792],[111.91261136085889,38.680352306169844],[111.91284792446828,38.67982611713125],[111.91338790456683,38.67924989062336],[111.91410923378209,38.67886474602961],[111.9141127151072,38.67886288659201],[111.91442158995685,38.67924181276538],[111.91479612895067,38.680001565266174],[111.91541389908585,38.68075941186746],[111.91590019521834,38.68085067195792],[111.91590156490815,38.68085092966894],[111.91687081824189,38.6805573300353],[111.91838609691014,38.68016410054779],[111.91983783860874,38.67986745928799],[111.91984177348478,38.679866655452955],[111.92112296477653,38.68019024527429],[111.9222911190999,38.68118205668234],[111.92260800306232,38.682180575978705],[111.92316261742779,38.682748208940815],[111.92364982793242,38.68283960420129],[111.9236503048722,38.68283969411736],[111.92468158643224,38.68264087502477],[111.9252147400008,38.68154030537717],[111.92563056483166,38.68077433481859],[111.92586212078696,38.67986681901072],[111.92652544911445,38.67943255840653],[111.92834182706855,38.67913278990291],[111.92834590369932,38.67913211707431],[111.92871437468446,38.67912919242855],[111.93047406668641,38.67911520590185],[111.93156552487683,38.679058954656966],[111.93156793308239,38.679058830080585],[111.9323359673766,38.678851328034064],[111.93265626300241,38.67876479177914],[111.93344471334137,38.67875850126213],[111.93442068043399,38.67898904596179],[111.93564111363322,38.6793129619648],[111.93777611865556,38.679820204201654],[111.93961024390201,38.68056816269527],[111.94137735490308,38.680839959201904],[111.94166206145388,38.68121365550913],[111.94181049343511,38.68140848009117],[111.9416443136513,38.68264917156443],[111.94099290754406,38.68398910476864],[111.94017214927561,38.68633141012773],[111.93976007458083,38.687303280828544],[111.93952317929234,38.68786198216352],[111.9389393543591,38.68972570123789],[111.93792170428964,38.69097321884696],[111.93550419021115,38.6921365199415],[111.9336870958059,38.69238881976242],[111.93217142441068,38.69257086976733],[111.93217120015493,38.69257103730159],[111.93112370858775,38.69335385344209],[111.93031166533169,38.69452340068715],[111.92942661271192,38.69569352251065],[111.92935618082875,38.6957737406144],[111.9289357611334,38.696252570111405],[111.92834764812221,38.696922377753744],[111.92734015418071,38.69803625508029],[111.92628520213535,38.699245834440795],[111.92501346203288,38.70062872096763],[111.92462717855933,38.701032950944956],[111.92360963781833,38.702097739624726],[111.92345290543363,38.70226174499675],[111.92289579906823,38.70280118001567],[111.92256365881208,38.70312277908718],[111.92253964210143,38.703146033446686],[111.9215324622278,38.70429799124468],[111.92067001200375,38.70535346600632],[111.91969198568985,38.706886517207664],[111.91936672833091,38.708090291542966],[111.91903584736689,38.70885556967567],[111.91862879002883,38.709373575461626],[111.91806932597879,38.71011130039615],[111.91788692484515,38.7103518150905],[111.91736598467388,38.71148085096857],[111.91745067939601,38.712395398919334],[111.9179271519048,38.713497540734075],[111.91886574062357,38.71457698229114],[111.91886477471893,38.714592059263815],[111.91885973844379,38.71467069311347],[111.91876432795118,38.716160332560214],[111.91865306979223,38.716767349964],[111.91862783867492,38.716905013820856],[111.91781637870356,38.7186321735968],[111.91733382405913,38.71943677064905],[111.91692335235959,38.720169298971534],[111.91683207058585,38.72073325738465],[111.91675416977512,38.721214537758506],[111.91669358192726,38.72218742425647],[111.91688816646956,38.72312970941986],[111.9172854619832,38.724043621381256],[111.91732939344789,38.724144677094706],[111.91741478060995,38.7243410914642],[111.91744877417912,38.724970801127284],[111.91745809413419,38.7251434342151],[111.91746262250936,38.725227326406056],[111.91743697563962,38.72579315320937],[111.9174127894356,38.72632674355165],[111.91752985362795,38.72650564458087],[111.91760786897775,38.726624868241004],[111.91763187167845,38.72666154926139],[111.91779182072699,38.726905982910196],[111.91783549744504,38.726972729202764],[111.91783808834157,38.726976689461644],[111.91777158825134,38.726973274181766],[111.91741724878028,38.726955076862936],[111.91696002725708,38.726967985428274],[111.9169646342492,38.72698015502639],[111.91696436714813,38.726980400335336],[111.9168779654595,38.727059431613235],[111.91655854102936,38.72735160503082],[111.91610638171163,38.72768286095946],[111.91572685448067,38.727745417351464],[111.9157268078431,38.72774536727243],[111.91553404959718,38.72753838416811],[111.91553384287042,38.72752218684179],[111.91552986744449,38.7272107042223],[111.91586033540024,38.72628456495713],[111.9158586053934,38.72627263580566],[111.91573522406922,38.72542157703237],[111.91482370206181,38.725518089210276],[111.91482348990812,38.72551831516776],[111.91437344445036,38.72599828318448],[111.9139231819899,38.72647847544996],[111.91328845860038,38.727406987534636],[111.91235213879958,38.72854639353456],[111.91156298705374,38.729297348926245],[111.91153384262331,38.72994070928074],[111.91153328587428,38.72995300402812],[111.9116553255282,38.730577683916174],[111.91174098310402,38.73142724808317],[111.91174236738492,38.73144097255981],[111.91166173780361,38.731610186362886],[111.91155713454239,38.73182971250549],[111.911255913955,38.73207039601975],[111.91096074519521,38.7327877035145],[111.91073633828738,38.733087371730264],[111.91032101457434,38.73332894261438],[111.91014724722498,38.7338385096218],[111.91013765950841,38.73386662500748],[111.90995505772447,38.73446388586305],[111.90954350037647,38.73500334429065],[111.90932399116987,38.73569026684946],[111.90891431000264,38.73637866774367],[111.90831218851875,38.73688981053205],[111.90740503332248,38.73734373470414],[111.90740188117874,38.737343759172596],[111.90641614893468,38.73735140582925],[111.90546680383001,38.7374779306992],[111.90546677269909,38.73747801561473],[111.90528302613906,38.737985816715735],[111.90494673193443,38.73846509225914],[111.9042285807796,38.73882815200731],[111.90364652382824,38.73922978296205],[111.90339894598831,38.73940061382445],[111.90256704688218,38.73979433427144],[111.9016564466118,38.739980112866185],[111.90097405413066,38.74016412566052],[111.9002939023301,38.74052686929611],[111.89984532338138,38.741155954198675],[111.89901338523596,38.74154964970658],[111.89837012689529,38.741822722833824],[111.89783948206129,38.74197575917184],[111.89711902391626,38.74216004189264],[111.89628631293037,38.742494141149976],[111.89518696376072,38.742800484021544],[111.89518562253784,38.742800292515824],[111.8941961442537,38.74265910758149],[111.89274406398282,38.74213395038218],[111.89196850731743,38.74094819253277],[111.8914588534877,38.73973060888412],[111.89090896312602,38.7383345789248],[111.8902054800646,38.736820546324694],[111.89007732841418,38.735689426319965],[111.89007802616054,38.73568115083304],[111.89024309123911,38.733721892686745],[111.89024242201528,38.73371124681151],[111.89010089807314,38.73145878328299],[111.88971245915727,38.73080631604538],[111.88871332643474,38.7299797381883],[111.88737268501757,38.72921532912313],[111.88645223817035,38.72859667873501],[111.8854616300871,38.72845522539584],[111.88546014868632,38.728456323874234],[111.88493399498684,38.728846516862774],[111.88409991027747,38.729061371328456],[111.88409761409827,38.729061491384044],[111.88276959932193,38.72913100738896],[111.88086590916167,38.728966614486275],[111.87900208314183,38.728950849691174],[111.87568984848049,38.728677785106065],[111.8732135654035,38.728338801494964],[111.87039540021755,38.72803210319774],[111.86818464431511,38.72763145251428],[111.8662049659695,38.727467383863704],[111.86463787003775,38.7268235581387],[111.86278481488826,38.72611473885446],[111.86277512235806,38.72611103154998],[111.86291988765682,38.7265101656612],[111.86295708931596,38.72661273303675],[111.86296680069167,38.72663950864828],[111.86302895716904,38.72681087647581],[111.86303398475725,38.72682473862894],[111.86310330895111,38.72701587098696],[111.86315827970141,38.727167426550885],[111.86410747418199,38.72736437606135],[111.86525373806145,38.72780278127793],[111.86628628824036,38.72827180623517],[111.86779889212058,38.728305874344706],[111.87206689511152,38.72898912636474],[111.87529822644527,38.72948931846833],[111.87980508560908,38.72978916103109],[111.88266730523205,38.72995825524486],[111.88412649447663,38.72985189407801],[111.88412798383139,38.729851436921386],[111.88539960397848,38.72946092225582],[111.88540115797716,38.72946113838695],[111.88637493933477,38.729596533090394],[111.88766218895486,38.73034944419918],[111.88797851902076,38.73060764940556],[111.88828050487838,38.73085414252262],[111.88838032850352,38.73093562187952],[111.88838047256385,38.73093573968943],[111.8886458064483,38.731152313978],[111.88889688233088,38.73177007864923],[111.88909065608927,38.73267428385357],[111.88909003903176,38.73268666363832],[111.88899317520435,38.734629380486616],[111.88899388088213,38.73463546627914],[111.88899337597852,38.734645577010944],[111.88904458032764,38.73508696686345],[111.88917940812709,38.7362491714902],[111.88919779958239,38.73640770795229],[111.88958125028061,38.73788247335168],[111.89004307321818,38.7391275410841],[111.89046281508801,38.74025911942172],[111.8905611854812,38.74057874915625],[111.89100044988925,38.74200599274939],[111.89103362672097,38.742113787971775],[111.89104919910935,38.74216811219149],[111.89113779965656,38.742477213477166],[111.89113883248433,38.74248081867689],[111.89123107208765,38.742802610400076],[111.89127748862379,38.74296454302658],[111.89127776873333,38.742965517348395],[111.89141536996381,38.74344555718819],[111.8922733412555,38.74391568268041],[111.89309591665756,38.74432553278562],[111.89349826509704,38.74452599975106],[111.89496963209511,38.74537275196719],[111.89519655237356,38.745469998588995],[111.89559886627158,38.745642408780235],[111.89649950926618,38.746028368147925],[111.896932103008,38.74654938693248],[111.89736835482653,38.74700587217459],[111.89767925305895,38.747372520652654],[111.89817151284005,38.74795304561147],[111.8990259294078,38.748487651831454],[111.90013410676072,38.74912962662498],[111.9002527146124,38.749199629641524],[111.90093133548737,38.749600153530416],[111.90213599941062,38.75048581075851],[111.90296942557555,38.75071212660987],[111.90327254295474,38.750794435310866],[111.90396198047485,38.750789106253556],[111.90487421801956,38.750954825282726],[111.90498834584986,38.75125630328845],[111.90578973467352,38.75137968049494],[111.90650730020137,38.75141731215223],[111.90720982695646,38.75119448308344],[111.90783422236184,38.75169664505541],[111.90812035590916,38.75221295601605],[111.90778709032472,38.752782016703904],[111.90855482873356,38.75253470938049],[111.90857190020496,38.75181759291385],[111.90817382032428,38.75137001203297]]]]},"properties":{"code":"SXNR-N04","name_short":"芦芽山","name_full":"山西芦芽山国家级自然保护区","zone":"experimental","area_km2":143.047,"feature_count":2}}]}