{"type":"FeatureCollection","features":[{"type":"Feature","geometry":{"type":"MultiPolygon","coordinates":[[[[112.27264288384079,38.32913199539505],[112.27232900689994,38.32848591046341],[112.27177918993084,38.32732398275018],[112.27171181116216,38.32717434736105],[112.27133062042535,38.32632779588508],[112.27133308242328,38.32603579565844],[112.27122148033149,38.32570927992073],[112.27117381455179,38.325578706379446],[112.27082551704682,38.32555864818593],[112.27020365909435,38.32589985392224],[112.26966277297461,38.326113481900116],[112.26936845326469,38.3261524211106],[112.26925459722986,38.3261298193989],[112.26917016031014,38.32605922917552],[112.2691530598744,38.32594620001522],[112.26930023476575,38.3257762964224],[112.26934584367501,38.325723643011976],[112.2695017485527,38.32555511301858],[112.2697334855849,38.32539767881117],[112.27005295731416,38.32506649358387],[112.27024386429476,38.32473670016185],[112.2703801659925,38.32431215885354],[112.27080193360642,38.32334228792834],[112.27112354257139,38.32270122687221],[112.27155261623301,38.322583359175084],[112.27204964461,38.32245879474331],[112.27211068757214,38.32244270050072],[112.27259173291266,38.322315864111594],[112.27282407923316,38.32219416837405],[112.27319697951732,38.32189218776812],[112.27408561845336,38.32123900032748],[112.27424077161861,38.32102876206759],[112.27423060152185,38.320879906229905],[112.2740077534914,38.32067973384362],[112.27343527923786,38.32038206171696],[112.2726979042503,38.320169598553576],[112.27184689347128,38.31994644521118],[112.27149633440105,38.31979532297858],[112.27147010861131,38.3195930136871],[112.27152904263124,38.3195029945055],[112.2718017953731,38.31952982908725],[112.27217420702871,38.319633045123894],[112.2729858408596,38.319767243365355],[112.27345666613213,38.31987534507325],[112.27395774043576,38.31998311538108],[112.27458231321009,38.32023254963336],[112.2756249975441,38.32060256369917],[112.27592998791464,38.32074225222882],[112.27649944367693,38.32086714360664],[112.27674920294771,38.320876341776874],[112.27735002589384,38.320785279756095],[112.27741622197783,38.32079106719821],[112.27813654899832,38.320628839266],[112.27840867898638,38.32061991315851],[112.27894600543057,38.320637887619135],[112.27952964653048,38.320708982371286],[112.27988705530144,38.3208182955386],[112.2801604207781,38.32092789088636],[112.28048918661881,38.3210596959464],[112.28083178132681,38.32120720810539],[112.28109078130288,38.321311634265165],[112.28164976228545,38.321367439510254],[112.28209801482298,38.32138404518833],[112.28234777624,38.32139323138899],[112.28273533561165,38.32149624713896],[112.28328580009958,38.32182986636755],[112.28398110658644,38.32222744137359],[112.28482264231134,38.322765693990064],[112.28527979993524,38.32304146227169],[112.28609159044238,38.32343774779995],[112.28655593089805,38.323690066596775],[112.28710351733143,38.32388889222411],[112.28764057231102,38.32411671500836],[112.28916158309688,38.32458145790281],[112.28965016391456,38.32470596240803],[112.29009339697676,38.324919192478],[112.29060849144915,38.324961192772584],[112.29088014916093,38.324924833380074],[112.29159184844863,38.32479305578567],[112.29238790554939,38.32464127643683],[112.29284080570908,38.32458861431947],[112.29318590708363,38.324599108893366],[112.29371948944342,38.32465995852575],[112.29385160564404,38.32465850092199],[112.2942397864467,38.324654216461745],[112.29498367637734,38.32463170166269],[112.29554606725443,38.324611187443],[112.29660950001906,38.32452316116025],[112.29718884985043,38.32443571568227],[112.29793231108391,38.32438935198612],[112.29830220708178,38.324432925449486],[112.29863111551842,38.324553222748854],[112.29907037034302,38.32475333323198],[112.29988269801619,38.32514718612176],[112.29990662201878,38.325158784797004],[112.30060219854845,38.32547998700746],[112.30095454899822,38.325557115009424],[112.3011905847584,38.325559262462875],[112.30161417131774,38.32555932785135],[112.30181262694794,38.3254903872715],[112.30233011355344,38.32532733296713],[112.30306914082044,38.32503310765106],[112.3035375378718,38.324832457083424],[112.30412701480874,38.324635226260746],[112.30481328858548,38.3244369145896],[112.30568054226835,38.324207981901615],[112.3059007906752,38.32416270599151],[112.3060483018099,38.32413238184037],[112.30678056764802,38.32380007392856],[112.30695495144292,38.32371041631888],[112.30707435615979,38.32364902478757],[112.30725525211638,38.323613640020696],[112.30749681784262,38.323587111077295],[112.30769594856018,38.323556289486355],[112.30802980323872,38.323614534744976],[112.30814603551616,38.32368474119244],[112.3083660586956,38.323806225684905],[112.30859903893216,38.32397523411732],[112.3089534460317,38.32416672078286],[112.30922298535718,38.32434962045879],[112.30947855875566,38.32449151136838],[112.30973641092518,38.324634666240456],[112.30982345108008,38.32466452119325],[112.30999213745672,38.324722380509755],[112.31026489883067,38.32474793345594],[112.31062098564368,38.32469628530843],[112.31074037226205,38.32466457603699],[112.3109582364545,38.32460671024871],[112.31115904801068,38.3244167594484],[112.3112081238598,38.32437033803611],[112.31133941836802,38.32426876488511],[112.31150572225322,38.3240952962024],[112.3117912179548,38.323820389000566],[112.31206572926794,38.3236075735319],[112.31237229360839,38.32349450375101],[112.31255863372246,38.32342568154777],[112.31267899228004,38.32339958508587],[112.31286000722368,38.323360337531774],[112.31305368651255,38.3233629353298],[112.31343058129112,38.32345881876131],[112.314167170938,38.323703209903464],[112.31477723526287,38.323977617084175],[112.3150701255884,38.324112572499224],[112.3153605113091,38.32427807158701],[112.31553362375888,38.32432085021683],[112.31570675666039,38.324358234224654],[112.31592027314221,38.32437013902048],[112.3161571881201,38.324421107193345],[112.31637913364071,38.32439716373895],[112.31657333666496,38.32434493107181],[112.31680325652853,38.32426012048727],[112.31720339771394,38.324051840370515],[112.31748724677486,38.32393782061688],[112.31767217823987,38.323874964190864],[112.31811100908847,38.32379852866592],[112.31855936644321,38.32374700927942],[112.31896870165333,38.32379603295701],[112.31931444995077,38.323842195228664],[112.31947539232067,38.32387464187924],[112.31985193461941,38.32395055169295],[112.32014777211455,38.32399727323387],[112.32053740231805,38.32396070887286],[112.32090855934976,38.32390647535561],[112.32120290472297,38.3238709820412],[112.32155655924404,38.3238526955628],[112.32182484904288,38.32388184736816],[112.32229349772287,38.32394806677031],[112.32274866414944,38.324021586206534],[112.32319521219135,38.32412022689449],[112.32339103541901,38.3241573434993],[112.32373600650995,38.324160599745134],[112.32408071744777,38.32414955643894],[112.32442899014856,38.32408484497027],[112.32491312247723,38.324004297005345],[112.32563235015441,38.32387461079988],[112.3262162368544,38.323789354401754],[112.32665473145923,38.32369501391684],[112.32702017003756,38.32357647276057],[112.32758626652135,38.32326259995172],[112.32792105688192,38.32304491783918],[112.32819623009256,38.32286599773399],[112.32849631352606,38.32264808821266],[112.32934458597123,38.32213079926339],[112.32997695549547,38.321719633274846],[112.33053329617113,38.32137010508983],[112.33071229939968,38.321232217224484],[112.3310593750676,38.32110314672544],[112.33134384391306,38.321024838430894],[112.33155229283639,38.32100817029641],[112.33200897622027,38.32091717874197],[112.3325339784142,38.3208397097022],[112.333298532109,38.32070946255422],[112.33378760932996,38.320659489515855],[112.33381037750303,38.32065716316816],[112.33433485258031,38.32055109094528],[112.33485090678693,38.3204808641047],[112.33536689320535,38.32040706040324],[112.3357735939872,38.3203130480081],[112.33595031939608,38.32024766828481],[112.33610263869313,38.32019131876237],[112.33635435316614,38.32005974283545],[112.33668188476778,38.31985580028611],[112.33721970169852,38.31948857578268],[112.33782090094549,38.319113475053705],[112.33806239700935,38.31897084815257],[112.33806780955305,38.318967651531516],[112.33827988702866,38.318902413548905],[112.33839571515647,38.31886678294156],[112.33882614049779,38.31882969241642],[112.33942693596515,38.3189265103621],[112.33988327170432,38.31906430304805],[112.34004937937182,38.31911605988656],[112.34032599714114,38.31920224949867],[112.3409949187524,38.31930185608111],[112.34138543473586,38.3193152649205],[112.34175339707275,38.31933608033581],[112.34221157325685,38.31932726098109],[112.34259742027477,38.319333568487835],[112.34291501294425,38.31932993205493],[112.34319693606464,38.31931674922775],[112.34321879794905,38.31931572682025],[112.34344518773807,38.319288105994765],[112.3435803640508,38.31925550239895],[112.34358524192682,38.319254324988876],[112.34398974797924,38.3190423295045],[112.3444340264007,38.31877267354707],[112.34471531804282,38.31861428533349],[112.34476218531995,38.318587894307136],[112.34507028544692,38.318439042920055],[112.34532803507909,38.31838960840155],[112.3454394426565,38.31836831131985],[112.34549630063637,38.31835744275834],[112.34560601724884,38.31833646849696],[112.3456264841513,38.318332556496216],[112.34604416004612,38.3183312628753],[112.34605302675459,38.31833123587164],[112.34624831595382,38.31833971846715],[112.34625222511511,38.31834131579048],[112.34633595334502,38.31837551638647],[112.34636355488287,38.318232193040764],[112.3468291376063,38.31788839711726],[112.34700717595558,38.31770044324458],[112.34729051991043,38.317644752410764],[112.34758649202053,38.317617515996524],[112.34788754161129,38.3175377854062],[112.34828643783149,38.317514131368036],[112.34883007364748,38.31746497736438],[112.3492655305629,38.3174552000402],[112.35011215595276,38.31743115301432],[112.35039095086282,38.31745654414538],[112.35078406243525,38.317447248777974],[112.35088583739171,38.31738887335024],[112.35114973664791,38.31725493558647],[112.35127510116644,38.31725929694431],[112.35151698110435,38.31725174249102],[112.35185684443697,38.317189010557236],[112.35205977479481,38.317133105532164],[112.35224091843772,38.3171131401459],[112.35246842762058,38.31714626751389],[112.35256049380283,38.317216709365475],[112.35282146096542,38.317422249439964],[112.35312702304422,38.3175855645167],[112.35343181110973,38.31770717785912],[112.3536469693908,38.31788941077241],[112.35383443127535,38.31820901044818],[112.35391359444904,38.31839877167936],[112.35407181011699,38.31877233719831],[112.35429140808809,38.31919286149798],[112.35441904585424,38.31946015925581],[112.35454273441087,38.31971918428621],[112.35454325196388,38.3197202674014],[112.35465336488126,38.32003019868398],[112.35465499385501,38.32003478306457],[112.35483423827296,38.320318724084814],[112.3550267232819,38.32050121625493],[112.35533820041755,38.32057507842131],[112.35559796588872,38.320715081293464],[112.3558598421231,38.32096827348903],[112.35615285036678,38.32121112395733],[112.35645799815717,38.32140824990117],[112.35663536529901,38.32159091421736],[112.35693672428205,38.321933025716106],[112.35712888444161,38.32209764218719],[112.35741256842556,38.322302908763454],[112.35757581645197,38.32253936269818],[112.35790153764087,38.3229705681046],[112.35820791266976,38.323175570834294],[112.35842565795272,38.323494811906194],[112.35859502771638,38.32365373185518],[112.35877273945947,38.32385426468566],[112.35909294585493,38.32423175872257],[112.3593845679113,38.32413318431173],[112.35956398629854,38.32405867833878],[112.35982739710298,38.323949291260114],[112.36027044673655,38.32377731184315],[112.36052522120053,38.32364922506437],[112.36118612022719,38.323397251170434],[112.36182365921722,38.32310979399488],[112.36223466569632,38.32284284098352],[112.36316954292136,38.32227782590692],[112.36357214599767,38.32201992908475],[112.36384219349478,38.32184694262729],[112.36410950917512,38.32158165503733],[112.36409159300061,38.32143289836955],[112.36400174144917,38.32121658813519],[112.36406750990648,38.320811234014236],[112.36433894698341,38.32050643750468],[112.36446992024621,38.3202308182811],[112.36448903198956,38.32003992101175],[112.36437869962235,38.31980286109454],[112.36426833398598,38.319573442207655],[112.36430524259397,38.319345947448916],[112.36456547346395,38.31857718869419],[112.36457638308327,38.31819094470758],[112.3643166847748,38.31789365329519],[112.36416882391309,38.31775236715136],[112.36410195739059,38.317574386938055],[112.36414357455708,38.31737369446943],[112.36397582505664,38.31713968548214],[112.36376749481428,38.3166773377826],[112.36350137795533,38.31603690346544],[112.3633967464967,38.315780709338455],[112.36341954816108,38.315544483105064],[112.3634858421444,38.31520764742774],[112.3634423156695,38.314822036182726],[112.36319581999005,38.31429994884069],[112.36291625502933,38.31390993094233],[112.36248279651142,38.31337869487003],[112.36180290861242,38.31273828634626],[112.36163263111852,38.3124042433549],[112.36097498386907,38.3120138091624],[112.36048351268163,38.3116143271062],[112.36044817839128,38.3112401616008],[112.36043679130886,38.31073299561763],[112.36034160839567,38.310495755617566],[112.3597458586197,38.310180900433444],[112.35950774725258,38.30987531202314],[112.35957747317418,38.3089911471955],[112.35972007213886,38.30718286242156],[112.35969695340042,38.30594498346462],[112.35967111903467,38.30456164016061],[112.35966964169188,38.30455623433102],[112.35959014777097,38.30426535396923],[112.35959173374538,38.3042626790563],[112.35970730558965,38.30406781268803],[112.35985227641154,38.30373244893691],[112.35986250072331,38.3034701511418],[112.35986048399748,38.30346524521869],[112.35979912795814,38.30331596227708],[112.35950406027604,38.30290227996807],[112.35915874403128,38.30222700075182],[112.35885812597178,38.301515450655025],[112.35859197765397,38.30102992789194],[112.35859148327025,38.30101751936436],[112.35858293158347,38.30080278903197],[112.35899037198563,38.3005002384387],[112.35933969263144,38.29977758785779],[112.35974346681147,38.2989422676405],[112.36005517181985,38.29781843195747],[112.36077375580565,38.29742874428705],[112.36151455102264,38.29660977326284],[112.36211439488955,38.29634062753698],[112.36295434778994,38.29597335108914],[112.36366932812838,38.29539301199719],[112.36311115194829,38.293039886707355],[112.36288434212682,38.29223215024101],[112.36238542131323,38.291427574019906],[112.3619203095336,38.29081327970012],[112.36102702392009,38.28994177344255],[112.36037830303519,38.28921043007972],[112.36029044876877,38.289097986360005],[112.35955708735366,38.28815935156888],[112.35955599806411,38.28815536632972],[112.35935085559639,38.287404520162845],[112.35931084223861,38.28525987668615],[112.3593841921419,38.28471604020435],[112.35994864344822,38.28385145349905],[112.36021077110486,38.28363866950213],[112.36086128795856,38.28349765011253],[112.36153634529167,38.28337540918276],[112.36234514517385,38.28352742976589],[112.36275940484676,38.28345177518906],[112.36335585527091,38.28333043787418],[112.36438683725191,38.28316114063869],[112.36487605501405,38.283126846472264],[112.36543943543599,38.283177491603496],[112.3661143318453,38.28336984238156],[112.36667878844787,38.28347767233879],[112.36724485600442,38.283671284433474],[112.36732224203605,38.28392779516459],[112.36750819580949,38.284168738715316],[112.3677477637274,38.284366155017665],[112.36838961981822,38.28473048592424],[112.36903067764568,38.28505192076114],[112.3695225922129,38.28516058347935],[112.37041788121135,38.28549334280077],[112.37116752202738,38.2857991957071],[112.37163151121231,38.28635149709239],[112.37197989930814,38.28705959689713],[112.37221362241392,38.28726660651862],[112.37255492907602,38.287405619263694],[112.37296700011278,38.287448464880484],[112.37340595456058,38.28763400108592],[112.37360358183489,38.2878509639206],[112.37361963011618,38.288060519460224],[112.37390101457264,38.2882288319897],[112.37401003551444,38.28823708843589],[112.3743726597551,38.28822330500873],[112.37468780948636,38.288257746665614],[112.37498021218757,38.288368724204986],[112.37532098939465,38.28847913383442],[112.37581898297704,38.28858769856661],[112.37642401925135,38.2885996664325],[112.37678574413503,38.28853821807728],[112.37733916216018,38.288379179183096],[112.37790721839987,38.28830648808674],[112.37849691647303,38.28782763490944],[112.37859817813946,38.28774540762275],[112.37905968824562,38.28789180400323],[112.37959161708262,38.28787601477661],[112.37975929928109,38.28778823723262],[112.37984088407883,38.287625203108426],[112.37970533034436,38.28749332519765],[112.37953295585115,38.28733327810076],[112.37930487019923,38.28717153829553],[112.37940876331713,38.28663056170904],[112.37928279107103,38.2862589027122],[112.37913352471821,38.286041380911236],[112.37894653607627,38.28574803136214],[112.37892812854533,38.285414565293344],[112.37910447135826,38.28514554550636],[112.37941401541543,38.2848844925886],[112.38005911027196,38.28433807678802],[112.38036393045044,38.28394853831152],[112.38063610348111,38.28363071958372],[112.38107431875306,38.2831393356924],[112.38150282170052,38.28245500613396],[112.3813027050949,38.282266687884906],[112.38072447610136,38.282070903370354],[112.38031223763494,38.281841684503675],[112.38006525690814,38.28159005514469],[112.37994997238263,38.281090886939204],[112.3799569654656,38.28066178319158],[112.37998065256151,38.28031590483413],[112.379726177386,38.279651532682934],[112.3793226236606,38.278050060955344],[112.37840345244571,38.275425144449144],[112.3781843323953,38.27479936575377],[112.37615494900326,38.274782652945284],[112.37400962700046,38.27494292591161],[112.37141730650546,38.27545070464035],[112.36930291204125,38.27596635935182],[112.36822954998419,38.2760104137714],[112.36691977071347,38.27494918366746],[112.3658125722506,38.27452067050007],[112.36475849268207,38.274334753977115],[112.36390033311748,38.27438977730371],[112.36294817091424,38.27453596925212],[112.36175633477657,38.27462187700521],[112.36121726895276,38.27463944302941],[112.36068281773848,38.274656854863686],[112.36023682813747,38.274716078353826],[112.36010363512727,38.274735638283715],[112.35986278800587,38.27476545608145],[112.35919782944909,38.275070438906305],[112.35869545890124,38.27555370236178],[112.35821660010309,38.27614929580892],[112.35765750572452,38.276732303484565],[112.35708076451897,38.27721191658419],[112.3565418220069,38.277650552542916],[112.35610654047382,38.27813302914052],[112.35585527639455,38.27864040134113],[112.35563982954454,38.279345544699886],[112.35534186203098,38.28029937034011],[112.3550841671141,38.28130677955229],[112.35496868385347,38.281524538110006],[112.35473567044463,38.28196391153357],[112.35403504797532,38.282237747359645],[112.35291493376342,38.28246236911745],[112.35180011920207,38.28293464840911],[112.35104187161053,38.28364603704884],[112.35046313736447,38.284485975128995],[112.34988426998828,38.285280869616315],[112.34918455110311,38.285915001547394],[112.34842763784621,38.28630875164564],[112.34827256811715,38.28638941862325],[112.34756806630267,38.28684342875809],[112.3473704323736,38.28743574692876],[112.34740205905918,38.2882191101669],[112.34682880995062,38.28943731892212],[112.34562195348285,38.290851970431106],[112.34493808284368,38.291566832730794],[112.34471575564068,38.29179923209904],[112.34421169567278,38.292124807519514],[112.34361150898546,38.29223527998039],[112.34350332146715,38.29224020537262],[112.34295054513356,38.292265370852505],[112.34234015751642,38.29232640725267],[112.34184224863182,38.292521281409726],[112.34141669747575,38.29299908727248],[112.34092342180834,38.29344613690556],[112.3402561941497,38.29360240179629],[112.33985078440821,38.29363790563905],[112.33942811253928,38.29367492041031],[112.33879263831057,38.293848829130845],[112.33855415545607,38.29416684471769],[112.33852454221643,38.294422073347796],[112.33850234834335,38.29461334869238],[112.3384007527425,38.2953441855929],[112.33820099565332,38.2963822403914],[112.33818879859899,38.29644562296084],[112.33792248448297,38.297777394155226],[112.33759007600518,38.29850792777098],[112.33743237168322,38.29885451009477],[112.33739095216087,38.29894553431535],[112.33649940141524,38.29968987801942],[112.33547471116601,38.300070892858336],[112.33427662321338,38.300386309517386],[112.33287939385995,38.30083009286343],[112.33153352254848,38.301309311457366],[112.33143451586459,38.301372190636414],[112.33139386174904,38.30139800948108],[112.33119964467076,38.30152135706363],[112.33076085360526,38.30180002813531],[112.33066258054222,38.30240036996111],[112.33066186992549,38.30240471099683],[112.33085029903398,38.30321256431484],[112.33085257138121,38.30322230708755],[112.33077289935706,38.303867308846776],[112.33020655041162,38.30407642109639],[112.32992061223759,38.30409502910938],[112.32928451141531,38.30413642202623],[112.3283247483593,38.304235638838534],[112.32801224049474,38.304267943804156],[112.32649984817444,38.30451477197853],[112.32534586362065,38.3047931904028],[112.32503084429271,38.30486919238325],[112.32407632437568,38.30506914746323],[112.32351015521526,38.304935908780934],[112.32288104782158,38.30466630299651],[112.32272163066206,38.30459798333984],[112.32185047676461,38.30439160456542],[112.32134675375474,38.30450988480917],[112.32106507548417,38.30485537646767],[112.32083435708529,38.30521380506261],[112.32072342461875,38.305299751810225],[112.32053348738881,38.305446905548806],[112.32009666044152,38.30555091575582],[112.31992025337394,38.30558181138708],[112.31962942187133,38.30563274585629],[112.3192235131321,38.3058264876034],[112.31878663645271,38.3061647102258],[112.31801179319254,38.30654276365899],[112.31717722548602,38.30675489199606],[112.31689938754513,38.3068255109045],[112.31581811008923,38.306972772608376],[112.31515577127306,38.30729099128965],[112.3148943569427,38.30796954867652],[112.3147957268034,38.30879942387416],[112.31463193392139,38.30946337373996],[112.31428848962176,38.30991313745778],[112.31369277221843,38.310361222078846],[112.31286163327174,38.310578253199814],[112.31273761120464,38.31061063889724],[112.31145659122657,38.31046282083492],[112.30998658804704,38.31013693261367],[112.30825954149687,38.309503105414606],[112.30640971931109,38.30859586425152],[112.30603362373392,38.30842472494588],[112.30521329926616,38.30805143594345],[112.30488315072792,38.30790119872758],[112.30365347156275,38.30746445612978],[112.30234911729542,38.30704654628939],[112.30089445475302,38.306693347044686],[112.2992904653173,38.306179634902755],[112.29765605498378,38.305441027389065],[112.2960989159296,38.30474658433771],[112.29512941207234,38.30459063887526],[112.29454332077113,38.305182654281616],[112.29337237853858,38.30635765436041],[112.29267429183899,38.3066614672895],[112.29162031028545,38.307120155056126],[112.28987574838399,38.306977205201946],[112.28823483288302,38.30660646668632],[112.28805069037429,38.306564861067],[112.286694388859,38.306719379615885],[112.28605376261069,38.307465093075585],[112.28585511360541,38.30778093533516],[112.28572917394949,38.30798117133497],[112.28558878809146,38.30820437453987],[112.28502314595175,38.30866549745525],[112.28440288266098,38.30894704733273],[112.28367838786468,38.30903155062464],[112.28348421145284,38.30904921144734],[112.28300279012977,38.30909299472884],[112.28247292857168,38.30935552889398],[112.28198651590907,38.30982324414625],[112.28195647235233,38.309852132427565],[112.28131792172226,38.31035457269716],[112.28054132689567,38.31064681928761],[112.27967066565968,38.31083198586856],[112.27838840435746,38.31101712999943],[112.27669541524685,38.31121123609195],[112.27511022331652,38.311359103466316],[112.27455965751663,38.311359387614175],[112.27423925057957,38.311359551461265],[112.27380541963785,38.31135977171768],[112.2726233627458,38.311228470576665],[112.27181162986786,38.31110252708705],[112.27159229697077,38.311068495610364],[112.27139998967252,38.31107314785552],[112.27058017620385,38.31109297732554],[112.26967934733275,38.31127646533116],[112.2694124221471,38.311330833565286],[112.2680518322187,38.31161580482604],[112.26690975066518,38.311646165032364],[112.26680656688028,38.311588724755836],[112.26613949580947,38.311910839484476],[112.2654707962915,38.312233734616676],[112.26518687132567,38.31285039015935],[112.26508120474564,38.31307988412282],[112.26508104829007,38.31308022362173],[112.26518084269732,38.31381755291891],[112.2651827067969,38.31383132811847],[112.26514756525792,38.314358698086295],[112.26503464101825,38.3144887240613],[112.26484350927306,38.31470880079277],[112.26465564897195,38.314836944685375],[112.26420268472799,38.31508955919949],[112.26314239630219,38.31567752123271],[112.26211776206354,38.31625181270116],[112.26192153887642,38.31636179052523],[112.26117633448989,38.317113000294725],[112.26096788073176,38.31807463442653],[112.26088439881934,38.31923761382633],[112.26069884124858,38.32032511984409],[112.26061965069688,38.320505072205236],[112.26031446512201,38.32119856146257],[112.25951898227243,38.322062904511924],[112.2589511770464,38.32297730929364],[112.25895021472856,38.32297885914141],[112.25898664710253,38.3231512794588],[112.25910652464947,38.323718614590405],[112.25913085667425,38.323833771144535],[112.25913158402881,38.32383721260883],[112.25967417088691,38.32458808898196],[112.26030621715883,38.32488081452497],[112.26041554884054,38.32493144972718],[112.26139176317439,38.32484438097423],[112.26251154743105,38.32467017891312],[112.26326937564698,38.324877388678374],[112.26341493467164,38.32491718750287],[112.26390648130764,38.32561333418771],[112.26390732894167,38.32561453486431],[112.26414253664056,38.326400232350245],[112.26430071833201,38.32693472604174],[112.26430198789912,38.3269390165104],[112.26452923577526,38.32722483389648],[112.26544660106212,38.32761581000166],[112.26602835624114,38.327983376918276],[112.26672710280533,38.3285838959617],[112.26743415585497,38.32900415272836],[112.26808374023742,38.328997130001056],[112.26880441762087,38.32884520028355],[112.26936982618788,38.328876387155205],[112.26962359103237,38.32889038269369],[112.27046628390838,38.32930014409119],[112.27129955176244,38.33011087496086],[112.27164729486427,38.330429768026335],[112.27172456558779,38.33050062776194],[112.27211021830921,38.33085428105374],[112.27244295589065,38.330981626809],[112.27294565602638,38.331174019387674],[112.27350472380469,38.33124181595484],[112.27350209540032,38.33123643863927],[112.27343385380424,38.33109686517717],[112.27327680717387,38.33077565479627],[112.27316539590589,38.330461057132865],[112.27309049967411,38.330247027588456],[112.27283096193624,38.329505347604474],[112.27264288384079,38.32913199539505]]],[[[112.44812164301742,38.680221952712316],[112.4495065405343,38.68012372324053],[112.45029088399254,38.680147833064176],[112.45065496597604,38.680159023411264],[112.45205856670728,38.68020465431686],[112.45261617600788,38.68017749662189],[112.45317573067464,38.68015024093303],[112.45363611885428,38.68005763747522],[112.45392824965533,38.67999887714776],[112.45403299387993,38.67997780752478],[112.4546793015212,38.67984780241969],[112.45674870925184,38.67939867621784],[112.45748378991074,38.679208755260134],[112.45810404697863,38.67904849769489],[112.45936673417998,38.67866342856217],[112.46120583842172,38.67815854931524],[112.4620974043875,38.67795762911677],[112.46241190573579,38.67788675178458],[112.46352718958867,38.67774218634131],[112.4652497786721,38.677513435573616],[112.46660101575591,38.67738840210005],[112.46689376732333,38.677381378279364],[112.467387765238,38.67736952434424],[112.46803783453178,38.67737487540708],[112.4684426424023,38.677432845758005],[112.46849954752425,38.67744113873297],[112.46851390758243,38.67744095839311],[112.4688216590138,38.67689663187261],[112.46932335404144,38.67600307160316],[112.46955526351913,38.67547320655707],[112.46967974773631,38.67478255443393],[112.47006360523159,38.673803540349766],[112.47014115351809,38.67360575386083],[112.47105804877258,38.672684446332994],[112.47243535499841,38.67201405372709],[112.47386822474655,38.671252866897184],[112.47486536228774,38.67064128327945],[112.47584757057533,38.670002855027036],[112.47718594483767,38.669224806056015],[112.47830859166982,38.668643134389],[112.47958082425474,38.66821268961766],[112.48082680101952,38.667773611801955],[112.48095930705678,38.66772691563527],[112.48122260472262,38.667622388656945],[112.48227794965787,38.66692195928544],[112.48266301263281,38.666790969697665],[112.4826677215723,38.666789440855766],[112.48308172212384,38.666655048346044],[112.4838585401701,38.66647404702053],[112.48453369212992,38.66630784349378],[112.48555594065407,38.66577241513936],[112.48650004553005,38.665278506324626],[112.48734100514667,38.66486697110272],[112.48822752447693,38.66443683489773],[112.48845734542803,38.66433482462126],[112.48900113367387,38.66410271036994],[112.49067757872615,38.66337989098415],[112.4911646718176,38.66316986802902],[112.49179168323744,38.662900648393084],[112.4925409454937,38.6625713149621],[112.49303208407922,38.66239840249202],[112.49360367972163,38.66229652299873],[112.49417761204114,38.66230720581045],[112.49428970014803,38.66231373366686],[112.49474842332826,38.66234044558212],[112.49544610766893,38.6622594644201],[112.49573842536479,38.66212511504767],[112.49597306423564,38.662014020870316],[112.49646671119741,38.66171725707384],[112.49649358870015,38.66170109941109],[112.49684801092597,38.661583967745024],[112.49715677186501,38.661480930064286],[112.49768250621587,38.66138412070525],[112.49827564958669,38.66121438465035],[112.49906152746142,38.660749424865806],[112.49914460158692,38.66063576415819],[112.49934785695862,38.660362927966446],[112.49942958960771,38.66025378805117],[112.49964117490357,38.65996733225629],[112.499698090509,38.659804463915805],[112.49974810950081,38.65965519627956],[112.49981719617634,38.65945614141685],[112.4998849384954,38.65926160754861],[112.49995539863482,38.6590940615646],[112.50005066505229,38.65887665468773],[112.50010071757215,38.65876341593871],[112.50024486256703,38.65861744449343],[112.50040173950066,38.658462301032145],[112.50047023882094,38.65840737573134],[112.50049470274047,38.65838834857682],[112.50054089260948,38.65835242364829],[112.50060096491417,38.65830661489112],[112.50069923681143,38.65823329224673],[112.50072532554515,38.65821043848562],[112.50073368425319,38.658129261063806],[112.50072834370143,38.658079787819126],[112.500725597197,38.658057673385045],[112.50071885026702,38.65800334327534],[112.50072196245277,38.65787719699755],[112.50080021999328,38.65770504663593],[112.50099846219999,38.65736471401115],[112.50125987677268,38.65712715840336],[112.50178886796793,38.656534865756974],[112.50257285784699,38.65539883539184],[112.5032319786988,38.65440402346128],[112.50384784226108,38.65377907828829],[112.50417123817485,38.653555937536396],[112.50417508596183,38.653553282150796],[112.50419208510613,38.65354155270894],[112.50453292973401,38.65330637037975],[112.50495483296099,38.65298567258001],[112.50518064377123,38.65252337459972],[112.505461392021,38.65173609181376],[112.5057391189665,38.65080472467355],[112.50575158093507,38.64999387103792],[112.50554713992673,38.649585899423485],[112.50542418013092,38.649340524298914],[112.5049777036761,38.648657183092986],[112.5047097756959,38.64762024104209],[112.50465060485513,38.64630137508395],[112.50464128318278,38.64586814252212],[112.50462502666504,38.64511268702062],[112.50469334044648,38.644431727249014],[112.50498894259185,38.6440811273766],[112.50544775402558,38.643674379610545],[112.5059644661462,38.64322184650793],[112.50627882193255,38.64302642106871],[112.50651931580252,38.64287691217118],[112.50717480426593,38.642436097625406],[112.50786438873246,38.64201285420732],[112.5085673175153,38.64174706965566],[112.50941420135871,38.64146591185851],[112.51010368943471,38.641141743002066],[112.51050925559241,38.64073115824149],[112.51065617279723,38.640540919789544],[112.51102218778341,38.64006697109064],[112.51184218711809,38.63925919333342],[112.51049179597673,38.63788576416146],[112.51046628320063,38.636670618448335],[112.51044077198164,38.63545547336843],[112.50950846024243,38.63446653223959],[112.5075782496498,38.63370494560375],[112.50520140815343,38.63337806753832],[112.50437164730292,38.6324800082546],[112.50389571936913,38.63196489349097],[112.5014099256153,38.63078135680182],[112.5025691896653,38.62955099130889],[112.50418850892359,38.6285291956185],[112.50506535596287,38.626873446248936],[112.50602729842522,38.62493060123904],[112.50708330114318,38.62312953173594],[112.50829601840846,38.620110955256884],[112.50646479887372,38.6197055628677],[112.50490543986666,38.619225145601824],[112.50370307836081,38.618382624446596],[112.50322961616234,38.61753072505234],[112.50304966335197,38.616571147845605],[112.50292196859088,38.61589020729682],[112.50159727430487,38.613547760190464],[112.50164514847944,38.61147367958023],[112.50224259739795,38.6095355395461],[112.5036476867025,38.607730013879994],[112.50370867563362,38.60701424204756],[112.50360664741712,38.605764323482454],[112.50305040222386,38.60457982276429],[112.5028511944527,38.60440696908178],[112.50244076747425,38.60325713065496],[112.50230655988264,38.60307411291575],[112.50154046623366,38.60202937548422],[112.50104234208511,38.6015434147417],[112.5004555611062,38.60134046242892],[112.49961326447247,38.601315793443],[112.49892392287518,38.601224010024126],[112.49830794335794,38.60081244094228],[112.4973965267982,38.60021398609901],[112.49687732827674,38.59978210319086],[112.4956912320409,38.598824888259934],[112.49512189107064,38.5983173729005],[112.49496152047026,38.597613965197276],[112.49530642982342,38.59715073683732],[112.49498260525047,38.59634165700898],[112.49420752401242,38.59557698713236],[112.4935891990537,38.595048639285515],[112.49176634366925,38.595012314880485],[112.49040628720239,38.59532756362038],[112.48904991197874,38.595821495783106],[112.4873935971141,38.59649797516205],[112.4861828412763,38.596692110607385],[112.48398165687011,38.59672005407479],[112.48297775177718,38.59589862764835],[112.48251621077225,38.595606564679365],[112.48188939279962,38.59466118364799],[112.48149886674699,38.59412988584235],[112.48193221504577,38.593051910190106],[112.4816053489299,38.59192397972776],[112.4812147419206,38.591413632673785],[112.48074721348844,38.59080277229995],[112.4807453588516,38.59079791539203],[112.48015441357818,38.58925025468505],[112.4801249262473,38.589173026226405],[112.47964264906905,38.58786830673029],[112.47924905412752,38.587371744183294],[112.47870747935265,38.58668847553675],[112.47823013381607,38.58562201874668],[112.47774256681922,38.584905679345724],[112.4763606618883,38.58503752406683],[112.47458002516207,38.58531058443199],[112.4724477671236,38.58497994202144],[112.47244937501145,38.58496488699267],[112.47257520895681,38.58378668266271],[112.47390468408418,38.58198245758643],[112.47493298654665,38.58030117966842],[112.47566258419279,38.578861992539835],[112.47686453151717,38.57825099809114],[112.47682842641275,38.57792749784268],[112.47667860161057,38.57658502566136],[112.47667759712033,38.57658388354484],[112.47605691299475,38.57587787520597],[112.47606126557588,38.575870148417366],[112.47693576266785,38.57431763094108],[112.47707288002667,38.573600906649396],[112.47687964119666,38.57157752714536],[112.47687834237573,38.57157556813823],[112.47640974547166,38.57086846203523],[112.47641431101826,38.570863643845755],[112.4778955269319,38.56930054973212],[112.47909485500429,38.56857040055569],[112.47971602361105,38.56794026910321],[112.47985126856051,38.567803069959524],[112.4801452193969,38.5675048714852],[112.48028437856524,38.56736370036714],[112.48136957696177,38.56583578724268],[112.48158242435039,38.565536098540555],[112.4817872471459,38.56524770587665],[112.48190705780816,38.56507900962114],[112.48189326925018,38.56440784942344],[112.48189187001682,38.564339728933334],[112.48188098006057,38.56380966445656],[112.48188013507716,38.56376852595837],[112.481877810833,38.56376473520089],[112.48181762682097,38.563666546191556],[112.4809379174187,38.56223129833794],[112.48094183459845,38.56222628910404],[112.48107652173071,38.562054040104414],[112.4815820235751,38.561407558452295],[112.48158768680246,38.56140031569061],[112.48184079256447,38.56143417917653],[112.48190775128802,38.56138199080524],[112.48230237424234,38.56107441057132],[112.48284046849565,38.56076471503226],[112.48287806159807,38.56074307862836],[112.48354966119427,38.56039723272817],[112.48382159708336,38.56033658534504],[112.48403314437103,38.560320266345386],[112.48437619159127,38.5602938020783],[112.48490831991425,38.5602656010256],[112.4853952239161,38.56025227132447],[112.48603854465445,38.56018626979913],[112.48606609845547,38.5601768419397],[112.48632881327319,38.56008695047139],[112.48635395834857,38.560074095058496],[112.48700368453754,38.559741922478096],[112.48716861740634,38.5596365809591],[112.48733984202796,38.55952722016566],[112.48755193442267,38.559391756804224],[112.48815391475847,38.55899800511232],[112.48849395242009,38.55870768235838],[112.48871121493521,38.558204421471665],[112.48913633571179,38.557183719179385],[112.48923602638318,38.55681287443371],[112.48929008212869,38.55659919022319],[112.4893719895582,38.55637649872819],[112.48945544559832,38.55622886257834],[112.48957691877335,38.556164118300636],[112.48959711883676,38.55612681143258],[112.49001219210624,38.55595509098687],[112.49011388853629,38.55591301731411],[112.49031036541433,38.55583173125283],[112.49042765475606,38.555815928945705],[112.49095506603034,38.55574487028163],[112.49128588245964,38.55589080324595],[112.49155342058089,38.55605899272663],[112.49271839910136,38.55647313593113],[112.49305741539796,38.55654537494047],[112.4931299678397,38.55656083450068],[112.4934104139905,38.556633076510295],[112.49346007931793,38.556645870646136],[112.49360599946675,38.55668345896073],[112.49381419121896,38.55662360190742],[112.49422775924239,38.556368073190995],[112.49483086299537,38.55603147315967],[112.49486038058151,38.555964353262446],[112.49496999719173,38.55571509781661],[112.49502623140252,38.55539584033612],[112.49505961596414,38.555206306129726],[112.49515616695426,38.55479231252009],[112.4951683281218,38.55474016984545],[112.4952800021075,38.55441699542824],[112.49542087002067,38.55415280357319],[112.49549571388715,38.554012438869435],[112.49567552674303,38.55367520517788],[112.49572870514439,38.55357546829198],[112.495805877643,38.55343073099153],[112.49632969262949,38.55322383570009],[112.49640239579674,38.55321560094783],[112.49688389700528,38.55316106077424],[112.4971835782897,38.553127114911625],[112.49760306200521,38.55309839399113],[112.49781411414435,38.55308394278715],[112.49809176233654,38.553064931260245],[112.49821100605173,38.55305676627163],[112.49867974957809,38.553054022543876],[112.49923977016492,38.55305074105502],[112.49981253963641,38.55310922809316],[112.50060845673937,38.55319049758738],[112.50081847314536,38.553149592187545],[112.50092584162454,38.55312867941063],[112.50108001760948,38.5530986494293],[112.50128561294696,38.553001625786145],[112.50142265046199,38.552936956103004],[112.5022632543307,38.552640169728846],[112.50247103742694,38.552603911014785],[112.5026170689421,38.55257842798622],[112.50281398985854,38.55262337872021],[112.50341851478555,38.5527613715047],[112.50347704315314,38.55277473124689],[112.50354505753144,38.55280199416337],[112.50429409120093,38.553102231758174],[112.50435850398792,38.5531280506031],[112.50441567163216,38.55314198133652],[112.50497166994971,38.553277465855416],[112.50504745237475,38.55329878288287],[112.50623561273991,38.553633001803085],[112.50683038587835,38.5537802226511],[112.50692205586869,38.55380291297499],[112.5069445795575,38.55381746864323],[112.50725539607222,38.55401834393182],[112.50755480346679,38.55421184296429],[112.50772388930858,38.55436169940251],[112.50811143364419,38.554705167297456],[112.50817975744206,38.55487304418356],[112.50826955518767,38.55509368185836],[112.50847617571634,38.555601358690765],[112.50947366237143,38.55627489073588],[112.50998108928795,38.557026238105436],[112.51083565051707,38.55783030080758],[112.51200094562974,38.558687542261815],[112.51304743214409,38.5590887125643],[112.51390525405802,38.55922113724235],[112.51440220899734,38.55929785121142],[112.51441816329435,38.55930031376357],[112.5182664444654,38.561872088223026],[112.52070668352158,38.5624362284256],[112.52324472194559,38.56314608732483],[112.52336626895993,38.56318008036043],[112.5255923109879,38.56380261840507],[112.52804276354263,38.56484313201735],[112.52972954250875,38.565655249505284],[112.53141888799593,38.56658647333646],[112.53235969722597,38.568004138629256],[112.53314626548652,38.56930465281378],[112.53558686393205,38.569868473503625],[112.53598964583512,38.56915210449929],[112.53620996635753,38.56876024615168],[112.53646434292233,38.56830780853221],[112.53643388768174,38.56687822730528],[112.53503780656669,38.565466568260995],[112.5341045811557,38.56440631954615],[112.53506503285068,38.56401166164114],[112.5340204605616,38.56164821740021],[112.53404124187973,38.56142801923796],[112.53612992019588,38.559732304378514],[112.53650928188117,38.559534748057395],[112.53690720502316,38.55932752381703],[112.53705336588146,38.55928712349464],[112.53837372614058,38.55892215794481],[112.53926402568214,38.55882465133906],[112.54085411174326,38.5590897209457],[112.5422087440332,38.559415072308326],[112.54243822921184,38.55992684082015],[112.54273932330368,38.560380466048116],[112.54291449975072,38.56090724997512],[112.54333004320331,38.561602461657415],[112.54362517934281,38.562628155061276],[112.54315102704099,38.56328926890551],[112.54312315389453,38.563850260738775],[112.54322336966017,38.56427793421579],[112.54363735141611,38.5643737013091],[112.54841391801108,38.565145797040664],[112.54962199301583,38.56424644718172],[112.55033584969851,38.56215160303706],[112.5508920253119,38.56154840729669],[112.54972527861617,38.560223257965745],[112.54874822786398,38.55889558634416],[112.5517115150888,38.55858196934957],[112.55196590652879,38.558555042130564],[112.55211283648157,38.558527352438894],[112.55366635135059,38.55823456480494],[112.5528724931367,38.55660658241553],[112.55058394106419,38.55604110281063],[112.54981256764508,38.55545549643829],[112.55206586028879,38.55438293668913],[112.553399752473,38.554663150518756],[112.55386118055209,38.55438170532643],[112.55414869261958,38.55420633642819],[112.55426349930667,38.5540421879037],[112.55473322383644,38.55337057522119],[112.55478344261584,38.55329877166665],[112.55488478903537,38.55315386341769],[112.55496607956232,38.553152783477145],[112.55604267112577,38.55313847298328],[112.55697078991135,38.553126128627234],[112.55848787954278,38.5531059342096],[112.55953990322817,38.552534714588475],[112.55961282199674,38.552495121593125],[112.55947626009588,38.55228944810747],[112.55902461519884,38.5516092209529],[112.55731149627923,38.5513341180526],[112.55636012725968,38.55119781742279],[112.5561480181736,38.55015794349645],[112.55746577651027,38.54969354359196],[112.55878673443429,38.54937804211088],[112.55877065214914,38.548633474633114],[112.55780324358577,38.54775261629627],[112.55728841738929,38.54764447646945],[112.55646946580447,38.54747245000222],[112.5560596023423,38.54742439011024],[112.55532852649608,38.54733866205908],[112.55419721175096,38.54765160555966],[112.55286212655244,38.54860077248801],[112.55270265893813,38.54871414035906],[112.55173405059632,38.5495009291516],[112.55139769044706,38.549774143541256],[112.5493245687592,38.55039743501115],[112.54782030515179,38.55101316695788],[112.54664526988512,38.550844722715844],[112.54591760732616,38.55074040445206],[112.5449534606897,38.55075313734138],[112.54482747347993,38.55075480023667],[112.54421092555586,38.55076293694872],[112.54367707218968,38.55240850358208],[112.54255199098228,38.55301916579883],[112.5417870774673,38.552731332286314],[112.54079755861095,38.55080792820683],[112.54002631979328,38.55022225310106],[112.53830060136234,38.54935120867515],[112.53769738840657,38.54920206634719],[112.53658443626924,38.54892688498755],[112.5337178735749,38.54792178885016],[112.53236204464575,38.5465989376525],[112.53325637354462,38.544054954122075],[112.53360712858088,38.542709745031004],[112.53375877129388,38.54092027378104],[112.53371764407113,38.53898436953131],[112.53212300374274,38.53765198521133],[112.53178687466429,38.53737112702859],[112.53114545012176,38.53395350285104],[112.52998898838949,38.533074882735534],[112.52748971755155,38.53146899554299],[112.52613746451703,38.530294974716284],[112.52475696228247,38.52778068981305],[112.52359753564741,38.52675308515763],[112.52336399606465,38.52467071779326],[112.52163281644945,38.523501573982],[112.5210421823935,38.52246654653885],[112.5227105461529,38.5206573622518],[112.52473592685952,38.517800800484345],[112.52700176730565,38.51630470619215],[112.52772773336092,38.51582534140056],[112.52902931098235,38.51461668487989],[112.53110475924656,38.51414268447345],[112.53375826665689,38.51410794737436],[112.5358684837144,38.51527194029349],[112.53816513840941,38.516284488282814],[112.54009546725847,38.517897640847465],[112.54257863237173,38.51875868850031],[112.54600960190861,38.51960716803091],[112.54675504684906,38.51900149154051],[112.54745263745781,38.51616207944146],[112.54740799044536,38.514077265721625],[112.54792555512493,38.511687102443],[112.5482079704917,38.51122398062637],[112.5486581396368,38.51048575282118],[112.54875855459211,38.510284587389314],[112.54993052399486,38.507936634046935],[112.54953552412267,38.50719707491218],[112.54930451230031,38.505263683423706],[112.54913139080315,38.50447273628972],[112.54909767165456,38.50289925536197],[112.54908801120699,38.50244846485607],[112.54908114021602,38.50212781145684],[112.54907828902564,38.50199478273664],[112.54924244013166,38.50044101180769],[112.54928000341698,38.50008545348499],[112.54927082415304,38.49965707588896],[112.54926741556956,38.499498035532866],[112.5492592386434,38.49911643013141],[112.54924324244855,38.498369945572314],[112.54924122313965,38.49836402355173],[112.54921113046369,38.49827577073295],[112.54921098008283,38.49827533224212],[112.54915793159424,38.49811975631363],[112.54915784959044,38.49811951328772],[112.5491568773049,38.498116664379374],[112.54839264416768,38.495875320751836],[112.5482683813413,38.49551086857438],[112.54820773143247,38.49533298575736],[112.54693010250097,38.4935635943484],[112.54670763302474,38.49325548509235],[112.54670854325215,38.4932447204721],[112.54690123966803,38.49096493183507],[112.5468940266318,38.490627697911],[112.54687549718147,38.489761380373956],[112.54684824103964,38.48848696902424],[112.54681430653696,38.488370060099925],[112.54669692255,38.48796566160283],[112.54594800752785,38.48538545450297],[112.54580076530549,38.484878141222715],[112.54550124462314,38.482212762380136],[112.54550068919855,38.4822119752216],[112.54546864442392,38.482166598822836],[112.54510974850496,38.48165838316104],[112.54449877766112,38.480793196702216],[112.54423158902425,38.48041482776783],[112.5440480583528,38.48015492400727],[112.54350025951368,38.47937915641381],[112.54303786349665,38.47926473146292],[112.54163815701622,38.478918345925265],[112.54148075197008,38.47887939084878],[112.5414215172011,38.478864732004844],[112.54103628720276,38.47876939426783],[112.5399612896339,38.47850334382559],[112.53984264157414,38.478473979163994],[112.53842483434732,38.478492614950206],[112.53693280784316,38.47851220849906],[112.5332955070958,38.47855989470416],[112.5320709640319,38.47800392265932],[112.53180727236656,38.47615411884723],[112.53167891074199,38.47525362130942],[112.53150126829028,38.47400736637337],[112.53139890735797,38.47337862775174],[112.53066499738154,38.4688702848725],[112.5293963351349,38.46621751808954],[112.52984899845313,38.46468626575351],[112.53003906478173,38.462205105357796],[112.53016215360748,38.46117901571732],[112.53019371208529,38.460915931808344],[112.53024523639252,38.460486402991485],[112.52930034263476,38.45991201802635],[112.52926524476085,38.45989068176622],[112.52893600499858,38.45969053848823],[112.52778878799218,38.45899313396847],[112.52726775785021,38.45728392010501],[112.52577710923536,38.45558734084472],[112.52479943701391,38.4552187372133],[112.52406017246389,38.454656355956374],[112.51945441349237,38.45471620143295],[112.51702633062031,38.454557010861805],[112.51537958159659,38.45411843895534],[112.51361268784775,38.45364783827906],[112.50996864652423,38.45331353960626],[112.50579226811787,38.45069795370719],[112.50311007723461,38.4499697345395],[112.50067822979689,38.44961958237195],[112.49801583740678,38.4498443339342],[112.49609636522915,38.450822210857545],[112.49392657604676,38.45142191329425],[112.49028664061773,38.45127761822303],[112.49014070031319,38.451144345451226],[112.48921011464606,38.45100624215596],[112.48855445948631,38.45095737631392],[112.48770000120635,38.45096823376474],[112.48689303732037,38.450635277296364],[112.48614619393915,38.4505732552979],[112.4854688463842,38.4503530457737],[112.48460648097011,38.4499778757386],[112.48387782676929,38.44991560957633],[112.48339919921402,38.449574371478384],[112.4827331826394,38.449466799551836],[112.48196309580221,38.44737918836526],[112.48183656216486,38.44715694411059],[112.48175817042431,38.447019257926634],[112.48158110687976,38.446708259737804],[112.48120864523823,38.44605404957984],[112.48054733517257,38.445804377514186],[112.48023131911339,38.44568506701355],[112.479801286431,38.4456230612864],[112.47901551190152,38.44550975710023],[112.47893444360571,38.446181674331264],[112.4788081524493,38.447228396346816],[112.47858031083311,38.44766574228249],[112.4784721753572,38.44787330736413],[112.4781082174879,38.44857191444542],[112.47763450231163,38.449216002651696],[112.47745860226024,38.44945516285803],[112.47740047875182,38.44953418913382],[112.47693512221736,38.45049340382548],[112.47653706695381,38.452200381878754],[112.47652849200493,38.45223715307533],[112.47658798823235,38.452696173348954],[112.47616127322603,38.45317345800587],[112.47544103753286,38.4535257379863],[112.47476689565516,38.45346272783313],[112.47385087643559,38.453131055193616],[112.47237192737627,38.45283888619378],[112.47039434690306,38.452863730786326],[112.47019436157615,38.45286624091236],[112.4695532033836,38.45287428794106],[112.4688355672922,38.45288329044792],[112.46832772884198,38.45288965898245],[112.46680064508179,38.45290879425345],[112.4668940999139,38.453429217797535],[112.46707394751131,38.454430723483135],[112.46709125459381,38.454443906004926],[112.4683053397454,38.455368636082014],[112.46760127029968,38.45652147561735],[112.46611439849308,38.456707544149424],[112.46590818356825,38.45673334831474],[112.46490772925597,38.454672649114116],[112.4648960793502,38.45464865267401],[112.46441555266482,38.45431930324278],[112.46275139420513,38.45317866091408],[112.46243728639932,38.45296335961704],[112.46241562749229,38.45294716893056],[112.46175060798966,38.4524500561563],[112.46145894822337,38.45223203179579],[112.46051912159348,38.45152947046863],[112.46036844216351,38.451329538967926],[112.45986507197294,38.45066162090339],[112.45953085842899,38.450218147993255],[112.45927349245507,38.44987664144151],[112.45883751180476,38.44948923569098],[112.45844071994243,38.44913664787014],[112.45811746627169,38.44884940301348],[112.45796609643463,38.448714894274104],[112.45785908445905,38.44861980152484],[112.45768152252742,38.44846201486381],[112.45742193520864,38.448231339217514],[112.45740296037498,38.448220956728015],[112.45696220914868,38.447979793827564],[112.45696048075249,38.44797461504118],[112.45685182603734,38.44764903763001],[112.45669130804883,38.44716805147048],[112.45642041214646,38.44635630827174],[112.45635122879888,38.44577314838213],[112.45634940136321,38.44577175595267],[112.45620597638043,38.445662471861105],[112.4555417363179,38.44515633993075],[112.4519059741559,38.44520146608236],[112.44584635440583,38.445276425111025],[112.44502620342635,38.446936025742595],[112.44097199603408,38.44880329507148],[112.43695131557294,38.45046146880233],[112.43601682837328,38.45109856459403],[112.43641678615609,38.45407287389231],[112.43674520981395,38.456064775611836],[112.43678504723536,38.456306384509126],[112.43701976973628,38.45772990766271],[112.43674392101622,38.459103729013584],[112.43673679671488,38.45911131190478],[112.43651147494882,38.459351131055186],[112.43596493850578,38.459932822675825],[112.4356678413747,38.460249025539454],[112.43574484186435,38.460635737531774],[112.43604657733273,38.46215107609273],[112.43655736149613,38.46306836670014],[112.43601630616979,38.4644454377126],[112.43660523784256,38.465480937270975],[112.43788438043191,38.466925050322246],[112.43895934713173,38.46762685584178],[112.43982124437824,38.46904628004738],[112.44147403537013,38.470217628511506],[112.44280716322446,38.47055871573617],[112.44268649352396,38.47210938741339],[112.44150318639798,38.47358376913943],[112.4395154087387,38.47478062186359],[112.43933117933724,38.47489154313265],[112.43913871898972,38.474878355105574],[112.43890890491498,38.474862607130255],[112.43838931984467,38.47482700082531],[112.43675063453995,38.47471468991877],[112.43454543888477,38.474354429736344],[112.42999827400733,38.47438025468148],[112.42895328417046,38.47519739670428],[112.43000511907944,38.47664436658049],[112.43328058070452,38.47937497850767],[112.4344148419402,38.48114861026027],[112.4328416789285,38.48209142357004],[112.42885531364215,38.482827426399275],[112.42821991957146,38.482944725685165],[112.42753575603994,38.483071023097246],[112.42713934169426,38.48314419929491],[112.42679101574242,38.48325208581883],[112.42333443191991,38.484322610755676],[112.42051649305782,38.48502166140349],[112.42043008293557,38.48504309530554],[112.41897938638868,38.4844353697911],[112.4184848969223,38.48422821204273],[112.41796721448674,38.48401133420073],[112.41749536245634,38.48381365370776],[112.4174891215777,38.48381103947929],[112.41737178813221,38.48376188189218],[112.41718167092577,38.483682231266584],[112.41443704836205,38.48288124164462],[112.41400460520096,38.48298277728768],[112.41398333430816,38.482987771373054],[112.4138579288705,38.48301721627107],[112.41331201068097,38.483145392774986],[112.41308602766755,38.48319845057015],[112.41149418577675,38.48357217807385],[112.41098424283437,38.483680363874434],[112.4088142004098,38.484140712051406],[112.40798836325982,38.484381515882944],[112.40572370553984,38.4850418251697],[112.40472659096862,38.48639443527025],[112.40415033874622,38.487950534903106],[112.4026639687106,38.48948774491613],[112.40089898458618,38.4903430535117],[112.40053009126794,38.49044684576644],[112.3997018174008,38.49067988382096],[112.39952656150453,38.490729192550184],[112.39796414973362,38.49116876136003],[112.39759575499838,38.49127240063867],[112.39758131189033,38.49127646443202],[112.39707034812851,38.49136003486634],[112.3965988509198,38.491437147543614],[112.39636491194386,38.491835578995236],[112.39615845385079,38.49218720143189],[112.39602468636194,38.4931123510961],[112.396055301911,38.49314181407115],[112.39675856513088,38.49381860700796],[112.39802650318447,38.494697235912675],[112.39970445080932,38.49521344434551],[112.40153633012177,38.49584695475162],[112.40419918836952,38.49746940827057],[112.40422171136127,38.497483131080976],[112.40463554000814,38.497836069418696],[112.40584075854835,38.49886392541396],[112.40667087826996,38.50061168226929],[112.40655403885688,38.50240060564568],[112.40647915507691,38.50439756823286],[112.40560709811733,38.50634451956625],[112.40545869081575,38.508461531201064],[112.40541589114142,38.510160186406246],[112.40487217836686,38.51144776625006],[112.40406771415854,38.51297680677918],[112.40321605363283,38.51402973673681],[112.4031317878801,38.514243224718015],[112.40260165752609,38.515586280733515],[112.4026742594344,38.5173729263179],[112.40273356628624,38.51847451706072],[112.40196227127169,38.51976480976362],[112.40099445351099,38.52069994605162],[112.40014092847338,38.52166349937176],[112.39955925066323,38.52235949504528],[112.3987325119509,38.523348684012525],[112.39863999992754,38.52340796752772],[112.39846432055843,38.52352054597833],[112.39817745337974,38.52370437394321],[112.39712178014237,38.52438084650343],[112.39519099501253,38.52455283482052],[112.39436663797555,38.52506912034783],[112.39552884191123,38.526336322217645],[112.39551221821961,38.52743882081411],[112.39516987483265,38.52934958304122],[112.39504301682926,38.53049850165398],[112.39500847728866,38.53081130899761],[112.39433716880757,38.53155743315449],[112.39408176932837,38.531841290703746],[112.3940059541926,38.53192555325442],[112.39342455845406,38.5326861815227],[112.39318115235562,38.533004617898584],[112.39248918446481,38.53390987076682],[112.39242700733983,38.534039192288496],[112.39134940420229,38.536280378777164],[112.39132223091774,38.53633689101867],[112.39246330523167,38.538468334555844],[112.39373716781988,38.53961505427505],[112.39449797670792,38.54169142038812],[112.39604258531382,38.54310301326361],[112.39865147651979,38.54462103912861],[112.39995654110287,38.545409814073814],[112.40249583841282,38.54529003619401],[112.40549313518122,38.5453136622886],[112.40829789523069,38.54519057086922],[112.41034471632395,38.54510633919889],[112.41190073446992,38.54461746494893],[112.41290849548983,38.544300829615096],[112.41564202229574,38.544416756083486],[112.41955767812036,38.544845994659404],[112.4223835151814,38.54579481205471],[112.42414925506745,38.5468458404688],[112.42524648019116,38.54861998651582],[112.42636318529836,38.55137700977757],[112.42756607548563,38.552732759951965],[112.42688546736122,38.5547668942877],[112.42599809492214,38.555939586499115],[112.42545148996433,38.5570783290422],[112.42593198054253,38.55835351718511],[112.42735845613811,38.5594980006903],[112.4285829742189,38.56017466390515],[112.42904638012955,38.56043073295443],[112.43056666557018,38.560561115629106],[112.43287054333037,38.56002646990449],[112.43577834489699,38.55933541291012],[112.43770459826972,38.55889468041109],[112.44008304021908,38.55829939435751],[112.4420791480974,38.557559814089345],[112.4441913933161,38.55693793291645],[112.44611931789234,38.55658641629161],[112.44672800539905,38.55666826771732],[112.4467826594468,38.557501757647536],[112.4468059530174,38.55866334202028],[112.44679430225433,38.55997431628331],[112.44797320664196,38.56010869201951],[112.44998843560097,38.560322071287246],[112.45209992466108,38.56154713550592],[112.45387367917262,38.56295510611937],[112.45603166190722,38.564596600776426],[112.45738105235048,38.56565229753615],[112.45815963424393,38.56662571820133],[112.45779712985988,38.56746439828294],[112.45663132308133,38.56798537195069],[112.45485369712983,38.56827561106071],[112.45379386275522,38.568407950278754],[112.45206914352028,38.56944227836309],[112.45148971606882,38.570819877131534],[112.45159197187694,38.57212943591944],[112.4511143474493,38.57290993949534],[112.44943284529651,38.57303654463636],[112.44921976530253,38.57305258612919],[112.44875929962022,38.573032491797385],[112.44709275281079,38.57295974620927],[112.44557457122477,38.572948721138445],[112.44450450436341,38.57257464576767],[112.44373736691993,38.57216703243577],[112.44306161339404,38.57253286727977],[112.44239776724373,38.57349438128647],[112.44249748058336,38.574684814383815],[112.44169315970088,38.57621409567163],[112.44083181529449,38.57679074456733],[112.43967155810884,38.57570273966761],[112.43827656290111,38.57426011020376],[112.43825489585745,38.574400291518664],[112.43804127479464,38.57578237134471],[112.43806028403395,38.576735466992886],[112.43785639356679,38.57792963342446],[112.4371420186436,38.57826611745838],[112.43557747651276,38.57783845138896],[112.43370763904653,38.57732513063854],[112.43326595158477,38.578015747812856],[112.4333411992835,38.57989169242788],[112.4314332848691,38.58128546058507],[112.42928994904834,38.58229478446129],[112.42711332462355,38.58354280735456],[112.42527225008746,38.58448878782884],[112.42237659389765,38.583928195817315],[112.42135646873459,38.58369859797503],[112.42038213915602,38.58347929690601],[112.42024165188175,38.58344767506593],[112.41783701798575,38.58276184303642],[112.41624293536837,38.582715331652224],[112.41567238309676,38.58269867995368],[112.41487744474396,38.58309518811171],[112.41461177160667,38.5832277021821],[112.41402069761456,38.583522516563356],[112.4135299441616,38.583767288643514],[112.41194963648991,38.584471577187905],[112.41031037058413,38.58410405790539],[112.40892102491847,38.582929133152696],[112.40870743274996,38.58171024954718],[112.40725855029756,38.58137018628109],[112.40469281889048,38.58214580881558],[112.40327989329951,38.58365234369647],[112.40126149849063,38.58525549041527],[112.39874102274479,38.58641773130265],[112.39681147287027,38.58673870047677],[112.39617963205494,38.58743144906648],[112.39585708825456,38.58768238698746],[112.39568526999913,38.58781606094184],[112.39582031349603,38.58819947194999],[112.39560699061018,38.58847371558972],[112.3951005584056,38.5886656554197],[112.39469899015367,38.58862754360461],[112.39380394751741,38.588509510062565],[112.39277714721015,38.58835486472139],[112.39219215787291,38.58807110216902],[112.39164100699071,38.58783455933247],[112.3908867334668,38.58745742962766],[112.39001075289602,38.587382040846514],[112.38928490424819,38.58753366209727],[112.38839787048599,38.58783019107193],[112.3876932563548,38.588138850093856],[112.38724035104913,38.5882729217383],[112.38605980948678,38.58852184432055],[112.38546706351221,38.588908833452486],[112.3848689727617,38.58907321460258],[112.38397805695989,38.589169556963455],[112.3832455910175,38.588978019319455],[112.38260061532394,38.58862342726629],[112.38212237716036,38.58836209461646],[112.38140978329986,38.588256110860115],[112.38063117784384,38.588508401458256],[112.38020085163019,38.58887097861378],[112.3796141430825,38.5897623102751],[112.37881323700474,38.59034844489265],[112.37769239210486,38.591285189393304],[112.37644742425663,38.59168713545312],[112.37539503983696,38.59223576145819],[112.37452614510994,38.59245451538813],[112.37458909672412,38.59376460725203],[112.3743495673004,38.59513783671549],[112.37379390932479,38.595859362062996],[112.37179261393466,38.596419095610585],[112.36983490428214,38.59727620155107],[112.36883052674683,38.5983604563911],[112.36796373928398,38.60069434273222],[112.36822088845501,38.60224049911624],[112.36853371514668,38.6030795303456],[112.36853657449493,38.60308719856294],[112.36880313867101,38.603183167014976],[112.36896749706571,38.603527567537775],[112.36903742383072,38.603674093387845],[112.3690639121376,38.60372959661823],[112.3693372995439,38.60441099567059],[112.36965185932479,38.60488022720579],[112.37005704178081,38.60528534130285],[112.37042449886711,38.60566837725068],[112.37061291211332,38.605965610660306],[112.37065971684429,38.60603944774897],[112.37086078369836,38.60650099751956],[112.37118098924356,38.606971800624414],[112.3711981154731,38.60699698114522],[112.37168082225357,38.60736514963329],[112.37216432238375,38.60754864544799],[112.37258076695991,38.60773894491657],[112.37261597260564,38.60775503235233],[112.37298825067565,38.60808845966518],[112.37311638165367,38.608306780044614],[112.37311951294757,38.60831211553534],[112.37296342968871,38.60859319110598],[112.37288831685399,38.60927149442371],[112.37288797411456,38.60927459351816],[112.37288752162088,38.60927868025222],[112.37289789026167,38.60930372181335],[112.3733440725837,38.61038128952559],[112.37409404979833,38.61124918619193],[112.37414515280354,38.6113083246522],[112.37417244532624,38.61133990783052],[112.3750092319488,38.6119110832622],[112.37600043880755,38.61260204232604],[112.37608783269997,38.61265769494256],[112.37715322251911,38.61333612981454],[112.37830989860576,38.61382244353931],[112.37938018557888,38.61425571855852],[112.38048069113128,38.614467933271165],[112.38148446609173,38.614649752656234],[112.3819255804305,38.615542099929684],[112.38192716672593,38.615545309574095],[112.38190551410972,38.61620971928113],[112.38188561353313,38.616820411162784],[112.38181547814875,38.6176904973503],[112.38181556892151,38.61770151006472],[112.38181971996978,38.61820801052214],[112.3818197354195,38.61820995241225],[112.38181975985925,38.61821290126355],[112.38184370168166,38.61830643337236],[112.38200826865067,38.618949318763704],[112.38235016617855,38.61995550191127],[112.38237714838803,38.62003490892119],[112.3828574531453,38.62083093070245],[112.3834083258848,38.62115320348926],[112.38398206341517,38.621358101469056],[112.38417543981714,38.621469795919296],[112.38450166086136,38.621658219627804],[112.38477482121351,38.622089155609146],[112.3848161991485,38.62215443139173],[112.38494414623676,38.62272491424063],[112.38504378810369,38.62316183453363],[112.38506092562677,38.62323697874352],[112.38551853119395,38.62385760472694],[112.38563662917707,38.62395080352222],[112.38643890081225,38.624583913475135],[112.38646879898556,38.62460750712432],[112.38741621298165,38.62496073981842],[112.38778007035651,38.62509639707618],[112.38809078577198,38.62511110176091],[112.38884535090904,38.62514680901683],[112.3894986078975,38.625193098111964],[112.3902693822098,38.62578746455527],[112.3903219895657,38.62584834328586],[112.39076087629084,38.626356229713295],[112.39120168032161,38.62686632732862],[112.39204333276408,38.62778412084699],[112.39245494611592,38.62800144647454],[112.39288590555786,38.62822898564585],[112.39376541295319,38.628245532402396],[112.39444685882789,38.62830046638944],[112.39461534677369,38.62871216496316],[112.39461561198041,38.628712813961215],[112.39469997411187,38.62929183582079],[112.39470440328586,38.62932223995327],[112.39470544961947,38.629329421052105],[112.39470666675727,38.62933777202027],[112.39516083666103,38.629737707708905],[112.39566768990375,38.629745173205656],[112.39614913714537,38.62962682971875],[112.39665099728113,38.62974694805876],[112.39702285288026,38.63006552941296],[112.39705022770053,38.630088981086175],[112.39732894300033,38.630545050724685],[112.39786185479586,38.631007090060265],[112.39822776188068,38.631136547468806],[112.39823778943298,38.63114009465511],[112.39844473994694,38.6312133127112],[112.39911790721676,38.63145147135297],[112.39992289781343,38.63166035972702],[112.40004406703278,38.63169180128001],[112.40031151665298,38.631761200453674],[112.4004286476558,38.63179159460669],[112.40104243894767,38.631982415607034],[112.40130799529362,38.63205580125944],[112.40162281871515,38.63207905263013],[112.4019117683996,38.63220938084881],[112.40191463236404,38.63221067246209],[112.40182474122172,38.63264412480486],[112.40160493916095,38.63324529460896],[112.40149559781428,38.63354434673043],[112.40149304843554,38.63366123170861],[112.40148448431742,38.634053897892],[112.40147714224418,38.63439049077923],[112.40147156093326,38.63464642456686],[112.40147145853089,38.63465113232603],[112.40147132786652,38.634657101504224],[112.40199853970677,38.63556057125972],[112.4023768563128,38.63576120594409],[112.40247800907237,38.63581485018336],[112.40317783644403,38.63618598480489],[112.40403158262416,38.63646897028746],[112.40416028018502,38.63651162810361],[112.40456783942136,38.63664671484504],[112.40527453216117,38.636740007841716],[112.40559980509676,38.63678294606782],[112.4062617686447,38.636644377037555],[112.40679593727002,38.63644121478918],[112.40686097167533,38.63641648022266],[112.40730652725304,38.63614989339152],[112.4076995180241,38.635874930658304],[112.40792396569162,38.63582718991428],[112.40808535296209,38.63578471171029],[112.40829251404607,38.63617405766856],[112.40836589220255,38.63648743066079],[112.40847970849316,38.636973497068105],[112.40902057199122,38.63787226676538],[112.41006558458503,38.63878297189578],[112.41121791999389,38.639381604176215],[112.4119023533719,38.63972915155652],[112.41199951529155,38.640290966296426],[112.41171951057109,38.64098344138625],[112.41170767556231,38.64155107556236],[112.41249771194379,38.642230632983946],[112.41305207661972,38.64255142909002],[112.41329429424964,38.64269159261893],[112.41359556865525,38.642865929629444],[112.41439703894132,38.64317601572428],[112.41466683070881,38.6431908593757],[112.41526945362614,38.64322401387785],[112.41599580869033,38.64332781905148],[112.41634972416676,38.64365682131532],[112.41668461294189,38.64404010086519],[112.41684842326617,38.644116786253996],[112.41724765517284,38.64430368091719],[112.41728638743959,38.64432181247947],[112.41735046482516,38.64435180989948],[112.41813356715295,38.64471163584006],[112.41832130020802,38.64497860834163],[112.41854495211274,38.64529665626356],[112.41852478111636,38.646094089267905],[112.41843902308126,38.64691483678858],[112.41843285766585,38.64765805362709],[112.41846262290845,38.64818464753943],[112.41837166285266,38.648559572167336],[112.418138315569,38.64895874422429],[112.41799000166452,38.649373285213336],[112.41785185666967,38.64975940509572],[112.41784427684097,38.650227845048725],[112.4178327612326,38.650939654429635],[112.41801241865424,38.651298379886654],[112.41840896980919,38.65209016544106],[112.41896327771282,38.65259397798025],[112.41957280562073,38.653147968604166],[112.41991849454568,38.653387435290725],[112.4204241306796,38.65373769494469],[112.42098495277082,38.654126177008486],[112.42188555707622,38.65446620819472],[112.4220675883752,38.65453493403436],[112.42247579929075,38.65468905436068],[112.42321672562967,38.65477594696949],[112.42363269050115,38.65482472776685],[112.42386757482603,38.654852272011894],[112.42502743573984,38.65486967158395],[112.42584833152095,38.654774092904816],[112.426465292137,38.65456839833236],[112.42678185191355,38.65449293771276],[112.42706268432607,38.65442599385767],[112.42761231216997,38.65466249495836],[112.42790097666064,38.654912417921096],[112.42807911494081,38.65506664840136],[112.42854136330914,38.655241158315235],[112.42861974229778,38.65524375265733],[112.42862277353336,38.65524385254698],[112.42913767136481,38.65526089532993],[112.43007330881197,38.65544762892614],[112.43015088210005,38.655478317982535],[112.43077039510237,38.655723403916205],[112.43117762826395,38.65588450636344],[112.43162759058048,38.6560798980459],[112.43202498580627,38.65625245947346],[112.4325712337802,38.65649798601992],[112.43301744006814,38.65683931802626],[112.4333091426629,38.65735368826901],[112.43360440813397,38.65778086316581],[112.43366105535603,38.657862815816806],[112.43419296490944,38.65818057340454],[112.43470639274896,38.65836343863475],[112.43496033098745,38.658639563154644],[112.43494742174596,38.659108123118116],[112.43482450601418,38.659641088988835],[112.43445276852434,38.6602987101711],[112.43384871114509,38.661080783796066],[112.43340104463053,38.6617843716461],[112.43361712732566,38.66246631159018],[112.43442142198477,38.66322661047001],[112.43532641507761,38.66392261332699],[112.43617085104385,38.664533778249606],[112.43686696484593,38.66512424207189],[112.4370368679767,38.665685137449664],[112.43664447932319,38.666279965316114],[112.43602189422708,38.66667494505827],[112.43562777549536,38.6670040626546],[112.43546454941857,38.667244770612676],[112.43518036540105,38.667865288240876],[112.43508796004741,38.66870414172214],[112.43503647637696,38.66957852252593],[112.43480514270496,38.670292971628],[112.4345974872183,38.67068285214069],[112.43401273165682,38.67142865856915],[112.43355859189127,38.672015556089356],[112.43305570328664,38.67266544153697],[112.43253050784017,38.67341051062525],[112.43238466844306,38.67387619476498],[112.43234257204598,38.67421304192423],[112.43228432698955,38.674679111278216],[112.43261505055702,38.67541819595249],[112.43370201598883,38.67597686420688],[112.43448362784856,38.6763185238956],[112.4350249543833,38.676555144755184],[112.43570098774272,38.6772134172568],[112.4359868853564,38.678007089669066],[112.4365686198612,38.67883315675227],[112.43720636711431,38.67955044085069],[112.43781747811893,38.68037163645042],[112.43854690445475,38.68121839689229],[112.43950122857062,38.68153092935542],[112.44110372012406,38.68128599664751],[112.44142275120498,38.68123376732913],[112.44206376475417,38.681128823812955],[112.44312678483158,38.6809547818987],[112.44469971192441,38.68066963154548],[112.44538574707462,38.68056210671817],[112.4462282969029,38.680430044792175],[112.4470725883675,38.68033725546682],[112.44812164301742,38.680221952712316]]],[[[112.38063117784384,38.588508401458256],[112.38140978329986,38.588256110860115],[112.38212237716036,38.58836209461646],[112.38260061532394,38.58862342726629],[112.3832455910175,38.588978019319455],[112.38397805695989,38.589169556963455],[112.3848689727617,38.58907321460258],[112.38546706351221,38.588908833452486],[112.38605980948678,38.58852184432055],[112.38724035104913,38.5882729217383],[112.3876932563548,38.588138850093856],[112.38839787048599,38.58783019107193],[112.38928490424819,38.58753366209727],[112.39001075289602,38.587382040846514],[112.3908867334668,38.58745742962766],[112.39164100699071,38.58783455933247],[112.39219215787291,38.58807110216902],[112.39277714721015,38.58835486472139],[112.39380394751741,38.588509510062565],[112.39469899015367,38.58862754360461],[112.3951005584056,38.5886656554197],[112.39560699061018,38.58847371558972],[112.39582031349603,38.58819947194999],[112.39568526999913,38.58781606094184],[112.39585708825456,38.58768238698746],[112.39617963205494,38.58743144906648],[112.39681147287027,38.58673870047677],[112.39874102274479,38.58641773130265],[112.40126149849063,38.58525549041527],[112.40327989329951,38.58365234369647],[112.40469281889048,38.58214580881558],[112.40725855029756,38.58137018628109],[112.40870743274996,38.58171024954718],[112.40892102491847,38.582929133152696],[112.41031037058413,38.58410405790539],[112.41194963648991,38.584471577187905],[112.4135299441616,38.583767288643514],[112.41402069761456,38.583522516563356],[112.41461177160667,38.5832277021821],[112.41487744474396,38.58309518811171],[112.41567238309676,38.58269867995368],[112.41624293536837,38.582715331652224],[112.41783701798575,38.58276184303642],[112.42024165188175,38.58344767506593],[112.42038213915602,38.58347929690601],[112.42135646873459,38.58369859797503],[112.42237659389765,38.583928195817315],[112.42527225008746,38.58448878782884],[112.42711332462355,38.58354280735456],[112.42928994904834,38.58229478446129],[112.4314332848691,38.58128546058507],[112.4333411992835,38.57989169242788],[112.43326595158477,38.578015747812856],[112.43370763904653,38.57732513063854],[112.43557747651276,38.57783845138896],[112.4371420186436,38.57826611745838],[112.43785639356679,38.57792963342446],[112.43806028403395,38.576735466992886],[112.43804127479464,38.57578237134471],[112.43825489585745,38.574400291518664],[112.43827656290111,38.57426011020376],[112.43967155810884,38.57570273966761],[112.44083181529449,38.57679074456733],[112.44169315970088,38.57621409567163],[112.44249748058336,38.574684814383815],[112.44239776724373,38.57349438128647],[112.44306161339404,38.57253286727977],[112.44373736691993,38.57216703243577],[112.44450450436341,38.57257464576767],[112.44557457122477,38.572948721138445],[112.44709275281079,38.57295974620927],[112.44875929962022,38.573032491797385],[112.44921976530253,38.57305258612919],[112.44943284529651,38.57303654463636],[112.4511143474493,38.57290993949534],[112.45159197187694,38.57212943591944],[112.45148971606882,38.570819877131534],[112.45206914352028,38.56944227836309],[112.45379386275522,38.568407950278754],[112.45485369712983,38.56827561106071],[112.45663132308133,38.56798537195069],[112.45779712985988,38.56746439828294],[112.45815963424393,38.56662571820133],[112.45738105235048,38.56565229753615],[112.45603166190722,38.564596600776426],[112.45387367917262,38.56295510611937],[112.45209992466108,38.56154713550592],[112.44998843560097,38.560322071287246],[112.44797320664196,38.56010869201951],[112.44679430225433,38.55997431628331],[112.4468059530174,38.55866334202028],[112.4467826594468,38.557501757647536],[112.44672800539905,38.55666826771732],[112.44611931789234,38.55658641629161],[112.4441913933161,38.55693793291645],[112.4420791480974,38.557559814089345],[112.44008304021908,38.55829939435751],[112.43770459826972,38.55889468041109],[112.43577834489699,38.55933541291012],[112.43287054333037,38.56002646990449],[112.43056666557018,38.560561115629106],[112.42904638012955,38.56043073295443],[112.4285829742189,38.56017466390515],[112.42735845613811,38.5594980006903],[112.42593198054253,38.55835351718511],[112.42545148996433,38.5570783290422],[112.42599809492214,38.555939586499115],[112.42688546736122,38.5547668942877],[112.42756607548563,38.552732759951965],[112.42636318529836,38.55137700977757],[112.42524648019116,38.54861998651582],[112.42414925506745,38.5468458404688],[112.4223835151814,38.54579481205471],[112.41955767812036,38.544845994659404],[112.41564202229574,38.544416756083486],[112.41290849548983,38.544300829615096],[112.41190073446992,38.54461746494893],[112.41034471632395,38.54510633919889],[112.40829789523069,38.54519057086922],[112.40549313518122,38.5453136622886],[112.40249583841282,38.54529003619401],[112.39995654110287,38.545409814073814],[112.39865147651979,38.54462103912861],[112.39604258531382,38.54310301326361],[112.39449797670792,38.54169142038812],[112.39373716781988,38.53961505427505],[112.39246330523167,38.538468334555844],[112.39132223091774,38.53633689101867],[112.39134940420229,38.536280378777164],[112.39242700733983,38.534039192288496],[112.39248918446481,38.53390987076682],[112.39318115235562,38.533004617898584],[112.39342455845406,38.5326861815227],[112.3940059541926,38.53192555325442],[112.39408176932837,38.531841290703746],[112.39433716880757,38.53155743315449],[112.39500847728866,38.53081130899761],[112.39504301682926,38.53049850165398],[112.39516987483265,38.52934958304122],[112.39551221821961,38.52743882081411],[112.39552884191123,38.526336322217645],[112.39436663797555,38.52506912034783],[112.39519099501253,38.52455283482052],[112.39712178014237,38.52438084650343],[112.39817745337974,38.52370437394321],[112.39846432055843,38.52352054597833],[112.39863999992754,38.52340796752772],[112.3987325119509,38.523348684012525],[112.39955925066323,38.52235949504528],[112.40014092847338,38.52166349937176],[112.40099445351099,38.52069994605162],[112.40196227127169,38.51976480976362],[112.40273356628624,38.51847451706072],[112.4026742594344,38.5173729263179],[112.40260165752609,38.515586280733515],[112.4031317878801,38.514243224718015],[112.40321605363283,38.51402973673681],[112.40406771415854,38.51297680677918],[112.40487217836686,38.51144776625006],[112.40541589114142,38.510160186406246],[112.40545869081575,38.508461531201064],[112.40560709811733,38.50634451956625],[112.40647915507691,38.50439756823286],[112.40655403885688,38.50240060564568],[112.40667087826996,38.50061168226929],[112.40584075854835,38.49886392541396],[112.40463554000814,38.497836069418696],[112.40422171136127,38.497483131080976],[112.40419918836952,38.49746940827057],[112.40153633012177,38.49584695475162],[112.39970445080932,38.49521344434551],[112.39802650318447,38.494697235912675],[112.39675856513088,38.49381860700796],[112.396055301911,38.49314181407115],[112.39602468636194,38.4931123510961],[112.39615845385079,38.49218720143189],[112.39636491194386,38.491835578995236],[112.3965988509198,38.491437147543614],[112.39707034812851,38.49136003486634],[112.39758131189033,38.49127646443202],[112.39759575499838,38.49127240063867],[112.39796414973362,38.49116876136003],[112.39952656150453,38.490729192550184],[112.3997018174008,38.49067988382096],[112.40053009126794,38.49044684576644],[112.40089898458618,38.4903430535117],[112.4026639687106,38.48948774491613],[112.40415033874622,38.487950534903106],[112.40472659096862,38.48639443527025],[112.40572370553984,38.4850418251697],[112.40798836325982,38.484381515882944],[112.4088142004098,38.484140712051406],[112.41098424283437,38.483680363874434],[112.41149418577675,38.48357217807385],[112.41308602766755,38.48319845057015],[112.41331201068097,38.483145392774986],[112.4138579288705,38.48301721627107],[112.41398333430816,38.482987771373054],[112.41400460520096,38.48298277728768],[112.41443704836205,38.48288124164462],[112.41718167092577,38.483682231266584],[112.41737178813221,38.48376188189218],[112.4174891215777,38.48381103947929],[112.41749536245634,38.48381365370776],[112.41796721448674,38.48401133420073],[112.4184848969223,38.48422821204273],[112.41897938638868,38.4844353697911],[112.42043008293557,38.48504309530554],[112.42051649305782,38.48502166140349],[112.42333443191991,38.484322610755676],[112.42679101574242,38.48325208581883],[112.42713934169426,38.48314419929491],[112.42753575603994,38.483071023097246],[112.42821991957146,38.482944725685165],[112.42885531364215,38.482827426399275],[112.4328416789285,38.48209142357004],[112.4344148419402,38.48114861026027],[112.43328058070452,38.47937497850767],[112.43000511907944,38.47664436658049],[112.42895328417046,38.47519739670428],[112.42999827400733,38.47438025468148],[112.43454543888477,38.474354429736344],[112.43675063453995,38.47471468991877],[112.43838931984467,38.47482700082531],[112.43890890491498,38.474862607130255],[112.43913871898972,38.474878355105574],[112.43933117933724,38.47489154313265],[112.4395154087387,38.47478062186359],[112.44150318639798,38.47358376913943],[112.44268649352396,38.47210938741339],[112.44280716322446,38.47055871573617],[112.44147403537013,38.470217628511506],[112.43982124437824,38.46904628004738],[112.43895934713173,38.46762685584178],[112.43788438043191,38.466925050322246],[112.43660523784256,38.465480937270975],[112.43601630616979,38.4644454377126],[112.43655736149613,38.46306836670014],[112.43604657733273,38.46215107609273],[112.43574484186435,38.460635737531774],[112.4356678413747,38.460249025539454],[112.43596493850578,38.459932822675825],[112.43651147494882,38.459351131055186],[112.43673679671488,38.45911131190478],[112.43674392101622,38.459103729013584],[112.43701976973628,38.45772990766271],[112.43678504723536,38.456306384509126],[112.43674520981395,38.456064775611836],[112.43641678615609,38.45407287389231],[112.43601682837328,38.45109856459403],[112.43695131557294,38.45046146880233],[112.44097199603408,38.44880329507148],[112.44502620342635,38.446936025742595],[112.44584635440583,38.445276425111025],[112.44584786987346,38.44527086201244],[112.44629296143117,38.44363739110117],[112.44651352254483,38.44282790919618],[112.44669344047111,38.44216758160864],[112.44698134513725,38.44093506860997],[112.44724453091621,38.43980833699091],[112.44725177855102,38.43977731232506],[112.44539600035972,38.43789352740467],[112.4453016596782,38.437872529896204],[112.44439371655206,38.43767044304903],[112.44235226260007,38.437216034200084],[112.44221895616204,38.43717302821994],[112.4408539967803,38.43673266880581],[112.44026778645548,38.43654354095318],[112.44021741516977,38.43652728915478],[112.44000803706008,38.43640775172253],[112.4398929283875,38.43634203369639],[112.43936811548333,38.436042403464306],[112.43899283869959,38.43582814402902],[112.43891015516306,38.435780937186045],[112.4388002125459,38.435718165981044],[112.43798393484231,38.43525211274578],[112.4377654812705,38.43512738502624],[112.43741200091743,38.4339202163568],[112.43701546586432,38.433446913874384],[112.43675623172011,38.4332094243589],[112.43649652501527,38.432948002239804],[112.43611635771057,38.43272385926332],[112.43557923501108,38.43253023955531],[112.43494347949188,38.432252024397236],[112.43407618448323,38.43190990531839],[112.43343086022038,38.43173157228378],[112.43340390273924,38.43172412280174],[112.43306355627296,38.430879682801844],[112.4323202750727,38.429035441627946],[112.43171765457578,38.42768370951515],[112.43014056467803,38.4255888185992],[112.42915716145964,38.42439273108027],[112.42916373447152,38.42438402935168],[112.43065375102624,38.42241131799357],[112.43101373139466,38.42119883131266],[112.43289400851702,38.41921270200766],[112.43299071975966,38.41884328929994],[112.43360217531571,38.41650757337622],[112.43360788466109,38.416485765406804],[112.43293594101704,38.41610196687518],[112.43251083364152,38.41573921553979],[112.43222692378716,38.415552015363765],[112.43197919741681,38.41540736752581],[112.43186285148698,38.41511310141654],[112.43157599408958,38.414726978433755],[112.43148871940514,38.41444918819703],[112.43130819148703,38.4140509846923],[112.43083185109813,38.41339898847677],[112.43036397902922,38.41317589704811],[112.43019621102462,38.41296343969966],[112.43012767850581,38.41271402090764],[112.43012264890736,38.41245809075408],[112.43029090156412,38.41200549055482],[112.43051466845102,38.41160102053178],[112.43075235719878,38.41121200989859],[112.43088398102078,38.41097444677735],[112.4311161066785,38.410764256587036],[112.43168579159092,38.41062144336086],[112.43219870538614,38.41036491855727],[112.43273345739544,38.41029402922754],[112.43332045798113,38.41010809480702],[112.43380751927786,38.40992338123313],[112.4341274752357,38.41001956746049],[112.43472916245601,38.4101298279275],[112.43553152839851,38.410252628094675],[112.43588584756043,38.410248286082314],[112.4362191649477,38.410101197317566],[112.43640853549515,38.410027374183656],[112.43654950840894,38.40980399041907],[112.4367447062208,38.40956564143798],[112.43698702728408,38.409412516495365],[112.43732474940168,38.40902941562262],[112.43768788052897,38.4085530492631],[112.4380200681378,38.407891157728635],[112.4382036201403,38.40752424632994],[112.43816132878146,38.40722445799427],[112.43810139969226,38.4070739660191],[112.43800832169867,38.406840227861856],[112.43810159190822,38.406503024863824],[112.43863078010561,38.40630609550896],[112.4390380774187,38.406072288318015],[112.43956133164616,38.40617208229841],[112.44016475227768,38.40606797872258],[112.44044315630688,38.40605502283313],[112.44070584977733,38.405861121787794],[112.44110367568882,38.40576089384556],[112.44131791725285,38.40556758726994],[112.44166388063393,38.40529639084127],[112.44228029681538,38.405222069996796],[112.44276149241618,38.405075800907944],[112.4429667322546,38.4050134129321],[112.44313965273666,38.40497624509307],[112.44390771704954,38.40481114980921],[112.44440603760978,38.40489080913663],[112.44459679937532,38.404835411329024],[112.44485173297417,38.404761378053266],[112.44486619610507,38.40429330016332],[112.4448664676996,38.4042845185066],[112.44450728820534,38.40378356902687],[112.44466375332281,38.40350103163362],[112.44526552242253,38.40318244421185],[112.44555812100833,38.40266640629901],[112.44583652400974,38.402198210494625],[112.44654003164582,38.401784350979995],[112.44741078306927,38.40140417276946],[112.44788718605439,38.40086583123395],[112.44849815738802,38.40049696422182],[112.44899372289186,38.400288248547206],[112.44943910601054,38.39984181381655],[112.44944686784713,38.3994722919204],[112.4495774114184,38.39918467097446],[112.44959388559647,38.39849328394001],[112.44948377333579,38.39752937380537],[112.44930248990738,38.39679276643948],[112.44891045710666,38.39611834887311],[112.44819958059752,38.39568001242913],[112.44751771384843,38.395263599120575],[112.44719395886865,38.39497444125452],[112.44708962480938,38.39475407453811],[112.44700146368972,38.394433405459054],[112.446761170947,38.39422901723581],[112.44658146853328,38.39387372766134],[112.44644960477787,38.39363939986883],[112.44651542987975,38.39329537892364],[112.44657402395676,38.39304439921015],[112.44676543965073,38.39262017607894],[112.44662492283872,38.39240740605942],[112.44611144226889,38.39217063795846],[112.44566809333172,38.39226191087725],[112.44540769749001,38.392178950918016],[112.44560142594972,38.391621123700624],[112.44541066132282,38.39116586589628],[112.44503748697277,38.390674723224635],[112.444647305592,38.39054606407241],[112.44402836223958,38.390486958428866],[112.44355739437532,38.3905594963134],[112.44308585713311,38.39060343881402],[112.44268868482273,38.39073226556342],[112.44248432673855,38.39081105018085],[112.4419855372326,38.390702786129545],[112.44158836233078,38.390831610097024],[112.44137548956401,38.391091634687946],[112.44109506187024,38.39099974844446],[112.44095674001149,38.39074404276521],[112.44082920591521,38.390421470050214],[112.44046060591025,38.390159061285964],[112.4399258704132,38.39007029750064],[112.4393994544388,38.390400907281006],[112.4387841047091,38.39052286697918],[112.43818251232285,38.390509675491835],[112.43794793678148,38.39050453030753],[112.43705634701064,38.3901341250105],[112.43672088422862,38.3897092271718],[112.43672846701004,38.38948032907467],[112.43701061599876,38.38904785750637],[112.43738753073623,38.38849865799756],[112.43727015423006,38.38820172768036],[112.43689265177808,38.38798392713217],[112.43620440710913,38.387634854360286],[112.4360732681285,38.38755824350949],[112.43547637712358,38.387417352541945],[112.43513444531592,38.38712361683506],[112.43450222198591,38.38731011224643],[112.43379313447733,38.38743796087229],[112.43323588498633,38.38758778113916],[112.43291740608026,38.3878681502516],[112.4323917975783,38.387626703387085],[112.43254205666744,38.38729763245415],[112.43260327070918,38.3869877514413],[112.43272211451715,38.3867188632811],[112.43281498156149,38.386508744891735],[112.43262408372316,38.38595012648151],[112.43204785826829,38.38569558813021],[112.43145635100426,38.385643230997026],[112.4310663188825,38.38582674878553],[112.43031957416365,38.38634829705475],[112.42990724047593,38.3869372617164],[112.42932146600583,38.387945434549856],[112.42904793160686,38.38866379031517],[112.42865908310108,38.38936411353705],[112.42716902991175,38.39164745108364],[112.42612449389264,38.39243484093485],[112.425985228967,38.39303272942074],[112.42596478466588,38.39353349129908],[112.42529431926366,38.39408982982981],[112.42454282860383,38.39470673406053],[112.42368249573762,38.39528920552402],[112.42382902956025,38.39581177189931],[112.42423550144063,38.396462266216396],[112.42452898952376,38.39675662305442],[112.42543918409626,38.397007987160904],[112.42555530924133,38.397798273280166],[112.42556415638585,38.39785847718763],[112.42463753444643,38.3995308779016],[112.4244926463315,38.399798486137435],[112.4244729604325,38.39983484585002],[112.42436276989717,38.40063165877893],[112.42424786284687,38.4010501409051],[112.42434958511285,38.40119430060623],[112.42453515630133,38.4015339476785],[112.4246134819855,38.401677304261035],[112.4248597756419,38.40218912179613],[112.42471160087399,38.40234463818249],[112.42443243841117,38.40263762918529],[112.42395592208966,38.40335843919768],[112.42368535844084,38.40346183006239],[112.42274059086465,38.40347330572302],[112.4222346028073,38.403133713869266],[112.42127215000168,38.40347906792631],[112.42064021403549,38.403689320199454],[112.41973510204392,38.40396972665736],[112.41945110203724,38.404061241240456],[112.41910915946093,38.40438714147994],[112.41884481057161,38.405037182358676],[112.41859181783036,38.405811525722655],[112.41838939421983,38.40630257172278],[112.41795887279595,38.40659140699404],[112.41784083346106,38.406629656458655],[112.41744714740004,38.4065999822256],[112.41680562419158,38.406709035501],[112.41672599335018,38.406758249766874],[112.41641439532104,38.40683889461127],[112.41622640957469,38.40690670999076],[112.41589620905147,38.40705966327468],[112.41571195684924,38.407195666783394],[112.4156604843502,38.407173159579926],[112.41561343847552,38.407145293146996],[112.41557171223056,38.40711259808546],[112.41554156259913,38.407082088143284],[112.41551606664925,38.407049055580025],[112.41459309079086,38.405995076176744],[112.41442036182478,38.40562377794907],[112.41421745241098,38.40515908168076],[112.4141610130967,38.40474981952554],[112.41395907420522,38.4037130959119],[112.41381840717995,38.40333345024028],[112.41330007395248,38.40222427524412],[112.4130582470531,38.40162657552656],[112.4131208951995,38.40111100672083],[112.41294501547411,38.40078898636575],[112.41270876277196,38.40047722672679],[112.41242931295808,38.39981324466675],[112.41227228361717,38.39921452096042],[112.41174406077693,38.398839543009636],[112.41094030652721,38.39800073521243],[112.41080640431655,38.39734452967604],[112.41089162264795,38.39663961086197],[112.41076796772964,38.39621499865402],[112.41060202409001,38.39564516385592],[112.41038106819347,38.394886407230025],[112.4100154690124,38.39438433463007],[112.40973158395751,38.39419112002875],[112.40938027209778,38.394034466777505],[112.4089476645141,38.393980084548794],[112.40878158332065,38.39397203616108],[112.4086521146533,38.39396576256424],[112.40843202689872,38.393938615325425],[112.40810296373941,38.393757857304465],[112.40788333893401,38.39375453699342],[112.40760061820849,38.393620888786884],[112.40743155195125,38.393491832103514],[112.40696312896566,38.393151864821],[112.40671756572858,38.392982016261385],[112.40644894955378,38.39279456912229],[112.40609158170159,38.39271543889125],[112.40595095165449,38.39249070290334],[112.40599198053253,38.39226378759442],[112.40593675743354,38.39175797700314],[112.40591752956327,38.391575933051726],[112.40589967372512,38.391406870371384],[112.40582098263071,38.391252893572215],[112.40575825562729,38.39110379497483],[112.40573368537306,38.39104539311525],[112.40559536659083,38.39093979931059],[112.4052062342316,38.39078358685709],[112.4050446338946,38.39072339203621],[112.40472581373079,38.390604633724024],[112.4040474926297,38.39045790771441],[112.40348597269964,38.3903823418276],[112.40272355254541,38.39010546215873],[112.40194599936792,38.38982875939299],[112.40110698097095,38.389505118197526],[112.40056299453134,38.389124144067026],[112.39890593973149,38.38866600150138],[112.3952380782813,38.387501630934516],[112.39083610554712,38.38782315271356],[112.38632550156943,38.38659235110037],[112.38620623982767,38.386637534697236],[112.38593308762493,38.38660501457144],[112.38561213614364,38.386447930208746],[112.38527839362837,38.38625524481796],[112.38523702047223,38.386232503739066],[112.38475203882685,38.38596592270226],[112.38445522661758,38.38564528633164],[112.38424209341204,38.38526645863703],[112.38406347306048,38.38479188669774],[112.38406436748092,38.3847876549425],[112.38415235392304,38.3843713571273],[112.38422512536694,38.38374127680966],[112.38438705336327,38.3831101442762],[112.38438293949794,38.38289440929794],[112.3843828558237,38.38289428237125],[112.38377664497601,38.38197469938911],[112.38346927230299,38.3815084247734],[112.3833691336788,38.38135651672669],[112.3833314183555,38.381018913045985],[112.38330712658139,38.380697439360475],[112.3832676256789,38.380553249833454],[112.38321926471778,38.38037671586101],[112.38316231797782,38.38030264945354],[112.38302676758782,38.38012634612107],[112.38240323526209,38.37981909282517],[112.38204936195534,38.37968026222053],[112.38159481300357,38.37934241031387],[112.38148978368628,38.37930446029318],[112.38105822877094,38.37914852868471],[112.38012242713633,38.37897841417992],[112.37991715373599,38.37890981466914],[112.37948861774517,38.37876660257299],[112.37935068787802,38.3787340922695],[112.37879517626303,38.37860315718534],[112.37786246040422,38.3785950603345],[112.37681028740192,38.37867416243101],[112.37579407624357,38.37873376462688],[112.3749482839638,38.37883902820755],[112.37401759560697,38.379147979648984],[112.37338228621073,38.37928640501611],[112.37281444198481,38.37935979365296],[112.37213527776015,38.37931054642017],[112.37149280016747,38.37927993255909],[112.37103919357094,38.37911865399547],[112.37068805214385,38.378993804179814],[112.36982456610275,38.37880369407251],[112.36861917230937,38.37846503220183],[112.36809491395881,38.37828048025255],[112.36752488789205,38.378357240449766],[112.3671647149723,38.37840573941698],[112.36652206620137,38.37836556692426],[112.36594902276003,38.378162506579685],[112.36519059142096,38.377761397245536],[112.36484739886367,38.37751723271768],[112.36483461031251,38.37750813388778],[112.36483969755892,38.37750469570586],[112.36507035744741,38.377348792350546],[112.365264778124,38.377198046215305],[112.36526341865104,38.3771917149266],[112.36526169543103,38.377183687141084],[112.36521168503432,38.376950789892646],[112.3640148691858,38.37642130620216],[112.3632210378236,38.376068264037684],[112.36275395322845,38.375701883043675],[112.36234741264619,38.37533479648126],[112.36214474565945,38.37486046866174],[112.36173088598353,38.37410258414043],[112.36136886165376,38.373525236015894],[112.36106737938294,38.372947183724776],[112.36106941332082,38.372944282009904],[112.36107238678451,38.372940040686366],[112.36135045914163,38.37254348138311],[112.36142717231735,38.372113574506045],[112.36142617141012,38.372110844055065],[112.36142517173134,38.37210811809389],[112.3612281506924,38.371570980208645],[112.3612301683514,38.371569837968295],[112.36123324011064,38.371568097958395],[112.36154291050906,38.371392732586024],[112.36225699870198,38.371160098491714],[112.36304874826543,38.370760011971704],[112.36328767294948,38.37058562677197],[112.36368148477771,38.37027596671888],[112.3650001974306,38.36956465712239],[112.3660477733781,38.36924737369027],[112.366624605395,38.369011840926085],[112.3670937269719,38.368844297393075],[112.367944701287,38.36837675143946],[112.36827884550581,38.36811544156033],[112.36855260232053,38.3678190131085],[112.36856366195838,38.36780703829527],[112.36856303738077,38.367800364254585],[112.36856224677265,38.367791922054074],[112.36854850246004,38.367645142742845],[112.36827812060346,38.36757471158691],[112.36808582446191,38.36749115348818],[112.36781180934673,38.36740854861919],[112.3671930231224,38.36734426599412],[112.36647396415098,38.36720279713608],[112.36610086889866,38.36722114610609],[112.36581898691256,38.36720298055372],[112.36552667988902,38.36711343367501],[112.36526854425082,38.36690908294056],[112.36495875176705,38.36685548886801],[112.36463920793275,38.36676625689214],[112.36438282102438,38.36665483789352],[112.36425914430525,38.36635596666404],[112.3642450966746,38.36609157010359],[112.36422563733254,38.365994585225906],[112.36420501936382,38.365891829699905],[112.36420556340921,38.36588826425259],[112.36424545080558,38.365626799113166],[112.36451575682771,38.36531187412445],[112.36464491036334,38.36513593077293],[112.36510166385955,38.36479454879826],[112.36539672578735,38.364548003458424],[112.36549109265256,38.364253743352826],[112.3657188316048,38.36380777272939],[112.36601415623905,38.363575523202535],[112.36608834469948,38.36317424318153],[112.3659366222899,38.36283279910015],[112.3654687338807,38.362580841338094],[112.36485490741669,38.36229483023808],[112.3642299609441,38.361872867333915],[112.36394528467484,38.36148309224914],[112.36238577084498,38.36014210664454],[112.36140438596075,38.35894539998758],[112.36139307176413,38.35834147617647],[112.36102859845859,38.356763415828226],[112.3609136405135,38.35672114098101],[112.36070102303042,38.3566818993759],[112.36051978384744,38.35670187949308],[112.36027868960005,38.356758304515154],[112.35998463480722,38.35681534342408],[112.35951067776656,38.356963847799626],[112.3591732335122,38.35712864255815],[112.35894682113828,38.35716105995345],[112.35872452255211,38.35700871426506],[112.35851568465769,38.356766834120634],[112.35838795363273,38.3564108011043],[112.35835446223038,38.35623839015215],[112.3584325657813,38.35613998897126],[112.3584316266602,38.356133873404076],[112.35843043488221,38.35612611407298],[112.35842836904902,38.356112660002516],[112.35841914059547,38.3560861072868],[112.35840507874079,38.35606090324552],[112.35838648763522,38.35603759024725],[112.35836376558545,38.35601666813172],[112.35673759902534,38.355526193373315],[112.3567025338104,38.355510173684735],[112.35653642778108,38.35532514222091],[112.35634264345096,38.35515935327675],[112.35610967468186,38.355083395353745],[112.35588524980739,38.35497873723321],[112.35563839687937,38.35488863937949],[112.35550730947311,38.35486663478572],[112.35547899055493,38.354861881604606],[112.35524457397722,38.35484408277796],[112.35501763301289,38.35474039882147],[112.35481555884125,38.35458830724406],[112.35459961685837,38.35445137233535],[112.35449862134645,38.354391762039086],[112.35432927180005,38.354318640838166],[112.35421913228176,38.3542555614881],[112.35411633964985,38.35409944281423],[112.35396481504921,38.35400823938873],[112.35378658767036,38.35394594504028],[112.3536121679514,38.353844280403685],[112.35357151472897,38.35385547579636],[112.35337826008175,38.35396138635238],[112.35322955001264,38.35408860652501],[112.35306096894641,38.35423318487481],[112.35275735934087,38.354508400018815],[112.35250728611932,38.35473294469575],[112.35226910115074,38.35486439735162],[112.35219547591116,38.354811620042504],[112.35219712676859,38.35480578172629],[112.35219940451181,38.35479772827804],[112.35223807514869,38.35466097247633],[112.35223779257898,38.35465433041108],[112.35223746779658,38.35464671054583],[112.35223001053336,38.35447158321289],[112.35221802316622,38.354071305745016],[112.35218493059348,38.35388264382598],[112.35212851016313,38.353733891380465],[112.35212881851004,38.353727958648086],[112.35212928015461,38.35371907397266],[112.35213742190825,38.35356218119556],[112.35213693579459,38.3535616931544],[112.35213667117678,38.353561427762884],[112.35202021348442,38.35344436206773],[112.35181213382084,38.353322823515164],[112.35137451384338,38.35322776626713],[112.35094303722856,38.353137402808215],[112.3505909463862,38.35308425754252],[112.35025202452316,38.35308816233116],[112.34974849557305,38.35314759779619],[112.34936268250861,38.353205816835356],[112.34881948804379,38.35329310499793],[112.34854775769305,38.35332959988327],[112.34806366860805,38.35333993518392],[112.34746352801974,38.35329440046578],[112.34706178506848,38.353175079993434],[112.34663066562577,38.35310376321198],[112.34634497605529,38.3530403090976],[112.34624085364901,38.352974769511924],[112.34579842618426,38.35294648183266],[112.34562202995713,38.352900838009376],[112.34518609661181,38.35289630820686],[112.34480454473668,38.352886385880154],[112.34438377031205,38.35271960590816],[112.34411483070004,38.3525796838272],[112.3438601996157,38.352558768982405],[112.34344312927827,38.35259215167862],[112.3432136041901,38.35252947588969],[112.34275859222039,38.35247510348344],[112.34224305901755,38.3524214222104],[112.34196561306968,38.35232348957961],[112.34190950177342,38.35222356452537],[112.34123684925291,38.35138927517747],[112.34073555565705,38.350794384803045],[112.34022059490502,38.35044275854844],[112.33915279782397,38.34965412965027],[112.33792556995739,38.34908181857579],[112.33675072485016,38.34839449323568],[112.33581008051335,38.34753654447943],[112.33508795652942,38.34626088604152],[112.3344462966061,38.342643843893775],[112.33420242573865,38.34229571198597],[112.33420283429582,38.34228936466333],[112.33420341468562,38.34228035075979],[112.33423775398848,38.34174711954543],[112.33448421874814,38.341160371547595],[112.33556542992557,38.34108138210461],[112.33557928945191,38.341062032263096],[112.33575496056875,38.34081676464052],[112.33587589202654,38.34071023777037],[112.33608737837501,38.34029599022109],[112.33666619673339,38.33968161609364],[112.33697818456939,38.33936821113185],[112.33698192110731,38.33874847446903],[112.33707926959737,38.33828259427987],[112.33708256744829,38.33763902770611],[112.337082435535,38.337638944533225],[112.33656210665396,38.33731128139159],[112.3359020040952,38.33679444975792],[112.33518934271453,38.33622494906649],[112.33502706883505,38.33611321947815],[112.33464102251077,38.33568859556577],[112.33448035176181,38.33517798503779],[112.33448179370092,38.33517578954123],[112.33470113264656,38.33484179003056],[112.33481952285815,38.33469743612688],[112.33494669618952,38.33420738300002],[112.33589930901681,38.33370258034256],[112.33647828345535,38.33233651841301],[112.33727119234935,38.33143993438597],[112.33795756740415,38.33091966352618],[112.33870706583971,38.330541674328956],[112.33946138322182,38.33042580395706],[112.34048554746514,38.33017575405573],[112.34059952803581,38.329793100052676],[112.34110479484666,38.329298716110095],[112.34123081912469,38.32874908260497],[112.34134061943318,38.32814004967711],[112.34142738226707,38.32710226026429],[112.34164481093336,38.326587332331385],[112.34210335627368,38.32602197494672],[112.34257174118412,38.32517049040396],[112.34283387109876,38.32461929659456],[112.34283207570805,38.32461600843523],[112.34282976903904,38.32461178387095],[112.34253638962086,38.3240745120585],[112.3424835426289,38.32366993184893],[112.34247826652548,38.32338397945569],[112.34247835954883,38.32338375318525],[112.34270992096577,38.322821217706135],[112.34306410572994,38.32234047284554],[112.34323613691345,38.32182606166527],[112.34346668232624,38.32120372526656],[112.34357693041338,38.32046054492324],[112.34400209109884,38.32018450029187],[112.34427334950982,38.31993998878753],[112.34428608359752,38.31992851137127],[112.34501427061488,38.319272116518896],[112.34521060245892,38.31915604115968],[112.345390166515,38.31905030110283],[112.34563311782692,38.31893668272473],[112.34571859392177,38.31889637559522],[112.34589434745692,38.31883000480101],[112.34604360632419,38.31880326505692],[112.34619667404294,38.318737155097935],[112.34629917364785,38.318635873641185],[112.34632527111629,38.31857479644836],[112.34630146193587,38.31851429129533],[112.34633595334502,38.31837551638647],[112.34625222511511,38.31834131579048],[112.34624831595382,38.31833971846715],[112.34605302675459,38.31833123587164],[112.34604416004612,38.3183312628753],[112.3456264841513,38.318332556496216],[112.34560601724884,38.31833646849696],[112.34549630063637,38.31835744275834],[112.3454394426565,38.31836831131985],[112.34532803507909,38.31838960840155],[112.34507028544692,38.318439042920055],[112.34476218531995,38.318587894307136],[112.34471531804282,38.31861428533349],[112.3444340264007,38.31877267354707],[112.34398974797924,38.3190423295045],[112.34358524192682,38.319254324988876],[112.3435803640508,38.31925550239895],[112.34344518773807,38.319288105994765],[112.34321879794905,38.31931572682025],[112.34319693606464,38.31931674922775],[112.34291501294425,38.31932993205493],[112.34259742027477,38.319333568487835],[112.34221157325685,38.31932726098109],[112.34175339707275,38.31933608033581],[112.34138543473586,38.3193152649205],[112.3409949187524,38.31930185608111],[112.34032599714114,38.31920224949867],[112.34004937937182,38.31911605988656],[112.33988327170432,38.31906430304805],[112.33942693596515,38.3189265103621],[112.33882614049779,38.31882969241642],[112.33839571515647,38.31886678294156],[112.33827988702866,38.318902413548905],[112.33806780955305,38.318967651531516],[112.33806239700935,38.31897084815257],[112.33782090094549,38.319113475053705],[112.33721970169852,38.31948857578268],[112.33668188476778,38.31985580028611],[112.33635435316614,38.32005974283545],[112.33610263869313,38.32019131876237],[112.33595031939608,38.32024766828481],[112.3357735939872,38.3203130480081],[112.33536689320535,38.32040706040324],[112.33485090678693,38.3204808641047],[112.33433485258031,38.32055109094528],[112.33381037750303,38.32065716316816],[112.33378760932996,38.320659489515855],[112.333298532109,38.32070946255422],[112.3325339784142,38.3208397097022],[112.33200897622027,38.32091717874197],[112.33155229283639,38.32100817029641],[112.33134384391306,38.321024838430894],[112.3310593750676,38.32110314672544],[112.33071229939968,38.321232217224484],[112.33053329617113,38.32137010508983],[112.32997695549547,38.321719633274846],[112.32934458597123,38.32213079926339],[112.32849631352606,38.32264808821266],[112.32819623009256,38.32286599773399],[112.32792105688192,38.32304491783918],[112.32758626652135,38.32326259995172],[112.32702017003756,38.32357647276057],[112.32665473145923,38.32369501391684],[112.3262162368544,38.323789354401754],[112.32563235015441,38.32387461079988],[112.32491312247723,38.324004297005345],[112.32442899014856,38.32408484497027],[112.32408071744777,38.32414955643894],[112.32373600650995,38.324160599745134],[112.32339103541901,38.3241573434993],[112.32319521219135,38.32412022689449],[112.32274866414944,38.324021586206534],[112.32229349772287,38.32394806677031],[112.32182484904288,38.32388184736816],[112.32155655924404,38.3238526955628],[112.32120290472297,38.3238709820412],[112.32090855934976,38.32390647535561],[112.32053740231805,38.32396070887286],[112.32014777211455,38.32399727323387],[112.31985193461941,38.32395055169295],[112.31947539232067,38.32387464187924],[112.31931444995077,38.323842195228664],[112.31896870165333,38.32379603295701],[112.31855936644321,38.32374700927942],[112.31811100908847,38.32379852866592],[112.31767217823987,38.323874964190864],[112.31748724677486,38.32393782061688],[112.31720339771394,38.324051840370515],[112.31680325652853,38.32426012048727],[112.31657333666496,38.32434493107181],[112.31637913364071,38.32439716373895],[112.3161571881201,38.324421107193345],[112.31592027314221,38.32437013902048],[112.31570675666039,38.324358234224654],[112.31553362375888,38.32432085021683],[112.3153605113091,38.32427807158701],[112.3150701255884,38.324112572499224],[112.31477723526287,38.323977617084175],[112.314167170938,38.323703209903464],[112.31343058129112,38.32345881876131],[112.31305368651255,38.3233629353298],[112.31286000722368,38.323360337531774],[112.31267899228004,38.32339958508587],[112.31255863372246,38.32342568154777],[112.31237229360839,38.32349450375101],[112.31206572926794,38.3236075735319],[112.3117912179548,38.323820389000566],[112.31150572225322,38.3240952962024],[112.31133941836802,38.32426876488511],[112.3112081238598,38.32437033803611],[112.31115904801068,38.3244167594484],[112.3109582364545,38.32460671024871],[112.31074037226205,38.32466457603699],[112.31062098564368,38.32469628530843],[112.31026489883067,38.32474793345594],[112.30999213745672,38.324722380509755],[112.30982345108008,38.32466452119325],[112.30973641092518,38.324634666240456],[112.30947855875566,38.32449151136838],[112.30922298535718,38.32434962045879],[112.3089534460317,38.32416672078286],[112.30859903893216,38.32397523411732],[112.3083660586956,38.323806225684905],[112.30814603551616,38.32368474119244],[112.30802980323872,38.323614534744976],[112.30769594856018,38.323556289486355],[112.30749681784262,38.323587111077295],[112.30725525211638,38.323613640020696],[112.30707435615979,38.32364902478757],[112.30695495144292,38.32371041631888],[112.30678056764802,38.32380007392856],[112.3060483018099,38.32413238184037],[112.3059007906752,38.32416270599151],[112.30568054226835,38.324207981901615],[112.30481328858548,38.3244369145896],[112.30412701480874,38.324635226260746],[112.3035375378718,38.324832457083424],[112.30306914082044,38.32503310765106],[112.30233011355344,38.32532733296713],[112.30181262694794,38.3254903872715],[112.30161417131774,38.32555932785135],[112.3011905847584,38.325559262462875],[112.30095454899822,38.325557115009424],[112.30060219854845,38.32547998700746],[112.29990662201878,38.325158784797004],[112.29988269801619,38.32514718612176],[112.29907037034302,38.32475333323198],[112.29863111551842,38.324553222748854],[112.29830220708178,38.324432925449486],[112.29793231108391,38.32438935198612],[112.29718884985043,38.32443571568227],[112.29660950001906,38.32452316116025],[112.29554606725443,38.324611187443],[112.29498367637734,38.32463170166269],[112.2942397864467,38.324654216461745],[112.29385160564404,38.32465850092199],[112.29371948944342,38.32465995852575],[112.29318590708363,38.324599108893366],[112.29284080570908,38.32458861431947],[112.29238790554939,38.32464127643683],[112.29159184844863,38.32479305578567],[112.29088014916093,38.324924833380074],[112.29060849144915,38.324961192772584],[112.29009339697676,38.324919192478],[112.28965016391456,38.32470596240803],[112.28916158309688,38.32458145790281],[112.28764057231102,38.32411671500836],[112.28710351733143,38.32388889222411],[112.28655593089805,38.323690066596775],[112.28609159044238,38.32343774779995],[112.28527979993524,38.32304146227169],[112.28482264231134,38.322765693990064],[112.28398110658644,38.32222744137359],[112.28328580009958,38.32182986636755],[112.28273533561165,38.32149624713896],[112.28234777624,38.32139323138899],[112.28209801482298,38.32138404518833],[112.28164976228545,38.321367439510254],[112.28109078130288,38.321311634265165],[112.28083178132681,38.32120720810539],[112.28048918661881,38.3210596959464],[112.2801604207781,38.32092789088636],[112.27988705530144,38.3208182955386],[112.27952964653048,38.320708982371286],[112.27894600543057,38.320637887619135],[112.27840867898638,38.32061991315851],[112.27813654899832,38.320628839266],[112.27741622197783,38.32079106719821],[112.27735002589384,38.320785279756095],[112.27674920294771,38.320876341776874],[112.27649944367693,38.32086714360664],[112.27592998791464,38.32074225222882],[112.2756249975441,38.32060256369917],[112.27458231321009,38.32023254963336],[112.27395774043576,38.31998311538108],[112.27345666613213,38.31987534507325],[112.2729858408596,38.319767243365355],[112.27217420702871,38.319633045123894],[112.2718017953731,38.31952982908725],[112.27152904263124,38.3195029945055],[112.27147010861131,38.3195930136871],[112.27149633440105,38.31979532297858],[112.27184689347128,38.31994644521118],[112.2726979042503,38.320169598553576],[112.27343527923786,38.32038206171696],[112.2740077534914,38.32067973384362],[112.27423060152185,38.320879906229905],[112.27424077161861,38.32102876206759],[112.27408561845336,38.32123900032748],[112.27319697951732,38.32189218776812],[112.27282407923316,38.32219416837405],[112.27259173291266,38.322315864111594],[112.27211068757214,38.32244270050072],[112.27204964461,38.32245879474331],[112.27155261623301,38.322583359175084],[112.27112354257139,38.32270122687221],[112.27080193360642,38.32334228792834],[112.2703801659925,38.32431215885354],[112.27024386429476,38.32473670016185],[112.27005295731416,38.32506649358387],[112.2697334855849,38.32539767881117],[112.2695017485527,38.32555511301858],[112.26934584367501,38.325723643011976],[112.26930023476575,38.3257762964224],[112.2691530598744,38.32594620001522],[112.26917016031014,38.32605922917552],[112.26925459722986,38.3261298193989],[112.26936845326469,38.3261524211106],[112.26966277297461,38.326113481900116],[112.27020365909435,38.32589985392224],[112.27082551704682,38.32555864818593],[112.27117381455179,38.325578706379446],[112.27122148033149,38.32570927992073],[112.27133308242328,38.32603579565844],[112.27133062042535,38.32632779588508],[112.27171181116216,38.32717434736105],[112.27177918993084,38.32732398275018],[112.27232900689994,38.32848591046341],[112.27264288384079,38.32913199539505],[112.27283096193624,38.329505347604474],[112.27309049967411,38.330247027588456],[112.27316539590589,38.330461057132865],[112.27327680717387,38.33077565479627],[112.27343385380424,38.33109686517717],[112.27350209540032,38.33123643863927],[112.27350472380469,38.33124181595484],[112.27386608865133,38.33128563647278],[112.27483299482377,38.331928233212736],[112.27485813296121,38.33196503162657],[112.27554165481409,38.33296560957681],[112.27559960914628,38.33305044503344],[112.27576510203166,38.333724270561156],[112.27616180789575,38.33404801213235],[112.27626619865764,38.334133202134616],[112.27750931803767,38.335115087735595],[112.2785294284828,38.335811123804476],[112.27895226064695,38.33600741116136],[112.27939210361721,38.33621159357409],[112.28038136241719,38.33673679119264],[112.28096572268481,38.337284421742574],[112.28123907693644,38.33793282990514],[112.28127381800608,38.33801523610997],[112.28176511878353,38.3389197078326],[112.28240962180075,38.339673865726084],[112.28300085116967,38.34008178086949],[112.28359287799499,38.340250963032055],[112.28558687086785,38.340346225530055],[112.28616888724072,38.340559960953826],[112.28627762058721,38.340599890814005],[112.28678137430612,38.34119341787161],[112.28732081332797,38.34210634517619],[112.28774858508207,38.34283514995759],[112.28789870885556,38.343090915969746],[112.28834398211005,38.34393280651276],[112.28872842446103,38.344689785585615],[112.28918729062894,38.3454504481724],[112.28964345112912,38.34605799772578],[112.29008825650554,38.34658909947507],[112.29069556754504,38.34717246000885],[112.29102312778352,38.347354883472164],[112.29144808698331,38.3475915482333],[112.29166313817933,38.34771131102809],[112.29276588293195,38.34813155660279],[112.29369070324623,38.348355571403424],[112.29450509136043,38.34831955698999],[112.2951079502736,38.34812822797191],[112.29557565247983,38.34805549815668],[112.29575783745584,38.34812236893516],[112.2962427594862,38.34830035669973],[112.29702694719384,38.34857544593147],[112.29741152236497,38.348655885318394],[112.29772231926748,38.348720892846416],[112.29847224015934,38.349158500461],[112.29915852819593,38.349835528802664],[112.29967934627877,38.35033422213165],[112.30020692881254,38.35053105919103],[112.30080473675051,38.35045686554056],[112.30142749186359,38.35041842479326],[112.30208708928564,38.350640812517895],[112.30274116770447,38.35099387782126],[112.30303663499622,38.35106382752993],[112.3035044124252,38.35117456880096],[112.30417834019154,38.351180688212224],[112.30461922213429,38.35118468861851],[112.30468256224998,38.351177496066086],[112.30533079558568,38.35110388294194],[112.30580650194545,38.35104985842405],[112.30607206858843,38.35097684707326],[112.3067114636048,38.35080105547396],[112.30746507952337,38.350445833112026],[112.30799337588216,38.350124649509624],[112.30825627300672,38.34991452562179],[112.30843316358033,38.34973238474121],[112.30863927912637,38.34954541419239],[112.30900527378093,38.349581865441046],[112.30972909679546,38.35011427981989],[112.31058784835376,38.35079381772423],[112.31124940837908,38.35128187650705],[112.31175129377324,38.35187531423975],[112.31196883972801,38.35230516214244],[112.31207294697319,38.352510866896914],[112.31210716827572,38.35257848323807],[112.31247823896756,38.35313284286929],[112.31312601954463,38.35344988907503],[112.31334107479636,38.35349058082314],[112.31402496985994,38.35361998108056],[112.3148254582416,38.35384071733663],[112.31529772782739,38.3541777350954],[112.31554398372643,38.354589353722524],[112.31583995501192,38.35498239651342],[112.31621597569738,38.355334002047876],[112.31656896254789,38.35567685770724],[112.31674095505566,38.35606033363072],[112.31674182416104,38.35606227234193],[112.3166861124488,38.35649980088502],[112.31656507695436,38.35704165720528],[112.3165014939605,38.35763691827115],[112.3163796410199,38.358133742542144],[112.31602254889745,38.35855213205475],[112.31547835690806,38.35890505952625],[112.31496654681618,38.359032413782074],[112.31449234378218,38.35906475632886],[112.31445021294206,38.35909324599365],[112.3141506213993,38.35929583256342],[112.31414832812882,38.35929738335703],[112.31414691192148,38.35929834058824],[112.31427987094038,38.35981032242445],[112.31463410018422,38.360418913065],[112.31470335000647,38.36085763164967],[112.31470436053564,38.36086403594956],[112.31447212174636,38.36110986397623],[112.31383986290041,38.361220547478624],[112.31298963264292,38.3613381731376],[112.31232175548963,38.361575362956536],[112.31207722394444,38.36209157138646],[112.31198921196729,38.36268259911288],[112.31170190951896,38.36292903791059],[112.31111790443632,38.36278243080358],[112.31053738111504,38.36251357403075],[112.3104436768057,38.362470176010625],[112.31029881285454,38.36236874425146],[112.30977885035391,38.362004671187584],[112.30933676287587,38.36151865860906],[112.30895497042987,38.36124366453343],[112.30830843274605,38.36132125005629],[112.3081686694925,38.361338020961924],[112.30720075318432,38.36183076153451],[112.30655951981593,38.36247749978924],[112.30620833902155,38.36299038067239],[112.30592350771033,38.36357458873599],[112.30558542624783,38.36433955568377],[112.30531828274877,38.36487401837214],[112.30515901857983,38.36523565535984],[112.30515760484458,38.365238865404066],[112.30515681772128,38.36524065238433],[112.30523901939489,38.365676638915765],[112.30584448283194,38.366061755868365],[112.30591932481002,38.36608794671972],[112.30657547658664,38.36632141881901],[112.30682760654024,38.36641113059911],[112.30777059574662,38.366914086611644],[112.30814026844487,38.367296225803514],[112.30839284899928,38.36755732156756],[112.30853789761079,38.3677072598563],[112.30904140083352,38.36854391168661],[112.30929202075474,38.36920292410703],[112.30929213364585,38.36920322011614],[112.30930125193261,38.3696339075237],[112.30930620170763,38.36986768569779],[112.30930653020835,38.36988318420688],[112.30916887265305,38.370523112482935],[112.30916861506601,38.37052431164599],[112.30917860157108,38.37103952023013],[112.30917874085914,38.37104667837529],[112.30959611741513,38.37153098018358],[112.30967470704583,38.37162217114719],[112.31033938011922,38.372074164697935],[112.3107876995367,38.37226733408359],[112.31125919541554,38.372397184350284],[112.31166676375015,38.3725908061735],[112.31184637044622,38.37291309418354],[112.31192407189931,38.373493257192635],[112.31196208159348,38.374023636568126],[112.31197761236663,38.37424034439885],[112.3121151549051,38.37484686186692],[112.31251482578887,38.375117139306475],[112.31303680652113,38.37503307282719],[112.31305428993869,38.37503025650778],[112.3133263605532,38.37498643846173],[112.31372838250027,38.37493496941768],[112.31440595426179,38.37484822062871],[112.31548862950633,38.37519640477525],[112.31630068284234,38.376002535878186],[112.31690614072488,38.376734412056116],[112.31742458599794,38.377080451496035],[112.31754324248541,38.37715964811086],[112.31765076946358,38.377171671526995],[112.31856808520843,38.377274239359394],[112.31989745095926,38.37734035128343],[112.3211107963259,38.37751585461039],[112.32193010168248,38.37777236100231],[112.32243733341846,38.378054903256086],[112.32275450738751,38.37846570418994],[112.32278105602718,38.37899115573802],[112.32278122439773,38.37899449406224],[112.32278134579775,38.37899688706015],[112.32277883695897,38.379624329812856],[112.32277879754388,38.379634104106074],[112.32277876989177,38.37964100556584],[112.32340934021786,38.380489670554596],[112.32445519347021,38.38124355863397],[112.32455776928767,38.38128095531525],[112.32542581996734,38.381597420648475],[112.32657107249264,38.38164301673807],[112.32774491069947,38.38153063432254],[112.32862579476387,38.38143507434436],[112.32871412275561,38.38144576387137],[112.32920429188906,38.38150508389748],[112.32945427221145,38.38158611286835],[112.32979502682682,38.381696564424935],[112.33063242533734,38.38180416868738],[112.33159109031841,38.38169869435485],[112.33203483185639,38.381658609801214],[112.33245136028623,38.381620983171516],[112.33250368551586,38.381616256298955],[112.33320262949694,38.3817794640408],[112.3335584865488,38.382026208887154],[112.33356052670601,38.38202762337514],[112.3334783254939,38.38230330962705],[112.33319261920698,38.38267589800317],[112.33314908146478,38.38287631720381],[112.33308049150611,38.38319205888298],[112.33307893076751,38.38319924351107],[112.3330778575657,38.38320418407107],[112.33343626893391,38.38383068423545],[112.33362330624753,38.384012822268616],[112.33406261638578,38.38444061988361],[112.3345683569909,38.3849483317898],[112.33483741377898,38.38538216618783],[112.33496864220305,38.385832653045455],[112.33496949482992,38.38583557818494],[112.33490329088444,38.38635880947877],[112.33452293243988,38.3868360724432],[112.33406648372855,38.38726015145866],[112.33400688381411,38.38780934231841],[112.33400595783361,38.38781787275062],[112.33400530790848,38.387823861548696],[112.33438721103659,38.38836451168434],[112.33444168586452,38.38841907079265],[112.33486745390786,38.38884548767017],[112.33532951347115,38.38965997139358],[112.33571913180008,38.390502304906185],[112.33599089038943,38.391003667143835],[112.33603675250787,38.39150100282205],[112.33603736032323,38.391507597949406],[112.33586191897402,38.39196451353267],[112.33561884558635,38.39220600185623],[112.33543779840915,38.39239723735293],[112.33538006292214,38.392508475346055],[112.33531621541715,38.39263148810476],[112.33531556652886,38.39263273771827],[112.33531551124965,38.39263284374316],[112.33533211955209,38.39295244657509],[112.33544745497495,38.39308810459098],[112.3357379322962,38.39342976232116],[112.33619059558188,38.393847987857505],[112.33642602990274,38.39400745057334],[112.33681456762365,38.39401202759047],[112.33720594602873,38.394093140845584],[112.33726180591509,38.3943210728735],[112.33726318585501,38.39432670161727],[112.33707920497662,38.39463057548344],[112.33677495742566,38.395007887646635],[112.33654887807994,38.39553052832054],[112.33654804805755,38.39553244660692],[112.33654782848183,38.39553295446653],[112.33660535595737,38.39624845113866],[112.3368780747554,38.39703355813725],[112.33721838812532,38.39775934126776],[112.3377123474066,38.39839779072165],[112.33814231055402,38.398901845181655],[112.33826905775898,38.39926075309142],[112.33827063267759,38.39926521304044],[112.33815481343288,38.39954128570122],[112.33782194719338,38.39972525002317],[112.33733966789114,38.39991542344838],[112.33682342466098,38.40028164143824],[112.3362306989646,38.40072980315314],[112.33572687556642,38.40098285984331],[112.33557922176753,38.40105702192625],[112.33507637742257,38.40129696417931],[112.33460751155842,38.401595071880195],[112.33407789994442,38.40197494315625],[112.33372157810174,38.40228527739115],[112.3334283960199,38.40264443857455],[112.33288845886443,38.40316404863183],[112.33203781131715,38.40367367699453],[112.33136008586047,38.404050227177436],[112.33115719147509,38.404222589850995],[112.3308882814097,38.40450648457153],[112.3306327427259,38.40496880456094],[112.3301982541924,38.405388114784245],[112.32957204825458,38.405575385985635],[112.32895995743607,38.40547873555306],[112.3283636133105,38.40514768797393],[112.3276870167513,38.40484907763877],[112.3269853471711,38.404861529028096],[112.32688368756655,38.404907386482115],[112.32629912327744,38.40517107281642],[112.32567151989511,38.40555651937693],[112.32515550593995,38.405940700817766],[112.32460940722972,38.40640178993109],[112.3238399672905,38.40689692813362],[112.3232507923067,38.40706282601473],[112.32282343430428,38.40718315826613],[112.32191614724493,38.407260957984384],[112.32133382270577,38.40738463262477],[112.3208421322457,38.40769195104842],[112.3204224058294,38.40806151339214],[112.32018955511433,38.40843797812991],[112.32011251656,38.40906202198113],[112.32011183502857,38.40906753992224],[112.32011160151986,38.40906942975272],[112.32018387886784,38.409699190708835],[112.3203717417116,38.41019252487021],[112.32037418672996,38.410201119886715],[112.32059649271916,38.41098271425841],[112.32079914550214,38.411549475376],[112.32091088433606,38.41186197467683],[112.32119422287444,38.412441585352795],[112.32119554884704,38.412444298058325],[112.3211093943834,38.41290018426211],[112.32065026211703,38.41350440415904],[112.32013769396285,38.41423984540888],[112.31994333143831,38.41450354292735],[112.31971589139489,38.414812112696765],[112.31938117621155,38.41517621060105],[112.3191297602677,38.41567449234774],[112.31910559777218,38.41659251549311],[112.31910534996189,38.41660193175178],[112.31910521297137,38.41660711655713],[112.31918144859823,38.41691584705676],[112.31934700643394,38.417586287590645],[112.31976255421333,38.41820317252351],[112.32029540342518,38.41873766133815],[112.32079646422102,38.41913738355887],[112.32126194941074,38.41931229955885],[112.3218520136039,38.419490311548195],[112.32255022511569,38.41971214133744],[112.32324167387353,38.41991602710576],[112.32394088002846,38.4201918867724],[112.32503233304273,38.42070652764563],[112.32639014989435,38.42150190091426],[112.32726674877651,38.422514402829414],[112.32760163738655,38.42352853279436],[112.32776408419568,38.424102386314985],[112.32782659480354,38.424323207497366],[112.32792813378832,38.424826514068116],[112.32816314770125,38.42542739833064],[112.32860204043925,38.4262962155971],[112.328864913965,38.426825460848335],[112.32895130716243,38.42699939631401],[112.32910977147827,38.42723463841934],[112.32927650064184,38.42748214831854],[112.32971910543313,38.427927533721565],[112.3300978935642,38.42828806600919],[112.330368989988,38.428708371448984],[112.33057511305176,38.42933209849869],[112.33066600444552,38.43013317235088],[112.33066626680818,38.43013548714888],[112.33066647172686,38.430137292742245],[112.33066735310307,38.43037535443767],[112.33067117194341,38.431407390406676],[112.33067321883233,38.43287390920656],[112.33067323377583,38.43288470520985],[112.3307067541826,38.43370586051199],[112.33070704805971,38.43371307263803],[112.33098571331313,38.43423237981224],[112.33142838568916,38.43514618205757],[112.33162201166205,38.436147974634046],[112.3316229608321,38.436152884952115],[112.33146381212244,38.43711406250036],[112.33134240787425,38.43800448125636],[112.33134140761358,38.43801181617799],[112.33134079893044,38.438016276681076],[112.33158836060329,38.438711594367376],[112.33215054121207,38.439115073810356],[112.33261844513645,38.43945206243392],[112.33279096283601,38.44006259126107],[112.33279224916451,38.44006714371342],[112.33261019598672,38.440794370527875],[112.3321809917516,38.441317220503045],[112.33156194989145,38.44171611300549],[112.33093403917388,38.44217816031106],[112.33050715569325,38.44275052301839],[112.33038809833977,38.44328507544275],[112.33038652382437,38.44329214663057],[112.330385465664,38.443296897785146],[112.33058220742838,38.44365365337916],[112.33065946083171,38.44379373759257],[112.33105860338893,38.4443612211069],[112.33114777821761,38.44504719807058],[112.33114863989405,38.445053824512236],[112.33099113513066,38.445557991347506],[112.33098975797596,38.44556239931991],[112.33098907103363,38.44556459878349],[112.33104284156163,38.445802703050525],[112.33147923909512,38.446176085771356],[112.33186876073593,38.446531345875876],[112.33203041491339,38.446678779439516],[112.33246096075844,38.44708375398516],[112.3329896764788,38.44741554372289],[112.33326902683223,38.447750189104546],[112.33341426485401,38.44792417497406],[112.33346888763471,38.44865905930071],[112.33346945243781,38.44866671871852],[112.33344399363645,38.448761593883795],[112.33327989772567,38.449376014960094],[112.33276101609906,38.45000798467666],[112.33218020888899,38.45046000449881],[112.33197400665146,38.45062048182544],[112.33126433842718,38.45107895538009],[112.3306945975944,38.451360177518524],[112.32999966960648,38.4516473222806],[112.32976717628958,38.45175681684345],[112.32903928103069,38.45209962153241],[112.32790821177595,38.45269347342657],[112.32701266927937,38.45324911442985],[112.32689517806915,38.45332201061546],[112.32615848900822,38.454028483391845],[112.32556324882557,38.45467930277842],[112.32486823555963,38.455042986615204],[112.3247640765965,38.45503767789481],[112.32407274837568,38.455002437380415],[112.32324710077775,38.45458147768158],[112.32303565046705,38.45447366699098],[112.32178224539864,38.45370410904827],[112.32071760536104,38.45318384208211],[112.32055703884933,38.4531053742925],[112.31940854140038,38.45282555200619],[112.31832705879283,38.45276566331948],[112.31746752658209,38.452941984800724],[112.31713186932653,38.45320865117416],[112.31678932798344,38.45348078349003],[112.31669117172773,38.45355876331294],[112.3157405275658,38.45447476373433],[112.31459202457177,38.45518128600313],[112.3135421021189,38.45532368216048],[112.31277190454351,38.45509810475669],[112.31208839142522,38.45483551823755],[112.31129829390986,38.45473626852302],[112.31063090588427,38.45481761686472],[112.31044385887637,38.45484041625392],[112.30968284242363,38.455240781918],[112.30912574023534,38.455792001857404],[112.30888353744102,38.45601661276684],[112.30860463251261,38.456275256649995],[112.30785750243568,38.456652935259484],[112.30716724189611,38.45691052322971],[112.3068746009954,38.45701972762714],[112.30594308541117,38.45741746712306],[112.305240461062,38.45776310385892],[112.30460490589022,38.45817555078813],[112.30390909008493,38.45870126756771],[112.30338672434216,38.459157488213755],[112.30299282248437,38.45963029466317],[112.30259329326798,38.46018873977861],[112.30229139371225,38.460601966597956],[112.30200382159178,38.46105557052559],[112.30158839033064,38.46168625426145],[112.30105964973356,38.46222811277737],[112.30062599202246,38.46260226423123],[112.30040932444963,38.462937970428364],[112.30029296535845,38.46327706769676],[112.30026192196058,38.463350738736395],[112.30014804777,38.46362098585134],[112.29984020912912,38.46394419171651],[112.29869798690413,38.46451577660728],[112.2986251875889,38.46455220696202],[112.29833288542982,38.46498688692403],[112.2983322415248,38.46498784531128],[112.29837200386392,38.46558804154951],[112.29837249414864,38.46559544793835],[112.29868214352227,38.46633068335324],[112.2987240524675,38.46642812446864],[112.29903111665668,38.46714204921629],[112.29915447841664,38.46791709446309],[112.29917538820237,38.46804845747911],[112.29917639165697,38.468054764592395],[112.29894987595861,38.46912023690333],[112.2985803813989,38.47003996103183],[112.2985536425458,38.47010651793594],[112.29829872486354,38.47062731075603],[112.29807879748537,38.471102675918324],[112.2977105156414,38.47197153781651],[112.29750866403661,38.472514451057336],[112.29738598320891,38.47284441792043],[112.29723921948066,38.47356669476178],[112.29708391172251,38.47417195877314],[112.29663211092952,38.47457782436361],[112.29626614684517,38.47470602214792],[112.29586202985372,38.474847582767325],[112.29506059813927,38.47512669171997],[112.2944030137976,38.475440236834196],[112.29376078390848,38.4757716265507],[112.29302514487908,38.4761265632107],[112.29240385190307,38.47658833184787],[112.29210041054665,38.47708262327257],[112.29205125333054,38.477537967877836],[112.29205124609426,38.477538076054124],[112.29205405664315,38.47763330864806],[112.29205457190693,38.47765074522653],[112.29206219571633,38.47790896928999],[112.29206271101808,38.47792640766881],[112.29206521881682,38.47801141947441],[112.29206573184534,38.4780288587788],[112.29186837194996,38.4786886296958],[112.29156434093858,38.479247452506485],[112.29144188108104,38.47947253634713],[112.29098322220995,38.480180226793145],[112.29042597989542,38.480943051653924],[112.28982625346755,38.48181443722159],[112.28960450332367,38.48239339953101],[112.28956834786368,38.482489028751885],[112.28956718010164,38.482492116952066],[112.28956688241054,38.482492903928666],[112.28964517930845,38.483028025088586],[112.28996920809229,38.48368655316016],[112.29078367249934,38.48453335041647],[112.29170627318622,38.48525733899179],[112.29231086535441,38.48570107499888],[112.29277827721079,38.4861238011894],[112.29332143236124,38.48685646942365],[112.29355639677554,38.48725281360984],[112.29379336565117,38.4876525320631],[112.2938997417145,38.48783196586457],[112.29431483955547,38.48873269403583],[112.29455842052276,38.489455154455456],[112.29496161141567,38.49004973543494],[112.29583418353548,38.49041391996904],[112.29692920896899,38.49055943955301],[112.29782686975291,38.49061248002429],[112.29853311238597,38.49060021754527],[112.29917588838588,38.49069217767693],[112.29968719883942,38.491042324373666],[112.29974160960654,38.49122557312309],[112.29987125476195,38.49166219645878],[112.29987248209451,38.49166633102472],[112.29977666773706,38.49247361948389],[112.29979706659138,38.493181084771244],[112.2997973550809,38.49319107955767],[112.29979757051021,38.49319853940066],[112.30027454780412,38.49363013638313],[112.30117459991814,38.49384534141845],[112.30212335770771,38.49429871187331],[112.30255268355336,38.49482102723135],[112.30294513948428,38.49529847873718],[112.30340623337976,38.49623624667555],[112.30346494260633,38.496355648247],[112.3037949429673,38.49693750005025],[112.30418957083947,38.49728892533022],[112.30453838645093,38.497554096356446],[112.3046391901533,38.49763072859845],[112.30493888618257,38.4980012239399],[112.30505217425248,38.49840266666081],[112.30505249014725,38.49840378373509],[112.30505292245637,38.49840531748302],[112.30505882684955,38.49908986657533],[112.30473190850778,38.50032622023104],[112.30473153831795,38.50032762149548],[112.3047411343879,38.500490670061446],[112.30474186991619,38.500503164060504],[112.30473325977361,38.50078192947576],[112.30473297162551,38.50079124514963],[112.30473282407979,38.50079602823634],[112.30481522060892,38.50107435973233],[112.30506910971071,38.501287724976564],[112.30541947371616,38.50152703727835],[112.30585458787336,38.50193655706311],[112.3063227195734,38.50250785245574],[112.30669497080534,38.5031252566753],[112.30688320291394,38.503618995336545],[112.30693263868373,38.503748665760426],[112.30704295501772,38.50443042720973],[112.30704394479042,38.50443654069154],[112.3069710381441,38.505239074162716],[112.30691222315025,38.50591638156962],[112.30691152099389,38.505924467766334],[112.30691113953904,38.505928859812684],[112.30707936656155,38.506435939477754],[112.30744335711279,38.50703091210339],[112.30769707254758,38.50772336626316],[112.30769810844906,38.50772619310903],[112.30768029001493,38.508173348266276],[112.30767494564803,38.508307471913604],[112.30754346195457,38.50872331177809],[112.30734483086076,38.50903180454756],[112.3071806484835,38.50931962283796],[112.3071782182689,38.50932388371785],[112.3071767581257,38.50932644297064],[112.30729133160278,38.50959990991029],[112.30760478520624,38.509974748583666],[112.30778480511644,38.51045959854647],[112.30778631281956,38.51046366051892],[112.30771969224119,38.51086075913656],[112.30763340496982,38.51093516932229],[112.30745511443985,38.51108891583445],[112.30707944570172,38.51139488078204],[112.30653287415565,38.51211712210687],[112.30584137934618,38.51294907560372],[112.30542840240285,38.513297783415325],[112.30516027880795,38.513524178282445],[112.3046204082294,38.51407008775001],[112.30461981709453,38.5140706852596],[112.30466894895905,38.51475153604649],[112.30466950551613,38.51475924877687],[112.3052721423439,38.51547317722132],[112.30583469301226,38.51601151663154],[112.30583507921129,38.51601188705593],[112.30585723941454,38.51636824561194],[112.30585830951004,38.51638546231963],[112.30539659687702,38.516809485938836],[112.30488702494877,38.51727003517211],[112.30468515240172,38.51745248472208],[112.30424177363156,38.5184167830002],[112.30423445860572,38.51950330547429],[112.30423438797783,38.519513877109375],[112.30423437424837,38.519515848205295],[112.30437420215436,38.52047364875403],[112.30442843619933,38.520784465184256],[112.30451135755128,38.52125968697088],[112.30454206007187,38.52143564063379],[112.30482599165921,38.52259451550389],[112.30524398953075,38.52371586213295],[112.30534272209282,38.52391706123149],[112.30572540027171,38.52469687554484],[112.3061980457605,38.52562843986946],[112.3066785054845,38.52655541087487],[112.30689490879679,38.52722186298694],[112.30689708857949,38.52722857480165],[112.30663717268567,38.52751973307986],[112.30599352082567,38.527675547848865],[112.30524630738478,38.52769288953781],[112.3050964733074,38.52769345912352],[112.30463356320469,38.52769521615215],[112.30418530631333,38.52811457990832],[112.30405594747506,38.52894741168655],[112.30405510810263,38.52895281409719],[112.30405495812263,38.52895378051948],[112.30418625985696,38.529835106206875],[112.30430001425911,38.53059217235816],[112.30430111691503,38.53059950965998],[112.30420326525515,38.53105361316305],[112.30418339896009,38.531145808337826],[112.30383122436524,38.5315686051426],[112.30328516954293,38.5320115752781],[112.30270767388471,38.5324999333796],[112.30222007094325,38.53300530467027],[112.3019792353832,38.533358665426775],[112.3018024880581,38.53361799161747],[112.30155853671529,38.5343550183911],[112.30155734901989,38.53435860594884],[112.30155709231325,38.53435937988308],[112.30168691334072,38.53515965178878],[112.30231783577112,38.535963357094296],[112.30264686414519,38.536368489459875],[112.3029102474073,38.536692789055785],[112.30311175593737,38.5369409012125],[112.3036457390343,38.53801141577313],[112.30391850490314,38.53874703704825],[112.30405497939729,38.539358062044],[112.30427013954112,38.54019791523281],[112.30441922820164,38.540497183978864],[112.30470303410598,38.54106687005393],[112.30512916679446,38.54171970538135],[112.30527424382726,38.542204330630426],[112.30527564396365,38.542209009052044],[112.30523223429702,38.542568226753275],[112.30520642503988,38.54278178991021],[112.30520686179108,38.5433061925517],[112.30520687033653,38.54331624620774],[112.30520687478374,38.54332226615815],[112.30543858173307,38.543846652669586],[112.30578265384707,38.54475712802316],[112.30611779291678,38.54560915122572],[112.30642753959046,38.545889447123365],[112.3067468984968,38.54590840233294],[112.30699318048985,38.545811067780825],[112.3074264494563,38.545707141360616],[112.30859712366409,38.54586521181643],[112.30984820908184,38.546661939573085],[112.31038475545752,38.54772477659652],[112.31046319150066,38.54788014540069],[112.3109100484382,38.54887953569046],[112.31153231524071,38.549431060650384],[112.31230055238302,38.54976925800689],[112.31311858349983,38.549967268105576],[112.31377964129791,38.55016703435913],[112.31421100720631,38.55050900034273],[112.31451949907589,38.551032503765555],[112.31477780680794,38.55183131486793],[112.31501685182289,38.55279248492615],[112.31527615547242,38.553645331779414],[112.31541998715697,38.55422022693676],[112.31555802532277,38.55483121948565],[112.31609362302167,38.55593318158236],[112.3166288765674,38.557366541869435],[112.31662958217854,38.55736843279779],[112.31669018976935,38.55859796171119],[112.31669104732691,38.5586153472179],[112.3165674017026,38.55958059309436],[112.31644416785743,38.55997890318501],[112.3163744262465,38.56020431478912],[112.31634591280681,38.560241304812884],[112.3163421057193,38.560246244321604],[112.31633940364269,38.56024974905595],[112.31635335300024,38.56026760886991],[112.31660990839299,38.560534962835696],[112.31710889611341,38.56115990688421],[112.31743596570652,38.561872359788815],[112.31754626847894,38.562551072675],[112.3175660205584,38.562672606404064],[112.31783629899518,38.56365143361301],[112.31838270715195,38.56467219028042],[112.31918588964976,38.56566924744672],[112.31924923885653,38.56574788658389],[112.32010454922474,38.566796678126686],[112.32052211759516,38.56755314181967],[112.32061680650695,38.56802499175305],[112.32082712489786,38.56842797758376],[112.32120982320257,38.56880649656656],[112.3215282127625,38.56913456754505],[112.32180709340007,38.569421924136456],[112.32214175066206,38.56981466907421],[112.3221993862361,38.5698823084869],[112.32223209424694,38.569920693563105],[112.32255382798535,38.57030014981729],[112.32257399474938,38.57032036079663],[112.32259807498546,38.57034449551705],[112.32275967279925,38.57050645674845],[112.32319818183277,38.57094594392649],[112.32354523131376,38.57108863096958],[112.32364185347416,38.571128356522884],[112.32398157816931,38.5712680290906],[112.32404168968242,38.571292743152924],[112.3240647675288,38.57130223128938],[112.32409169419535,38.571313301798604],[112.32432831390892,38.571410583114684],[112.32600412129571,38.57190956454953],[112.32609023770024,38.57193555838695],[112.3260902976854,38.57193557572302],[112.32621343035585,38.571972743172346],[112.32698213771256,38.57220477146501],[112.32725531956014,38.572287227754714],[112.32833654124903,38.572585734204836],[112.32966929117342,38.5727748379931],[112.32974728501884,38.57278590348592],[112.33088165991579,38.57266040899978],[112.33158671386593,38.57223802190764],[112.33209226937075,38.571808895393694],[112.33237150964614,38.57151295745808],[112.33263880097569,38.571424338565684],[112.33307539036598,38.571649068852686],[112.33360207545947,38.572363704948415],[112.33426989329931,38.57340352855525],[112.33432572446192,38.57349045835769],[112.33521144280253,38.574615358007776],[112.33533310638755,38.57474044835527],[112.33597397348075,38.575399354665684],[112.33614234523334,38.57551945294069],[112.33672169200754,38.575932693352414],[112.33676326455144,38.57596234618359],[112.33767053199566,38.576582534877346],[112.33827438826526,38.577097474189294],[112.3383220097318,38.57713808289399],[112.33876564993325,38.57762394120438],[112.33923205143483,38.57798342645564],[112.33955099135244,38.57801665794425],[112.33962153095086,38.57802400801309],[112.33996422359745,38.57786244552245],[112.34036271213975,38.57773177048305],[112.34082813578813,38.57761383989946],[112.34134830576517,38.57750879087664],[112.3418272292687,38.57734566144707],[112.34214505119775,38.57700421893979],[112.34245997249292,38.57654570497278],[112.34284685620423,38.576370115382794],[112.34305816229381,38.576867150701666],[112.34305836628498,38.57686762937983],[112.34306716190831,38.57694741906531],[112.34314503009868,38.57765381186504],[112.3431472421784,38.57767387848489],[112.34314811756538,38.57768181696428],[112.34341518239599,38.578196708246985],[112.34398310504737,38.57846042469517],[112.34436783835564,38.57851285870905],[112.3450803564575,38.57860996145799],[112.3464365164258,38.57872047618645],[112.34699347193126,38.57873691353663],[112.34742466274716,38.57874963752707],[112.34795984492715,38.57868041946157],[112.34841622651749,38.57876974419546],[112.34854044310424,38.57894703029167],[112.34864290163235,38.57909326383811],[112.34885761999195,38.5793997167479],[112.34924687581747,38.58038610105243],[112.34956294393734,38.58116314346743],[112.34957692321129,38.581197512904275],[112.34995629475931,38.581693077674664],[112.35065422837009,38.582117403371065],[112.35089927982294,38.582238162336914],[112.35115210885266,38.58236275299438],[112.35169017755145,38.58262790210522],[112.35258276023215,38.582878765644686],[112.3527984361385,38.5829393806069],[112.35359774933225,38.58299319262277],[112.35432616040879,38.58312889113682],[112.35451246166771,38.58320384104437],[112.35565380115153,38.58366300084731],[112.35700348299254,38.58422386230601],[112.35783191144121,38.58464212913909],[112.35853994617419,38.585277500863356],[112.35861613650843,38.58534587028305],[112.35885263618056,38.58555809512859],[112.35934964995094,38.58614816597031],[112.35955286215743,38.58638942269298],[112.35974077331184,38.586612512408415],[112.35978811284892,38.58666871340992],[112.36012040388631,38.58736296415552],[112.36019792211613,38.58778598378751],[112.36020276344773,38.58781240329879],[112.36028588999972,38.588302367716096],[112.36048570645116,38.58881799977385],[112.36089583379969,38.589030906527285],[112.36096091966677,38.58906469455499],[112.36156599406016,38.58908467920646],[112.36188684347616,38.589216587921335],[112.36197083519336,38.58925111828397],[112.36204975590641,38.589728952527466],[112.36205102079717,38.589736611562934],[112.36177545185812,38.59083545109342],[112.36173949585266,38.59097882444359],[112.36169579086244,38.59113116245288],[112.3614673317059,38.59192747943635],[112.3612884499525,38.592538765280594],[112.36127002301228,38.5926017370786],[112.36127001545601,38.592601762388384],[112.36102418779382,38.593441800773654],[112.36072793541074,38.594012744618134],[112.36018543360439,38.594991905474856],[112.35992011268657,38.595466527462115],[112.35978502153317,38.59570818346462],[112.35960054435189,38.59619675420439],[112.35955227812025,38.59684686626776],[112.35955165753383,38.59685522191459],[112.35955134735953,38.59685940604209],[112.35956902006305,38.59691097938132],[112.35979884546782,38.59758166576397],[112.36011933569594,38.59829406860101],[112.3602361034168,38.5989071642137],[112.36024417778725,38.59894956466437],[112.36024509770228,38.59895439386338],[112.36024515372209,38.59895468596578],[112.36027117160053,38.5994865159013],[112.36027202005906,38.599503855066736],[112.36033111254793,38.5999814085456],[112.36033212433762,38.5999895830735],[112.3603923630848,38.600093275946854],[112.3605782367296,38.60041323283423],[112.36059981462353,38.60045037600878],[112.36123718546114,38.600807782261576],[112.36196261311201,38.60099291545159],[112.36201360386379,38.60100592728799],[112.36265690464721,38.60118309888805],[112.36326846989743,38.6015407935445],[112.36344198801191,38.60167912941658],[112.36395587502544,38.60208881569339],[112.36400345646224,38.602126747730225],[112.36478381486467,38.602721176635164],[112.36536279906045,38.603137791684055],[112.36581648680816,38.603416243880254],[112.36618660434873,38.603540349644796],[112.36637462918785,38.603603396586266],[112.36652867749805,38.60359258972054],[112.36702078001686,38.60355080920962],[112.36756175861744,38.60340036097457],[112.36791617057006,38.60332415480247],[112.36822838006312,38.60321691290485],[112.36853657449493,38.60308719856294],[112.36853371514668,38.6030795303456],[112.36822088845501,38.60224049911624],[112.36796373928398,38.60069434273222],[112.36883052674683,38.5983604563911],[112.36983490428214,38.59727620155107],[112.37179261393466,38.596419095610585],[112.37379390932479,38.595859362062996],[112.3743495673004,38.59513783671549],[112.37458909672412,38.59376460725203],[112.37452614510994,38.59245451538813],[112.37539503983696,38.59223576145819],[112.37644742425663,38.59168713545312],[112.37769239210486,38.591285189393304],[112.37881323700474,38.59034844489265],[112.3796141430825,38.5897623102751],[112.38020085163019,38.58887097861378],[112.38063117784384,38.588508401458256]],[[112.3714974845837,38.578835997510495],[112.36833150114958,38.578396398454124],[112.36298360685949,38.57817281718515],[112.36030876930853,38.57801327881491],[112.35809269120851,38.57641835032639],[112.35477144194674,38.57416884410875],[112.3536357782272,38.5718939784068],[112.35109152682698,38.572209385401884],[112.34721351048717,38.5726354346435],[112.34465320607814,38.57209288216574],[112.34206455711083,38.57002525596588],[112.34165246083484,38.56745596665302],[112.34015843331123,38.56547107327652],[112.33539913492736,38.56419080716457],[112.332816319674,38.56240890637857],[112.33228321196209,38.55984095543683],[112.33197708250786,38.55641241028285],[112.33181171523273,38.55403093722674],[112.32873857974475,38.55196851659998],[112.32690039059676,38.55103602995714],[112.32724874195401,38.550174070729],[112.32818816405018,38.54844739428139],[112.32972911883857,38.54642787477392],[112.32994024383045,38.54470945738243],[112.3285718935447,38.54291364426779],[112.32625199907271,38.54217728019324],[112.32549757989244,38.54075581004116],[112.32605885647341,38.538270755120415],[112.32747655773356,38.53615732460023],[112.32964332331409,38.53517938403215],[112.32998630526134,38.534031472764475],[112.33008482943762,38.53279100350567],[112.32975738955065,38.53146205628557],[112.32952212782044,38.530507187238285],[112.32889704185334,38.53021271768963],[112.32838320219646,38.52998974680807],[112.3280884789726,38.529802422356404],[112.32754844951086,38.52947487720615],[112.32700241951015,38.52948106849107],[112.32635826824755,38.529431169431895],[112.32589315318094,38.5292171685747],[112.32529579041497,38.529071398264485],[112.32469633372756,38.52881124689273],[112.32426710366393,38.52856823415139],[112.3241169541691,38.52832206284177],[112.32355251094201,38.527985241094505],[112.32316248502534,38.527894316024664],[112.32248037845078,38.52775902293049],[112.32181127958827,38.52767124539634],[112.32088280010146,38.527365798854945],[112.32087776932993,38.527090708045414],[112.32086537001643,38.52641264808751],[112.32085362824714,38.525770594392014],[112.32083009975163,38.52448384076562],[112.32117340935652,38.52371728785665],[112.3209877107392,38.52351679719636],[112.32052640602357,38.52317641390946],[112.3199480973859,38.52270493826465],[112.31937305613894,38.52231948841194],[112.31944279356078,38.5219850309458],[112.31961886221586,38.52144563769376],[112.31949267855609,38.520962979739295],[112.31942622516861,38.52070879008839],[112.32025111779856,38.519364801896344],[112.32132036498123,38.51811338435486],[112.323978946425,38.51751133580306],[112.32612421771928,38.51538968567544],[112.32681186254263,38.51318919152669],[112.3286070156474,38.511834143011924],[112.33076426975519,38.51037961660821],[112.33325897934112,38.50749118359228],[112.33568326797663,38.507368214775155],[112.33736386349565,38.50639567872066],[112.33781731295466,38.5046744692099],[112.33951194715867,38.504464422633006],[112.34279871957278,38.50465441255442],[112.34364136255792,38.50470310638419],[112.34414373601543,38.50472303322698],[112.34422062643544,38.504726082551876],[112.34433545372588,38.50479696938435],[112.34437885568022,38.50482376249554],[112.34454279908958,38.504924969881685],[112.34474291373752,38.50529044234961],[112.34484107730528,38.505469719068316],[112.34508196100828,38.505879226452606],[112.34530903030195,38.50616743779805],[112.34586737977394,38.50601801763107],[112.34616590581155,38.50589051863517],[112.34642483935284,38.50582093766868],[112.34677645957937,38.50597181275902],[112.34693030488788,38.5060892111765],[112.34723244319596,38.50602615043318],[112.34759256496784,38.505819419510594],[112.34787842875426,38.50569695951408],[112.34816629219061,38.50568172805883],[112.34848825750137,38.50586869016611],[112.34887131907296,38.50607877992068],[112.34922116671987,38.50613433331417],[112.3494472489626,38.506072207150595],[112.3495832858958,38.5060348246265],[112.3497621208045,38.50586592710691],[112.3499416210937,38.50573277148971],[112.35012312425721,38.50570684474355],[112.35065799759363,38.50567895009069],[112.3507329844625,38.505769280679246],[112.35116750265495,38.50629269985251],[112.35122053147364,38.506356577626505],[112.35206256664205,38.50737086216008],[112.35267389287297,38.507870594875165],[112.35378756569638,38.50878094912035],[112.35522596582315,38.510042680535925],[112.3562369757643,38.51092947662632],[112.35625477628058,38.51094509018091],[112.35699663172988,38.51230342188333],[112.35713435565003,38.51255558542669],[112.35761432008502,38.51286666185424],[112.35812666829388,38.51413528465396],[112.35886673057385,38.51477497169831],[112.35956258482369,38.515643970371244],[112.36003757546581,38.51638206267992],[112.36027216438092,38.51664985717434],[112.36078162733965,38.5172314267395],[112.36133138723773,38.51787316137204],[112.36133579351815,38.51792654242635],[112.3613684220445,38.518321831467944],[112.3615723232163,38.51877970301703],[112.36188745694983,38.51948734186897],[112.36194786601267,38.51962298843649],[112.36200204357165,38.51974464429751],[112.36238211170608,38.52059806613632],[112.36350280232311,38.52211036901932],[112.36447520684374,38.52219437293952],[112.36526076251171,38.52227645996445],[112.36740542578619,38.52250053885105],[112.36775821679905,38.522537395833496],[112.36832499399617,38.522678491157315],[112.37068451050118,38.52326584112931],[112.37241206283552,38.52477094832309],[112.37304966417604,38.525893093758846],[112.37354209072095,38.526759713665484],[112.37330276333535,38.52770581566095],[112.37320346062393,38.52809836726114],[112.37408544734281,38.5298040325394],[112.3748367868003,38.530376834059304],[112.37540795959428,38.530812271074105],[112.3755632880214,38.53093068521767],[112.37728022118989,38.53186383617845],[112.37767307618023,38.53297811571644],[112.378050102054,38.53404746039588],[112.37853804930708,38.53563195984468],[112.37952567363638,38.53650216378303],[112.38130209918074,38.53736305162399],[112.38291957456363,38.53784445511374],[112.38400814111328,38.53810149064172],[112.38444591764106,38.538452682667604],[112.38493811094943,38.53985637443582],[112.38534476199983,38.5410160647758],[112.38708770099656,38.54328343530987],[112.38967662765866,38.545350067751926],[112.39153566447678,38.54732998929419],[112.39374234757292,38.548447735413376],[112.39534961842172,38.54995392340361],[112.39477592183749,38.551676768799496],[112.39311164928722,38.553507932392066],[112.39179856288405,38.55466756096537],[112.39290569267749,38.555417057896896],[112.39398890653197,38.554927491767664],[112.39712815375695,38.55403205266955],[112.40065179899261,38.55418059934573],[112.40346201946421,38.55510026681842],[112.40372976321963,38.55528847072757],[112.40518224889931,38.55521800872021],[112.40670320342886,38.55539040272152],[112.40768364439914,38.55577877282389],[112.40944726907766,38.55602472020044],[112.40996592951278,38.556161472673764],[112.40991734473083,38.55678172501666],[112.41032021819004,38.557205871612716],[112.41091911668191,38.55737995687824],[112.4105634762763,38.55816088961136],[112.4096564279616,38.55956599104781],[112.40938501504999,38.55998642431141],[112.40782744331578,38.56105384101509],[112.4059279446843,38.56326934680836],[112.40330366114648,38.565684183636336],[112.40274301788796,38.56807424071641],[112.4025409934006,38.570173996615104],[112.4045038817582,38.57119911870716],[112.40669290773187,38.5713634888655],[112.4071952719098,38.57221544823615],[112.40664958832018,38.57536800716112],[112.40462456008072,38.577394332087366],[112.40306840236426,38.5785570016812],[112.40173650536886,38.578763632559216],[112.40115904883844,38.580295880606016],[112.39919965473912,38.57946132978084],[112.3965210225387,38.57911199945899],[112.39323715922738,38.578865148748136],[112.39058063488726,38.579659418433714],[112.3874255200492,38.579792207655544],[112.38247465281061,38.5812808118394],[112.3783808527878,38.58314044590622],[112.37609192467258,38.584120723399224],[112.37453515455842,38.5852830243518],[112.37377205132302,38.583480651758286],[112.37323912907104,38.58100823908808],[112.37284763049995,38.57958283196957],[112.3714974845837,38.578835997510495]],[[112.382686817269,38.50722502783466],[112.38109517206007,38.50488428595839],[112.38084364689567,38.50387083510538],[112.38040513139704,38.502103887748426],[112.37951707287036,38.50043237818408],[112.37908384675458,38.49961692516455],[112.377633049309,38.497713948180746],[112.37703087295472,38.49692405178914],[112.37524520628844,38.496220782455694],[112.37473915187321,38.49602146944763],[112.3720822913515,38.49505162086179],[112.37158189428729,38.49437813594283],[112.3700283553485,38.49228712974979],[112.36902612477957,38.491750179725734],[112.3686458236793,38.491546426834375],[112.36754684565999,38.49095761790302],[112.36473107896492,38.48921340061403],[112.36460121859733,38.48913295493135],[112.36448114241233,38.489034012558925],[112.36229104636388,38.48722932272098],[112.36154411341322,38.48692590995161],[112.35972427654349,38.48618663923885],[112.35966272805653,38.48613631827442],[112.35843085096495,38.48512913322459],[112.35694081988632,38.48328737549116],[112.354913237618,38.481880828219346],[112.35371090110748,38.480822214488555],[112.35187601784506,38.479985395445865],[112.34894988836707,38.4791611245516],[112.34640863327385,38.47870978373253],[112.34630329337597,38.47869107349327],[112.34614613880996,38.47860819395732],[112.34391494464434,38.477431482540744],[112.34270753676535,38.47608680500534],[112.34175765611913,38.47580067802104],[112.34155080236825,38.47573836740531],[112.33996353621075,38.475260218224584],[112.33739512294723,38.47459245193915],[112.3354852287353,38.47409585096791],[112.33482394248553,38.47349923926022],[112.33345041296886,38.47225999765483],[112.32932955045179,38.47073381324442],[112.32576883805993,38.46998766074147],[112.32573798218306,38.46998639395158],[112.3255868447057,38.469980189168915],[112.3230383194519,38.46987553828066],[112.32131325696336,38.47003801795016],[112.32130124497053,38.47007823556017],[112.32088469878252,38.47147288713504],[112.32137460033786,38.47339790545751],[112.32068234832572,38.47533626036227],[112.32132934952088,38.475900974799195],[112.3219868102685,38.477037579984426],[112.32109177583075,38.477834199302414],[112.32018889621804,38.47820189000483],[112.32020454856215,38.479059733102524],[112.32022672357094,38.48027501067768],[112.31868068788765,38.48029243167533],[112.31658769024587,38.480244481930846],[112.3164175098529,38.480889910210905],[112.31770504900504,38.48166194590795],[112.31844954601452,38.48258308563804],[112.31755961294189,38.48366562657059],[112.31659041415696,38.48539256670348],[112.31498450636164,38.48712665041413],[112.31328756791959,38.48886173296153],[112.31158147461026,38.49009638272626],[112.30995074142048,38.49047214620589],[112.30713238263347,38.4905751455254],[112.30475719129626,38.49002962543736],[112.30210530705249,38.48927262851617],[112.30027592089887,38.488720945293664],[112.30002233881676,38.488170449468164],[112.29942393817156,38.486871360465194],[112.30021809398106,38.485504012883645],[112.3022842153627,38.484051018292824],[112.30243522340173,38.48233329848911],[112.30212378516482,38.48019171138447],[112.30209934059427,38.478833450257945],[112.30306751709249,38.477035136706036],[112.30304434571116,38.47574836227265],[112.30166484145572,38.47490568368783],[112.30108708674898,38.473124559384566],[112.30187335114391,38.47132827584777],[112.30302716009588,38.46974240251373],[112.30482257471482,38.468435378323754],[112.3083571684595,38.46775242500905],[112.31181372189606,38.46778525855313],[112.31425709008695,38.46711434638583],[112.31669651156064,38.46622892311438],[112.31849809683962,38.465279130354446],[112.32001774123853,38.46383197512739],[112.32126195330414,38.46224490478349],[112.32205804685435,38.46102039062286],[112.32275405311333,38.45929648758294],[112.32299676154766,38.457649203722774],[112.32370709008562,38.45671165370551],[112.32633834177906,38.45639587660569],[112.32772038689433,38.457381243032806],[112.32820118450444,38.458805827260676],[112.32903911052192,38.45986884866226],[112.33023548169707,38.46064178512616],[112.33233843826301,38.46126139579225],[112.33487493984175,38.460731999350195],[112.33721372360884,38.45934678551362],[112.33846144375609,38.45797399970243],[112.33977754510111,38.45538488853514],[112.34045984497939,38.452946020607826],[112.3415163140018,38.45107487769961],[112.34284544071733,38.44920059996114],[112.34406768030723,38.446469511363794],[112.34493420828483,38.4441715052232],[112.34472056831693,38.442457912679785],[112.34395097441002,38.44017868523058],[112.34328424802042,38.438541788526784],[112.34334068099113,38.43668209095301],[112.34241988509025,38.43604912936181],[112.33996593755306,38.43607722717226],[112.33840237342987,38.43509407489734],[112.33853397134712,38.432375493764624],[112.3388512808867,38.42986929583037],[112.34045273513293,38.427991927959425],[112.34206601711145,38.42675792126468],[112.34359102099111,38.42566790881265],[112.34321163100722,38.42481423444674],[112.34102010402725,38.42426732508256],[112.33911046703025,38.424217668049],[112.33629079150839,38.42410686123012],[112.33401240836022,38.423775317430525],[112.33227533427521,38.42322306792597],[112.33034604985325,38.42210095777704],[112.32932813113132,38.42111148114546],[112.33022238963153,38.42031480656085],[112.33146959413524,38.41894209517357],[112.33252976905041,38.417285489716086],[112.3334016013214,38.415273507329395],[112.33409692838023,38.4135495365989],[112.33469742096264,38.411612135423525],[112.33556517992194,38.40938567514421],[112.3359904821222,38.40780777481417],[112.33668699780017,38.40615527671186],[112.33774819291982,38.40457011287695],[112.33918723881615,38.40376714785618],[112.34454982797972,38.40384873669038],[112.34627325664347,38.40368594274089],[112.34989779028687,38.40314372350469],[112.34969216239247,38.401859050734224],[112.34838049364585,38.399729082652634],[112.34489937601327,38.3981960392554],[112.34441206755184,38.39641407074086],[112.34383659739248,38.394776116971435],[112.34308610350632,38.393497677098004],[112.34178403486085,38.39186803725617],[112.3432069118553,38.390207178421406],[112.34463502126864,38.38883225290043],[112.34588009999142,38.38738790903245],[112.34576144415965,38.38588771875943],[112.34364338320168,38.38433896792464],[112.3420690135018,38.38271244899428],[112.34013671900856,38.38137601282621],[112.33856249268678,38.37974944427603],[112.33581037650457,38.37827929096718],[112.33352293887233,38.377375807500655],[112.33223974211744,38.37674687730503],[112.33043133803258,38.37719643740977],[112.32834523854181,38.37736310633626],[112.32552739412712,38.37725200725506],[112.32468137998282,38.375688511688985],[112.32447498445704,38.37433229176257],[112.32325407368094,38.37212949569814],[112.32294779752655,38.37027387953842],[112.32273624562042,38.36863170109403],[112.32144939389188,38.36778818245395],[112.3190638709501,38.366456499291786],[112.31868379953421,38.36553123848849],[112.3192934319788,38.3640943189725],[112.3212623796417,38.36249907428967],[112.32197313588937,38.36163302408378],[112.32077201597073,38.36050251769722],[112.31774861396082,38.359034985061975],[112.31818571269157,38.358100530430356],[112.31944639215803,38.35751432137097],[112.32105850892528,38.35628061124074],[112.3210455146177,38.35556572707743],[112.31965774742065,38.354151298389425],[112.31835692885093,38.35252136535342],[112.31660355761072,38.350968004404514],[112.31476206745812,38.34955861068627],[112.31383747266818,38.348639436514574],[112.31307379743984,38.346574401789226],[112.31024685345193,38.34589100131807],[112.30797746976886,38.34591634534092],[112.30497674528564,38.34566377576532],[112.30180089084321,38.34577059123434],[112.29906868241383,38.34530037838989],[112.29722894736734,38.343962188883815],[112.29574854441448,38.3424054880625],[112.29381817278144,38.34106824507502],[112.29318151167297,38.34100376660649],[112.29191454534204,38.34123224635708],[112.29045207237237,38.34067632800581],[112.28880555016627,38.33997940672265],[112.28860754298599,38.3390520386773],[112.28885703916853,38.337762233763605],[112.28939946336862,38.33716831563905],[112.29063810089711,38.33581204559936],[112.29260059071854,38.33385982966236],[112.29384962355151,38.33263049229342],[112.29403184018967,38.332523001295336],[112.29406493090812,38.33250348007709],[112.29582595036923,38.331464608828306],[112.30035361241558,38.33084244843381],[112.30203087700109,38.33151420774569],[112.30382799810143,38.33223392935454],[112.30592853585327,38.33309043409492],[112.30638849389612,38.33327797606238],[112.30839549421623,38.33382762081752],[112.31129724416263,38.33365219279543],[112.31319416874224,38.333130436317255],[112.31527645965987,38.332821080486006],[112.31531007184185,38.33467979011543],[112.31539918086077,38.33491282605624],[112.31588180128718,38.33617494307461],[112.31800692056056,38.33822466583001],[112.32028773615019,38.33884252951562],[112.32339980296125,38.34023750250595],[112.32505055694756,38.3411483974367],[112.3275065341767,38.34140662286361],[112.33041375810143,38.34151667122333],[112.33115692509207,38.34243777568772],[112.33155404457726,38.344292346472294],[112.33267869498206,38.34621014873628],[112.33289301298484,38.34799528861926],[112.33383619970101,38.34991514175496],[112.33422293585299,38.351197795181314],[112.33587538859794,38.3521800165132],[112.3383370367371,38.352723959527935],[112.33872650240421,38.35414957144306],[112.33930282634512,38.35585905761911],[112.34185409095201,38.356330398307094],[112.3444988204648,38.35694361783148],[112.34750276973253,38.357338138381564],[112.34967770206316,38.35709860620532],[112.3505944112597,38.35723202192106],[112.35134940851937,38.357341896966545],[112.35195404682229,38.35742988627214],[112.3527202728564,38.3595661293657],[112.3532141666233,38.36170551119797],[112.35343437054813,38.363776548841614],[112.35392565242887,38.36577295076741],[112.35541577400969,38.367757802230535],[112.35544111814404,38.36911605977108],[112.35492963868255,38.37090954040029],[112.35613946573395,38.37246860441898],[112.35773529912129,38.37523872866544],[112.35886247383897,38.37722773561775],[112.35981209911847,38.379433298324386],[112.36173396675349,38.380197510109895],[112.36474567980818,38.38094900194279],[112.36766528899025,38.38162998866123],[112.37011871770227,38.38167283279965],[112.37267107382428,38.382143480029235],[112.3744128589461,38.38298109362875],[112.37609502741047,38.3854639333624],[112.37676738797828,38.387386598297795],[112.37799696229212,38.38994622779711],[112.37849590349595,38.3922999334919],[112.37815701374521,38.39359095950966],[112.37845802502241,38.39508896477395],[112.38064892510964,38.3956351877483],[112.38373321769237,38.39538429951859],[112.38581421646148,38.39493069316937],[112.38942429687255,38.39367240548539],[112.39151891493447,38.393933557321176],[112.39407594894195,38.394618185099645],[112.3959889421162,38.394881417851735],[112.39892040905102,38.39613349347848],[112.40104825143733,38.398110125892835],[112.40270266503148,38.39909135996905],[112.40517744696275,38.40020573853611],[112.40702196285943,38.40161364208179],[112.40878958784634,38.40373745919092],[112.40936520318584,38.40530357760615],[112.41003863937534,38.40722602491431],[112.41134806629185,38.40914080761593],[112.41281977540893,38.41005259333187],[112.4143531013263,38.409462078528954],[112.41453956693796,38.40939026508954],[112.41741967685657,38.40828099089502],[112.41986280894335,38.4077508955919],[112.4237692886755,38.40770348876392],[112.42660807730226,38.40881298440672],[112.42719255731647,38.41080791346253],[112.42576140776357,38.41196936534423],[112.4233621404858,38.41366553747938],[112.42298281485407,38.413933692095426],[112.42093434601063,38.41461948568277],[112.42054510173068,38.41474979312371],[112.41864968459174,38.41541627623632],[112.41785851665416,38.4167843858002],[112.41761388713995,38.41821737927307],[112.41683244878199,38.42008587538827],[112.41519829007424,38.42017712952153],[112.41356970235897,38.420554300023504],[112.41268891060916,38.421994957849854],[112.41191287547376,38.424149362295786],[112.4117770768212,38.4265105527238],[112.41181188326642,38.42829767267955],[112.41148040230982,38.42994620327465],[112.41013950488389,38.431106377891524],[112.41007087917237,38.43225122846243],[112.40954926766857,38.432790192396276],[112.40909066192147,38.4332640457954],[112.40699868760453,38.43373414388356],[112.40673747047383,38.43379284015419],[112.40530138524382,38.43473959769473],[112.40587857925681,38.43637720719267],[112.40645580041323,38.43801481290252],[112.40812510404781,38.43971079329133],[112.40960714224467,38.44112299581385],[112.411291629994,38.44261034669349],[112.41136470016814,38.44267486350478],[112.41129300867031,38.44276823019012],[112.4100347036393,38.44440691563833],[112.41015621134153,38.44597848319666],[112.4104636988899,38.447762315472936],[112.4095839227234,38.44927443505472],[112.40960265315313,38.45023682296159],[112.40960270891375,38.45023968862914],[112.40960479125074,38.45034670446924],[112.40962705192018,38.45149045774726],[112.40965487954531,38.45292014969005],[112.40950367680958,38.454494998064895],[112.40962826922292,38.4564616970541],[112.40962827087655,38.45646172315733],[112.4096349380209,38.45656695508637],[112.41117622899846,38.45633389054273],[112.4129958168647,38.456383452059555],[112.41470773894301,38.45557627247552],[112.41713708836022,38.45425987961585],[112.42085024133542,38.45349987958994],[112.42301512277486,38.45261558093158],[112.42481774313303,38.45180715175718],[112.42699520079319,38.45156613860827],[112.4290887912516,38.45168361337728],[112.43074058194331,38.45244995964294],[112.43086255721228,38.4540214955508],[112.43017060284697,38.45581747565672],[112.43028795120793,38.45637361970986],[112.43035652190207,38.45669859907871],[112.43039916533874,38.456900685161756],[112.43047157035555,38.45724382267135],[112.43047855824271,38.45728284354442],[112.43057009866993,38.45779403196977],[112.43063318577912,38.458146323491434],[112.43067598893555,38.45838534365059],[112.4307965644682,38.459885392801134],[112.42990578365814,38.46082578654562],[112.42773229037516,38.46128131059301],[112.42564686742372,38.461592720513366],[112.42484128750444,38.46224603406521],[112.42440358232948,38.46310937172423],[112.42550303973466,38.46352500073741],[112.42707119479839,38.464649918853745],[112.42691612740211,38.46601032884636],[112.42687203669155,38.46762065480385],[112.4268632510103,38.46794150023534],[112.42653196185431,38.46959005945239],[112.42650450193575,38.46967839511045],[112.42601880091149,38.471240832772985],[112.42457943284748,38.472044862723116],[112.42303645113776,38.472206626190626],[112.42148223048764,38.47179649645919],[112.41884249259405,38.471685508305605],[112.41720297629608,38.47156235951269],[112.41511301495125,38.471659135212946],[112.41380499716936,38.471488446368674],[112.41310699723911,38.47139735542405],[112.4127684006534,38.47268845988635],[112.41243258370567,38.47412253252597],[112.41237513652133,38.47583925035429],[112.41230373467744,38.47684112563289],[112.41192212200485,38.477162367416845],[112.40997702299536,38.47879969279866],[112.40987514595813,38.47886908139435],[112.4096475408906,38.479024104757556],[112.4086591128361,38.47969731597166],[112.40773277997359,38.48032821622548],[112.40557243982423,38.48149818393115],[112.4030330056439,38.481886145083116],[112.40111352998632,38.48140862172528],[112.3992864009521,38.48100146391478],[112.39628258119139,38.48089431962852],[112.3940958601378,38.48070587146964],[112.39254436004812,38.48043832791505],[112.39219847959897,38.48137195577095],[112.39075989885059,38.48224706476837],[112.38868192892855,38.48298673828095],[112.38687949213548,38.483866113738564],[112.3854421663449,38.48481264445622],[112.38444449108401,38.48496744651572],[112.38409164556349,38.48554362729264],[112.38413286007692,38.4856302002164],[112.38456553903012,38.486539040138624],[112.38459824221447,38.48657773177297],[112.38489062134954,38.48692365505278],[112.38624097472082,38.48852124654295],[112.38791375893842,38.49036045629399],[112.38902716621948,38.49149126966671],[112.3892214338103,38.492132473242336],[112.38815329415506,38.49336065950123],[112.38598128151119,38.493958399026916],[112.38443773312986,38.49411966282138],[112.38454785349587,38.49511937491027],[112.38611197729101,38.49603038108294],[112.38613938450227,38.49746007558374],[112.38688765044877,38.49852372869252],[112.38745538043933,38.49966101721084],[112.3884601139765,38.49986360860351],[112.38999690264946,38.49934486669939],[112.39118906970288,38.499831212959286],[112.39200500315829,38.49967851302902],[112.39354038355627,38.49908824025328],[112.3948249136269,38.49964495051769],[112.39476842544212,38.50143314555259],[112.39398831649274,38.50344446042207],[112.39365337931855,38.50494996553949],[112.39386978414639,38.506734909616966],[112.39442665853574,38.50730028417491],[112.39642809419288,38.507276427889416],[112.3986170086587,38.50753630094663],[112.39964679839979,38.50902550879861],[112.40013491607141,38.51073568961341],[112.39942369881308,38.511602202523385],[112.39796940645068,38.51169107882985],[112.39506081051016,38.511868778330125],[112.3941634207753,38.51252297522218],[112.39352811155271,38.513522421513],[112.39292688940846,38.51446821490884],[112.39169304575923,38.51655641070591],[112.3896388584083,38.51858283440698],[112.38773358488187,38.51889143953344],[112.38608892067252,38.51855342159433],[112.38441824654127,38.51685717473424],[112.38411789942596,38.5154307109875],[112.38408230005925,38.51357211155554],[112.38412399265361,38.51099758952494],[112.38381409802068,38.50907073045089],[112.382686817269,38.50722502783466]]],[[[112.3986170086587,38.50753630094663],[112.39642809419288,38.507276427889416],[112.39442665853574,38.50730028417491],[112.39386978414639,38.506734909616966],[112.39365337931855,38.50494996553949],[112.39398831649274,38.50344446042207],[112.39476842544212,38.50143314555259],[112.3948249136269,38.49964495051769],[112.39354038355627,38.49908824025328],[112.39200500315829,38.49967851302902],[112.39118906970288,38.499831212959286],[112.38999690264946,38.49934486669939],[112.3884601139765,38.49986360860351],[112.38745538043933,38.49966101721084],[112.38688765044877,38.49852372869252],[112.38613938450227,38.49746007558374],[112.38611197729101,38.49603038108294],[112.38454785349587,38.49511937491027],[112.38443773312986,38.49411966282138],[112.38598128151119,38.493958399026916],[112.38815329415506,38.49336065950123],[112.3892214338103,38.492132473242336],[112.38902716621948,38.49149126966671],[112.38791375893842,38.49036045629399],[112.38624097472082,38.48852124654295],[112.38489062134954,38.48692365505278],[112.38459824221447,38.48657773177297],[112.38456553903012,38.486539040138624],[112.38413286007692,38.4856302002164],[112.38409164556349,38.48554362729264],[112.38444449108401,38.48496744651572],[112.3854421663449,38.48481264445622],[112.38687949213548,38.483866113738564],[112.38868192892855,38.48298673828095],[112.39075989885059,38.48224706476837],[112.39219847959897,38.48137195577095],[112.39254436004812,38.48043832791505],[112.3940958601378,38.48070587146964],[112.39628258119139,38.48089431962852],[112.3992864009521,38.48100146391478],[112.40111352998632,38.48140862172528],[112.4030330056439,38.481886145083116],[112.40557243982423,38.48149818393115],[112.40773277997359,38.48032821622548],[112.4086591128361,38.47969731597166],[112.4096475408906,38.479024104757556],[112.40987514595813,38.47886908139435],[112.40997702299536,38.47879969279866],[112.41192212200485,38.477162367416845],[112.41230373467744,38.47684112563289],[112.41237513652133,38.47583925035429],[112.41243258370567,38.47412253252597],[112.4127684006534,38.47268845988635],[112.41310699723911,38.47139735542405],[112.41380499716936,38.471488446368674],[112.41511301495125,38.471659135212946],[112.41720297629608,38.47156235951269],[112.41884249259405,38.471685508305605],[112.42148223048764,38.47179649645919],[112.42303645113776,38.472206626190626],[112.42457943284748,38.472044862723116],[112.42601880091149,38.471240832772985],[112.42650450193575,38.46967839511045],[112.42653196185431,38.46959005945239],[112.4268632510103,38.46794150023534],[112.42687203669155,38.46762065480385],[112.42691612740211,38.46601032884636],[112.42707119479839,38.464649918853745],[112.42550303973466,38.46352500073741],[112.42440358232948,38.46310937172423],[112.42484128750444,38.46224603406521],[112.42564686742372,38.461592720513366],[112.42773229037516,38.46128131059301],[112.42990578365814,38.46082578654562],[112.4307965644682,38.459885392801134],[112.43067598893555,38.45838534365059],[112.43063318577912,38.458146323491434],[112.43057009866993,38.45779403196977],[112.43047855824271,38.45728284354442],[112.43047157035555,38.45724382267135],[112.43039916533874,38.456900685161756],[112.43035652190207,38.45669859907871],[112.43028795120793,38.45637361970986],[112.43017060284697,38.45581747565672],[112.43086255721228,38.4540214955508],[112.43074058194331,38.45244995964294],[112.4290887912516,38.45168361337728],[112.42699520079319,38.45156613860827],[112.42481774313303,38.45180715175718],[112.42301512277486,38.45261558093158],[112.42085024133542,38.45349987958994],[112.41713708836022,38.45425987961585],[112.41470773894301,38.45557627247552],[112.4129958168647,38.456383452059555],[112.41117622899846,38.45633389054273],[112.4096349380209,38.45656695508637],[112.40962827087655,38.45646172315733],[112.40962826922292,38.4564616970541],[112.40950367680958,38.454494998064895],[112.40965487954531,38.45292014969005],[112.40962705192018,38.45149045774726],[112.40960479125074,38.45034670446924],[112.40960270891375,38.45023968862914],[112.40960265315313,38.45023682296159],[112.4095839227234,38.44927443505472],[112.4104636988899,38.447762315472936],[112.41015621134153,38.44597848319666],[112.4100347036393,38.44440691563833],[112.41129300867031,38.44276823019012],[112.41136470016814,38.44267486350478],[112.411291629994,38.44261034669349],[112.40960714224467,38.44112299581385],[112.40812510404781,38.43971079329133],[112.40645580041323,38.43801481290252],[112.40587857925681,38.43637720719267],[112.40530138524382,38.43473959769473],[112.40673747047383,38.43379284015419],[112.40699868760453,38.43373414388356],[112.40909066192147,38.4332640457954],[112.40954926766857,38.432790192396276],[112.41007087917237,38.43225122846243],[112.41013950488389,38.431106377891524],[112.41148040230982,38.42994620327465],[112.41181188326642,38.42829767267955],[112.4117770768212,38.4265105527238],[112.41191287547376,38.424149362295786],[112.41268891060916,38.421994957849854],[112.41356970235897,38.420554300023504],[112.41519829007424,38.42017712952153],[112.41683244878199,38.42008587538827],[112.41761388713995,38.41821737927307],[112.41785851665416,38.4167843858002],[112.41864968459174,38.41541627623632],[112.42054510173068,38.41474979312371],[112.42093434601063,38.41461948568277],[112.42298281485407,38.413933692095426],[112.4233621404858,38.41366553747938],[112.42576140776357,38.41196936534423],[112.42719255731647,38.41080791346253],[112.42660807730226,38.40881298440672],[112.4237692886755,38.40770348876392],[112.41986280894335,38.4077508955919],[112.41741967685657,38.40828099089502],[112.41453956693796,38.40939026508954],[112.4143531013263,38.409462078528954],[112.41281977540893,38.41005259333187],[112.41134806629185,38.40914080761593],[112.41003863937534,38.40722602491431],[112.40936520318584,38.40530357760615],[112.40878958784634,38.40373745919092],[112.40702196285943,38.40161364208179],[112.40517744696275,38.40020573853611],[112.40270266503148,38.39909135996905],[112.40104825143733,38.398110125892835],[112.39892040905102,38.39613349347848],[112.3959889421162,38.394881417851735],[112.39407594894195,38.394618185099645],[112.39151891493447,38.393933557321176],[112.38942429687255,38.39367240548539],[112.38581421646148,38.39493069316937],[112.38373321769237,38.39538429951859],[112.38064892510964,38.3956351877483],[112.37845802502241,38.39508896477395],[112.37815701374521,38.39359095950966],[112.37849590349595,38.3922999334919],[112.37799696229212,38.38994622779711],[112.37676738797828,38.387386598297795],[112.37609502741047,38.3854639333624],[112.3744128589461,38.38298109362875],[112.37267107382428,38.382143480029235],[112.37011871770227,38.38167283279965],[112.36766528899025,38.38162998866123],[112.36474567980818,38.38094900194279],[112.36173396675349,38.380197510109895],[112.35981209911847,38.379433298324386],[112.35886247383897,38.37722773561775],[112.35773529912129,38.37523872866544],[112.35613946573395,38.37246860441898],[112.35492963868255,38.37090954040029],[112.35544111814404,38.36911605977108],[112.35541577400969,38.367757802230535],[112.35392565242887,38.36577295076741],[112.35343437054813,38.363776548841614],[112.3532141666233,38.36170551119797],[112.3527202728564,38.3595661293657],[112.35195404682229,38.35742988627214],[112.35134940851937,38.357341896966545],[112.3505944112597,38.35723202192106],[112.34967770206316,38.35709860620532],[112.34750276973253,38.357338138381564],[112.3444988204648,38.35694361783148],[112.34185409095201,38.356330398307094],[112.33930282634512,38.35585905761911],[112.33872650240421,38.35414957144306],[112.3383370367371,38.352723959527935],[112.33587538859794,38.3521800165132],[112.33422293585299,38.351197795181314],[112.33383619970101,38.34991514175496],[112.33289301298484,38.34799528861926],[112.33267869498206,38.34621014873628],[112.33155404457726,38.344292346472294],[112.33115692509207,38.34243777568772],[112.33041375810143,38.34151667122333],[112.3275065341767,38.34140662286361],[112.32505055694756,38.3411483974367],[112.32339980296125,38.34023750250595],[112.32028773615019,38.33884252951562],[112.31800692056056,38.33822466583001],[112.31588180128718,38.33617494307461],[112.31539918086077,38.33491282605624],[112.31531007184185,38.33467979011543],[112.31527645965987,38.332821080486006],[112.31319416874224,38.333130436317255],[112.31129724416263,38.33365219279543],[112.30839549421623,38.33382762081752],[112.30638849389612,38.33327797606238],[112.30592853585327,38.33309043409492],[112.30382799810143,38.33223392935454],[112.30203087700109,38.33151420774569],[112.30035361241558,38.33084244843381],[112.29582595036923,38.331464608828306],[112.29406493090812,38.33250348007709],[112.29403184018967,38.332523001295336],[112.29384962355151,38.33263049229342],[112.29260059071854,38.33385982966236],[112.29063810089711,38.33581204559936],[112.28939946336862,38.33716831563905],[112.28885703916853,38.337762233763605],[112.28860754298599,38.3390520386773],[112.28880555016627,38.33997940672265],[112.29045207237237,38.34067632800581],[112.29191454534204,38.34123224635708],[112.29318151167297,38.34100376660649],[112.29381817278144,38.34106824507502],[112.29574854441448,38.3424054880625],[112.29722894736734,38.343962188883815],[112.29906868241383,38.34530037838989],[112.30180089084321,38.34577059123434],[112.30497674528564,38.34566377576532],[112.30797746976886,38.34591634534092],[112.31024685345193,38.34589100131807],[112.31307379743984,38.346574401789226],[112.31383747266818,38.348639436514574],[112.31476206745812,38.34955861068627],[112.31660355761072,38.350968004404514],[112.31835692885093,38.35252136535342],[112.31965774742065,38.354151298389425],[112.3210455146177,38.35556572707743],[112.32105850892528,38.35628061124074],[112.31944639215803,38.35751432137097],[112.31818571269157,38.358100530430356],[112.31774861396082,38.359034985061975],[112.32077201597073,38.36050251769722],[112.32197313588937,38.36163302408378],[112.3212623796417,38.36249907428967],[112.3192934319788,38.3640943189725],[112.31868379953421,38.36553123848849],[112.3190638709501,38.366456499291786],[112.32144939389188,38.36778818245395],[112.32273624562042,38.36863170109403],[112.32294779752655,38.37027387953842],[112.32325407368094,38.37212949569814],[112.32447498445704,38.37433229176257],[112.32468137998282,38.375688511688985],[112.32552739412712,38.37725200725506],[112.32834523854181,38.37736310633626],[112.33043133803258,38.37719643740977],[112.33223974211744,38.37674687730503],[112.33352293887233,38.377375807500655],[112.33581037650457,38.37827929096718],[112.33856249268678,38.37974944427603],[112.34013671900856,38.38137601282621],[112.3420690135018,38.38271244899428],[112.34364338320168,38.38433896792464],[112.34576144415965,38.38588771875943],[112.34588009999142,38.38738790903245],[112.34463502126864,38.38883225290043],[112.3432069118553,38.390207178421406],[112.34178403486085,38.39186803725617],[112.34308610350632,38.393497677098004],[112.34383659739248,38.394776116971435],[112.34441206755184,38.39641407074086],[112.34489937601327,38.3981960392554],[112.34838049364585,38.399729082652634],[112.34969216239247,38.401859050734224],[112.34989779028687,38.40314372350469],[112.34627325664347,38.40368594274089],[112.34454982797972,38.40384873669038],[112.33918723881615,38.40376714785618],[112.33774819291982,38.40457011287695],[112.33668699780017,38.40615527671186],[112.3359904821222,38.40780777481417],[112.33556517992194,38.40938567514421],[112.33469742096264,38.411612135423525],[112.33409692838023,38.4135495365989],[112.3334016013214,38.415273507329395],[112.33252976905041,38.417285489716086],[112.33146959413524,38.41894209517357],[112.33022238963153,38.42031480656085],[112.32932813113132,38.42111148114546],[112.33034604985325,38.42210095777704],[112.33227533427521,38.42322306792597],[112.33401240836022,38.423775317430525],[112.33629079150839,38.42410686123012],[112.33911046703025,38.424217668049],[112.34102010402725,38.42426732508256],[112.34321163100722,38.42481423444674],[112.34359102099111,38.42566790881265],[112.34206601711145,38.42675792126468],[112.34045273513293,38.427991927959425],[112.3388512808867,38.42986929583037],[112.33853397134712,38.432375493764624],[112.33840237342987,38.43509407489734],[112.33996593755306,38.43607722717226],[112.34241988509025,38.43604912936181],[112.34334068099113,38.43668209095301],[112.34328424802042,38.438541788526784],[112.34395097441002,38.44017868523058],[112.34472056831693,38.442457912679785],[112.34493420828483,38.4441715052232],[112.34406768030723,38.446469511363794],[112.34284544071733,38.44920059996114],[112.3415163140018,38.45107487769961],[112.34045984497939,38.452946020607826],[112.33977754510111,38.45538488853514],[112.33846144375609,38.45797399970243],[112.33721372360884,38.45934678551362],[112.33487493984175,38.460731999350195],[112.33233843826301,38.46126139579225],[112.33023548169707,38.46064178512616],[112.32903911052192,38.45986884866226],[112.32820118450444,38.458805827260676],[112.32772038689433,38.457381243032806],[112.32633834177906,38.45639587660569],[112.32370709008562,38.45671165370551],[112.32299676154766,38.457649203722774],[112.32275405311333,38.45929648758294],[112.32205804685435,38.46102039062286],[112.32126195330414,38.46224490478349],[112.32001774123853,38.46383197512739],[112.31849809683962,38.465279130354446],[112.31669651156064,38.46622892311438],[112.31425709008695,38.46711434638583],[112.31181372189606,38.46778525855313],[112.3083571684595,38.46775242500905],[112.30482257471482,38.468435378323754],[112.30302716009588,38.46974240251373],[112.30187335114391,38.47132827584777],[112.30108708674898,38.473124559384566],[112.30166484145572,38.47490568368783],[112.30304434571116,38.47574836227265],[112.30306751709249,38.477035136706036],[112.30209934059427,38.478833450257945],[112.30212378516482,38.48019171138447],[112.30243522340173,38.48233329848911],[112.3022842153627,38.484051018292824],[112.30021809398106,38.485504012883645],[112.29942393817156,38.486871360465194],[112.30002233881676,38.488170449468164],[112.30027592089887,38.488720945293664],[112.30210530705249,38.48927262851617],[112.30475719129626,38.49002962543736],[112.30713238263347,38.4905751455254],[112.30995074142048,38.49047214620589],[112.31158147461026,38.49009638272626],[112.31328756791959,38.48886173296153],[112.31498450636164,38.48712665041413],[112.31659041415696,38.48539256670348],[112.31755961294189,38.48366562657059],[112.31844954601452,38.48258308563804],[112.31770504900504,38.48166194590795],[112.3164175098529,38.480889910210905],[112.31658769024587,38.480244481930846],[112.31868068788765,38.48029243167533],[112.32022672357094,38.48027501067768],[112.32020454856215,38.479059733102524],[112.32018889621804,38.47820189000483],[112.32109177583075,38.477834199302414],[112.3219868102685,38.477037579984426],[112.32132934952088,38.475900974799195],[112.32068234832572,38.47533626036227],[112.32137460033786,38.47339790545751],[112.32088469878252,38.47147288713504],[112.32130124497053,38.47007823556017],[112.32131325696336,38.47003801795016],[112.3230383194519,38.46987553828066],[112.3255868447057,38.469980189168915],[112.32573798218306,38.46998639395158],[112.32576883805993,38.46998766074147],[112.32932955045179,38.47073381324442],[112.33345041296886,38.47225999765483],[112.33482394248553,38.47349923926022],[112.3354852287353,38.47409585096791],[112.33739512294723,38.47459245193915],[112.33996353621075,38.475260218224584],[112.34155080236825,38.47573836740531],[112.34175765611913,38.47580067802104],[112.34270753676535,38.47608680500534],[112.34391494464434,38.477431482540744],[112.34614613880996,38.47860819395732],[112.34630329337597,38.47869107349327],[112.34640863327385,38.47870978373253],[112.34894988836707,38.4791611245516],[112.35187601784506,38.479985395445865],[112.35371090110748,38.480822214488555],[112.354913237618,38.481880828219346],[112.35694081988632,38.48328737549116],[112.35843085096495,38.48512913322459],[112.35966272805653,38.48613631827442],[112.35972427654349,38.48618663923885],[112.36154411341322,38.48692590995161],[112.36229104636388,38.48722932272098],[112.36448114241233,38.489034012558925],[112.36460121859733,38.48913295493135],[112.36473107896492,38.48921340061403],[112.36754684565999,38.49095761790302],[112.3686458236793,38.491546426834375],[112.36902612477957,38.491750179725734],[112.3700283553485,38.49228712974979],[112.37158189428729,38.49437813594283],[112.3720822913515,38.49505162086179],[112.37473915187321,38.49602146944763],[112.37524520628844,38.496220782455694],[112.37703087295472,38.49692405178914],[112.377633049309,38.497713948180746],[112.37908384675458,38.49961692516455],[112.37951707287036,38.50043237818408],[112.38040513139704,38.502103887748426],[112.38084364689567,38.50387083510538],[112.38109517206007,38.50488428595839],[112.382686817269,38.50722502783466],[112.38381409802068,38.50907073045089],[112.38412399265361,38.51099758952494],[112.38408230005925,38.51357211155554],[112.38411789942596,38.5154307109875],[112.38441824654127,38.51685717473424],[112.38608892067252,38.51855342159433],[112.38773358488187,38.51889143953344],[112.3896388584083,38.51858283440698],[112.39169304575923,38.51655641070591],[112.39292688940846,38.51446821490884],[112.39352811155271,38.513522421513],[112.3941634207753,38.51252297522218],[112.39506081051016,38.511868778330125],[112.39796940645068,38.51169107882985],[112.39942369881308,38.511602202523385],[112.40013491607141,38.51073568961341],[112.39964679839979,38.50902550879861],[112.3986170086587,38.50753630094663]]],[[[112.39058063488726,38.579659418433714],[112.39323715922738,38.578865148748136],[112.3965210225387,38.57911199945899],[112.39919965473912,38.57946132978084],[112.40115904883844,38.580295880606016],[112.40173650536886,38.578763632559216],[112.40306840236426,38.5785570016812],[112.40462456008072,38.577394332087366],[112.40664958832018,38.57536800716112],[112.4071952719098,38.57221544823615],[112.40669290773187,38.5713634888655],[112.4045038817582,38.57119911870716],[112.4025409934006,38.570173996615104],[112.40274301788796,38.56807424071641],[112.40330366114648,38.565684183636336],[112.4059279446843,38.56326934680836],[112.40782744331578,38.56105384101509],[112.40938501504999,38.55998642431141],[112.4096564279616,38.55956599104781],[112.4105634762763,38.55816088961136],[112.41091911668191,38.55737995687824],[112.41032021819004,38.557205871612716],[112.40991734473083,38.55678172501666],[112.40996592951278,38.556161472673764],[112.40944726907766,38.55602472020044],[112.40768364439914,38.55577877282389],[112.40670320342886,38.55539040272152],[112.40518224889931,38.55521800872021],[112.40372976321963,38.55528847072757],[112.40346201946421,38.55510026681842],[112.40065179899261,38.55418059934573],[112.39712815375695,38.55403205266955],[112.39398890653197,38.554927491767664],[112.39290569267749,38.555417057896896],[112.39179856288405,38.55466756096537],[112.39311164928722,38.553507932392066],[112.39477592183749,38.551676768799496],[112.39534961842172,38.54995392340361],[112.39374234757292,38.548447735413376],[112.39153566447678,38.54732998929419],[112.38967662765866,38.545350067751926],[112.38708770099656,38.54328343530987],[112.38534476199983,38.5410160647758],[112.38493811094943,38.53985637443582],[112.38444591764106,38.538452682667604],[112.38400814111328,38.53810149064172],[112.38291957456363,38.53784445511374],[112.38130209918074,38.53736305162399],[112.37952567363638,38.53650216378303],[112.37853804930708,38.53563195984468],[112.378050102054,38.53404746039588],[112.37767307618023,38.53297811571644],[112.37728022118989,38.53186383617845],[112.3755632880214,38.53093068521767],[112.37540795959428,38.530812271074105],[112.3748367868003,38.530376834059304],[112.37408544734281,38.5298040325394],[112.37320346062393,38.52809836726114],[112.37330276333535,38.52770581566095],[112.37354209072095,38.526759713665484],[112.37304966417604,38.525893093758846],[112.37241206283552,38.52477094832309],[112.37068451050118,38.52326584112931],[112.36832499399617,38.522678491157315],[112.36775821679905,38.522537395833496],[112.36740542578619,38.52250053885105],[112.36526076251171,38.52227645996445],[112.36447520684374,38.52219437293952],[112.36350280232311,38.52211036901932],[112.36238211170608,38.52059806613632],[112.36200204357165,38.51974464429751],[112.36194786601267,38.51962298843649],[112.36188745694983,38.51948734186897],[112.3615723232163,38.51877970301703],[112.3613684220445,38.518321831467944],[112.36133579351815,38.51792654242635],[112.36133138723773,38.51787316137204],[112.36078162733965,38.5172314267395],[112.36027216438092,38.51664985717434],[112.36003757546581,38.51638206267992],[112.35956258482369,38.515643970371244],[112.35886673057385,38.51477497169831],[112.35812666829388,38.51413528465396],[112.35761432008502,38.51286666185424],[112.35713435565003,38.51255558542669],[112.35699663172988,38.51230342188333],[112.35625477628058,38.51094509018091],[112.3562369757643,38.51092947662632],[112.35522596582315,38.510042680535925],[112.35378756569638,38.50878094912035],[112.35267389287297,38.507870594875165],[112.35206256664205,38.50737086216008],[112.35122053147364,38.506356577626505],[112.35116750265495,38.50629269985251],[112.3507329844625,38.505769280679246],[112.35065799759363,38.50567895009069],[112.35012312425721,38.50570684474355],[112.3499416210937,38.50573277148971],[112.3497621208045,38.50586592710691],[112.3495832858958,38.5060348246265],[112.3494472489626,38.506072207150595],[112.34922116671987,38.50613433331417],[112.34887131907296,38.50607877992068],[112.34848825750137,38.50586869016611],[112.34816629219061,38.50568172805883],[112.34787842875426,38.50569695951408],[112.34759256496784,38.505819419510594],[112.34723244319596,38.50602615043318],[112.34693030488788,38.5060892111765],[112.34677645957937,38.50597181275902],[112.34642483935284,38.50582093766868],[112.34616590581155,38.50589051863517],[112.34586737977394,38.50601801763107],[112.34530903030195,38.50616743779805],[112.34508196100828,38.505879226452606],[112.34484107730528,38.505469719068316],[112.34474291373752,38.50529044234961],[112.34454279908958,38.504924969881685],[112.34437885568022,38.50482376249554],[112.34433545372588,38.50479696938435],[112.34422062643544,38.504726082551876],[112.34414373601543,38.50472303322698],[112.34364136255792,38.50470310638419],[112.34279871957278,38.50465441255442],[112.33951194715867,38.504464422633006],[112.33781731295466,38.5046744692099],[112.33736386349565,38.50639567872066],[112.33568326797663,38.507368214775155],[112.33325897934112,38.50749118359228],[112.33076426975519,38.51037961660821],[112.3286070156474,38.511834143011924],[112.32681186254263,38.51318919152669],[112.32612421771928,38.51538968567544],[112.323978946425,38.51751133580306],[112.32132036498123,38.51811338435486],[112.32025111779856,38.519364801896344],[112.31942622516861,38.52070879008839],[112.31949267855609,38.520962979739295],[112.31961886221586,38.52144563769376],[112.31944279356078,38.5219850309458],[112.31937305613894,38.52231948841194],[112.3199480973859,38.52270493826465],[112.32052640602357,38.52317641390946],[112.3209877107392,38.52351679719636],[112.32117340935652,38.52371728785665],[112.32083009975163,38.52448384076562],[112.32085362824714,38.525770594392014],[112.32086537001643,38.52641264808751],[112.32087776932993,38.527090708045414],[112.32088280010146,38.527365798854945],[112.32181127958827,38.52767124539634],[112.32248037845078,38.52775902293049],[112.32316248502534,38.527894316024664],[112.32355251094201,38.527985241094505],[112.3241169541691,38.52832206284177],[112.32426710366393,38.52856823415139],[112.32469633372756,38.52881124689273],[112.32529579041497,38.529071398264485],[112.32589315318094,38.5292171685747],[112.32635826824755,38.529431169431895],[112.32700241951015,38.52948106849107],[112.32754844951086,38.52947487720615],[112.3280884789726,38.529802422356404],[112.32838320219646,38.52998974680807],[112.32889704185334,38.53021271768963],[112.32952212782044,38.530507187238285],[112.32975738955065,38.53146205628557],[112.33008482943762,38.53279100350567],[112.32998630526134,38.534031472764475],[112.32964332331409,38.53517938403215],[112.32747655773356,38.53615732460023],[112.32605885647341,38.538270755120415],[112.32549757989244,38.54075581004116],[112.32625199907271,38.54217728019324],[112.3285718935447,38.54291364426779],[112.32994024383045,38.54470945738243],[112.32972911883857,38.54642787477392],[112.32818816405018,38.54844739428139],[112.32724874195401,38.550174070729],[112.32690039059676,38.55103602995714],[112.32873857974475,38.55196851659998],[112.33181171523273,38.55403093722674],[112.33197708250786,38.55641241028285],[112.33228321196209,38.55984095543683],[112.332816319674,38.56240890637857],[112.33539913492736,38.56419080716457],[112.34015843331123,38.56547107327652],[112.34165246083484,38.56745596665302],[112.34206455711083,38.57002525596588],[112.34465320607814,38.57209288216574],[112.34721351048717,38.5726354346435],[112.35109152682698,38.572209385401884],[112.3536357782272,38.5718939784068],[112.35477144194674,38.57416884410875],[112.35809269120851,38.57641835032639],[112.36030876930853,38.57801327881491],[112.36298360685949,38.57817281718515],[112.36833150114958,38.578396398454124],[112.3714974845837,38.578835997510495],[112.37284763049995,38.57958283196957],[112.37323912907104,38.58100823908808],[112.37377205132302,38.583480651758286],[112.37453515455842,38.5852830243518],[112.37609192467258,38.584120723399224],[112.3783808527878,38.58314044590622],[112.38247465281061,38.5812808118394],[112.3874255200492,38.579792207655544],[112.39058063488726,38.579659418433714]]]]},"properties":{"code":"SXPR-P31","name_short":"云中山","merged":true,"area_km2":489.712}}]}