{"type":"FeatureCollection","features":[{"type":"Feature","geometry":{"type":"MultiPolygon","coordinates":[[[[111.75591685799203,37.92949230842054],[111.7561379553379,37.929368951851956],[111.75689107743547,37.92941830493324],[111.75747441098723,37.92959067960205],[111.7584995224936,37.92947569014368],[111.75926738061054,37.92929460990712],[111.75967721464829,37.92911570593414],[111.75997436582794,37.928965534363975],[111.76069557691712,37.92845893706582],[111.76225581196493,37.927161746285016],[111.76336247817434,37.92666683277114],[111.76472651445532,37.92625152670647],[111.7659862325424,37.92567430284199],[111.76818615665232,37.92505028840642],[111.7691758534007,37.92482704935663],[111.77046915055432,37.92419536592061],[111.77159055208735,37.92348350359832],[111.77213244299145,37.922965112531635],[111.77255900717968,37.92286747475145],[111.77319561649176,37.92322910007313],[111.77438450522412,37.92386607076049],[111.7746438652242,37.92400502541117],[111.77484945078959,37.9242573540864],[111.77515129512538,37.924513876391735],[111.775533478959,37.92465138478156],[111.77586172941221,37.924832332252464],[111.77592245494678,37.924875336417],[111.7760124278524,37.92493905084276],[111.77628583895665,37.92507727401019],[111.7763820374957,37.9251735802238],[111.77653205775653,37.92521567597682],[111.77683153218443,37.92524601271351],[111.77699582898495,37.925352641158476],[111.7772140629879,37.9254158275228],[111.77751455809582,37.92554309751682],[111.77778650040393,37.92554130040947],[111.77796326283438,37.925540131953134],[111.7782213796389,37.92551688243259],[111.77834375401457,37.92551607307489],[111.77870656933095,37.92551962512565],[111.77885861904525,37.92558830864959],[111.77895058383854,37.925629851288356],[111.77891926184766,37.925932344417426],[111.77913795263845,37.92603860887968],[111.77950666791875,37.926186963939344],[111.77976152489173,37.92618388981777],[111.77993259666238,37.926300764039],[111.78087941779789,37.92687706392356],[111.78120595326102,37.92702392949761],[111.78185414800956,37.92685704450752],[111.78267394609824,37.92674320775602],[111.78323475371313,37.926400768313854],[111.78322426295273,37.92541180807168],[111.7827184084083,37.92508528208486],[111.78244532077407,37.92487256566044],[111.78224796622408,37.92470701828089],[111.78200522567899,37.92451793652735],[111.7815667735467,37.92431823419003],[111.78123300876048,37.924058243868224],[111.78095942615245,37.923797853198344],[111.780684333479,37.92339444894571],[111.78042953232278,37.92310649936313],[111.78031620389856,37.922729455205676],[111.78025161868008,37.92231273551687],[111.78024566384428,37.921936119828516],[111.78016609514268,37.92087987612958],[111.77967380420596,37.91960959214943],[111.77950931157326,37.91860810418199],[111.77927770569394,37.917728993649376],[111.77908072595636,37.917183450159264],[111.77867302799802,37.91696570102887],[111.77829399124373,37.91677403990934],[111.77817600884202,37.916514858241854],[111.77802521391526,37.91608972194462],[111.77790642095697,37.915772925065816],[111.777650682018,37.91548857071594],[111.77742254894345,37.91525409135934],[111.77705007890752,37.915027716167366],[111.77673266842349,37.91488678922728],[111.77649011590933,37.9147771331514],[111.77628440433108,37.91452820145809],[111.77582860602409,37.91410214109],[111.77543398550118,37.91377102313812],[111.77509985262259,37.91346930167669],[111.77488135602748,37.91343498469392],[111.77448930485379,37.91334817675603],[111.77404179411785,37.912993564591055],[111.77372433677019,37.912846671032],[111.7734908614165,37.912818409529955],[111.77324959943486,37.9127549951742],[111.7730390806544,37.91277370289487],[111.77269129089001,37.91260316825262],[111.77224648186204,37.91229884164821],[111.7719533267087,37.912169617565],[111.7715701980722,37.912038553754044],[111.77115941717557,37.91191997108106],[111.77085679387578,37.91187016407226],[111.7705195968045,37.91187046854475],[111.77027152890247,37.91191032755824],[111.77005489470673,37.91192627800031],[111.76962242846434,37.91191393622791],[111.76938981471326,37.91187407506173],[111.76921781037808,37.911825409896046],[111.76906187235679,37.911661556492284],[111.76894954673016,37.911456852974254],[111.76883353849264,37.91111523759625],[111.76866483771116,37.91086212606964],[111.76847517288095,37.910428643106876],[111.76835185984378,37.910143403299884],[111.76825391455114,37.909773309165],[111.7679096617205,37.909284128261675],[111.76779252823594,37.90912108566899],[111.76745913322601,37.90877621273387],[111.76725268129717,37.90859639748949],[111.76716800616153,37.908244318971576],[111.7668858376954,37.90803623369151],[111.76663621837304,37.907530153395435],[111.76610609853972,37.9070289257987],[111.76598953884167,37.906795568583355],[111.76573426509226,37.90667524729887],[111.76563461296101,37.90671906697293],[111.765407316141,37.9068190145514],[111.7646501155927,37.906855467854705],[111.76451372189213,37.90686085762629],[111.76403033624611,37.90665992737551],[111.76366008928667,37.906506024471526],[111.76244107683794,37.905865253248486],[111.76085740334175,37.90521331240631],[111.7594586026476,37.904776381881945],[111.75860281836698,37.90456986643534],[111.75813136898508,37.90445609476697],[111.75801689900635,37.90443068091194],[111.75725547418384,37.90426163176423],[111.75657363571523,37.90411024677125],[111.75544065050642,37.90394701791124],[111.75534885173705,37.90393379139849],[111.75524270763833,37.903918498249446],[111.75504704916463,37.90389030865355],[111.75325282954883,37.90390630519531],[111.75286323979402,37.90393357690902],[111.75265598278337,37.90394808388901],[111.75141143336587,37.904035192110555],[111.7513333136399,37.90404019544298],[111.75039691469188,37.90434347454019],[111.7497981690851,37.904446391242836],[111.74883856274352,37.90470476045642],[111.74774655724413,37.90480179386469],[111.74677921333762,37.904506120196935],[111.74601230684013,37.90400195453922],[111.74557145279307,37.903342560626385],[111.74552891706529,37.90305236628884],[111.74545469425559,37.90254597390271],[111.74554636623888,37.9017705900216],[111.74535099290374,37.90092945371878],[111.74529713190796,37.900844559993466],[111.744662129508,37.8998436818747],[111.74429669455684,37.899272626809314],[111.74379795154971,37.89849323775704],[111.74352178896882,37.897743777576835],[111.74333260986114,37.897230364157856],[111.74328771235942,37.89629817879966],[111.74315861024495,37.89554220835866],[111.74281129433808,37.895250139062476],[111.74233450348163,37.89484918306997],[111.74095888795262,37.8942136786473],[111.73965724443298,37.89365427199337],[111.73877472559322,37.89308321355784],[111.73816242116679,37.8924609031783],[111.73806156889411,37.89233074613734],[111.73802716225899,37.89228634163114],[111.737703908964,37.89186915914521],[111.73685955870162,37.89120324850785],[111.73565292173264,37.890472024979296],[111.73511263793121,37.890143304732],[111.73506768403436,37.89013075624472],[111.73502623121647,37.89009073280166],[111.73481012803578,37.88995924917763],[111.73420945022221,37.889643162441445],[111.73331943932823,37.88931085774852],[111.73225808194827,37.888966097459836],[111.7313270139897,37.88857547084046],[111.73088944214551,37.88824018091083],[111.73072635957256,37.888115216545806],[111.73042045805941,37.88764412307411],[111.73039738771972,37.887599872967],[111.73021913064792,37.88725796922594],[111.72993832558794,37.886953391436855],[111.72955370973627,37.88664044618211],[111.72914392094329,37.88622404965033],[111.72904279072226,37.88601698307796],[111.72888070954103,37.88568511605146],[111.72887369873354,37.885045493571475],[111.72887745484758,37.885014045008916],[111.72894261332357,37.88446846773957],[111.72883476666698,37.88405019983961],[111.72868966691547,37.88387305647511],[111.72852497011571,37.883695257603435],[111.72851773074649,37.88365721922426],[111.72812579011996,37.883117609909945],[111.72763701029513,37.88217915181112],[111.7274465623842,37.881739492266355],[111.72720303488428,37.881177286074085],[111.72704583571023,37.880467573001084],[111.72696589138094,37.880106634367685],[111.72697325452945,37.878975910983584],[111.7271982679255,37.87808935022919],[111.72764077070427,37.877431184801964],[111.72827152986696,37.87662995491676],[111.72902165963603,37.87547211223506],[111.72913532084317,37.87509725460916],[111.72939318746039,37.874246787861075],[111.72926022822261,37.8734412704428],[111.72916925965977,37.873271694920106],[111.72898677091794,37.873220368335915],[111.72864951523235,37.873460817208105],[111.72787143329185,37.87358049808131],[111.72712911260322,37.87358057871633],[111.72634241349222,37.87369129340815],[111.72602113973599,37.873968692358844],[111.72465218901482,37.87420596386081],[111.72423806177565,37.874294325849654],[111.72389624264312,37.874396544975795],[111.72346421009652,37.87449931662056],[111.72321162046052,37.87450086855232],[111.72296012039935,37.87437085300992],[111.72271636052413,37.874340109840226],[111.72264727256886,37.87435218027126],[111.72167636034105,37.874521813468455],[111.72003976077036,37.87482238285626],[111.71884768016616,37.874813897786666],[111.71824664208383,37.874669097220625],[111.71753028554139,37.874735863010315],[111.71691546406399,37.87459658486624],[111.71644470538756,37.874427822321714],[111.71608220199775,37.87425839857439],[111.71523283195134,37.873781713917325],[111.71490564172844,37.87355877376124],[111.71486852151862,37.87345173156057],[111.71468741139283,37.873381318798366],[111.71445279782887,37.873375592101766],[111.71428167636691,37.8734052350113],[111.71410160232129,37.873442083569664],[111.71393956990734,37.8734788215456],[111.71375689691132,37.87354213038103],[111.7135983606304,37.873645367871795],[111.71354526851383,37.87375295727492],[111.71352826121861,37.87386032795844],[111.71348467317922,37.874017918184364],[111.71344012057402,37.874075397328106],[111.71336753780363,37.87403293029503],[111.71331244657556,37.873933147188794],[111.71322980945584,37.873783473379476],[111.7131115025381,37.87367692243453],[111.71303843899564,37.87358439874521],[111.71294938843926,37.873427920994196],[111.71263944933351,37.87337227933232],[111.71243169256162,37.87334493215127],[111.71226015608168,37.87333166776821],[111.71208820779236,37.87327549785559],[111.71192569298495,37.8732621784166],[111.71177247489621,37.87327740712766],[111.71160149009528,37.87332134760869],[111.71142189623453,37.873408247636],[111.71128706332267,37.87345911989166],[111.71110678136293,37.873474511245426],[111.71081310430168,37.873581169388046],[111.71050932986023,37.87385486821061],[111.71030734408949,37.87420784497267],[111.70979066681268,37.87489235910821],[111.70963177904297,37.87538800940372],[111.70912411950954,37.87576054571472],[111.70895941488166,37.8758330491128],[111.70858398574818,37.87588298393965],[111.70821305648161,37.87580797725837],[111.70812385632556,37.875842868140964],[111.70743551801763,37.87606773553114],[111.70694017165145,37.87641757237035],[111.70662169656453,37.876766344738456],[111.70629839839748,37.877056584635014],[111.70580915600873,37.87730277117877],[111.70563848720883,37.877628876416836],[111.70521793993187,37.877679070962635],[111.70488669677009,37.8776333801667],[111.704505060114,37.877500635710405],[111.7035781285352,37.87759353336627],[111.70305187457338,37.87759667638628],[111.70236000099862,37.87757696931968],[111.70184878369032,37.87758001725049],[111.70147311449605,37.8776060940228],[111.70123209042735,37.877559855326325],[111.7012905387133,37.87738072721588],[111.7016653023764,37.87725930813956],[111.70229649242937,37.877253066016564],[111.70277726702561,37.87718116400809],[111.70288138493014,37.87706135639328],[111.70259459621053,37.87702818242814],[111.70229284294946,37.876838414224075],[111.70191683839396,37.87682873732698],[111.701405852251,37.87685562058656],[111.70095512136145,37.87689406040448],[111.70070351697673,37.87701339916181],[111.70044616584487,37.87713546265676],[111.7001612762888,37.87722058720775],[111.69964983574863,37.877199790958485],[111.69914633097711,37.87704716427861],[111.69840392631325,37.87714195323461],[111.69669265658348,37.87737507155948],[111.69507813794034,37.87732154528609],[111.69395194370996,37.87699483891763],[111.69327793379414,37.87663167479504],[111.69276131139294,37.87623379668144],[111.69183755378478,37.87567388577368],[111.69007015633036,37.87499052996122],[111.68818120796398,37.87460066468686],[111.68706419572769,37.87464322251163],[111.68654015992213,37.87474313075155],[111.68614928886176,37.87495487630686],[111.68554689994426,37.875339031439324],[111.68519239383244,37.87541481944424],[111.68506217980968,37.875470115184214],[111.68498320242676,37.87545954100426],[111.68472378298983,37.875514999748304],[111.68396730239158,37.875291906191386],[111.68343050285301,37.87470265401151],[111.68290637135563,37.8737146593844],[111.6822720724281,37.872718290461286],[111.68147457160582,37.87197062112868],[111.68041007609219,37.871231246570474],[111.68030272785013,37.87108677698395],[111.67976349585231,37.870361066089266],[111.6798786216732,37.86945208990317],[111.68014424486445,37.868584013267224],[111.67995032182648,37.867654909162574],[111.67975791776271,37.86731182011749],[111.67969615721947,37.86724657786387],[111.67947175980764,37.86680154311469],[111.67941523416849,37.86670074575867],[111.67901580545461,37.86605437014224],[111.67882462622795,37.865773247657984],[111.67846501655141,37.86524444393818],[111.67777194114805,37.86442144715297],[111.67769356067662,37.86422324313964],[111.67753283837277,37.86326071573503],[111.67743662800216,37.862707282693975],[111.67618665651446,37.862232741519556],[111.67527224592658,37.86233605613632],[111.67506371045178,37.86235961674745],[111.6740895872709,37.862148418343764],[111.67388072403195,37.8620960326071],[111.67296291763681,37.86186582792822],[111.67211229466201,37.861870685707714],[111.67134415117661,37.86216264022311],[111.67108288689028,37.86226193964172],[111.670444479055,37.862217402652085],[111.66992490965453,37.86198216262179],[111.6694987891364,37.861789230234706],[111.66791536456351,37.861388753312426],[111.6670019291502,37.86133691383546],[111.66617569342712,37.86138731753389],[111.66523445233415,37.861476471230816],[111.66431971950048,37.861306350641584],[111.66338924809635,37.86152498698749],[111.66205649032511,37.86190592000647],[111.66078135026716,37.861974589050945],[111.66064895495187,37.86196267293829],[111.65944634230672,37.86175586215073],[111.65870271441828,37.86153042743752],[111.65864220466302,37.86151205800217],[111.65824980580147,37.86139293143902],[111.65811077657486,37.86135072404764],[111.6574796491697,37.86107034698565],[111.65674885023823,37.860745683804595],[111.65589341922923,37.86036344592441],[111.65530283359197,37.860198471818705],[111.65435222884409,37.85983258355148],[111.65309480362029,37.859351815802384],[111.65274842500133,37.85882985814259],[111.65249143567482,37.85810869078522],[111.6519841526706,37.85742503830089],[111.65179727324049,37.85690219254068],[111.65153239786088,37.85650010086366],[111.6507188424518,37.85604104680076],[111.65001067028147,37.85582818105272],[111.64940159954286,37.855756163003235],[111.64921631188986,37.855827736229266],[111.64905972542103,37.85591472095757],[111.64884959723057,37.855951635435225],[111.64869192232185,37.85597038148173],[111.64840658270921,37.856001749792],[111.64812839498032,37.855991362850155],[111.64799243156635,37.85591463956147],[111.64778825457418,37.85577273830697],[111.64758481075233,37.85566415833084],[111.64749201370336,37.855654061912006],[111.64722245892946,37.855624732696285],[111.64617161439438,37.855569687186936],[111.64565361744498,37.85557183041078],[111.6447707752281,37.85587505211843],[111.64385914733062,37.85584391016389],[111.6431514636225,37.855685195395914],[111.64282359173467,37.85570993806347],[111.6417868090017,37.85629414316492],[111.64107713043265,37.85733859901439],[111.64079062888162,37.857961811559356],[111.6405431113803,37.85833029203204],[111.64008418152807,37.8589724585119],[111.63981559689469,37.85934891261527],[111.63927006374911,37.85949740406836],[111.63898619933815,37.85970156293799],[111.638356792892,37.859931431974445],[111.63807158741574,37.85998065275495],[111.63768064181316,37.85997085217128],[111.63742256446054,37.859798989454596],[111.63695744464503,37.85978406614411],[111.63649164478669,37.859810422909476],[111.63611445274171,37.860097352915545],[111.63559369276193,37.86028010301442],[111.63530838170172,37.86031739828122],[111.6350834061247,37.860378205336566],[111.63492070630824,37.86068896911131],[111.6348323503097,37.860903982968814],[111.63462230272472,37.86095279016153],[111.63433494668901,37.86075171965716],[111.63391280865052,37.86061096844227],[111.63349036730506,37.860434461842175],[111.63325598628742,37.86029085371864],[111.63319340723005,37.86025251032543],[111.63294683407351,37.86024906829167],[111.63271895078088,37.86032180586597],[111.63235914770115,37.86043815779396],[111.63208233760055,37.8605931890304],[111.63187693491928,37.86064297454466],[111.6315308827166,37.86067413050119],[111.63105227349489,37.86071721802808],[111.63023500399574,37.860575189420864],[111.62995564338507,37.86041353543684],[111.6296490156097,37.860555593838875],[111.62912288546222,37.86079934204919],[111.62891775885238,37.86094517256385],[111.628239582894,37.86142729431662],[111.62742565202437,37.862176807645476],[111.62688305979107,37.86268099539769],[111.62634466843878,37.86308033425442],[111.62609465253787,37.86338201568124],[111.6259533581947,37.86374032812198],[111.62584729668784,37.863998335581165],[111.62563456579245,37.86444284244991],[111.62544059656025,37.86497306348527],[111.62525492133027,37.86541742498866],[111.62497125505848,37.86598304449359],[111.62492803578638,37.866400180549554],[111.62528193799174,37.86683560812216],[111.62529838160538,37.867002382353405],[111.62539070097057,37.8672521847989],[111.62543680938143,37.867371126567214],[111.62549845655882,37.86754958000831],[111.62550077384458,37.867823697430225],[111.62550268815447,37.86805014303068],[111.62553507327414,37.868324100683346],[111.62553940600343,37.8688365824876],[111.62555625376793,37.86905102931858],[111.625693678913,37.86930059176344],[111.6256956947031,37.86953895524733],[111.62569750893068,37.86975348192403],[111.625699121597,37.869944172697075],[111.62580557196341,37.87008663142679],[111.6259429999181,37.87033619351247],[111.62594552075541,37.870634147573845],[111.62594743661234,37.870860592145775],[111.62609919494356,37.871026646650655],[111.6262809231521,37.87118062395368],[111.62634277746083,37.871382912678754],[111.62642891901908,37.87155328892643],[111.62644617490251,37.87181540816789],[111.62644879768273,37.872125280073355],[111.62643557956125,37.872339886622534],[111.62643739612467,37.87255441406746],[111.62643951546667,37.8728046953258],[111.62642629608806,37.87301930185661],[111.62642902095517,37.873341091633044],[111.62644667991965,37.873650884354184],[111.62644839566813,37.87385349291162],[111.62646504554804,37.874044102620545],[111.62654143323726,37.87418672052494],[111.62663356417859,37.87441268570227],[111.62678228379033,37.87457398852127],[111.62698220608952,37.87474455307167],[111.62706656113177,37.87482219236962],[111.62716746105305,37.87491196195378],[111.62718978339772,37.874940490075936],[111.6272040419431,37.874965028567324],[111.62732816728663,37.87511457295477],[111.62744732470664,37.87533562568365],[111.627529669571,37.875471059531776],[111.62760402426616,37.87572810720018],[111.62762060054261,37.87579818095738],[111.62764156097947,37.87587699203142],[111.62765930870998,37.875948083899075],[111.62766632134375,37.875991458970226],[111.62774291565678,37.876085318127394],[111.62778424553801,37.876135751918426],[111.62782951346271,37.87618105549073],[111.62787090160941,37.876233519646995],[111.62816597447913,37.8765918889523],[111.62818667145747,37.8766121459543],[111.62838770652404,37.876858339182185],[111.62964557251703,37.87804389303412],[111.62977789283661,37.8781473684498],[111.63050854306216,37.87871873405563],[111.63057254570946,37.878768783230484],[111.6306490027349,37.878828570524],[111.6310049963735,37.87910694998742],[111.63253457577012,37.8800742399473],[111.63296745593527,37.880465559378344],[111.63308583560746,37.88057257275001],[111.63345046977967,37.88123448980929],[111.63462477089953,37.88262366679547],[111.63555817445817,37.88382445255728],[111.63583563273787,37.88428360518482],[111.63611988559519,37.88436287785279],[111.63621327204112,37.88429741138135],[111.63648850600518,37.884098229041555],[111.63653461006834,37.88406304966663],[111.63684089614584,37.88389881067496],[111.63755847959666,37.883854281827475],[111.6382244282209,37.88376938204408],[111.63892187170688,37.883372691799195],[111.63954765489595,37.88259702706097],[111.64008714601128,37.88196679289336],[111.64025842083814,37.88176670291505],[111.6408691949196,37.88123498732425],[111.64097362620792,37.88111901456513],[111.64113676523705,37.88093784395684],[111.64142335353698,37.8808434686229],[111.64174566268811,37.88055566379617],[111.64194875392249,37.880392463212935],[111.64216379025018,37.880219661637064],[111.64233079224,37.880056656344806],[111.64254615804028,37.87992199240339],[111.64285792186001,37.879805870875224],[111.64319366029407,37.879680082956256],[111.64368536103582,37.879505767614894],[111.64409368593361,37.87942725494754],[111.6443582432766,37.8794162717329],[111.6446940604521,37.87930001459469],[111.64498234189142,37.87925076082546],[111.64525884387564,37.879230175564764],[111.64549884268429,37.8791621159959],[111.64571503244606,37.879122790279695],[111.64591861052786,37.87901678948227],[111.6460862666577,37.8789300555468],[111.64625547912114,37.878783167386075],[111.64665104094613,37.8787024716981],[111.64695216540214,37.8786410412241],[111.6483417118409,37.878561138418924],[111.64914046539867,37.87868319097615],[111.6500549167261,37.87900331013404],[111.65096826410051,37.87919697591213],[111.6520633008771,37.879317369897315],[111.65381893110607,37.87939795571579],[111.65486807303644,37.8794824492277],[111.65539416608921,37.879696296933155],[111.6564035042184,37.8804313288486],[111.65715976194316,37.88089679314443],[111.65816640100019,37.8813247219307],[111.65871337754153,37.8813216626267],[111.6592134826245,37.88117434641009],[111.66021820196731,37.881385492171574],[111.66197874148064,37.8820078719722],[111.6626425884032,37.88232930174598],[111.6632873766191,37.88306632446099],[111.66434436967431,37.8840177922053],[111.66533090233128,37.88473481059791],[111.66572209850983,37.88514808451356],[111.66577239839039,37.885671677581044],[111.66553339476252,37.88697368725377],[111.66538490095634,37.8882029245017],[111.66543617518171,37.888834899401274],[111.66564423984201,37.88915888722082],[111.666170268728,37.889354623634375],[111.6664240869837,37.88969641566549],[111.66650109467912,37.89065340739607],[111.66673798922426,37.891645623440894],[111.66676485702916,37.892097088124466],[111.6664732571565,37.892622614594266],[111.66631929177287,37.892916392364576],[111.66591300551356,37.89369160001542],[111.66548999341748,37.89481400319008],[111.6651518102752,37.895231401330776],[111.6647445888787,37.89557693016189],[111.6645662878526,37.896029553581315],[111.66468741135422,37.896823714581515],[111.66508175840481,37.89758020184851],[111.66522438416024,37.898229724172936],[111.66532093404751,37.89882531215315],[111.66573321552069,37.89903975829258],[111.66669407079483,37.899413677054454],[111.66715586293215,37.90006138852825],[111.66722813649547,37.90050288755636],[111.66730063234104,37.90094573483641],[111.66737293798172,37.90137887649972],[111.66765237270981,37.90202761957438],[111.66818356323255,37.902783319254134],[111.66854951736511,37.903164226181474],[111.66873592730647,37.90335825170402],[111.66877108464963,37.903429055071214],[111.66879862552688,37.90347238823146],[111.66893676028815,37.903722976868444],[111.66902435451583,37.90388886978692],[111.66904958880806,37.90394314246212],[111.66917643830705,37.904168655418296],[111.66980015974032,37.90506834108939],[111.67069157485291,37.90531616906176],[111.67158343550228,37.90558421355558],[111.67164128290898,37.90559006023193],[111.67203592699818,37.905669001034084],[111.67295350833288,37.90584519802896],[111.67427761178703,37.90603633132593],[111.67455794598953,37.90599765808607],[111.6746874851808,37.905979788038586],[111.67498138661668,37.90570713426534],[111.67540827313557,37.905018229174566],[111.675803382248,37.90470060105603],[111.67601935652623,37.90452697709772],[111.67626412195244,37.90443909266684],[111.6763492099702,37.90440854155977],[111.67663290945676,37.90430667634618],[111.67722399348557,37.904122629825004],[111.67813589332644,37.90411737936768],[111.67893414225885,37.90414890651667],[111.67959743114082,37.90437991997843],[111.68128878579233,37.90483982289665],[111.68293373199374,37.90520964812549],[111.68407680242379,37.90554623749867],[111.68470235952567,37.90585421480416],[111.6848662257905,37.90596758285994],[111.68505681469331,37.90608831249048],[111.685141104256,37.906146341628926],[111.68532422265275,37.90653140601263],[111.68539041436895,37.9067545696071],[111.68562172070614,37.906804029323524],[111.68584405906935,37.90681561808783],[111.68614778883932,37.906831448321206],[111.68666075421677,37.90682845671674],[111.6870969623447,37.90684623412846],[111.6876241682256,37.90699557504198],[111.68820342873013,37.90722590171904],[111.6887049905916,37.90737538770744],[111.68952649686318,37.90745186934239],[111.69065104452633,37.907603881339895],[111.691633218848,37.907718145199034],[111.69203362899476,37.90772150700769],[111.6924340368828,37.90772486746708],[111.69323545648004,37.90768140990007],[111.69351012097053,37.90764507635323],[111.69354311122156,37.90764277198494],[111.69358840592916,37.90763599136422],[111.69361843862285,37.90762908534945],[111.69379908660221,37.907610348003516],[111.69417233496416,37.90729653171729],[111.69483473202591,37.906818428018646],[111.69527827853177,37.906707421684395],[111.69594270477192,37.90644607371088],[111.69651971734835,37.9059820144278],[111.6967003461447,37.90582391369351],[111.69709633922508,37.90547730747599],[111.69726425482342,37.905151150975634],[111.69739886707758,37.9049200286023],[111.6975704902,37.90498675410187],[111.69793377849864,37.905431700099385],[111.69838243376998,37.9058625884653],[111.6985383695601,37.90607843971817],[111.69868112256081,37.90622051729689],[111.69925168983876,37.90610986266807],[111.69957774899943,37.9059337812222],[111.69999033402159,37.905920780089176],[111.70064071892402,37.90598465272887],[111.70099439682404,37.906083163238634],[111.70106933961361,37.90610403640312],[111.70120811773658,37.906205491045135],[111.70144229187179,37.906154037446335],[111.70169417596509,37.9060667218013],[111.7018018647945,37.906001720190524],[111.70202441296526,37.90584092345675],[111.70266066610452,37.90621648460201],[111.7032625944828,37.906578696517755],[111.70402152003452,37.90726513155244],[111.7048669865928,37.90805942839344],[111.70610743585739,37.90902748198251],[111.7069875331646,37.90986220070447],[111.70794977327682,37.91034416182353],[111.70886033588667,37.910785778266195],[111.70926849465941,37.91091399854713],[111.70949091874822,37.91102983955488],[111.70948880370746,37.91098780968938],[111.70956363204597,37.911011864663614],[111.70978670815092,37.91109181098591],[111.70994021346388,37.91105023893284],[111.71015743077736,37.91052054070285],[111.71038848845117,37.90965204628376],[111.71040810947538,37.90942441514505],[111.71041395071632,37.90939330333621],[111.71048079203516,37.9085811616338],[111.71049111727292,37.907876582037375],[111.70982860471857,37.90655283085134],[111.70960284174944,37.90623833179733],[111.70948194878052,37.90606717728869],[111.70942317824982,37.90575803614835],[111.709391903464,37.90559352440972],[111.70930871173692,37.904968786105556],[111.70926455994869,37.904635524493344],[111.70926517548867,37.90460855783956],[111.70922605582503,37.90434806708226],[111.70916792792812,37.903699720065056],[111.70916021229527,37.903648085766115],[111.7091557896822,37.903588770140395],[111.7091568265698,37.90353864531252],[111.709149472799,37.90349497663143],[111.70902224845273,37.902709931800715],[111.70875772642846,37.901871522771735],[111.7087020055012,37.9016591655253],[111.70863349717897,37.90139807477892],[111.7085658906143,37.901238216685364],[111.70856904092264,37.90118814488637],[111.70856792362052,37.901129601228895],[111.70856029481862,37.90108789726796],[111.7085563658685,37.90102141894813],[111.70855126282484,37.900935059717845],[111.70866314524227,37.90087719706384],[111.7088688531279,37.90068287694984],[111.70918182125699,37.90038064310705],[111.70952131069693,37.90002103964758],[111.70959254277092,37.89992049464134],[111.7098790511308,37.89968277892118],[111.71055868451407,37.898898067356704],[111.71109911718764,37.89830371476582],[111.7112145637784,37.898176748603014],[111.71155144624545,37.89797958598806],[111.71201418171813,37.897613271435745],[111.71223748301404,37.8973735484217],[111.71228229269222,37.897199531502714],[111.71237065908768,37.89713419117799],[111.71269709797329,37.89689281507976],[111.71297672183105,37.89682677738001],[111.71317189378117,37.89678983898173],[111.7133587389724,37.89666952118483],[111.71352273746706,37.89651954519362],[111.71371675639291,37.89636342730818],[111.71389602298142,37.89623719497089],[111.71421741628596,37.8960326292499],[111.71450861305436,37.895816327576455],[111.71471055152867,37.89570187475062],[111.71486742840335,37.895593654897],[111.7150469217283,37.8954912561854],[111.71533145883397,37.89536438302149],[111.7155336832058,37.89527972344393],[111.71573677261713,37.895284448350075],[111.71588022280721,37.89534316878899],[111.71601713553059,37.89550323728296],[111.71620043772859,37.8957941273104],[111.71637254176713,37.895931351733],[111.71645663685165,37.89607133691384],[111.71660322894365,37.89640548343812],[111.71686850267315,37.896618402499286],[111.7170432502111,37.89680207696535],[111.71720151364114,37.896836868774116],[111.71748021044945,37.89688284470161],[111.7177212506096,37.89692308994988],[111.7179035172019,37.89696677075392],[111.71797692261326,37.89703548995058],[111.71828107271588,37.89732022393512],[111.71850169832555,37.89757244348996],[111.71857125332971,37.89765195729893],[111.71892974841217,37.89823629458119],[111.71912665919449,37.89837811484868],[111.71953511594748,37.8985578609512],[111.71978933893196,37.89874382022548],[111.71998262933232,37.899010527007846],[111.72013442346393,37.89915262151966],[111.72030096881994,37.89926482828922],[111.72048208986818,37.89932927213127],[111.7205949489186,37.89933454088391],[111.72079775907696,37.89930946234909],[111.72094757899482,37.89924895114497],[111.72116571939415,37.89925357444462],[111.72148272601413,37.89937081810081],[111.72182281787951,37.89954155242481],[111.72201180958992,37.8996417007308],[111.72237434797752,37.89980037738523],[111.72264612111846,37.89990597711604],[111.7230482996257,37.900040067949945],[111.72324722210719,37.90010639010492],[111.72379887806137,37.90037712681825],[111.72433101728075,37.90054832859626],[111.72441397399326,37.90063099072963],[111.7249526288165,37.9011677285632],[111.72535078634036,37.90166657010198],[111.72612389906682,37.902041159025345],[111.72621472303119,37.90212035680675],[111.72639998913787,37.90229687718757],[111.72611358973123,37.90273219275264],[111.72591280821558,37.903180530419995],[111.72585120536496,37.90387187944363],[111.72600841333525,37.90420962209087],[111.72660671106692,37.904192381919664],[111.72681269375778,37.90420814933322],[111.72704794434517,37.90422548249171],[111.72729948922405,37.904245410063815],[111.7277532101097,37.90428013807797],[111.72890684847545,37.90454005266763],[111.72995296182839,37.90486904904461],[111.73010206574621,37.90491591654064],[111.73053639657785,37.90501495856432],[111.73077923222384,37.90507033191928],[111.73102751217661,37.905126946667394],[111.73224081403207,37.90505166209761],[111.733214602923,37.904964309229335],[111.73439754290624,37.905123425969244],[111.73484122012371,37.905184490007784],[111.73595557138064,37.90547559314309],[111.73677926142828,37.90576850466631],[111.73704475825026,37.90606661630711],[111.73722299581095,37.9062667469256],[111.73736722914701,37.90642869556814],[111.73802536308571,37.90726457343364],[111.73833342512505,37.90760063327611],[111.73845756651862,37.90773605629991],[111.73880035542456,37.90781519639848],[111.73922823402127,37.90785315585037],[111.73931521964852,37.90800164139493],[111.73930570935477,37.90876041241615],[111.73927517223123,37.90912641128073],[111.73969246950608,37.90981475813101],[111.74017993538001,37.910678792874],[111.74080814911218,37.91193484171385],[111.74124216632202,37.912582433077105],[111.74214020850911,37.91345741968697],[111.74312309014817,37.914264122181656],[111.74346952771207,37.91470225707878],[111.74381596940324,37.915140389979754],[111.7440942157575,37.91559927784614],[111.7442210175954,37.916302992904164],[111.7442985682093,37.91721024503353],[111.74461498899656,37.91806179258272],[111.74527795717646,37.91935823976939],[111.74616778620528,37.92110034377064],[111.74673913375769,37.921787686827116],[111.74800020679952,37.92302613026076],[111.74891596930327,37.923941594333456],[111.7495410093531,37.92485890495438],[111.75016606506044,37.92577621104856],[111.75036122028183,37.926465933251265],[111.75027924617596,37.92699397440143],[111.75023279249864,37.92729320357269],[111.75023579745806,37.92758892363059],[111.75023884971608,37.9278892939289],[111.75007152989606,37.92825616442075],[111.74981800450034,37.92855584371471],[111.74989027248274,37.92893473867144],[111.75012376931905,37.93003066713764],[111.75012224239562,37.93007371567785],[111.75010558668329,37.930543393662056],[111.75010052422508,37.93068614715],[111.75009144614766,37.930942144079864],[111.75008868956303,37.93101988951525],[111.75008388253625,37.93115543489592],[111.75007879721304,37.931231576217705],[111.75000964681757,37.932266873326796],[111.75015102460468,37.93271306758355],[111.75071417308173,37.933824049208035],[111.75084926226602,37.93409054715496],[111.75111314019871,37.93480692456468],[111.75140461409761,37.934872805618646],[111.7515566269545,37.93468215861056],[111.75179016369152,37.934098087443715],[111.75207653152977,37.933662710191605],[111.75239986404473,37.93349806304454],[111.75309936125122,37.93331746094482],[111.75335454838404,37.93318034338945],[111.75339581324137,37.933121563499995],[111.75364117668063,37.93277205763643],[111.75379193666562,37.93245947883662],[111.75403032026709,37.93225520291918],[111.75431760583594,37.93200901483284],[111.7548801107906,37.93181573223759],[111.75515774065309,37.93172855618221],[111.7554086799949,37.931649760011055],[111.75564030182163,37.93149310276409],[111.75583337423348,37.931362517574065],[111.75599886616858,37.93081952000541],[111.75582061448611,37.93011615220527],[111.75578196924575,37.92968285205391],[111.75591685799203,37.92949230842054]]],[[[111.55394691494199,37.99850577674435],[111.55474381524785,37.998181940912154],[111.55539769489278,37.99804929893473],[111.55664818030228,37.99785286398397],[111.55748508155715,37.99772696577701],[111.55835185453205,37.99773047381428],[111.55885348953625,37.99784240611217],[111.5592708266934,37.99826719489935],[111.55986998611456,37.99853869830826],[111.56080446998791,37.9985799720522],[111.56176813377769,37.998659204260484],[111.56210429949589,37.99856202310018],[111.5622774343252,37.998511971941326],[111.5626472880481,37.99833613648362],[111.5628602565283,37.99819058655416],[111.56308063791936,37.99805723612927],[111.56336873879617,37.99791641031705],[111.56350831137567,37.99785138177385],[111.56364818472014,37.99782568305193],[111.56377907575066,37.997807177819034],[111.56387404019681,37.99781744978441],[111.56399638820548,37.99786334513263],[111.56409655588253,37.99796297936003],[111.56413782252433,37.99804144336855],[111.56421107254376,37.998166235945796],[111.56432558984281,37.998369492408045],[111.56445752416718,37.998486852618505],[111.56463464073862,37.99860399486011],[111.56483465104986,37.998760358298874],[111.56504328666381,37.99886304734356],[111.56525651458384,37.99897524836717],[111.56539721293055,37.999056808808696],[111.56556507558008,37.99914539084374],[111.56581914502486,37.99928003901656],[111.56604136553092,37.999386236658886],[111.5662358726574,37.999413904487774],[111.56646184379237,37.99941996686656],[111.5667828644313,37.999447025247136],[111.56704043592254,37.999449359368406],[111.56720761294054,37.99944855318832],[111.56739286424957,37.99944765957075],[111.56752841351064,37.99944700552165],[111.56761423430684,37.99944301559378],[111.56775873686851,37.99943159172707],[111.5678895756557,37.999405931578224],[111.56802942276377,37.99937665112651],[111.56818734289774,37.999347284093844],[111.56831374445098,37.99933237125019],[111.56849874701858,37.99929929717625],[111.56879342210938,37.99925035428949],[111.56899536434534,37.99921127396436],[111.56912026547894,37.99917256433955],[111.56917722238786,37.99906559558908],[111.56925220251941,37.998798498554606],[111.56925841840187,37.99835645696192],[111.56938131356002,37.99805864438593],[111.56957191290583,37.9977986108635],[111.5697720230209,37.997523287398835],[111.56986655546869,37.99729420045799],[111.56984422930199,37.99689802047694],[111.56966770710585,37.99648734661446],[111.56961747334532,37.99632893355866],[111.56958447634689,37.9962248768424],[111.56955912506282,37.99614492952418],[111.56950838297955,37.99580985401538],[111.56959245811389,37.995474125603],[111.56974482594923,37.995252380346265],[111.56998392036601,37.99503783638039],[111.57040568336426,37.994784300833444],[111.57070202078354,37.99450088896204],[111.5709792148631,37.99423280923082],[111.57124595108193,37.99385808914814],[111.57128936715581,37.993797477917354],[111.5714650680582,37.99355218683947],[111.57153876055386,37.99350441515316],[111.57192492117052,37.993245115489714],[111.57227985209028,37.99306810786164],[111.57235588213629,37.992938181144176],[111.57223849253691,37.992702504218116],[111.57216907231393,37.99262478989028],[111.57213707323281,37.99251431983407],[111.57212823797902,37.99248381893506],[111.57202868460497,37.99226977077844],[111.57194470003233,37.99212119863818],[111.57185351057534,37.99201437495017],[111.57164891192167,37.991848511128026],[111.57155772324035,37.991741688100504],[111.57144371436401,37.991605179757585],[111.57132956611034,37.99145079322237],[111.57125339129014,37.99133793833033],[111.57108330040273,37.991184727774915],[111.57104154366304,37.991092681730294],[111.57093724366602,37.9909207709344],[111.57095127334686,37.99089364099483],[111.57095243189322,37.99085130024131],[111.57094476385534,37.990815764641184],[111.57092598942246,37.99078281904414],[111.57089587407056,37.99076230082745],[111.570835411213,37.990752998601586],[111.57078793354938,37.99067475979607],[111.57045776921109,37.99031817837563],[111.56986780517778,37.99001543277703],[111.5697810145351,37.98997089465051],[111.56962013733582,37.989769151566506],[111.56951522276329,37.98971452782518],[111.56934139916797,37.98963193967826],[111.5691829109601,37.98958503278035],[111.56907717516695,37.98954383002382],[111.56897869327057,37.9894668354566],[111.56885771497927,37.989401869690205],[111.56878186813671,37.989330725062864],[111.56873572591795,37.98920580406411],[111.56868985872788,37.98911663743938],[111.56861424231673,37.989075287722464],[111.56850788073073,37.98910080963142],[111.56840369363239,37.98911206116879],[111.56833409275386,37.98909967561717],[111.56823753933936,37.98904731217249],[111.56820823080005,37.989025830779745],[111.5681163785643,37.98895850906487],[111.5680637825434,37.9889220659198],[111.56801785251017,37.98887555520585],[111.56798485466129,37.988846240052744],[111.56796538559483,37.98883000488928],[111.56789646260125,37.98875695683406],[111.56779816670526,37.9887037978157],[111.56764725723043,37.98866281183281],[111.56744359534237,37.98861612058704],[111.56733024140657,37.98856303382247],[111.56725430513447,37.98847997034728],[111.56720095738638,37.988396798791065],[111.5671476086144,37.988313626313115],[111.56708718999657,37.988290081085104],[111.5669366027517,37.988290806149934],[111.5667861530465,37.98830940912647],[111.56666563693167,37.98830403114119],[111.56655237454358,37.98826286145724],[111.5664540344526,37.98820374283045],[111.56609641987417,37.98808734041473],[111.56607079589492,37.98807799506776],[111.56593974420393,37.98804496013195],[111.56578477733089,37.98801087790731],[111.56574434516394,37.98795191434788],[111.56566166128655,37.98784768542462],[111.5656169203726,37.987786154196634],[111.56545008543644,37.987632016058434],[111.56531364336045,37.98751348734018],[111.56496537651905,37.9872648723579],[111.56490441114396,37.98716981714132],[111.56470709720404,37.986968149382825],[111.56432771331727,37.986588578969084],[111.56396346553865,37.986218468265236],[111.563799412339,37.98603332630752],[111.56363481292848,37.9857766761259],[111.5634885043152,37.98554854141494],[111.56337811732178,37.985291631112176],[111.56326849530498,37.98513483188855],[111.56314014941705,37.98489230856511],[111.5629936244229,37.98463556998218],[111.56257945587174,37.984041987793944],[111.5625018896337,37.98376437318722],[111.56215937526957,37.98304202035358],[111.56158590812262,37.98233601111989],[111.56107126542324,37.98176689543132],[111.55960961453435,37.98074502837534],[111.55876828804041,37.980261286955866],[111.55810159917412,37.9799519907581],[111.55795608540114,37.979807883096996],[111.5580032349796,37.97972828458778],[111.55805115092159,37.979647393203436],[111.55863590553196,37.97930929514409],[111.5592307438813,37.979032114341464],[111.55963429776676,37.97892350149785],[111.56032824417906,37.97901927131319],[111.56126375512704,37.979228197214184],[111.56194013625374,37.979545049199345],[111.56263566454626,37.97984656297558],[111.56273431016727,37.979857236384],[111.56300390471718,37.9798293889098],[111.56319061262393,37.97982849508981],[111.56342550243353,37.97982737018938],[111.56366035577163,37.979821478216834],[111.56395543728664,37.97981529612235],[111.56413604897799,37.97980489557379],[111.56440108872468,37.97980839179805],[111.56451585179644,37.97985074747313],[111.5646850381505,37.979921446043605],[111.56482414775579,37.9799970564782],[111.5650174994411,37.980077173879906],[111.56517416625522,37.98008595656726],[111.56531324009505,37.98015679891245],[111.56549436455886,37.98021313770158],[111.56565128785282,37.9802552895623],[111.56577776818682,37.98025468125084],[111.56597064559591,37.98027282314928],[111.56618159155994,37.980290877759366],[111.56652970069989,37.98036228438872],[111.56666412920038,37.98035307087752],[111.56738481358306,37.980166695172215],[111.56802729294562,37.97982827210806],[111.56863302201135,37.97971865281737],[111.5692394544734,37.979700477768624],[111.56947961710114,37.9796307262894],[111.56963503783858,37.97950619157462],[111.56969970139824,37.97945437811209],[111.56971382509404,37.979358207481795],[111.56990871582583,37.97920843289563],[111.57000648745147,37.979000576854304],[111.57007715584338,37.978792852987766],[111.57011135700044,37.978542398525306],[111.57015531053356,37.978384861099215],[111.57022614391808,37.97819858907742],[111.57029769630857,37.97810527785356],[111.57048586122208,37.977904134603634],[111.57070101551162,37.977688557067395],[111.5709338485381,37.97742283629838],[111.57101399049239,37.97727227439183],[111.5710284691883,37.97658274015888],[111.57109077177302,37.97632304148637],[111.571182852367,37.97578150592758],[111.5711979726253,37.97524796579465],[111.57130050632483,37.974813072827644],[111.5714979499123,37.974202436995576],[111.5720796975209,37.97349085884253],[111.57262364172911,37.972870914449835],[111.57341769272321,37.97222688676389],[111.57419342746377,37.971704877587435],[111.57497931160513,37.97125140182692],[111.57608346055432,37.970872573467034],[111.576909442538,37.970624654700636],[111.57703297787798,37.97057765666182],[111.57737306782494,37.970444759492906],[111.57761971866735,37.97035443563473],[111.57830081246921,37.970046250319335],[111.57833830184074,37.96991650970331],[111.57805811886986,37.96978832965525],[111.5774785605391,37.96953968446722],[111.57718803587923,37.969320102207355],[111.5771691285791,37.96922839813122],[111.57710798271843,37.968931825969825],[111.57695888047063,37.96856290051137],[111.57680366395397,37.96817884318042],[111.57674428225882,37.96809031141457],[111.57647249690154,37.967685103803255],[111.57601548218827,37.96710052699654],[111.5759458960467,37.96681889220079],[111.5758945527523,37.96640761164381],[111.57590213370949,37.96617431102322],[111.57591783396703,37.96569112561935],[111.57599613438703,37.964623805392506],[111.5759604711047,37.96375518944191],[111.57583984563469,37.96310037671456],[111.5756327707327,37.962468849573284],[111.57533039597764,37.96195972277565],[111.57487443628784,37.96150469308496],[111.57411926392999,37.96094442659557],[111.57379807181265,37.96048873574743],[111.5735244759364,37.95996422186023],[111.5732218869578,37.959424607607914],[111.57280244471836,37.95871027759866],[111.57252095223167,37.958406808199754],[111.57235555206198,37.95817898440142],[111.57222794623524,37.95785952364596],[111.57218289396772,37.957465484497874],[111.5721815783277,37.95741191559049],[111.57215538342342,37.95722751462776],[111.57213121360388,37.956556805165704],[111.57196050131616,37.95564311777649],[111.57185799278088,37.954835791478935],[111.57175660894843,37.9541732580588],[111.57169892846773,37.95381604030058],[111.57166561793701,37.95360974605797],[111.57167170085928,37.953152458008056],[111.57174485535364,37.95265673754217],[111.57195067950784,37.951893639508235],[111.57211829910233,37.95116882877512],[111.57248837526112,37.950488761073636],[111.57281138846758,37.949946098102714],[111.5731340428822,37.94935771035107],[111.57337934756296,37.948723974842736],[111.57370086514196,37.94799079140075],[111.57405219550012,37.94737939744645],[111.57446031454992,37.946645791043316],[111.57465860573532,37.94615707819867],[111.57483705753488,37.9455922534309],[111.57509272959992,37.945057534694534],[111.57529190709555,37.94468313044492],[111.57552078512353,37.944415277333796],[111.57577787538918,37.944063452668146],[111.57644345709664,37.94303135948759],[111.57676486163236,37.94229054855717],[111.57699187750916,37.94178644791211],[111.57714952657575,37.94138239358661],[111.57756738918997,37.94127520497554],[111.57762166865139,37.94129389223083],[111.57834684300786,37.94154354642417],[111.57925497479438,37.94199634022639],[111.57960608486286,37.942210592214785],[111.57966526678501,37.94224670532677],[111.58004788222846,37.94248017790028],[111.5806671048278,37.942903899009984],[111.58083219461247,37.94309361037102],[111.5809575324077,37.943123475336215],[111.58121615280888,37.942969778400396],[111.58186721118017,37.942547405228105],[111.58265377658903,37.94215711881016],[111.58281231568394,37.94207845300373],[111.58304625160692,37.9419623735893],[111.58446662824645,37.941475203828034],[111.58538896359381,37.941287714312686],[111.58632872301607,37.940871502523635],[111.58646117531309,37.94054225183661],[111.58643282210878,37.9402794521969],[111.58644094164718,37.940164993093724],[111.58648552035463,37.940093258917756],[111.5866116471669,37.94005687509089],[111.58672880086496,37.94002768653158],[111.58690058500126,37.9400554342437],[111.58717328491397,37.94028291008393],[111.58757803282872,37.94065950234425],[111.58818766124266,37.941083232722654],[111.58850818832381,37.94145506055425],[111.58910698802853,37.94172641875314],[111.58984964948037,37.94193608706911],[111.59044717747977,37.94204740597289],[111.5913816296934,37.942172270774066],[111.59237278397698,37.94216728494962],[111.59298882931135,37.94218704374655],[111.59359401111898,37.942234580134276],[111.5958190420116,37.942490071263656],[111.59777532519763,37.94283071350356],[111.59806725583594,37.94289419127509],[111.59907676913205,37.94311369344094],[111.60007867191742,37.94324576563372],[111.60110839043644,37.94324813221823],[111.60263838156628,37.94323268397238],[111.6043905084134,37.943315148906734],[111.60594999187734,37.94337571810903],[111.60705682255306,37.94339287643187],[111.6082514532444,37.943554369061076],[111.60895556720662,37.94374887207135],[111.60905623492687,37.943787969220246],[111.60971855610879,37.944080244295165],[111.61020489776367,37.9441369192532],[111.61035430808644,37.944153160068],[111.61102890505961,37.94411571992798],[111.6110699495571,37.94411121926471],[111.61121038145544,37.94410298873713],[111.61203708125686,37.943991998354505],[111.61240659457971,37.94395593328632],[111.61313334786169,37.94389483960335],[111.61387870706855,37.943929715439495],[111.61401406610487,37.943936048068664],[111.61416689716705,37.943943198375585],[111.61429299445193,37.943949097934166],[111.61445227399773,37.94395654934714],[111.61546428076436,37.944141784987586],[111.61626528532587,37.94441194744558],[111.6165065634351,37.944494514540914],[111.6166122268259,37.944471097163095],[111.61664014176486,37.944356637876695],[111.61660453316433,37.94430803939311],[111.61632863857494,37.94393149453006],[111.61546564280232,37.943151049182084],[111.61467816937612,37.94243313157443],[111.61403533961051,37.941821011689996],[111.61351610194913,37.94131695133206],[111.61341523794613,37.94119731893968],[111.61301072132554,37.9407175272941],[111.61280376521981,37.9405266315307],[111.61250177723457,37.940248077220026],[111.61234574914128,37.94000549695795],[111.61201499409455,37.939778623136554],[111.61186271437091,37.93968501696763],[111.61157306706613,37.93960070868638],[111.6113804044067,37.93959694221329],[111.61116370306522,37.93959806798829],[111.61095313993702,37.93961346369516],[111.61074855595626,37.93962406028903],[111.61056195253384,37.93962502872572],[111.6103446202603,37.939549877550114],[111.60993383701124,37.93937561258999],[111.60977087903225,37.93932401608331],[111.6095475286248,37.93924889371232],[111.6093606888008,37.93922125705636],[111.60910751784057,37.93917966128927],[111.60901707651422,37.93913258305139],[111.60890651707588,37.938894655718904],[111.60874733815456,37.9385712945094],[111.60860428702503,37.9383177714473],[111.60847072118085,37.938180206944565],[111.6083244091405,37.93795689403327],[111.60806990767043,37.93775320998686],[111.60768286515774,37.937535907745534],[111.60746538497472,37.93744168204443],[111.60710891235064,37.93728142891111],[111.6069272355721,37.93714887764086],[111.60674390698163,37.93689764651642],[111.60653156801791,37.936696125515404],[111.60636456948613,37.93651820720206],[111.60615252628692,37.93635243995714],[111.605963790076,37.93627594045996],[111.60570728874416,37.93619383167584],[111.60554781776592,37.93601587342857],[111.60528222960801,37.93574311216582],[111.60510761530844,37.93555331373507],[111.60490935554844,37.93523253098815],[111.60481555338959,37.93480394393631],[111.60460913928347,37.934405732716634],[111.60448636662652,37.93411435855474],[111.60435538882886,37.93373959511564],[111.60412748070864,37.933472598104345],[111.60382991166622,37.932967585336726],[111.60360104015365,37.932766143684354],[111.60286779526355,37.93244017575013],[111.60271117495844,37.932113275556915],[111.60268850898832,37.931694235058615],[111.6027142011233,37.9313054333417],[111.60293325339008,37.93102995433719],[111.60363268503929,37.930668182152296],[111.60396176865866,37.93048815042036],[111.60429362270969,37.93030660169419],[111.60483922720925,37.92996085408552],[111.60528717504468,37.92944032267227],[111.60570581815682,37.928866592822345],[111.6060087522412,37.92826297358405],[111.60627288285367,37.92762144778698],[111.60653008351805,37.92730766159236],[111.60699962682827,37.927076609285685],[111.60704733563993,37.92705584004081],[111.60790959149462,37.926584168393184],[111.60847476969249,37.926284028455946],[111.60898548558077,37.925945516935066],[111.60906208700568,37.92589745868752],[111.60915824175,37.92583185990528],[111.60920373804547,37.92580267485698],[111.60923167525053,37.92578599278675],[111.60974665095355,37.925347682593525],[111.61005186509777,37.92502601801458],[111.61033448090178,37.92461561397303],[111.61037227921607,37.92458102498599],[111.61070020328327,37.924313902044375],[111.61117895859955,37.92403705862053],[111.61167479572747,37.92379210472163],[111.61174422793647,37.92375214529799],[111.61206825152148,37.92355432742389],[111.61212552508363,37.92352642957903],[111.61223246733077,37.92346000727726],[111.61256766380933,37.92327535913468],[111.61305558044045,37.92294511460268],[111.61313024846702,37.92273886071161],[111.61315906393921,37.922662598325545],[111.61316501291475,37.92222054830607],[111.61316170334214,37.92199166749418],[111.6131580441128,37.92173861477457],[111.61315472097387,37.92150877722806],[111.61315394059027,37.921454785027166],[111.61315572256015,37.921359016019004],[111.61314494060416,37.921019128316665],[111.61314157186844,37.920865838403465],[111.61314242409364,37.920658358143065],[111.61313025969343,37.92041425806326],[111.61311345015909,37.92016447388617],[111.61310228529902,37.92003444961493],[111.61311359215975,37.92000760068323],[111.61308334078896,37.91963281052907],[111.61307620264073,37.91959670604401],[111.61307053360764,37.91956454447911],[111.61306424883801,37.919499033725884],[111.61301901849208,37.91854035815664],[111.61299439521144,37.918296809371846],[111.61293279092955,37.917755608639425],[111.61291951798827,37.91764129937534],[111.61287529277399,37.917218762253476],[111.61286145044315,37.91714723477138],[111.61286134309363,37.91705644956765],[111.61285209879497,37.91702783914031],[111.6128318914995,37.91685708669038],[111.6127291856437,37.91607265683513],[111.61260920064369,37.91552456663064],[111.61247036051729,37.91502230196679],[111.61249631245236,37.91467159889042],[111.61251973424095,37.9140160703025],[111.6126301102345,37.91340581304089],[111.61269409312582,37.91300156598425],[111.61254708963637,37.91267462595341],[111.61233063516723,37.912371822626426],[111.61226485630942,37.9122798014765],[111.61206014456226,37.911953161885386],[111.61200984090337,37.91168668774292],[111.61189087873431,37.911260529268915],[111.61158809223191,37.910705766804696],[111.61118679091337,37.90986953825198],[111.61088401552495,37.909314774652074],[111.61035121968668,37.90886027684211],[111.60969420613473,37.90850549367757],[111.60917374354408,37.90837863027466],[111.6086145572028,37.90822148180988],[111.60824786574227,37.908078577083],[111.60788985460856,37.907821310831025],[111.60757956341779,37.90751807308091],[111.60729775122618,37.90716895897978],[111.60676580529565,37.90681351297285],[111.60627340213435,37.90658742017626],[111.60582015817302,37.9064449536102],[111.60568413059802,37.90627799126332],[111.60572054128868,37.90602630977612],[111.60578287157712,37.90541630521504],[111.60567432443867,37.90508153801139],[111.60541658317813,37.90471459022192],[111.60495131922451,37.904276868338094],[111.6046522034025,37.90386686690229],[111.60451327869283,37.90363895102764],[111.60432906472124,37.9031654860829],[111.60386223134378,37.90253343043354],[111.60352593960789,37.90198644076328],[111.60332679733084,37.90145017816939],[111.60309042820073,37.90077120994968],[111.60291181261172,37.90009766356823],[111.6024920991006,37.89904810725716],[111.60222693877047,37.898375001663126],[111.6020711394937,37.897844230307385],[111.60165819821385,37.89673747800706],[111.60144103090559,37.89575547250993],[111.60144647706251,37.89553824500217],[111.60132339972536,37.89548171500378],[111.60075309610872,37.895421753608694],[111.59925842890381,37.895223603761636],[111.59797311669466,37.89504723363929],[111.59732426787946,37.89508482206874],[111.59607875884195,37.89537120995991],[111.59505044576292,37.89575936990732],[111.59429110189903,37.89640909071487],[111.5935814210442,37.89696812408217],[111.59351699866401,37.897018870569724],[111.59306466653499,37.89742402443652],[111.59302285383673,37.897461476078334],[111.5928505706435,37.8975652287101],[111.59255457227783,37.897532424249206],[111.59212778207504,37.89738024481727],[111.59141818936811,37.89704086568253],[111.59045729859773,37.89684563563058],[111.58940356039743,37.8967651794168],[111.58827910532278,37.89686225651541],[111.5870531721945,37.89689695647866],[111.58683405489371,37.89693221789856],[111.58580691312959,37.89709750220852],[111.58471910107825,37.89726866835509],[111.58410669368764,37.89735744537105],[111.583535495477,37.897557851414305],[111.58349527744888,37.89757196210454],[111.58301937421362,37.89794316429871],[111.58253587922923,37.898479808127334],[111.58204021804747,37.898739470351494],[111.58119999392822,37.89921231657469],[111.58039420760684,37.89947922009763],[111.57981945618928,37.89977355696318],[111.57917265825381,37.900079677496116],[111.57866573920022,37.90011648006658],[111.57858150300966,37.900122595268],[111.57803469482597,37.90028311277107],[111.57765077228605,37.90038407139139],[111.57745231879993,37.900834688413084],[111.57725868457727,37.901902584700764],[111.57718174558404,37.90223098368312],[111.57694829807357,37.9032273926254],[111.57691382039253,37.903291369303346],[111.57628791838947,37.90445277220836],[111.57565212180607,37.905560934347605],[111.57548309336251,37.90582184668314],[111.57558844472503,37.906020227732675],[111.57570260557766,37.90619248989655],[111.57590701867306,37.90636431036794],[111.57619344627668,37.906597336572986],[111.5765750571954,37.90673768177831],[111.57713031927686,37.90682567797237],[111.57667639734144,37.907327910498296],[111.5764224461493,37.907555608361235],[111.57610897343598,37.907867027877955],[111.57600507154318,37.908046316531056],[111.5758567835784,37.908321170634835],[111.57575334368494,37.90856004986204],[111.57563495372918,37.90881092054297],[111.57551674865365,37.90908562705701],[111.5754432996598,37.90931244090075],[111.57536985021633,37.90953925379267],[111.57531181288971,37.90981366682096],[111.57529871936421,37.91006402236892],[111.57530085394167,37.91033814032944],[111.5753788525807,37.91069531822614],[111.57541265100159,37.91117189913683],[111.57547477273573,37.91142188688961],[111.57561276029801,37.91175493436809],[111.57585605187788,37.91208746556928],[111.57605328618466,37.912301036527424],[111.57623612824815,37.91259810748501],[111.57638879262349,37.91288340751193],[111.57654164535984,37.91319254324729],[111.57672439858351,37.91347769540074],[111.576861558069,37.913703476825795],[111.57713597269867,37.91416695801533],[111.57731863865526,37.91444019119152],[111.57759063592347,37.9145937987865],[111.57784787056035,37.91478323438873],[111.57807483295922,37.914948981276915],[111.57831683876834,37.915114652897515],[111.57852556917923,37.91520518235747],[111.57858856165342,37.91523250334676],[111.57857477421976,37.9153290626553],[111.57851366205149,37.91559395663263],[111.57847021008773,37.91580870533224],[111.57841745211533,37.915987744496306],[111.57832040133871,37.91627426884348],[111.57822301393473,37.91651788701496],[111.57807624965798,37.91666053435918],[111.57778090529857,37.91702779419261],[111.57721882727046,37.91773168557553],[111.57670268527481,37.91840779596674],[111.57616849585213,37.91929778504911],[111.57606370362815,37.9194718001669],[111.57598792244438,37.91959764098914],[111.5757464587819,37.919998605073225],[111.5754498475961,37.92054945764088],[111.57531651161992,37.920997210692384],[111.57513598034471,37.9219735844398],[111.57500559377134,37.92280067909939],[111.57499144506832,37.923180106476266],[111.57528462039711,37.92349028824361],[111.57611032158785,37.924095930724285],[111.57624090510589,37.92420134253441],[111.57719470225479,37.924971269660716],[111.57826338368106,37.92602280546054],[111.57895658893162,37.92665277388835],[111.57943482480829,37.92708737441023],[111.57947253875442,37.927132629776175],[111.58009083847942,37.92785640634491],[111.5802322479346,37.928438293193075],[111.58027103412235,37.929020685898614],[111.58003764124564,37.92979409932602],[111.57981932611281,37.93031001733161],[111.57958028848364,37.93036538937765],[111.57929083441071,37.93045931213008],[111.57848343753587,37.9305648962075],[111.57765093957788,37.93074172990717],[111.5772438242213,37.93082872673117],[111.5769980812083,37.93052115840944],[111.57662057266104,37.930189887690226],[111.57616395021608,37.930071742186946],[111.57568523689079,37.92994893976744],[111.57559877347829,37.92989013655632],[111.57548484409274,37.92983243790599],[111.57536400505792,37.92977343595002],[111.57523448438076,37.929783214493476],[111.57524145950337,37.92984428230662],[111.57531824595833,37.9300234422564],[111.57541872544613,37.93026415758714],[111.5755127934113,37.93039057449085],[111.57552514300527,37.930577234319735],[111.57556216068751,37.930798055634796],[111.57557220256119,37.93111630378964],[111.57544130413773,37.93148137329209],[111.57534368527315,37.931589252148555],[111.57525858866288,37.93168329090224],[111.57515000287721,37.93187437442882],[111.5750536349674,37.932059584450805],[111.57493450980108,37.932221067007774],[111.57491362310137,37.93223313068664],[111.57486343725323,37.932262118198466],[111.574653218746,37.93237067173182],[111.57449510682123,37.93234586009437],[111.57431896366204,37.93220977064792],[111.5741976581064,37.93209117606979],[111.57405242538195,37.931991768951875],[111.57378651973062,37.93185480930878],[111.57349661336977,37.93172750236387],[111.5733006264957,37.93168038561111],[111.5732183998016,37.93155564086323],[111.57315442417962,37.93145583586545],[111.57314423062346,37.93130571147723],[111.57317502405985,37.93120186907462],[111.57320545651477,37.93105154679336],[111.57323622314304,37.93094412961532],[111.5732849338094,37.93082232186029],[111.57334267417934,37.93070047098893],[111.57342326801641,37.93058287913169],[111.5734946598325,37.93047526390657],[111.57357959445667,37.93036758262591],[111.57361506792446,37.930285171106604],[111.57363694390725,37.93019567518725],[111.5736452224416,37.93009909397388],[111.57361829457321,37.929878170572934],[111.57358050334099,37.929665455319345],[111.5735688534765,37.92951945256652],[111.57355912939614,37.929432461194736],[111.5733493215235,37.92939274901694],[111.57316564005161,37.92937934157421],[111.57304528462629,37.92938231159156],[111.57293089273107,37.92937810087493],[111.57285266828654,37.929380865562656],[111.57273528537593,37.92937905307502],[111.57262098594431,37.929386760900734],[111.57247651849028,37.929385079948275],[111.57235005271609,37.929376159686726],[111.57216332498007,37.92935799777739],[111.5720741137026,37.92935615846414],[111.57193702699644,37.92925756314222],[111.57181001331298,37.929202389450666],[111.57172530850852,37.92914559200842],[111.5716224198739,37.92907219672382],[111.57144602963969,37.92902871599221],[111.57138354077992,37.92891936821925],[111.57129308018239,37.92870558894184],[111.57123145355351,37.92851606588904],[111.57112616611823,37.92832707093306],[111.57106628701672,37.92814868649836],[111.57095386150536,37.928018289134066],[111.5710453465308,37.927813587384435],[111.57112373527364,37.92756965777922],[111.5712421598715,37.927369982036296],[111.57132727038079,37.927220384821204],[111.57128723740024,37.92701016255621],[111.57117251447322,37.926732279921204],[111.57109531057621,37.92647769060992],[111.57100685464526,37.92620494804295],[111.57095312593069,37.92599210100064],[111.57072199454637,37.92567857062577],[111.57055156457271,37.925431489979694],[111.57038647359376,37.92531591716555],[111.56996176130296,37.925791719946716],[111.56927825068809,37.92659806416116],[111.56863371877817,37.92755166845574],[111.56830631373887,37.9282106944568],[111.56814018519961,37.92854508202562],[111.56781052379816,37.929402563382006],[111.56739575882884,37.93010278876068],[111.56722365991166,37.93027689869085],[111.56672912604783,37.930777198933185],[111.56660629620532,37.9308904074862],[111.56595256890772,37.93148817029194],[111.56575029275169,37.931713707672685],[111.56578792816738,37.931797432054594],[111.5654795118284,37.932015624051736],[111.56530335135184,37.93221203874779],[111.56500343518364,37.93256779115399],[111.56480383365681,37.93280455042931],[111.56427198636938,37.9331674754036],[111.56336949539906,37.93340604121103],[111.56291074782654,37.933508638871515],[111.56217573110528,37.93367301989909],[111.56113771706625,37.93394825225433],[111.56008496423627,37.93415597594397],[111.5588211595803,37.93428360819646],[111.55775302348212,37.93443282371254],[111.55713469298512,37.93455287282827],[111.55679226806718,37.93468062458126],[111.5564917556018,37.93499286847915],[111.55608626022268,37.93533714119428],[111.55563884787597,37.93549691731003],[111.55523117939293,37.935552896467854],[111.55488302499838,37.93558156571473],[111.55437595930363,37.93575062761162],[111.55342948896849,37.936295643903954],[111.55242381876891,37.937007602358364],[111.55217081924984,37.93722014236222],[111.55185223058788,37.93748777943081],[111.55161069964682,37.93770513665826],[111.55137955692383,37.93798100507612],[111.55102953238622,37.93852320647804],[111.5507408146063,37.9390876421847],[111.55044149287657,37.93966113693481],[111.54999197862145,37.94030740728886],[111.54946770079974,37.94094051110935],[111.54943758692866,37.94097821323653],[111.54930197606646,37.94114799479652],[111.54918343581755,37.94129640488417],[111.54881719806701,37.94175491947543],[111.54879776079613,37.94177925411472],[111.5486695488787,37.94193976951101],[111.54773838870852,37.94322343490001],[111.54725505671657,37.944014001348776],[111.54714499708372,37.94451453270764],[111.54693644100239,37.94534886781406],[111.54661917006908,37.946386417188194],[111.54634895748795,37.94693296137004],[111.54616378997392,37.9473074852589],[111.54582389153768,37.94776146060684],[111.54565611732541,37.947985540885114],[111.5452578853945,37.948559480491795],[111.54504772072988,37.94927669779175],[111.54497403140613,37.950083376184004],[111.54500428535239,37.950713891307316],[111.54489773659368,37.95111530004216],[111.54453974253303,37.95145931245242],[111.54430506393331,37.951642336983184],[111.54426660553158,37.95167233017481],[111.54408652508998,37.95181277253164],[111.54375760979617,37.952147637894264],[111.5435494488424,37.952463926872],[111.54328082528816,37.95287509289593],[111.54289193843033,37.95317869938337],[111.54247081582294,37.95325722063641],[111.5423113827878,37.953270322669376],[111.54204680100483,37.953322403776234],[111.54191370136105,37.953323016922205],[111.54161486077903,37.95338729303645],[111.54110049576661,37.953551826641196],[111.54062170111108,37.953815298296064],[111.5399797628571,37.95452547829802],[111.53923379519257,37.95550190763389],[111.53887612723459,37.95599455406936],[111.5387442205147,37.956337513827464],[111.53843978351156,37.95710920497829],[111.53810088742497,37.957935110249416],[111.53789956709979,37.95880543181178],[111.53790129619637,37.959823479276984],[111.53795511037846,37.960111065518156],[111.53804130587115,37.960571696704086],[111.53807816154332,37.96076865250044],[111.53810158749974,37.96154334865883],[111.53792464662752,37.96196822354289],[111.53779333815955,37.96228352258603],[111.53743998510555,37.96292117367068],[111.53735037923119,37.9630828720752],[111.53725111794618,37.963607608150895],[111.53716957274486,37.9640386868001],[111.53735927854908,37.96490521679819],[111.53739616976415,37.96507372578988],[111.53780190494197,37.96594070571907],[111.53784845059837,37.9660401622488],[111.53811457423296,37.96675977702978],[111.5381444783328,37.96684063968363],[111.538097802075,37.967462496705956],[111.5378176827743,37.967869197427184],[111.53739566928887,37.968326095715774],[111.5369831666613,37.96892764655011],[111.53694945750092,37.96897680441023],[111.53663303617824,37.969577367603165],[111.53649744549654,37.970298731910944],[111.53649690289384,37.9705269223057],[111.53649498925198,37.97133031042813],[111.53663354030799,37.972482872125546],[111.53686141460679,37.97349538169082],[111.53692260477361,37.97377501674009],[111.53694433933438,37.97399359065692],[111.53689743567396,37.97460348416714],[111.53628425432909,37.97501273123225],[111.5359589690088,37.97500066570249],[111.53544482846195,37.974908168742516],[111.5348109816252,37.97482976103432],[111.53443533573528,37.97495340385925],[111.53412942480784,37.97525285673661],[111.53377432439338,37.9758505999153],[111.53357345182502,37.976474735957666],[111.53318254259418,37.97685586308412],[111.53294370907314,37.97696533373056],[111.53286057876794,37.97730441972602],[111.5328138365344,37.977941405910364],[111.53263094707886,37.97868739505906],[111.5322249569938,37.97935310413679],[111.53187236626628,37.98030308540698],[111.5319640094202,37.98114267080621],[111.53248357264539,37.98198032046625],[111.53291687825609,37.982723518402565],[111.53314380923378,37.98333216681969],[111.53308239651038,37.98430792883949],[111.53290224070268,37.98543326107877],[111.53253025758455,37.98607171943596],[111.53215807121059,37.98668307955362],[111.53192096738046,37.98703640988792],[111.53190619511216,37.987361637446305],[111.53201115285697,37.98767277361],[111.53266731884958,37.988455611178566],[111.5330830558767,37.98913114594054],[111.53296871557137,37.98989037251891],[111.53252617885282,37.990244633741916],[111.53162182781061,37.99065517475981],[111.53088884611859,37.991092034227016],[111.53044834318351,37.99173079479368],[111.53007786518364,37.99258601143786],[111.5300171877347,37.993670152464624],[111.53005766552494,37.99453706413263],[111.53013150790063,37.995281891046055],[111.53026444442389,37.99571897346349],[111.53055207608604,37.99581147471591],[111.53115248691616,37.99600456080754],[111.53202011806883,37.99613019601806],[111.53281940991704,37.99612657756529],[111.53311871173541,37.996231916325215],[111.53349582671734,37.996443591975385],[111.53400759780725,37.99663179330332],[111.53438350089102,37.99667581119433],[111.5348468502198,37.99682612353157],[111.53528103670455,37.99693846234412],[111.53562760748567,37.996921642668646],[111.5362427142823,37.99675118015688],[111.53669493723056,37.996695770232556],[111.53727257377443,37.99667027104519],[111.53809057054826,37.99659032154809],[111.53889988461655,37.996639962991715],[111.53952594877718,37.99665233434523],[111.54001831106872,37.996817734943036],[111.54034841679966,37.997182023845625],[111.54087280768677,37.997774048513016],[111.54127100521195,37.9982294730484],[111.54164748215757,37.998349674746215],[111.54201320836995,37.998317506253215],[111.54240731849343,37.998216616884605],[111.54288787536332,37.99808484455112],[111.54363858278272,37.998020407914005],[111.54369214681944,37.99802016029959],[111.54403342314791,37.99801858208349],[111.54482439591227,37.99819020342176],[111.54539444244833,37.99843905387817],[111.54585748708976,37.99854359882109],[111.54622383173424,37.99859524314321],[111.54663748290952,37.99853235415378],[111.54706092997618,37.99849228168379],[111.54738869998484,37.99853648182723],[111.54788097651621,37.998686608003055],[111.54847008465029,37.99884699429384],[111.54862404554125,37.99888890948725],[111.54943498080564,37.999151856238306],[111.54993780753281,37.9994238612181],[111.55040371137493,37.99990942048659],[111.55068561607234,38.00025866471327],[111.55093629214724,38.00029559502088],[111.5512242386458,38.000164690833614],[111.55177083656537,37.99984966805564],[111.55235549155941,37.9994734987851],[111.55310334454505,37.99902797038913],[111.55394691494199,37.99850577674435]]]]},"properties":{"code":"SXPR-P30","name_short":"云顶山","name_full":"山西云顶山省级自然保护区","zone":"core","area_km2":71.846,"feature_count":1}},{"type":"Feature","geometry":{"type":"MultiPolygon","coordinates":[[[[111.75682933225221,37.9350975652726],[111.75800554925685,37.93469709103439],[111.75896064086511,37.93441996747197],[111.75949019377765,37.93434881045037],[111.75981379242845,37.93421123735723],[111.76030536751945,37.93377451411928],[111.76076216983238,37.93328382239472],[111.76103117490494,37.9330052220132],[111.76125343773313,37.93297507017181],[111.76142935231857,37.93305192912776],[111.76191738808718,37.93309882787388],[111.76231418344351,37.93305335158616],[111.76266495075555,37.93292235966127],[111.76293424201411,37.93277044047996],[111.76317607899189,37.93258294393216],[111.76326730178512,37.93237341084618],[111.7634351228244,37.93206071007596],[111.76343063940983,37.93162719202678],[111.7634441038773,37.93127484754155],[111.76354378382621,37.93098968473133],[111.76374964202378,37.93086529656709],[111.76420616286669,37.93091720585592],[111.7644496196083,37.93088702026542],[111.76462988086804,37.93085724483634],[111.76480037278414,37.93075602117699],[111.76497974440367,37.93064043833485],[111.76513188333793,37.93051072928637],[111.76519381830313,37.930388758160966],[111.76531872543396,37.930244923838494],[111.76545288166292,37.930122482834],[111.7657223052941,37.929984858517635],[111.7659730059561,37.92978299641178],[111.76611640997709,37.92968194806928],[111.76628778893365,37.92966653004978],[111.76650423131753,37.929643666744106],[111.76668478570625,37.929642490489805],[111.76687466430002,37.92966985831526],[111.76707423994173,37.92976152166864],[111.76726508508634,37.92988184582687],[111.76745541050785,37.92995211612648],[111.76761850502398,37.9300082607468],[111.76781808248974,37.93009992281348],[111.76799057669861,37.93019176130217],[111.76818023507055,37.93019767483394],[111.76836870153107,37.93008917807326],[111.76852083445308,37.92995946469988],[111.76861969300067,37.929915912679505],[111.7687370535585,37.92991514603245],[111.7689356638981,37.929913848362],[111.76913434759014,37.92991970138155],[111.76936877174022,37.9298895646686],[111.76964751237264,37.92978047559324],[111.76975554735245,37.92975116470934],[111.76992707362906,37.92975004253593],[111.77010800163518,37.92975577134342],[111.77033468877447,37.92984963554556],[111.7705614398134,37.92994945757436],[111.77082537033036,37.930007322115245],[111.77111124951003,37.9300054490703],[111.77146483610161,37.93000313145398],[111.77183265872489,37.92992324928165],[111.77217026401091,37.929831645982574],[111.77243251303562,37.929728617230005],[111.7727321895064,37.929607465162796],[111.77294942298998,37.92951665003482],[111.77309173755994,37.92945612286952],[111.77321894250227,37.92938973523197],[111.77339228461778,37.92941839220817],[111.7735584791375,37.92948285163095],[111.77374742954208,37.92956503904575],[111.77389136762284,37.9296594404661],[111.77405003959139,37.92972394866107],[111.77427235472798,37.92975913547514],[111.77456631777467,37.92981083351347],[111.77485269629655,37.92985662297505],[111.77510127091152,37.929884782002354],[111.7753272147824,37.92990713003267],[111.77565070867908,37.929904998113244],[111.77607156319353,37.92986050883623],[111.77637900825104,37.92976313370892],[111.7765210696934,37.929678766639285],[111.77670074491357,37.92959415113182],[111.77697891045919,37.92957443779798],[111.77719595028965,37.92946573827644],[111.7773965993408,37.92933003616089],[111.77758736315376,37.92931502859402],[111.7779629749631,37.92935064942044],[111.77830956655112,37.92937122103643],[111.77856803727893,37.92930812068853],[111.77888981303929,37.929000878527546],[111.77917688591303,37.928827351868954],[111.77941580993122,37.928654143439125],[111.77963086049876,37.928500162469035],[111.77986988309812,37.928336486898914],[111.78007380106745,37.92826839242056],[111.78027731673374,37.92816216071436],[111.78042307228766,37.92792968294408],[111.78056476560766,37.927908304863024],[111.78088936838877,37.92766990208922],[111.78110765908346,37.92738647886491],[111.78118172125205,37.92711163276257],[111.78120595326102,37.92702392949761],[111.78087941779789,37.92687706392356],[111.77993259666238,37.926300764039],[111.77976152489173,37.92618388981777],[111.77950666791875,37.926186963939344],[111.77913795263845,37.92603860887968],[111.77891926184766,37.925932344417426],[111.77895058383854,37.925629851288356],[111.77885861904525,37.92558830864959],[111.77870656933095,37.92551962512565],[111.77834375401457,37.92551607307489],[111.7782213796389,37.92551688243259],[111.77796326283438,37.925540131953134],[111.77778650040393,37.92554130040947],[111.77751455809582,37.92554309751682],[111.7772140629879,37.9254158275228],[111.77699582898495,37.925352641158476],[111.77683153218443,37.92524601271351],[111.77653205775653,37.92521567597682],[111.7763820374957,37.9251735802238],[111.77628583895665,37.92507727401019],[111.7760124278524,37.92493905084276],[111.77592245494678,37.924875336417],[111.77586172941221,37.924832332252464],[111.775533478959,37.92465138478156],[111.77515129512538,37.924513876391735],[111.77484945078959,37.9242573540864],[111.7746438652242,37.92400502541117],[111.77438450522412,37.92386607076049],[111.77319561649176,37.92322910007313],[111.77255900717968,37.92286747475145],[111.77213244299145,37.922965112531635],[111.77159055208735,37.92348350359832],[111.77046915055432,37.92419536592061],[111.7691758534007,37.92482704935663],[111.76818615665232,37.92505028840642],[111.7659862325424,37.92567430284199],[111.76472651445532,37.92625152670647],[111.76336247817434,37.92666683277114],[111.76225581196493,37.927161746285016],[111.76069557691712,37.92845893706582],[111.75997436582794,37.928965534363975],[111.75967721464829,37.92911570593414],[111.75926738061054,37.92929460990712],[111.7584995224936,37.92947569014368],[111.75747441098723,37.92959067960205],[111.75689107743547,37.92941830493324],[111.7561379553379,37.929368951851956],[111.75591685799203,37.92949230842054],[111.75578196924575,37.92968285205391],[111.75582061448611,37.93011615220527],[111.75599886616858,37.93081952000541],[111.75583337423348,37.931362517574065],[111.75564030182163,37.93149310276409],[111.7554086799949,37.931649760011055],[111.75515774065309,37.93172855618221],[111.7548801107906,37.93181573223759],[111.75431760583594,37.93200901483284],[111.75403032026709,37.93225520291918],[111.75379193666562,37.93245947883662],[111.75364117668063,37.93277205763643],[111.75339581324137,37.933121563499995],[111.75335454838404,37.93318034338945],[111.75309936125122,37.93331746094482],[111.75239986404473,37.93349806304454],[111.75207653152977,37.933662710191605],[111.75179016369152,37.934098087443715],[111.7515566269545,37.93468215861056],[111.75140461409761,37.934872805618646],[111.75111314019871,37.93480692456468],[111.75084926226602,37.93409054715496],[111.75071417308173,37.933824049208035],[111.75015102460468,37.93271306758355],[111.75000964681757,37.932266873326796],[111.75007879721304,37.931231576217705],[111.75008388253625,37.93115543489592],[111.75008868956303,37.93101988951525],[111.75009144614766,37.930942144079864],[111.75010052422508,37.93068614715],[111.75010558668329,37.930543393662056],[111.75012224239562,37.93007371567785],[111.75012376931905,37.93003066713764],[111.74989027248274,37.92893473867144],[111.74981800450034,37.92855584371471],[111.75007152989606,37.92825616442075],[111.75023884971608,37.9278892939289],[111.75023579745806,37.92758892363059],[111.75023279249864,37.92729320357269],[111.75027924617596,37.92699397440143],[111.75036122028183,37.926465933251265],[111.75016606506044,37.92577621104856],[111.7495410093531,37.92485890495438],[111.74891596930327,37.923941594333456],[111.74800020679952,37.92302613026076],[111.74673913375769,37.921787686827116],[111.74616778620528,37.92110034377064],[111.74527795717646,37.91935823976939],[111.74461498899656,37.91806179258272],[111.7442985682093,37.91721024503353],[111.7442210175954,37.916302992904164],[111.7440942157575,37.91559927784614],[111.74381596940324,37.915140389979754],[111.74346952771207,37.91470225707878],[111.74312309014817,37.914264122181656],[111.74214020850911,37.91345741968697],[111.74124216632202,37.912582433077105],[111.74080814911218,37.91193484171385],[111.74017993538001,37.910678792874],[111.73969246950608,37.90981475813101],[111.73927517223123,37.90912641128073],[111.73930570935477,37.90876041241615],[111.73931521964852,37.90800164139493],[111.73922823402127,37.90785315585037],[111.73880035542456,37.90781519639848],[111.73845756651862,37.90773605629991],[111.73833342512505,37.90760063327611],[111.73802536308571,37.90726457343364],[111.73736722914701,37.90642869556814],[111.73722299581095,37.9062667469256],[111.73704475825026,37.90606661630711],[111.73677926142828,37.90576850466631],[111.73595557138064,37.90547559314309],[111.73484122012371,37.905184490007784],[111.73439754290624,37.905123425969244],[111.733214602923,37.904964309229335],[111.73224081403207,37.90505166209761],[111.73102751217661,37.905126946667394],[111.73077923222384,37.90507033191928],[111.73053639657785,37.90501495856432],[111.73010206574621,37.90491591654064],[111.72995296182839,37.90486904904461],[111.72890684847545,37.90454005266763],[111.7277532101097,37.90428013807797],[111.72729948922405,37.904245410063815],[111.72704794434517,37.90422548249171],[111.72681269375778,37.90420814933322],[111.72660671106692,37.904192381919664],[111.72600841333525,37.90420962209087],[111.72585120536496,37.90387187944363],[111.72591280821558,37.903180530419995],[111.72611358973123,37.90273219275264],[111.72639998913787,37.90229687718757],[111.72621472303119,37.90212035680675],[111.72612389906682,37.902041159025345],[111.72535078634036,37.90166657010198],[111.7249526288165,37.9011677285632],[111.72441397399326,37.90063099072963],[111.72433101728075,37.90054832859626],[111.72379887806137,37.90037712681825],[111.72324722210719,37.90010639010492],[111.7230482996257,37.900040067949945],[111.72264612111846,37.89990597711604],[111.72237434797752,37.89980037738523],[111.72201180958992,37.8996417007308],[111.72182281787951,37.89954155242481],[111.72148272601413,37.89937081810081],[111.72116571939415,37.89925357444462],[111.72094757899482,37.89924895114497],[111.72079775907696,37.89930946234909],[111.7205949489186,37.89933454088391],[111.72048208986818,37.89932927213127],[111.72030096881994,37.89926482828922],[111.72013442346393,37.89915262151966],[111.71998262933232,37.899010527007846],[111.71978933893196,37.89874382022548],[111.71953511594748,37.8985578609512],[111.71912665919449,37.89837811484868],[111.71892974841217,37.89823629458119],[111.71857125332971,37.89765195729893],[111.71850169832555,37.89757244348996],[111.71828107271588,37.89732022393512],[111.71797692261326,37.89703548995058],[111.7179035172019,37.89696677075392],[111.7177212506096,37.89692308994988],[111.71748021044945,37.89688284470161],[111.71720151364114,37.896836868774116],[111.7170432502111,37.89680207696535],[111.71686850267315,37.896618402499286],[111.71660322894365,37.89640548343812],[111.71645663685165,37.89607133691384],[111.71637254176713,37.895931351733],[111.71620043772859,37.8957941273104],[111.71601713553059,37.89550323728296],[111.71588022280721,37.89534316878899],[111.71573677261713,37.895284448350075],[111.7155336832058,37.89527972344393],[111.71533145883397,37.89536438302149],[111.7150469217283,37.8954912561854],[111.71486742840335,37.895593654897],[111.71471055152867,37.89570187475062],[111.71450861305436,37.895816327576455],[111.71421741628596,37.8960326292499],[111.71389602298142,37.89623719497089],[111.71371675639291,37.89636342730818],[111.71352273746706,37.89651954519362],[111.7133587389724,37.89666952118483],[111.71317189378117,37.89678983898173],[111.71297672183105,37.89682677738001],[111.71269709797329,37.89689281507976],[111.71237065908768,37.89713419117799],[111.71228229269222,37.897199531502714],[111.71223748301404,37.8973735484217],[111.71201418171813,37.897613271435745],[111.71155144624545,37.89797958598806],[111.7112145637784,37.898176748603014],[111.71109911718764,37.89830371476582],[111.71055868451407,37.898898067356704],[111.7098790511308,37.89968277892118],[111.70959254277092,37.89992049464134],[111.70952131069693,37.90002103964758],[111.70918182125699,37.90038064310705],[111.7088688531279,37.90068287694984],[111.70866314524227,37.90087719706384],[111.70855126282484,37.900935059717845],[111.7085563658685,37.90102141894813],[111.70856029481862,37.90108789726796],[111.70856792362052,37.901129601228895],[111.70856904092264,37.90118814488637],[111.7085658906143,37.901238216685364],[111.70863349717897,37.90139807477892],[111.7087020055012,37.9016591655253],[111.70875772642846,37.901871522771735],[111.70902224845273,37.902709931800715],[111.709149472799,37.90349497663143],[111.7091568265698,37.90353864531252],[111.7091557896822,37.903588770140395],[111.70916021229527,37.903648085766115],[111.70916792792812,37.903699720065056],[111.70922605582503,37.90434806708226],[111.70926517548867,37.90460855783956],[111.70926455994869,37.904635524493344],[111.70930871173692,37.904968786105556],[111.709391903464,37.90559352440972],[111.70942317824982,37.90575803614835],[111.70948194878052,37.90606717728869],[111.70960284174944,37.90623833179733],[111.70982860471857,37.90655283085134],[111.71049111727292,37.907876582037375],[111.71048079203516,37.9085811616338],[111.71041395071632,37.90939330333621],[111.71040810947538,37.90942441514505],[111.71038848845117,37.90965204628376],[111.71015743077736,37.91052054070285],[111.70994021346388,37.91105023893284],[111.70978670815092,37.91109181098591],[111.70956363204597,37.911011864663614],[111.70948880370746,37.91098780968938],[111.70949091874822,37.91102983955488],[111.70926849465941,37.91091399854713],[111.70886033588667,37.910785778266195],[111.70794977327682,37.91034416182353],[111.7069875331646,37.90986220070447],[111.70610743585739,37.90902748198251],[111.7048669865928,37.90805942839344],[111.70402152003452,37.90726513155244],[111.7032625944828,37.906578696517755],[111.70266066610452,37.90621648460201],[111.70202441296526,37.90584092345675],[111.7018018647945,37.906001720190524],[111.70169417596509,37.9060667218013],[111.70144229187179,37.906154037446335],[111.70120811773658,37.906205491045135],[111.70106933961361,37.90610403640312],[111.70099439682404,37.906083163238634],[111.70064071892402,37.90598465272887],[111.69999033402159,37.905920780089176],[111.69957774899943,37.9059337812222],[111.69925168983876,37.90610986266807],[111.69868112256081,37.90622051729689],[111.6985383695601,37.90607843971817],[111.69838243376998,37.9058625884653],[111.69793377849864,37.905431700099385],[111.6975704902,37.90498675410187],[111.69739886707758,37.9049200286023],[111.69726425482342,37.905151150975634],[111.69709633922508,37.90547730747599],[111.6967003461447,37.90582391369351],[111.69651971734835,37.9059820144278],[111.69594270477192,37.90644607371088],[111.69527827853177,37.906707421684395],[111.69483473202591,37.906818428018646],[111.69417233496416,37.90729653171729],[111.69379908660221,37.907610348003516],[111.69361843862285,37.90762908534945],[111.69358840592916,37.90763599136422],[111.69354311122156,37.90764277198494],[111.69351012097053,37.90764507635323],[111.69323545648004,37.90768140990007],[111.6924340368828,37.90772486746708],[111.69203362899476,37.90772150700769],[111.691633218848,37.907718145199034],[111.69065104452633,37.907603881339895],[111.68952649686318,37.90745186934239],[111.6887049905916,37.90737538770744],[111.68820342873013,37.90722590171904],[111.6876241682256,37.90699557504198],[111.6870969623447,37.90684623412846],[111.68666075421677,37.90682845671674],[111.68614778883932,37.906831448321206],[111.68584405906935,37.90681561808783],[111.68562172070614,37.906804029323524],[111.68539041436895,37.9067545696071],[111.68532422265275,37.90653140601263],[111.685141104256,37.906146341628926],[111.68505681469331,37.90608831249048],[111.6848662257905,37.90596758285994],[111.68470235952567,37.90585421480416],[111.68407680242379,37.90554623749867],[111.68293373199374,37.90520964812549],[111.68128878579233,37.90483982289665],[111.67959743114082,37.90437991997843],[111.67893414225885,37.90414890651667],[111.67813589332644,37.90411737936768],[111.67722399348557,37.904122629825004],[111.67663290945676,37.90430667634618],[111.6763492099702,37.90440854155977],[111.67626412195244,37.90443909266684],[111.67601935652623,37.90452697709772],[111.675803382248,37.90470060105603],[111.67540827313557,37.905018229174566],[111.67498138661668,37.90570713426534],[111.6746874851808,37.905979788038586],[111.67455794598953,37.90599765808607],[111.67427761178703,37.90603633132593],[111.67295350833288,37.90584519802896],[111.67203592699818,37.905669001034084],[111.67164128290898,37.90559006023193],[111.67158343550228,37.90558421355558],[111.67069157485291,37.90531616906176],[111.66980015974032,37.90506834108939],[111.66917643830705,37.904168655418296],[111.66904958880806,37.90394314246212],[111.66902435451583,37.90388886978692],[111.66893676028815,37.903722976868444],[111.66879862552688,37.90347238823146],[111.66877108464963,37.903429055071214],[111.66873592730647,37.90335825170402],[111.66854951736511,37.903164226181474],[111.66818356323255,37.902783319254134],[111.66765237270981,37.90202761957438],[111.66737293798172,37.90137887649972],[111.66730063234104,37.90094573483641],[111.66722813649547,37.90050288755636],[111.66715586293215,37.90006138852825],[111.66669407079483,37.899413677054454],[111.66573321552069,37.89903975829258],[111.66532093404751,37.89882531215315],[111.66522438416024,37.898229724172936],[111.66508175840481,37.89758020184851],[111.66468741135422,37.896823714581515],[111.6645662878526,37.896029553581315],[111.6647445888787,37.89557693016189],[111.6651518102752,37.895231401330776],[111.66548999341748,37.89481400319008],[111.66591300551356,37.89369160001542],[111.66631929177287,37.892916392364576],[111.6664732571565,37.892622614594266],[111.66676485702916,37.892097088124466],[111.66673798922426,37.891645623440894],[111.66650109467912,37.89065340739607],[111.6664240869837,37.88969641566549],[111.666170268728,37.889354623634375],[111.66564423984201,37.88915888722082],[111.66543617518171,37.888834899401274],[111.66538490095634,37.8882029245017],[111.66553339476252,37.88697368725377],[111.66577239839039,37.885671677581044],[111.66572209850983,37.88514808451356],[111.66533090233128,37.88473481059791],[111.66434436967431,37.8840177922053],[111.6632873766191,37.88306632446099],[111.6626425884032,37.88232930174598],[111.66197874148064,37.8820078719722],[111.66021820196731,37.881385492171574],[111.6592134826245,37.88117434641009],[111.65871337754153,37.8813216626267],[111.65816640100019,37.8813247219307],[111.65715976194316,37.88089679314443],[111.6564035042184,37.8804313288486],[111.65539416608921,37.879696296933155],[111.65486807303644,37.8794824492277],[111.65381893110607,37.87939795571579],[111.6520633008771,37.879317369897315],[111.65096826410051,37.87919697591213],[111.6500549167261,37.87900331013404],[111.64914046539867,37.87868319097615],[111.6483417118409,37.878561138418924],[111.64695216540214,37.8786410412241],[111.64665104094613,37.8787024716981],[111.64625547912114,37.878783167386075],[111.6460862666577,37.8789300555468],[111.64591861052786,37.87901678948227],[111.64571503244606,37.879122790279695],[111.64549884268429,37.8791621159959],[111.64525884387564,37.879230175564764],[111.64498234189142,37.87925076082546],[111.6446940604521,37.87930001459469],[111.6443582432766,37.8794162717329],[111.64409368593361,37.87942725494754],[111.64368536103582,37.879505767614894],[111.64319366029407,37.879680082956256],[111.64285792186001,37.879805870875224],[111.64254615804028,37.87992199240339],[111.64233079224,37.880056656344806],[111.64216379025018,37.880219661637064],[111.64194875392249,37.880392463212935],[111.64174566268811,37.88055566379617],[111.64142335353698,37.8808434686229],[111.64113676523705,37.88093784395684],[111.64097362620792,37.88111901456513],[111.6408691949196,37.88123498732425],[111.64025842083814,37.88176670291505],[111.64008714601128,37.88196679289336],[111.63954765489595,37.88259702706097],[111.63892187170688,37.883372691799195],[111.6382244282209,37.88376938204408],[111.63755847959666,37.883854281827475],[111.63684089614584,37.88389881067496],[111.63653461006834,37.88406304966663],[111.63648850600518,37.884098229041555],[111.63621327204112,37.88429741138135],[111.63611988559519,37.88436287785279],[111.63583563273787,37.88428360518482],[111.63555817445817,37.88382445255728],[111.63462477089953,37.88262366679547],[111.63345046977967,37.88123448980929],[111.63308583560746,37.88057257275001],[111.63296745593527,37.880465559378344],[111.63253457577012,37.8800742399473],[111.6310049963735,37.87910694998742],[111.6306490027349,37.878828570524],[111.63057254570946,37.878768783230484],[111.63050854306216,37.87871873405563],[111.62977789283661,37.8781473684498],[111.62964557251703,37.87804389303412],[111.62838770652404,37.876858339182185],[111.62818667145747,37.8766121459543],[111.62816597447913,37.8765918889523],[111.62787090160941,37.876233519646995],[111.62782951346271,37.87618105549073],[111.62778424553801,37.876135751918426],[111.62774291565678,37.876085318127394],[111.62766632134375,37.875991458970226],[111.62765930870998,37.875948083899075],[111.62764156097947,37.87587699203142],[111.62762060054261,37.87579818095738],[111.62760402426616,37.87572810720018],[111.627529669571,37.875471059531776],[111.62744732470664,37.87533562568365],[111.62732816728663,37.87511457295477],[111.6272040419431,37.874965028567324],[111.62718978339772,37.874940490075936],[111.62716746105305,37.87491196195378],[111.62706656113177,37.87482219236962],[111.62698220608952,37.87474455307167],[111.62678228379033,37.87457398852127],[111.62663356417859,37.87441268570227],[111.62654143323726,37.87418672052494],[111.62646504554804,37.874044102620545],[111.62644839566813,37.87385349291162],[111.62644667991965,37.873650884354184],[111.62642902095517,37.873341091633044],[111.62642629608806,37.87301930185661],[111.62643951546667,37.8728046953258],[111.62643739612467,37.87255441406746],[111.62643557956125,37.872339886622534],[111.62644879768273,37.872125280073355],[111.62644617490251,37.87181540816789],[111.62642891901908,37.87155328892643],[111.62634277746083,37.871382912678754],[111.6262809231521,37.87118062395368],[111.62609919494356,37.871026646650655],[111.62594743661234,37.870860592145775],[111.62594552075541,37.870634147573845],[111.6259429999181,37.87033619351247],[111.62580557196341,37.87008663142679],[111.625699121597,37.869944172697075],[111.62569750893068,37.86975348192403],[111.6256956947031,37.86953895524733],[111.625693678913,37.86930059176344],[111.62555625376793,37.86905102931858],[111.62553940600343,37.8688365824876],[111.62553507327414,37.868324100683346],[111.62550268815447,37.86805014303068],[111.62550077384458,37.867823697430225],[111.62549845655882,37.86754958000831],[111.62543680938143,37.867371126567214],[111.62539070097057,37.8672521847989],[111.62529838160538,37.867002382353405],[111.62528193799174,37.86683560812216],[111.62492803578638,37.866400180549554],[111.62497125505848,37.86598304449359],[111.62525492133027,37.86541742498866],[111.62544059656025,37.86497306348527],[111.62563456579245,37.86444284244991],[111.62584729668784,37.863998335581165],[111.6259533581947,37.86374032812198],[111.62609465253787,37.86338201568124],[111.62634466843878,37.86308033425442],[111.62688305979107,37.86268099539769],[111.62742565202437,37.862176807645476],[111.628239582894,37.86142729431662],[111.62891775885238,37.86094517256385],[111.62912288546222,37.86079934204919],[111.6296490156097,37.860555593838875],[111.62995564338507,37.86041353543684],[111.63009165498694,37.86000712097928],[111.6299902112103,37.859685378649296],[111.6296432139029,37.859186648609494],[111.62917043787104,37.85874579918318],[111.62851837608207,37.858434627321316],[111.62784876432745,37.85818075494228],[111.62725240359704,37.858055210930615],[111.62674538779376,37.85782907163803],[111.62634156202829,37.857716800402294],[111.62567017412624,37.85762823360426],[111.62537963418784,37.85752605387971],[111.62509066099888,37.85742442459872],[111.62415015881415,37.85734812114218],[111.62367410507491,37.85763516434622],[111.62319701988658,37.85780027362601],[111.6224264815446,37.85761466847889],[111.6216582204159,37.85770001780736],[111.62097755455014,37.858042324348844],[111.62034996481809,37.858601126548926],[111.61903873230986,37.85914997142883],[111.61774174103068,37.85936001125564],[111.6163383778545,37.85910994040805],[111.61558526801309,37.85896484601347],[111.61522754723177,37.85910220143474],[111.61452930180351,37.8593903675821],[111.61374381129713,37.85946220875026],[111.61273157933853,37.85897972971664],[111.6126702388689,37.8589413436935],[111.61229602124148,37.85870716332599],[111.612216248736,37.85865724269629],[111.61177241345874,37.85871374458778],[111.6107507154622,37.85915260260736],[111.61033300154982,37.85920066774737],[111.60992678055706,37.859247409659545],[111.60964099884649,37.85928029186623],[111.60871857887491,37.85932570907622],[111.60839557557038,37.85953060765605],[111.60855148382507,37.85978722529504],[111.60877485530705,37.85993510474524],[111.6086906418743,37.86008457603722],[111.60799207203637,37.86023291918016],[111.60790591788266,37.86025121340414],[111.60745745084051,37.86036315410191],[111.60724080808039,37.860417228731144],[111.60715714556412,37.86063443763526],[111.60724436514874,37.86085076531115],[111.60804863377741,37.86098210231895],[111.6087504858161,37.86112750987259],[111.61000419566633,37.861879743675814],[111.61097533520473,37.862813992006714],[111.61101231651779,37.86284956823396],[111.61127893834059,37.863106056142385],[111.6118395250645,37.86359139680111],[111.6120557218464,37.86388527976495],[111.61230619854477,37.864225756218005],[111.61295310498838,37.86457587847451],[111.61321607657987,37.86472231876291],[111.6134808344223,37.8648596965308],[111.61401916715836,37.86514073967115],[111.61469430173949,37.86548646522589],[111.61517648862387,37.865739510301175],[111.61531009516538,37.86580883208338],[111.6160993726017,37.86618406585126],[111.61677722709828,37.86634332970287],[111.61705831066575,37.866409369526394],[111.6178968360954,37.86654045932452],[111.61879302529853,37.866892818305324],[111.61904569955894,37.866995077081434],[111.62036933648065,37.867909415299096],[111.62096424796201,37.8683996103983],[111.62166007628251,37.868972945887904],[111.62229754467465,37.86957926351005],[111.62343920657699,37.871199054801],[111.62387263453208,37.87182278591132],[111.62421777906307,37.872319462291394],[111.62465694867159,37.873726184678695],[111.62487327586892,37.87445392865095],[111.62493842349292,37.87467309126362],[111.62561491610342,37.87549269016219],[111.6257850986887,37.8757000125435],[111.62606668625317,37.876712931455955],[111.62617376036455,37.87807548557413],[111.62620078182644,37.87841933767788],[111.62623190346082,37.8785880010039],[111.62631723129476,37.87905041941154],[111.62646286869149,37.87921730665179],[111.62699199433067,37.8792525966222],[111.62769463675765,37.87934030531574],[111.62812878006177,37.87951327465847],[111.62853492587521,37.87978546583295],[111.62875917327884,37.88015007927855],[111.62902052047967,37.880354450261414],[111.62962858265112,37.880625558551245],[111.62992949513588,37.88095927652171],[111.63003218860783,37.88111447687934],[111.63056264410899,37.88191613944764],[111.63094269702749,37.88250854751387],[111.63140681970579,37.88281089999848],[111.63211288701308,37.88329486022172],[111.63261548081151,37.883597002187514],[111.63308190061292,37.88416607414038],[111.6334796490119,37.88457547189054],[111.63402163166751,37.88498409151693],[111.63443979950277,37.88553055567151],[111.63471164673402,37.88593214259285],[111.63471198292761,37.88593263899629],[111.63480989319345,37.886077275720886],[111.6349393430543,37.88659480877489],[111.63506114286761,37.88734101539315],[111.63516253556323,37.88795015314239],[111.63544440386606,37.88829919934509],[111.63630538801061,37.888896612186215],[111.63719628212148,37.88961579344569],[111.63794150672535,37.89016809290916],[111.63857787291823,37.89036279084874],[111.63865554055643,37.89039620220637],[111.63913771228677,37.890603626784895],[111.63939997861948,37.89090704286556],[111.63951603218304,37.890982622290046],[111.63980385429517,37.89090484839111],[111.64012614988617,37.890773078146104],[111.64046505479247,37.89063451641834],[111.64113493887244,37.89025744052907],[111.6416321933904,37.8899346470201],[111.64223237233789,37.88928358475736],[111.64271401003019,37.888687401917174],[111.64285077827518,37.88851810504068],[111.64314614904438,37.8882040293162],[111.64346161068474,37.88798891497784],[111.64372050486814,37.887903669552955],[111.64438352253516,37.88784669422747],[111.64492186653275,37.88782850411521],[111.64535250976003,37.88758989156718],[111.64556973997219,37.887333599598946],[111.64563805213623,37.88725299960547],[111.64597046978507,37.886778671917654],[111.64615050192975,37.88647284067917],[111.64661772773584,37.886020634965874],[111.64683175388211,37.88594383394939],[111.64722163319935,37.88580392669553],[111.64813188985184,37.88543310833145],[111.64957044496734,37.8849984010771],[111.65086562526423,37.88466354284246],[111.6514700440347,37.8845077778951],[111.65230367721016,37.884175457189244],[111.65310100927634,37.88388698758712],[111.65352317767217,37.88378303028228],[111.65410116391928,37.883901757834344],[111.65435819700153,37.88397145891827],[111.65446399482755,37.88433668098715],[111.65460533058379,37.88581945895114],[111.65471904866638,37.88707884075212],[111.65497960261486,37.88754481655531],[111.65557764912737,37.888476334224485],[111.65613823851946,37.88951983425107],[111.65623809397512,37.88986568137628],[111.65654832774347,37.89094014134131],[111.65692003092052,37.89209531763307],[111.65717372198257,37.89284278270329],[111.65747262535068,37.89320120766311],[111.65773486047249,37.893491247041666],[111.65770057827821,37.893691491249314],[111.65748025052794,37.894058531659915],[111.65724706962536,37.89460283221145],[111.65727876383752,37.89492273888673],[111.65757127766918,37.89537265170619],[111.65780000110823,37.895948666763594],[111.65764211129269,37.89660834467454],[111.65702025893447,37.89781763368569],[111.65629484049077,37.89891910941749],[111.65583850877643,37.89951778591666],[111.65624920095057,37.8995561414314],[111.6573429410467,37.899495845562086],[111.65812941065018,37.89949145165068],[111.65843662826813,37.89954442354884],[111.65949936169406,37.89972765565134],[111.66066282069795,37.89981597102317],[111.66168828980753,37.89976956613654],[111.66235423268448,37.899670981479495],[111.66279948805854,37.89974976687458],[111.66324632489629,37.900004669861005],[111.6638133347846,37.90031309068528],[111.66473768897,37.90042980941208],[111.66552526420615,37.90054729522965],[111.66580089924184,37.90077606176858],[111.66594268331089,37.901330747634915],[111.66617857740117,37.90169581267643],[111.66642813431983,37.90207316691415],[111.66717238776657,37.903071537175684],[111.66741812134424,37.90377466612286],[111.66800705062842,37.90461133063841],[111.66869932118784,37.905528694860074],[111.66911434559692,37.90604117911722],[111.6692918368835,37.90675823980137],[111.66955580802035,37.907583195279145],[111.66980750749855,37.90820027029246],[111.66985300016196,37.90829957207373],[111.66992360763574,37.908543043381314],[111.67021478526652,37.90859557826789],[111.67142981843543,37.90869704095529],[111.6730179181283,37.90888259068993],[111.67373997777422,37.90896694684686],[111.67408316899083,37.909007039779866],[111.67426094132563,37.909030492480184],[111.67492214894044,37.909124167718076],[111.67525039457733,37.90929618113745],[111.67548971852268,37.90942009895831],[111.67601076842026,37.90969463903628],[111.67716318520175,37.910092187441606],[111.67719841955925,37.91010428057277],[111.67729790581403,37.91013842714601],[111.6774374324257,37.9101863156586],[111.67746612372612,37.91019616341967],[111.67823475833785,37.91045997238402],[111.67931527438414,37.91080599975156],[111.6794218285605,37.91080538467856],[111.67970856706222,37.910803729030974],[111.6798326448628,37.91076509504516],[111.68000030904841,37.91071288889199],[111.68015191268152,37.91066568356919],[111.68088495208157,37.91041757295609],[111.68137909094665,37.91022503552391],[111.68160088619919,37.910169558650594],[111.68163643434158,37.910204240290746],[111.68173893208339,37.91030424237798],[111.68189145045203,37.91061223638581],[111.68200383207925,37.910824221198446],[111.68203500476774,37.91088510991792],[111.6820540815519,37.91108108890911],[111.68208294515001,37.9113776168234],[111.68209168151533,37.911467366119886],[111.68209468250164,37.91179251049514],[111.68221415899164,37.911885792813365],[111.68230826564387,37.91195676377707],[111.6823530585733,37.91199424032119],[111.68266148530986,37.91206019423146],[111.68288566452792,37.91226212032089],[111.68301562852331,37.91263299047167],[111.68304357228752,37.91269475532091],[111.68302997883345,37.91307419026102],[111.68303769291244,37.91318236394088],[111.68304502412008,37.91328516220718],[111.68316119013532,37.91336450828236],[111.68337740319066,37.91334038929608],[111.68362057074725,37.91311034793656],[111.6840210723553,37.91273078203508],[111.68471502331808,37.91240954204044],[111.68484003840068,37.91235449595539],[111.68493065080219,37.91234519181864],[111.68522109680865,37.912315369694234],[111.68578423463563,37.9122575448196],[111.68612122601905,37.91224877779271],[111.68684310760614,37.91222999372203],[111.68691663089092,37.912228079890696],[111.6871460899589,37.91221024443178],[111.6877411553074,37.91216398989078],[111.68830209086686,37.91209715387474],[111.68853831579193,37.912069006468364],[111.68876593736152,37.91198542265244],[111.68893084092814,37.91192486836295],[111.68928818565087,37.91179364797798],[111.6898064934585,37.91161102588088],[111.69017451145578,37.91148135561333],[111.6911294007534,37.91118672026367],[111.69183626061977,37.91103805042759],[111.69257933705092,37.910952387582064],[111.69274747287368,37.910892590938346],[111.69289890844682,37.91083873398654],[111.69302410755787,37.91051283338854],[111.69299416856838,37.91005574960509],[111.69305495579748,37.90969974441839],[111.69321871865877,37.90938377892493],[111.69344793896424,37.909209685731405],[111.69380807490946,37.90931933859506],[111.69453121216088,37.90984346354244],[111.69565345715732,37.91052780595975],[111.69596421702988,37.910717112047166],[111.69613410882596,37.910820604875376],[111.69618836024584,37.91085365249718],[111.69659511993953,37.91110143391932],[111.69717405766274,37.911291069051394],[111.6976873395579,37.91131851204406],[111.69796919601993,37.91128635708512],[111.69790315411751,37.91108352221091],[111.69778350913627,37.91063713417266],[111.69771235787414,37.91050940818487],[111.69757476280525,37.91026240138386],[111.69753371540018,37.91009842824242],[111.69752145077024,37.91004933014911],[111.6977245321853,37.90982457672195],[111.69838862525258,37.90952596094853],[111.69849841157442,37.909448764885724],[111.69911510364736,37.90904406470606],[111.69941044879246,37.90908295436837],[111.6998746309604,37.90934438997838],[111.700199577789,37.909799718065436],[111.70034710114791,37.910479648037935],[111.7006474659349,37.91104689629463],[111.70113846998954,37.91143010207185],[111.70117868586118,37.91146289134477],[111.70136511464784,37.911641199084485],[111.70231625316862,37.91255098795457],[111.70280776038136,37.91298499042032],[111.7034001343645,37.91323548467236],[111.70425007933171,37.91359621007907],[111.70460873420565,37.91394772631042],[111.70466669244229,37.91400453133085],[111.70475501318548,37.91409109227156],[111.70522461020859,37.91477265128218],[111.705295455569,37.91487547281702],[111.70543134059895,37.915072688156485],[111.7055407940658,37.91523510857964],[111.70627704169824,37.91632762059805],[111.70652676214866,37.91677614290667],[111.7065381221932,37.91680363581403],[111.70683321374484,37.91681202447243],[111.70766601068527,37.916715568545705],[111.70864222874184,37.916862113767436],[111.70918110624514,37.916879190769826],[111.70962795860328,37.916663109432605],[111.71007441646508,37.91640638354001],[111.71063346833486,37.915854298790876],[111.71107718006948,37.9153130689544],[111.71146879857133,37.91469086185682],[111.71165223594053,37.914430370931015],[111.71184846967088,37.91416017862804],[111.7122810037073,37.913791754341034],[111.71324300900169,37.9131054005297],[111.71333823517674,37.91303341332217],[111.71410332099542,37.912571514148546],[111.71485498207176,37.91204872410544],[111.71561866790566,37.911444566517254],[111.7163435752716,37.910810153569955],[111.7173949517857,37.91017290153229],[111.71822736613063,37.909716282399955],[111.71918906163776,37.90920170821768],[111.72018781802711,37.90849491840503],[111.72067522422415,37.908171853025536],[111.7209809243189,37.90795659193001],[111.72123979596563,37.90787117467576],[111.72171980860169,37.90777678096634],[111.72212391965458,37.90778954408055],[111.72268318548218,37.907930910859605],[111.72339634370586,37.90807132918812],[111.72410197883573,37.908425175533715],[111.72462532295397,37.908825868365355],[111.72542015505626,37.90944589272408],[111.72589497052559,37.909801152416364],[111.72631982698685,37.90996619257852],[111.72744802759098,37.910248823520284],[111.72750321221409,37.910258984501446],[111.72786326136455,37.91035574210301],[111.72807489608152,37.91040832731549],[111.72835448909458,37.910479467783794],[111.72899224016983,37.91077273805979],[111.72957371434725,37.9112111512975],[111.73055257047832,37.911951937029215],[111.73143480692103,37.91264758763541],[111.73164936425897,37.91294347264562],[111.73169904170705,37.91310320406069],[111.73158512548706,37.91325633158024],[111.73136921480733,37.91350204664078],[111.73132750132689,37.913549517912216],[111.73098585134214,37.91393832269785],[111.7305680487127,37.91448962780746],[111.73048283404472,37.914627333327644],[111.73051651305815,37.91511486675939],[111.73076769559016,37.91619548772104],[111.73097557954708,37.91678863187422],[111.73100679786955,37.91704409860824],[111.73116215504095,37.917236214142115],[111.73127174404195,37.91736425275282],[111.73128225765613,37.91751436154806],[111.73141906829389,37.9176565339264],[111.73154642763716,37.917755857486604],[111.73172858383388,37.917919201312756],[111.73191976659008,37.918082488710176],[111.73212907489034,37.918252813661624],[111.73235686118194,37.91846592974041],[111.73244854430861,37.918608381707564],[111.73254029757577,37.91875798379377],[111.7325783892136,37.91895797878518],[111.73261603133452,37.91924000745945],[111.73256521799843,37.91939026991199],[111.73228995338329,37.9202042558236],[111.732157437391,37.920638627272055],[111.73218883389124,37.921505530198104],[111.7319947122747,37.9226267368372],[111.73202646735182,37.923529764306885],[111.73221569915674,37.924215039009596],[111.73235530420014,37.92445333918878],[111.7324476782494,37.924611015884025],[111.73248055365313,37.9246430489802],[111.73255644532969,37.92471699460119],[111.73256523552206,37.924887883685614],[111.73259082182949,37.925040282169675],[111.73268749044738,37.92507781909151],[111.73277174483302,37.92507729447222],[111.73287997629305,37.925067086002535],[111.73303588126653,37.925008906343095],[111.73315614841643,37.92499862174542],[111.73330011074773,37.924950051508304],[111.73342037889793,37.924939766634765],[111.7335407417356,37.92493901641491],[111.73372748280076,37.92488060217796],[111.73382999086888,37.92497535269011],[111.73389102517378,37.92506078495927],[111.73407365502221,37.9252694121921],[111.73414729454018,37.925411975180836],[111.73430518924694,37.925554012394386],[111.73454800357368,37.92576226329508],[111.73499686160676,37.92611224838193],[111.73516698649081,37.926273277846484],[111.73543406769546,37.926500444191156],[111.7355803110616,37.92668069211437],[111.73564220264281,37.92685193183706],[111.73569224949877,37.92704231539727],[111.73586587231866,37.92725003926944],[111.73584995988368,37.927350080789715],[111.73578907860443,37.92773283091338],[111.73562160004715,37.928305450077396],[111.73565388021926,37.92864819149926],[111.73593987106878,37.92934753140627],[111.73618154529399,37.92989049547821],[111.73654708153992,37.93052498049509],[111.73668756240501,37.930889906857196],[111.7366282046724,37.931798020094476],[111.7367339383465,37.93210896979444],[111.73711172589076,37.93225563698988],[111.73776034091047,37.93211608794363],[111.73868411694072,37.9321238423317],[111.73921543808989,37.9322288919607],[111.73945748158833,37.93248479142731],[111.73949698284976,37.93301292812806],[111.73935525033345,37.934233171443594],[111.73931519931874,37.935357935577585],[111.73915337230565,37.93628024112762],[111.73908154676889,37.93764907461172],[111.73918105028486,37.939043929433275],[111.73916155336528,37.93937885463775],[111.73912266473423,37.94004687455296],[111.73919040610032,37.94008202904061],[111.73938061605219,37.94018073696448],[111.73978678484013,37.940251771074095],[111.74020321292815,37.940324596934246],[111.74130318862761,37.940832508949796],[111.7421913448832,37.941290937726215],[111.74293689305881,37.94167575060009],[111.74407358135777,37.94242727635462],[111.74517498277707,37.94307062480671],[111.74574828801076,37.94366086860774],[111.74587007954537,37.944136539661905],[111.7458572156721,37.94455661894677],[111.74582560255652,37.94481423808442],[111.7461161526865,37.944785299884934],[111.7466266333533,37.9445110957326],[111.74711808066245,37.94404733250323],[111.74759008063617,37.94335336986356],[111.748248189066,37.94245499609081],[111.74850687765819,37.94225074202126],[111.74914769614067,37.941744760502694],[111.74974106015884,37.94121259535123],[111.75033166185314,37.94040947793012],[111.75070303898072,37.93991937008689],[111.75114283626712,37.93942882338336],[111.75161711598538,37.93896515171806],[111.75188763655562,37.938651812318184],[111.75222505996582,37.93818901173486],[111.75282044847137,37.93786004300507],[111.7533476826776,37.93755860551417],[111.7536704769985,37.937339766235425],[111.75418552913071,37.93709133116599],[111.75474397349335,37.9369264353071],[111.75516856177322,37.936625648932434],[111.75525437076841,37.93645874511799],[111.75542015117986,37.936136292126946],[111.7558594773594,37.93560508662294],[111.75682933225221,37.9350975652726]]],[[[111.53592124249822,38.00922547828807],[111.53731712828427,38.008616962482726],[111.53835381431304,38.008389803226315],[111.53886181467593,38.008376611419166],[111.53930398046887,38.00836512749533],[111.54019060731893,38.00843218731068],[111.5412172299337,38.00832585411398],[111.54206308851657,38.00808825088364],[111.54267898226459,38.00801428277246],[111.54317674702916,38.007957530433266],[111.5440082621013,38.00765463046171],[111.54412720157052,38.00761130277139],[111.5443991808286,38.00749705260205],[111.54576592597222,38.006922906428755],[111.54651092082837,38.00670157834916],[111.54665729005376,38.00665809269528],[111.54757269673344,38.00638612319017],[111.54835566473957,38.00623097457459],[111.54867549388106,38.00616759689027],[111.54876250065422,38.00616494582147],[111.54916770609387,38.00615259729474],[111.54954236819434,38.00614117841092],[111.54985670309087,38.006131597210945],[111.55134702432147,38.00621606982263],[111.55295498149242,38.00657432529287],[111.55524581912107,38.007037724948745],[111.55723393765355,38.007281223109764],[111.55858131860664,38.007329025501775],[111.56001960842113,38.00732218574271],[111.5605521289963,38.00729644631733],[111.56250724869587,38.00720192601824],[111.56467318513211,38.00681219345548],[111.56601861695695,38.00660701707944],[111.56634686531518,38.00654147333557],[111.56740914334915,38.0063293523475],[111.56756811678261,38.00622019667754],[111.56761126900874,38.00589483006117],[111.56749447543856,38.00555217016968],[111.56747613429178,38.00544485485408],[111.56746460785065,38.00537773803851],[111.5674453966972,38.00525931589249],[111.56741508764523,38.0050900634449],[111.56739884280108,38.00499263547791],[111.56754336934245,38.00463357542442],[111.5676450909881,38.004359190974256],[111.5680005942691,38.0038224786703],[111.56808320917133,38.00369775201688],[111.56813496475637,38.00361961491895],[111.5682092654296,38.00350743848972],[111.56875255306554,38.00290868729376],[111.56929499166996,38.00220155179002],[111.56958743061219,38.00164013844685],[111.56985493812898,38.00080787950608],[111.56996404611233,38.000157030832916],[111.57012062394067,37.99974079073934],[111.5703222522318,37.99952040788978],[111.5705030958403,37.99953383283076],[111.57072041837773,37.99958998762137],[111.57090126222204,37.99960341194795],[111.57111745356193,37.99966910591549],[111.5713103842139,37.99968723857551],[111.57150338780966,37.999714904985545],[111.5716359990825,37.99972379489887],[111.57181680639223,37.99973245123305],[111.57205778410571,37.99973127929667],[111.57232241209834,37.999768042969784],[111.57250248007841,37.99958609360838],[111.57261017890902,37.999490221459354],[111.57270081911939,37.99943737997298],[111.57274212251485,37.99941330088303],[111.57295900125493,37.9994122444647],[111.57310366165947,37.9994210749223],[111.57323627257283,37.99942996303423],[111.57336881042275,37.99942931693166],[111.57351384103322,37.99948581898612],[111.57369457366072,37.99948493747703],[111.57397177109004,37.99949311934951],[111.57414052853514,37.99950183092137],[111.57428541229153,37.999539262095304],[111.57443059369372,37.99961483202045],[111.57480567076884,37.99981322940364],[111.57491203165245,37.999900111201285],[111.5750027468596,37.999944362262276],[111.57522141256419,37.99997904857914],[111.57538310989028,37.99995144083801],[111.57555201207094,37.99988208329072],[111.5756345689383,37.99984592447973],[111.57576200649942,37.999770810005316],[111.57582178496288,37.99971092517841],[111.57592291089537,37.99964189893091],[111.57599426464559,37.999617712079036],[111.57606213312884,37.99962929790634],[111.57618287703077,37.9996614827139],[111.57623198867373,37.99968209925025],[111.57638489841138,37.999782557297955],[111.57646673223756,37.999846516002435],[111.57655285971956,37.99988184944121],[111.57677905692415,37.99991649593673],[111.57686066717592,37.9999518513033],[111.57693778691198,37.999990803486334],[111.57703314810271,38.00005111968411],[111.57712856549502,38.000118587017134],[111.57730564987989,38.00022855963586],[111.57735481696717,38.00029318888827],[111.57754482992502,38.000372952044025],[111.57772650226057,38.000308730569266],[111.57791133336679,38.000254189874916],[111.57810523062193,38.00020317916771],[111.57828992077964,38.00013075984911],[111.5783935622418,38.00009449542501],[111.57862784179548,38.00000752959911],[111.57874509376431,37.99997834848711],[111.57890540054336,37.999932031578474],[111.57904080985227,37.99991348712357],[111.57919867030655,37.999876954120936],[111.57937128783244,37.99980161412736],[111.57960763170162,37.9996902032784],[111.57973511180177,37.99962104387473],[111.5798284448937,37.99951927728723],[111.57988064309197,37.99945346820414],[111.5799403944556,37.99939060118763],[111.58005671757681,37.999339374275266],[111.58015835653099,37.99933589358224],[111.5802714310259,37.99935023420049],[111.5804108151476,37.99935848529244],[111.5805877588515,37.999354631651926],[111.58074575830541,37.99933597461239],[111.58083591224697,37.99930871265107],[111.58092237287946,37.999290407775625],[111.58102030134883,37.99925720355197],[111.58113586479857,37.99924328455154],[111.58123948408553,37.99924277247558],[111.58131418646644,37.999242403247386],[111.58137691578412,37.999251627579355],[111.58148786970627,37.999264427931394],[111.58156996698874,37.999284998957485],[111.58164720001756,37.99929987225196],[111.58173404117015,37.99931088438199],[111.58181125919725,37.999323851299664],[111.58191007454627,37.99932526964233],[111.58202794872012,37.99931216717677],[111.58221552613776,37.99921186561434],[111.58251042532822,37.99897556744948],[111.58314801769546,37.99877369930662],[111.58355661801428,37.998555204393504],[111.58394081252275,37.99799299556284],[111.58455197999115,37.997339639540456],[111.5846263421747,37.99724919067384],[111.58525286469072,37.99648712728364],[111.58560001158327,37.99601206564313],[111.58566357092027,37.99592508708294],[111.58573729730308,37.99550810810977],[111.58569530386765,37.99507138248652],[111.58578829286812,37.994918085701805],[111.58596162079978,37.994653446753716],[111.58603321448422,37.99456729283125],[111.58638752576098,37.994139774186365],[111.58647035400149,37.994041235804936],[111.58701815896087,37.99349995696115],[111.58727243669634,37.99318368932814],[111.58758396988976,37.99275372561369],[111.58767883810805,37.992622791330895],[111.58802200842119,37.99218414294494],[111.58853476558448,37.992079967130444],[111.59021612472546,37.99200041211842],[111.59194965178395,37.992022184272415],[111.593169859721,37.99207700439566],[111.59423575593708,37.99210210812989],[111.59515886035854,37.99193486156969],[111.59683716052858,37.99147926227372],[111.59764428869488,37.99126177739294],[111.59783530637527,37.99106774237633],[111.59774428083679,37.99092594814093],[111.59769707554958,37.990875268108226],[111.59745750185103,37.99052306387034],[111.59692736556966,37.989743683194455],[111.596898305599,37.98971994280973],[111.59232169318308,37.98271523105878],[111.59227983742116,37.9826468259347],[111.59221072620437,37.982510980889586],[111.59210826973064,37.98234927337221],[111.59198992320809,37.98217855815113],[111.59184286941037,37.98198356960809],[111.59168510163175,37.9817543484361],[111.59157577342313,37.98158482076902],[111.59139541226514,37.98130055755776],[111.59128896747582,37.98113614675302],[111.59061517903258,37.980095422487494],[111.58998713974327,37.979122184183794],[111.58946487590707,37.97831860169029],[111.58925963456413,37.97805910887956],[111.58878252531046,37.97744364535799],[111.58849857048915,37.97688060760588],[111.5884303871212,37.97678941510024],[111.58783869490851,37.97630419395139],[111.58741325306013,37.9761232511577],[111.58684242439051,37.975836243294175],[111.58644462079234,37.97549497520289],[111.58622040924104,37.97518394416089],[111.58625842288045,37.97517907802284],[111.58621738434358,37.97514362316764],[111.58618245405208,37.975101709781796],[111.58605382249121,37.97500582056225],[111.58590100631857,37.97489779822658],[111.58501974738874,37.9742821979115],[111.58470188833546,37.97405960462046],[111.58440073414916,37.973846198853494],[111.58423612577283,37.9737330850341],[111.58421223752367,37.97371378790727],[111.58398708890503,37.97355467240481],[111.58369976495061,37.9733513765692],[111.58342572010356,37.973155035945766],[111.58301943799702,37.972874427432146],[111.58268977881787,37.97264305355372],[111.58258477012345,37.97257204134365],[111.58223964647327,37.97234679246533],[111.58211287936031,37.97223814518332],[111.58197644143277,37.972144235147034],[111.58185810696588,37.97206022212821],[111.58179427587402,37.97200796632328],[111.58175405500783,37.9719693408947],[111.58167432583262,37.97188617551962],[111.58153423708394,37.97172634630179],[111.58138196502426,37.97154982086875],[111.58129661211385,37.97145291422482],[111.5812376923356,37.971382853232775],[111.58121707655081,37.971357649083856],[111.58117393510416,37.97131110886185],[111.58103803941913,37.97117834274905],[111.58094662164012,37.97105011909907],[111.58090307139013,37.9710092809303],[111.5807738245455,37.970893603702315],[111.58064662838274,37.97080126722],[111.58062902820195,37.970638860984955],[111.58076943008953,37.970355891698055],[111.58080954812829,37.97003497144534],[111.58086602955892,37.969583157274464],[111.58057357223659,37.96830427876767],[111.58046549255833,37.96795925138709],[111.58029707717179,37.96742160866463],[111.58036905018156,37.96678109361396],[111.58044093973547,37.966130416450525],[111.58040393120187,37.96587817654018],[111.58039711296556,37.96585006263059],[111.58033282413884,37.96543998215247],[111.58030950999522,37.965212365332185],[111.58029743437304,37.96506438244824],[111.58027182703324,37.96470122305811],[111.58026073117745,37.964521257942295],[111.58024766134079,37.96440394918102],[111.58025428959957,37.964382786225],[111.58034481909688,37.96370234049209],[111.58047815747317,37.96270587715317],[111.58047723880146,37.962669260032],[111.58050978011062,37.961831849228595],[111.58045340569898,37.96119196410531],[111.58035533698643,37.96096877190561],[111.58025738125438,37.96074583401814],[111.5801002583288,37.960350317566885],[111.58014807803552,37.95990298367605],[111.58027217688917,37.959363825189406],[111.58067964656293,37.95895536083121],[111.58098516895917,37.95863885229659],[111.58124778132304,37.95776368264999],[111.58135232337587,37.95759127599294],[111.58150116045795,37.95734581865911],[111.58179167526491,37.95675502535946],[111.58180041967876,37.9562367566838],[111.58188688302295,37.95580955377127],[111.58211587116702,37.95555438809153],[111.58258835768119,37.95525737029636],[111.58308674620109,37.9549907086282],[111.58339232119987,37.9546843531863],[111.5836571426779,37.954093685202935],[111.5837800818937,37.953412265969135],[111.5836692217431,37.9523763627917],[111.58349766022927,37.95177769660648],[111.58345546724942,37.95131048411445],[111.58328584049892,37.950955680343995],[111.58307795850585,37.95063154781425],[111.58317755947199,37.950244924646775],[111.58342929747552,37.94962383610518],[111.58363155003795,37.9492367016204],[111.58366522163472,37.94862685645504],[111.58355871448738,37.948139641494485],[111.58365798820543,37.94771237412285],[111.58387306951896,37.94732517547878],[111.58411485299119,37.94706994305339],[111.58438197826422,37.94677393717619],[111.58467653357293,37.94670134568878],[111.58549910474069,37.94686999696427],[111.58727419086085,37.94740986364976],[111.58782885293866,37.94777290032274],[111.58834502740453,37.94813612860831],[111.58864177183833,37.94833786976889],[111.58902973890582,37.94824757701348],[111.58929493335624,37.94828438883864],[111.58950030559821,37.9483691731961],[111.58966963447756,37.94846367323829],[111.58975513633088,37.948615802930966],[111.58985267973517,37.94876787128701],[111.59006986640064,37.94882399101826],[111.59026228668344,37.94879442143796],[111.59051467931367,37.94873594616838],[111.5906825587792,37.94864929029502],[111.59093487533337,37.94858127911069],[111.59113933350778,37.94855164763586],[111.59151266441084,37.94855930670315],[111.59183898141563,37.948710223018686],[111.59202096504471,37.948880934661325],[111.59215540132053,37.94912816398617],[111.59241047319398,37.949403391068266],[111.59260488413258,37.94962171347137],[111.5927144749598,37.94977371872369],[111.59281179614904,37.9498971813122],[111.59295705108768,37.94999179786961],[111.59317462696883,37.95009558413928],[111.59338039210611,37.950228034847754],[111.59353738188732,37.950284451725466],[111.59391118225956,37.950349309531994],[111.59420077553372,37.950424126852326],[111.5944177398206,37.95045163526326],[111.59455347465959,37.95054748985215],[111.59474701097277,37.950656162367075],[111.59486193657251,37.95072232548866],[111.59495274316184,37.95078384276938],[111.59513416221893,37.950883040522505],[111.59536976647621,37.95098196470763],[111.59549631138684,37.95099562645777],[111.59577317418173,37.95098469030996],[111.59596578910266,37.950978947089425],[111.5961704070166,37.950968375938395],[111.59644707686383,37.95093360160796],[111.59663320814383,37.95087068142578],[111.59682524529639,37.95079342880588],[111.59714332398777,37.95066786197247],[111.59737113367886,37.950547520340365],[111.59749671290433,37.95044199966877],[111.59763475688983,37.95038885659249],[111.59776712761695,37.95037864963536],[111.59790687726272,37.95038747400989],[111.59810578169775,37.95041506829349],[111.59831078432329,37.95045216481731],[111.59856371752119,37.95046041367714],[111.59875617602324,37.950435596808994],[111.598936052226,37.95034410045268],[111.59903777940357,37.95026730393078],[111.59912140666766,37.95018583179605],[111.59925913918708,37.950094549543735],[111.59943924634544,37.950031655611085],[111.59963185842042,37.95002590731175],[111.59986063109827,37.9500247411313],[111.60000511975718,37.95002400436375],[111.60022783406964,37.95001810067015],[111.6004623945774,37.949988299423396],[111.60054636921593,37.94994973195946],[111.60067862225395,37.94992521924497],[111.60084117160899,37.94992438924147],[111.60100985702215,37.949937830753825],[111.60114867441312,37.94998002810457],[111.6012575850538,37.95004621570334],[111.60138424480967,37.95007417272043],[111.60146271688961,37.95016077661],[111.60159539876678,37.95018870351309],[111.60170388126213,37.9502024509451],[111.60182452188008,37.950230438268896],[111.60195735846779,37.95027743294749],[111.60207838837297,37.950353092259995],[111.60216919930903,37.950414603933545],[111.6022784617802,37.950523695322204],[111.60235152342801,37.95062343746267],[111.60240469497215,37.95078600828736],[111.6024281634293,37.950808017537966],[111.60287042187547,37.951222771318655],[111.6032456245424,37.95159681569792],[111.6035703889861,37.95154159369781],[111.60382307271664,37.951518844310286],[111.60424739764225,37.951502363616235],[111.60448207945866,37.951486855907035],[111.60473441096576,37.951421198937915],[111.604959766858,37.95136998231617],[111.60523057058104,37.95135428737363],[111.60537506056345,37.951353543995495],[111.60553777923872,37.951372968415],[111.60572606567654,37.95138987713133],[111.60591410633153,37.95137699053371],[111.6060639806872,37.95129874807615],[111.60622138070255,37.95122046665088],[111.60632615098011,37.951148415872],[111.6065287038984,37.95106990133016],[111.60667921405948,37.95106912531641],[111.60685982692777,37.95106819384225],[111.60702706967433,37.951089625353795],[111.60714748731989,37.9510762784395],[111.60741169462439,37.95104699414568],[111.60782373944885,37.951217608505075],[111.60837752807666,37.95145861832871],[111.60902030221794,37.95159755146663],[111.60957174543952,37.95155405135188],[111.60991636323695,37.95132871716392],[111.61024730497806,37.95100183763447],[111.61047600913392,37.95072629713711],[111.6110390987918,37.95054047015362],[111.61182091572016,37.95042463304475],[111.61257824828121,37.950451176901986],[111.61341240172362,37.95045699323154],[111.61415444978256,37.95018892687422],[111.61470891119991,37.949541197302985],[111.6149141118184,37.948955442115825],[111.61514008111472,37.948354744216196],[111.6157243097848,37.94763023495669],[111.61648935101438,37.94704703420469],[111.61678000475857,37.946878201956885],[111.61708953079477,37.94669840485718],[111.61760175619878,37.94657377974252],[111.61843620751208,37.94662020425966],[111.61966885359267,37.946715333086075],[111.62030757648016,37.94666510306112],[111.62036131051683,37.946660877307316],[111.62086532033005,37.946494862208176],[111.62098832865225,37.946454344420516],[111.62160362242177,37.94637996551786],[111.62295251950904,37.946565896763765],[111.62441759197098,37.94683248733351],[111.62529218041351,37.94707171467588],[111.6262809600751,37.94715790752282],[111.62649866000214,37.947105941783555],[111.62648393150597,37.94688247114173],[111.62636057271982,37.946466662994126],[111.62635417429392,37.94643971797281],[111.6262930835307,37.946239170352264],[111.62624615737049,37.94608099435909],[111.626102706872,37.94555313941364],[111.62610027160682,37.945522897522316],[111.62587338095692,37.94520638548516],[111.62560683868871,37.9448345544296],[111.62533944633242,37.9444960668789],[111.62491940443545,37.943964333936464],[111.6247855524312,37.94376082942726],[111.62451649358442,37.943356792959776],[111.62448937186329,37.94326695252263],[111.62434094984201,37.94276556365477],[111.62430620220945,37.94264456459288],[111.62429149286935,37.94261984647709],[111.62413366483814,37.942088662240664],[111.62370201934222,37.941115463416764],[111.62350578706295,37.94066940477874],[111.62332350549804,37.94035537187521],[111.62310076255105,37.93980783933049],[111.62260302472232,37.93860127592395],[111.62253645363748,37.93846795418558],[111.62210709971063,37.93760808935318],[111.62166516007632,37.93692961688685],[111.62151098947635,37.936630167946035],[111.62148255351832,37.93657493550583],[111.62138812744305,37.93602672328779],[111.62127942050667,37.93530584182143],[111.62127505991442,37.934787637561776],[111.62138616079127,37.93426882178548],[111.62162452198486,37.933627400438056],[111.62213279654935,37.93304551932422],[111.62232445033807,37.93285401214358],[111.62270529258875,37.93247345680084],[111.62305988831335,37.93225784031785],[111.62351102559309,37.93198351769454],[111.62359875238006,37.93193017382529],[111.62392767633649,37.931706107639435],[111.62401969141357,37.93164342693705],[111.62473688723549,37.931497360592495],[111.62524985475376,37.9314743156629],[111.62574878957733,37.93130908137776],[111.62633666011244,37.93104176060709],[111.62723136942627,37.93065086402117],[111.62801217238055,37.93044347296492],[111.62856601353833,37.93019280873573],[111.6286255960365,37.93016584193963],[111.62916135350285,37.92980733326945],[111.62942823174866,37.92951122549417],[111.62951577822527,37.92924656306871],[111.62950277148998,37.9292193138417],[111.62938515655811,37.928972906090245],[111.6290620315029,37.92869011572675],[111.62830128726057,37.928236919870606],[111.62746513891304,37.927967024661775],[111.62728746384165,37.927950394827086],[111.62695159035125,37.927918956768615],[111.62642564870161,37.927921756794014],[111.62634833709537,37.92788152208741],[111.62617803991469,37.92746581437973],[111.62617908842431,37.927426500439154],[111.62611126970313,37.92670203906644],[111.62610763334526,37.926660442772246],[111.62578037422841,37.92595388869815],[111.62577034928401,37.92590851093175],[111.62560802206907,37.92529431881723],[111.62551237594808,37.92460385620759],[111.62552262361046,37.924167528329725],[111.62553123108934,37.923801008529644],[111.62544876054399,37.92315112101851],[111.62519945479526,37.92249195825853],[111.62496401372513,37.921954657385946],[111.62487009790792,37.9214674115489],[111.62494284467869,37.920969119997146],[111.62505200719924,37.920226760822146],[111.62499623063216,37.91969866787312],[111.62478627935249,37.919140907834404],[111.62447312082921,37.918512565822624],[111.6243529587408,37.917954328395105],[111.6244630704389,37.917323740804115],[111.62459651056574,37.9164186720154],[111.62487429464844,37.91589896857836],[111.62493498525905,37.915492192119316],[111.62472667965137,37.91512748924275],[111.62473727233335,37.91486323639691],[111.62495100997646,37.91435403331069],[111.62507522592631,37.913875790954116],[111.62501859261202,37.91324608614183],[111.62492314336563,37.9125759437052],[111.62489302283156,37.91204771287149],[111.62493857370636,37.91183489212751],[111.62500406513583,37.911528893111374],[111.62519360293172,37.911192561240775],[111.62535869387527,37.91099861758334],[111.62528062668365,37.910866934419744],[111.62473940217,37.91056496903002],[111.62444176770047,37.91025154558071],[111.62416875461501,37.90981605439674],[111.62379486317046,37.90958432547026],[111.62326759224801,37.909414375427026],[111.62293329417709,37.909314531148816],[111.62250776812938,37.90904242589942],[111.62215961993297,37.90882071624581],[111.6220152990469,37.908435346608236],[111.62210002493592,37.90783537734018],[111.62204564647999,37.90746985542483],[111.62151719916645,37.90715764488373],[111.62098807197846,37.90676414364684],[111.6207150911828,37.906328644810316],[111.6206595292934,37.90582086869079],[111.62085549387909,37.90472240576588],[111.62086103922005,37.9046195532561],[111.6208998737528,37.90389909993959],[111.62081507841141,37.90296470044952],[111.62067933195176,37.90207121495657],[111.61998954963103,37.900865644352386],[111.61968941766227,37.90024738026095],[111.6196207868291,37.89970918796577],[111.61963987381898,37.898926661471535],[111.61965117499983,37.89865813416036],[111.61966126174728,37.898418479091866],[111.61945541469646,37.89833827148947],[111.61922283949637,37.89833539960044],[111.61887830438127,37.8983311438292],[111.61852152810978,37.8982774730848],[111.61827595251258,37.89824053041867],[111.61809509617234,37.898213323430916],[111.61772996799237,37.89804539557871],[111.61737421972445,37.8978817796996],[111.61673181227185,37.8977327267653],[111.61640144080998,37.897767209791205],[111.61621932987367,37.89778621800159],[111.61606498952202,37.897846260397785],[111.61584865806826,37.89793041786734],[111.61559847600849,37.897975406467225],[111.61533678681698,37.898022463771504],[111.61520845211628,37.89804554078393],[111.6147971937233,37.89793591359004],[111.61416550410364,37.89753275384955],[111.61268575941446,37.896920621202526],[111.61179797678152,37.896559428711086],[111.61142419120942,37.89632765634853],[111.61115147617318,37.8959124569998],[111.61107118246144,37.89550641712825],[111.61090088125378,37.89507036126981],[111.61060286470878,37.89469593563429],[111.61015199129157,37.89444423842408],[111.60993300885075,37.89432343743282],[111.61004656323219,37.89409929775569],[111.61046692245785,37.89376179206016],[111.61090169550852,37.8936172764209],[111.61164537067157,37.89361341452431],[111.61213328050735,37.893692170353205],[111.61278694768167,37.89365828530483],[111.61305460960064,37.893463825245675],[111.61352235978036,37.892658637908795],[111.613864921218,37.89221991108262],[111.61432430689408,37.89195331855457],[111.61492413755634,37.89161485926064],[111.61544813244656,37.891408893672775],[111.61603521636489,37.891080656988635],[111.6163911692357,37.89071298497853],[111.61679798142183,37.89029423636222],[111.6171809270959,37.89008900114357],[111.61751640365542,37.89004160948037],[111.61762916357938,37.8900256804131],[111.61864772329623,37.889307718712026],[111.61945897462608,37.88901166711807],[111.62046001557292,37.888646344217065],[111.62076704041093,37.88856343432046],[111.62093684879883,37.888427054549574],[111.62076465171268,37.88827892761346],[111.61996085939933,37.88824251795366],[111.61981106139818,37.88821328046293],[111.61906270736696,37.88806721472932],[111.61867660182692,37.88799185168767],[111.61812764849921,37.887764410902264],[111.61786840038425,37.88742705686527],[111.61796654922973,37.886898147592554],[111.61850711281994,37.886123042528176],[111.61857860617533,37.8859545814275],[111.61887592808299,37.88525399753315],[111.61934832002143,37.884506342429795],[111.61947913763626,37.88433373784653],[111.61949622930021,37.88431118581341],[111.61924910812955,37.88423119291567],[111.61915243777926,37.88419990111812],[111.61910407641918,37.884184246768264],[111.61879707458617,37.88415725535367],[111.61852925937869,37.88415866281282],[111.61841813195288,37.88415924664602],[111.61807527884551,37.88416104724164],[111.61790551974936,37.884173156846146],[111.61785885981965,37.88417648564825],[111.61758794799678,37.88414930255521],[111.61733436476977,37.884036213073934],[111.61707994100118,37.88388006098425],[111.61687050369966,37.88379839971273],[111.61664627544782,37.88375377097195],[111.61654805678884,37.883747212182556],[111.61644766352809,37.883740508836794],[111.61614320572181,37.88371373501365],[111.6161148653608,37.88371364639535],[111.61601435052971,37.88371417241369],[111.61598054804392,37.88371228885397],[111.61577964945349,37.883701097091915],[111.61533402352207,37.88371651240912],[111.61529255872777,37.883717946302156],[111.61503981307429,37.883704964717644],[111.61467449569179,37.88358873773053],[111.6146417579609,37.88357832178241],[111.61453325235394,37.88355028358587],[111.61431695309233,37.883580017188365],[111.61426792444796,37.883598262888846],[111.61408308404238,37.883667051387356],[111.61383128732585,37.88376848183943],[111.61332638926672,37.883814020438045],[111.61325421041414,37.88381439646656],[111.61302045676872,37.88391573029183],[111.6127508511073,37.88404585584362],[111.61226470569909,37.884177107196514],[111.6121389828709,37.884249272687285],[111.61172430457017,37.88429433525516],[111.61138192451583,37.88435332324099],[111.61096736329814,37.884412684872416],[111.61083019386271,37.88445302610453],[111.61057131863532,37.88452915925185],[111.61030146914949,37.88463067489538],[111.60997699161472,37.8847638597493],[111.60943860858879,37.88503561227574],[111.6089706134696,37.88518105841343],[111.60861088707604,37.88532594299441],[111.60834115074128,37.88544175589909],[111.60798118664464,37.885558035116894],[111.60726184227468,37.88586209801471],[111.60693843562507,37.88603539479577],[111.6065607730372,37.88619466792679],[111.60625575927972,37.88641077506135],[111.60571744082318,37.88678540866562],[111.60537621516623,37.886987397505486],[111.6048909718476,37.88723303247287],[111.60443452787077,37.88741455483718],[111.6035174102035,37.88816506994425],[111.60311529853404,37.88857226653695],[111.6025953440806,37.88898969963523],[111.60212847495023,37.8892781361356],[111.60137211030711,37.88966983581546],[111.60084577013413,37.8902085802363],[111.60061143683764,37.89044843262535],[111.59989557311593,37.89119104075391],[111.59958246308453,37.89152635815884],[111.59937365631586,37.89174195733112],[111.59883688602105,37.89231678584251],[111.59834406783136,37.89274836343651],[111.59807596591894,37.893071529549005],[111.59784605918851,37.893371891225726],[111.59782562893784,37.89341229555323],[111.59766051551804,37.89381336387579],[111.59748373849378,37.89423064759097],[111.59742577586778,37.894537487134116],[111.59741162228977,37.89461241122882],[111.59735358276197,37.89487491617206],[111.59732426787946,37.89508482206874],[111.59797311669466,37.89504723363929],[111.59925842890381,37.895223603761636],[111.60075309610872,37.895421753608694],[111.60132339972536,37.89548171500378],[111.60144647706251,37.89553824500217],[111.60144103090559,37.89575547250993],[111.60165819821385,37.89673747800706],[111.6020711394937,37.897844230307385],[111.60222693877047,37.898375001663126],[111.6024920991006,37.89904810725716],[111.60291181261172,37.90009766356823],[111.60309042820073,37.90077120994968],[111.60332679733084,37.90145017816939],[111.60352593960789,37.90198644076328],[111.60386223134378,37.90253343043354],[111.60432906472124,37.9031654860829],[111.60451327869283,37.90363895102764],[111.6046522034025,37.90386686690229],[111.60495131922451,37.904276868338094],[111.60541658317813,37.90471459022192],[111.60567432443867,37.90508153801139],[111.60578287157712,37.90541630521504],[111.60572054128868,37.90602630977612],[111.60568413059802,37.90627799126332],[111.60582015817302,37.9064449536102],[111.60627340213435,37.90658742017626],[111.60676580529565,37.90681351297285],[111.60729775122618,37.90716895897978],[111.60757956341779,37.90751807308091],[111.60788985460856,37.907821310831025],[111.60824786574227,37.908078577083],[111.6086145572028,37.90822148180988],[111.60917374354408,37.90837863027466],[111.60969420613473,37.90850549367757],[111.61035121968668,37.90886027684211],[111.61088401552495,37.909314774652074],[111.61118679091337,37.90986953825198],[111.61158809223191,37.910705766804696],[111.61189087873431,37.911260529268915],[111.61200984090337,37.91168668774292],[111.61206014456226,37.911953161885386],[111.61226485630942,37.9122798014765],[111.61233063516723,37.912371822626426],[111.61254708963637,37.91267462595341],[111.61269409312582,37.91300156598425],[111.6126301102345,37.91340581304089],[111.61251973424095,37.9140160703025],[111.61249631245236,37.91467159889042],[111.61247036051729,37.91502230196679],[111.61260920064369,37.91552456663064],[111.6127291856437,37.91607265683513],[111.6128318914995,37.91685708669038],[111.61285209879497,37.91702783914031],[111.61286134309363,37.91705644956765],[111.61286145044315,37.91714723477138],[111.61287529277399,37.917218762253476],[111.61291951798827,37.91764129937534],[111.61293279092955,37.917755608639425],[111.61299439521144,37.918296809371846],[111.61301901849208,37.91854035815664],[111.61306424883801,37.919499033725884],[111.61307053360764,37.91956454447911],[111.61307620264073,37.91959670604401],[111.61308334078896,37.91963281052907],[111.61311359215975,37.92000760068323],[111.61310228529902,37.92003444961493],[111.61311345015909,37.92016447388617],[111.61313025969343,37.92041425806326],[111.61314242409364,37.920658358143065],[111.61314157186844,37.920865838403465],[111.61314494060416,37.921019128316665],[111.61315572256015,37.921359016019004],[111.61315394059027,37.921454785027166],[111.61315472097387,37.92150877722806],[111.6131580441128,37.92173861477457],[111.61316170334214,37.92199166749418],[111.61316501291475,37.92222054830607],[111.61315906393921,37.922662598325545],[111.61313024846702,37.92273886071161],[111.61305558044045,37.92294511460268],[111.61256766380933,37.92327535913468],[111.61223246733077,37.92346000727726],[111.61212552508363,37.92352642957903],[111.61206825152148,37.92355432742389],[111.61174422793647,37.92375214529799],[111.61167479572747,37.92379210472163],[111.61117895859955,37.92403705862053],[111.61070020328327,37.924313902044375],[111.61037227921607,37.92458102498599],[111.61033448090178,37.92461561397303],[111.61005186509777,37.92502601801458],[111.60974665095355,37.925347682593525],[111.60923167525053,37.92578599278675],[111.60920373804547,37.92580267485698],[111.60915824175,37.92583185990528],[111.60906208700568,37.92589745868752],[111.60898548558077,37.925945516935066],[111.60847476969249,37.926284028455946],[111.60790959149462,37.926584168393184],[111.60704733563993,37.92705584004081],[111.60699962682827,37.927076609285685],[111.60653008351805,37.92730766159236],[111.60627288285367,37.92762144778698],[111.6060087522412,37.92826297358405],[111.60570581815682,37.928866592822345],[111.60528717504468,37.92944032267227],[111.60483922720925,37.92996085408552],[111.60429362270969,37.93030660169419],[111.60396176865866,37.93048815042036],[111.60363268503929,37.930668182152296],[111.60293325339008,37.93102995433719],[111.6027142011233,37.9313054333417],[111.60268850898832,37.931694235058615],[111.60271117495844,37.932113275556915],[111.60286779526355,37.93244017575013],[111.60360104015365,37.932766143684354],[111.60382991166622,37.932967585336726],[111.60412748070864,37.933472598104345],[111.60435538882886,37.93373959511564],[111.60448636662652,37.93411435855474],[111.60460913928347,37.934405732716634],[111.60481555338959,37.93480394393631],[111.60490935554844,37.93523253098815],[111.60510761530844,37.93555331373507],[111.60528222960801,37.93574311216582],[111.60554781776592,37.93601587342857],[111.60570728874416,37.93619383167584],[111.605963790076,37.93627594045996],[111.60615252628692,37.93635243995714],[111.60636456948613,37.93651820720206],[111.60653156801791,37.936696125515404],[111.60674390698163,37.93689764651642],[111.6069272355721,37.93714887764086],[111.60710891235064,37.93728142891111],[111.60746538497472,37.93744168204443],[111.60768286515774,37.937535907745534],[111.60806990767043,37.93775320998686],[111.6083244091405,37.93795689403327],[111.60847072118085,37.938180206944565],[111.60860428702503,37.9383177714473],[111.60874733815456,37.9385712945094],[111.60890651707588,37.938894655718904],[111.60901707651422,37.93913258305139],[111.60910751784057,37.93917966128927],[111.6093606888008,37.93922125705636],[111.6095475286248,37.93924889371232],[111.60977087903225,37.93932401608331],[111.60993383701124,37.93937561258999],[111.6103446202603,37.939549877550114],[111.61056195253384,37.93962502872572],[111.61074855595626,37.93962406028903],[111.61095313993702,37.93961346369516],[111.61116370306522,37.93959806798829],[111.6113804044067,37.93959694221329],[111.61157306706613,37.93960070868638],[111.61186271437091,37.93968501696763],[111.61201499409455,37.939778623136554],[111.61234574914128,37.94000549695795],[111.61250177723457,37.940248077220026],[111.61280376521981,37.9405266315307],[111.61301072132554,37.9407175272941],[111.61341523794613,37.94119731893968],[111.61351610194913,37.94131695133206],[111.61403533961051,37.941821011689996],[111.61467816937612,37.94243313157443],[111.61546564280232,37.943151049182084],[111.61632863857494,37.94393149453006],[111.61660453316433,37.94430803939311],[111.61664014176486,37.944356637876695],[111.6166122268259,37.944471097163095],[111.6165065634351,37.944494514540914],[111.61626528532587,37.94441194744558],[111.61546428076436,37.944141784987586],[111.61445227399773,37.94395654934714],[111.61429299445193,37.943949097934166],[111.61416689716705,37.943943198375585],[111.61401406610487,37.943936048068664],[111.61387870706855,37.943929715439495],[111.61313334786169,37.94389483960335],[111.61240659457971,37.94395593328632],[111.61203708125686,37.943991998354505],[111.61121038145544,37.94410298873713],[111.6110699495571,37.94411121926471],[111.61102890505961,37.94411571992798],[111.61035430808644,37.944153160068],[111.61020489776367,37.9441369192532],[111.60971855610879,37.944080244295165],[111.60905623492687,37.943787969220246],[111.60895556720662,37.94374887207135],[111.6082514532444,37.943554369061076],[111.60705682255306,37.94339287643187],[111.60594999187734,37.94337571810903],[111.6043905084134,37.943315148906734],[111.60263838156628,37.94323268397238],[111.60110839043644,37.94324813221823],[111.60007867191742,37.94324576563372],[111.59907676913205,37.94311369344094],[111.59806725583594,37.94289419127509],[111.59777532519763,37.94283071350356],[111.5958190420116,37.942490071263656],[111.59359401111898,37.942234580134276],[111.59298882931135,37.94218704374655],[111.59237278397698,37.94216728494962],[111.5913816296934,37.942172270774066],[111.59044717747977,37.94204740597289],[111.58984964948037,37.94193608706911],[111.58910698802853,37.94172641875314],[111.58850818832381,37.94145506055425],[111.58818766124266,37.941083232722654],[111.58757803282872,37.94065950234425],[111.58717328491397,37.94028291008393],[111.58690058500126,37.9400554342437],[111.58672880086496,37.94002768653158],[111.5866116471669,37.94005687509089],[111.58648552035463,37.940093258917756],[111.58644094164718,37.940164993093724],[111.58643282210878,37.9402794521969],[111.58646117531309,37.94054225183661],[111.58632872301607,37.940871502523635],[111.58538896359381,37.941287714312686],[111.58446662824645,37.941475203828034],[111.58304625160692,37.9419623735893],[111.58281231568394,37.94207845300373],[111.58265377658903,37.94215711881016],[111.58186721118017,37.942547405228105],[111.58121615280888,37.942969778400396],[111.5809575324077,37.943123475336215],[111.58083219461247,37.94309361037102],[111.5806671048278,37.942903899009984],[111.58004788222846,37.94248017790028],[111.57966526678501,37.94224670532677],[111.57960608486286,37.942210592214785],[111.57925497479438,37.94199634022639],[111.57834684300786,37.94154354642417],[111.57762166865139,37.94129389223083],[111.57756738918997,37.94127520497554],[111.57714952657575,37.94138239358661],[111.57699187750916,37.94178644791211],[111.57676486163236,37.94229054855717],[111.57644345709664,37.94303135948759],[111.57577787538918,37.944063452668146],[111.57552078512353,37.944415277333796],[111.57529190709555,37.94468313044492],[111.57509272959992,37.945057534694534],[111.57483705753488,37.9455922534309],[111.57465860573532,37.94615707819867],[111.57446031454992,37.946645791043316],[111.57405219550012,37.94737939744645],[111.57370086514196,37.94799079140075],[111.57337934756296,37.948723974842736],[111.5731340428822,37.94935771035107],[111.57281138846758,37.949946098102714],[111.57248837526112,37.950488761073636],[111.57211829910233,37.95116882877512],[111.57195067950784,37.951893639508235],[111.57174485535364,37.95265673754217],[111.57167170085928,37.953152458008056],[111.57166561793701,37.95360974605797],[111.57169892846773,37.95381604030058],[111.57175660894843,37.9541732580588],[111.57185799278088,37.954835791478935],[111.57196050131616,37.95564311777649],[111.57213121360388,37.956556805165704],[111.57215538342342,37.95722751462776],[111.5721815783277,37.95741191559049],[111.57218289396772,37.957465484497874],[111.57222794623524,37.95785952364596],[111.57235555206198,37.95817898440142],[111.57252095223167,37.958406808199754],[111.57280244471836,37.95871027759866],[111.5732218869578,37.959424607607914],[111.5735244759364,37.95996422186023],[111.57379807181265,37.96048873574743],[111.57411926392999,37.96094442659557],[111.57487443628784,37.96150469308496],[111.57533039597764,37.96195972277565],[111.5756327707327,37.962468849573284],[111.57583984563469,37.96310037671456],[111.5759604711047,37.96375518944191],[111.57599613438703,37.964623805392506],[111.57591783396703,37.96569112561935],[111.57590213370949,37.96617431102322],[111.5758945527523,37.96640761164381],[111.5759458960467,37.96681889220079],[111.57601548218827,37.96710052699654],[111.57647249690154,37.967685103803255],[111.57674428225882,37.96809031141457],[111.57680366395397,37.96817884318042],[111.57695888047063,37.96856290051137],[111.57710798271843,37.968931825969825],[111.5771691285791,37.96922839813122],[111.57718803587923,37.969320102207355],[111.5774785605391,37.96953968446722],[111.57805811886986,37.96978832965525],[111.57833830184074,37.96991650970331],[111.57830081246921,37.970046250319335],[111.57761971866735,37.97035443563473],[111.57737306782494,37.970444759492906],[111.57703297787798,37.97057765666182],[111.576909442538,37.970624654700636],[111.57608346055432,37.970872573467034],[111.57497931160513,37.97125140182692],[111.57419342746377,37.971704877587435],[111.57341769272321,37.97222688676389],[111.57262364172911,37.972870914449835],[111.5720796975209,37.97349085884253],[111.5714979499123,37.974202436995576],[111.57130050632483,37.974813072827644],[111.5711979726253,37.97524796579465],[111.571182852367,37.97578150592758],[111.57109077177302,37.97632304148637],[111.5710284691883,37.97658274015888],[111.57101399049239,37.97727227439183],[111.5709338485381,37.97742283629838],[111.57070101551162,37.977688557067395],[111.57048586122208,37.977904134603634],[111.57029769630857,37.97810527785356],[111.57022614391808,37.97819858907742],[111.57015531053356,37.978384861099215],[111.57011135700044,37.978542398525306],[111.57007715584338,37.978792852987766],[111.57000648745147,37.979000576854304],[111.56990871582583,37.97920843289563],[111.56971382509404,37.979358207481795],[111.56969970139824,37.97945437811209],[111.56963503783858,37.97950619157462],[111.56947961710114,37.9796307262894],[111.5692394544734,37.979700477768624],[111.56863302201135,37.97971865281737],[111.56802729294562,37.97982827210806],[111.56738481358306,37.980166695172215],[111.56666412920038,37.98035307087752],[111.56652970069989,37.98036228438872],[111.56618159155994,37.980290877759366],[111.56597064559591,37.98027282314928],[111.56577776818682,37.98025468125084],[111.56565128785282,37.9802552895623],[111.56549436455886,37.98021313770158],[111.56531324009505,37.98015679891245],[111.56517416625522,37.98008595656726],[111.5650174994411,37.980077173879906],[111.56482414775579,37.9799970564782],[111.5646850381505,37.979921446043605],[111.56451585179644,37.97985074747313],[111.56440108872468,37.97980839179805],[111.56413604897799,37.97980489557379],[111.56395543728664,37.97981529612235],[111.56366035577163,37.979821478216834],[111.56342550243353,37.97982737018938],[111.56319061262393,37.97982849508981],[111.56300390471718,37.9798293889098],[111.56273431016727,37.979857236384],[111.56263566454626,37.97984656297558],[111.56194013625374,37.979545049199345],[111.56126375512704,37.979228197214184],[111.56032824417906,37.97901927131319],[111.55963429776676,37.97892350149785],[111.5592307438813,37.979032114341464],[111.55863590553196,37.97930929514409],[111.55805115092159,37.979647393203436],[111.5580032349796,37.97972828458778],[111.55795608540114,37.979807883096996],[111.55810159917412,37.9799519907581],[111.55876828804041,37.980261286955866],[111.55960961453435,37.98074502837534],[111.56107126542324,37.98176689543132],[111.56158590812262,37.98233601111989],[111.56215937526957,37.98304202035358],[111.5625018896337,37.98376437318722],[111.56257945587174,37.984041987793944],[111.5629936244229,37.98463556998218],[111.56314014941705,37.98489230856511],[111.56326849530498,37.98513483188855],[111.56337811732178,37.985291631112176],[111.5634885043152,37.98554854141494],[111.56363481292848,37.9857766761259],[111.563799412339,37.98603332630752],[111.56396346553865,37.986218468265236],[111.56432771331727,37.986588578969084],[111.56470709720404,37.986968149382825],[111.56490441114396,37.98716981714132],[111.56496537651905,37.9872648723579],[111.56531364336045,37.98751348734018],[111.56545008543644,37.987632016058434],[111.5656169203726,37.987786154196634],[111.56566166128655,37.98784768542462],[111.56574434516394,37.98795191434788],[111.56578477733089,37.98801087790731],[111.56593974420393,37.98804496013195],[111.56607079589492,37.98807799506776],[111.56609641987417,37.98808734041473],[111.5664540344526,37.98820374283045],[111.56655237454358,37.98826286145724],[111.56666563693167,37.98830403114119],[111.5667861530465,37.98830940912647],[111.5669366027517,37.988290806149934],[111.56708718999657,37.988290081085104],[111.5671476086144,37.988313626313115],[111.56720095738638,37.988396798791065],[111.56725430513447,37.98847997034728],[111.56733024140657,37.98856303382247],[111.56744359534237,37.98861612058704],[111.56764725723043,37.98866281183281],[111.56779816670526,37.9887037978157],[111.56789646260125,37.98875695683406],[111.56796538559483,37.98883000488928],[111.56798485466129,37.988846240052744],[111.56801785251017,37.98887555520585],[111.5680637825434,37.9889220659198],[111.5681163785643,37.98895850906487],[111.56820823080005,37.989025830779745],[111.56823753933936,37.98904731217249],[111.56833409275386,37.98909967561717],[111.56840369363239,37.98911206116879],[111.56850788073073,37.98910080963142],[111.56861424231673,37.989075287722464],[111.56868985872788,37.98911663743938],[111.56873572591795,37.98920580406411],[111.56878186813671,37.989330725062864],[111.56885771497927,37.989401869690205],[111.56897869327057,37.9894668354566],[111.56907717516695,37.98954383002382],[111.5691829109601,37.98958503278035],[111.56934139916797,37.98963193967826],[111.56951522276329,37.98971452782518],[111.56962013733582,37.989769151566506],[111.5697810145351,37.98997089465051],[111.56986780517778,37.99001543277703],[111.57045776921109,37.99031817837563],[111.57078793354938,37.99067475979607],[111.570835411213,37.990752998601586],[111.57089587407056,37.99076230082745],[111.57092598942246,37.99078281904414],[111.57094476385534,37.990815764641184],[111.57095243189322,37.99085130024131],[111.57095127334686,37.99089364099483],[111.57093724366602,37.9909207709344],[111.57104154366304,37.991092681730294],[111.57108330040273,37.991184727774915],[111.57125339129014,37.99133793833033],[111.57132956611034,37.99145079322237],[111.57144371436401,37.991605179757585],[111.57155772324035,37.991741688100504],[111.57164891192167,37.991848511128026],[111.57185351057534,37.99201437495017],[111.57194470003233,37.99212119863818],[111.57202868460497,37.99226977077844],[111.57212823797902,37.99248381893506],[111.57213707323281,37.99251431983407],[111.57216907231393,37.99262478989028],[111.57223849253691,37.992702504218116],[111.57235588213629,37.992938181144176],[111.57227985209028,37.99306810786164],[111.57192492117052,37.993245115489714],[111.57153876055386,37.99350441515316],[111.5714650680582,37.99355218683947],[111.57128936715581,37.993797477917354],[111.57124595108193,37.99385808914814],[111.5709792148631,37.99423280923082],[111.57070202078354,37.99450088896204],[111.57040568336426,37.994784300833444],[111.56998392036601,37.99503783638039],[111.56974482594923,37.995252380346265],[111.56959245811389,37.995474125603],[111.56950838297955,37.99580985401538],[111.56955912506282,37.99614492952418],[111.56958447634689,37.9962248768424],[111.56961747334532,37.99632893355866],[111.56966770710585,37.99648734661446],[111.56984422930199,37.99689802047694],[111.56986655546869,37.99729420045799],[111.5697720230209,37.997523287398835],[111.56957191290583,37.9977986108635],[111.56938131356002,37.99805864438593],[111.56925841840187,37.99835645696192],[111.56925220251941,37.998798498554606],[111.56917722238786,37.99906559558908],[111.56912026547894,37.99917256433955],[111.56899536434534,37.99921127396436],[111.56879342210938,37.99925035428949],[111.56849874701858,37.99929929717625],[111.56831374445098,37.99933237125019],[111.56818734289774,37.999347284093844],[111.56802942276377,37.99937665112651],[111.5678895756557,37.999405931578224],[111.56775873686851,37.99943159172707],[111.56761423430684,37.99944301559378],[111.56752841351064,37.99944700552165],[111.56739286424957,37.99944765957075],[111.56720761294054,37.99944855318832],[111.56704043592254,37.999449359368406],[111.5667828644313,37.999447025247136],[111.56646184379237,37.99941996686656],[111.5662358726574,37.999413904487774],[111.56604136553092,37.999386236658886],[111.56581914502486,37.99928003901656],[111.56556507558008,37.99914539084374],[111.56539721293055,37.999056808808696],[111.56525651458384,37.99897524836717],[111.56504328666381,37.99886304734356],[111.56483465104986,37.998760358298874],[111.56463464073862,37.99860399486011],[111.56445752416718,37.998486852618505],[111.56432558984281,37.998369492408045],[111.56421107254376,37.998166235945796],[111.56413782252433,37.99804144336855],[111.56409655588253,37.99796297936003],[111.56399638820548,37.99786334513263],[111.56387404019681,37.99781744978441],[111.56377907575066,37.997807177819034],[111.56364818472014,37.99782568305193],[111.56350831137567,37.99785138177385],[111.56336873879617,37.99791641031705],[111.56308063791936,37.99805723612927],[111.5628602565283,37.99819058655416],[111.5626472880481,37.99833613648362],[111.5622774343252,37.998511971941326],[111.56210429949589,37.99856202310018],[111.56176813377769,37.998659204260484],[111.56080446998791,37.9985799720522],[111.55986998611456,37.99853869830826],[111.5592708266934,37.99826719489935],[111.55885348953625,37.99784240611217],[111.55835185453205,37.99773047381428],[111.55748508155715,37.99772696577701],[111.55664818030228,37.99785286398397],[111.55539769489278,37.99804929893473],[111.55474381524785,37.998181940912154],[111.55394691494199,37.99850577674435],[111.55310334454505,37.99902797038913],[111.55235549155941,37.9994734987851],[111.55177083656537,37.99984966805564],[111.5512242386458,38.000164690833614],[111.55093629214724,38.00029559502088],[111.55068561607234,38.00025866471327],[111.55040371137493,37.99990942048659],[111.54993780753281,37.9994238612181],[111.54943498080564,37.999151856238306],[111.54862404554125,37.99888890948725],[111.54847008465029,37.99884699429384],[111.54788097651621,37.998686608003055],[111.54738869998484,37.99853648182723],[111.54706092997618,37.99849228168379],[111.54663748290952,37.99853235415378],[111.54622383173424,37.99859524314321],[111.54585748708976,37.99854359882109],[111.54539444244833,37.99843905387817],[111.54482439591227,37.99819020342176],[111.54403342314791,37.99801858208349],[111.54369214681944,37.99802016029959],[111.54363858278272,37.998020407914005],[111.54288787536332,37.99808484455112],[111.54240731849343,37.998216616884605],[111.54201320836995,37.998317506253215],[111.54164748215757,37.998349674746215],[111.54127100521195,37.9982294730484],[111.54087280768677,37.997774048513016],[111.54034841679966,37.997182023845625],[111.54001831106872,37.996817734943036],[111.53952594877718,37.99665233434523],[111.53889988461655,37.996639962991715],[111.53809057054826,37.99659032154809],[111.53727257377443,37.99667027104519],[111.53669493723056,37.996695770232556],[111.5362427142823,37.99675118015688],[111.53562760748567,37.996921642668646],[111.53528103670455,37.99693846234412],[111.5348468502198,37.99682612353157],[111.53438350089102,37.99667581119433],[111.53400759780725,37.99663179330332],[111.53349582671734,37.996443591975385],[111.53311871173541,37.996231916325215],[111.53281940991704,37.99612657756529],[111.53202011806883,37.99613019601806],[111.53115248691616,37.99600456080754],[111.53055207608604,37.99581147471591],[111.530400676086,37.9961353421812],[111.53022369548026,37.99652226848708],[111.52951961259794,37.99682011648888],[111.52837808209311,37.99699799133463],[111.52766027073882,37.99717395479726],[111.52731627711542,37.997551464437464],[111.5271147593869,37.9981010770548],[111.52657808030284,37.99846928648431],[111.52587352627972,37.998706147678114],[111.52480849505302,37.998812517265115],[111.52403575863347,37.998825747024284],[111.52370164043688,37.998923579776665],[111.52327792187917,37.99926266866438],[111.5229489317549,38.000083053334805],[111.52252776666737,38.000783418768336],[111.5222661976945,38.000976638834985],[111.52213412832162,38.00107419761734],[111.52190979958935,38.001097398358105],[111.52127016343717,38.001314124521585],[111.51985574355363,38.00164922125323],[111.51847324031584,38.00217335441829],[111.51779871350467,38.00289256227474],[111.51766210650098,38.00380760558166],[111.51735396818705,38.00471889873986],[111.51674557225073,38.005334202725074],[111.51600183644814,38.005729370332126],[111.51542245723944,38.00622291504682],[111.51508297732933,38.00693162975744],[111.51480606284998,38.00773466788601],[111.51454172414887,38.008163930883605],[111.51494066540363,38.008355778691275],[111.51542872854408,38.00849815516052],[111.5163949107113,38.008333723902474],[111.51669170033989,38.00839013583576],[111.51698572166556,38.00843055886264],[111.51729451293836,38.00842920091895],[111.51753552130207,38.00842814049466],[111.51776891389432,38.00841519484818],[111.5179268658307,38.00838470318517],[111.51800954481516,38.008360501591476],[111.51816000654885,38.00833600219036],[111.51838590990073,38.008329047900254],[111.51853653932929,38.00832838379899],[111.5186568753888,38.00830401569646],[111.51891820123288,38.00823153885573],[111.51907906788418,38.008250394147886],[111.52078612119945,38.00845046888416],[111.52115391550633,38.00851287321422],[111.5214921038768,38.00862102392141],[111.52193888187638,38.0087477614867],[111.5220479776703,38.00883785742146],[111.5221749814208,38.0089040372202],[111.52236206874694,38.00894611258686],[111.52263552091696,38.00905421779358],[111.52312215538097,38.00914760636669],[111.52334844285791,38.00918575704645],[111.52453662366133,38.00912022227957],[111.52458147430588,38.00912197180145],[111.52462375243694,38.009122084101406],[111.52527499388944,38.009086720425536],[111.52532581030803,38.00908644297551],[111.52718037943384,38.00914328266137],[111.52724332453975,38.009145976194944],[111.52773193887036,38.00916616867686],[111.52940878732655,38.00951992151505],[111.53087169333784,38.00975418520993],[111.53172404778182,38.009750334219774],[111.53220692704971,38.009689546852215],[111.53251499883233,38.009654645219065],[111.53275817402695,38.00962522429852],[111.53288468912362,38.00962018610475],[111.53298591153636,38.00961679848056],[111.53307741944333,38.00961145206552],[111.53376255510668,38.00959658543125],[111.53500976290364,38.009470488348455],[111.53592124249822,38.00922547828807]]]]},"properties":{"code":"SXPR-P30","name_short":"云顶山","name_full":"山西云顶山省级自然保护区","zone":"buffer","area_km2":38.765,"feature_count":1}},{"type":"Feature","geometry":{"type":"MultiPolygon","coordinates":[[[[111.61611209026246,37.89782793666234],[111.61621932987367,37.89778621800159],[111.61625361284457,37.897782639300985],[111.61626027065253,37.89778194496149],[111.61640144080998,37.897767209791205],[111.61673181227185,37.8977327267653],[111.61676292796973,37.89773994596781],[111.61737421972445,37.8978817796996],[111.61772996799237,37.89804539557871],[111.61809509617234,37.898213323430916],[111.61827595251258,37.89824053041867],[111.61852152810978,37.8982774730848],[111.61887830438127,37.8983311438292],[111.61922283949637,37.89833539960044],[111.61945541469646,37.89833827148947],[111.61966126174728,37.898418479091866],[111.61965117499983,37.89865813416036],[111.61963987381898,37.898926661471535],[111.6196207868291,37.89970918796577],[111.61968941766227,37.90024738026095],[111.61998954963103,37.900865644352386],[111.62067933195176,37.90207121495657],[111.62081507841141,37.90296470044952],[111.6208998737528,37.90389909993959],[111.62086103922005,37.9046195532561],[111.62085549387909,37.90472240576588],[111.6206595292934,37.90582086869079],[111.6207150911828,37.906328644810316],[111.62098807197846,37.90676414364684],[111.62151719916645,37.90715764488373],[111.62204564647999,37.90746985542483],[111.62210002493592,37.90783537734018],[111.6220152990469,37.908435346608236],[111.62215961993297,37.90882071624581],[111.62250776812938,37.90904242589942],[111.62293329417709,37.909314531148816],[111.62326759224801,37.909414375427026],[111.62379486317046,37.90958432547026],[111.62416875461501,37.90981605439674],[111.62444176770047,37.91025154558071],[111.62473940217,37.91056496903002],[111.62528062668365,37.910866934419744],[111.62535869387527,37.91099861758334],[111.62519360293172,37.911192561240775],[111.62500406513583,37.911528893111374],[111.62493857370636,37.91183489212751],[111.62489302283156,37.91204771287149],[111.62492314336563,37.9125759437052],[111.62501859261202,37.91324608614183],[111.62507522592631,37.913875790954116],[111.62495100997646,37.91435403331069],[111.62473727233335,37.91486323639691],[111.62472667965137,37.91512748924275],[111.62493498525905,37.915492192119316],[111.62487429464844,37.91589896857836],[111.62459651056574,37.9164186720154],[111.6244630704389,37.917323740804115],[111.6243529587408,37.917954328395105],[111.62447312082921,37.918512565822624],[111.62478627935249,37.919140907834404],[111.62499623063216,37.91969866787312],[111.62505200719924,37.920226760822146],[111.62494284467869,37.920969119997146],[111.62487009790792,37.9214674115489],[111.62496401372513,37.921954657385946],[111.62519945479526,37.92249195825853],[111.62544876054399,37.92315112101851],[111.62553123108934,37.923801008529644],[111.62552262361046,37.924167528329725],[111.62551237594808,37.92460385620759],[111.62560802206907,37.92529431881723],[111.62577034928401,37.92590851093175],[111.62578037422841,37.92595388869815],[111.62610763334526,37.926660442772246],[111.62611126970313,37.92670203906644],[111.62617908842431,37.927426500439154],[111.62617803991469,37.92746581437973],[111.62634833709537,37.92788152208741],[111.62642564870161,37.927921756794014],[111.62695159035125,37.927918956768615],[111.62728746384165,37.927950394827086],[111.62746513891304,37.927967024661775],[111.62830128726057,37.928236919870606],[111.6290620315029,37.92869011572675],[111.62938515655811,37.928972906090245],[111.62950277148998,37.9292193138417],[111.62951577822527,37.92924656306871],[111.62942823174866,37.92951122549417],[111.62916135350285,37.92980733326945],[111.6286255960365,37.93016584193963],[111.62856601353833,37.93019280873573],[111.62801217238055,37.93044347296492],[111.62723136942627,37.93065086402117],[111.62633666011244,37.93104176060709],[111.62574878957733,37.93130908137776],[111.62524985475376,37.9314743156629],[111.62473688723549,37.931497360592495],[111.62401969141357,37.93164342693705],[111.62392767633649,37.931706107639435],[111.62359875238006,37.93193017382529],[111.62351102559309,37.93198351769454],[111.62305988831335,37.93225784031785],[111.62270529258875,37.93247345680084],[111.62232445033807,37.93285401214358],[111.62213279654935,37.93304551932422],[111.62162452198486,37.933627400438056],[111.62138616079127,37.93426882178548],[111.62127505991442,37.934787637561776],[111.62127942050667,37.93530584182143],[111.62138812744305,37.93602672328779],[111.62148255351832,37.93657493550583],[111.62151098947635,37.936630167946035],[111.62166516007632,37.93692961688685],[111.62210709971063,37.93760808935318],[111.62253645363748,37.93846795418558],[111.62260302472232,37.93860127592395],[111.62310076255105,37.93980783933049],[111.62332350549804,37.94035537187521],[111.62350578706295,37.94066940477874],[111.62370201934222,37.941115463416764],[111.62413366483814,37.942088662240664],[111.62429149286935,37.94261984647709],[111.62430620220945,37.94264456459288],[111.62434094984201,37.94276556365477],[111.62448937186329,37.94326695252263],[111.62451649358442,37.943356792959776],[111.6247855524312,37.94376082942726],[111.62491940443545,37.943964333936464],[111.62533944633242,37.9444960668789],[111.62560683868871,37.9448345544296],[111.62587338095692,37.94520638548516],[111.62610027160682,37.945522897522316],[111.626102706872,37.94555313941364],[111.62624615737049,37.94608099435909],[111.6262930835307,37.946239170352264],[111.62635417429392,37.94643971797281],[111.62636057271982,37.946466662994126],[111.62648393150597,37.94688247114173],[111.62649866000214,37.947105941783555],[111.6262809600751,37.94715790752282],[111.62529218041351,37.94707171467588],[111.62441759197098,37.94683248733351],[111.62295251950904,37.946565896763765],[111.62160362242177,37.94637996551786],[111.62098832865225,37.946454344420516],[111.62086532033005,37.946494862208176],[111.62036131051683,37.946660877307316],[111.62030757648016,37.94666510306112],[111.61966885359267,37.946715333086075],[111.61843620751208,37.94662020425966],[111.61760175619878,37.94657377974252],[111.61708953079477,37.94669840485718],[111.61678000475857,37.946878201956885],[111.61648935101438,37.94704703420469],[111.6157243097848,37.94763023495669],[111.61514008111472,37.948354744216196],[111.6149141118184,37.948955442115825],[111.61470891119991,37.949541197302985],[111.61415444978256,37.95018892687422],[111.61341240172362,37.95045699323154],[111.61257824828121,37.950451176901986],[111.61182091572016,37.95042463304475],[111.6110390987918,37.95054047015362],[111.61047600913392,37.95072629713711],[111.61024730497806,37.95100183763447],[111.60991636323695,37.95132871716392],[111.60957174543952,37.95155405135188],[111.60902030221794,37.95159755146663],[111.60837752807666,37.95145861832871],[111.60782373944885,37.951217608505075],[111.60741169462439,37.95104699414568],[111.60714748731989,37.9510762784395],[111.60702706967433,37.951089625353795],[111.60685982692777,37.95106819384225],[111.60667921405948,37.95106912531641],[111.6065287038984,37.95106990133016],[111.60632615098011,37.951148415872],[111.60622138070255,37.95122046665088],[111.6060639806872,37.95129874807615],[111.60591410633153,37.95137699053371],[111.60572606567654,37.95138987713133],[111.60553777923872,37.951372968415],[111.60537506056345,37.951353543995495],[111.60523057058104,37.95135428737363],[111.604959766858,37.95136998231617],[111.60473441096576,37.951421198937915],[111.60448207945866,37.951486855907035],[111.60424739764225,37.951502363616235],[111.60382307271664,37.951518844310286],[111.6035703889861,37.95154159369781],[111.6032456245424,37.95159681569792],[111.60287042187547,37.951222771318655],[111.6024281634293,37.950808017537966],[111.60240469497215,37.95078600828736],[111.60235152342801,37.95062343746267],[111.6022784617802,37.950523695322204],[111.60216919930903,37.950414603933545],[111.60207838837297,37.950353092259995],[111.60195735846779,37.95027743294749],[111.60182452188008,37.950230438268896],[111.60170388126213,37.9502024509451],[111.60159539876678,37.95018870351309],[111.60146271688961,37.95016077661],[111.60138424480967,37.95007417272043],[111.6012575850538,37.95004621570334],[111.60114867441312,37.94998002810457],[111.60100985702215,37.949937830753825],[111.60084117160899,37.94992438924147],[111.60067862225395,37.94992521924497],[111.60054636921593,37.94994973195946],[111.6004623945774,37.949988299423396],[111.60022783406964,37.95001810067015],[111.60000511975718,37.95002400436375],[111.59986063109827,37.9500247411313],[111.59963185842042,37.95002590731175],[111.59943924634544,37.950031655611085],[111.59925913918708,37.950094549543735],[111.59912140666766,37.95018583179605],[111.59903777940357,37.95026730393078],[111.598936052226,37.95034410045268],[111.59875617602324,37.950435596808994],[111.59856371752119,37.95046041367714],[111.59831078432329,37.95045216481731],[111.59810578169775,37.95041506829349],[111.59790687726272,37.95038747400989],[111.59776712761695,37.95037864963536],[111.59763475688983,37.95038885659249],[111.59749671290433,37.95044199966877],[111.59737113367886,37.950547520340365],[111.59714332398777,37.95066786197247],[111.59682524529639,37.95079342880588],[111.59663320814383,37.95087068142578],[111.59644707686383,37.95093360160796],[111.5961704070166,37.950968375938395],[111.59596578910266,37.950978947089425],[111.59577317418173,37.95098469030996],[111.59549631138684,37.95099562645777],[111.59536976647621,37.95098196470763],[111.59513416221893,37.950883040522505],[111.59495274316184,37.95078384276938],[111.59486193657251,37.95072232548866],[111.59474701097277,37.950656162367075],[111.59455347465959,37.95054748985215],[111.5944177398206,37.95045163526326],[111.59420077553372,37.950424126852326],[111.59391118225956,37.950349309531994],[111.59353738188732,37.950284451725466],[111.59338039210611,37.950228034847754],[111.59317462696883,37.95009558413928],[111.59295705108768,37.94999179786961],[111.59281179614904,37.9498971813122],[111.5927144749598,37.94977371872369],[111.59260488413258,37.94962171347137],[111.59241047319398,37.949403391068266],[111.59215540132053,37.94912816398617],[111.59202096504471,37.948880934661325],[111.59183898141563,37.948710223018686],[111.59151266441084,37.94855930670315],[111.59113933350778,37.94855164763586],[111.59093487533337,37.94858127911069],[111.5906825587792,37.94864929029502],[111.59051467931367,37.94873594616838],[111.59026228668344,37.94879442143796],[111.59006986640064,37.94882399101826],[111.58985267973517,37.94876787128701],[111.58975513633088,37.948615802930966],[111.58966963447756,37.94846367323829],[111.58950030559821,37.9483691731961],[111.58929493335624,37.94828438883864],[111.58902973890582,37.94824757701348],[111.58864177183833,37.94833786976889],[111.58834502740453,37.94813612860831],[111.58782885293866,37.94777290032274],[111.58727419086085,37.94740986364976],[111.58549910474069,37.94686999696427],[111.58467653357293,37.94670134568878],[111.58438197826422,37.94677393717619],[111.58411485299119,37.94706994305339],[111.58387306951896,37.94732517547878],[111.58365798820543,37.94771237412285],[111.58355871448738,37.948139641494485],[111.58366522163472,37.94862685645504],[111.58363155003795,37.9492367016204],[111.58342929747552,37.94962383610518],[111.58317755947199,37.950244924646775],[111.58307795850585,37.95063154781425],[111.58328584049892,37.950955680343995],[111.58345546724942,37.95131048411445],[111.58349766022927,37.95177769660648],[111.5836692217431,37.9523763627917],[111.5837800818937,37.953412265969135],[111.5836571426779,37.954093685202935],[111.58339232119987,37.9546843531863],[111.58308674620109,37.9549907086282],[111.58258835768119,37.95525737029636],[111.58211587116702,37.95555438809153],[111.58188688302295,37.95580955377127],[111.58180041967876,37.9562367566838],[111.58179167526491,37.95675502535946],[111.58150116045795,37.95734581865911],[111.58135232337587,37.95759127599294],[111.58124778132304,37.95776368264999],[111.58098516895917,37.95863885229659],[111.58067964656293,37.95895536083121],[111.58027217688917,37.959363825189406],[111.58014807803552,37.95990298367605],[111.5801002583288,37.960350317566885],[111.58025738125438,37.96074583401814],[111.58035533698643,37.96096877190561],[111.58045340569898,37.96119196410531],[111.58050978011062,37.961831849228595],[111.58047723880146,37.962669260032],[111.58047815747317,37.96270587715317],[111.58034481909688,37.96370234049209],[111.58025428959957,37.964382786225],[111.58024766134079,37.96440394918102],[111.58026073117745,37.964521257942295],[111.58027182703324,37.96470122305811],[111.58029743437304,37.96506438244824],[111.58030950999522,37.965212365332185],[111.58033282413884,37.96543998215247],[111.58039711296556,37.96585006263059],[111.58040393120187,37.96587817654018],[111.58044093973547,37.966130416450525],[111.58036905018156,37.96678109361396],[111.58029707717179,37.96742160866463],[111.58046549255833,37.96795925138709],[111.58057357223659,37.96830427876767],[111.58086602955892,37.969583157274464],[111.58080954812829,37.97003497144534],[111.58076943008953,37.970355891698055],[111.58062902820195,37.970638860984955],[111.58064662838274,37.97080126722],[111.5807738245455,37.970893603702315],[111.58090307139013,37.9710092809303],[111.58094662164012,37.97105011909907],[111.58103803941913,37.97117834274905],[111.58117393510416,37.97131110886185],[111.58121707655081,37.971357649083856],[111.5812376923356,37.971382853232775],[111.58129661211385,37.97145291422482],[111.58138196502426,37.97154982086875],[111.58153423708394,37.97172634630179],[111.58167432583262,37.97188617551962],[111.58175405500783,37.9719693408947],[111.58179427587402,37.97200796632328],[111.58185810696588,37.97206022212821],[111.58197644143277,37.972144235147034],[111.58211287936031,37.97223814518332],[111.58223964647327,37.97234679246533],[111.58258477012345,37.97257204134365],[111.58268977881787,37.97264305355372],[111.58301943799702,37.972874427432146],[111.58342572010356,37.973155035945766],[111.58369976495061,37.9733513765692],[111.58398708890503,37.97355467240481],[111.58421223752367,37.97371378790727],[111.58423612577283,37.9737330850341],[111.58440073414916,37.973846198853494],[111.58470188833546,37.97405960462046],[111.58501974738874,37.9742821979115],[111.58590100631857,37.97489779822658],[111.58605382249121,37.97500582056225],[111.58618245405208,37.975101709781796],[111.58621738434358,37.97514362316764],[111.58625842288045,37.97517907802284],[111.58622040924104,37.97518394416089],[111.58644462079234,37.97549497520289],[111.58684242439051,37.975836243294175],[111.58741325306013,37.9761232511577],[111.58783869490851,37.97630419395139],[111.5884303871212,37.97678941510024],[111.58849857048915,37.97688060760588],[111.58878252531046,37.97744364535799],[111.58925963456413,37.97805910887956],[111.58946487590707,37.97831860169029],[111.58998713974327,37.979122184183794],[111.59061517903258,37.980095422487494],[111.59128896747582,37.98113614675302],[111.59139541226514,37.98130055755776],[111.59157577342313,37.98158482076902],[111.59168510163175,37.9817543484361],[111.59184286941037,37.98198356960809],[111.59198992320809,37.98217855815113],[111.59210826973064,37.98234927337221],[111.59221072620437,37.982510980889586],[111.59227983742116,37.9826468259347],[111.59232169318308,37.98271523105878],[111.596898305599,37.98971994280973],[111.59692736556966,37.989743683194455],[111.59745750185103,37.99052306387034],[111.59769707554958,37.990875268108226],[111.59774428083679,37.99092594814093],[111.59783530637527,37.99106774237633],[111.59764428869488,37.99126177739294],[111.59683716052858,37.99147926227372],[111.59515886035854,37.99193486156969],[111.59423575593708,37.99210210812989],[111.593169859721,37.99207700439566],[111.59194965178395,37.992022184272415],[111.59021612472546,37.99200041211842],[111.58853476558448,37.992079967130444],[111.58802200842119,37.99218414294494],[111.58767883810805,37.992622791330895],[111.58758396988976,37.99275372561369],[111.58727243669634,37.99318368932814],[111.58701815896087,37.99349995696115],[111.58647035400149,37.994041235804936],[111.58638752576098,37.994139774186365],[111.58603321448422,37.99456729283125],[111.58596162079978,37.994653446753716],[111.58578829286812,37.994918085701805],[111.58569530386765,37.99507138248652],[111.58573729730308,37.99550810810977],[111.58566357092027,37.99592508708294],[111.58560001158327,37.99601206564313],[111.58525286469072,37.99648712728364],[111.5846263421747,37.99724919067384],[111.58455197999115,37.997339639540456],[111.58394081252275,37.99799299556284],[111.58355661801428,37.998555204393504],[111.58314801769546,37.99877369930662],[111.58251042532822,37.99897556744948],[111.58221552613776,37.99921186561434],[111.58202794872012,37.99931216717677],[111.58191007454627,37.99932526964233],[111.58181125919725,37.999323851299664],[111.58173404117015,37.99931088438199],[111.58164720001756,37.99929987225196],[111.58156996698874,37.999284998957485],[111.58148786970627,37.999264427931394],[111.58137691578412,37.999251627579355],[111.58131418646644,37.999242403247386],[111.58123948408553,37.99924277247558],[111.58113586479857,37.99924328455154],[111.58102030134883,37.99925720355197],[111.58092237287946,37.999290407775625],[111.58083591224697,37.99930871265107],[111.58074575830541,37.99933597461239],[111.5805877588515,37.999354631651926],[111.5804108151476,37.99935848529244],[111.5802714310259,37.99935023420049],[111.58015835653099,37.99933589358224],[111.58005671757681,37.999339374275266],[111.5799403944556,37.99939060118763],[111.57988064309197,37.99945346820414],[111.5798284448937,37.99951927728723],[111.57973511180177,37.99962104387473],[111.57960763170162,37.9996902032784],[111.57937128783244,37.99980161412736],[111.57919867030655,37.999876954120936],[111.57904080985227,37.99991348712357],[111.57890540054336,37.999932031578474],[111.57874509376431,37.99997834848711],[111.57862784179548,38.00000752959911],[111.5783935622418,38.00009449542501],[111.57828992077964,38.00013075984911],[111.57810523062193,38.00020317916771],[111.57791133336679,38.000254189874916],[111.57772650226057,38.000308730569266],[111.57754482992502,38.000372952044025],[111.57735481696717,38.00029318888827],[111.57730564987989,38.00022855963586],[111.57712856549502,38.000118587017134],[111.57703314810271,38.00005111968411],[111.57693778691198,37.999990803486334],[111.57686066717592,37.9999518513033],[111.57677905692415,37.99991649593673],[111.57655285971956,37.99988184944121],[111.57646673223756,37.999846516002435],[111.57638489841138,37.999782557297955],[111.57623198867373,37.99968209925025],[111.57618287703077,37.9996614827139],[111.57606213312884,37.99962929790634],[111.57599426464559,37.999617712079036],[111.57592291089537,37.99964189893091],[111.57582178496288,37.99971092517841],[111.57576200649942,37.999770810005316],[111.5756345689383,37.99984592447973],[111.57555201207094,37.99988208329072],[111.57538310989028,37.99995144083801],[111.57522141256419,37.99997904857914],[111.5750027468596,37.999944362262276],[111.57491203165245,37.999900111201285],[111.57480567076884,37.99981322940364],[111.57443059369372,37.99961483202045],[111.57428541229153,37.999539262095304],[111.57414052853514,37.99950183092137],[111.57397177109004,37.99949311934951],[111.57369457366072,37.99948493747703],[111.57351384103322,37.99948581898612],[111.57336881042275,37.99942931693166],[111.57323627257283,37.99942996303423],[111.57310366165947,37.9994210749223],[111.57295900125493,37.9994122444647],[111.57274212251485,37.99941330088303],[111.57270081911939,37.99943737997298],[111.57261017890902,37.999490221459354],[111.57250248007841,37.99958609360838],[111.57232241209834,37.999768042969784],[111.57205778410571,37.99973127929667],[111.57181680639223,37.99973245123305],[111.5716359990825,37.99972379489887],[111.57150338780966,37.999714904985545],[111.5713103842139,37.99968723857551],[111.57111745356193,37.99966910591549],[111.57090126222204,37.99960341194795],[111.57072041837773,37.99958998762137],[111.5705030958403,37.99953383283076],[111.5703222522318,37.99952040788978],[111.57012062394067,37.99974079073934],[111.56996404611233,38.000157030832916],[111.56985493812898,38.00080787950608],[111.56958743061219,38.00164013844685],[111.56929499166996,38.00220155179002],[111.56875255306554,38.00290868729376],[111.5682092654296,38.00350743848972],[111.56813496475637,38.00361961491895],[111.56808320917133,38.00369775201688],[111.5680005942691,38.0038224786703],[111.5676450909881,38.004359190974256],[111.56754336934245,38.00463357542442],[111.56739884280108,38.00499263547791],[111.56741508764523,38.0050900634449],[111.5674453966972,38.00525931589249],[111.56746460785065,38.00537773803851],[111.56747613429178,38.00544485485408],[111.56749447543856,38.00555217016968],[111.56761126900874,38.00589483006117],[111.56756811678261,38.00622019667754],[111.56740914334915,38.0063293523475],[111.56634686531518,38.00654147333557],[111.56601861695695,38.00660701707944],[111.56467318513211,38.00681219345548],[111.56250724869587,38.00720192601824],[111.5605521289963,38.00729644631733],[111.56001960842113,38.00732218574271],[111.55858131860664,38.007329025501775],[111.55723393765355,38.007281223109764],[111.55524581912107,38.007037724948745],[111.55295498149242,38.00657432529287],[111.55134702432147,38.00621606982263],[111.54985670309087,38.006131597210945],[111.54954236819434,38.00614117841092],[111.54916770609387,38.00615259729474],[111.54876250065422,38.00616494582147],[111.54867549388106,38.00616759689027],[111.54835566473957,38.00623097457459],[111.54757269673344,38.00638612319017],[111.54665729005376,38.00665809269528],[111.54651092082837,38.00670157834916],[111.54576592597222,38.006922906428755],[111.5443991808286,38.00749705260205],[111.54412720157052,38.00761130277139],[111.5440082621013,38.00765463046171],[111.54317674702916,38.007957530433266],[111.54267898226459,38.00801428277246],[111.54206308851657,38.00808825088364],[111.5412172299337,38.00832585411398],[111.54019060731893,38.00843218731068],[111.53930398046887,38.00836512749533],[111.53886181467593,38.008376611419166],[111.53835381431304,38.008389803226315],[111.53731712828427,38.008616962482726],[111.53592124249822,38.00922547828807],[111.53500976290364,38.009470488348455],[111.53376255510668,38.00959658543125],[111.53307741944333,38.00961145206552],[111.53298591153636,38.00961679848056],[111.53288468912362,38.00962018610475],[111.53275817402695,38.00962522429852],[111.53251499883233,38.009654645219065],[111.53220692704971,38.009689546852215],[111.53172404778182,38.009750334219774],[111.53087169333784,38.00975418520993],[111.52940878732655,38.00951992151505],[111.52773193887036,38.00916616867686],[111.52724332453975,38.009145976194944],[111.52718037943384,38.00914328266137],[111.52532581030803,38.00908644297551],[111.52527499388944,38.009086720425536],[111.52462375243694,38.009122084101406],[111.52458147430588,38.00912197180145],[111.52453662366133,38.00912022227957],[111.52334844285791,38.00918575704645],[111.52312215538097,38.00914760636669],[111.52263552091696,38.00905421779358],[111.52236206874694,38.00894611258686],[111.5221749814208,38.0089040372202],[111.5220479776703,38.00883785742146],[111.52193888187638,38.0087477614867],[111.5214921038768,38.00862102392141],[111.52115391550633,38.00851287321422],[111.52078612119945,38.00845046888416],[111.51907906788418,38.008250394147886],[111.51891820123288,38.00823153885573],[111.5186568753888,38.00830401569646],[111.51853653932929,38.00832838379899],[111.51838590990073,38.008329047900254],[111.51816000654885,38.00833600219036],[111.51800954481516,38.008360501591476],[111.5179268658307,38.00838470318517],[111.51776891389432,38.00841519484818],[111.51753552130207,38.00842814049466],[111.51729451293836,38.00842920091895],[111.51698572166556,38.00843055886264],[111.51669170033989,38.00839013583576],[111.5163949107113,38.008333723902474],[111.51542872854408,38.00849815516052],[111.51494066540363,38.008355778691275],[111.51454172414887,38.008163930883605],[111.51439440950782,38.008403154128764],[111.51389169955829,38.00887383278794],[111.51338880569386,38.00972740524705],[111.51308656834725,38.01081983558409],[111.51306389327833,38.01090179292069],[111.51286644218898,38.011076149618646],[111.51280866454118,38.011481282681295],[111.51254298775514,38.01267469354241],[111.51230063755399,38.01394025833524],[111.51187348247714,38.01489953273787],[111.51199040896383,38.015296442222706],[111.51231258129322,38.015656327091826],[111.51222401546949,38.016054130500365],[111.51172859948397,38.01704983002227],[111.5109832562079,38.01822725764256],[111.50994079492534,38.01936984067871],[111.50949062026098,38.02031114124657],[111.50931457289003,38.021269317198026],[111.50950700413802,38.02267750668162],[111.5100395949542,38.023740997140905],[111.51107107180283,38.02429651482104],[111.51233016429782,38.024742646973316],[111.51374962783434,38.025260321178784],[111.51395069371802,38.02536030370528],[111.51425378332016,38.025511018084934],[111.51448492028753,38.02590742381232],[111.51453565154846,38.02611510094771],[111.51462597734997,38.026484866142575],[111.51499527639369,38.02704324627236],[111.51545541782787,38.0275289680559],[111.515641401316,38.02799782727642],[111.5154860995234,38.028648825663744],[111.51523907262177,38.02924603206902],[111.5151959280346,38.02960751011211],[111.51538128133627,38.02998604919409],[111.51613744276133,38.03034401837844],[111.51742116184153,38.031024823382026],[111.51859045966307,38.03166998955029],[111.5192346309299,38.03233552761921],[111.52045513762832,38.033757216219286],[111.5212900102632,38.03495904374276],[111.5214934936376,38.035251957658225],[111.52202532451327,38.03617087843694],[111.52212138596103,38.03623273481017],[111.52241538555309,38.03642204794051],[111.52349345602772,38.03706756972429],[111.52427321163732,38.0375157037626],[111.52461638724128,38.0375511572547],[111.52470267459414,38.03756016421688],[111.52470705314146,38.03756062125897],[111.52477597056597,38.037567740794664],[111.52488690521284,38.03756724556775],[111.52515183911339,38.03756606244431],[111.52564397017697,38.037563775746236],[111.52651793448415,38.03770593383104],[111.52658447789976,38.03771808463452],[111.52706170146782,38.03779226622262],[111.52847918402341,38.03798461131745],[111.5288440691295,38.03801431243657],[111.52905704655315,38.037930654780816],[111.52930101068397,38.03790810319425],[111.529490467944,38.037850042014284],[111.52966215122566,38.03783496665134],[111.52983393861204,38.03783419258346],[111.53007251474413,38.037839686618604],[111.53022898583143,38.037910494705386],[111.5302590595328,38.0379241034158],[111.53031039512815,38.037909342820164],[111.53032857742677,38.03790411478052],[111.53032882305199,38.03790389835401],[111.53060161722767,38.03766455133468],[111.53065974963218,38.03761127825666],[111.53075548925553,38.03751995373126],[111.53079976301771,38.037472500891205],[111.53084358940687,38.03742067791694],[111.5308672452965,38.03739057065416],[111.53101225615357,38.03720571842702],[111.53119736064039,38.036972059817955],[111.53122112188935,38.03694506646756],[111.53155208871175,38.03652561201511],[111.5327095613405,38.03550876953273],[111.53343911370105,38.03510586095943],[111.53343932925982,38.03510574196157],[111.5338865943395,38.034857773777496],[111.53390602027999,38.0348470070206],[111.53392298321089,38.03483760281786],[111.53396061770967,38.034816737890935],[111.53400454397138,38.03479911649654],[111.53400969118837,38.03479705164493],[111.53409373321044,38.03476333784828],[111.53413393074412,38.03474721174533],[111.53417310495483,38.03473149659058],[111.53419157788257,38.034724085518924],[111.53481506919651,38.03447396339107],[111.53484607828291,38.03446152304181],[111.53509926257087,38.03435995323452],[111.53510419750103,38.03435768209083],[111.53532083598103,38.03425801239581],[111.53532541897106,38.034255903208106],[111.53570748100087,38.034073542178255],[111.53586574389927,38.03400355502071],[111.53612941098386,38.033900856821305],[111.53622402537303,38.033863948197805],[111.53626798239662,38.03384429335422],[111.53644798992536,38.03373529301928],[111.53656857398587,38.03365777851426],[111.53661619960961,38.033626878697426],[111.53670042329273,38.033572515045314],[111.53676364080114,38.03356014788065],[111.53680924679361,38.03354548268027],[111.53688859938936,38.03353570217796],[111.53716007766104,38.033402348410554],[111.53716087667985,38.0334019564657],[111.53716121966295,38.033401974718785],[111.53742380155813,38.03341615424327],[111.53797985462877,38.03352915347173],[111.53814308072523,38.033594341707435],[111.53860188715264,38.03378976899542],[111.53944404270835,38.03410012173856],[111.5395013909575,38.03409912615032],[111.53957105492168,38.03411820675046],[111.53977211015355,38.03415185825705],[111.53977259827089,38.03415194070202],[111.54000819604468,38.03409927965671],[111.54044070765413,38.03426045241402],[111.54077643064448,38.03442338233619],[111.54101443822701,38.03454423061801],[111.54130063932634,38.03488815717128],[111.54218799966996,38.03530371869161],[111.54241556553063,38.03541028862158],[111.54268327534906,38.035504079834446],[111.54350929061503,38.03579347294494],[111.54378959579222,38.03589159264935],[111.54403429072052,38.03592210340578],[111.5449097718451,38.03603092085202],[111.54573090315165,38.03588259833386],[111.54648203841039,38.03553588715813],[111.54693464867769,38.03497378866796],[111.54715846909446,38.03435855890173],[111.54747578621482,38.03403192463751],[111.54820567074036,38.033902073961904],[111.54993908471694,38.033586884865464],[111.55068396337909,38.03338349804606],[111.55107226878214,38.0332774383489],[111.55135220830864,38.03320091576769],[111.55212639727203,38.032890189783316],[111.55258111938609,38.03261708819001],[111.55268345371134,38.032512789416394],[111.55281956192064,38.03237408349504],[111.55307962215167,38.032109062778616],[111.55320137091361,38.0320073677543],[111.55324875347446,38.03196930459375],[111.55330856043284,38.031921261173764],[111.55360175602807,38.03167294215927],[111.55387101874027,38.031560250703144],[111.55412529155333,38.031453788831875],[111.55478817955317,38.03136555244206],[111.55496955970014,38.03134133571253],[111.55549482073869,38.031338855177495],[111.55572302886922,38.03145596318798],[111.55579033129258,38.03147733726866],[111.55584183480498,38.03149828509537],[111.55592044795011,38.031460624567366],[111.55592679201914,38.031457585516385],[111.55595738809248,38.0314360522347],[111.55654397703007,38.03115325029472],[111.55779346110765,38.030280242205755],[111.55800281780321,38.03010811557859],[111.55806488179151,38.030059872536654],[111.55863322052836,38.02958980972336],[111.55873479682815,38.029302067751],[111.55881207372137,38.029083158434155],[111.5587829952012,38.02892173201547],[111.55866902020745,38.0282890071978],[111.55871085164077,38.02778300604928],[111.55918670729216,38.02729300659179],[111.56024914175988,38.025860867230065],[111.56085799534422,38.02484635938931],[111.56160260583056,38.02366862255375],[111.56234981116121,38.0228340910873],[111.56330085324353,38.021781805568956],[111.56377498014193,38.02107502443122],[111.56427110077645,38.02025974751117],[111.56492593751793,38.01929919097375],[111.56574142447172,38.01844624705314],[111.56669583808245,38.01784552588798],[111.56787912391447,38.01731595162706],[111.56878490812271,38.01633609867599],[111.5692588079167,38.015611230071],[111.5694375572523,38.01510456135387],[111.56979979763965,38.0147053898769],[111.57032381995369,38.01455833526161],[111.57148714014573,38.01440817303821],[111.5728997815168,38.01402194751862],[111.57376345514984,38.01351193322166],[111.57467052342776,38.01271267209414],[111.57582758961068,38.01176766486004],[111.57628102711898,38.011485874740906],[111.57666880046679,38.01099153271377],[111.57699200163903,38.01071343975696],[111.57759057021705,38.01020515993239],[111.57827296000212,38.00962972135689],[111.57890998512343,38.00941682296424],[111.57996878139453,38.00920660577279],[111.58002894929234,38.00919200966039],[111.58046478226,38.009169168666254],[111.58071781911507,38.00915857505175],[111.58075062959196,38.009150929102645],[111.58087091176823,38.009144289863734],[111.58105797333982,38.00910453798952],[111.58265296029563,38.008699230899104],[111.58498940194265,38.00840831726524],[111.58569525324637,38.00816754468242],[111.58621302150895,38.00792659658399],[111.58694725204136,38.0075997744069],[111.58748188936933,38.00728424872403],[111.58801896697878,38.00689847112707],[111.58837660788365,38.00664820849558],[111.58844283511709,38.00660112764145],[111.58888939660967,38.00628366772857],[111.58960888498248,38.00580845506704],[111.58969439222003,38.00575061989216],[111.58985905304682,38.00563738577239],[111.58993405685695,38.00559198530949],[111.5899681178182,38.00558625848113],[111.59070923996906,38.00546164220852],[111.5917835242304,38.00561882229351],[111.59283883465638,38.00594793537813],[111.59288328593405,38.005962499828264],[111.59294025396166,38.005982720170906],[111.59298340904236,38.00598520622073],[111.59302478730207,38.00599383826012],[111.59307092313671,38.00601496543105],[111.59407228628623,38.00632985901009],[111.59442260284615,38.00641394432607],[111.59469053616387,38.00648174945128],[111.59499427621039,38.006549571002154],[111.59546131041779,38.006663256827586],[111.59672578505881,38.006966742697365],[111.59825319902481,38.00733331558846],[111.5983285767266,38.007348919751834],[111.59852969601187,38.00739930256966],[111.59871593822388,38.007444366099854],[111.59890589286785,38.007452511596775],[111.60014657269163,38.00755879098315],[111.6002694020423,38.00756289837637],[111.60053561758207,38.007520573607295],[111.60070120805261,38.00749647160275],[111.60079817976711,38.007481419207316],[111.60127273761502,38.00741325837008],[111.60134781279999,38.00740094004516],[111.60141469569544,38.007383347263406],[111.60158464210227,38.00734184486623],[111.60168150773646,38.00731762185945],[111.60311855178226,38.00698832610552],[111.60478245176023,38.006654621962404],[111.60644767323085,38.006483466825294],[111.6071322623312,38.006443805851426],[111.6074732151753,38.006261402373276],[111.60828836118158,38.00544429113569],[111.60928671772999,38.004698484904914],[111.61039934913396,38.003970139554255],[111.61057961521716,38.00392480297845],[111.61128682758329,38.003739326748445],[111.61167505743613,38.00363835411474],[111.61329423560281,38.003431213142605],[111.61477960026313,38.00360410104431],[111.61631274783451,38.004029623126605],[111.61759721761597,38.00474545785193],[111.61869907878362,38.005462242855025],[111.61982075026337,38.005817623242145],[111.62046103555835,38.00594069835877],[111.62080256291374,38.00583050944348],[111.62092818035536,38.004465822801805],[111.62094125273497,38.004392279582454],[111.62094896045636,38.00424007148454],[111.62093970557864,38.00292367213509],[111.62094242280966,38.00274715210101],[111.62094652042609,38.00268031582057],[111.62094282271632,38.00259691681479],[111.62093469271893,38.002491116505766],[111.62093190027836,38.00221695271831],[111.62090975262527,38.00204662170885],[111.62080984195076,38.001278248632616],[111.62083397826146,38.00056178544745],[111.62086029046365,38.000067526262505],[111.62106579642271,37.99971429899279],[111.62116830812845,37.999368122719886],[111.62125595829104,37.99904586130345],[111.62126860693873,37.99875975252668],[111.62128645208762,37.99824091578048],[111.62203638428944,37.99783953378462],[111.62262438450142,37.99718610623118],[111.62314313018705,37.99644271763262],[111.62396074823238,37.995950645048474],[111.62487027201803,37.995530335652916],[111.62532388032594,37.99518470138632],[111.62586755817111,37.99469407086172],[111.62693299270738,37.9938213048325],[111.62824778252838,37.99274848923721],[111.62885774211466,37.992004590601674],[111.62924388507253,37.99147935980814],[111.62944439947795,37.991206616968874],[111.62980449969585,37.99060856465644],[111.62991321546956,37.98997572923898],[111.63029581974304,37.98934142439602],[111.63106611607962,37.98866891100787],[111.63229411360032,37.98813844908676],[111.63313393483205,37.9875919993825],[111.63355840396633,37.98671043212273],[111.63358030207463,37.98666495203813],[111.633761808983,37.986287979592696],[111.63418581002358,37.98516570151114],[111.63456648607018,37.984314620204366],[111.6352915139213,37.98369651605488],[111.63559433848667,37.98359743759397],[111.63584200880476,37.98351640371995],[111.63613360053407,37.983420998179916],[111.63661021578464,37.98311132431577],[111.63687939755144,37.9825679339705],[111.63696413968856,37.98235236186334],[111.63697615001456,37.982319529512615],[111.63712491200562,37.98193758928398],[111.63714732816135,37.981880035197406],[111.63750903776021,37.98148065934153],[111.6378863686965,37.98111872631337],[111.63797506249023,37.980945066174215],[111.63798218216498,37.98089604100183],[111.63797914866751,37.980545655011056],[111.63798805856517,37.980301248672504],[111.63803466491129,37.980136669173255],[111.63806570295507,37.980027067993596],[111.63812928691382,37.979922748907484],[111.638205189406,37.97977860179322],[111.63832689308444,37.97950230343959],[111.63920139369833,37.9792495494224],[111.63950514813344,37.979103072015],[111.64022409871525,37.97875624870062],[111.64131100971036,37.97777484950091],[111.6424893317839,37.97681100436131],[111.64339819774285,37.97635442644228],[111.64387189628687,37.97571957832846],[111.64387167813788,37.97569460694123],[111.64387422863881,37.97537918653903],[111.64387093621843,37.97527433124461],[111.6438668773073,37.975145050814525],[111.643864839709,37.975083516562435],[111.64386155563959,37.97499720213762],[111.6438601405664,37.97496432632582],[111.6438545141219,37.974853112497186],[111.64399760974189,37.97443631519301],[111.64432660956427,37.974117782654886],[111.64435719245886,37.97408817307991],[111.64456333395958,37.97397854414142],[111.64533668259978,37.9735980123745],[111.64622140430035,37.972997028544086],[111.6465508469775,37.972597033386265],[111.64657622772181,37.972564359869295],[111.64687618103385,37.97219859415197],[111.64719136303124,37.971709120568505],[111.64730038182482,37.97113045814969],[111.64674196300714,37.969905147868516],[111.64640154135513,37.96943082598399],[111.64637624665777,37.969383382880835],[111.64635003888915,37.9693405674099],[111.64627974208653,37.96923930192194],[111.64624172823125,37.96910818453326],[111.6461941866436,37.968905890014064],[111.64642629701258,37.96874904023651],[111.6465031702571,37.96869614007339],[111.64665217864453,37.96868425504349],[111.64723490172379,37.968638057472354],[111.6478484602391,37.96858035362424],[111.64841620010455,37.968270129771845],[111.64925694734869,37.96786807494175],[111.64948560601583,37.967792544434694],[111.64975749896541,37.96770273114258],[111.64954975453158,37.96743291135203],[111.6488901027721,37.96714875832238],[111.64847321368366,37.966969175775155],[111.64786116246306,37.966503584810525],[111.64773562987129,37.96640809021494],[111.6475773171891,37.96628765917471],[111.64706646789195,37.965278860689004],[111.64673107631606,37.96487121042253],[111.64628231256575,37.96432575376199],[111.64522320347308,37.96359340601504],[111.64501967132759,37.96344752517885],[111.64472722215484,37.96338508814581],[111.64469372952101,37.963375654365684],[111.64312605849693,37.963043227460474],[111.64058189974764,37.9621530637228],[111.64022984290523,37.96197497611213],[111.63968014957427,37.96169691039287],[111.63954721804615,37.96162966491158],[111.63888602825244,37.96129519030928],[111.63826156471775,37.96102814579606],[111.63811819857703,37.96096166702369],[111.63801646537517,37.96092333051634],[111.63771622045216,37.96079761587922],[111.63760071021268,37.960417002492655],[111.63802182886688,37.960011286540414],[111.63805753594967,37.95998523462172],[111.6381059494745,37.959958083117385],[111.63909759871507,37.95952670373431],[111.6394220088943,37.95921742203711],[111.6398353520817,37.958972037476606],[111.63996104955459,37.958885540053714],[111.640176192481,37.95869844084374],[111.64043258380885,37.95844574669579],[111.64045772838303,37.95842699586105],[111.64062416634731,37.958281238507226],[111.6410974612157,37.95800691875384],[111.64129774801113,37.95799563860854],[111.64133714741844,37.95799154716324],[111.64142073564524,37.95798011101769],[111.64177808700256,37.9580036924643],[111.64189915532648,37.95796297425229],[111.64214214361618,37.95788125171885],[111.64228703443338,37.95770485124318],[111.64246699787681,37.95762759022273],[111.64261116796744,37.957588664080866],[111.64277975303926,37.957587743103005],[111.64294833924123,37.95758682187736],[111.64315313386378,37.95759523692682],[111.64334706242548,37.957646618354346],[111.64354010703845,37.95768846893748],[111.64381935957867,37.95777007092186],[111.64398905028598,37.95778092171382],[111.64437291398849,37.95781352964149],[111.64473789315832,37.957753621430456],[111.64499083433233,37.957759386469235],[111.64525305768677,37.95779370342442],[111.64542698562657,37.957903061829555],[111.64550040166164,37.957909297022624],[111.64558731598792,37.95791667974767],[111.64617874777177,37.957714723595984],[111.64628719917444,37.95765923919872],[111.64644238117526,37.95746537489192],[111.64669387931752,37.95730666919129],[111.64681028314419,37.95719161127841],[111.64692712567147,37.95712660876398],[111.6471345326136,37.95708971317403],[111.64726987647637,37.95707466647451],[111.64738728331675,37.957074020461356],[111.64759537554964,37.9570957766134],[111.64776806179675,37.95705746648468],[111.64817973756786,37.95694500818447],[111.64890581115068,37.95648939324117],[111.64958132019063,37.95547405248086],[111.64987073507135,37.9546595520958],[111.64998034625607,37.95415314179883],[111.65023033292245,37.95404337316375],[111.65096226711496,37.95425610008421],[111.65164873769662,37.95448713864709],[111.6521949781174,37.95433959486159],[111.65273689922974,37.95370433305791],[111.65323318797503,37.95306932119826],[111.65393493948143,37.95245123066222],[111.65441240237563,37.952267930977314],[111.65537069000358,37.95228066115204],[111.6562587740039,37.95209506591497],[111.65734958747716,37.95161929935729],[111.65775634499381,37.95118347873201],[111.65784420936231,37.950803633374996],[111.65798472464157,37.95074092991294],[111.65832322899502,37.95077309657054],[111.65878144176898,37.951015162803515],[111.6594442841171,37.95115596545726],[111.66026326011503,37.950898470701645],[111.66080622124632,37.950389615725356],[111.66134706747299,37.949645931168234],[111.66152632396316,37.949283634571955],[111.66177660418239,37.949209969477195],[111.66266949873194,37.94956623436682],[111.6635855395846,37.94995849066536],[111.66463537095228,37.95000675880236],[111.66552356513262,37.94983915750591],[111.66625158142543,37.94961826170825],[111.66727729185226,37.949522128646365],[111.66805157908331,37.949373219558424],[111.668457352999,37.94914683475026],[111.66916377772276,37.94875270619793],[111.6697279954469,37.94808110880556],[111.67022147427109,37.947157010119234],[111.67062303880975,37.94616117470348],[111.67109614700117,37.94550815515106],[111.67215688242936,37.94425564925963],[111.67358467820281,37.94323587194729],[111.67503689723051,37.94239658212259],[111.67558184134049,37.94212248654083],[111.67454551396611,37.941044560614955],[111.67266200501415,37.93961018049795],[111.67239091834993,37.9392908876619],[111.67157833487354,37.93833378969762],[111.6698700372886,37.93608545892552],[111.66848261109928,37.933997864111944],[111.66741732872225,37.932215518940296],[111.66697282857524,37.93136195428745],[111.66669761055064,37.93081056308038],[111.66681131289562,37.93077379172576],[111.66707712076797,37.930744185326056],[111.66715307443242,37.93073572478028],[111.66842889319747,37.93058396893014],[111.66870560871867,37.93058548331517],[111.66876429788779,37.93058580475622],[111.67004826718347,37.93059282441957],[111.67123416633756,37.930586066624535],[111.67237347011763,37.93047117556345],[111.6730758356801,37.92996135304827],[111.67395783382301,37.9291433984577],[111.67484030667563,37.92837963054226],[111.6752098673626,37.927990016425206],[111.67585677959993,37.927307988982115],[111.67636223352025,37.92662959818911],[111.67673540185005,37.92612874376866],[111.67716470975543,37.92569272363118],[111.6780033263005,37.925127895001665],[111.67859058622119,37.9245103149284],[111.67908595998931,37.923821003441894],[111.6792942436309,37.92374471098259],[111.67931901761351,37.923731543293435],[111.68004021964454,37.92343613745322],[111.6801822381626,37.92342145774151],[111.68152111391807,37.923283054772504],[111.68263648017033,37.923059816562066],[111.68400066787845,37.922618345628905],[111.6843857937587,37.92239422206995],[111.68462108171003,37.92225430465736],[111.68506672348548,37.92199794934868],[111.68597347648534,37.92141460192523],[111.68658243726982,37.92068846778201],[111.6869175884582,37.91994586633132],[111.68718812945781,37.91922525256332],[111.6872290904883,37.9191130751341],[111.68761218627593,37.918623095008506],[111.68813579222522,37.9185297121658],[111.68861513715663,37.91858110171735],[111.68873611908099,37.91855276955549],[111.68886545433439,37.9185254442588],[111.68902203491369,37.91819936452609],[111.68944802044369,37.9174200940087],[111.68979185247032,37.91715425922864],[111.68987231403065,37.91709205073233],[111.69029621682162,37.91705380910836],[111.69102220377002,37.917464315047965],[111.69120899799826,37.91763281559536],[111.69186956078477,37.917893626943155],[111.6923081366085,37.91814646381859],[111.69292420300049,37.91850161731963],[111.69324597271678,37.91877069192229],[111.69325004095089,37.91920421679543],[111.69310664296842,37.9197339768159],[111.69302964742158,37.9200184209027],[111.69326021478646,37.920288031522425],[111.69339994787342,37.920311767509055],[111.69350016913356,37.9203287909439],[111.69428802560579,37.92046261682113],[111.6949509984972,37.92063934996826],[111.69497743100638,37.920720530309524],[111.69516234305091,37.92128842559973],[111.69535258831567,37.922118270827035],[111.69617894694726,37.9226914519345],[111.69700327237034,37.923047864951386],[111.697138394562,37.92302307563573],[111.6976865168947,37.92295349307459],[111.69846114637328,37.92287663932087],[111.69939950193537,37.92323235683078],[111.7002694730358,37.92367813286893],[111.7003160910074,37.923696584772784],[111.70035696759066,37.92377929413689],[111.70036794103802,37.923806201609466],[111.70039821426528,37.923854128102874],[111.7006881440792,37.924453081847],[111.70059921042869,37.92500039138576],[111.70055886319567,37.92524869119959],[111.7002290406563,37.92571397349119],[111.69998497696481,37.92605827225335],[111.6997487024887,37.9263915779517],[111.69848396356157,37.927699737076665],[111.69843148262406,37.92781800295978],[111.69826971997217,37.92819455367634],[111.69819985348035,37.92835591380373],[111.69792823614947,37.928973327322694],[111.69790367341157,37.9290399557809],[111.69700749714276,37.930743334039754],[111.69601767004549,37.932194353687215],[111.69520413279159,37.93299400176626],[111.69520634438746,37.933228827898894],[111.69586688022478,37.933134600540335],[111.69800880742056,37.93292320480311],[111.69900955044368,37.93262823360481],[111.69916026659445,37.932602311442345],[111.69998868058119,37.93245983156977],[111.70058925682243,37.932618279401716],[111.70066626644363,37.93263859616224],[111.70092613445759,37.932707154729556],[111.7016327862927,37.93266681446159],[111.70195052968857,37.932502339723975],[111.70240888695714,37.932734443670284],[111.70275999081582,37.933258041307944],[111.70277487611035,37.933325808126945],[111.70281507387047,37.93337279262267],[111.70335256332565,37.93414644330486],[111.704074240309,37.93521372448438],[111.70422997630395,37.93544877929432],[111.70429399515093,37.935534209907786],[111.70441286769824,37.93569082284556],[111.70453208203475,37.93588318942462],[111.70472420834324,37.9361466299378],[111.70491606285738,37.936381467460805],[111.705089452589,37.936573508875284],[111.7053839904461,37.93682861813867],[111.705487726643,37.936994853337204],[111.705691412401,37.93732125231251],[111.70627422342355,37.93863646585584],[111.70632712225292,37.939159554271924],[111.70645127261506,37.939552119917664],[111.70648502093107,37.9399333099458],[111.70651004492503,37.940440992190226],[111.70636512212346,37.94098430276725],[111.70580215545395,37.94174638958771],[111.70576102937524,37.9422163137185],[111.70652013217784,37.942880142547025],[111.70716277773585,37.943291765133715],[111.70709659866985,37.94352700151553],[111.70612045185251,37.944020605499944],[111.70566857585861,37.944474928533964],[111.70547419147546,37.945096228880075],[111.70542509203037,37.94525316011527],[111.70543079115893,37.945849252783255],[111.7059924168317,37.94654900153176],[111.7060079620493,37.94656836994408],[111.70607881985252,37.94663570929474],[111.70626105459192,37.94680889324734],[111.7067446479232,37.947268462595],[111.70725202386863,37.947843476850984],[111.70789159734353,37.94792995225451],[111.70900846638597,37.94783290618828],[111.7097382434312,37.947810440884155],[111.71024129890075,37.94793385746975],[111.71052024983554,37.9484741074479],[111.71073239488324,37.94915281099998],[111.71075598571238,37.94922828272236],[111.710920397441,37.94975426641761],[111.71110880847222,37.950367319239554],[111.71168485044522,37.95095996315323],[111.71178362596001,37.951282621970925],[111.71189678254963,37.95164513054076],[111.71218545292025,37.95232834733],[111.7123170309199,37.95253927138315],[111.71253739209271,37.95289251281789],[111.71265806939886,37.953085958874496],[111.71269272490431,37.95314151135905],[111.7129686218365,37.953654717899646],[111.71324189515678,37.953896198930195],[111.71349600201829,37.95402337788912],[111.71394989521384,37.95426376080574],[111.71431292925585,37.95444748617657],[111.71462233323037,37.954688743659915],[111.71495609578581,37.95481689774092],[111.7151469062956,37.95509379318876],[111.71527241775892,37.955565000055415],[111.7154783799113,37.956338223560564],[111.71568790714652,37.95677049649563],[111.71611703786498,37.9570446500788],[111.7161489294861,37.9570670392778],[111.71669802666477,37.95741466724163],[111.71786557767115,37.957823029788344],[111.71925190316033,37.958250566244054],[111.72121419679351,37.959460167297514],[111.72130244482642,37.959514564243435],[111.72195279321404,37.95993195596648],[111.72222251504746,37.96011097681864],[111.72286374286878,37.960516587658944],[111.72427014536623,37.96123051582996],[111.72545534090818,37.96110278465888],[111.72648534613087,37.96066288157811],[111.72726889775649,37.95991137937264],[111.72826227443416,37.95884545646918],[111.72905007202331,37.95852746028345],[111.7305087450849,37.95837389721085],[111.73251207664056,37.95792789442981],[111.7345731021229,37.957168382468666],[111.73581304261408,37.956438057963624],[111.73790585643319,37.95582280244061],[111.73951195552932,37.955210571106555],[111.74147794906365,37.954090246913886],[111.74304943888619,37.9530687263608],[111.74401718100383,37.952508635754484],[111.74466405802663,37.952314673710084],[111.74472186498573,37.95229733991342],[111.74517380331,37.95216182618554],[111.74541219105636,37.95209034442479],[111.74583460624697,37.95175046536293],[111.7461608995936,37.95092947709156],[111.74663779821289,37.94996301584801],[111.74753927291627,37.948873425388776],[111.74830547066188,37.94840820692324],[111.74887365356305,37.94806321211156],[111.74938331717803,37.947753743849255],[111.75159546142216,37.94694479948003],[111.75368836183502,37.94637743720256],[111.75434256642879,37.94617730023061],[111.75553792399899,37.94581159884305],[111.75677894523622,37.94522556299947],[111.75786601225688,37.94502254217427],[111.75811464920615,37.94497610434095],[111.75853872331419,37.945002984260576],[111.7587410658571,37.945015808674164],[111.76018422476382,37.94510726721949],[111.76228138360361,37.94513683011055],[111.76242829387196,37.94513889898182],[111.76252652913836,37.94514028312198],[111.76346734269688,37.94494149537864],[111.76440898937244,37.94464198827074],[111.76443971166513,37.944632216409154],[111.76501341102404,37.94444973637833],[111.76636026227791,37.944307500307936],[111.76667133265825,37.94420888269158],[111.76686087836481,37.94420049594071],[111.76706922513753,37.944263497592495],[111.76724234781645,37.94441254192901],[111.7673283632689,37.94450959186362],[111.7674250939468,37.94461873153382],[111.76770582830551,37.94469556194406],[111.76802550985558,37.94466234977677],[111.76817633240748,37.94478545490442],[111.76837602530044,37.94488426635832],[111.76849133363653,37.94490973267571],[111.76860228648702,37.944932846206164],[111.76898197494339,37.944973271454046],[111.76952977486839,37.94490140296837],[111.77108935065651,37.94503177055534],[111.7716589871129,37.94527501442089],[111.77231111499704,37.94546143101125],[111.77257393227696,37.94557333018068],[111.77268603711312,37.94562106066905],[111.77303658177992,37.94575224425609],[111.77315918453054,37.945794661973665],[111.77360453981554,37.94594874193623],[111.77405230458373,37.94616509648881],[111.77439141543198,37.946353560388275],[111.77455103360292,37.94664808718619],[111.77478299128413,37.94695167270429],[111.775101433378,37.94746445218851],[111.77544175539171,37.947767321488335],[111.77548256388647,37.947796471967116],[111.77575667516578,37.94799227658437],[111.77618297963762,37.9480376351669],[111.7767271376697,37.94772093023016],[111.77696055878448,37.94678003866488],[111.77727181718905,37.94583550343259],[111.77727921029916,37.945805856751576],[111.77747545924525,37.94520405807395],[111.77752040073226,37.945066244143455],[111.77762423091481,37.94481253616125],[111.77765011266037,37.94474929456452],[111.77778269265704,37.94442533114676],[111.77787878735988,37.944133960744054],[111.7779647348655,37.94387335521522],[111.77804078672933,37.94364275254758],[111.77806375608776,37.94357310476466],[111.77815063869281,37.94334983413532],[111.77859366639656,37.943011848349215],[111.77880261166425,37.94240844158699],[111.77885924000779,37.94223934194639],[111.77866584353484,37.94120492853993],[111.77835848466793,37.94014252566639],[111.77832303528356,37.94001998934146],[111.77825550990389,37.93978657744562],[111.77804209900067,37.939707327816706],[111.7779801975213,37.93954564661075],[111.77797976723221,37.93950482974819],[111.77797899142435,37.93943123705864],[111.77815806130714,37.93928703122697],[111.7783793209402,37.93900912362349],[111.77845517616193,37.938532790024354],[111.77871819587112,37.93751944064652],[111.77870523630621,37.9362911463374],[111.77845127892648,37.93595810658989],[111.77839089824731,37.93587892247614],[111.77830651348953,37.935862592051755],[111.77811911793984,37.93582632529278],[111.7779359977422,37.935871038790935],[111.77783775000867,37.93582997306178],[111.77781019217072,37.935642439772636],[111.77785373858707,37.935288101580205],[111.77781410457581,37.93515685553974],[111.7777677568625,37.93504274429327],[111.77767589173925,37.93489317819268],[111.77766558214729,37.93477167811765],[111.77756529138694,37.93467937686839],[111.77731931592521,37.934490062179115],[111.77723204226064,37.934260995302566],[111.77733868284697,37.93407605108713],[111.77748960167658,37.933831917519385],[111.77759613275366,37.933659587556264],[111.77779158819195,37.933357949994274],[111.77783529757507,37.933221790728716],[111.77795062838469,37.93302794867308],[111.77795747040474,37.93282052262474],[111.77801893372732,37.93265564081114],[111.7780632452542,37.932576685846264],[111.7782592237008,37.932325101798696],[111.77826621673655,37.93213197680883],[111.7782911890395,37.9319315804955],[111.77829908665812,37.93182426208683],[111.77841456493441,37.93164472156796],[111.77846662198051,37.93144414692908],[111.77837644271126,37.93106667801564],[111.77809389262512,37.93022553819123],[111.77808805423861,37.92967160124533],[111.77830956655112,37.92937122103643],[111.7779629749631,37.92935064942044],[111.77758736315376,37.92931502859402],[111.7773965993408,37.92933003616089],[111.77719595028965,37.92946573827644],[111.77697891045919,37.92957443779798],[111.77670074491357,37.92959415113182],[111.7765210696934,37.929678766639285],[111.77637900825104,37.92976313370892],[111.77607156319353,37.92986050883623],[111.77565070867908,37.929904998113244],[111.7753272147824,37.92990713003267],[111.77510127091152,37.929884782002354],[111.77485269629655,37.92985662297505],[111.77456631777467,37.92981083351347],[111.77427235472798,37.92975913547514],[111.77405003959139,37.92972394866107],[111.77389136762284,37.9296594404661],[111.77374742954208,37.92956503904575],[111.7735584791375,37.92948285163095],[111.77339228461778,37.92941839220817],[111.77321894250227,37.92938973523197],[111.77309173755994,37.92945612286952],[111.77294942298998,37.92951665003482],[111.7727321895064,37.929607465162796],[111.77243251303562,37.929728617230005],[111.77217026401091,37.929831645982574],[111.77183265872489,37.92992324928165],[111.77146483610161,37.93000313145398],[111.77111124951003,37.9300054490703],[111.77082537033036,37.930007322115245],[111.7705614398134,37.92994945757436],[111.77033468877447,37.92984963554556],[111.77010800163518,37.92975577134342],[111.76992707362906,37.92975004253593],[111.76975554735245,37.92975116470934],[111.76964751237264,37.92978047559324],[111.76936877174022,37.9298895646686],[111.76913434759014,37.92991970138155],[111.7689356638981,37.929913848362],[111.7687370535585,37.92991514603245],[111.76861969300067,37.929915912679505],[111.76852083445308,37.92995946469988],[111.76836870153107,37.93008917807326],[111.76818023507055,37.93019767483394],[111.76799057669861,37.93019176130217],[111.76781808248974,37.93009992281348],[111.76761850502398,37.9300082607468],[111.76745541050785,37.92995211612648],[111.76726508508634,37.92988184582687],[111.76707423994173,37.92976152166864],[111.76687466430002,37.92966985831526],[111.76668478570625,37.929642490489805],[111.76650423131753,37.929643666744106],[111.76628778893365,37.92966653004978],[111.76611640997709,37.92968194806928],[111.7659730059561,37.92978299641178],[111.7657223052941,37.929984858517635],[111.76545288166292,37.930122482834],[111.76531872543396,37.930244923838494],[111.76519381830313,37.930388758160966],[111.76513188333793,37.93051072928637],[111.76497974440367,37.93064043833485],[111.76480037278414,37.93075602117699],[111.76462988086804,37.93085724483634],[111.7644496196083,37.93088702026542],[111.76420616286669,37.93091720585592],[111.76374964202378,37.93086529656709],[111.76354378382621,37.93098968473133],[111.7634441038773,37.93127484754155],[111.76343063940983,37.93162719202678],[111.7634351228244,37.93206071007596],[111.76326730178512,37.93237341084618],[111.76317607899189,37.93258294393216],[111.76293424201411,37.93277044047996],[111.76266495075555,37.93292235966127],[111.76231418344351,37.93305335158616],[111.76191738808718,37.93309882787388],[111.76142935231857,37.93305192912776],[111.76125343773313,37.93297507017181],[111.76103117490494,37.9330052220132],[111.76076216983238,37.93328382239472],[111.76030536751945,37.93377451411928],[111.75981379242845,37.93421123735723],[111.75949019377765,37.93434881045037],[111.75896064086511,37.93441996747197],[111.75800554925685,37.93469709103439],[111.75682933225221,37.9350975652726],[111.7558594773594,37.93560508662294],[111.75542015117986,37.936136292126946],[111.75525437076841,37.93645874511799],[111.75516856177322,37.936625648932434],[111.75474397349335,37.9369264353071],[111.75418552913071,37.93709133116599],[111.7536704769985,37.937339766235425],[111.7533476826776,37.93755860551417],[111.75282044847137,37.93786004300507],[111.75222505996582,37.93818901173486],[111.75188763655562,37.938651812318184],[111.75161711598538,37.93896515171806],[111.75114283626712,37.93942882338336],[111.75070303898072,37.93991937008689],[111.75033166185314,37.94040947793012],[111.74974106015884,37.94121259535123],[111.74914769614067,37.941744760502694],[111.74850687765819,37.94225074202126],[111.748248189066,37.94245499609081],[111.74759008063617,37.94335336986356],[111.74711808066245,37.94404733250323],[111.7466266333533,37.9445110957326],[111.7461161526865,37.944785299884934],[111.74582560255652,37.94481423808442],[111.7458572156721,37.94455661894677],[111.74587007954537,37.944136539661905],[111.74574828801076,37.94366086860774],[111.74517498277707,37.94307062480671],[111.74407358135777,37.94242727635462],[111.74293689305881,37.94167575060009],[111.7421913448832,37.941290937726215],[111.74130318862761,37.940832508949796],[111.74020321292815,37.940324596934246],[111.73978678484013,37.940251771074095],[111.73938061605219,37.94018073696448],[111.73919040610032,37.94008202904061],[111.73912266473423,37.94004687455296],[111.73916155336528,37.93937885463775],[111.73918105028486,37.939043929433275],[111.73908154676889,37.93764907461172],[111.73915337230565,37.93628024112762],[111.73931519931874,37.935357935577585],[111.73935525033345,37.934233171443594],[111.73949698284976,37.93301292812806],[111.73945748158833,37.93248479142731],[111.73921543808989,37.9322288919607],[111.73868411694072,37.9321238423317],[111.73776034091047,37.93211608794363],[111.73711172589076,37.93225563698988],[111.7367339383465,37.93210896979444],[111.7366282046724,37.931798020094476],[111.73668756240501,37.930889906857196],[111.73654708153992,37.93052498049509],[111.73618154529399,37.92989049547821],[111.73593987106878,37.92934753140627],[111.73565388021926,37.92864819149926],[111.73562160004715,37.928305450077396],[111.73578907860443,37.92773283091338],[111.73584995988368,37.927350080789715],[111.73586587231866,37.92725003926944],[111.73569224949877,37.92704231539727],[111.73564220264281,37.92685193183706],[111.7355803110616,37.92668069211437],[111.73543406769546,37.926500444191156],[111.73516698649081,37.926273277846484],[111.73499686160676,37.92611224838193],[111.73454800357368,37.92576226329508],[111.73430518924694,37.925554012394386],[111.73414729454018,37.925411975180836],[111.73407365502221,37.9252694121921],[111.73389102517378,37.92506078495927],[111.73382999086888,37.92497535269011],[111.73372748280076,37.92488060217796],[111.7335407417356,37.92493901641491],[111.73342037889793,37.924939766634765],[111.73330011074773,37.924950051508304],[111.73315614841643,37.92499862174542],[111.73303588126653,37.925008906343095],[111.73287997629305,37.925067086002535],[111.73277174483302,37.92507729447222],[111.73268749044738,37.92507781909151],[111.73259082182949,37.925040282169675],[111.73256523552206,37.924887883685614],[111.73255644532969,37.92471699460119],[111.73248055365313,37.9246430489802],[111.7324476782494,37.924611015884025],[111.73235530420014,37.92445333918878],[111.73221569915674,37.924215039009596],[111.73202646735182,37.923529764306885],[111.7319947122747,37.9226267368372],[111.73218883389124,37.921505530198104],[111.732157437391,37.920638627272055],[111.73228995338329,37.9202042558236],[111.73256521799843,37.91939026991199],[111.73261603133452,37.91924000745945],[111.7325783892136,37.91895797878518],[111.73254029757577,37.91875798379377],[111.73244854430861,37.918608381707564],[111.73235686118194,37.91846592974041],[111.73212907489034,37.918252813661624],[111.73191976659008,37.918082488710176],[111.73172858383388,37.917919201312756],[111.73154642763716,37.917755857486604],[111.73141906829389,37.9176565339264],[111.73128225765613,37.91751436154806],[111.73127174404195,37.91736425275282],[111.73116215504095,37.917236214142115],[111.73100679786955,37.91704409860824],[111.73097557954708,37.91678863187422],[111.73076769559016,37.91619548772104],[111.73051651305815,37.91511486675939],[111.73048283404472,37.914627333327644],[111.7305680487127,37.91448962780746],[111.73098585134214,37.91393832269785],[111.73132750132689,37.913549517912216],[111.73136921480733,37.91350204664078],[111.73158512548706,37.91325633158024],[111.73169904170705,37.91310320406069],[111.73164936425897,37.91294347264562],[111.73143480692103,37.91264758763541],[111.73055257047832,37.911951937029215],[111.72957371434725,37.9112111512975],[111.72899224016983,37.91077273805979],[111.72835448909458,37.910479467783794],[111.72807489608152,37.91040832731549],[111.72786326136455,37.91035574210301],[111.72750321221409,37.910258984501446],[111.72744802759098,37.910248823520284],[111.72631982698685,37.90996619257852],[111.72589497052559,37.909801152416364],[111.72542015505626,37.90944589272408],[111.72462532295397,37.908825868365355],[111.72410197883573,37.908425175533715],[111.72339634370586,37.90807132918812],[111.72268318548218,37.907930910859605],[111.72212391965458,37.90778954408055],[111.72171980860169,37.90777678096634],[111.72123979596563,37.90787117467576],[111.7209809243189,37.90795659193001],[111.72067522422415,37.908171853025536],[111.72018781802711,37.90849491840503],[111.71918906163776,37.90920170821768],[111.71822736613063,37.909716282399955],[111.7173949517857,37.91017290153229],[111.7163435752716,37.910810153569955],[111.71561866790566,37.911444566517254],[111.71485498207176,37.91204872410544],[111.71410332099542,37.912571514148546],[111.71333823517674,37.91303341332217],[111.71324300900169,37.9131054005297],[111.7122810037073,37.913791754341034],[111.71184846967088,37.91416017862804],[111.71165223594053,37.914430370931015],[111.71146879857133,37.91469086185682],[111.71107718006948,37.9153130689544],[111.71063346833486,37.915854298790876],[111.71007441646508,37.91640638354001],[111.70962795860328,37.916663109432605],[111.70918110624514,37.916879190769826],[111.70864222874184,37.916862113767436],[111.70766601068527,37.916715568545705],[111.70683321374484,37.91681202447243],[111.7065381221932,37.91680363581403],[111.70652676214866,37.91677614290667],[111.70627704169824,37.91632762059805],[111.7055407940658,37.91523510857964],[111.70543134059895,37.915072688156485],[111.705295455569,37.91487547281702],[111.70522461020859,37.91477265128218],[111.70475501318548,37.91409109227156],[111.70466669244229,37.91400453133085],[111.70460873420565,37.91394772631042],[111.70425007933171,37.91359621007907],[111.7034001343645,37.91323548467236],[111.70280776038136,37.91298499042032],[111.70231625316862,37.91255098795457],[111.70136511464784,37.911641199084485],[111.70117868586118,37.91146289134477],[111.70113846998954,37.91143010207185],[111.7006474659349,37.91104689629463],[111.70034710114791,37.910479648037935],[111.700199577789,37.909799718065436],[111.6998746309604,37.90934438997838],[111.69941044879246,37.90908295436837],[111.69911510364736,37.90904406470606],[111.69849841157442,37.909448764885724],[111.69838862525258,37.90952596094853],[111.6977245321853,37.90982457672195],[111.69752145077024,37.91004933014911],[111.69753371540018,37.91009842824242],[111.69757476280525,37.91026240138386],[111.69771235787414,37.91050940818487],[111.69778350913627,37.91063713417266],[111.69790315411751,37.91108352221091],[111.69796919601993,37.91128635708512],[111.6976873395579,37.91131851204406],[111.69717405766274,37.911291069051394],[111.69659511993953,37.91110143391932],[111.69618836024584,37.91085365249718],[111.69613410882596,37.910820604875376],[111.69596421702988,37.910717112047166],[111.69565345715732,37.91052780595975],[111.69453121216088,37.90984346354244],[111.69380807490946,37.90931933859506],[111.69344793896424,37.909209685731405],[111.69321871865877,37.90938377892493],[111.69305495579748,37.90969974441839],[111.69299416856838,37.91005574960509],[111.69302410755787,37.91051283338854],[111.69289890844682,37.91083873398654],[111.69274747287368,37.910892590938346],[111.69257933705092,37.910952387582064],[111.69183626061977,37.91103805042759],[111.6911294007534,37.91118672026367],[111.69017451145578,37.91148135561333],[111.6898064934585,37.91161102588088],[111.68928818565087,37.91179364797798],[111.68893084092814,37.91192486836295],[111.68876593736152,37.91198542265244],[111.68853831579193,37.912069006468364],[111.68830209086686,37.91209715387474],[111.6877411553074,37.91216398989078],[111.6871460899589,37.91221024443178],[111.68691663089092,37.912228079890696],[111.68684310760614,37.91222999372203],[111.68612122601905,37.91224877779271],[111.68578423463563,37.9122575448196],[111.68522109680865,37.912315369694234],[111.68493065080219,37.91234519181864],[111.68484003840068,37.91235449595539],[111.68471502331808,37.91240954204044],[111.6840210723553,37.91273078203508],[111.68362057074725,37.91311034793656],[111.68337740319066,37.91334038929608],[111.68316119013532,37.91336450828236],[111.68304502412008,37.91328516220718],[111.68303769291244,37.91318236394088],[111.68302997883345,37.91307419026102],[111.68304357228752,37.91269475532091],[111.68301562852331,37.91263299047167],[111.68288566452792,37.91226212032089],[111.68266148530986,37.91206019423146],[111.6823530585733,37.91199424032119],[111.68230826564387,37.91195676377707],[111.68221415899164,37.911885792813365],[111.68209468250164,37.91179251049514],[111.68209168151533,37.911467366119886],[111.68208294515001,37.9113776168234],[111.6820540815519,37.91108108890911],[111.68203500476774,37.91088510991792],[111.68200383207925,37.910824221198446],[111.68189145045203,37.91061223638581],[111.68173893208339,37.91030424237798],[111.68163643434158,37.910204240290746],[111.68160088619919,37.910169558650594],[111.68137909094665,37.91022503552391],[111.68088495208157,37.91041757295609],[111.68015191268152,37.91066568356919],[111.68000030904841,37.91071288889199],[111.6798326448628,37.91076509504516],[111.67970856706222,37.910803729030974],[111.6794218285605,37.91080538467856],[111.67931527438414,37.91080599975156],[111.67823475833785,37.91045997238402],[111.67746612372612,37.91019616341967],[111.6774374324257,37.9101863156586],[111.67729790581403,37.91013842714601],[111.67719841955925,37.91010428057277],[111.67716318520175,37.910092187441606],[111.67601076842026,37.90969463903628],[111.67548971852268,37.90942009895831],[111.67525039457733,37.90929618113745],[111.67492214894044,37.909124167718076],[111.67426094132563,37.909030492480184],[111.67408316899083,37.909007039779866],[111.67373997777422,37.90896694684686],[111.6730179181283,37.90888259068993],[111.67142981843543,37.90869704095529],[111.67021478526652,37.90859557826789],[111.66992360763574,37.908543043381314],[111.66985300016196,37.90829957207373],[111.66980750749855,37.90820027029246],[111.66955580802035,37.907583195279145],[111.6692918368835,37.90675823980137],[111.66911434559692,37.90604117911722],[111.66869932118784,37.905528694860074],[111.66800705062842,37.90461133063841],[111.66741812134424,37.90377466612286],[111.66717238776657,37.903071537175684],[111.66642813431983,37.90207316691415],[111.66617857740117,37.90169581267643],[111.66594268331089,37.901330747634915],[111.66580089924184,37.90077606176858],[111.66552526420615,37.90054729522965],[111.66473768897,37.90042980941208],[111.6638133347846,37.90031309068528],[111.66324632489629,37.900004669861005],[111.66279948805854,37.89974976687458],[111.66235423268448,37.899670981479495],[111.66168828980753,37.89976956613654],[111.66066282069795,37.89981597102317],[111.65949936169406,37.89972765565134],[111.65843662826813,37.89954442354884],[111.65812941065018,37.89949145165068],[111.6573429410467,37.899495845562086],[111.65624920095057,37.8995561414314],[111.65583850877643,37.89951778591666],[111.65629484049077,37.89891910941749],[111.65702025893447,37.89781763368569],[111.65764211129269,37.89660834467454],[111.65780000110823,37.895948666763594],[111.65757127766918,37.89537265170619],[111.65727876383752,37.89492273888673],[111.65724706962536,37.89460283221145],[111.65748025052794,37.894058531659915],[111.65770057827821,37.893691491249314],[111.65773486047249,37.893491247041666],[111.65747262535068,37.89320120766311],[111.65717372198257,37.89284278270329],[111.65692003092052,37.89209531763307],[111.65654832774347,37.89094014134131],[111.65623809397512,37.88986568137628],[111.65613823851946,37.88951983425107],[111.65557764912737,37.888476334224485],[111.65497960261486,37.88754481655531],[111.65471904866638,37.88707884075212],[111.65460533058379,37.88581945895114],[111.65446399482755,37.88433668098715],[111.65435819700153,37.88397145891827],[111.65410116391928,37.883901757834344],[111.65352317767217,37.88378303028228],[111.65310100927634,37.88388698758712],[111.65230367721016,37.884175457189244],[111.6514700440347,37.8845077778951],[111.65086562526423,37.88466354284246],[111.64957044496734,37.8849984010771],[111.64813188985184,37.88543310833145],[111.64722163319935,37.88580392669553],[111.64683175388211,37.88594383394939],[111.64661772773584,37.886020634965874],[111.64615050192975,37.88647284067917],[111.64597046978507,37.886778671917654],[111.64563805213623,37.88725299960547],[111.64556973997219,37.887333599598946],[111.64535250976003,37.88758989156718],[111.64492186653275,37.88782850411521],[111.64438352253516,37.88784669422747],[111.64372050486814,37.887903669552955],[111.64346161068474,37.88798891497784],[111.64314614904438,37.8882040293162],[111.64285077827518,37.88851810504068],[111.64271401003019,37.888687401917174],[111.64223237233789,37.88928358475736],[111.6416321933904,37.8899346470201],[111.64113493887244,37.89025744052907],[111.64046505479247,37.89063451641834],[111.64012614988617,37.890773078146104],[111.64013765687812,37.89077596702492],[111.63980385429517,37.89090484839111],[111.63951603218304,37.890982622290046],[111.63939997861948,37.89090704286556],[111.63913771228677,37.890603626784895],[111.63865554055643,37.89039620220637],[111.63857787291823,37.89036279084874],[111.63794150672535,37.89016809290916],[111.63719628212148,37.88961579344569],[111.63630538801061,37.888896612186215],[111.63544440386606,37.88829919934509],[111.63516253556323,37.88795015314239],[111.63506114286761,37.88734101539315],[111.6349393430543,37.88659480877489],[111.63480989319345,37.886077275720886],[111.63471164673402,37.88593214259285],[111.63443979950277,37.88553055567151],[111.63402163166751,37.88498409151693],[111.6334796490119,37.88457547189054],[111.63308190061292,37.88416607414038],[111.63261548081151,37.883597002187514],[111.63211288701308,37.88329486022172],[111.63140681970579,37.88281089999848],[111.63094269702749,37.88250854751387],[111.63056264410899,37.88191613944764],[111.63003218860783,37.88111447687934],[111.62992949513588,37.88095927652171],[111.62962858265112,37.880625558551245],[111.62902052047967,37.880354450261414],[111.62875917327884,37.88015007927855],[111.62853492587521,37.87978546583295],[111.62812878006177,37.87951327465847],[111.62769463675765,37.87934030531574],[111.62699199433067,37.8792525966222],[111.62646286869149,37.87921730665179],[111.62631723129476,37.87905041941154],[111.62623190346082,37.8785880010039],[111.62620078182644,37.87841933767788],[111.62617376036455,37.87807548557413],[111.62606668625317,37.876712931455955],[111.6257850986887,37.8757000125435],[111.62561491610342,37.87549269016219],[111.62493842349292,37.87467309126362],[111.62487327586892,37.87445392865095],[111.62465694867159,37.873726184678695],[111.62421777906307,37.872319462291394],[111.62387263453208,37.87182278591132],[111.62343920657699,37.871199054801],[111.62229754467465,37.86957926351005],[111.62166007628251,37.868972945887904],[111.62096424796201,37.8683996103983],[111.62036933648065,37.867909415299096],[111.61904569955894,37.866995077081434],[111.61879302529853,37.866892818305324],[111.6178968360954,37.86654045932452],[111.61705831066575,37.866409369526394],[111.61677722709828,37.86634332970287],[111.6160993726017,37.86618406585126],[111.61531009516538,37.86580883208338],[111.61517648862387,37.865739510301175],[111.61469430173949,37.86548646522589],[111.61401916715836,37.86514073967115],[111.6134808344223,37.8648596965308],[111.61321607657987,37.86472231876291],[111.61295310498838,37.86457587847451],[111.61230619854477,37.864225756218005],[111.6120557218464,37.86388527976495],[111.6118395250645,37.86359139680111],[111.61127893834059,37.863106056142385],[111.61101231651779,37.86284956823396],[111.61097533520473,37.862813992006714],[111.61000419566633,37.861879743675814],[111.6087504858161,37.86112750987259],[111.60804863377741,37.86098210231895],[111.60724436514874,37.86085076531115],[111.60715714556412,37.86063443763526],[111.60724080808039,37.860417228731144],[111.60745745084051,37.86036315410191],[111.60790591788266,37.86025121340414],[111.60799207203637,37.86023291918016],[111.6086906418743,37.86008457603722],[111.60877485530705,37.85993510474524],[111.60855148382507,37.85978722529504],[111.60839557557038,37.85953060765605],[111.60871857887491,37.85932570907622],[111.60964099884649,37.85928029186623],[111.60992678055706,37.859247409659545],[111.61033300154982,37.85920066774737],[111.6107507154622,37.85915260260736],[111.61177241345874,37.85871374458778],[111.612216248736,37.85865724269629],[111.61147194342182,37.85853431131699],[111.6107793824386,37.85847693479471],[111.61064968071042,37.85843555710939],[111.61050550163817,37.85838956045483],[111.6094943618163,37.85806697512698],[111.60815525601927,37.857311787831044],[111.60770261824402,37.856816211930884],[111.60702097422485,37.856525045218255],[111.6062348142377,37.85599053749302],[111.60578003057263,37.85554730782863],[111.60549843217125,37.85527286070823],[111.60455984226704,37.85490170882708],[111.60406635783889,37.85484501279563],[111.60301093112841,37.854723748547165],[111.60286656718777,37.854707160887294],[111.60176511770266,37.854794086719636],[111.60122417372344,37.854750259673985],[111.60117520086371,37.85474629151457],[111.60113420335337,37.85472522873761],[111.60072477150857,37.85451487759499],[111.6004533426178,37.85423173990628],[111.59959406752816,37.854154825795646],[111.59918601145553,37.854277488268366],[111.59914946608188,37.854298329166056],[111.59865426944346,37.85460288508849],[111.59809139839695,37.85489179551057],[111.59734691292634,37.85502906411078],[111.5969741308989,37.85503095462697],[111.59684882563553,37.85503158983148],[111.59677575769298,37.85503196017007],[111.59660134883661,37.8550328439631],[111.59624089871042,37.85507280915136],[111.59562814837632,37.85514265546597],[111.5950874713905,37.85520259882964],[111.59472725050048,37.85527116306247],[111.59431854340652,37.85529229680572],[111.59408295580135,37.855343393189294],[111.59404893988709,37.85535103809726],[111.59386772443357,37.855398025333926],[111.59367982856033,37.85539897282216],[111.59355182145289,37.85536982136547],[111.59343865469839,37.85531675791673],[111.59318677161822,37.85512305562625],[111.59309111840591,37.85508196809476],[111.59231967855207,37.85477084478632],[111.59190407973622,37.8547280362823],[111.59142009820346,37.8547860993568],[111.59100625611086,37.854728583629246],[111.59075034032152,37.854682192781084],[111.59053171820176,37.85459985784947],[111.5904859612135,37.85455623316448],[111.59046989938957,37.85454091934812],[111.59042986853096,37.85450275445255],[111.59004793567767,37.854383837555154],[111.5898167735499,37.8544842531202],[111.58947937364032,37.85458725245949],[111.58923244469543,37.85472555375166],[111.589037410297,37.85483006195813],[111.58900792003023,37.85484586420753],[111.58871121407729,37.85492410356897],[111.58868521801635,37.854930363531295],[111.58847548518087,37.85499751023714],[111.58796546158088,37.855168640104395],[111.58691693470925,37.855468553158204],[111.58616375088458,37.85544921111895],[111.58572050721193,37.855438032384946],[111.58558381013397,37.85543454451987],[111.58515238310763,37.85539550547709],[111.5850278306362,37.85538423465752],[111.58463201839425,37.8554461364573],[111.58456386268998,37.85545679509717],[111.58398921745079,37.855459868098315],[111.58378832523988,37.855463668883246],[111.58365305661488,37.855475614707366],[111.58348186508402,37.855497917207934],[111.58326614154254,37.85559195216719],[111.58312217494476,37.85563557247052],[111.58295988864258,37.855643526788896],[111.58278830240766,37.8556157713054],[111.58260719023157,37.855523701348524],[111.58238120937213,37.85546045788077],[111.5821552839982,37.85540436536548],[111.58190235892543,37.85535555660683],[111.58159560149105,37.8553427688148],[111.58100702753693,37.85524382223737],[111.57938934172,37.854875818108944],[111.57788542534095,37.85430400195815],[111.57690845891858,37.85392265661039],[111.5758800839286,37.85352123020792],[111.57446474272743,37.852796516581776],[111.57368978265075,37.8520178590644],[111.57321067523154,37.851380019610744],[111.57281860877823,37.850396261807525],[111.57247765225621,37.8493919306065],[111.57197310258444,37.84877453016604],[111.57063649877288,37.84827294131594],[111.56930956460398,37.84798175223843],[111.56777186317164,37.84798917626612],[111.56583925146843,37.848303322925965],[111.56446060433652,37.8490819753127],[111.56408004716542,37.8499271938096],[111.5640530214972,37.8501486873237],[111.56397398642504,37.85079570676579],[111.56398262800532,37.851123639610535],[111.56398823480396,37.85132613177999],[111.5639890153042,37.851349686759114],[111.56397948051702,37.85143565881217],[111.56393053263591,37.85187701665603],[111.56387912930437,37.85228577213232],[111.56382176969825,37.85274188522451],[111.56378655482294,37.85302190869216],[111.56360468590954,37.8541331955224],[111.56350535707762,37.85446002416417],[111.56334989068823,37.854971566422],[111.56328043133101,37.85520010883739],[111.56311436105184,37.855549685269914],[111.56304787635419,37.85568963280548],[111.56274848684717,37.85631981975688],[111.5621793528518,37.85694953902886],[111.56211674417301,37.857018811240806],[111.56176277356239,37.85730725999377],[111.56152454535389,37.85750138768602],[111.56128024722472,37.85782519638093],[111.56098733663609,37.8582134335878],[111.56043029301838,37.85902693439569],[111.5603411754693,37.85922901781219],[111.56020717705756,37.85953287139165],[111.56010281542727,37.859769519639634],[111.56010152246911,37.85990739668148],[111.56009573597385,37.86052409166389],[111.56009133770061,37.861409369131756],[111.56009066664289,37.861544434046245],[111.56002729292136,37.861806812627094],[111.55978845650827,37.86279560825025],[111.55978075314276,37.86282750030504],[111.55972498955107,37.86296960757],[111.5594222629615,37.86374105517041],[111.55928487938999,37.864091149903736],[111.5592574181127,37.864161126591874],[111.55886785558056,37.86530781735647],[111.55885925911306,37.865332741207915],[111.55882943980117,37.86542165230962],[111.55880393221386,37.86549673423983],[111.55880383753019,37.86552528005539],[111.55880271560359,37.86586219528845],[111.55880075692369,37.86645068466843],[111.55880191083551,37.86667827628235],[111.558855215124,37.866841337448115],[111.55895589247328,37.86714931320287],[111.55903957162396,37.86740528897315],[111.55910008168209,37.867590385195896],[111.5591308434923,37.867684485456905],[111.55916874340691,37.86787315041378],[111.55925833228994,37.86831912218609],[111.55928441299368,37.86844895064385],[111.55933380775866,37.86869483450808],[111.55936482811525,37.86901860892112],[111.55937450654939,37.86911962846375],[111.55942634171468,37.86966066174206],[111.55952288344994,37.870015156648705],[111.5596236029094,37.8703849862928],[111.55966240468013,37.87051191979757],[111.55975954554306,37.870827980265354],[111.56001780776252,37.87135154972649],[111.56046096257835,37.87227741299176],[111.56054046799242,37.872628166199526],[111.5606026347006,37.872902412228804],[111.56073080639457,37.87346782260282],[111.56074096256046,37.87351262924055],[111.56066091938253,37.873956327873266],[111.56063041099141,37.87412543779033],[111.56056464251745,37.87449000652274],[111.56050664408312,37.87481434916416],[111.56054016318718,37.87489804257945],[111.56072046488482,37.87538775280537],[111.56059698203997,37.87576020476542],[111.56043600328603,37.87594690313497],[111.56022089468985,37.87613385887151],[111.56009686665193,37.876434800931875],[111.5600257771265,37.87657816388667],[111.56000914049278,37.87676417494866],[111.56004771742704,37.877092948116704],[111.55994368042352,37.87765123869371],[111.5598558439523,37.87796631067661],[111.55980366197194,37.87822400261355],[111.55980517627424,37.87842422966993],[111.5598072329697,37.878695966950104],[111.55973689840192,37.8789394427632],[111.55954058054584,37.87922642541805],[111.55932610918065,37.879499191606186],[111.55909380742258,37.87980064593367],[111.55884302867622,37.8800449788899],[111.55855605219843,37.88027517977503],[111.55816080829558,37.8805058933249],[111.557746762782,37.88063657797738],[111.55722294116364,37.88056754572324],[111.55689706925958,37.88042606301002],[111.55646347128176,37.88035660053262],[111.55603105686941,37.880444458845744],[111.55574374647506,37.880631747330334],[111.5554384990013,37.880833422121604],[111.5552053182454,37.88102045388768],[111.5549173607778,37.88112192822926],[111.55459256209728,37.88112345877707],[111.55421406048814,37.881182450774865],[111.55396197418519,37.881255149148316],[111.55360162273432,37.88132835705102],[111.55334900027397,37.881329544739046],[111.55291582785688,37.88131727672876],[111.55239328868493,37.88141984732791],[111.5518343380418,37.881479678254635],[111.55146618967814,37.881475682422845],[111.5510054700497,37.88139917526076],[111.55036797106823,37.88141169284209],[111.54937129025431,37.88135122839083],[111.54826767998253,37.88145291865337],[111.54630998765886,37.88194160588154],[111.54586186623813,37.882053462003505],[111.5444701949881,37.88249317829949],[111.54436025488143,37.882527914233336],[111.54396882198529,37.8826515879894],[111.54298524637595,37.883143878220736],[111.54220588774034,37.883513282462715],[111.54203833176796,37.883566839090086],[111.54146401625343,37.88375040919169],[111.54122303021299,37.88410716687565],[111.54133109848954,37.884858619236724],[111.54151497675717,37.88545729855641],[111.54170302320719,37.88550931659727],[111.54209310120554,37.88561722176669],[111.54277200424507,37.88553280196945],[111.54430305050413,37.88531246214223],[111.54505392275674,37.88518781643547],[111.54515588334402,37.88518780739011],[111.54620229627211,37.88526854950036],[111.54732586258726,37.885502083781724],[111.54820869177978,37.885750243589186],[111.54935778905067,37.88626293259531],[111.55092054194785,37.88707999714607],[111.55204108215058,37.88775946839233],[111.55271019332135,37.88821130781493],[111.55344447526521,37.88863580800789],[111.55417352215218,37.88902429076608],[111.55541162370186,37.88983381352499],[111.55725070999588,37.891190056667995],[111.55899086767374,37.892609805859216],[111.55991765311826,37.893767620181194],[111.56032589173283,37.89466211699763],[111.56102260241498,37.89527144231123],[111.56126975927131,37.89535213021802],[111.56205620136542,37.895608871235204],[111.56260246336687,37.89568451860172],[111.56296811855191,37.8957351525063],[111.56380368923105,37.89572665130491],[111.564548653107,37.89576362459873],[111.56524416691724,37.895931467965674],[111.56602035608978,37.896148470697874],[111.56683425711087,37.89646439128483],[111.56754897908037,37.896911420837235],[111.5681536748161,37.89737248932686],[111.56886103053705,37.89778350807752],[111.5697589470746,37.89811702177605],[111.57064588260057,37.89831543901079],[111.57131443115728,37.89848337703941],[111.57177404683944,37.89883251314146],[111.57214611869654,37.89943884272235],[111.5725857718831,37.90005385074664],[111.57316497960197,37.900519522618026],[111.57387511842686,37.901007077526884],[111.57450435339484,37.9015986312357],[111.57457653288692,37.901737622670026],[111.57484270204485,37.902250163153234],[111.57488572094296,37.90293917236255],[111.57459775474518,37.90374241618266],[111.57402350308797,37.90456778172831],[111.57391532353539,37.90472326522921],[111.57278703002511,37.90585493477172],[111.5717893322828,37.906693154090625],[111.57122009483362,37.90715539649833],[111.57061174814943,37.907707919914124],[111.57004527359953,37.90853051982867],[111.56981690420253,37.90918620446416],[111.56970109210847,37.909518715444314],[111.56942838395551,37.91027627594692],[111.56925924198168,37.9107461311954],[111.56870276296036,37.911856976966185],[111.56839615095437,37.912305215916156],[111.56819883252992,37.9125936750117],[111.56769794364504,37.91317269309043],[111.56751269956604,37.9135328204555],[111.5673169829726,37.913913299591826],[111.56709853932963,37.914900881616845],[111.56688599858255,37.91601006131014],[111.56689136167701,37.916987554167115],[111.56724122610757,37.91765706939075],[111.5676485538109,37.91803350100563],[111.5679744266235,37.91826166888458],[111.56830739038203,37.91857989560975],[111.56869695892696,37.91914110190928],[111.5691819676523,37.91981896720003],[111.56940792251083,37.92005925964204],[111.56972592863495,37.92039744172675],[111.57026981006544,37.92087230702096],[111.57075920922664,37.92137896565757],[111.57085776107118,37.92153490629781],[111.57090796056535,37.92161433746791],[111.57116507364351,37.922021169017874],[111.57146086314134,37.92276751244174],[111.57135789546234,37.92370048418766],[111.57092347207495,37.924608034522215],[111.57066643958473,37.925014702434915],[111.57046548826534,37.92522739708355],[111.57038647359376,37.92531591716555],[111.57055156457271,37.925431489979694],[111.57072199454637,37.92567857062577],[111.57095312593069,37.92599210100064],[111.57100685464526,37.92620494804295],[111.57109531057621,37.92647769060992],[111.57117251447322,37.926732279921204],[111.57128723740024,37.92701016255621],[111.57132727038079,37.927220384821204],[111.5712421598715,37.927369982036296],[111.57112373527364,37.92756965777922],[111.5710453465308,37.927813587384435],[111.57095386150536,37.928018289134066],[111.57106628701672,37.92814868649836],[111.57112616611823,37.92832707093306],[111.57123145355351,37.92851606588904],[111.57129308018239,37.92870558894184],[111.57138354077992,37.92891936821925],[111.57144602963969,37.92902871599221],[111.5716224198739,37.92907219672382],[111.57172530850852,37.92914559200842],[111.57181001331298,37.929202389450666],[111.57193702699644,37.92925756314222],[111.5720741137026,37.92935615846414],[111.57216332498007,37.92935799777739],[111.57235005271609,37.929376159686726],[111.57247651849028,37.929385079948275],[111.57262098594431,37.929386760900734],[111.57273528537593,37.92937905307502],[111.57285266828654,37.929380865562656],[111.57293089273107,37.92937810087493],[111.57304528462629,37.92938231159156],[111.57316564005161,37.92937934157421],[111.5733493215235,37.92939274901694],[111.57355912939614,37.929432461194736],[111.5735688534765,37.92951945256652],[111.57358050334099,37.929665455319345],[111.57361829457321,37.929878170572934],[111.5736452224416,37.93009909397388],[111.57363694390725,37.93019567518725],[111.57361506792446,37.930285171106604],[111.57357959445667,37.93036758262591],[111.5734946598325,37.93047526390657],[111.57342326801641,37.93058287913169],[111.57334267417934,37.93070047098893],[111.5732849338094,37.93082232186029],[111.57323622314304,37.93094412961532],[111.57320545651477,37.93105154679336],[111.57317502405985,37.93120186907462],[111.57314423062346,37.93130571147723],[111.57315442417962,37.93145583586545],[111.5732183998016,37.93155564086323],[111.5733006264957,37.93168038561111],[111.57349661336977,37.93172750236387],[111.57378651973062,37.93185480930878],[111.57405242538195,37.931991768951875],[111.5741976581064,37.93209117606979],[111.57431896366204,37.93220977064792],[111.57449510682123,37.93234586009437],[111.574653218746,37.93237067173182],[111.57486343725323,37.932262118198466],[111.57491362310137,37.93223313068664],[111.57493450980108,37.932221067007774],[111.5750536349674,37.932059584450805],[111.57515000287721,37.93187437442882],[111.57525858866288,37.93168329090224],[111.57534368527315,37.931589252148555],[111.57544130413773,37.93148137329209],[111.57557220256119,37.93111630378964],[111.57556216068751,37.930798055634796],[111.57552514300527,37.930577234319735],[111.5755127934113,37.93039057449085],[111.57541872544613,37.93026415758714],[111.57531824595833,37.9300234422564],[111.57524145950337,37.92984428230662],[111.57523448438076,37.929783214493476],[111.57536400505792,37.92977343595002],[111.57548484409274,37.92983243790599],[111.57559877347829,37.92989013655632],[111.57568523689079,37.92994893976744],[111.57616395021608,37.930071742186946],[111.57662057266104,37.930189887690226],[111.5769980812083,37.93052115840944],[111.5772438242213,37.93082872673117],[111.57765093957788,37.93074172990717],[111.57848343753587,37.9305648962075],[111.57929083441071,37.93045931213008],[111.57958028848364,37.93036538937765],[111.57981932611281,37.93031001733161],[111.58003764124564,37.92979409932602],[111.58027103412235,37.929020685898614],[111.5802322479346,37.928438293193075],[111.58009083847942,37.92785640634491],[111.57947253875442,37.927132629776175],[111.57943482480829,37.92708737441023],[111.57895658893162,37.92665277388835],[111.57826338368106,37.92602280546054],[111.57719470225479,37.924971269660716],[111.57624090510589,37.92420134253441],[111.57611032158785,37.924095930724285],[111.57528462039711,37.92349028824361],[111.57499144506832,37.923180106476266],[111.57500559377134,37.92280067909939],[111.57513598034471,37.9219735844398],[111.57531651161992,37.920997210692384],[111.5754498475961,37.92054945764088],[111.5757464587819,37.919998605073225],[111.57598792244438,37.91959764098914],[111.57606370362815,37.9194718001669],[111.57616849585213,37.91929778504911],[111.57670268527481,37.91840779596674],[111.57721882727046,37.91773168557553],[111.57778090529857,37.91702779419261],[111.57807624965798,37.91666053435918],[111.57822301393473,37.91651788701496],[111.57832040133871,37.91627426884348],[111.57841745211533,37.915987744496306],[111.57847021008773,37.91580870533224],[111.57851366205149,37.91559395663263],[111.57857477421976,37.9153290626553],[111.57858856165342,37.91523250334676],[111.57852556917923,37.91520518235747],[111.57831683876834,37.915114652897515],[111.57807483295922,37.914948981276915],[111.57784787056035,37.91478323438873],[111.57759063592347,37.9145937987865],[111.57731863865526,37.91444019119152],[111.57713597269867,37.91416695801533],[111.576861558069,37.913703476825795],[111.57672439858351,37.91347769540074],[111.57654164535984,37.91319254324729],[111.57638879262349,37.91288340751193],[111.57623612824815,37.91259810748501],[111.57605328618466,37.912301036527424],[111.57585605187788,37.91208746556928],[111.57561276029801,37.91175493436809],[111.57547477273573,37.91142188688961],[111.57541265100159,37.91117189913683],[111.5753788525807,37.91069531822614],[111.57530085394167,37.91033814032944],[111.57529871936421,37.91006402236892],[111.57531181288971,37.90981366682096],[111.57536985021633,37.90953925379267],[111.5754432996598,37.90931244090075],[111.57551674865365,37.90908562705701],[111.57563495372918,37.90881092054297],[111.57575334368494,37.90856004986204],[111.5758567835784,37.908321170634835],[111.57600507154318,37.908046316531056],[111.57610897343598,37.907867027877955],[111.5764224461493,37.907555608361235],[111.57667639734144,37.907327910498296],[111.57713031927686,37.90682567797237],[111.5765750571954,37.90673768177831],[111.57619344627668,37.906597336572986],[111.57590701867306,37.90636431036794],[111.57570260557766,37.90619248989655],[111.57558844472503,37.906020227732675],[111.57548309336251,37.90582184668314],[111.57565212180607,37.905560934347605],[111.57628791838947,37.90445277220836],[111.57691382039253,37.903291369303346],[111.57694829807357,37.9032273926254],[111.57718174558404,37.90223098368312],[111.57725868457727,37.901902584700764],[111.57745231879993,37.900834688413084],[111.57765077228605,37.90038407139139],[111.57803469482597,37.90028311277107],[111.57858150300966,37.900122595268],[111.57866573920022,37.90011648006658],[111.57917265825381,37.900079677496116],[111.57981945618928,37.89977355696318],[111.58039420760684,37.89947922009763],[111.58119999392822,37.89921231657469],[111.58204021804747,37.898739470351494],[111.58253587922923,37.898479808127334],[111.58301937421362,37.89794316429871],[111.58349527744888,37.89757196210454],[111.583535495477,37.897557851414305],[111.58410669368764,37.89735744537105],[111.58471910107825,37.89726866835509],[111.58580691312959,37.89709750220852],[111.58683405489371,37.89693221789856],[111.5870531721945,37.89689695647866],[111.58827910532278,37.89686225651541],[111.58940356039743,37.8967651794168],[111.59045729859773,37.89684563563058],[111.59141818936811,37.89704086568253],[111.59212778207504,37.89738024481727],[111.59255457227783,37.897532424249206],[111.5928505706435,37.8975652287101],[111.59302285383673,37.897461476078334],[111.59306466653499,37.89742402443652],[111.59351699866401,37.897018870569724],[111.5935814210442,37.89696812408217],[111.59429110189903,37.89640909071487],[111.59505044576292,37.89575936990732],[111.59607875884195,37.89537120995991],[111.59732426787946,37.89508482206874],[111.59735358276197,37.89487491617206],[111.59741162228977,37.89461241122882],[111.59742577586778,37.894537487134116],[111.59748373849378,37.89423064759097],[111.59766051551804,37.89381336387579],[111.59782562893784,37.89341229555323],[111.59784605918851,37.893371891225726],[111.59807596591894,37.893071529549005],[111.59834406783136,37.89274836343651],[111.59883688602105,37.89231678584251],[111.59937365631586,37.89174195733112],[111.59958246308453,37.89152635815884],[111.59989557311593,37.89119104075391],[111.60061143683764,37.89044843262535],[111.60084577013413,37.8902085802363],[111.60137211030711,37.88966983581546],[111.60212847495023,37.8892781361356],[111.6025953440806,37.88898969963523],[111.60311529853404,37.88857226653695],[111.6035174102035,37.88816506994425],[111.60443452787077,37.88741455483718],[111.6048909718476,37.88723303247287],[111.60537621516623,37.886987397505486],[111.60571744082318,37.88678540866562],[111.60625575927972,37.88641077506135],[111.6065607730372,37.88619466792679],[111.60693843562507,37.88603539479577],[111.60726184227468,37.88586209801471],[111.60798118664464,37.885558035116894],[111.60834115074128,37.88544175589909],[111.60861088707604,37.88532594299441],[111.6089706134696,37.88518105841343],[111.60943860858879,37.88503561227574],[111.60997699161472,37.8847638597493],[111.61030146914949,37.88463067489538],[111.61057131863532,37.88452915925185],[111.61083019386271,37.88445302610453],[111.61096736329814,37.884412684872416],[111.61138192451583,37.88435332324099],[111.61172430457017,37.88429433525516],[111.6121389828709,37.884249272687285],[111.61226470569909,37.884177107196514],[111.6127508511073,37.88404585584362],[111.61302045676872,37.88391573029183],[111.61325421041414,37.88381439646656],[111.61332638926672,37.883814020438045],[111.61383128732585,37.88376848183943],[111.61408308404238,37.883667051387356],[111.61426792444796,37.883598262888846],[111.61431695309233,37.883580017188365],[111.61453325235394,37.88355028358587],[111.6146417579609,37.88357832178241],[111.61467449569179,37.88358873773053],[111.61503981307429,37.883704964717644],[111.61529255872777,37.883717946302156],[111.61533402352207,37.88371651240912],[111.61577964945349,37.883701097091915],[111.61598054804392,37.88371228885397],[111.61601435052971,37.88371417241369],[111.6161148653608,37.88371364639535],[111.61614320572181,37.88371373501365],[111.61644766352809,37.883740508836794],[111.61654805678884,37.883747212182556],[111.61664627544782,37.88375377097195],[111.61687050369966,37.88379839971273],[111.61707994100118,37.88388006098425],[111.61733436476977,37.884036213073934],[111.61758794799678,37.88414930255521],[111.61785885981965,37.88417648564825],[111.61790551974936,37.884173156846146],[111.61807527884551,37.88416104724164],[111.61841813195288,37.88415924664602],[111.61852925937869,37.88415866281282],[111.61879707458617,37.88415725535367],[111.61910407641918,37.884184246768264],[111.61915243777926,37.88419990111812],[111.61924910812955,37.88423119291567],[111.61949622930021,37.88431118581341],[111.61947913763626,37.88433373784653],[111.61934832002143,37.884506342429795],[111.61887592808299,37.88525399753315],[111.61857860617533,37.8859545814275],[111.61850711281994,37.886123042528176],[111.61796654922973,37.886898147592554],[111.61786840038425,37.88742705686527],[111.61812764849921,37.887764410902264],[111.61867660182692,37.88799185168767],[111.61906270736696,37.88806721472932],[111.61981106139818,37.88821328046293],[111.61996085939933,37.88824251795366],[111.62076465171268,37.88827892761346],[111.62093684879883,37.888427054549574],[111.62076704041093,37.88856343432046],[111.62046001557292,37.888646344217065],[111.61945897462608,37.88901166711807],[111.61864772329623,37.889307718712026],[111.61762916357938,37.8900256804131],[111.61751640365542,37.89004160948037],[111.6171809270959,37.89008900114357],[111.61679798142183,37.89029423636222],[111.6163911692357,37.89071298497853],[111.61603521636489,37.891080656988635],[111.61544813244656,37.891408893672775],[111.61492413755634,37.89161485926064],[111.61432430689408,37.89195331855457],[111.613864921218,37.89221991108262],[111.61352235978036,37.892658637908795],[111.61305460960064,37.893463825245675],[111.61278694768167,37.89365828530483],[111.61213328050735,37.893692170353205],[111.61164537067157,37.89361341452431],[111.61090169550852,37.8936172764209],[111.61046692245785,37.89376179206016],[111.61004656323219,37.89409929775569],[111.60993300885075,37.89432343743282],[111.61015199129157,37.89444423842408],[111.61060286470878,37.89469593563429],[111.61090088125378,37.89507036126981],[111.61107118246144,37.89550641712825],[111.61115147617318,37.8959124569998],[111.61142419120942,37.89632765634853],[111.61179797678152,37.896559428711086],[111.61268575941446,37.896920621202526],[111.61416550410364,37.89753275384955],[111.6147971937233,37.89793591359004],[111.61520845211628,37.89804554078393],[111.61533678681698,37.898022463771504],[111.61559847600849,37.897975406467225],[111.61584865806826,37.89793041786734],[111.61606498952202,37.897846260397785],[111.61611209026246,37.89782793666234]],[[111.65570430521065,37.91735408344942],[111.65571174725464,37.917344984058815],[111.6556908116029,37.91739325077928],[111.65570430521065,37.91735408344942]],[[111.64907536452823,37.90661436486519],[111.64910175638082,37.90658269849588],[111.64908779435844,37.906610407904964],[111.64907536452823,37.90661436486519],[111.64906293356756,37.90661832273129],[111.6490193923942,37.906623716155515],[111.64907536452823,37.90661436486519]],[[111.6456352989278,37.89658932959545],[111.64548380469758,37.89650889375739],[111.64549788645652,37.896512527470925],[111.6456352989278,37.89658932959545]]]]},"properties":{"code":"SXPR-P30","name_short":"云顶山","name_full":"山西云顶山省级自然保护区","zone":"experimental","area_km2":120.414,"feature_count":1}}]}