{"type":"FeatureCollection","features":[{"type":"Feature","geometry":{"type":"MultiPolygon","coordinates":[[[[113.51265237956146,35.610895793079095],[113.51336759711594,35.6098102149429],[113.51375364702763,35.60932145581169],[113.51437487189384,35.60865298563421],[113.51467723195054,35.60821092250222],[113.51478422948905,35.60805448642071],[113.51504409277521,35.60780870848991],[113.51541432621678,35.60775418070148],[113.51606061954985,35.60769776762076],[113.51652896277335,35.607552097313295],[113.51682585292255,35.607524436988776],[113.51692957435394,35.60753276956965],[113.51696454671666,35.60753557869132],[113.51698309808724,35.60753706955651],[113.51706891967969,35.60754396420854],[113.5173099280692,35.60756332492756],[113.5173320476739,35.60756510155319],[113.51763987740514,35.60758983044537],[113.51767360098492,35.6075855339708],[113.51780210728552,35.607569162702404],[113.51782212077399,35.6075666133721],[113.51823333417674,35.60751422681271],[113.5183827591952,35.6074951910896],[113.51840528368298,35.60749232245218],[113.51841141125117,35.60749048689279],[113.51887925722812,35.607350322201754],[113.51910638741423,35.60726522989632],[113.51992114830676,35.60695998553586],[113.52056219396853,35.60692272991673],[113.52109627128598,35.60719762249557],[113.52138564237684,35.60739244689051],[113.52166289031506,35.6075791080857],[113.5221493389166,35.60818412010333],[113.52234695858971,35.608446837354656],[113.52234734007449,35.60844851515225],[113.52246552653232,35.60896881857062],[113.52246562588095,35.60896896065102],[113.52278643770617,35.60942696348968],[113.52340843413161,35.609711922738725],[113.52341457663822,35.60971256258276],[113.52397955988101,35.60977147099875],[113.5245136497036,35.60958148018183],[113.52482594263196,35.60930078116276],[113.52532261284468,35.608849339204426],[113.52560124350471,35.60867904735109],[113.52577999861249,35.60856979821907],[113.52611025631691,35.60836795206128],[113.52666900749163,35.60803439863533],[113.52698203534356,35.60777751768226],[113.52706689813441,35.60722743282825],[113.52712261127247,35.606846185966866],[113.5277707126752,35.6064021243419],[113.52790611374688,35.6063313217918],[113.52838816101533,35.60607925059433],[113.52865246147954,35.60595576823704],[113.52868121806276,35.60594233315645],[113.52875461639402,35.60590803937902],[113.52889535247061,35.605842287393536],[113.5293231184238,35.60564242966397],[113.53011693172144,35.60556714478486],[113.53037188864711,35.60545823331128],[113.53146860550866,35.60506800838277],[113.53167652337417,35.604994027550894],[113.5317156193586,35.60498011671009],[113.53304208656262,35.604508123952186],[113.53405011755488,35.60426782270921],[113.5349379478473,35.60405616804071],[113.53496152020121,35.60405054782669],[113.53670284801116,35.603339409004846],[113.53670291992371,35.6033393804599],[113.53669527213272,35.60327782350502],[113.53669531959069,35.60327502938508],[113.53669513482986,35.60327354571504],[113.5366937370085,35.60326233149782],[113.53671658715729,35.60190104635394],[113.5367171881722,35.601865265529774],[113.53674269405379,35.60145025797157],[113.53671739473316,35.60090955248152],[113.5367172135548,35.600905666651265],[113.53670235612768,35.60076712993999],[113.5366882018795,35.60063643068695],[113.53666584226247,35.60042996018944],[113.5366658191758,35.6004264341347],[113.53666577398313,35.60042601611837],[113.53666442919997,35.600413474496165],[113.53666247837701,35.60011167826733],[113.53670257467624,35.599962167573615],[113.5368245819007,35.59950232762014],[113.53694144391343,35.59914170579511],[113.53711040225967,35.5987281848024],[113.53716559998767,35.598314811271436],[113.53716914671908,35.59820886462165],[113.53716716346796,35.59766603071023],[113.53716036972904,35.59745100791991],[113.53716029164714,35.59744853539918],[113.53706958876205,35.59716515753249],[113.53691815038223,35.59692119226215],[113.53689945495199,35.59689795084173],[113.53679827543907,35.59677216063271],[113.5366799717139,35.59662508159886],[113.53663469049931,35.59656878620145],[113.53661728748186,35.596557334224066],[113.5365451486461,35.596509864887246],[113.5362252468374,35.59629935908897],[113.53600373278107,35.596172558474],[113.53584003274048,35.596078851445746],[113.53557870753575,35.595948415633146],[113.53538023656044,35.59581101669044],[113.53536228347895,35.59579858769724],[113.5353456986108,35.59579455882679],[113.53514872510347,35.59574738731916],[113.53498143427984,35.59572001568014],[113.53448790075569,35.5956624403208],[113.53419306104597,35.59565013956234],[113.53417477948814,35.595650198062],[113.53381429212297,35.5956518890609],[113.53363285696672,35.595655705966756],[113.53350633257722,35.595663297853264],[113.53347533802756,35.595665267109005],[113.53344453990718,35.59566706373635],[113.53317229981624,35.595683930060495],[113.53285886206527,35.595699790774916],[113.53281576503844,35.59570197293076],[113.53254686089464,35.59571633046139],[113.53237240339539,35.59573304534789],[113.53221553961453,35.59574807460739],[113.53180129308845,35.595817601416805],[113.53180115842414,35.59581759884156],[113.53179971222848,35.59581784458361],[113.53173580700553,35.595816120006276],[113.53154324890795,35.595811762971934],[113.53146310217842,35.595800375733134],[113.53141385040726,35.59579337753047],[113.53133426984373,35.59578252251449],[113.53130676179337,35.59577877131423],[113.53109119281834,35.595717282173474],[113.5310253486887,35.59569875901103],[113.53102477945956,35.595698338489115],[113.53102432084208,35.595698207569534],[113.53088493618411,35.59559609613444],[113.53072711634054,35.59547059157089],[113.53072632319063,35.595469961312475],[113.5305745719565,35.595349282767806],[113.5304051209641,35.59523948345297],[113.53033904291853,35.59519666640723],[113.53010350942348,35.595044055063745],[113.5296886650627,35.59484269151788],[113.5294937686432,35.59477841990373],[113.52928351976209,35.59470908413848],[113.52892548632367,35.594630099158955],[113.52877078486918,35.59459128823215],[113.52862812743446,35.594556016592165],[113.52858991771963,35.594542845932025],[113.52855550807399,35.59453201739404],[113.52849830193627,35.59451069313292],[113.52846686592396,35.59449487361999],[113.52840165270912,35.59446297647244],[113.52835823813322,35.594423535245056],[113.5283194374603,35.59438828504995],[113.52824804057745,35.59429472909244],[113.52819997423873,35.594217456552364],[113.52813021164268,35.59410336373836],[113.52812535913966,35.594094146452115],[113.5279391747077,35.59381665105456],[113.52784114868786,35.59364329178134],[113.52784071293965,35.593642519751356],[113.5277389074764,35.59346247762632],[113.52765824171003,35.59306253820662],[113.52765825667133,35.59305870049179],[113.52765738045873,35.59305441115223],[113.52765603991475,35.593047844794285],[113.52765919179046,35.592407547169636],[113.52765919383793,35.5924072966459],[113.52764048909248,35.5922530434461],[113.52763007762101,35.59216717945078],[113.5276301945874,35.59216542723486],[113.5276300291748,35.59216406117106],[113.52762854691461,35.59215190161298],[113.52765440449807,35.59176842523287],[113.52771724612003,35.59113638591239],[113.52771255427656,35.59098729423122],[113.52771243750406,35.590983581817355],[113.52769452968111,35.59084970713183],[113.52759004392551,35.59065417405437],[113.52741054724314,35.59047875317289],[113.52730238667533,35.590406874980516],[113.52714033868597,35.59030523168187],[113.52707446619237,35.5902713238809],[113.52702500606091,35.59024586376644],[113.52699782733923,35.59024041703351],[113.52694270893588,35.5902297386369],[113.52680707317562,35.59025736192712],[113.5266950732654,35.59029124772523],[113.52657608067983,35.59036582466994],[113.52621730578025,35.59075177529145],[113.52618524512522,35.59078125572372],[113.52600422785437,35.59094770975581],[113.52592135881086,35.591061747795464],[113.52565790811245,35.59142428069881],[113.52553793447042,35.59158937652452],[113.52535263337752,35.59184436623931],[113.52506150764825,35.59223340022817],[113.52504875500118,35.59224966051614],[113.5248944617212,35.59244638978827],[113.5246792555091,35.5925747899381],[113.5245451696931,35.592651934756375],[113.52435326456838,35.59279786615364],[113.52410997441078,35.592934715232744],[113.52396525093941,35.59301641351164],[113.52352388702566,35.593173958170986],[113.52331634229408,35.593258838790035],[113.52309256176655,35.59335588133565],[113.52293564896996,35.593408723893965],[113.52293364921555,35.59340876488191],[113.52279922775959,35.59341158234064],[113.52279757528444,35.593411616953254],[113.5226256021604,35.59341522076611],[113.5226237017331,35.593415263272604],[113.5225103287783,35.59338965595947],[113.52244925467909,35.59337611342021],[113.52243074270447,35.59336832534172],[113.52229624594119,35.59331174196131],[113.52229550381227,35.59331108264553],[113.52229514271123,35.593310929827624],[113.52212246305275,35.593159100782096],[113.52206176630834,35.59310573355847],[113.52202639754769,35.59304282584088],[113.52196562592042,35.59293473361873],[113.52189119732193,35.59273238511522],[113.52186773859485,35.592582293903185],[113.52183440435806,35.59236901700642],[113.52183442177879,35.59236802552934],[113.52183329649124,35.592360921190455],[113.52183192748082,35.59235227221525],[113.52183539034101,35.592199027802494],[113.52184220970426,35.591933086702035],[113.52187545966483,35.591542701340884],[113.52199607145481,35.591058130381406],[113.5221271538357,35.59066569281227],[113.52218302840102,35.59049107181214],[113.52231786784385,35.590240461957464],[113.52243034426363,35.589936264111486],[113.52242926656818,35.58966664370412],[113.52242926569285,35.589666404954414],[113.52242453071146,35.58963735549376],[113.52240254397299,35.589502454285686],[113.52238288112144,35.58946274852243],[113.5223298612333,35.58935568338996],[113.52230979529743,35.58932984270902],[113.52226055485323,35.58926643529578],[113.52224132858842,35.589246575953744],[113.52220530908832,35.589220272830296],[113.52218738289741,35.58920718258541],[113.52212256078542,35.58916169634028],[113.52212241050238,35.589161582355594],[113.52212080329001,35.58916045550655],[113.52208584558467,35.58913332731098],[113.522054608693,35.58912072208816],[113.52202716009728,35.58910964133666],[113.52202692451114,35.58910955076223],[113.52202094647308,35.5891073873635],[113.5219321093456,35.58907576404462],[113.52186328873925,35.58905927213239],[113.52184463712513,35.589054803485446],[113.52177277504916,35.589046559989235],[113.5216780731975,35.58903585461358],[113.52144108658449,35.58903787131298],[113.52143726662923,35.58903790352454],[113.52131554111753,35.58903893880807],[113.52110196635986,35.589041858633315],[113.52100388086397,35.58904361516213],[113.52056553294409,35.5890411154413],[113.52056544119678,35.58904110925212],[113.52056367269812,35.589041099407574],[113.52026888664754,35.589003385830466],[113.52022337090335,35.58899520642779],[113.52022290832478,35.58899512330229],[113.5201089121321,35.58897463805029],[113.52007178433254,35.58896787608204],[113.52003565724685,35.588962106803926],[113.520013952296,35.58895770175184],[113.51999679768683,35.58895421963938],[113.51993428721507,35.58894283578187],[113.51986682737845,35.58893292947789],[113.51985960311131,35.58893200210108],[113.51985878109679,35.588931748093316],[113.51985817493417,35.5889316589601],[113.51983744375877,35.58892541706365],[113.51975624629799,35.58890097193592],[113.51966939916748,35.5888755799403],[113.51966058620678,35.58887309459749],[113.51966009681203,35.5888728597597],[113.51965924071126,35.5888726091666],[113.51962887032423,35.58885786239265],[113.51957519191167,35.58883208282884],[113.51955867339375,35.58882063591486],[113.51943480068394,35.588735471117964],[113.51935884662628,35.588686404903264],[113.51908983583975,35.58851221084636],[113.51901154852911,35.58846741444238],[113.51892764827423,35.5884283657924],[113.51890521203129,35.58841811294149],[113.51885955948474,35.58839594585427],[113.51875281872633,35.588344509159725],[113.51870433862949,35.58831936833085],[113.51837446158814,35.58817178902487],[113.51792208779096,35.587977342677924],[113.51782439100981,35.587941015271966],[113.51763891151465,35.58787204897492],[113.51755891388291,35.58784271628285],[113.51754668750718,35.58783823339962],[113.51744760671707,35.58780190487357],[113.51727161603107,35.587737618663155],[113.51701054117243,35.587613321411176],[113.51681616524343,35.58748082008088],[113.51675548731387,35.58743945828844],[113.51656278201449,35.5873303416533],[113.51643976764659,35.587260684670625],[113.5161240406809,35.58708191484878],[113.51578389230373,35.58684804099328],[113.51559725397904,35.58668510464966],[113.5155238544394,35.586569466155126],[113.5154540412879,35.586459475050596],[113.51537052948376,35.58620788738123],[113.51534070541584,35.58597989153194],[113.51534105051411,35.58597424758545],[113.51534089994846,35.58597310193741],[113.51533950707501,35.58596242968679],[113.51535415911454,35.58571562716124],[113.51535892185204,35.58563540598233],[113.51537592695475,35.58520932019398],[113.51534589473167,35.58474177977824],[113.51534558486162,35.58473695321197],[113.51529588298968,35.58454732307046],[113.51523135148308,35.58441891287988],[113.51512369146022,35.58433534921592],[113.51510806859271,35.5843235000204],[113.51498209837636,35.58425890915032],[113.51476911870462,35.584150510027214],[113.5146147565135,35.584073524278686],[113.51429898798554,35.583917639481164],[113.51399861437339,35.583769353343875],[113.51383188545532,35.583688119584046],[113.51340854130925,35.58355781538995],[113.513344231321,35.58353813746844],[113.51319969905916,35.58349307491271],[113.51304520656647,35.58344503218581],[113.51274848664993,35.58338943594771],[113.51250622390317,35.58338213727516],[113.51241984879259,35.58333287205232],[113.51241838443387,35.58333203762083],[113.51238316062155,35.58331194713729],[113.51236132625945,35.5832995991161],[113.51236073110275,35.583299154714766],[113.51235990905504,35.58329868531214],[113.51228706232239,35.583245122011036],[113.51221282034793,35.58319053267385],[113.51211069602296,35.5830690829274],[113.51208571024675,35.58302728874479],[113.51198299534076,35.58285547817353],[113.51191692682178,35.582677663926916],[113.51191253803405,35.582661848032366],[113.51185726242186,35.58246264564779],[113.51178714850784,35.582155165042145],[113.51176643940939,35.58197640935753],[113.51176549617996,35.58195991793016],[113.51176538692957,35.58195804519652],[113.51174816282433,35.58166970299527],[113.51174766683937,35.58155950661519],[113.51174564511554,35.58111115424245],[113.51174563532354,35.581109075805365],[113.5117104027565,35.580908630935134],[113.51164707060383,35.5805762884958],[113.51154729548323,35.580287954527535],[113.51144285789334,35.5800924023693],[113.51140810798333,35.580028006877356],[113.51130340428148,35.5798339756329],[113.5112582121197,35.57975023133588],[113.51099042909347,35.579409801949375],[113.51088734978883,35.57925748046791],[113.51064589021038,35.57896350031876],[113.51062789579792,35.5789415914333],[113.5103234807435,35.57863899254052],[113.50999153256441,35.578423466692605],[113.509691166154,35.57825053249406],[113.50949314528621,35.57817248511325],[113.50942439832399,35.57814617132213],[113.50925633155023,35.57809381012487],[113.50906425050036,35.578034984907596],[113.50878247130628,35.577972890737556],[113.50856948870445,35.57793407277086],[113.50856048772926,35.57793286453158],[113.50840999347457,35.5779126763949],[113.50813538948141,35.57783806483774],[113.50790678337478,35.5777601614229],[113.5078937714495,35.57775577946084],[113.50784628145158,35.57773978845728],[113.50769328678712,35.577675236774326],[113.50746978614882,35.577580936758835],[113.5072841952417,35.57750730681043],[113.507011235565,35.577399013558534],[113.5067881895282,35.57731213436404],[113.50669981621411,35.57727786865064],[113.50638975905859,35.57715765325587],[113.50612921944791,35.57704876706741],[113.5060228398159,35.577004310112756],[113.50586992742441,35.576940714818406],[113.50576248649048,35.57688841743164],[113.50556919222892,35.576794736092694],[113.50538234607646,35.57670417570516],[113.50526970799024,35.576649581135015],[113.50503930420457,35.57653696900904],[113.50475096853141,35.57638540081558],[113.50446263067089,35.57623383375341],[113.50417807423743,35.57608218556899],[113.50389351877034,35.575930533963515],[113.503588596936,35.57585345593514],[113.50346511356285,35.57582224565605],[113.50346234116947,35.5758215446122],[113.503283673692,35.57577638525949],[113.50286309442613,35.57572023441701],[113.50284318422797,35.57571757559708],[113.50279087493128,35.57571392389625],[113.50250318288278,35.57569520984277],[113.50232917132539,35.57568530916986],[113.50214984859728,35.575659750748066],[113.50207212336177,35.57565757719086],[113.5019639345579,35.57565550826929],[113.50182807953018,35.57566451156188],[113.50155861292161,35.57568951165614],[113.50140908783945,35.57568742388646],[113.50130381026358,35.57567662342869],[113.50086209518626,35.575688948360366],[113.50065677123509,35.575735049318936],[113.50057598996528,35.57577653398641],[113.50027968908665,35.57580783131078],[113.49998341044832,35.57583896526468],[113.4998523374802,35.57580627069457],[113.49967002920684,35.57576079494383],[113.49933593449927,35.57568305352757],[113.49931159481636,35.57567959941469],[113.49902360749337,35.57563872980489],[113.49877290569833,35.575576191518074],[113.49870764704106,35.57553060112254],[113.49856100673817,35.575428157603405],[113.49853001404674,35.57539149822317],[113.49837808377455,35.57521178200645],[113.49819516062851,35.574995403406035],[113.49810360704386,35.57487188641892],[113.49793552726346,35.57464512620083],[113.49771785288591,35.57431092211465],[113.4976591578497,35.5742035860637],[113.49762092753456,35.57413367570872],[113.49757184930448,35.57405452232708],[113.49752089176776,35.57397628727703],[113.49741951638883,35.57371588239171],[113.497318140555,35.5734554756061],[113.49724066243094,35.57334474259017],[113.49716629590282,35.573238457325054],[113.4970983687955,35.573053568784296],[113.49709310685456,35.57301410148708],[113.49704433084261,35.572648221982966],[113.4969344278845,35.57225179616184],[113.49692761963344,35.572227236726384],[113.49688735458321,35.571931689964345],[113.4968470887644,35.571636142286074],[113.49684718876901,35.5716346391153],[113.49684666178165,35.57163080809064],[113.49684534716067,35.571621251193406],[113.49690173677611,35.57077312521394],[113.49697488312717,35.57046526352571],[113.4969899739443,35.57043471975404],[113.4974820041672,35.56943884639125],[113.49757867583111,35.569200322082224],[113.4976888501909,35.56900752472747],[113.49775583726156,35.568890299124206],[113.49835616232788,35.56820208822904],[113.49889812048255,35.56763221849118],[113.49940133221918,35.56714648189047],[113.5000683030327,35.566607784756336],[113.50057416538421,35.56620741767869],[113.50059441103834,35.56619345517088],[113.50066018124527,35.56615821269613],[113.50070081353566,35.56613478891763],[113.50073985838989,35.566104643134025],[113.50077291338447,35.566081386516096],[113.50081305571261,35.56604220593708],[113.50084500201439,35.566005458827945],[113.50086193269682,35.56597354830631],[113.50091891979056,35.56572225603017],[113.501058829472,35.56485643855953],[113.50117138322388,35.564263784939186],[113.50130422975285,35.563792343923694],[113.5014389388395,35.563080695592305],[113.50151141456925,35.562697811946045],[113.50162536483211,35.56219538217399],[113.50166590984628,35.561726010263214],[113.50176006339181,35.56116317255356],[113.50185820962886,35.560751171721236],[113.50202532257488,35.56014176787345],[113.50204215661763,35.5600987162923],[113.50228195823108,35.55948545012172],[113.50233976639049,35.559394145844045],[113.50261813176739,35.558949111234796],[113.50290420825235,35.558641321323414],[113.50342725512002,35.55817544513609],[113.50366004939569,35.55792733577486],[113.50374433115277,35.55762374391121],[113.50374223080439,35.55755621109242],[113.50373188747314,35.5572450724141],[113.50373185117039,35.55724397662765],[113.50351578071256,35.556811943688295],[113.50322955795718,35.55654534604787],[113.50312180298098,35.5564997899293],[113.50285404738268,35.556386591075004],[113.50240682559108,35.55630504317776],[113.50224825992463,35.55628352286424],[113.5019230391225,35.556239386338625],[113.5015864485452,35.5561403821807],[113.50128830111211,35.556086003102074],[113.50099242610355,35.55603246181359],[113.50099010752328,35.55603204230726],[113.50069097076756,35.555947826955006],[113.50057598812143,35.555891658516664],[113.50033371578786,35.555726227248236],[113.50023367160001,35.55562644364947],[113.49991986573764,35.55532377731209],[113.49978007243794,35.5551924208545],[113.49950746354675,35.5547990876654],[113.49938497496277,35.55464871161701],[113.49921983455745,35.55444597062109],[113.49891594123328,35.55409318830639],[113.49869728966415,35.55386498240354],[113.49847863935122,35.553636776045366],[113.49812389494826,35.55321854962559],[113.49785211531467,35.55285179594765],[113.49758446511858,35.5526179458687],[113.4973009712453,35.55239772437985],[113.49701541926305,35.55211104943457],[113.49661643562948,35.55184003108992],[113.4962820990422,35.55155437041039],[113.49601693687308,35.551400274007065],[113.49570339879413,35.551260477973045],[113.49551209341386,35.551205414767146],[113.4953585686952,35.551161225438996],[113.49522192878808,35.55112878431487],[113.49499788927957,35.55107559102934],[113.49473355473599,35.55094806463998],[113.49422361839555,35.550772431298434],[113.49395969699617,35.550658201809114],[113.49369577290406,35.55054396817563],[113.4934472898647,35.55040281175623],[113.4931988076256,35.55026165298484],[113.49296535404795,35.550080285488455],[113.49296416092416,35.550079033421646],[113.49267941301282,35.54978031224177],[113.49237803468014,35.549507259343656],[113.49202704618577,35.54920862884631],[113.49179278307209,35.54900067656959],[113.49162547087052,35.5488006318099],[113.49160689743574,35.548778423573054],[113.49160155987016,35.54875690126322],[113.49155111635804,35.54855348039563],[113.49149903738981,35.54844815978776],[113.49122977811443,35.54816113161314],[113.49097554388038,35.547833899399734],[113.49095007935846,35.547783624245945],[113.49080221645283,35.547491693470484],[113.49056261781078,35.54711096043922],[113.49054675642654,35.54709029528813],[113.49029131606169,35.54675747480864],[113.49003628211324,35.5464036505743],[113.48976416287418,35.5460235777845],[113.4895233294634,35.54560296337665],[113.48946243215185,35.54544708905201],[113.48939962445728,35.54528632825124],[113.48934384490342,35.545061387345775],[113.48934419281359,35.54505374307803],[113.48934336841702,35.545050435327376],[113.48934214762696,35.54504553914969],[113.48935206387578,35.54483134016229],[113.48939601350023,35.5446704996251],[113.48950913606826,35.54462986754208],[113.4897840087255,35.54458364212162],[113.49012242481355,35.54449781412013],[113.49042791150407,35.544372119582576],[113.49060611086391,35.54434140807133],[113.49071763834522,35.54427152725864],[113.49082881849537,35.54419039162547],[113.49089145706525,35.544121520188426],[113.49090706967245,35.54406938951777],[113.49091832649931,35.5439318200715],[113.49089294312843,35.54384019067901],[113.49086515844189,35.54373989440344],[113.49072930767313,35.543556505505926],[113.49052840931589,35.54337445888986],[113.49029498909627,35.543193088438834],[113.49017868780228,35.543115695957674],[113.49012702567231,35.54302366597942],[113.4900814027532,35.54294100979419],[113.49006361138375,35.54290877562811],[113.48998912361775,35.54277382385799],[113.48983906841697,35.5426572292409],[113.48967069724554,35.54247451719545],[113.48953073588481,35.54215821510673],[113.48953036996392,35.54214641744204],[113.4895291217342,35.54214359148386],[113.48952871042647,35.5421426611126],[113.48951965661867,35.541850015154345],[113.48953242105281,35.5417281131648],[113.48956303585344,35.54164864200856],[113.48961005200664,35.541609377242764],[113.4896746313687,35.54158101154785],[113.48978866102928,35.541592168546245],[113.48991852880276,35.54160299822271],[113.49031367179279,35.541725473480035],[113.49067354538792,35.54179912807664],[113.4909179852284,35.541794078877494],[113.49136217885201,35.54173336596709],[113.49150049286384,35.54171446032796],[113.49205167722083,35.54162421396417],[113.49261799141806,35.54153366749626],[113.49315506910565,35.54152256188133],[113.49404909373446,35.54149054960503],[113.49445409249809,35.54144161272373],[113.49495275172691,35.54125784364919],[113.49535572343049,35.54114363505087],[113.49575430344036,35.541046471524226],[113.49614966459656,35.54095009147782],[113.49648678339396,35.54086790846672],[113.49760103560034,35.5406060638856],[113.4984397985918,35.54034764806001],[113.498726855054,35.5401840116377],[113.49877448543384,35.54014247629515],[113.49879940821364,35.53991788692765],[113.49879979079886,35.53991444339571],[113.49877415929869,35.539697946368875],[113.49875779061321,35.53956000126925],[113.49871437371247,35.53943195334138],[113.49868614201063,35.53934869397209],[113.49841895393779,35.53912814390447],[113.49797413461201,35.53895117766417],[113.49766980285823,35.53884443445218],[113.4973654718457,35.53873768953617],[113.49685437837657,35.53852218688561],[113.4963778689334,35.538372471119395],[113.49591638409295,35.5381825314449],[113.49566834884165,35.53805466762951],[113.49547379529714,35.537954374632356],[113.49540007093823,35.53791681557759],[113.49538108908736,35.53790744779681],[113.49512287771792,35.53778001786268],[113.49482544444756,35.53763323523085],[113.49474132110007,35.5375954269871],[113.49452842617642,35.53749974236373],[113.494231410784,35.53736623967136],[113.49390918375477,35.537206656068435],[113.49358695692447,35.53704707337138],[113.49328181566615,35.53691373547857],[113.49317276489975,35.536866083592386],[113.49314053289982,35.53685199966284],[113.4929766743117,35.536780397692176],[113.49256398994132,35.536589444379985],[113.49229847625087,35.5364220446871],[113.49196504196937,35.53616294671915],[113.49171167906403,35.53586228966731],[113.49157295547111,35.5355858613962],[113.49151758940208,35.53537420906864],[113.49151729631713,35.5353647363451],[113.49151577978598,35.53535904438406],[113.49151535079375,35.53535743501129],[113.49150948788838,35.53514581534828],[113.49156390063698,35.53481131220814],[113.49169990102075,35.53446386049424],[113.49180243437667,35.53410358425104],[113.49180966498488,35.53382013628209],[113.4918096945671,35.53381899046769],[113.49178679962729,35.533731453464625],[113.49175600842759,35.53361372326096],[113.4916043237082,35.53344396126899],[113.49135261037301,35.53319646558227],[113.49100374819947,35.53296428617169],[113.49055691665205,35.532720834557104],[113.4904089794008,35.53263847138217],[113.49029203092108,35.532573361235144],[113.49002714930737,35.532425882717476],[113.48974539307648,35.53225880345229],[113.48939367249491,35.53193357972256],[113.48918344811376,35.53171183052811],[113.48897322157327,35.53149008008012],[113.488903294242,35.53138262963554],[113.48875117138164,35.53114887566169],[113.4886776517597,35.53100897850726],[113.48861288305643,35.530885734495904],[113.48859768537872,35.53082128161487],[113.4885379833276,35.530568086968636],[113.48853815349788,35.530557576589246],[113.48853750693334,35.53055484451133],[113.48853664610652,35.53055120682059],[113.48854183701852,35.5302064571341],[113.48858550764898,35.530059138757004],[113.48876151197464,35.52993612067144],[113.48887084126346,35.52991306306095],[113.48911673934113,35.52986120143896],[113.48953743957625,35.52978717968307],[113.49015359211275,35.529706878836656],[113.49055804072378,35.52961968741376],[113.49115085890296,35.529341640688116],[113.49172859624284,35.529088666651596],[113.49177131961848,35.52907087572504],[113.4920985913406,35.52893459191973],[113.49238958383141,35.52887676905488],[113.49292380092989,35.52879815108705],[113.49337643075516,35.528709947542254],[113.49371462878197,35.52859708351253],[113.49448871259632,35.52836706500049],[113.49543893005396,35.528041054676265],[113.49605151479642,35.52786842569002],[113.49645254522086,35.52771595402252],[113.49674003371075,35.527523039643334],[113.49713630858992,35.52719497165559],[113.49743844112444,35.526963459647874],[113.4976944840067,35.52682300349224],[113.4983336093811,35.526440332214065],[113.49929340907784,35.52591360570727],[113.4998053498453,35.52565070868657],[113.50023792969326,35.5254277482757],[113.50057449362178,35.52521784005693],[113.50128393873952,35.525211013907274],[113.5015807667637,35.52516430819105],[113.50185371917951,35.525147382367265],[113.5024868909725,35.525062162711784],[113.50268909170042,35.52503792333075],[113.50289592950794,35.5250131278076],[113.50308061280047,35.52497100126527],[113.50322741196148,35.524884609086634],[113.50327348246049,35.52477102351438],[113.50331517097182,35.52452876815186],[113.50331549667791,35.524526871040436],[113.50322960931895,35.52333704811701],[113.50314224902307,35.522114350984076],[113.5031418648575,35.52210897444233],[113.50314089441115,35.522064862441944],[113.50311368472751,35.520828318784446],[113.50311343335878,35.52081657374894],[113.50311220095969,35.52080585282476],[113.50310812844731,35.52077061994691],[113.50309722151094,35.52067627853701],[113.50308136387802,35.520539116934245],[113.50308140279697,35.52053863137515],[113.50308052667815,35.520531112500194],[113.50307948805286,35.52052219410493],[113.50311588415879,35.52007562333481],[113.50311589912697,35.520075431105866],[113.50309800820489,35.519636400123964],[113.50308943518515,35.519426031293946],[113.5030613718057,35.518737359235935],[113.50306094493791,35.51872681079692],[113.5029851050225,35.5182414709903],[113.50292642955174,35.518099710174845],[113.50286400934714,35.51794889879179],[113.50280518301999,35.51781181104515],[113.502804748232,35.51781079921107],[113.50272984514842,35.51763624450791],[113.50247804870861,35.517142872550366],[113.50231404613605,35.51687153818783],[113.50215004804288,35.516600204377696],[113.50195259891522,35.516253254047555],[113.50175514825638,35.51590630337479],[113.50148543668877,35.51563716315315],[113.50147795352798,35.515629699357675],[113.50121571363584,35.515368126137176],[113.50088167423897,35.515100978629675],[113.50084851857184,35.51507446176582],[113.50080725575894,35.51504146349929],[113.5007189583409,35.514953502515496],[113.50062743265758,35.514862325988325],[113.50058948610211,35.51484282469333],[113.50058865585166,35.51484281127952],[113.50058235132957,35.51484271228619],[113.50057595169474,35.514845514765],[113.50038569537368,35.51492868264699],[113.50029893489761,35.51496660957128],[113.49992627879288,35.51506784436127],[113.4999045937406,35.51507373532524],[113.49968868441468,35.51515560409224],[113.49961318328124,35.515184233657955],[113.49949391449272,35.515229457474526],[113.49949290260768,35.51522984156723],[113.49948691291979,35.515232112895106],[113.49947656301484,35.5152360370008],[113.49939192738427,35.51526812924021],[113.4989855570838,35.51554513662122],[113.49891734413622,35.515582646566415],[113.49861155312298,35.51575079720739],[113.49843711375223,35.51590875728213],[113.49829292186847,35.51604009389814],[113.49829204570779,35.51604112390693],[113.49829202762695,35.516041145005204],[113.49819491685284,35.51615533151542],[113.49802517663073,35.51635668164898],[113.49780044481237,35.5166369952521],[113.49757571685865,35.51691730477213],[113.49738132248093,35.51711993518762],[113.49727777120728,35.51722787334894],[113.49725793400545,35.517248643856085],[113.49725773261193,35.51724875975513],[113.49725747640494,35.51724902726093],[113.49715447108812,35.51730830402214],[113.4968497755265,35.517483646680155],[113.4964376999146,35.51757699248652],[113.49626996024925,35.517580466854334],[113.49614395476374,35.51758307685859],[113.49599912623938,35.51757363959205],[113.4959861352228,35.51757279399511],[113.49581477134744,35.51756162630623],[113.4956789455513,35.517538945499],[113.49563562373282,35.51753171147385],[113.4956340517702,35.517531449380286],[113.49536288679846,35.51748616993166],[113.49507646842964,35.51744968602314],[113.49479004804925,35.51741320056807],[113.4942828326791,35.5172257819751],[113.493871309921,35.517057586422744],[113.49376008974488,35.5170121327423],[113.49345978700505,35.51688940204237],[113.49296898234405,35.516673383040846],[113.49266977382021,35.51650286334742],[113.4923705632083,35.51633234202283],[113.49211389915503,35.51613973744322],[113.49185723302016,35.515947132329586],[113.49151976197798,35.51565724042751],[113.49125621335769,35.51552132107373],[113.49101316510905,35.51546994352088],[113.49101240082673,35.51546978271157],[113.49089073757403,35.51544406373493],[113.49035334781499,35.51539862818217],[113.48994729489824,35.51540700907165],[113.48954124184164,35.51541538949652],[113.48911532043876,35.51543360172247],[113.488689398891,35.51545181695277],[113.48855056767144,35.515457758016716],[113.48839810006976,35.51546428313414],[113.48826347637504,35.51547004421467],[113.48802531226414,35.515458758246005],[113.48784791262828,35.515450351782206],[113.4875766230501,35.51543748962841],[113.48743234651731,35.51543064894894],[113.4870679647886,35.515388684862394],[113.48675684071328,35.51535285457462],[113.48672951087113,35.51534970697443],[113.48670357459099,35.515346720740325],[113.48657877710097,35.51533234830385],[113.48639123859571,35.515310748709325],[113.48637207309206,35.51530854090933],[113.48621644221159,35.515290618721664],[113.4860789084491,35.515274779345354],[113.4857462502301,35.51514027193416],[113.4852580856313,35.515008972099416],[113.4848372973729,35.514819745604264],[113.48441520759785,35.514588129374246],[113.48437742982412,35.51456739851228],[113.48399311777649,35.514356504400695],[113.4836578587366,35.51413722715457],[113.48332259706879,35.513917948084554],[113.4828482325401,35.51367326215177],[113.48248363985591,35.51362423234879],[113.48241452501755,35.51362565729663],[113.482389974229,35.51362616281314],[113.48238980352326,35.513626166328066],[113.48234541124792,35.51362708128179],[113.48232947301081,35.513647737580726],[113.48227992498101,35.513712826378296],[113.48221961735092,35.5138449182998],[113.4821833972159,35.513924252740814],[113.48214373394954,35.51401112669516],[113.48211789893267,35.514068052239914],[113.48207757392514,35.51434870981499],[113.48196085566983,35.515161047332995],[113.48198103523393,35.515571043605135],[113.48198801299127,35.51571279857085],[113.48200870457654,35.516133178535796],[113.48198739125004,35.516559354603345],[113.48196077400446,35.51696987273183],[113.48197214514983,35.517339061521895],[113.48197221822657,35.517339680826524],[113.48200132761292,35.5175855715769],[113.4820808720089,35.51798431428409],[113.48215781357251,35.518223756292585],[113.48239235336773,35.51857033006933],[113.4828218770477,35.519030025069455],[113.48318326098156,35.51955868925155],[113.48352666145381,35.52001788938718],[113.48358654303216,35.52028470990631],[113.48358638508896,35.520287416245836],[113.48358908340383,35.52029944074417],[113.48358901798059,35.52030057198178],[113.48358581815503,35.520355193379416],[113.48357825209035,35.52048437563692],[113.48354002774936,35.520568416363425],[113.48351611752491,35.52062098659956],[113.48351309641502,35.52062763085239],[113.4835122345835,35.52062845412696],[113.48351207864923,35.520628794324104],[113.48345703996931,35.520681397646115],[113.48336189179221,35.52077265960565],[113.48336118729233,35.5207730093012],[113.48336090998879,35.52077327360893],[113.48317246005098,35.52086710797977],[113.48317193250087,35.520867370233624],[113.48302031534645,35.52094286388548],[113.48267972008438,35.52111244512612],[113.48229570631028,35.521275846417986],[113.48191168877612,35.52143924839117],[113.48174126701232,35.52151334899686],[113.48174041435946,35.52151371975378],[113.48165606795826,35.5215503935616],[113.48153629936043,35.52160247065218],[113.48121943177912,35.521700876402974],[113.48090257681919,35.521799288281905],[113.48080902255518,35.52182576394562],[113.48052545516406,35.521906011644774],[113.48035265101677,35.521909567325615],[113.48000312767681,35.52178952776809],[113.47967809869675,35.52166044607459],[113.47949547556576,35.52158791864983],[113.47933951877437,35.52157698918812],[113.47930320596822,35.521582444812765],[113.47901249592249,35.52162611891666],[113.478617220014,35.52170492905475],[113.47825693795417,35.52179716106252],[113.47789665608391,35.52188939110186],[113.47778095713487,35.52193162180596],[113.4775888641968,35.522001735297195],[113.47728107361557,35.522114078693726],[113.47690263944953,35.522178395510586],[113.47682095377746,35.522180072981904],[113.47670070083643,35.522182541882174],[113.47664086351848,35.52218377124772],[113.47662615256519,35.52218407348163],[113.47635160256768,35.52210772361571],[113.47629478411946,35.52209192169661],[113.47620628171242,35.52205798861316],[113.47615277367251,35.5220374729152],[113.4761447179854,35.522034384765945],[113.47611625589853,35.522023471351034],[113.47594483793628,35.521957748080936],[113.47549250698839,35.52186807663878],[113.47501122349763,35.521680053976375],[113.47465455056413,35.52154071747312],[113.47452993349171,35.52149203397835],[113.47426747289721,35.521391395213215],[113.47400501183041,35.521290755870865],[113.47360148736489,35.52110112345576],[113.47346003352682,35.521002761782],[113.47326578648597,35.520867689344634],[113.47301866178695,35.520703119458645],[113.47274215316322,35.52042606878788],[113.47262828211608,35.52031197594932],[113.4724656432401,35.520149020163295],[113.47227748448505,35.51993376726419],[113.47227134394947,35.51992674171103],[113.47208932108008,35.51971850873382],[113.47185904568863,35.51953945272162],[113.47162876815258,35.51936040079321],[113.47141404303309,35.51912448984627],[113.47124986034966,35.51884512995881],[113.47120586758992,35.518612473603675],[113.4711673170175,35.51840859453592],[113.47116738016352,35.51840310686066],[113.4711662412487,35.51839712663373],[113.47116550555313,35.518393261872674],[113.47117084514542,35.51798318397089],[113.47119746586318,35.517728096866236],[113.47134061230439,35.51734222406067],[113.47140143370369,35.51705715046811],[113.47166648033006,35.516671024536684],[113.47186115564341,35.51634961228861],[113.47209025448107,35.515971363208344],[113.47214310603871,35.51588410298139],[113.47231445370203,35.51527239557851],[113.47236701931034,35.51472996785791],[113.47227068837621,35.514357105119956],[113.47208489656622,35.51393682179474],[113.47184986458743,35.51360236634305],[113.47156257376407,35.51325484362993],[113.47153472150143,35.51321535923258],[113.47128241805267,35.51285769733237],[113.47100225967624,35.51246055036102],[113.4707313836514,35.51208441643026],[113.47046050805059,35.51170828271275],[113.47037353746514,35.51160220039167],[113.47032074386695,35.51153780410004],[113.47016416449432,35.51134681632941],[113.47007292231761,35.51123552141457],[113.4698678213938,35.51098534733445],[113.4696449225496,35.510763733463556],[113.4694220246679,35.51054211011877],[113.46904793877637,35.510182224035354],[113.46904086915062,35.510179512538706],[113.46876803103689,35.510074868154256],[113.46848897807881,35.50999575951415],[113.46808941027105,35.50993325272874],[113.46765702337215,35.50992796067191],[113.46727820503155,35.509978117892494],[113.46687407621376,35.51002475697711],[113.46642564010574,35.510097812984725],[113.4660910008172,35.51015870496986],[113.46568085440141,35.510321804637805],[113.46530418867856,35.510442592374154],[113.4651988333069,35.51048060776626],[113.46501348345224,35.51054748696098],[113.46472277853611,35.510652380852754],[113.46432170555921,35.51082314120126],[113.46392063531111,35.51099390289013],[113.46350314754244,35.51119327768878],[113.46313325495413,35.5113699232416],[113.46308564903185,35.511392657601306],[113.46296509494451,35.51144153449463],[113.46271847622435,35.511541521523405],[113.46236921354516,35.511683119338066],[113.46235130517536,35.51169037980796],[113.46228228208545,35.51170599519832],[113.46207657633046,35.511752533068304],[113.46175994881389,35.51185794841977],[113.46144331825171,35.51196336391626],[113.4613960369697,35.51198160023847],[113.4612176694467,35.51205039542407],[113.46100472221106,35.512132527819546],[113.4605661179205,35.51230169933558],[113.46012751933982,35.51247086646598],[113.45973989267596,35.51261071042364],[113.45935226678095,35.512750552239964],[113.45896463625807,35.51289039562914],[113.4584689342943,35.5130772023206],[113.4579732343676,35.513264007870376],[113.45747602260856,35.513401380811985],[113.45698590797103,35.51353678790418],[113.45697881333997,35.513538748075305],[113.45692704431917,35.513551509339976],[113.45682235441095,35.51357731477455],[113.45680057986318,35.51358268175525],[113.45654121355071,35.513646613433394],[113.45610361035486,35.51375447909322],[113.45572583985742,35.513839919487694],[113.45534806852034,35.513925359629226],[113.45501933762355,35.51391791417227],[113.45469060563245,35.5139104678384],[113.45427567070577,35.5138585649576],[113.45420464499688,35.51384968043907],[113.45385584149899,35.51375075636481],[113.45350703657458,35.5136518303893],[113.45334745577807,35.5136025699856],[113.45322778118374,35.51356562904777],[113.45301274896265,35.513499252344275],[113.45299586150398,35.51349404105658],[113.45294904970451,35.5134797128268],[113.4529197467472,35.513469431712814],[113.45266019861417,35.5133792671718],[113.45243592522999,35.51330135763586],[113.45242982158904,35.51329923731274],[113.45237187042545,35.51327910571139],[113.45189003188908,35.51306978465865],[113.45177914294085,35.51302161236175],[113.45140819359897,35.51286046251739],[113.45135657139767,35.512835820887595],[113.45135626723133,35.51283567569793],[113.45134778410772,35.512831625924356],[113.45133025316755,35.512823257634516],[113.45127472825513,35.51279675178401],[113.45110994408935,35.51271808969684],[113.45081169563232,35.51257571699324],[113.4504432610041,35.51239942780856],[113.45007482133624,35.512223137562344],[113.44970723874566,35.512075102378404],[113.44930510342314,35.51192777610772],[113.44890382918646,35.511808706420624],[113.44860536998777,35.51165926823643],[113.44825293536562,35.5114402362637],[113.44799011201901,35.51132541334465],[113.44772728928783,35.511210586218425],[113.44741241686738,35.511089746452335],[113.44703143208778,35.51106920055935],[113.44672991625016,35.511103588990224],[113.44642839900958,35.511137976699075],[113.44593032189142,35.511247030678646],[113.44553719942601,35.5113963647333],[113.44528144633865,35.51151464593757],[113.44516390246478,35.51156900897284],[113.44502569366144,35.511632929305975],[113.44471682161809,35.511709882808006],[113.44428698778985,35.51170558147206],[113.44424986856028,35.51170521041339],[113.443824828984,35.51165727475929],[113.44339977663715,35.51160933875363],[113.44309567849498,35.51155895121753],[113.44279158512195,35.51150856370961],[113.44246093776225,35.511437507424276],[113.44213029096278,35.511366451108046],[113.44173981151908,35.51131780798559],[113.4413493314265,35.51126916540184],[113.4413180034165,35.51126639293456],[113.4413172962475,35.51126633066562],[113.44082926268497,35.511223142405164],[113.44052416648212,35.511196145974864],[113.4403091945963,35.51117712344318],[113.43981536546588,35.5111411800805],[113.439321529885,35.511105229406915],[113.43882768779935,35.51106926962137],[113.43860415995009,35.51105299317239],[113.43833385715723,35.511033311173286],[113.43789954143206,35.5109643369804],[113.43746522531409,35.51089536301495],[113.43726575271084,35.51087770481209],[113.43694515909074,35.51084932218847],[113.43642509451284,35.51080328177253],[113.43603871291182,35.51079603912892],[113.43598702297467,35.51079506968408],[113.43560808925903,35.51078306725542],[113.43522915685011,35.510771069011255],[113.43498428928662,35.5107546545803],[113.43482304553275,35.510743845734666],[113.43467115684312,35.51073366230115],[113.43441693537436,35.51071661655361],[113.43435496810169,35.51071312466824],[113.43386273943126,35.510685391503394],[113.4335495861994,35.510621026019074],[113.43323643342268,35.51055665970035],[113.43288702022726,35.51043647852533],[113.43260800728962,35.5103572852127],[113.43232899379264,35.510278092153946],[113.43204955564158,35.5101847705684],[113.43177011810587,35.51009144830779],[113.43176944054073,35.510091270953055],[113.43136930249173,35.50998643401023],[113.4310901703755,35.50991923057626],[113.43101089179144,35.50990014388585],[113.43088166883972,35.50986903236277],[113.43055124767012,35.50980500711346],[113.43013187187613,35.50965795255993],[113.42981659684702,35.509522937766874],[113.42969179298832,35.50951157502289],[113.42943519388722,35.50948821151943],[113.42918989383499,35.50946237081582],[113.42910804868758,35.5094537488055],[113.4290781771844,35.509450602290116],[113.42892137858502,35.50943408422439],[113.42873372344991,35.5094253571197],[113.4286265255203,35.50942037119678],[113.42833167369598,35.50940666012294],[113.42792946414767,35.50941967807605],[113.42764685699318,35.50940371392868],[113.42763162039586,35.50940285296437],[113.42763055515904,35.50940279241783],[113.42737481271809,35.50938834469222],[113.42725725970315,35.509377691226106],[113.42695994456963,35.509350745010266],[113.42668188428904,35.50932276537126],[113.42640382196153,35.50929478512717],[113.42633115683913,35.509281700127175],[113.42626126835472,35.509269115150815],[113.42624861648699,35.509266990996025],[113.42623456706491,35.509263247857355],[113.42619942873677,35.50925422278535],[113.42600343602561,35.509203881444925],[113.42565318256607,35.50905542200988],[113.42526922907759,35.50893591232942],[113.42500252276437,35.50888505807817],[113.42479974097738,35.50884639274842],[113.42445162564222,35.50876856995274],[113.42396273888106,35.50860875481329],[113.42363190474731,35.50853058218411],[113.42314259620612,35.508356635658124],[113.42287981010743,35.50824175260389],[113.42270299477902,35.50816445585976],[113.42261701815325,35.50812686997819],[113.42247238546669,35.5080613921769],[113.42236287210407,35.50801181215936],[113.42210872675882,35.50789675377381],[113.4216889637094,35.507735545078226],[113.42166348777843,35.50772576143494],[113.42126919880627,35.50757432951336],[113.42083385263193,35.507469986517606],[113.42068980689544,35.50744117983593],[113.42064719172903,35.507432657333055],[113.42056234500997,35.507415689278346],[113.42034794315974,35.507409062767266],[113.42030078718554,35.50742297628302],[113.42024512447264,35.50743939874567],[113.42023311695246,35.50744697697332],[113.420216744603,35.50745730900329],[113.42008812757561,35.507538474288104],[113.4200209995445,35.507580835366724],[113.41999162320491,35.507599656705764],[113.41994221585735,35.50763192809121],[113.41968462393051,35.50780180237459],[113.41961197489132,35.507871266608774],[113.41932309029016,35.508147482219954],[113.41932261900612,35.508148191787804],[113.41932259046004,35.508148232006526],[113.4192525056177,35.50825384493112],[113.41902930083333,35.50859125102937],[113.41896492767384,35.50865289988574],[113.41893117980571,35.508685219821466],[113.41879946379647,35.508811363004966],[113.41876642394205,35.50882570998081],[113.41876094248349,35.50882808967465],[113.41873934225534,35.50883880120558],[113.41838933899211,35.509012362053774],[113.41818026074496,35.509116038949436],[113.41785676004169,35.50921788784488],[113.41755513771645,35.509185122679185],[113.41741212817861,35.509169587153345],[113.41686453599051,35.50879912043971],[113.41683757048908,35.50861196075446],[113.41674671854796,35.507981376409894],[113.41664992836641,35.50708692191253],[113.41664695437863,35.5062096593036],[113.4167793556515,35.50543187707217],[113.41677906137159,35.50543080892493],[113.41661763754081,35.50523613069453],[113.41640480360944,35.50505661811944],[113.41612285646796,35.504878489163154],[113.41596197355409,35.5048068269731],[113.41566728602484,35.504675563260435],[113.41532698575328,35.504569283031444],[113.4151385231488,35.504510422784236],[113.41498668635798,35.50446300270484],[113.41449995385166,35.50437378754229],[113.4140831766815,35.50431144554807],[113.41398448483024,35.50430412893731],[113.41363269288962,35.504278047132225],[113.41323467659035,35.50426480396813],[113.41283666254702,35.50425155944018],[113.4124335197521,35.50425961962402],[113.4120303789996,35.504267678418316],[113.41162723819478,35.50427573946911],[113.41115905165053,35.50422855022043],[113.41076924027195,35.504200996498234],[113.41037942924777,35.504173446907494],[113.40987500628685,35.50407044263394],[113.40954357036534,35.50397104370296],[113.40921213395237,35.50387163844567],[113.40889776493746,35.5037648270813],[113.40858424182629,35.50368626743095],[113.40827071597923,35.50360770700591],[113.40788934635636,35.50357290835972],[113.40766722988894,35.503594296001665],[113.40764938511647,35.50359601470126],[113.40747965447162,35.503707559080894],[113.40724774395164,35.504036565331745],[113.40706577411483,35.504308260558545],[113.40692921524472,35.50460157613489],[113.4069286169013,35.5046023512659],[113.40692836432274,35.50460289693618],[113.40689108077207,35.504651397581604],[113.40683459376235,35.50472488102922],[113.40654635344546,35.50491440464735],[113.40640008284565,35.50497381508172],[113.40629013860575,35.505018471092264],[113.40624056740056,35.505022167997936],[113.4060313943541,35.50503776737684],[113.40592599279358,35.50500878531646],[113.4058396535149,35.50498504535476],[113.40561209137788,35.50489062628678],[113.40519391094665,35.50467187758107],[113.4051694980032,35.5046620583685],[113.40492813935191,35.50456498206187],[113.40471996308727,35.504540859098924],[113.40435839899583,35.504590474474455],[113.40403307509862,35.50469591149344],[113.40380128895983,35.50481189937525],[113.40379818271093,35.5048134543372],[113.40370989456419,35.504857633933085],[113.40368573540924,35.504882305979166],[113.40356350594526,35.505008369029184],[113.40345784335817,35.505117345845356],[113.40323615719834,35.505379814753866],[113.40319160603221,35.50543301124508],[113.40319127807861,35.50543372780731],[113.40309941257487,35.505634596632135],[113.40307013176398,35.505698622088055],[113.40306085931002,35.50571900387778],[113.4030225162695,35.50578140873648],[113.40292967038401,35.505933809782384],[113.40291229822584,35.50598527153929],[113.40288220772594,35.50607441718567],[113.4028335544742,35.506386857419706],[113.402809370775,35.50654216462041],[113.40270072452982,35.50694079166498],[113.40252857955753,35.50756594766627],[113.40220373833529,35.50884515459187],[113.40209635047626,35.50921955476965],[113.40209611984376,35.50922035769278],[113.40201593716218,35.509499904027244],[113.4019017841452,35.50971392526357],[113.40190132355016,35.50971455526106],[113.40171279753105,35.50997244949663],[113.40153514040423,35.51021654456815],[113.40146209921144,35.51031103258221],[113.40126877245036,35.51056112499243],[113.4010658035096,35.510810936977336],[113.40103146427592,35.51085320147395],[113.40091853563234,35.51099219242253],[113.40068462823996,35.51126544341842],[113.40062029512127,35.51140683640202],[113.40061925677776,35.51140912231064],[113.40061900338435,35.511409679698225],[113.40061882653013,35.511410068868045],[113.4006188109752,35.511410101615475],[113.40061854828636,35.51141067991227],[113.40055553861184,35.511549598364965],[113.40052917699055,35.51166944178636],[113.40043360592819,35.51210392141933],[113.40040985982772,35.512286029201114],[113.4003635168981,35.51264144115228],[113.40030159006065,35.51347614584892],[113.40023255544759,35.51407221344541],[113.40023227945402,35.51407327046251],[113.40023225040244,35.51407351612582],[113.40022547531723,35.51409935699248],[113.40016671651902,35.51432462810809],[113.40013982512355,35.514427723390796],[113.40013912810325,35.51442863110601],[113.40013908855242,35.51442878326937],[113.40012768195034,35.514443538838286],[113.40003970136463,35.514558116758266],[113.39999152789873,35.51459263885219],[113.39985029438903,35.51469526918358],[113.39985112301916,35.51469685655409],[113.40010306671708,35.51517997112753],[113.4001185067967,35.51520957852786],[113.40018717606426,35.51534125381821],[113.40022019766965,35.515404575281444],[113.40027983019381,35.515466386598476],[113.40051600968205,35.51571119957029],[113.40072017292145,35.51592282426888],[113.40073966672709,35.515943031326586],[113.40073986774648,35.51594504386737],[113.40077186101014,35.51626467319528],[113.4007726903444,35.51626569108261],[113.4009897770371,35.51653211369698],[113.40098962197588,35.51653353052796],[113.40093474294446,35.517033856688435],[113.40093599955814,35.51703441914577],[113.40127165295664,35.51718449291848],[113.40183823261138,35.51748595545322],[113.40201195806108,35.517820764348706],[113.40215868859244,35.518103545576196],[113.40224158283918,35.51826330103935],[113.40224971867872,35.51839620909102],[113.40226093800106,35.51857949718533],[113.40228983462917,35.51905155903374],[113.40229075335215,35.51905324460564],[113.40243341938306,35.51931506514369],[113.40304812108738,35.51997987806421],[113.40370775763904,35.52058657613057],[113.40397758652463,35.52102939313851],[113.4039778100769,35.52103101236535],[113.40408165416366,35.52178067237756],[113.40404838827494,35.52222953304938],[113.40403105279181,35.52248490532764],[113.40401597639286,35.522706985762724],[113.4040170511551,35.52270843123239],[113.40407899676774,35.522791734714836],[113.40429548129904,35.5230828566414],[113.40462162243266,35.52325053176857],[113.40485287073858,35.52346171381329],[113.40497908116389,35.5237297618841],[113.4052600646496,35.52432651277876],[113.40544364260761,35.524503925630825],[113.40546998584135,35.52452938521324],[113.40585463870347,35.52490111845059],[113.40671622836086,35.52562773707194],[113.40756846277812,35.52662631443041],[113.40781439766765,35.526937037243286],[113.40791397152493,35.52706284249055],[113.40791406275908,35.52706464095466],[113.40793990227411,35.52757512322492],[113.40746619007166,35.52847359399859],[113.40682597336925,35.52871524567441],[113.40576219720413,35.528836610433956],[113.40539580341938,35.52887253045021],[113.40492521422831,35.52894633300257],[113.40445529231162,35.52902003211793],[113.4038056757813,35.52894716371497],[113.40377182283906,35.528940833165926],[113.40294089968386,35.528785496768926],[113.40261169536991,35.5287980462338],[113.40205687230181,35.52898202488372],[113.40150937585851,35.52904282450903],[113.40142900627178,35.52905175204645],[113.40060207167537,35.529263232967836],[113.40050747857507,35.529360757341344],[113.40031552732175,35.52955865778002],[113.40036495016824,35.52989567745874],[113.4005833079548,35.53061562456656],[113.40057952161544,35.53096094543956],[113.40057801238788,35.531098593060996],[113.40057890278197,35.531100840556675],[113.40081221755898,35.5316894600541],[113.40081293514027,35.53169182632338],[113.40107425758795,35.53255339509471],[113.40107430286119,35.53255347168276],[113.40126096,35.53287158414344],[113.40126089239548,35.53287275504667],[113.40123503092629,35.53332277275729],[113.40101039113337,35.53371353825631],[113.40102429869465,35.53418002953597],[113.40092252836564,35.53472930184239],[113.40085294142268,35.53505473879634],[113.40081883752634,35.53521422994535],[113.4005943510379,35.535557263308355],[113.40066397980361,35.53594161741283],[113.40060721022721,35.53622056721921],[113.40059529126925,35.53627913283593],[113.40042082016039,35.53648120776426],[113.40037538310229,35.53653383531754],[113.39967962914358,35.53667642684068],[113.3996654594375,35.53668116461313],[113.39931575173415,35.53679810437879],[113.39897320956089,35.53675485871252],[113.39867396768119,35.53669644537034],[113.39834200825135,35.53667993754797],[113.39829541529014,35.537021043437676],[113.3982935083374,35.537035002529194],[113.39812836496066,35.53744067443062],[113.39812971513543,35.537441999134685],[113.39859490384843,35.53789815942429],[113.39859559790783,35.537900735215494],[113.39872226107819,35.53837021877408],[113.3987719921779,35.5385545478368],[113.39877214396131,35.53855483224932],[113.39912668949293,35.53922349603904],[113.39937571282017,35.53964380226869],[113.39968311551213,35.5401626353513],[113.39985242614006,35.54044839589934],[113.4001763424407,35.541023645599765],[113.4003722620706,35.541371579074514],[113.40060922828181,35.54179760535756],[113.40069969171185,35.541960243104164],[113.40078842796939,35.54211977413737],[113.40184112650735,35.543080620661094],[113.40209554231816,35.54368717590361],[113.40228323711324,35.544037534105705],[113.40253429920669,35.544531486810165],[113.40301818661426,35.54490812952523],[113.4035558411895,35.54510664835742],[113.40417414748339,35.54536793719216],[113.40470556220565,35.54535733509323],[113.40529746308792,35.54539380946511],[113.40591385486597,35.54559074612195],[113.40635529896645,35.545764770473134],[113.40668507069587,35.545894770054595],[113.40669107172175,35.54589713619261],[113.40701656638961,35.54624473362956],[113.40724221001071,35.54654603956795],[113.4075685405529,35.54688827370741],[113.40756783764905,35.54688939603093],[113.40701434067888,35.54777368333536],[113.40693383120794,35.54790230667621],[113.40692598771874,35.547914836434344],[113.40686467421214,35.54801279232883],[113.40673047651707,35.54830470955223],[113.40640452710157,35.54901373385222],[113.40635314997536,35.54945777951412],[113.40633729680363,35.54959479042217],[113.40629826501946,35.549932132341546],[113.40628398291923,35.55005557461496],[113.4061910178089,35.55059189909241],[113.40615444485515,35.5508028856154],[113.40614081426769,35.550881524971786],[113.40610451963431,35.55109091197646],[113.4060948901677,35.551146464240894],[113.4060950400379,35.55116814752089],[113.40609581811981,35.55128073336724],[113.40609761225775,35.55154019665273],[113.40609987649276,35.551867641343],[113.40610579620531,35.55272376404472],[113.40601165075114,35.552815621751705],[113.40600206599201,35.553153816316616],[113.40590872468407,35.55344128932102],[113.40587582067079,35.55354262591164],[113.40587200613146,35.55407384888065],[113.40593834110156,35.55434946588357],[113.4060069426238,35.55463449310459],[113.4060071061278,35.55463472501186],[113.40634726388616,35.55511598825047],[113.4063771327597,35.55515824892192],[113.40649264905234,35.55527563461131],[113.40690528411203,35.55569494381031],[113.40751918005425,35.556110319901514],[113.4089890075236,35.5562166430987],[113.40957574221973,35.55646343510688],[113.41028099844154,35.556456448055236],[113.41053729061841,35.556441784854414],[113.41071080216567,35.5563906334693],[113.41092272751972,35.55645314627874],[113.41106810462192,35.556631422329374],[113.41115688254764,35.55686804764298],[113.41139299184799,35.55695868369988],[113.41163762197137,35.556944252401046],[113.41180313560217,35.55662624896872],[113.41214301531579,35.55628568460241],[113.41261271686314,35.556254316891106],[113.41314158037441,35.556214851641634],[113.41387627593218,35.55596912821379],[113.41422163508537,35.55570232462661],[113.41417376568107,35.55528458053239],[113.4141082393221,35.554867191014715],[113.4143135424655,35.55405454812869],[113.41428665409515,35.55341300958445],[113.41470087642236,35.55317331959439],[113.41521906060038,35.55284397081877],[113.41576412676174,35.55264541920739],[113.4162213481687,35.55257996471727],[113.4164876860585,35.552274422294595],[113.41651130915585,35.551756197853045],[113.41651139291942,35.551754360756114],[113.41647117711926,35.55171265523634],[113.4164691287242,35.55171053111334],[113.4176923768622,35.551105738625786],[113.41815184112845,35.551115282239635],[113.41849939810514,35.551220883484],[113.41858047190406,35.550862766604624],[113.41854682130693,35.5505069521394],[113.41898108216363,35.55044194821498],[113.4191730957202,35.550719533351966],[113.41949103942457,35.55061947480397],[113.4194915057877,35.55061932758185],[113.41919756741208,35.55000606255437],[113.41896097480965,35.54974895810111],[113.41896023055044,35.54974814949039],[113.41895234095132,35.54948563151719],[113.41884140356117,35.54884992876982],[113.4188017394327,35.5482904694446],[113.41880155378107,35.548287850245266],[113.41846998929309,35.54818544361389],[113.41846826991267,35.548184911364494],[113.41846944067419,35.54818197210617],[113.41846603917415,35.548068761690345],[113.41846600454237,35.548067609054854],[113.41837253100385,35.54786922700971],[113.41804394945986,35.54770646623286],[113.41793204588949,35.54757767956302],[113.41781942887158,35.54729618357401],[113.4178185062357,35.54729387650084],[113.41783867999527,35.547188574530416],[113.4178996697157,35.546542260545124],[113.41779437801432,35.546094070198535],[113.41787376152594,35.54567969953424],[113.41788206125531,35.54519170372048],[113.41805434291675,35.54481299474132],[113.41824622389124,35.54434136177098],[113.4182467505956,35.5443400681217],[113.41772888153342,35.54375522294308],[113.41768494883283,35.5436720065763],[113.41747616256197,35.54327652571648],[113.417151276044,35.5427537898425],[113.41703431350867,35.54235562127915],[113.41733541127228,35.54189185126983],[113.41783896001546,35.54127674878159],[113.41840048237945,35.54100046877295],[113.41861800778298,35.540893440160715],[113.41891319692081,35.54081599604474],[113.41933124914287,35.54075038811941],[113.42001135140647,35.54125168223798],[113.42039842034804,35.54190189755453],[113.42080794205624,35.54270007069435],[113.42080846974916,35.542702294673255],[113.42096882422403,35.543378106063926],[113.4210303259317,35.543637304366456],[113.42110826270971,35.543965759731144],[113.42144368831002,35.54475179312366],[113.42188568914804,35.54535692207972],[113.42198563075716,35.54584115933141],[113.42226576709407,35.54632737930338],[113.42232376946566,35.547078454722914],[113.42222415545338,35.54729744954353],[113.42212628106462,35.54757427402807],[113.42213454680312,35.547848966147825],[113.42226795018499,35.54816454074379],[113.42235176353198,35.5485968413296],[113.42206451502332,35.54905106615885],[113.42208148209507,35.549614905902125],[113.42250838012784,35.55027176996939],[113.42283290459632,35.550467772306106],[113.42308710408162,35.55067965393483],[113.42327228189018,35.550950787597536],[113.4233366722516,35.55132561308046],[113.42343513920534,35.551656354731016],[113.42355086269356,35.551972283061936],[113.42391600389672,35.552341059326174],[113.42422459106061,35.55259524282695],[113.42464194181743,35.55293403412333],[113.4251101904976,35.553199468839296],[113.42574881860509,35.55324447981892],[113.42635337236605,35.55333357192437],[113.42699810699646,35.55358097935173],[113.42746593070959,35.55383194706398],[113.42791693822547,35.55411218398907],[113.42836838510675,35.554406876438684],[113.42880214372285,35.55470192363196],[113.42966225084957,35.55504623821602],[113.43035877258237,35.555249184537466],[113.43103782731039,35.55487383392188],[113.43168236636295,35.55452810743818],[113.43216505572532,35.554098848466744],[113.43245007718001,35.55357231489985],[113.43278375800426,35.55309471123959],[113.43311751510264,35.55299728364488],[113.43321238027853,35.55300254765844],[113.43326280093812,35.55300534636302],[113.4333511511147,35.55301024985189],[113.43345472041973,35.55301599927353],[113.4336997046715,35.55303557810304],[113.43377891025645,35.55304190848482],[113.43377928825221,35.55304193869421],[113.43397349630719,35.553057459701655],[113.43397434736244,35.55305752811051],[113.43403252999543,35.553062178123376],[113.43417384739051,35.55307347081388],[113.43422797488907,35.55307779717773],[113.43430548286028,35.55308399120725],[113.43430593820769,35.55308402706071],[113.43435320760358,35.55308780441597],[113.43450813185345,35.55310018510475],[113.43457094001415,35.55310520454152],[113.4347079492691,35.5531161529434],[113.43472018332409,35.55311713117377],[113.43549691971121,35.55317919923357],[113.43549703573845,35.55317920770101],[113.43554924785326,35.55318337755489],[113.43556869372256,35.553184932570375],[113.43560858673382,35.55318811966641],[113.43562751976663,35.553189633678535],[113.43573403082576,35.55319814281283],[113.43579140241407,35.55320272907312],[113.4357916621526,35.55320274995302],[113.43612170987555,35.553229120988235],[113.43667894781086,35.553321068237096],[113.43668051802088,35.55332132752099],[113.43692977834299,35.553362456128895],[113.43832216747428,35.55359219444003],[113.44015987212366,35.553554996018505],[113.44113626459745,35.55382294691114],[113.44179886688688,35.55387126929704],[113.4420448131754,35.55388920410013],[113.44390806352496,35.554390785469074],[113.44585764387476,35.55483665035966],[113.44697064574098,35.55526351652518],[113.4483343840719,35.555253794462466],[113.44939960166735,35.55555575971294],[113.44999762716533,35.555687429539226],[113.4501619315128,35.55602568072713],[113.4502668406983,35.556580880581436],[113.45033981453565,35.5575322563122],[113.45049745768692,35.55837403854183],[113.45067271540616,35.55907163507561],[113.45177366769941,35.55982231327476],[113.45306651028632,35.56037131095085],[113.45409495957209,35.560907700370116],[113.45464576623887,35.560932438252],[113.45470842941818,35.56091429440887],[113.45571442236533,35.56062300777798],[113.45760764461721,35.55993718361899],[113.45875214603787,35.55923065393297],[113.45927870467767,35.558955978749694],[113.45969675692939,35.55873790152609],[113.45989992405592,35.55863191799653],[113.46058649611531,35.55806056843458],[113.46128460427042,35.55714738857992],[113.46190684152143,35.55663128146202],[113.46222015399994,35.55608552664304],[113.46249828663288,35.55582814524602],[113.46295781143904,35.55574683991052],[113.46363610287695,35.55562510300629],[113.46451282309839,35.55551728329041],[113.46605299635574,35.55552172989129],[113.46714083313188,35.556007992573],[113.46716830743802,35.556020273306245],[113.46765562111688,35.55636979769341],[113.46921542258538,35.557488528095455],[113.46948684452086,35.55764105377971],[113.46995691007952,35.55790520446075],[113.47125267866028,35.55863333667582],[113.47192710444642,35.55916885339102],[113.47213973075985,35.55933768290803],[113.47218448340034,35.55937321845263],[113.47221214242084,35.559395180233025],[113.47229005159184,35.55945704101367],[113.47276601397415,35.55994067897687],[113.47319661029688,35.56037821253069],[113.47324391257338,35.56042627634772],[113.47445281257954,35.5611026129492],[113.47562107377682,35.56188764174929],[113.47689985313946,35.562688364956166],[113.47766811058821,35.563343942792834],[113.47827823641636,35.56386457075896],[113.47877292654164,35.564614059891056],[113.47908605157309,35.56508845720237],[113.47916944555212,35.56512126132149],[113.47995470591971,35.56543014802629],[113.48214882172518,35.56594229372848],[113.48305593020275,35.5661033856249],[113.48322150307287,35.566477518095645],[113.4832212738163,35.56647841483345],[113.48306444528704,35.56709201620668],[113.48300519329747,35.56729957428489],[113.4828063115733,35.567996252210726],[113.48272675877523,35.56884837152808],[113.48270709426887,35.56905901690309],[113.48270794431768,35.56906026081828],[113.4828257867332,35.56923251099192],[113.48317582608416,35.56974416706163],[113.48339842120198,35.57006953254667],[113.48339826812527,35.57007132513268],[113.48336765951015,35.57042938446849],[113.48336609138344,35.57044774358852],[113.4832716714672,35.570953082020246],[113.48313216104037,35.571423393528136],[113.48299486809499,35.57196557247307],[113.4828943426465,35.57227327553332],[113.48289545625309,35.57227491046407],[113.48314789491711,35.57264559344431],[113.48314756074511,35.572647164506634],[113.48307102577505,35.5730067442295],[113.4830250246316,35.57365491099228],[113.48309846947319,35.574080404229235],[113.48310542405366,35.57412068974761],[113.4831054067677,35.57412095140031],[113.48307586532053,35.574588734812274],[113.48304630750977,35.57505677982788],[113.48302767870409,35.57515441649233],[113.48297054588184,35.57545386474165],[113.48255991137592,35.57569604530887],[113.48210639892346,35.57597506504147],[113.48206907068887,35.57619157304606],[113.48205539811177,35.57646152973928],[113.48182734780791,35.57691568579394],[113.48192086318727,35.57709354193795],[113.48190128160684,35.577884990357376],[113.48207686186866,35.57858252644092],[113.48214192506941,35.579264360355126],[113.48236831643686,35.58044860600263],[113.48237814104064,35.58049999333594],[113.4823052200575,35.58069496060503],[113.4821341914497,35.58115224004342],[113.48213664500919,35.58115422399448],[113.4825069823938,35.5814538589526],[113.48267590662428,35.58159053239318],[113.48338323867436,35.58240295383392],[113.48361372302946,35.58273978899409],[113.48361317497782,35.582741113982074],[113.483388442426,35.58328378194925],[113.48313082529192,35.584205984147154],[113.48293189890632,35.58496720073428],[113.48292388931162,35.584997851869964],[113.48277654939305,35.58556165711738],[113.48246438672851,35.586143396169916],[113.48219898352292,35.58681406123662],[113.48219965758365,35.58681677924125],[113.4822582535443,35.587053028549924],[113.48234982103352,35.58742221429113],[113.48251488673988,35.58777837734191],[113.482514889175,35.58778017032261],[113.48251620009023,35.58853343788952],[113.48254478567897,35.588891036797065],[113.48258794021442,35.58943087221083],[113.48265635342645,35.59022050568289],[113.4826567142544,35.5902214380098],[113.48276074947091,35.59049035926299],[113.4828891132488,35.59082216657314],[113.48301515957078,35.591147979243694],[113.48321997765383,35.59179117478542],[113.48323017225387,35.59182318778259],[113.48335641913346,35.59221963851536],[113.48335686343322,35.59222234322661],[113.4834919438068,35.59304384429322],[113.48349199269627,35.59304392708],[113.48370102173489,35.59339909761437],[113.48417072962152,35.59364110619074],[113.48440625297408,35.59413963974628],[113.48484030787039,35.594652054211124],[113.48558344236618,35.59519404585989],[113.48641457538734,35.59573421606654],[113.48719004531354,35.59589798678611],[113.48772910959134,35.596246417631285],[113.48772894478073,35.596248933074634],[113.48771160631355,35.59651336796505],[113.48768425569884,35.596930516903164],[113.48768485173842,35.59693181016754],[113.4878730333077,35.59734011646575],[113.48818181915453,35.598070844300906],[113.48844605638874,35.59878451360584],[113.48844585516696,35.59878560348998],[113.48841331429601,35.59896219236813],[113.48833581004251,35.599382790426695],[113.48833298815549,35.59939810926853],[113.48833377696934,35.59939932105827],[113.48863343746935,35.59985933494592],[113.4890121331686,35.60071446328225],[113.48901260900776,35.60071739436938],[113.48925688736975,35.60221957385509],[113.48925688040467,35.60221966950689],[113.48921037708723,35.60284977229915],[113.48921098779066,35.60285050391674],[113.4896676249848,35.60339764470323],[113.4906684696598,35.60443766314756],[113.49167963455153,35.60509991699028],[113.49174309116253,35.605147727465756],[113.4924116901592,35.605651467137676],[113.49264688379793,35.60582866579751],[113.49269376535314,35.60586398564574],[113.49321243339023,35.606254753204105],[113.49380007727386,35.60670159649596],[113.49416606322549,35.606979888611946],[113.49431722302397,35.60709482780036],[113.49448274451962,35.60734463064096],[113.49498704814165,35.608105708513015],[113.49549060153723,35.608724510340984],[113.49636985457461,35.60938945599967],[113.49716055887114,35.610038254089375],[113.4976958507129,35.61026086767944],[113.49835868069546,35.61033700846099],[113.49879992159488,35.61033709228203],[113.49883457796467,35.61033709755394],[113.49964377574987,35.610337248676785],[113.50029348827803,35.609693414757245],[113.50057830344613,35.60955876759911],[113.50078902346335,35.60957584762651],[113.50097052129207,35.60977948180579],[113.50127343679893,35.60994483434783],[113.5017194656818,35.610240183716954],[113.50194376398824,35.610388707763654],[113.5025232572227,35.610772428410684],[113.50351265659721,35.610723183785964],[113.50442073682983,35.61071000584467],[113.50457665316002,35.610681930278446],[113.50484521255517,35.61070216552799],[113.50554963231032,35.610406664354734],[113.50621319849492,35.61015446150892],[113.50675477444828,35.61020278730492],[113.50692229666156,35.610425774805215],[113.5072573428209,35.61087174809264],[113.5076507424864,35.6113165051841],[113.50880111964219,35.612162682422706],[113.50935309419037,35.61254328256156],[113.50936987120498,35.61255183223824],[113.50942069232056,35.61257773323533],[113.50987225426992,35.61280786410656],[113.51047741302341,35.61302172372176],[113.51093453096321,35.613157871809456],[113.51144684215207,35.612559696286134],[113.5119885735997,35.61191474436372],[113.51240206486497,35.61144726731883],[113.51265237956146,35.610895793079095]]],[[[113.52147855264066,35.654945296866806],[113.52165760847919,35.65486844707073],[113.5221454658224,35.654884661063264],[113.5226759666325,35.65488465590398],[113.52313068086542,35.65489980811338],[113.5236763404578,35.655005901844206],[113.52434325501956,35.65497558069646],[113.52478814176946,35.654931959386715],[113.52488891278813,35.65499073158658],[113.52500242045194,35.655096406698135],[113.52532847660898,35.655399970271716],[113.5253305848959,35.655425264937335],[113.52534363717284,35.655581855658234],[113.5253683697658,35.65567088647225],[113.52540479459782,35.65580200825944],[113.52540573224101,35.65580538446429],[113.52541942669069,35.655854683799504],[113.52546576612264,35.655840781156265],[113.52572256847702,35.65576373733793],[113.52585787064405,35.655733668665846],[113.52585898229205,35.65573342188737],[113.52596507739692,35.65541512081966],[113.52623202670871,35.65517576630439],[113.52688964801798,35.654414739117854],[113.52725546390637,35.65413111363509],[113.52725639604859,35.65413039128004],[113.52844210799778,35.65386925503574],[113.52855706481115,35.653859737396765],[113.52974418157984,35.653761476327595],[113.52976102657045,35.65376235033493],[113.53064860812982,35.65380841202261],[113.53095895660279,35.6536130029032],[113.53105785099257,35.65355073633311],[113.53144868503948,35.65289932399872],[113.53153599862384,35.65275379578558],[113.53155750294489,35.652717954833356],[113.5315580230913,35.65271708704025],[113.5315871410694,35.65271928210861],[113.53193264231682,35.65274534071846],[113.53214367222435,35.65276125572906],[113.5323719803242,35.65280242410858],[113.5335787090087,35.65326286977474],[113.53455542952197,35.653766968303536],[113.53455546760019,35.653766985521685],[113.53456314724815,35.65377095218531],[113.53456573714045,35.653771442751236],[113.53556345885043,35.65396147653147],[113.53598999428506,35.654006371586334],[113.53677018199346,35.65408848598631],[113.53703689561173,35.654106665872135],[113.53731816874314,35.654125841973034],[113.53746881101168,35.65413611261885],[113.5381039257672,35.654056716312496],[113.53854850718136,35.65402495563801],[113.53896480637997,35.654143892032124],[113.53899309030871,35.654151973800374],[113.53942179805765,35.65442189314413],[113.53988225704617,35.65437425476003],[113.53994286132271,35.6543742516256],[113.54037447284011,35.65437424962061],[113.54096195470436,35.654358364860975],[113.54126363415776,35.654326606158115],[113.54205753634683,35.654691788635496],[113.5424544828089,35.6546600284675],[113.54291812636471,35.65469976394466],[113.54301021089091,35.65470765631978],[113.54340716052874,35.65485055336877],[113.54370884340537,35.654977573248765],[113.54413957229158,35.65500908512806],[113.54435983762872,35.65502519954164],[113.54472502949692,35.65502519571666],[113.5449273386602,35.65500592631037],[113.54499532073243,35.65487021840449],[113.54505432174878,35.65459867213261],[113.545063963196,35.65421418428158],[113.54506397930774,35.65421354423192],[113.54491522928677,35.65423157682403],[113.54478063460796,35.654141849636524],[113.5447806325124,35.653992301931595],[113.5447806311588,35.65390183268836],[113.54478062936562,35.653805367307385],[113.54487783195526,35.653633386411464],[113.54487915315727,35.653631536656135],[113.54498999022479,35.65347636022557],[113.54520459538233,35.65331656746832],[113.54520469774336,35.65331627968713],[113.54526321950736,35.65315215778034],[113.54526516778337,35.65314669346851],[113.54531970250446,35.65271066418537],[113.54531911385409,35.65270526613716],[113.5453186917229,35.65270139266114],[113.5453172408847,35.65268810027617],[113.54523231872116,35.652311499239296],[113.54522431713092,35.65227601592953],[113.54522406176321,35.65227516988599],[113.54521492914326,35.6522259306185],[113.54517578621484,35.65200189520241],[113.54516856107838,35.65196099758341],[113.54516521337155,35.651954821750884],[113.54489033291534,35.6515163119837],[113.54488164353435,35.65150387812316],[113.54486754621267,35.65148532549608],[113.5448516586796,35.651464417665736],[113.54477295215193,35.65136489419871],[113.54441117387677,35.650907420892146],[113.54437691452198,35.65086578195049],[113.54437410968765,35.65086328240604],[113.54434089917025,35.65085622595351],[113.54417882883672,35.650821791908875],[113.54389591537384,35.650761681682155],[113.54382397146425,35.650668157627514],[113.54374434000412,35.65056463993233],[113.54372935320879,35.65039398484471],[113.54371171391828,35.65019312754758],[113.54370973135228,35.65018881311515],[113.54366343051502,35.65008996990502],[113.54362188319716,35.6499734513235],[113.54362101923401,35.649961109672404],[113.543620317859,35.64995918284098],[113.54361963468777,35.64995730788279],[113.54360576471937,35.64975938113279],[113.54357871453811,35.64936351303187],[113.54359080062105,35.648809142942724],[113.54359382025078,35.648652872843584],[113.54353776974014,35.64827606007016],[113.54350065952784,35.648060580943515],[113.54345135480445,35.647938045313815],[113.54328603590069,35.64773763694072],[113.54324202097636,35.647702346766955],[113.54293181172466,35.64767048585821],[113.54293081592107,35.64767135203412],[113.54281346649057,35.647773383559596],[113.5423188095761,35.647811253596096],[113.54208532610856,35.647829129602],[113.54171743804838,35.64783689784389],[113.54171578224262,35.647836931908024],[113.54146393640083,35.64784224979294],[113.5414528876445,35.64784248488437],[113.54128207882869,35.647846089503226],[113.54104893950004,35.64785101066473],[113.5408017189107,35.64785623132066],[113.54076740865867,35.647856955573715],[113.54044055719861,35.64786385457089],[113.54030493222756,35.647866717906936],[113.53944499096497,35.64790048089505],[113.53929429335494,35.64790639742953],[113.53899227842219,35.647918253816925],[113.53836897892158,35.64779796549525],[113.53754002127532,35.64763798142619],[113.53750705985647,35.64763162057184],[113.53687650082614,35.64750992232681],[113.53637599103084,35.647468725697486],[113.53621486528472,35.64745546404693],[113.53594617087188,35.64743334928896],[113.53581169973131,35.64742228077942],[113.53503355214295,35.647358226830974],[113.53503170837577,35.647358076452164],[113.5347314754476,35.64722630544532],[113.53455187620733,35.647147481747545],[113.53441635703443,35.64708800308289],[113.53399511461123,35.64690312138533],[113.53346388361832,35.647025637921445],[113.53332021890554,35.64700724755135],[113.53325009952124,35.646998272585165],[113.53248636453937,35.64690050753872],[113.53118912382247,35.6468848838172],[113.53040559261667,35.64704439312549],[113.53010969226484,35.647107827872105],[113.52889820281939,35.64703316235918],[113.52856227968863,35.647061365228296],[113.52821658452488,35.64709039230699],[113.5281207088027,35.64711858200631],[113.52807957102144,35.6471306761368],[113.52746130256298,35.64731246305633],[113.52629244660925,35.64757761037713],[113.52551364520068,35.647677202722264],[113.52486812222934,35.64769074526155],[113.52442251988288,35.64757521786755],[113.5241380637576,35.647178812069626],[113.52375648798086,35.64693706567458],[113.52322202809835,35.64669852295249],[113.52321728885742,35.64669636888713],[113.52284263715678,35.64652610237877],[113.52246391790526,35.64645875515945],[113.52200502956707,35.64637715672872],[113.52168880878057,35.64625627349514],[113.5216887395383,35.6462562479156],[113.52168868820061,35.64625623007],[113.52127605629236,35.646098490715865],[113.52121359240638,35.646074614193985],[113.51961853822651,35.64562239203081],[113.51956438339045,35.64560303764542],[113.51906841845073,35.64542578281355],[113.51892119882052,35.645068116414784],[113.51874392555959,35.64483595262914],[113.51833580405079,35.644830617230504],[113.51765197348013,35.644706173425135],[113.51753577347255,35.64432470679843],[113.51729308599431,35.644103183787394],[113.51712147786559,35.64405127316903],[113.51676258002469,35.643989402835885],[113.51642983030277,35.64409286542985],[113.51618154907109,35.64389055025478],[113.51573510891453,35.64374725822953],[113.51546201587927,35.643711340746236],[113.51501278238663,35.64371840306441],[113.51446588417288,35.643926401978526],[113.51422806882968,35.64393136947698],[113.5138661310439,35.64377242990526],[113.51356953389022,35.643528874486364],[113.51298914323893,35.64310389777461],[113.51278081992261,35.64302246268083],[113.51270282201611,35.64299197354587],[113.51257605045872,35.643285992823785],[113.5124823831706,35.643551571794845],[113.51239498064695,35.6437415705047],[113.51224737392285,35.64406245175802],[113.51206092829172,35.64416997759129],[113.51170018903301,35.644129153699595],[113.51134920034606,35.644336123041505],[113.51052719942746,35.64452220150018],[113.5101766950672,35.644599777227064],[113.510024700103,35.644633416133324],[113.50976112005927,35.64469175167598],[113.50933092286293,35.64469658583205],[113.50816246633354,35.64470971544421],[113.50803325144688,35.64469406057361],[113.5079899180202,35.6446888122673],[113.5072650224237,35.644600991379264],[113.50697265817581,35.64456557041783],[113.50649637168677,35.6443758417986],[113.505960323854,35.644079854263204],[113.5051528089797,35.6436596725336],[113.50508057410917,35.64362208466241],[113.50415891758857,35.64302696450638],[113.50394630668626,35.642862039919116],[113.50385172349114,35.642788670355834],[113.5037347396091,35.642697923954124],[113.50365761661048,35.64263809814179],[113.50335056276131,35.64244483667061],[113.50298854268864,35.64229879042926],[113.50231072831897,35.64228216791473],[113.50153651238821,35.642190757286585],[113.50018327707235,35.64223422906197],[113.49914297195396,35.64205618476079],[113.4987047980679,35.641880990986536],[113.49863632745833,35.641845748326176],[113.49858755291645,35.641820643133634],[113.49784439114282,35.64143812409064],[113.49767084466633,35.64122474729728],[113.49731620495785,35.640788710458494],[113.49731359012104,35.640770841797575],[113.4973036690721,35.64070304292172],[113.49730354841897,35.64070221649476],[113.49717281819092,35.63980880645364],[113.49716933478474,35.63978898799574],[113.49716908270392,35.639787556112445],[113.49715552480393,35.6397104233961],[113.49708137016844,35.639288548623966],[113.49704945513147,35.63922220154888],[113.49704640334232,35.63921585686143],[113.49703368527885,35.639189418307176],[113.49683999433644,35.638786758171626],[113.49656001116618,35.63869453860639],[113.49652672888936,35.63868357695947],[113.49628843363838,35.638605086774184],[113.49626976126197,35.6385989371361],[113.49619644683003,35.638629169918154],[113.49591684330852,35.63874447271065],[113.49587173752997,35.63879828015133],[113.49583213496798,35.638845524940386],[113.4956810261679,35.63902579659763],[113.49549779170157,35.63918316989511],[113.49495924674582,35.639409337559144],[113.49484360608153,35.63945151299326],[113.49451279539751,35.63957216536386],[113.49444988110173,35.63957346725584],[113.49430869822675,35.639576391790605],[113.49406188137193,35.639581506560155],[113.49385475749645,35.63958579942982],[113.49356387502529,35.63957744500716],[113.49349200396622,35.63957538104148],[113.49349195430128,35.63957538116921],[113.49349191897589,35.639575380999915],[113.49323336787549,35.639567955371],[113.49314578365656,35.6395477395869],[113.49311636734558,35.63954095060493],[113.49311463305341,35.639540550433],[113.49298619513971,35.63951090547921],[113.49290052321156,35.639491131051905],[113.4927956217917,35.639466918130395],[113.49268384442014,35.6394411184528],[113.49265956014929,35.639428701687656],[113.49262280515157,35.63940990898849],[113.49235623517507,35.639273611756124],[113.49224526517132,35.63921687220962],[113.49190670822195,35.639072378396506],[113.4918947237651,35.63906726275086],[113.49189346426289,35.63906672569003],[113.49163677801172,35.63895717149217],[113.49155533547474,35.63889699274988],[113.4914229111223,35.63879914267399],[113.49142194526425,35.63879842923943],[113.49115881912257,35.6386040003472],[113.49107274894294,35.63852795648951],[113.49100777288959,35.63847055141174],[113.49100639398307,35.638469332042575],[113.49095800984233,35.6384265854637],[113.49095724939544,35.63842591102339],[113.49083280065423,35.63831596131727],[113.49064522301197,35.638150233041046],[113.49061590153714,35.638124327387374],[113.49061512758016,35.638123644214154],[113.49052396626125,35.638043099293014],[113.4904511797557,35.6379787924425],[113.49042827147149,35.63795855208146],[113.49041899514121,35.63795035645935],[113.49039970141526,35.63793331019009],[113.49039185153546,35.63792637260335],[113.49033568861051,35.6378767524735],[113.49027952079523,35.63779578978766],[113.49019617626277,35.6376756518773],[113.49018858631894,35.637664712907565],[113.49017037559229,35.637638461073756],[113.49014945554335,35.637608308031666],[113.49005767172032,35.63756986642103],[113.48993526333277,35.637518601536584],[113.48990999067804,35.63750801927576],[113.48990933983448,35.63750774621521],[113.4896050646291,35.63738031358369],[113.48950638175909,35.63733898501144],[113.48950445725882,35.63733817965958],[113.48950346979964,35.63733776489078],[113.48943260138643,35.63730808419755],[113.48940596120713,35.63729692823041],[113.48938160516892,35.63720913711631],[113.48938124113668,35.63720782736301],[113.48937494677772,35.637185139367716],[113.48936813788266,35.63716059511287],[113.48933084785094,35.6370261845248],[113.48931240566375,35.63698456244976],[113.48916346745843,35.636648428705364],[113.48885656055293,35.63607387291754],[113.48873934194594,35.63602543134755],[113.48856372721946,35.63595285491733],[113.48809592571051,35.6359262178988],[113.4880332194021,35.63593229015316],[113.48714260149028,35.6360185298792],[113.48590487553075,35.63626193377082],[113.48484660988765,35.636556079163334],[113.48434312279896,35.63669311888242],[113.48405276593122,35.63677214766214],[113.48405565048593,35.636773911794094],[113.48448342860766,35.63703555773927],[113.48460128642466,35.63725096350814],[113.48485192068625,35.637445475829935],[113.484997060315,35.637823696185556],[113.48514220141038,35.638201916289376],[113.485242335099,35.638562912618454],[113.48530195706479,35.63905181787439],[113.4853019250185,35.63905188791405],[113.48527852695211,35.63910337825718],[113.48515166166821,35.639382551776556],[113.48506663980557,35.639569649967086],[113.4850521352116,35.63960156956493],[113.48461792728062,35.64009020045714],[113.48449342231608,35.64023030990023],[113.48398540457379,35.64050431052712],[113.48396847513999,35.64051344113975],[113.48393612820465,35.640522748420686],[113.48315292689355,35.64074810497817],[113.48240516835841,35.64101767271495],[113.48230190679303,35.64127394663507],[113.4823024171908,35.64127567326537],[113.48245097389186,35.64177916078765],[113.48283175331203,35.643382398739256],[113.48283942464633,35.64341470043148],[113.48285551851795,35.64348246078853],[113.48288907953726,35.64362375929916],[113.48299614567884,35.644074539070516],[113.4829979620169,35.64408218725022],[113.48304357914802,35.64427424518941],[113.48304484584115,35.64427957738795],[113.4830902651003,35.64447079783491],[113.48309031764917,35.64447249516141],[113.48310872393546,35.64506700871807],[113.48311115023593,35.64514537566835],[113.48311119350306,35.64514677314866],[113.48312789743429,35.645686284259554],[113.48320163778904,35.645983305719035],[113.4832803489201,35.64630034689158],[113.48328045544356,35.646301291658915],[113.48328056777368,35.646302281357094],[113.48328065933443,35.646303099390245],[113.48328520949056,35.64634342136973],[113.48331674151895,35.64662288775311],[113.48331689360127,35.64662423433336],[113.48331947090513,35.64664707861053],[113.4834029578579,35.64738700713809],[113.48348266707382,35.64766027248811],[113.48348291033004,35.64766110541133],[113.48349990737799,35.647719374631286],[113.48354220327508,35.64786437686674],[113.4835659558496,35.647945805983525],[113.4836766599271,35.64832532330833],[113.4837059266172,35.648627867906946],[113.48377480540088,35.64933987487591],[113.48385609450742,35.649810179444756],[113.48405960390964,35.65031695295258],[113.48407299399972,35.650350297896374],[113.48427047948795,35.65098158185071],[113.48466295294753,35.651445462529836],[113.48507035314066,35.65219957130265],[113.4856150530119,35.65234937980893],[113.48629676221006,35.65248887460586],[113.48670796792587,35.6524803797116],[113.48714295130107,35.65247139207645],[113.48766981229323,35.65253191723048],[113.48793605985078,35.65256250318448],[113.48870941374128,35.65262330291329],[113.48923593081122,35.652612415022254],[113.48976673793004,35.6527396529805],[113.49018456662394,35.65302133921627],[113.4902087684176,35.65303765766711],[113.49069413165209,35.6535190548858],[113.49082970667006,35.65378031838601],[113.4909543233793,35.65402046626085],[113.49121492908108,35.65425015246594],[113.49137994623169,35.6543955936499],[113.49176033008072,35.65452593697417],[113.4919770726909,35.65454497048838],[113.49232637662485,35.65457564690765],[113.49303071326602,35.65440465978684],[113.49314126014481,35.65435566248578],[113.49322586709195,35.654318163218235],[113.49408493625029,35.65424742670162],[113.49459074799691,35.654175514256245],[113.49513273419402,35.65405677665192],[113.49580300511515,35.65382787530621],[113.49642163799045,35.65375361569825],[113.49758177004298,35.65354525770543],[113.49778205713254,35.65342210060863],[113.49818219691748,35.65354366206051],[113.49853748646487,35.65369720287468],[113.49892154372336,35.65371716723227],[113.49894707315504,35.65371849866892],[113.49925983976276,35.65367478472584],[113.49939784458195,35.653655499904424],[113.49971546772095,35.65354166834634],[113.49971559109458,35.65354162433764],[113.49997320019831,35.65336100154049],[113.49998713746284,35.65335122983625],[113.50009955013435,35.65325951661275],[113.50012955685636,35.65323503460525],[113.50033329606406,35.65300417164477],[113.50033392305316,35.65300346214018],[113.50065892428772,35.65295228059053],[113.50120363390486,35.6529981763002],[113.50181581585883,35.65323682264545],[113.5019210361708,35.653277840631425],[113.50245909108871,35.65367192295769],[113.50252304219313,35.65369235084284],[113.50301964783428,35.653850981375044],[113.50432872495546,35.65368071449631],[113.50445670137248,35.65363711883271],[113.5050599789797,35.6534316107611],[113.50574487393315,35.65319829388038],[113.50594725914799,35.6532118995257],[113.50615130382926,35.653225617139235],[113.50682786587167,35.65327109875844],[113.50759202155938,35.65348963440281],[113.5076825597901,35.653515527024155],[113.5076938830591,35.65353314365606],[113.50791435402178,35.65387616019633],[113.50817145021227,35.65427615586593],[113.50835616374314,35.6543506498777],[113.50876975430984,35.654517449308834],[113.50887402850204,35.65455950255691],[113.50990033823115,35.65468710044849],[113.5109622053908,35.654784147816045],[113.51138133230916,35.65474901797228],[113.51190901413112,35.65470479331502],[113.5132482074834,35.65436941504204],[113.513472004112,35.65447509319292],[113.5137938692866,35.65462708055447],[113.51435468776211,35.65483927479582],[113.5151735598875,35.65512117089262],[113.51518089772219,35.65512369803902],[113.51527928005292,35.655157565105014],[113.51565751734412,35.6553659767819],[113.51586624326696,35.655480985303846],[113.51600833450537,35.655559277545315],[113.51601807882315,35.65556464655789],[113.51602198709068,35.65556679934839],[113.517098151026,35.65593055908937],[113.5171014119899,35.65593255779447],[113.5173242484487,35.65606913147119],[113.5175680271199,35.65621854025036],[113.51800758774847,35.65643073506489],[113.51869727564359,35.65650206492175],[113.51922016065402,35.65643072239904],[113.51977880622793,35.65635071721464],[113.51985759885963,35.656310171225044],[113.52001746311659,35.65622790512194],[113.52051259475353,35.65597310810373],[113.52051365945864,35.65597256142214],[113.5205628343648,35.65591471697898],[113.52063056829992,35.655835040842135],[113.52078133500842,35.655657691240954],[113.52089168530883,35.655582450015224],[113.52099257202259,35.65551366258693],[113.52111478791699,35.65543033028689],[113.52129667084363,35.65518781459673],[113.52131626577085,35.6551616858577],[113.52139723184132,35.655053728013414],[113.5214782771565,35.65494566394072],[113.52147855264066,35.654945296866806]]],[[[113.459348362926,35.69011154489385],[113.45972468534319,35.68951978525591],[113.46002762771738,35.68891760451651],[113.4607149274868,35.68798573062082],[113.46113911525978,35.68753634979191],[113.46113942866214,35.68753601811527],[113.46140687375998,35.68741726622911],[113.46173040039642,35.68727361289879],[113.46239107829854,35.686902501847925],[113.46293778479853,35.68670683737261],[113.46334487560614,35.68656114478367],[113.46367286878464,35.68640462663963],[113.46418002164917,35.68616261204923],[113.46474654283847,35.68593767515143],[113.46475072158607,35.68593601457772],[113.46514294989663,35.68578027956381],[113.4655296509676,35.68582602290327],[113.46570596479339,35.68597479975531],[113.46570894346365,35.685977313804884],[113.46595672323807,35.686186393647745],[113.46614431368477,35.686509213358605],[113.46617124797851,35.68652416679253],[113.4664921470669,35.68670233403303],[113.46690544545416,35.686743923533676],[113.46736201761102,35.68667257795061],[113.46784775583103,35.68642561268514],[113.46813741766489,35.68637219033999],[113.46833618675197,35.68642175168173],[113.46853077623868,35.686572715392614],[113.46868101145503,35.68670670918758],[113.46891573387408,35.68673765216133],[113.4691433390172,35.6867747000253],[113.46938536282623,35.68680549223186],[113.4695016158399,35.68682928504396],[113.46961284102953,35.68693313218178],[113.46984326658452,35.68701422350647],[113.46993853386114,35.68704886327458],[113.46999123450284,35.68706802439017],[113.47009150806099,35.687104484916745],[113.4702452726658,35.68716331034499],[113.47045861895819,35.68725905557619],[113.47067375220684,35.68732070730768],[113.47077850523104,35.68736910105404],[113.47100221002941,35.68742172102398],[113.47108499426197,35.687411313408596],[113.47110507426129,35.687408789922785],[113.47110610293313,35.687408661574814],[113.47115849023233,35.68707207885962],[113.47125565952072,35.68697719152238],[113.47125640464958,35.68697646441885],[113.47132037967334,35.68698554261808],[113.47138305459808,35.686994434849716],[113.47140315248797,35.68699728998367],[113.47141972734106,35.68700837703669],[113.47161587075384,35.68713960758002],[113.47179786924599,35.6872272888094],[113.47239354691152,35.68733221594904],[113.47243933117208,35.68734028340109],[113.47327886575304,35.687606923006264],[113.47352226787909,35.68756011047708],[113.47357984311576,35.687607683150055],[113.47372936281165,35.68773122979655],[113.4737851170162,35.68777729817837],[113.47380736652515,35.687787014908075],[113.47443678221167,35.688061890283365],[113.47487115571992,35.68807950053601],[113.47502194557664,35.68808561327883],[113.47519181970375,35.68804083881462],[113.47537699122049,35.68799203271279],[113.47546590418263,35.687968596223755],[113.47546764604914,35.68796813781081],[113.47546937144325,35.6879676824398],[113.47565962242575,35.687917537013476],[113.47671778797944,35.6876454455878],[113.4773492536802,35.68731114485622],[113.47735029794143,35.687310592659486],[113.47770058721825,35.686826592232464],[113.47798265892402,35.686498951465154],[113.478261779202,35.68607601341997],[113.47892962204497,35.685561629272385],[113.47920240002738,35.68540151721964],[113.47920354649708,35.68540084306706],[113.48011936734652,35.685005688980404],[113.48065738652446,35.684899966277285],[113.48116067218623,35.684921132064204],[113.48156638289883,35.68491276486351],[113.48209045406387,35.68498081361586],[113.48251841629039,35.68506661619551],[113.48298990500258,35.68530923692291],[113.48326771110577,35.68554008216382],[113.48349000379201,35.6858509315723],[113.4838509592303,35.686269322117354],[113.48397421278177,35.68650335616362],[113.4842490920856,35.686639627405086],[113.48469834162339,35.686788069215645],[113.48493604981783,35.68697242291264],[113.48530997885914,35.68718550566695],[113.4855684788606,35.687416744074355],[113.4860033078893,35.687723197450474],[113.48651248467671,35.68793348162826],[113.48713562697081,35.688078320074204],[113.48736821832541,35.68794998894582],[113.48757170270673,35.68805802846332],[113.48794435214155,35.68794435554115],[113.4884552486281,35.68775409725541],[113.48845641904597,35.68775366218811],[113.48846061393198,35.68732446809391],[113.48832064044016,35.6867695234376],[113.48802075888806,35.68614636796959],[113.48763194441491,35.68548213992486],[113.48702888983122,35.68469360673452],[113.48669531717717,35.68411405434256],[113.48637216854388,35.683305428527376],[113.48608584228555,35.68255325482054],[113.48603182226722,35.68235331550131],[113.48597371910967,35.682138268609144],[113.48586922171474,35.68175150285604],[113.4858620413944,35.681724926394175],[113.48585458291518,35.6816973222219],[113.48582835206071,35.68160023448803],[113.48579233451028,35.68127367017461],[113.48573076568218,35.68071542758507],[113.48558772129404,35.68006041751025],[113.48544154941553,35.67930655812178],[113.48539988143717,35.67909165334127],[113.48537884174043,35.679017358260204],[113.48522269048549,35.678465954924036],[113.48499516081549,35.6779128133399],[113.48442634565839,35.677094950496965],[113.48410945888567,35.67648643777899],[113.48395379276795,35.675989025227025],[113.48365102914143,35.67533382201966],[113.48364977045796,35.67533389845578],[113.48345915177042,35.675345624659926],[113.48335182092598,35.67538473973208],[113.48278314653591,35.67535998548891],[113.48222667620011,35.67550496673675],[113.4814504911287,35.67610265613204],[113.48123467179403,35.67645613807127],[113.4812341064138,35.676457065155866],[113.48123358302851,35.676457921996715],[113.48096109507887,35.67690421552144],[113.48090573217988,35.67701196270255],[113.48090570604073,35.677012010093996],[113.48089321229827,35.67703632825942],[113.4808931643227,35.67703641934957],[113.48088009459876,35.67706185763147],[113.48087932178984,35.67706336113252],[113.48061939284814,35.6775692256549],[113.4805767270772,35.67783605004832],[113.48052148290435,35.678181532406064],[113.48026890778257,35.679083098821756],[113.48008911246608,35.679315662244235],[113.47980377708387,35.679552141314375],[113.47928243601497,35.679685109374574],[113.47894165460791,35.679625381154366],[113.47829277269425,35.67942896102585],[113.47728034475405,35.67919234386432],[113.47661654842311,35.67889132951426],[113.47589141356056,35.67849621504141],[113.47524833843413,35.67810894340509],[113.47458809204954,35.67792227288723],[113.47296864323731,35.67770763718112],[113.47203813465981,35.67742590499029],[113.47196587224678,35.677404026299904],[113.47196080677796,35.67740248331272],[113.47093945391634,35.677091356172355],[113.47086142182472,35.6770882597528],[113.47028834936668,35.67706552175683],[113.47021752047007,35.67706271042657],[113.47010039447603,35.67705806351769],[113.46981790655965,35.67709153397876],[113.46929873815388,35.67715304585898],[113.46900187344117,35.67718821772592],[113.46826364659962,35.677108131375896],[113.46789107226874,35.67715391677564],[113.4678414835053,35.67717560304593],[113.46783650407487,35.677177782004556],[113.46778679651607,35.677199520244876],[113.46713557166403,35.67748431706021],[113.46713552801971,35.67748433417329],[113.4671207944207,35.6774907802686],[113.46678911802218,35.6776358262959],[113.46647266791956,35.677774217089826],[113.466214344605,35.677935752091045],[113.46596814601982,35.67808970292378],[113.46571060347691,35.67807590893036],[113.4651469798382,35.677955824553635],[113.46356931623579,35.67809807200437],[113.46193714445405,35.67812456790128],[113.46148661121673,35.678304757029345],[113.46108279130178,35.67846626251864],[113.46042169214827,35.67825092288613],[113.45978278467328,35.677996983244434],[113.45978157078187,35.67799596738741],[113.45966167784586,35.677895775539625],[113.45956950967202,35.67781875048553],[113.45956535815208,35.677815281743065],[113.4595478577544,35.677800656486454],[113.4595084923747,35.677767758669674],[113.45915904946648,35.67747572784844],[113.45912801579902,35.67711697522725],[113.45912627689968,35.67709687758941],[113.45912281773978,35.677056893671015],[113.45912039935423,35.67697811240991],[113.45910709142217,35.67654458808921],[113.45910702068913,35.67654228383775],[113.45903787351747,35.67643983424704],[113.45856118522025,35.67619743655389],[113.45812704648934,35.67580451359765],[113.45769760479916,35.675564557511265],[113.45736248788353,35.675341806672485],[113.45712111050705,35.67511713987785],[113.45685688568035,35.674912072114076],[113.45670924499154,35.674685491450866],[113.45653934486504,35.67449763023423],[113.45636775121548,35.674376600126855],[113.45627571092524,35.67431168211306],[113.45603668332035,35.6741634973078],[113.45584100650088,35.67389962975539],[113.45559201917717,35.673426386821376],[113.45546606054751,35.67314196278203],[113.45536529541275,35.672914422858405],[113.45521946351326,35.67272689022495],[113.4552188347165,35.67272608132761],[113.45523187125062,35.67263347740297],[113.45526709135761,35.672383293546105],[113.4552686394572,35.67237230289965],[113.45526892329978,35.67237028694116],[113.45514182867853,35.67223528404948],[113.45503918471768,35.672126252242215],[113.4549866204396,35.67207041552886],[113.45491429820298,35.67199359173504],[113.4545618896355,35.67161924869273],[113.45393356917629,35.67094548396719],[113.45334163314774,35.67012762574857],[113.45318303356245,35.669908491616],[113.45313221029429,35.66983827073579],[113.45310381192535,35.669799031892325],[113.45299235116237,35.6696279455699],[113.45295420828757,35.669569400100265],[113.4529384800099,35.669545257182875],[113.45285184681003,35.66941228042982],[113.45283514770539,35.66938664808154],[113.45271142428675,35.66919673777703],[113.45210824603616,35.66857966568555],[113.4513263848868,35.668233233203466],[113.4504242488718,35.6677748144273],[113.45016789913706,35.6673497132166],[113.44991392855628,35.66648250367136],[113.44963445487477,35.66552818396805],[113.44945614103213,35.66491928311969],[113.44935968049528,35.66463978083523],[113.44935908929689,35.664638066516254],[113.44970683080061,35.66395486083124],[113.4498842531535,35.66364627793697],[113.44990654549238,35.663607504727146],[113.44991413887378,35.66309457423855],[113.44991417112915,35.66309241474162],[113.44978931339666,35.662741064213506],[113.44978632488028,35.66273265547186],[113.44933267061003,35.662417670927056],[113.44900307515857,35.66233099039963],[113.44886148763709,35.66229375720874],[113.44815384252651,35.662079294368105],[113.44729443179985,35.66148647958824],[113.44688716260141,35.66127351250427],[113.44648697849998,35.66106424732161],[113.4461512840756,35.66078499522353],[113.4460897391688,35.66029269186956],[113.44608945135117,35.660290387504794],[113.44621969203659,35.65996352199147],[113.44666859086568,35.65950062480583],[113.44669386124973,35.65836008419927],[113.44671169807357,35.65755503251487],[113.44722828847326,35.656060006792536],[113.44724967773391,35.65599810611243],[113.44728203433345,35.655904462048916],[113.44843617321894,35.65424201540769],[113.45088464908903,35.65311940036873],[113.4524518792094,35.651835897946945],[113.45409419371562,35.651847595203094],[113.4547565611616,35.65185230893087],[113.45486459796118,35.65185307801156],[113.45570202305417,35.65185902930912],[113.4560085199149,35.65232956769465],[113.45600829523858,35.65233160317478],[113.45595638700786,35.65280168930564],[113.45592277329958,35.65310610397779],[113.45592299502692,35.653108513281914],[113.45597750598125,35.653700976591416],[113.45610795515199,35.65438370308974],[113.45654855822654,35.65446410940095],[113.45760856032109,35.65450206902651],[113.45895590682142,35.65438515154839],[113.4592222900756,35.654737303122886],[113.4592211471426,35.65473822839391],[113.45918259755621,35.654769469527096],[113.45793973065317,35.65577668257155],[113.45647742650782,35.65690911739858],[113.45587990452378,35.657666298047005],[113.45545986360571,35.657908682404084],[113.45447579293133,35.65847652891535],[113.45391064370487,35.65880263535137],[113.4534134023908,35.65957438249134],[113.45341566709145,35.65957374345558],[113.45412439663455,35.659373666212815],[113.45456191012798,35.659301414316054],[113.45494966154558,35.65929350572234],[113.45521214454322,35.65921610060866],[113.45525971061505,35.659202073611034],[113.45536539799878,35.65917090745012],[113.45541152412089,35.659157305316675],[113.45548798880911,35.65913475609209],[113.45563164765417,35.65910033089121],[113.45625831790791,35.65895015866758],[113.45675011324042,35.658961230817276],[113.4567634166401,35.658965259816775],[113.4571417423026,35.659079893852045],[113.45745970228644,35.659326719430055],[113.45780739673835,35.659699594691475],[113.45795933033206,35.6598090838844],[113.45817770908931,35.65996645815976],[113.45887890045456,35.66005768324131],[113.4598295324156,35.659848269190654],[113.46081955452584,35.659236958399916],[113.46141727963219,35.658485895701375],[113.4619979442823,35.657718682446514],[113.46213385097312,35.657674631213986],[113.46217371098979,35.65765941574425],[113.46240995847761,35.65756924003693],[113.46250341127373,35.657533568737875],[113.46268809228911,35.657249157635924],[113.46270349854703,35.65722543399243],[113.46270422589137,35.65722431356259],[113.4625740468394,35.65699838659144],[113.46254546164444,35.65694877672854],[113.46243270026783,35.65675307911523],[113.46234615601277,35.6567058272094],[113.46202866818656,35.65653248461908],[113.46168696685098,35.656311686991536],[113.46159952909206,35.65625518854748],[113.46154323408425,35.65615694963096],[113.46149284514118,35.656069016464265],[113.46142669252687,35.65595357774735],[113.46139222091402,35.65559192165032],[113.46142855943161,35.655421545856264],[113.461451590606,35.65531356190829],[113.46146256513404,35.655262102043025],[113.46147392961556,35.655208816850575],[113.46188023699598,35.65474278751234],[113.46198588101053,35.654378265530404],[113.46206279557131,35.65384344065418],[113.46206290371607,35.653842684290815],[113.46200390856718,35.65344338628556],[113.46178495713536,35.65316178999073],[113.46147031298821,35.652893862568234],[113.4609273059027,35.65262625073317],[113.46092069196979,35.652617395608644],[113.46072893468194,35.652605695134426],[113.46044692248006,35.65252024669394],[113.46018528934205,35.65237053133249],[113.46009124972025,35.652200288782446],[113.46009062671472,35.65219916082757],[113.46012668065048,35.652072705839366],[113.46016125439431,35.651951441222344],[113.46038555036533,35.65160638634788],[113.46056943474855,35.65141405885429],[113.46060786544807,35.65121306441241],[113.4606079539286,35.65121260218361],[113.46059328994666,35.65109545160434],[113.46059314946939,35.651094327303],[113.46058587662728,35.65085732092436],[113.4605908906921,35.65065654917276],[113.46077208121177,35.65037008317583],[113.46117505820624,35.65004295860412],[113.4611755159622,35.65004258703518],[113.46102554988671,35.6495257363848],[113.46089733187806,35.64940965506016],[113.46089636108655,35.649408776593035],[113.46096387874137,35.64924982169873],[113.46147409606237,35.64912495893282],[113.46187782767302,35.649146607821855],[113.46198899406582,35.649152571202336],[113.46239821697951,35.64929440897085],[113.46239826268088,35.64929442335323],[113.46259889638515,35.649363963435505],[113.46272387470573,35.64940934598106],[113.46282232277564,35.64930968484135],[113.4629266288852,35.649204090395656],[113.4629075359456,35.648942612078095],[113.46290734208466,35.64893996615258],[113.46290731097274,35.648577480273794],[113.46290731113348,35.648575113297674],[113.46284071832667,35.64848163115183],[113.46280294534509,35.64842860515539],[113.4627087768225,35.64829641358433],[113.46252312691843,35.648164695112094],[113.46222833176446,35.64795553832559],[113.46207822079901,35.647849033359485],[113.46205040118049,35.64784339707576],[113.46202324911238,35.647837894898515],[113.46172554439646,35.64777757689681],[113.46167307387759,35.64777779220496],[113.4612874970721,35.64777938244171],[113.46087219459788,35.64787402000191],[113.46041316028776,35.64777783502746],[113.45998849900583,35.64777739349614],[113.45971740781326,35.64804745255806],[113.45962192887582,35.64821358803618],[113.45954292918479,35.64855269216113],[113.45952923051598,35.64868562897478],[113.4594826452328,35.64913769090512],[113.45948951740883,35.649361755326],[113.45934410619527,35.649377259594175],[113.459332210882,35.64937852889637],[113.45889853606388,35.649541551259425],[113.4588180220986,35.6495404749107],[113.45881471015001,35.64954043083924],[113.45836603569825,35.64953442934865],[113.45798325571243,35.64953391572318],[113.45674339146254,35.649532240741934],[113.45661351109797,35.64953206686815],[113.45597737340576,35.649529313732494],[113.45584232972129,35.649528731696805],[113.45545118720214,35.64943418719943],[113.45504196123736,35.64933527088147],[113.45392578371859,35.64922776644247],[113.45376114724993,35.64915983137513],[113.45345832624264,35.649268899622584],[113.45338544310201,35.64929515148806],[113.45193097691906,35.64895259565425],[113.45087978847482,35.648856567603396],[113.45081413215134,35.648850569230014],[113.45063537203205,35.64883423858031],[113.44969358125883,35.64868799075119],[113.4491074962982,35.64857585276709],[113.44847456470738,35.6485887290448],[113.44768736105631,35.648639660027534],[113.44736215452393,35.64875293991453],[113.44673768088383,35.648566269806174],[113.44624222969536,35.64848937496443],[113.44618152939567,35.64838498183671],[113.4461358635549,35.64830644339614],[113.44613528689912,35.64830545227826],[113.44620115362602,35.64797327499536],[113.44646262085853,35.64740967131659],[113.44692409697129,35.646759292261855],[113.44740571938725,35.6465099014039],[113.44742286409448,35.64650102375362],[113.44742987985703,35.64649891327898],[113.44822392564356,35.646260098583745],[113.44834028281998,35.64595934809768],[113.44834041895817,35.64595899843563],[113.44829740365104,35.64568999413429],[113.44829710209876,35.64568810722252],[113.44785099037597,35.64542540760635],[113.44783887877708,35.64542370138598],[113.44728628474684,35.64534586587082],[113.4469389647129,35.64515166815835],[113.44690995315887,35.64513544753632],[113.4468223962847,35.645086490795194],[113.4464566231749,35.64472173123706],[113.44598895861377,35.644338364270894],[113.44518274356844,35.64365171218423],[113.44425122301597,35.64300895293783],[113.4434456656843,35.642342951835154],[113.44228981504611,35.64167914355608],[113.44222303227644,35.64168553154986],[113.44217535590175,35.6416900965636],[113.44213838976236,35.641694374902805],[113.44139646375409,35.6417802822388],[113.44112228390698,35.64178584069638],[113.44106373379783,35.64178702979068],[113.44064257384976,35.64176696184308],[113.44047670130958,35.64149855179232],[113.44041503251309,35.64119942247442],[113.4402925650731,35.64062975173017],[113.44004469202248,35.6400706760547],[113.4398442180933,35.63989024844318],[113.43963257602279,35.63969976702674],[113.43952208304407,35.6394943661875],[113.43912247378073,35.63875150519205],[113.43895310320957,35.63842395460073],[113.43891875713976,35.63835753136189],[113.43812680392863,35.636825901996176],[113.43794932370392,35.636159237766655],[113.43794878799406,35.63615722671647],[113.43817004732827,35.63536603442477],[113.4382389204726,35.63474957413392],[113.43824932212104,35.63469180242178],[113.43825951203499,35.63463519912048],[113.43831352923841,35.634335170395325],[113.43831387575881,35.634333244194885],[113.43813182050027,35.634108070138794],[113.43764152718977,35.63411799844867],[113.43730524144088,35.634142368864865],[113.43730141894646,35.63414264627835],[113.43716999119867,35.63415217005086],[113.43681983791855,35.634177545169784],[113.4367018586756,35.63413139580502],[113.436647974138,35.634110316691775],[113.43664648525035,35.63410973503009],[113.43658640164604,35.63408623235439],[113.43613504072368,35.633909673411104],[113.43559137015744,35.63369700293001],[113.43464242043325,35.6332423386767],[113.43451718504731,35.63318233551604],[113.43448738806389,35.633142909993886],[113.4339847859957,35.632477905724464],[113.43285789524275,35.631427893192786],[113.43232281484241,35.63063411152291],[113.43170082875864,35.62936627197848],[113.4317003500057,35.62936529592486],[113.43172599892098,35.62900718115748],[113.4325056013489,35.628843623889786],[113.43268347142535,35.628353698386675],[113.4331598613578,35.62788634781845],[113.43375360758789,35.6272449759552],[113.43403867904118,35.62679803201123],[113.43410482191459,35.62669432924239],[113.43415014338864,35.62646589662078],[113.43415041140278,35.62646454506894],[113.43403755544627,35.626209357401976],[113.43377261400548,35.625838129086794],[113.43363502400263,35.62564533876439],[113.43320284256427,35.62544820140888],[113.43285430183,35.62528921766452],[113.43203016572198,35.62459067244468],[113.4313600663112,35.624157209746784],[113.43126832859551,35.62376748291155],[113.43123440210158,35.623623351235885],[113.43108038134616,35.623358263091184],[113.43089024002019,35.623315841452126],[113.43071171053131,35.62327601161816],[113.4306886651045,35.62327087065212],[113.42997800416576,35.623112317578865],[113.42819745564826,35.62216484535623],[113.42689732014739,35.6210275104551],[113.42676388325359,35.620941553030534],[113.42676355240289,35.62094134074857],[113.42676318775914,35.620941105720924],[113.4261791198617,35.620564858424444],[113.42568211476014,35.620012495296635],[113.42568073315472,35.620010960744615],[113.42567941771745,35.62000949784297],[113.4256056305146,35.61992749220063],[113.42560355119468,35.61992518059908],[113.42560128921872,35.61992266724233],[113.42541574908414,35.619716458571055],[113.42535741601142,35.61965162684677],[113.42533273656626,35.61962562917866],[113.42440096197559,35.61864405783086],[113.42440021774554,35.618643274503036],[113.4243577498252,35.61859853564771],[113.42410391108042,35.618331126065314],[113.42406581123674,35.61829362903878],[113.42400277217087,35.61823158722071],[113.42387206008878,35.61810294654292],[113.42387177237912,35.618102664004866],[113.4231139791078,35.61735686157757],[113.42302720499745,35.61727145917967],[113.42302646352721,35.61727072984895],[113.4230075636785,35.617252129056915],[113.42247374578587,35.61644318876532],[113.42221477139606,35.61630158991676],[113.42177464109686,35.61611469808562],[113.42157335054169,35.615898533440436],[113.42100717085935,35.61550619489118],[113.42009735021061,35.61514522779086],[113.41958126097005,35.61492315253272],[113.41912727684823,35.61477323077255],[113.41899570422913,35.614384384869055],[113.41878113164428,35.613750230578695],[113.41865033302403,35.613363661756814],[113.418545119723,35.61284199453564],[113.41854466060043,35.612839719641904],[113.41872529155924,35.61235804410567],[113.41873280475224,35.61233801104082],[113.41874782282132,35.6122979621964],[113.41878041540595,35.61221104820993],[113.41880690465258,35.61198649539965],[113.41881475905444,35.611919913595464],[113.41882815235446,35.61180636599698],[113.41882617368212,35.61174067549171],[113.41882555165613,35.611720024629896],[113.4188233745837,35.611647747063124],[113.41882275258767,35.61162709710144],[113.41881982385526,35.611529864344206],[113.41881010682857,35.611207259553915],[113.41873469682358,35.61058428538086],[113.41873043447637,35.610549079380746],[113.41873033144023,35.61054822276702],[113.41874198495927,35.610427905510804],[113.41879985901377,35.60983040967236],[113.41881405255134,35.60968387001559],[113.41882175369926,35.60960436416962],[113.41881527263976,35.609474462842435],[113.41881259661054,35.60942081779902],[113.41878465576603,35.6088607650906],[113.41878404236002,35.608848457601894],[113.4187839503749,35.60884661233405],[113.41876089890586,35.60877959704025],[113.41871404389121,35.608643377616175],[113.41866653255802,35.60850525305264],[113.41855409045827,35.608178355273424],[113.41834472893079,35.607693197425384],[113.41829576679832,35.607496476151],[113.41827711601007,35.607421536993066],[113.41820875822668,35.60714688741906],[113.41820838914683,35.60714540272074],[113.4182316149399,35.60670568583824],[113.41823495817307,35.60664240498587],[113.4182429387802,35.60649128939245],[113.41824655628169,35.60642282660046],[113.41826030898261,35.60637115196087],[113.41830563105795,35.60620086583441],[113.41838307310242,35.60590989286326],[113.41848880183355,35.60551264088281],[113.41865986214869,35.604740139318665],[113.41866023501554,35.604738452305995],[113.41827306912242,35.604318034822306],[113.41801531848118,35.60394817506624],[113.41781903080131,35.60366651190327],[113.41744721382025,35.603258017599686],[113.41735108627806,35.603198758837394],[113.4169282665868,35.60293811254265],[113.4160535719829,35.60262674424276],[113.41600598029216,35.602649886901766],[113.4156367186077,35.602829449785254],[113.41545643418908,35.60331019524846],[113.41533860545938,35.60387532571711],[113.41521342378073,35.604195921641114],[113.41511450686968,35.60439365115874],[113.41485889282724,35.60436207411697],[113.41472442133374,35.60387540744048],[113.41448919536279,35.6035253352648],[113.41437631263813,35.60325844875976],[113.4141100465117,35.60287229529936],[113.41378292225353,35.60264346229483],[113.41365099771414,35.60255117602388],[113.41346892799929,35.602527891899186],[113.41325044873645,35.60249995337807],[113.41298933898491,35.60246656223996],[113.41277360132524,35.60239611389956],[113.41245984881913,35.60229365773405],[113.41219336926568,35.601969492461485],[113.41202450974848,35.601764077691655],[113.41165566698082,35.60145337812419],[113.41132704472676,35.60148442556643],[113.41103276648165,35.60166159464317],[113.41093604458206,35.601932680657804],[113.4109579876968,35.60216468935186],[113.41098213271441,35.602470057617616],[113.41093142206054,35.60277692526232],[113.41072612646406,35.60302366526448],[113.41024966619133,35.60317460885438],[113.41022455275781,35.60318256479423],[113.41018486687956,35.60317388732418],[113.40971186816819,35.603070483093795],[113.4094104164714,35.60282690778773],[113.40937360661539,35.602746743886904],[113.40934725375556,35.602689354373126],[113.40921411012467,35.60239939870588],[113.40921294397342,35.60239686039163],[113.40921225933586,35.60239536845794],[113.40934113002038,35.602197045195574],[113.40934327348621,35.60193774218189],[113.40934434886168,35.601807659904196],[113.40934436652223,35.601805489859146],[113.40914369420375,35.60181634295127],[113.40904740922922,35.601821550480786],[113.40898543287086,35.60182490396311],[113.40837895911994,35.60208171445253],[113.40796115018772,35.602070012437295],[113.40791920875996,35.60206883806698],[113.40786921562683,35.602067439013595],[113.40714751828301,35.60194071646931],[113.40710974363753,35.60193408295914],[113.40705602358923,35.60192465053741],[113.4068674036075,35.60162287362643],[113.40686721473863,35.60162257194983],[113.40657837737612,35.60148756419685],[113.406289900149,35.60135272423558],[113.40606785797559,35.60094120081008],[113.40514252688753,35.60005435903456],[113.4042811225369,35.59930080870641],[113.4032291689529,35.599187228118105],[113.40213632839877,35.59920902896315],[113.40132975160621,35.59928628331712],[113.40049140499778,35.599302994985386],[113.40007880169767,35.59902983283584],[113.39987286401895,35.59865467904224],[113.39985371568133,35.59843437403731],[113.39982721885846,35.59812952063818],[113.39986007830564,35.597725139939335],[113.39983415193076,35.59735863247293],[113.39979252527432,35.59696796922309],[113.39967239786166,35.59645652976893],[113.39940315456663,35.595910956895686],[113.39919409249495,35.59548732670588],[113.39905437546227,35.5949964085038],[113.39899328278808,35.59478174655273],[113.3989512972733,35.59437885652564],[113.39887864808672,35.59410630229451],[113.39886695935668,35.59406244819919],[113.39869091705971,35.59391306687379],[113.39852887146218,35.59377556246472],[113.39854671639893,35.59368395628694],[113.3986197882476,35.59330885419104],[113.3985555385771,35.59266172401836],[113.39830763695994,35.592385274967725],[113.39830116389848,35.59237932724916],[113.39796882868818,35.59207393316392],[113.39755590726068,35.591788533246564],[113.3973211574029,35.59145064962231],[113.39695679468193,35.59128662231451],[113.39628027248897,35.591202210111376],[113.39591841348121,35.59114699601383],[113.39578374291023,35.591126447643525],[113.39571323837077,35.59110042680386],[113.3953748426219,35.59097553557827],[113.39528323474956,35.59041458622832],[113.39462135725556,35.58981603846811],[113.39408798051568,35.58950855200848],[113.3926735952725,35.589793572710335],[113.39152099797839,35.589816461678645],[113.39053014792457,35.589738256953815],[113.39052941804324,35.58973812096499],[113.38958895229972,35.58956337571254],[113.38934034166675,35.58951718047362],[113.38812278437224,35.589370046464076],[113.38738568268644,35.58926231604334],[113.38600421030563,35.589087132057244],[113.38571689196084,35.58905069556599],[113.3845283692197,35.58881000379531],[113.38445117492041,35.58879437062682],[113.38366700095405,35.588614143806375],[113.38341095262784,35.588523454752746],[113.38338650086855,35.58851479478146],[113.3828156613696,35.58831260860142],[113.38278710845256,35.58830249605724],[113.3826528641578,35.58825494808551],[113.38215288522417,35.58816467303882],[113.38155363333969,35.58805646990491],[113.38058610704519,35.58825910809837],[113.37990153239689,35.588407211241],[113.37916734317594,35.58839724559232],[113.37910778704412,35.588385589206325],[113.37910693606554,35.58838542310169],[113.37866507323241,35.58829894591336],[113.37866364197812,35.588298666019064],[113.37862098153423,35.58829031687038],[113.37861963680304,35.58829005328789],[113.37842917495134,35.5882527778369],[113.37817561954661,35.58826680337082],[113.37808525767376,35.58827180132998],[113.37725270822165,35.58789660679452],[113.377151435352,35.587843952563695],[113.3770303569477,35.58779745214067],[113.37681831898838,35.58769274497715],[113.37574884958276,35.58716461626019],[113.37558947881128,35.58711680075051],[113.37558934637238,35.58711676101324],[113.37553111050293,35.586771046325914],[113.3757626424272,35.58660747484646],[113.3758227113721,35.58656503765732],[113.37637555510186,35.586310961907785],[113.37657626614696,35.58599231097349],[113.37657425794198,35.58592438846834],[113.37656998007193,35.58577969946338],[113.37656992610387,35.58577787411241],[113.37654711153921,35.58576562670119],[113.37651906941515,35.58575057294555],[113.37633861333693,35.58565370073487],[113.37603003232564,35.585718317619694],[113.37565988811618,35.5857958253575],[113.37515278984979,35.585820128874026],[113.37461026644634,35.58583082540039],[113.37392731411819,35.58582998196977],[113.37352817361474,35.585952279670515],[113.37321484718721,35.586015670072186],[113.37268724147174,35.58624600993287],[113.3723624861593,35.58614856333512],[113.37236052561045,35.58614948316723],[113.37170850543325,35.58595383476057],[113.3717077037981,35.58595208719876],[113.37170712843314,35.585951914713554],[113.3713592337935,35.58584752244826],[113.37133152262824,35.58583920707311],[113.37029157106129,35.58552714072389],[113.37027306717269,35.585519759428024],[113.37005581247804,35.58543309509755],[113.37002600406306,35.585421203882575],[113.36982511397059,35.58534106600866],[113.36982450790696,35.5853408247377],[113.36981314980947,35.58533629426405],[113.36939271156803,35.58533026044433],[113.36915821396798,35.58542295781016],[113.36896800213941,35.58549814783864],[113.36882150722776,35.585556057271724],[113.36840148892004,35.58556431584686],[113.36817229431998,35.58551160445454],[113.3680653258002,35.58543324210153],[113.36804666894356,35.58541957506852],[113.36801432352455,35.585395879064706],[113.36798567256285,35.58537489105605],[113.3678680429072,35.585288718780035],[113.36770437168512,35.58497250340097],[113.36764584079143,35.58494949135368],[113.365387391973,35.58406150786367],[113.36528449952493,35.58402105101388],[113.36522811810346,35.58399888128571],[113.36364097784414,35.58337480405688],[113.36287655911887,35.58307421729676],[113.36250442559341,35.58247196375912],[113.36217934971526,35.582292561352084],[113.36204370516266,35.58191711725424],[113.36183817707472,35.581586669973504],[113.36172681204647,35.58131162168627],[113.36170381744044,35.58125482802943],[113.36156988479146,35.5809375195351],[113.36124024997441,35.5806240467824],[113.36122046998729,35.58059357899339],[113.36120296115834,35.580566607803995],[113.36077426293843,35.58051683955371],[113.36029091307188,35.58042451358217],[113.35992954243403,35.58024254056828],[113.35976119482362,35.580051529918386],[113.35969015265903,35.579970923367725],[113.35967124153274,35.57990475588478],[113.35959151005615,35.57962577622097],[113.35959095931157,35.57962384705133],[113.35958693967203,35.579568886157375],[113.35956122471097,35.57921724037158],[113.35953539771718,35.57894215881947],[113.35953533033077,35.578941441102785],[113.3594764124267,35.57875354339064],[113.35930989797299,35.57853866696539],[113.35904132932991,35.57848575629759],[113.35851058906147,35.57859794543739],[113.35779011488799,35.57891743940495],[113.35745816906004,35.5789610559434],[113.35739999284733,35.57896870170654],[113.35721094284331,35.57901252633579],[113.35719825241071,35.57901546697161],[113.3568518823234,35.57909576554346],[113.3563685435984,35.579003423327066],[113.35620501809483,35.5788902818066],[113.35591482672406,35.578706904261935],[113.35555134422582,35.57845224705757],[113.35545944038273,35.57840648116918],[113.35532864077915,35.5783413480048],[113.35504553759756,35.57820037093547],[113.3548729437453,35.577987878491754],[113.35475055005794,35.57783718972267],[113.35473233677261,35.57781476627928],[113.35473160106153,35.57781386068757],[113.35475866970708,35.577522481894775],[113.35475271082126,35.57731900354856],[113.35483527864562,35.577099252850466],[113.3551973868329,35.576699526966436],[113.35529791323846,35.57660299300779],[113.35533773796922,35.57656474970722],[113.35563022610908,35.57628387506062],[113.35597368429916,35.575855427515904],[113.35645605297674,35.575307921373565],[113.3567686082026,35.57504004297027],[113.35700701818571,35.5746718174048],[113.3571920579391,35.57430463468383],[113.35720097205562,35.57423963609144],[113.35723596537935,35.57398448881622],[113.35723605442114,35.573983839219636],[113.35712127370103,35.57369644256072],[113.35712079525308,35.573695245416054],[113.3571004349318,35.57345581864103],[113.3570936340905,35.57337584209265],[113.35708639223023,35.57312876103771],[113.35706322613466,35.57294147428923],[113.35706306425445,35.57294016552815],[113.35685264663165,35.572422245283896],[113.35685204406948,35.57242076403187],[113.35686003761198,35.57208612994373],[113.35702983864542,35.57180650137612],[113.3569675262521,35.57150232761821],[113.35686678246144,35.571084880447046],[113.35686622751344,35.571082577406905],[113.35667768843206,35.57072270347637],[113.35647349067156,35.57043584747943],[113.35630487242184,35.57014829528872],[113.35616321713586,35.57011111834752],[113.35506721695498,35.56982347322427],[113.3543840320319,35.56956087286831],[113.354383153115,35.569560535028884],[113.35442843681476,35.569283343030285],[113.35470156872499,35.56888535745572],[113.35470566521126,35.56887528294629],[113.35490021332848,35.56839679203328],[113.35493401551061,35.5683136573291],[113.35492520291997,35.56818558575349],[113.35490675687427,35.56791752241866],[113.35490430930246,35.56788194812248],[113.35490303642605,35.5678634446975],[113.35490678258788,35.567383469234834],[113.35502781375253,35.56665397836308],[113.35508322134041,35.56611482305999],[113.35531225407651,35.56542684794177],[113.3555616250959,35.56482573075889],[113.35565948636022,35.56450976897127],[113.35583805445785,35.56393323295615],[113.35617209776534,35.56318503397187],[113.35652009047872,35.56230567824782],[113.35656195726129,35.56191221211278],[113.35656910205324,35.561548509129004],[113.35659414538655,35.56151062033674],[113.3566508959687,35.561424763003345],[113.35670543744897,35.56134224759746],[113.35690398023236,35.56082937687861],[113.35696618676042,35.56052276691804],[113.35703009600984,35.56027429457082],[113.35723653334945,35.56007643042542],[113.35732438052955,35.55999222971665],[113.35775424376455,35.5600856176928],[113.35788591723156,35.560142792646445],[113.35804266555866,35.560210856142845],[113.35856572575321,35.560447841575],[113.35905278794301,35.5606709873582],[113.35908119006716,35.560667520025746],[113.35928644032842,35.56064246204264],[113.35933652554179,35.560636347220075],[113.35949093182509,35.56044443669526],[113.35949106695489,35.56044426915705],[113.3594118217039,35.560169512765576],[113.35929644394233,35.559867151835824],[113.35929615130772,35.55986638536493],[113.35929071979248,35.55980645380407],[113.35926984059904,35.559576050361215],[113.35933892738637,35.55911121165199],[113.35937388958237,35.55887597279874],[113.35953811577329,35.558407396960426],[113.35950797038504,35.55798625490805],[113.3594628460373,35.55765450832301],[113.35946259461595,35.55765266519049],[113.35931220820297,35.55737930238821],[113.35912582566158,35.557092101106804],[113.35879246766166,35.55664780930141],[113.35839052666755,35.556292112912104],[113.35820159345242,35.555917704855425],[113.35785386836562,35.555590031498916],[113.35754341959687,35.55531979790934],[113.3573045423859,35.555062705523426],[113.35711859729709,35.55479003522179],[113.35703723721902,35.55444260598432],[113.35697621905376,35.55418203396345],[113.35670262758165,35.55395470424961],[113.35657344750726,35.55379726218683],[113.3564352305343,35.5533211873521],[113.3564349055784,35.55332006829221],[113.35647540441951,35.55288397091941],[113.35647549503395,35.55288299871444],[113.35632214969941,35.55250789132325],[113.35625602843457,35.55207290818568],[113.3560589688041,35.55140903250664],[113.35605860669709,35.55140781145155],[113.35613883073408,35.55111608344294],[113.35613902098535,35.551115388616196],[113.35592722231993,35.550566913789496],[113.35568836397636,35.550309817293815],[113.3556464141567,35.550092498747105],[113.35559734942395,35.54984314445525],[113.35558370205807,35.54977378866888],[113.35551971563972,35.54941147627077],[113.35538714316112,35.549137758628866],[113.35521134929563,35.54860312060785],[113.3551482255355,35.548450918392945],[113.35513394460767,35.548416484405294],[113.35502002155127,35.54814179541288],[113.35501989936085,35.5481415004531],[113.35500459153538,35.54761826884999],[113.35518830865186,35.54720748749549],[113.35552399871385,35.54651742687934],[113.35608661627974,35.545677504787065],[113.35637277075448,35.54511929364827],[113.35674443491455,35.544443069438536],[113.35711098671094,35.54359243356028],[113.35761009775004,35.54301551161442],[113.35786236989368,35.54251613005927],[113.3580120556843,35.542195379499454],[113.35801275067541,35.54219388907642],[113.3580130515826,35.54219324704589],[113.35761367451374,35.542426855732295],[113.35702272789989,35.542567152700265],[113.35629059289374,35.54266729446613],[113.35564579969395,35.54259566532776],[113.35538797793079,35.54265373111384],[113.3549315070658,35.54278808205687],[113.3543889604404,35.54297786782668],[113.35395544526982,35.54314760341183],[113.3534561925401,35.54331862112196],[113.35323917150554,35.54339453387232],[113.35291520872487,35.543562126730855],[113.35261158588428,35.543675565725415],[113.35191930804606,35.543993694431336],[113.35155360841097,35.54423377251604],[113.3510147042639,35.54454890355971],[113.35071368941678,35.54475188063018],[113.35006469610387,35.54505123542039],[113.34987323780463,35.545252074162626],[113.34948300109949,35.54540303089237],[113.34913554138622,35.545517315865816],[113.34891746493992,35.54555740391338],[113.34852095547538,35.54549345664895],[113.34807748888176,35.54532291086176],[113.34795704798162,35.54526576154172],[113.34769466821407,35.54514126056157],[113.34738828971155,35.544995881602844],[113.34685352477487,35.544701677969066],[113.34617007767189,35.54457163535474],[113.34571044786809,35.544598500240134],[113.34529933744669,35.54478568743766],[113.34456351737389,35.54490312053477],[113.34446449431499,35.544918923968176],[113.34416214387855,35.54512073507709],[113.3431943532558,35.54513955464768],[113.34297200003915,35.54514387741012],[113.34252952918808,35.54515247915305],[113.34186330828298,35.54499585196968],[113.34157584608398,35.54491184342694],[113.34073589424116,35.5446772981036],[113.34007176420472,35.54445725163692],[113.33954587509851,35.54446746104624],[113.33904137711443,35.54445933460308],[113.33858226422325,35.54450408067766],[113.33805065320655,35.54431728926346],[113.33738185323574,35.543936049820914],[113.33678191382292,35.54366098382064],[113.33649189197726,35.54348197982697],[113.33571682515203,35.54352461015891],[113.3356258783028,35.54352961192319],[113.3352705138786,35.54370819623158],[113.33501795912031,35.5440714643881],[113.33495793651579,35.544269733606676],[113.33478783325714,35.54445221598398],[113.33459893343,35.54474257463254],[113.3344959773315,35.54498423041727],[113.33447576916383,35.545031660655745],[113.33413607695925,35.54541453325312],[113.33390282925274,35.54568783128982],[113.33349427810569,35.545964523160436],[113.33299444198961,35.5461175490027],[113.33251807288674,35.54632387575188],[113.3320406625531,35.54649438302163],[113.33145316940491,35.54664909956018],[113.3309512494021,35.54673048268875],[113.33062670525909,35.5468801093796],[113.33065795186667,35.547202042532774],[113.33071263436536,35.54740091004772],[113.33078047918009,35.54764764128433],[113.33069154127143,35.54782219862238],[113.33053152170652,35.54813626176202],[113.33008586090706,35.54864660427641],[113.32999599266537,35.549329253349335],[113.32980913813812,35.54969124084243],[113.329710455983,35.55006944206984],[113.32971471087217,35.550216445831076],[113.32972237812795,35.55048134202922],[113.32981988243502,35.55081991375511],[113.3297910884579,35.55134011320269],[113.32975451734438,35.55159168281102],[113.32954211470617,35.55182873202241],[113.32946326984859,35.55213487490188],[113.32946304940067,35.55226836277301],[113.32946208944664,35.55285164685438],[113.32946767677275,35.55304468598841],[113.3294698647109,35.55312027758122],[113.32947919516381,35.55344263443563],[113.32947179506728,35.553944501698716],[113.32954102473205,35.55410172978896],[113.32961261505511,35.554264316739854],[113.32986145486541,35.55452828706187],[113.33029028497963,35.554950045045295],[113.33049944868728,35.555358131250095],[113.33051137719147,35.55577003061625],[113.33041632179157,35.556273592801546],[113.33038545725631,35.55672215831907],[113.33024086503137,35.55702957204783],[113.33018808299153,35.55747856131075],[113.33018294866942,35.55753365029984],[113.33015462297303,35.55783758211505],[113.33011858352393,35.55796847000787],[113.33005541606747,35.55819787508175],[113.3301294614635,35.55848314253343],[113.33013672196626,35.558733864492076],[113.33032397999429,35.55914237329814],[113.33060569176169,35.55975110073693],[113.33062808311766,35.55979948511837],[113.33072404839504,35.560084328122485],[113.33084348805141,35.56042247310007],[113.331070955679,35.56070477207071],[113.33123774342566,35.56083475586349],[113.33147479550657,35.56101949593275],[113.33196163358339,35.56117134385437],[113.33224895516543,35.561234900502306],[113.3325575383248,35.561303160186675],[113.33271054613077,35.561666112618944],[113.33272237834268,35.5616941803253],[113.33288150903574,35.561888204740605],[113.3329294964416,35.56203062557589],[113.3331768152712,35.56224086146429],[113.33342517420454,35.562486913461356],[113.33360830170015,35.56275214751218],[113.3338098312332,35.56296588723419],[113.33385718310814,35.5630161077197],[113.3339975186344,35.563318007598696],[113.33414468517243,35.56354489905333],[113.33415821453391,35.56356575591362],[113.33453860365232,35.5638271670778],[113.33533646744145,35.564116324310405],[113.33560519620904,35.564308220678676],[113.3359401989618,35.56451675092307],[113.33597147763234,35.564838680763074],[113.3358279332461,35.56518191897851],[113.33559515791279,35.56547312973013],[113.33555964987134,35.56553277131222],[113.33526058927794,35.566035093099536],[113.33520367325754,35.56634081399026],[113.33532210245235,35.566643135634024],[113.3354828084862,35.56689088257008],[113.3358626990871,35.56713438034356],[113.3362874681759,35.56741284343802],[113.33691106677871,35.56774120485897],[113.33749239536371,35.56812413896565],[113.33784881688311,35.56831432951259],[113.3382334065741,35.568718995349585],[113.33892858230823,35.56910902521241],[113.33898353155504,35.569139854027384],[113.33903601889617,35.56916930243887],[113.33952344063151,35.56933902542183],[113.33995292388093,35.56977865134535],[113.33997370908797,35.5697971535853],[113.3402681265184,35.57005922756284],[113.34058280911532,35.57032189465967],[113.34089488871477,35.57049501793975],[113.34114225474264,35.57070523541404],[113.34167300731724,35.570856189095586],[113.34215992293127,35.57100799256041],[113.3425367230754,35.57114401664284],[113.34295527547451,35.57120755248103],[113.34357214571358,35.571303067085914],[113.34367887249732,35.571338766814854],[113.34392650735587,35.571421602158175],[113.34441343129335,35.57157339618349],[113.34498333359923,35.57156230561682],[113.3452927658929,35.571471288344576],[113.34532848978901,35.57146078140329],[113.34541483719566,35.571435383067744],[113.34549060634774,35.5714594619291],[113.34554275405611,35.57147603529344],[113.34570712972624,35.57152827423236],[113.34622235146558,35.571584994988754],[113.34700893503046,35.57174132642877],[113.34751054539193,35.57173155416035],[113.34801076426032,35.57167412597606],[113.34839043284597,35.57148553935673],[113.3485072254962,35.571449934788326],[113.34855459174764,35.571435499344226],[113.34855593581807,35.57143696168195],[113.34873571822958,35.571632563368794],[113.34885420651445,35.57193487012112],[113.34902019540296,35.57236167967575],[113.34902028606679,35.572362744752766],[113.34905362237183,35.57275523786152],[113.34910635465334,35.57305882539097],[113.34910659165722,35.57305912352319],[113.34947067211391,35.5735176055094],[113.34967318383865,35.573692841938175],[113.35007454437441,35.57391795528109],[113.35038613291154,35.574073144489965],[113.35067580411426,35.57422876049143],[113.35081151205351,35.57436946169499],[113.35097489919582,35.57470672652992],[113.35097516562763,35.574708408097514],[113.3510286875401,35.575046129848154],[113.35105793749378,35.57529641962141],[113.35105832484118,35.57529699324016],[113.35124862351941,35.57557894587858],[113.35124835545427,35.57558003777683],[113.35122695842935,35.5756670769312],[113.3512122156131,35.57572704571661],[113.35111693801625,35.57611462670809],[113.3511036314647,35.57695287665646],[113.35110079869216,35.57713131915614],[113.35110597382894,35.57717677886577],[113.35114043349407,35.57747947014974],[113.35114150644651,35.5774888931173],[113.35114188179045,35.577489244410295],[113.35118918229422,35.57753352519726],[113.35121323171715,35.577556038937296],[113.35121213713067,35.577556664002806],[113.35103212197936,35.577659445735144],[113.3505859143208,35.577914213928146],[113.34977827700482,35.57843777025332],[113.34938821086627,35.578642658951445],[113.34914572592739,35.579010516140784],[113.34887173463957,35.579177206819345],[113.34858022409013,35.57935455364753],[113.34828134930258,35.579512958182804],[113.34822769690405,35.57952316314555],[113.34792620802612,35.579580501878645],[113.34780649292009,35.579603269889155],[113.34738748286308,35.57968295758742],[113.34716959924178,35.579724667570396],[113.34672691565339,35.579809409575375],[113.34672649864167,35.57981038903119],[113.3465803468023,35.580153434802405],[113.34644666406686,35.580644173856726],[113.34633278920303,35.580992078068846],[113.34627862775208,35.58113617562041],[113.34622846434057,35.58141727753415],[113.34620447089101,35.58152907503387],[113.34620277356599,35.58153698056954],[113.34617717779847,35.58163212361252],[113.34612379084076,35.58183056369497],[113.34604758241551,35.58222240907829],[113.34597787780618,35.5825808032979],[113.3459850046811,35.58282502852826],[113.34592112960308,35.583269704604554],[113.34592179321973,35.58327203441309],[113.34606420917127,35.583772335511284],[113.34618628504266,35.58389889837976],[113.3462086653594,35.583922100661844],[113.34649145793497,35.584011954460905],[113.34697980767692,35.58394522459356],[113.34720037053245,35.583902782267785],[113.34757887288814,35.583767263154705],[113.34795929395445,35.58360250154209],[113.34855803223218,35.58311879019295],[113.34877209360704,35.582806058580395],[113.34877634934342,35.58279984035728],[113.34936300768759,35.58250231574673],[113.3502579799748,35.5819699062657],[113.35087795446594,35.581614506921944],[113.35146668674068,35.58138845355081],[113.3521116795717,35.58129003636364],[113.3521286044482,35.58128417617533],[113.3525701987199,35.58113131349509],[113.35264849959307,35.581104208117004],[113.35285671202853,35.58103213150968],[113.35294373279321,35.58100200742211],[113.35330957910772,35.580896446160665],[113.35379453409881,35.58075651899045],[113.35409887480435,35.580738423499824],[113.3545111932594,35.580713906341586],[113.35498273879715,35.580720477656875],[113.35562373918401,35.58103545886476],[113.35608879234255,35.58136966591673],[113.35647882211468,35.58153368797247],[113.3567342613065,35.58157905614833],[113.35675357866752,35.581604250901634],[113.35691190972707,35.58181076246399],[113.35742042402083,35.58190790855003],[113.35802701169762,35.58215612631675],[113.35862532154759,35.582521559956746],[113.3587401942589,35.582591721755094],[113.35882795919407,35.58264532585125],[113.35935218703337,35.58327763418907],[113.35977520222679,35.58365183260944],[113.36019027830089,35.58439337082295],[113.36019015525198,35.58439447701679],[113.36008663625543,35.58532866294616],[113.35993971825643,35.58606591095333],[113.35982709298266,35.58669539211471],[113.35974966040011,35.58724768575886],[113.35954679490112,35.5878446891277],[113.35945657484669,35.58811019187316],[113.35928329857168,35.588587866247956],[113.35889885172539,35.589528656567026],[113.35865293542423,35.59008424961618],[113.35857818411782,35.59072828681926],[113.35857750726713,35.59072920472326],[113.35807377506832,35.591411335321624],[113.35799080357319,35.59147920363128],[113.35726893921134,35.59206966187253],[113.3572687434129,35.5920702450775],[113.35711391353911,35.59253167542338],[113.35711484476623,35.59253311058953],[113.3573689367294,35.59292446813162],[113.35772205036652,35.59346833441756],[113.35812729119237,35.59387348379774],[113.35824918234019,35.59394681239501],[113.35871839523999,35.594229095639854],[113.35916737188207,35.59484757617468],[113.35963238169784,35.595373944883676],[113.35981540216832,35.595523210118415],[113.36003539760556,35.59570263484945],[113.3603292348259,35.5961405576151],[113.36032928400175,35.59614223169577],[113.3603383840643,35.596452020359855],[113.36034550527064,35.596694440549165],[113.3603476505799,35.59676747062186],[113.36023277361208,35.597320497695236],[113.36006038245748,35.597828754136245],[113.3600721460509,35.598229235787414],[113.36007475604114,35.59831805207904],[113.3600752641949,35.5983186007704],[113.36018481726582,35.598436786935956],[113.36040947080274,35.59867914670432],[113.36042297082108,35.59869371154774],[113.36067893074008,35.59911707647673],[113.36069245606674,35.59914774247283],[113.36081941630931,35.59943560959135],[113.36081969099631,35.599437448647144],[113.36091272622694,35.60006105321495],[113.36091202013407,35.60006195368419],[113.36042520683083,35.60068258406189],[113.36042511183715,35.600682767934714],[113.36012400322133,35.601269860009474],[113.3601235360563,35.601270369243956],[113.35937974875607,35.60208000898092],[113.35937945165253,35.60208052389166],[113.35930902745702,35.6022027994058],[113.35916585749949,35.60245138201531],[113.35914368648967,35.6025103806389],[113.35895735355085,35.60300624166433],[113.35901006527665,35.60352538717962],[113.35903198916361,35.603908493967644],[113.35904854615819,35.60419780433028],[113.35908473906862,35.604512554911935],[113.35912402472553,35.60485419694303],[113.35912437254869,35.60485495782026],[113.35924990271567,35.60512962607612],[113.35930420816008,35.60524844990708],[113.35930429888268,35.60524996098438],[113.35933085863643,35.60569247727761],[113.3593408966365,35.605859704688385],[113.35931914522928,35.60593259823441],[113.35922151102004,35.6062598258877],[113.35893541017768,35.60672441058035],[113.3587132716944,35.6070405994999],[113.3585757604512,35.60723633245273],[113.35857567526755,35.607236399897225],[113.35769722980879,35.607942005783606],[113.35769667779522,35.60794282122347],[113.35755451689771,35.608153268946076],[113.35744586908339,35.60831410942767],[113.35748173936051,35.60855615238415],[113.35751595442113,35.608787016918775],[113.35726496023462,35.6092114556314],[113.35724760398308,35.60924080809919],[113.35715897843612,35.60939067816219],[113.35669279338798,35.61010357105389],[113.35636966523798,35.6105841733524],[113.35620456926422,35.61086431361447],[113.35595919199419,35.611280674596586],[113.35595886570883,35.61128098643401],[113.35517556394112,35.612030371143554],[113.35476207236398,35.61225150372684],[113.35395811148507,35.61268144795788],[113.35240314050714,35.613323806596725],[113.35121682824827,35.61376005686175],[113.35118157370184,35.613794923640626],[113.35098011669736,35.613994168284286],[113.350979983092,35.61399454212338],[113.35075504119658,35.61462583402682],[113.35067215836001,35.61499463611914],[113.35067276070507,35.61499704366868],[113.35082069536563,35.61558841070794],[113.35103518305387,35.61587491146421],[113.35120255124419,35.615986498214816],[113.3514364808704,35.616142464406586],[113.35207897727058,35.61632880724524],[113.35252310941729,35.61677911220124],[113.35278043489181,35.617248364234555],[113.35281846742747,35.61735236670504],[113.35290264819899,35.61758256163957],[113.35290308224447,35.61758483370301],[113.3529372606063,35.61776372878337],[113.3530133071281,35.618161773278736],[113.35301337383902,35.61816186568383],[113.35346238550737,35.61878027030428],[113.3537522449156,35.61908059057864],[113.3539222803788,35.61922365861601],[113.35446305583288,35.619678667543155],[113.35456410143703,35.619764001166146],[113.35536607863742,35.62044127296265],[113.35596455337767,35.62104153688565],[113.35620704636588,35.62131337650721],[113.35648768097218,35.621627974259994],[113.35718751620854,35.6218815250372],[113.3572352558613,35.621898821293826],[113.35752933475543,35.62200536550335],[113.3586712295163,35.6219677044489],[113.35949386635745,35.62190568944307],[113.36012117258429,35.621924726787064],[113.36041283399787,35.62193357785741],[113.36078973367736,35.62201790254839],[113.36097868924382,35.62206017797166],[113.36140380024133,35.62226569350754],[113.36158694690091,35.622354234166],[113.36159129086037,35.62235983634932],[113.3621128229628,35.62303238849787],[113.36244048230142,35.62320581735323],[113.3628344878357,35.62341435989535],[113.3628932377579,35.62344545621571],[113.36289839506244,35.623445580271],[113.36301583483755,35.62344840884876],[113.36323428830221,35.62345366991654],[113.36394331346088,35.623470742591394],[113.36421207435146,35.62336349138451],[113.36549698908907,35.622850728353725],[113.36615989833358,35.6225711124667],[113.366159931129,35.62257110191079],[113.36659040843277,35.622389521334334],[113.36683082858086,35.62228811321458],[113.36762892320108,35.62212342156564],[113.36832900698411,35.62234805591036],[113.36868048858297,35.622327450035364],[113.3690941369049,35.62230320433552],[113.37018657128844,35.62216980467362],[113.3703143283883,35.622154204024945],[113.37031436144888,35.62215420247311],[113.37054880310396,35.622125573619826],[113.3717136446703,35.622551322267036],[113.37180777335719,35.62258572695758],[113.3718960055912,35.62258303656603],[113.37200129679158,35.62257983255866],[113.37210036144818,35.62245999073699],[113.37234408671937,35.62216517042905],[113.37234482198821,35.622164284637044],[113.3731446772973,35.62098001041697],[113.37314498815579,35.62097955106731],[113.37316688209917,35.62095815867679],[113.37392753149336,35.620214980545356],[113.37392807205777,35.62021445269133],[113.3741153925247,35.61988915137571],[113.37415975734258,35.619812104542866],[113.37448100123487,35.619270296658506],[113.37476703447969,35.61882170025096],[113.37476750275833,35.61882096748076],[113.37541250686925,35.61845636231406],[113.37618632202538,35.61801271554939],[113.37674508498692,35.61787635631252],[113.37683174792082,35.617855207640126],[113.3770485622457,35.61780229699924],[113.37741407311985,35.617713096557246],[113.37790784303337,35.617780340848874],[113.37971790832422,35.6180268313752],[113.38022211421749,35.61809548982547],[113.3805206552269,35.61815615710487],[113.38165373574327,35.61838641307834],[113.3827710852036,35.618831784277226],[113.38407136984438,35.61924013151126],[113.38414763061189,35.619253357194744],[113.38591676747403,35.61956019165982],[113.38679285021671,35.61942839606927],[113.38685740345771,35.619418686409176],[113.38685747931369,35.61941867679622],[113.38706343225958,35.61916557903646],[113.38709689369206,35.61912445732489],[113.3872717303127,35.61890959798157],[113.38753548930545,35.61815306922331],[113.38770017350497,35.617667105513604],[113.38772346027925,35.617598389281326],[113.3877288011027,35.61759178419639],[113.38803899997988,35.617208133403054],[113.38843397769853,35.61676710000325],[113.38843478291646,35.616766199213465],[113.38921434382945,35.616166390233616],[113.38993196801343,35.61542086627008],[113.38996799719249,35.61538344024835],[113.39000103778642,35.61536661177395],[113.3907714307714,35.61497430546195],[113.39077147327076,35.614974287498484],[113.39163966336545,35.61453217011665],[113.39168584083394,35.614514084638074],[113.3930324565491,35.61398673043995],[113.39303249043991,35.61398671985507],[113.39325645741351,35.613899008670806],[113.39361882053403,35.61369508683829],[113.393779274404,35.613604793303026],[113.39434195757072,35.613276391565265],[113.39500879402169,35.61301269890917],[113.39567811485567,35.61283242971628],[113.39675510150634,35.61261065330748],[113.39766562536884,35.612292008198764],[113.39826733752007,35.61192989568663],[113.3982681537391,35.61192940548669],[113.3982902372771,35.61134994648499],[113.39830261544412,35.61119197542658],[113.39836533786732,35.61039148300438],[113.3985153339828,35.61001545862172],[113.3985935850401,35.60981928891643],[113.39875426455619,35.60932853968476],[113.39903175821722,35.60857351675799],[113.39912612713165,35.60831674812273],[113.39916144552798,35.60804679149193],[113.39922240430356,35.60758085684586],[113.39947876397356,35.607074492122216],[113.39947924214987,35.607073546418384],[113.40039971161161,35.60708573596725],[113.40267364064346,35.607403326617934],[113.40460659288445,35.60764127062808],[113.40574101336651,35.608067963336616],[113.40733306901836,35.60893484743678],[113.40806513894918,35.60935227702382],[113.40874516066472,35.610150962232815],[113.4095667122596,35.61140330483607],[113.40980040994322,35.61142941509159],[113.41049341076052,35.611506836468145],[113.41071714611883,35.61153183153578],[113.41144618530441,35.61170070974238],[113.41147591556046,35.61170759658167],[113.411569703041,35.611729321028335],[113.41252030016116,35.61258641736667],[113.41322787023456,35.61322437316665],[113.41346152896787,35.61347941759177],[113.41416730897127,35.61395925058484],[113.41417682293411,35.61396571847932],[113.4141755304365,35.61396636610332],[113.41363789869544,35.61423553859065],[113.41363835620116,35.61423578170972],[113.41364052392079,35.61423693933732],[113.41394080812556,35.614397301250854],[113.41425687995338,35.614566092187864],[113.41427052788066,35.61457338182878],[113.41485985159454,35.614947771830806],[113.41513198973377,35.6153899008289],[113.41515819953575,35.61543248322674],[113.4151729425705,35.61545643610383],[113.41516294710023,35.61557219481145],[113.41514583506192,35.615770368563176],[113.41512097593693,35.61605824492766],[113.41496180641148,35.61624167504865],[113.4147474462542,35.616488705490774],[113.41473267430239,35.6165057302707],[113.41471939754426,35.61650793282665],[113.41430655621683,35.61657642585591],[113.41362118780496,35.61656194037662],[113.41312587391135,35.616595707743585],[113.41302570259741,35.61664786565387],[113.4128468877214,35.61674096992268],[113.41272693700401,35.61680342626049],[113.41260525098447,35.61686678494322],[113.41250109020189,35.61708864888301],[113.41249000367752,35.61711226179315],[113.41248557834585,35.617130021496344],[113.4124260187269,35.617369021457606],[113.41237777341874,35.61756261696757],[113.41231804386614,35.617802296953016],[113.41231666091355,35.61781223961604],[113.41219619219945,35.61867858597818],[113.41219039479404,35.61872028114089],[113.41218839670393,35.618734652082715],[113.41222578661687,35.61879214217576],[113.4122778477761,35.618872191220696],[113.41261082914448,35.61938417208967],[113.41279557777541,35.61955791682231],[113.41288589416219,35.619642854800254],[113.41295335563187,35.61970629885994],[113.41313340535154,35.619738355348616],[113.41333310783733,35.61977391104027],[113.41333616768209,35.619774456108644],[113.41367546692612,35.61983486598107],[113.41394012034468,35.61985502385636],[113.4140721037662,35.61986507972281],[113.41408651986316,35.61986617829178],[113.41412155819164,35.61999042726917],[113.41414574772098,35.620076207953176],[113.41414079416258,35.62008622852475],[113.41397176704731,35.62042818882386],[113.41391910219849,35.62053473197904],[113.41384678638138,35.62068103871965],[113.41384782022364,35.62068231818301],[113.41397978276957,35.62084565350672],[113.41405266830068,35.6209358677315],[113.41441606014114,35.62115516859914],[113.41441623195075,35.621157688942766],[113.41445143764112,35.621672372894],[113.41446165435477,35.62201204871456],[113.41446194543308,35.62201244383672],[113.41457052348794,35.62216030537875],[113.41467009107046,35.62229589705947],[113.41481302686597,35.62249054557738],[113.41496045927522,35.62277891546398],[113.41496026148612,35.62278044757947],[113.41493286904857,35.622992380640135],[113.41491222078285,35.623152133079884],[113.41491259391744,35.62315470524787],[113.41494209718039,35.62335783841974],[113.41496222505313,35.62349642234706],[113.41498722440342,35.62366854134016],[113.4151101059997,35.62382499417249],[113.41533763436627,35.62411468703985],[113.41554282261312,35.62444911327186],[113.41565206062121,35.62462715308149],[113.41567115881472,35.62465827896092],[113.41571052254822,35.6246915175307],[113.41591469748049,35.624863922045996],[113.41590719153584,35.62488582893436],[113.41590166365624,35.624901958370565],[113.41574515480664,35.62535870617832],[113.41574574854864,35.62536072338645],[113.41605056953802,35.626397153411865],[113.41619808619353,35.62674927481092],[113.41629167841332,35.62697267847745],[113.41632547120645,35.62705333990098],[113.41632727619103,35.62705764844463],[113.41635329983316,35.62711976669656],[113.41635512379635,35.627124119009295],[113.41638974078778,35.62720674883916],[113.41646903681078,35.627396024403915],[113.41713531195428,35.628278000195785],[113.41713498926757,35.62827974476054],[113.41699633322588,35.62903104081652],[113.4167722934409,35.6297364312121],[113.41677286731246,35.6297384461086],[113.41700738288553,35.63056133955131],[113.417277498802,35.63138554399922],[113.4174715494214,35.63201102125755],[113.4178714204565,35.63248932460864],[113.41865954271985,35.63305995417469],[113.41921572857942,35.63349220083521],[113.41995220074081,35.63409246790048],[113.42083092722335,35.6347613889399],[113.42157432638128,35.6355903682302],[113.42209336468213,35.63595182890332],[113.42285626919313,35.63626546726278],[113.42364858875838,35.63639255713558],[113.42419661630271,35.63655316967538],[113.42444780432078,35.63666942478261],[113.42455202387258,35.63671765998709],[113.4247857190087,35.636913207451684],[113.4249379063241,35.63731065042084],[113.42497474653747,35.637503913886576],[113.42500037931971,35.63763838131566],[113.42518716102114,35.63802082412506],[113.42554862800696,35.638385442431826],[113.4259622005999,35.6387347057687],[113.42690069525663,35.63905908275752],[113.42842487365428,35.63962910909029],[113.42955774985948,35.64000675872654],[113.43028742903283,35.64037823500613],[113.43037113389903,35.64052533328369],[113.43065759275078,35.64102873896907],[113.43084917500501,35.641568417640364],[113.4310427836912,35.641703731661146],[113.43106504876835,35.64171929414309],[113.43106977713913,35.64172259822251],[113.43113699521498,35.64176957804249],[113.4313862395775,35.64194377520367],[113.43184094763555,35.642492440147784],[113.43203498374803,35.64268515174158],[113.43229262876686,35.642941037993346],[113.43269221011272,35.64340499066459],[113.4329564644587,35.644029019370954],[113.4333722680024,35.64444973037817],[113.4339740045854,35.6450284341241],[113.4342025845118,35.6452482616773],[113.43449147030488,35.6455284964804],[113.43464762946051,35.64605457981054],[113.43464787581551,35.6460571679746],[113.43469914724639,35.646597084055486],[113.43468538560543,35.64729824986662],[113.43472242839475,35.64794117301729],[113.43472254663557,35.647941358939605],[113.43512725891092,35.64857665712721],[113.43550314685675,35.649412977735864],[113.43614522813304,35.65035834053675],[113.4361449486288,35.650360223024634],[113.43605794879251,35.650946563919646],[113.43587253145789,35.65176563401232],[113.43584126751884,35.65246715438122],[113.43556436441459,35.65315934079163],[113.43548460649966,35.65341842373282],[113.43548368361672,35.653419042487926],[113.4345930819407,35.65401618430991],[113.43423077124581,35.65425910632699],[113.43405359621678,35.654359555681985],[113.43352437466628,35.65465959421625],[113.43352415572971,35.6546599464377],[113.4331734789154,35.65522453686344],[113.43284556497137,35.65553471195488],[113.43250903940296,35.65585303158121],[113.43241543787052,35.655972476133336],[113.43205347346805,35.65643439111606],[113.43154361933847,35.65695962989338],[113.43154285709942,35.65696019671864],[113.43102942372789,35.65734191684391],[113.43096622002942,35.657383934097346],[113.43049684078876,35.6576959654891],[113.42949089405178,35.65804526324773],[113.42933981995316,35.65816248857132],[113.42898681225543,35.658436402764124],[113.42877168823291,35.65860332479194],[113.4287716101704,35.658603408360364],[113.42854994284654,35.65884274576625],[113.42817768314289,35.65924467793459],[113.42773072580896,35.66011192491527],[113.42769197641324,35.66024540840069],[113.4275720139655,35.6606586714705],[113.42751580217717,35.66111752795172],[113.42751616975254,35.6611182909129],[113.42778671202619,35.6616791504881],[113.42787113111255,35.661854159851245],[113.42787055997324,35.66185502374097],[113.42776814466814,35.66201005736611],[113.4276700237052,35.66215859710801],[113.42766953402474,35.6621586511357],[113.42688393561886,35.662245970677056],[113.42619235216259,35.66256029495734],[113.42617993888913,35.66256452592089],[113.42540123086704,35.66282990415923],[113.42525552686772,35.66287955848259],[113.42525473642507,35.66288025468417],[113.42464091882218,35.66342118290702],[113.42450834616254,35.664253476850604],[113.42442704422763,35.664525089368844],[113.42420261573113,35.66527484886339],[113.42414220241695,35.66547667871256],[113.42413786766727,35.66649233776423],[113.4241381535553,35.66649302849685],[113.4242729223927,35.666818770202354],[113.42430806790628,35.6669037207248],[113.42540239093242,35.667153443163855],[113.42581395522267,35.6674312245747],[113.42626538055546,35.6676730177309],[113.42630247135139,35.66772527351754],[113.42676423273828,35.6683758405282],[113.42733648845633,35.6694251653159],[113.4276302761507,35.67007482942723],[113.4277905258722,35.67042919347779],[113.42782380942128,35.67053713033241],[113.42816311919917,35.67163750012678],[113.42866350637587,35.672724027227716],[113.42883983309875,35.673721734321674],[113.42883975764711,35.67372197731842],[113.42862682622905,35.67440546418918],[113.42805929594823,35.67544202284366],[113.42764998360818,35.6759151552145],[113.42757538064896,35.6763457745576],[113.42757587935918,35.67634685383185],[113.42780990238232,35.67685359554426],[113.42838765551326,35.678081600442205],[113.429047611536,35.679129144014695],[113.42953541712009,35.67979872587627],[113.42983916384247,35.680096834793176],[113.43027324774529,35.68052285486105],[113.43046343105728,35.68088455032534],[113.4304640252338,35.6808856799165],[113.43064535136556,35.68123052826712],[113.43073604439269,35.68142298770743],[113.43112943070895,35.682257772435634],[113.4311290859619,35.68230855729493],[113.43112888189255,35.68233861764939],[113.4311288776019,35.68233924034102],[113.4311284661685,35.68239998011702],[113.43112676248457,35.682651180216176],[113.43139211064444,35.68272925753336],[113.43165585053809,35.682670792844384],[113.4316897600089,35.682679957500774],[113.43177994253604,35.682704330261956],[113.43185091609251,35.68272351207313],[113.43188059650329,35.682731533157046],[113.43238586268467,35.68272132002264],[113.43238762085927,35.68272128448029],[113.43292366199934,35.682710446951276],[113.43295693816727,35.682709774104296],[113.43297914879446,35.682709325899395],[113.43329331890777,35.682712827292896],[113.43341820404196,35.682728755456246],[113.43341835901576,35.68272996689651],[113.43341851677151,35.68273119720193],[113.43342570278085,35.68278731604252],[113.43342586075573,35.68278855355166],[113.43344348249238,35.68292618291451],[113.43335910773807,35.68299335829426],[113.43306862613552,35.68322462080633],[113.43306856252208,35.68322467164876],[113.43304406366855,35.68324417495504],[113.43194438087428,35.684076954233845],[113.43095823066406,35.68480015188133],[113.43095778666773,35.68480044197008],[113.4302992210961,35.68523065865901],[113.43029863415263,35.685231078676566],[113.430298532534,35.68523115100868],[113.42995601547047,35.68547598596969],[113.42970186321368,35.68576719421436],[113.42970136591684,35.68576732949848],[113.4289918072822,35.6859603293364],[113.42899149088284,35.685960821373754],[113.42885229526497,35.686177701161064],[113.42885141177695,35.68617824879581],[113.42823562227144,35.68655966392229],[113.42822541355679,35.686566201422075],[113.42739001005738,35.68710119924128],[113.42738927906973,35.68710171405524],[113.42738919472394,35.687101773422214],[113.42738905848987,35.68710186987685],[113.42650310697047,35.68772699873539],[113.42650214730693,35.687727657814165],[113.42585901147524,35.68816910161029],[113.42564222645467,35.68837187256807],[113.42539013408383,35.68860766730539],[113.42540186560589,35.68899498500776],[113.42540091259372,35.68899557276337],[113.42511617481078,35.689171395369186],[113.42511618113494,35.689171458313155],[113.42511641822169,35.68917377996957],[113.42514438343758,35.68944649223119],[113.42515953002909,35.68945677661838],[113.42557629963615,35.68973975791612],[113.42563144887377,35.689777202536334],[113.42611557213458,35.6900106761291],[113.42630808460962,35.690106587358876],[113.42674120905765,35.69032237172088],[113.42694744974612,35.69068123529966],[113.42711892041306,35.69097959362633],[113.42733427631458,35.69152658120543],[113.42756655267694,35.69197593297385],[113.42808628726081,35.69272758041991],[113.42848803803633,35.6929555071556],[113.42875851525868,35.693039097595594],[113.42876328617237,35.6930405717584],[113.4287641614225,35.69304084241525],[113.42879430330946,35.693050157741375],[113.42904811267003,35.692737359791835],[113.42911602527693,35.69265366427823],[113.429200145108,35.69257662708731],[113.42937665797837,35.69241497729646],[113.42961181069826,35.6921996235467],[113.42964208524961,35.69217189868732],[113.42971790546952,35.69213691714344],[113.4297195066605,35.69213617840747],[113.42977656891333,35.69210985061363],[113.42982691044574,35.69208662198009],[113.4299423877816,35.692033347873995],[113.42994515880943,35.69203206922347],[113.43029826549065,35.691869156073516],[113.43036918904492,35.69183643458672],[113.43041038302131,35.69178192060558],[113.43042243170652,35.691765976948375],[113.43043956443199,35.691743304490366],[113.43061545600246,35.69151053994279],[113.43063891397372,35.69147949804748],[113.43069996484107,35.69139870643204],[113.43073255463855,35.69131527587515],[113.43075128240459,35.69126732999819],[113.43075240565474,35.691264455578526],[113.43081302740735,35.69110925650442],[113.43086258604167,35.69098238281596],[113.4309051972864,35.69087329594116],[113.43119392585365,35.690548586634556],[113.43144081552371,35.69027092827306],[113.43153292588883,35.69016733898126],[113.43155871149486,35.69013833843542],[113.43156432323883,35.690137863711364],[113.43178293727958,35.69011935510206],[113.43196133493183,35.690104251256486],[113.43201156393079,35.690099997670565],[113.4321598593206,35.69008744191183],[113.43232518705769,35.690048139976156],[113.4325768600106,35.68998831211423],[113.43278697372605,35.6901212185837],[113.43311575181575,35.69049275827258],[113.43329985228736,35.69070079962067],[113.43334699558413,35.690750221193085],[113.43352932102246,35.690941356207254],[113.43381298999248,35.69123873066516],[113.43396348057551,35.691323072420644],[113.43424406763539,35.69148032499492],[113.4343740813493,35.69146438631562],[113.43440695972691,35.69146035574384],[113.43440827138487,35.69146019495154],[113.4346698601102,35.69142812782658],[113.43517573108757,35.69136611177551],[113.43581142137674,35.69128678867242],[113.43585987335328,35.69128074308138],[113.43634831278713,35.6911907146081],[113.43680432092033,35.691106660652814],[113.43746914217785,35.69086671715926],[113.43768506767124,35.69079562381966],[113.43816352726836,35.6906380913974],[113.43840884703526,35.69064109184239],[113.43894149672713,35.69064761366134],[113.43973018747458,35.690502218708886],[113.4407735487289,35.69049742703684],[113.44144675428835,35.69068099496189],[113.44180485873274,35.69077863740046],[113.44196898117575,35.690823390863216],[113.44307489308147,35.69118374662744],[113.44396564262102,35.69133492932816],[113.44405054106676,35.69134933918089],[113.44442659014868,35.691501089980605],[113.44471106581778,35.69150132312126],[113.44495494088483,35.6915015274239],[113.44561350495479,35.69153582124709],[113.4461208829501,35.69167266569238],[113.44639434844403,35.69174642082674],[113.44708942030358,35.691855406177446],[113.44720185147554,35.69187303532361],[113.44801252056406,35.69217912254273],[113.4493913508349,35.69235369412058],[113.449644476647,35.692362288985755],[113.45023711134768,35.692382417532265],[113.45026896060807,35.69238350242863],[113.45051189816228,35.69240124553289],[113.4511622669829,35.692448743076056],[113.45120648217468,35.69245906256142],[113.45247440766816,35.69275500911129],[113.4528592908728,35.69285878929454],[113.45297730744193,35.69289060901024],[113.45325527865339,35.69296556290981],[113.45411208755104,35.6932699204353],[113.45472138764175,35.69360316203477],[113.45509522207875,35.69388160738952],[113.45543510441517,35.6940057881857],[113.45558961261115,35.693969807056014],[113.45580825566168,35.693918892335375],[113.45624517611333,35.69375099246457],[113.45624554947585,35.693750849689756],[113.45664565252767,35.69345660674127],[113.45741298779132,35.69274959156739],[113.45778277900042,35.69242020470506],[113.45794411155909,35.69196395947605],[113.45836864866007,35.691514255566624],[113.45887640481612,35.69091981269205],[113.459348362926,35.69011154489385]]],[[[113.47590921819715,35.66011630898214],[113.4760153709687,35.6593019671441],[113.47602366520947,35.6592383345389],[113.47605894429458,35.65896768948794],[113.47606813012743,35.658897216963545],[113.47607578816648,35.65886310022127],[113.47619617052901,35.658326798340795],[113.47628865131522,35.65761345183196],[113.47619868336264,35.65751408392014],[113.47615701099822,35.65730425910417],[113.47609442180686,35.65698911172988],[113.47640254944902,35.65631137029942],[113.47690794919292,35.655994430339206],[113.47712625960462,35.655475875901224],[113.47752405511687,35.65501301152056],[113.47807915888016,35.65436709824058],[113.47872100150465,35.65324979887835],[113.47994834189963,35.652150274817714],[113.48089489054614,35.65142952711597],[113.48098373885846,35.65075629499916],[113.48045636631507,35.64966308124552],[113.47988803834801,35.649018310505305],[113.47904478202048,35.64834935965663],[113.4779721932532,35.647356882597784],[113.47718008841387,35.64656750383202],[113.47715222228793,35.64649437160557],[113.47713895593785,35.64645955550492],[113.47700085141655,35.64609710724636],[113.47617128966385,35.645438302159455],[113.47517353424139,35.644905746264165],[113.47459608585419,35.64436454205704],[113.47437947136336,35.6441592069814],[113.47435024168527,35.6439690925679],[113.47479270600276,35.6439218531533],[113.47526146041491,35.64396942957466],[113.4756296902478,35.64413801550646],[113.47594270286427,35.64406005869012],[113.47614711121953,35.64386990622317],[113.476073974205,35.64377128444198],[113.47550477516427,35.643525779390274],[113.47499781260942,35.64296856961232],[113.47457744089542,35.64259577959706],[113.4741196982315,35.64214746980589],[113.47381813675727,35.64183898583334],[113.47383501990318,35.64162885174395],[113.4741171792863,35.641308370402236],[113.47465911290246,35.64107790748036],[113.47539136061138,35.64095795872612],[113.4761975211676,35.640935364427314],[113.47680718764242,35.641033729822844],[113.47750676189312,35.64099072675256],[113.47774694417795,35.64093145483643],[113.47772998774586,35.640382500856205],[113.4777001767063,35.64032584681619],[113.47760075118013,35.64013689957942],[113.4775946208084,35.639938416758454],[113.47760471450012,35.63992386485275],[113.47768196828306,35.63981248792423],[113.47829913046742,35.63971755181549],[113.47832178389402,35.639391007154074],[113.47826699636487,35.63900220541483],[113.47817125150569,35.638937461677116],[113.47750814929626,35.63848905889431],[113.47748862583394,35.6384758562589],[113.47724318610342,35.638406429249045],[113.47711395454759,35.63816082718846],[113.47736427569878,35.637569081601086],[113.47737492659672,35.637542843789014],[113.47716027143551,35.6373361088572],[113.47711318504273,35.63694610990912],[113.47723041470742,35.63658133705703],[113.4771311396739,35.63639266363955],[113.47713486943036,35.636135119819095],[113.47716165121538,35.63586756620438],[113.47723254432425,35.63572797358981],[113.47726651392215,35.6356610868561],[113.4773818803809,35.63543392289228],[113.47787402799555,35.63472768021372],[113.4781969549091,35.63421563536599],[113.47857867813579,35.63374248792739],[113.47925577586405,35.63352034008596],[113.48028427590367,35.63318289148035],[113.48149388083284,35.63228017064449],[113.48202536732073,35.6318835150884],[113.48227555682764,35.631612897936876],[113.48263915293163,35.631219609369694],[113.48266287747197,35.631193947574836],[113.48281429189942,35.6310301677813],[113.48303352968874,35.63079302222074],[113.48387498824336,35.62988281823432],[113.48389018828529,35.629866376467945],[113.48428589306234,35.62979653563032],[113.48431703595247,35.6297910392379],[113.48618445651537,35.62946142795915],[113.48623729206516,35.629550158127174],[113.48669385359531,35.63031688172857],[113.4874605084106,35.63052447955658],[113.48846687901458,35.630558567836346],[113.49142807296388,35.63098861233267],[113.49214321321023,35.63149515782391],[113.49277721224594,35.63232611816996],[113.49315345528828,35.63269071843687],[113.4936193309158,35.633003807913305],[113.49505530793778,35.633036892575696],[113.49594156464326,35.63298991366788],[113.49689300539916,35.63316089973647],[113.49759080286,35.63381392889013],[113.49768264430861,35.63391948804563],[113.49790374954907,35.634173617918876],[113.4980355076963,35.634325053377715],[113.49803902514957,35.63432909530966],[113.49807210510168,35.63435902796576],[113.49955348234724,35.63569941671566],[113.4999755075622,35.63616290477746],[113.50029957008427,35.636518800832604],[113.50051506155505,35.6365356176952],[113.50186827967427,35.636853172934714],[113.50233668450365,35.63704215698408],[113.50236669029407,35.63705426363845],[113.50243020052689,35.63707988725952],[113.50330227139716,35.63741934625614],[113.5039538459061,35.637702785197014],[113.50398455122807,35.637716141903915],[113.50408679797306,35.637760619819915],[113.50438681008548,35.63805815782605],[113.50446349860216,35.6381342131978],[113.50451229783384,35.6382090557435],[113.50453019997923,35.63823651277222],[113.50473954426094,35.638557577473435],[113.50528949687791,35.6388679649639],[113.5061272046025,35.639041242908284],[113.50632434634598,35.63927553202665],[113.50625208980962,35.63981075177723],[113.50616293120252,35.64018478686833],[113.50616136483632,35.640602008226814],[113.5064621475633,35.64088181700543],[113.50688719199914,35.64093256512084],[113.50783645085839,35.64093663169017],[113.50874540442248,35.64090840789005],[113.50900347954463,35.64090039279292],[113.50920123703459,35.640870995717364],[113.50923876501447,35.640865417393144],[113.51012262731867,35.64073402542895],[113.51052626379058,35.64055316416891],[113.51056902865703,35.640534001642735],[113.51115724899438,35.6401999023281],[113.51252017368797,35.63962958461917],[113.51250277908153,35.639591224170466],[113.51231993357663,35.63935578404467],[113.51223835167887,35.63925073434513],[113.51229177993466,35.639206130381645],[113.51239061860483,35.63912361572214],[113.51248238806559,35.63913661658512],[113.51276747500624,35.63917700401243],[113.51325319481181,35.63941188060434],[113.51363077229887,35.63948822137329],[113.51394033783217,35.63948941369554],[113.51411675572638,35.639432132011784],[113.51431697681517,35.639236531237245],[113.5146445697328,35.63921437495462],[113.515086562128,35.63925108174783],[113.5154578860248,35.639427085256344],[113.51572850264431,35.63968175981565],[113.5161637656188,35.63980282752697],[113.5166819501716,35.63987621953706],[113.51760463955696,35.63998709060478],[113.51874965321885,35.64000907863393],[113.51934018558626,35.63999672105602],[113.51956910818126,35.639951317861204],[113.51965209630877,35.639968090213785],[113.52021323853074,35.63999023215197],[113.52047500439961,35.640000560615434],[113.52266083534705,35.63985941580234],[113.52286189503141,35.63992899361428],[113.5231694907574,35.64057402292634],[113.52386780867893,35.64125022472547],[113.52465596693727,35.64170741566549],[113.52562415651005,35.64234839693487],[113.52564688591113,35.64236344434099],[113.52601420662309,35.64260662140769],[113.52711777551905,35.643096653821615],[113.52797970807688,35.64359175073371],[113.52910186880447,35.64390372936673],[113.53017259611404,35.64411808618584],[113.53111565549628,35.64411799789687],[113.53178854042149,35.64398541726826],[113.53218751265655,35.64360199791507],[113.53255920216469,35.64312045998021],[113.5326646894411,35.64222398635165],[113.53274416814686,35.64132038596336],[113.53294482769144,35.64078323056062],[113.53322482856994,35.640461526158106],[113.53362626816087,35.64015700348391],[113.53427370509546,35.63998546869524],[113.5344441016233,35.63997348299895],[113.53451012238507,35.639968839442766],[113.53460137830834,35.639962420228166],[113.53549607574264,35.63989948349193],[113.53661508985333,35.639857199203234],[113.53681361673578,35.63951431360515],[113.5367153234066,35.63920372460682],[113.53671326278112,35.63913856249952],[113.53671135899344,35.639078359806824],[113.5367040956548,35.638848672598634],[113.53673893775706,35.638794906282065],[113.53677561412343,35.638738309996874],[113.53688699941596,35.63856642739995],[113.53691158487902,35.63852848795138],[113.53691222306526,35.638527448260405],[113.5370470072972,35.63830766616835],[113.53709553319183,35.63822853736904],[113.53727511304328,35.63779051080156],[113.53728929405484,35.637474399793746],[113.53718078935849,35.63710165982267],[113.5369985500865,35.63669099714973],[113.53702816195423,35.63609822524207],[113.53699339434657,35.63576340748884],[113.53702737261507,35.63530871134655],[113.53699510162615,35.635052793997474],[113.53713258953682,35.63481303728632],[113.53739026309223,35.63455100901866],[113.53742611049537,35.63415548814533],[113.53737217232134,35.63397898062848],[113.53726616808476,35.6336851408409],[113.53758883670017,35.63318488312697],[113.53777277138916,35.632884931876944],[113.53790276669636,35.632408473072836],[113.53777260167129,35.63211514300076],[113.53761952297903,35.63186177228947],[113.53743791883517,35.631470834686304],[113.53737836906105,35.63111680088807],[113.53739255010773,35.63080068961693],[113.53745630026297,35.630523010126836],[113.53749464177704,35.63020638959682],[113.5377225253483,35.629767344182255],[113.53768900790188,35.62947197655081],[113.53739034978943,35.62920193559287],[113.537066909719,35.628912677802674],[113.53676513811254,35.628544009381514],[113.5365129365583,35.62821377234133],[113.53620929898601,35.62778592683457],[113.53612871519162,35.627531026623274],[113.5360431453211,35.62711832504317],[113.53615646424588,35.6268790785108],[113.53642393857432,35.626162865339566],[113.53644186409836,35.62596510477963],[113.53610051476157,35.62587360417226],[113.53599951391809,35.62573756360534],[113.53572628168378,35.6255064590134],[113.53571660842549,35.625482966337145],[113.53596998764785,35.6252542148189],[113.53658158318584,35.624894540025764],[113.53741224767218,35.62455373918194],[113.53744828294876,35.62453895380204],[113.53753201123835,35.624504602559206],[113.5378686573192,35.62440502877548],[113.53837645842194,35.624376265907166],[113.538481128478,35.62437033614517],[113.53851876432957,35.62436820463571],[113.53952503899946,35.62395395445116],[113.53975551673078,35.62379962902063],[113.53986107666242,35.62372894761588],[113.53991525701872,35.62369266822524],[113.5399208860044,35.623688899512906],[113.53978423692429,35.623410746575836],[113.53973094526404,35.62330226816452],[113.53933541425619,35.62330308029815],[113.5393203813319,35.623283660871095],[113.53892141233058,35.62276827715641],[113.53854664929304,35.62236614507052],[113.53845711626452,35.62212010532103],[113.53811496079156,35.62164099896605],[113.53777431588458,35.621209538122045],[113.53741846595803,35.62103585951851],[113.5368549519363,35.62094284164064],[113.53646529724271,35.62080801551557],[113.53628210526502,35.620554411607735],[113.53620182980121,35.62018082333354],[113.53598290735387,35.62028865991414],[113.53579104288434,35.6204536157797],[113.53562929587864,35.620647736029866],[113.53529323775929,35.62086936538015],[113.53493059153216,35.620942558939895],[113.53445067269331,35.621000340477664],[113.53408558179117,35.62099610555296],[113.53339521866693,35.62086163863696],[113.53303178362506,35.620678571071636],[113.53280675457499,35.62048663171578],[113.53257386709731,35.62027697675241],[113.53238737806484,35.62014978396837],[113.53212963733651,35.62007772709242],[113.53187602972257,35.620136697980655],[113.53156594605274,35.62025645460894],[113.53113242302693,35.62039668500111],[113.53090276210443,35.62052070854231],[113.53060707704401,35.620634200836506],[113.53048288593178,35.620630850813306],[113.53022889971231,35.620677906830146],[113.52938055949292,35.62108907984381],[113.5290500860789,35.62125693608856],[113.52853800310108,35.62145244611073],[113.52810744819912,35.621455527077366],[113.52774720987368,35.62137369350279],[113.52735760776733,35.621286515044815],[113.52685054671284,35.62117796157824],[113.5265501663445,35.62114254671205],[113.52617104646814,35.62115646080649],[113.52578407051683,35.62115265983028],[113.52536604387068,35.621089910866054],[113.52512308122633,35.62102348820876],[113.52489046547637,35.62087448792037],[113.52458750805083,35.6206580584502],[113.52422951429698,35.620415251720225],[113.52403940607483,35.62021898730551],[113.5237543615205,35.620067622989055],[113.52351197034719,35.62015852523374],[113.52330055628104,35.620398964964906],[113.5232904638163,35.620635185470114],[113.52329068490386,35.62071039243534],[113.52329137057055,35.62094269292604],[113.52330125584471,35.621257164403744],[113.52338834827292,35.62151995513048],[113.5235322209281,35.621638520822195],[113.52363210240439,35.62175085529055],[113.52347338819692,35.62181986343895],[113.5234592829223,35.62182599578919],[113.52314326428323,35.621804011640144],[113.5229040944445,35.62168094068258],[113.52283075157203,35.62164319985145],[113.52276933517832,35.62161159722654],[113.52262803159246,35.621465715888405],[113.5225792273439,35.621415329609505],[113.52251698594594,35.62136512030763],[113.5223545556898,35.62123409014998],[113.52201250013339,35.62094088016792],[113.5219516085641,35.620916541749395],[113.52160446305403,35.620777783396655],[113.52141290265583,35.62073360553678],[113.52109273542222,35.62065976777141],[113.52026275309505,35.62044828557506],[113.5198886087249,35.620527634824796],[113.51965967614085,35.620768435009346],[113.51950054242863,35.62100062203215],[113.51934828633526,35.62127691256344],[113.51907790195744,35.62176755555041],[113.51888541281843,35.62196448492279],[113.51876389617551,35.62208880372007],[113.5181565396044,35.62227315165049],[113.51734561136492,35.6223902335969],[113.51709171147021,35.622413887231644],[113.51704866677721,35.62241789738117],[113.51616389805064,35.62241493561499],[113.5157028778183,35.622517542393204],[113.51535316955642,35.62281807218712],[113.5148436547384,35.623050421407534],[113.51435773373338,35.62291753468156],[113.51418492538542,35.62271374089496],[113.51409853272062,35.6224723831874],[113.51408451654585,35.622230640421996],[113.51408277112343,35.62220052729269],[113.51407948140843,35.622143798156245],[113.51401644036059,35.62180897940038],[113.51398731905569,35.621719348649826],[113.51396681112651,35.621656229551455],[113.51391950483877,35.621510628437996],[113.5138683524935,35.62127568601091],[113.51396024639357,35.621202159638024],[113.51400015939788,35.621170224330676],[113.51411615409472,35.621077413984146],[113.5141245162554,35.6210444678609],[113.51420191922323,35.620739488032044],[113.5141772495674,35.620511144941695],[113.51412609621576,35.62027620351713],[113.51375736713429,35.61996922274041],[113.51358210430617,35.61968681012836],[113.51344252743652,35.61942510624847],[113.5133276449063,35.61911282481301],[113.51326617533512,35.61882803633161],[113.51326530749589,35.618520526233034],[113.51324559026541,35.618170498956594],[113.512734618058,35.61751604557847],[113.51261367221791,35.61728971102933],[113.51236548959035,35.61691584358467],[113.51178760974689,35.61664182789371],[113.51171506853053,35.6166062257599],[113.51110268651986,35.616305674394965],[113.51105214736735,35.616271384394906],[113.51067316500921,35.61601425470978],[113.5104905233544,35.6158322878361],[113.51023020073677,35.61557292593529],[113.51002646875327,35.61521958146303],[113.50986828958388,35.614922502223465],[113.50974311132798,35.61456036938106],[113.50937589710117,35.614263803238124],[113.50934873318842,35.61424186565602],[113.50930284081734,35.61420480203096],[113.50883853484954,35.614141636252654],[113.50878736458658,35.6141346752599],[113.5087316721221,35.61413380829674],[113.50825815662206,35.61412644166664],[113.50753213746904,35.61415586700232],[113.50720444958654,35.61432003045113],[113.50681370542316,35.61442829060673],[113.50618909360118,35.614620088193405],[113.50554719531347,35.614819394516196],[113.50478699286272,35.615157041891436],[113.50406519816424,35.61532224300144],[113.50385294727118,35.61538639561452],[113.50299796842957,35.615644808777255],[113.502820485807,35.615636718994224],[113.50224366927367,35.61561042286516],[113.50152000873126,35.61557994942932],[113.50115258846627,35.61556447533969],[113.50106286064107,35.61555626214715],[113.500643145358,35.615517841763634],[113.4999669550628,35.61546036356619],[113.49934461685332,35.61544467545299],[113.49879482564026,35.61522722748721],[113.49841638624113,35.61502445108047],[113.49834614917043,35.61503238305827],[113.49824547872912,35.61504375215951],[113.497389635692,35.61514040264526],[113.49690087883732,35.615281410750384],[113.49629423112268,35.61545642797627],[113.49629370398384,35.61545657946256],[113.49623222771777,35.61547431543668],[113.49615626999342,35.61562982561366],[113.49615577928813,35.615630829604505],[113.49609347756278,35.61575838110623],[113.49579903875193,35.61636118450694],[113.49565581754248,35.61665439756189],[113.49557679013726,35.61717419425015],[113.49551038085491,35.617610990142936],[113.49489398724184,35.617753747206606],[113.49437988581518,35.61787280916143],[113.49396788220864,35.617867332595694],[113.4938064880947,35.61775370832922],[113.49358927164977,35.617600782521194],[113.4929826258071,35.61754959542694],[113.49292087279693,35.61762825217509],[113.49289082264913,35.61766652951536],[113.49258834181093,35.61805181227942],[113.49205971449658,35.61799900461509],[113.49147405437391,35.61799518707336],[113.49143101959473,35.618035865436134],[113.49128443575637,35.61817442088853],[113.49108542632314,35.61805104009949],[113.49100062109899,35.61794353025749],[113.49079308689838,35.61768042921224],[113.49044887606357,35.6176309922592],[113.49042058771391,35.61762692900316],[113.49040006364366,35.617623980993656],[113.49026152987445,35.61767386290963],[113.49000071290357,35.61776777330798],[113.4899938007999,35.617770261587125],[113.48997366589882,35.617768156917],[113.4897129074297,35.617740897856045],[113.48923165849355,35.61746168199003],[113.48921900939261,35.617454342514286],[113.48919672861688,35.61745114228821],[113.48899626597046,35.61742234864722],[113.48862626257751,35.617394150321665],[113.48862530141903,35.617394077381945],[113.48853301567374,35.617398887749054],[113.48834577147733,35.6174086472982],[113.48789106025623,35.61733011307218],[113.48758728423329,35.61725725294776],[113.48741850957555,35.617023329065695],[113.48733770911686,35.616764943353374],[113.48732288810913,35.61671755062327],[113.48730773103058,35.61667879206063],[113.48724102347535,35.61650821018531],[113.48699078773842,35.616425448619815],[113.4866969609092,35.61632600161372],[113.48651519377026,35.616297875460994],[113.4851929522123,35.61609326324937],[113.48484614753166,35.61610042038245],[113.48465487928964,35.61610436722641],[113.48443475421709,35.615950635666934],[113.48424256524962,35.61565563898157],[113.48420036005002,35.615596395663125],[113.48405119337795,35.61538700506458],[113.4836128552596,35.61514104999399],[113.48320843344233,35.614947152000795],[113.48216286899404,35.614145652275184],[113.48153943013233,35.61412673451295],[113.48142949118684,35.61414012494251],[113.4812878316729,35.614157378330674],[113.48113161228152,35.61417640561872],[113.48107637752562,35.614131042173184],[113.48103575080657,35.61409767661254],[113.4806797925003,35.61380533075267],[113.48032188069273,35.613414759902206],[113.48018337600664,35.61327534466249],[113.47939708596097,35.61248387500611],[113.47928551175987,35.61235440282226],[113.4792847335786,35.61235349980543],[113.47887535547427,35.61187844573935],[113.4781338250426,35.61127128078046],[113.47813233985659,35.61127006343316],[113.47798834772514,35.61115216210082],[113.47791914813821,35.61117616287505],[113.4779186361279,35.61117634009921],[113.47780303556944,35.61121643451399],[113.4778022178958,35.61121671804013],[113.477005859744,35.61149291740822],[113.47570550631653,35.61205918839982],[113.47479245510503,35.61252724865269],[113.47410318610868,35.61260559717826],[113.47346529796042,35.61231061486458],[113.47347745144977,35.61219483379591],[113.47335681183496,35.61185071471004],[113.47332460181619,35.61182570262512],[113.47320277817269,35.61144309717883],[113.47309982623719,35.61116279953069],[113.47291714145479,35.61084562865799],[113.47265463436837,35.609978109132115],[113.47243895439618,35.60961026664501],[113.47216320446311,35.609333515638774],[113.47216943594526,35.60902530186929],[113.47226794848848,35.60865100855527],[113.47239195569206,35.60808363830182],[113.47319066408697,35.6074767389433],[113.47336909214928,35.60739425500575],[113.47388809042207,35.60715432814071],[113.47479002078396,35.60689251955243],[113.47537056478312,35.60680294164639],[113.47528614394925,35.606630526862176],[113.47527377640273,35.60660526868875],[113.47523337934645,35.60652276367684],[113.47532282933389,35.60576413327745],[113.4750611071078,35.604922276129294],[113.47504333613871,35.604802031702754],[113.47494195175324,35.60411599895462],[113.47494904610396,35.6039685228369],[113.47494995355231,35.60394967106304],[113.47496111467511,35.6037176605393],[113.47496933030025,35.60349657864758],[113.47496970790897,35.60348641909173],[113.47468507460891,35.60190049030093],[113.47453648965693,35.60115900115069],[113.4745175102009,35.60076820035824],[113.47449501163656,35.60030493876794],[113.4744935156677,35.60027413657259],[113.4741346317994,35.59956810563458],[113.47412542597743,35.599549994111314],[113.47412260496088,35.59927842036627],[113.47411742863699,35.598779942209525],[113.47412445137817,35.59831495035321],[113.4741296070256,35.5979736385516],[113.47413294499381,35.597752669324635],[113.4742287101795,35.59702181733071],[113.4742431611565,35.59691153550169],[113.4742729317988,35.59668432787957],[113.4742276909974,35.59623596478805],[113.4736385448962,35.59547784944739],[113.47314255266751,35.59519278549431],[113.47235089991247,35.5950036476883],[113.47169942689644,35.59477311649391],[113.47150108221057,35.59445626328706],[113.47136595946255,35.59415094936796],[113.47109802750683,35.59358947563894],[113.4701671151899,35.59288736887168],[113.46943012341328,35.59257075235928],[113.46941016605801,35.59256217832658],[113.46939035070628,35.59255366625279],[113.46889831335409,35.592342279608786],[113.46788968132113,35.591908945911385],[113.46624813903769,35.59148486823317],[113.46515365489078,35.591202102694666],[113.4646247809215,35.59101577428305],[113.46385659851394,35.59014464798173],[113.46301695636431,35.588669329489626],[113.46231350031863,35.58726169772949],[113.46212186597519,35.58687822364406],[113.46208603587303,35.58680652439266],[113.46198807504048,35.58662574376138],[113.46130539842056,35.58536588639375],[113.46101953886037,35.58483832880887],[113.46086508205599,35.58456071839183],[113.46084859957175,35.58453109330201],[113.46015089974907,35.58327705761206],[113.45885016494528,35.582038426266976],[113.45870542767096,35.581900596906586],[113.45809701052669,35.581466522216424],[113.45775829671379,35.58122486339139],[113.45737906653287,35.58095429527915],[113.45737636960851,35.580866064972845],[113.45736558943227,35.58051338595814],[113.45707131874957,35.5803342011987],[113.45640422571435,35.57949587625125],[113.45617240554358,35.57900165096118],[113.45599218851987,35.57861743556802],[113.45555979841154,35.57807554994598],[113.45528970373006,35.5775923385021],[113.45490076212695,35.577278427606956],[113.45436439026754,35.57667548055882],[113.45417853590861,35.576408033022794],[113.45407443530215,35.57625823038497],[113.45366985315496,35.57567047523373],[113.45365844325232,35.5754165166959],[113.45364711325178,35.57516434145682],[113.45363729887856,35.574842702984824],[113.45338535003303,35.57439524288695],[113.45310545346067,35.57366988561908],[113.45308985857932,35.5735955394105],[113.45305512286612,35.57342995100961],[113.45296204306825,35.57298621716456],[113.45288687930454,35.57224394362913],[113.45282197187018,35.5713097888241],[113.45157762455499,35.57053718590144],[113.45070194144989,35.56999346531885],[113.4505491531969,35.56994294649313],[113.450088207224,35.56945440928092],[113.44923141029591,35.5689139768316],[113.4486278383331,35.56864016608792],[113.4482044520189,35.56853433912539],[113.44786985151488,35.568469617494436],[113.44722956040064,35.568669523609415],[113.4470024424798,35.568730405030784],[113.446649477335,35.568637445258744],[113.44643517520296,35.56849875824754],[113.44640985277515,35.56824180105],[113.44637999411819,35.5679595493952],[113.44655514189667,35.56783833996145],[113.44672096930707,35.56753458958889],[113.44677964611692,35.567161495700006],[113.44664717442528,35.56683519508299],[113.44627759090291,35.566771179221846],[113.44582096472026,35.566723233947435],[113.44525056026983,35.56696367533704],[113.44478827229942,35.56726332380617],[113.4435784994822,35.567309857800765],[113.44274317513342,35.567341980401764],[113.44111239675367,35.56744655238467],[113.4406382005584,35.56725165889675],[113.44018483958693,35.56706532481108],[113.43966630038108,35.56706288676859],[113.4394592620799,35.56706191229496],[113.43939117171878,35.56706159154209],[113.43865634606357,35.567076466772086],[113.43821505006697,35.56695666189997],[113.43835553789305,35.566654960674654],[113.43836297904902,35.56663898073887],[113.43842516275758,35.56659085054558],[113.43858855308139,35.56646438785617],[113.43863064237436,35.566401647646096],[113.43865034994938,35.566383501124434],[113.43875110700075,35.56624517515046],[113.43880401406348,35.56616111914071],[113.43883209649775,35.56610134745578],[113.43896664277112,35.56581497164982],[113.43901103262696,35.56572694591473],[113.43904211550822,35.565690709692696],[113.43908408683158,35.56559449925275],[113.43915016730189,35.565464425582526],[113.4386306942629,35.56515250327175],[113.43850940137244,35.56510343614934],[113.43844336427442,35.56507672166138],[113.4384418705189,35.565076118465655],[113.43829394759338,35.56501627848485],[113.437699536863,35.5650426098038],[113.43743757383376,35.56513622064881],[113.43739191722487,35.56515253570312],[113.43720575380641,35.56521906026322],[113.43709536972742,35.565258504797576],[113.43685092134302,35.565345855652026],[113.43668049783668,35.5654227617498],[113.43664318795898,35.5654395979178],[113.43581470803574,35.56581345335585],[113.43528607450037,35.56582413917961],[113.4340207572702,35.56568055134161],[113.43371026197356,35.56556585503612],[113.43368550643073,35.56555671039554],[113.43210913201443,35.56497438282605],[113.43114175196462,35.56411661155375],[113.43051429946242,35.563628628925926],[113.4299883702391,35.563024164892866],[113.42929938249064,35.56223703206897],[113.42920072064557,35.562098900263074],[113.42919936221541,35.562098465418394],[113.4280419700328,35.561728652553064],[113.42679346652181,35.56122034592665],[113.42612940066336,35.56084844174377],[113.42551453576213,35.56090527555116],[113.42475557272647,35.560994642924534],[113.42419616333001,35.56089832577371],[113.4233976312417,35.56106641584687],[113.42278053209628,35.56104918931805],[113.42229074512396,35.561044217917065],[113.4216532933247,35.56095330245404],[113.42122331298967,35.56096194317875],[113.42118935849474,35.56096262545023],[113.42091021880336,35.560968234036935],[113.42022196210488,35.56099687846432],[113.4193940572991,35.56120614366732],[113.41895120316264,35.56155585680031],[113.41858173107342,35.56193373148094],[113.41793460778216,35.56212453959793],[113.41691254185008,35.561907951098476],[113.41662956021457,35.56154316865067],[113.4160751678101,35.56119864544035],[113.4160084579543,35.561075264003094],[113.4154795732238,35.56102188181988],[113.41508996642314,35.56087234653611],[113.41445886531984,35.56084208198364],[113.41416145411499,35.56084804102558],[113.41368652016928,35.5607717306003],[113.41319509274601,35.560515158752196],[113.41303398675345,35.56134973868646],[113.41285829002264,35.56158746681103],[113.41268519286001,35.56182167814491],[113.41260846865858,35.56196585335564],[113.4125933313157,35.561994298592914],[113.41246976029431,35.56222650612447],[113.41243227873312,35.56272789902989],[113.41246220577338,35.563142118337794],[113.41235113868164,35.56360022264031],[113.41229741997851,35.56391283139334],[113.41187003321195,35.56425514900206],[113.41108665926396,35.564401947276295],[113.41027876347124,35.56470419264836],[113.40940932963103,35.56490038282443],[113.40928228818167,35.56492010507518],[113.40922938278598,35.56492831899115],[113.40810139763026,35.56510342472385],[113.408063516593,35.565109305111484],[113.40762868850419,35.56520381950316],[113.40757895335786,35.56516900507722],[113.40744987944173,35.565078655363465],[113.40738974598011,35.56504562543692],[113.40694481454162,35.56521206380037],[113.40674938499679,35.5651407586871],[113.4063938375212,35.565011030845945],[113.40576315541576,35.564747975120504],[113.40508630969038,35.56467667238804],[113.40466818155298,35.564578998653275],[113.40466300209174,35.56456959604439],[113.40444866683417,35.564180506133795],[113.40413949428485,35.56389994171263],[113.40396854039241,35.56374480635713],[113.4032739783981,35.56308013826755],[113.40243204924796,35.56269405519137],[113.40226397117824,35.56260725977196],[113.4020367055221,35.56248989853286],[113.40197028396962,35.562003534039924],[113.40193769865408,35.561811169737325],[113.40193222485806,35.561778853077165],[113.40181277690357,35.56107370483516],[113.40134849808145,35.56029841501588],[113.4010518438998,35.55992265698459],[113.40096202800842,35.559521573725426],[113.4008513379447,35.55929053640249],[113.40084185311937,35.558972667510076],[113.40093610174507,35.558652731784896],[113.40110688323182,35.55828886347306],[113.40128968254521,35.55745826980739],[113.4007729344996,35.55666281911445],[113.40034094621552,35.55609892053439],[113.4001973787608,35.555635294319536],[113.4001347686283,35.55527607571723],[113.40038081523058,35.55482589321102],[113.4006452055583,35.55412089849943],[113.40069096924647,35.55394090191405],[113.40080776156306,35.55348154386226],[113.40063947735017,35.553016229860575],[113.40060980496918,35.55293418633426],[113.40039825500486,35.55263723223329],[113.4002704608863,35.552457845420555],[113.40001403783536,35.55209789768981],[113.39990002479004,35.55203429571914],[113.39976325891716,35.55195800050782],[113.39975348970177,35.551952550912524],[113.39955911804277,35.55184412074415],[113.39875884559495,35.55136593696275],[113.39860780012962,35.55086247416284],[113.39840626260154,35.55069354443823],[113.39832447660172,35.55048517310963],[113.39752716584414,35.550105744574466],[113.39697414020233,35.549807922554066],[113.39666465911361,35.54956701951521],[113.39661051722936,35.549271626628595],[113.39661827221381,35.54902441424938],[113.39661202318614,35.54881453849353],[113.39661904193572,35.548542635013014],[113.39670232695003,35.548293920559345],[113.39674858982312,35.54811870164328],[113.39679740963484,35.54793379428923],[113.39671342434411,35.54765134820136],[113.39655207274262,35.54730867485481],[113.39611367004414,35.54679856972021],[113.39601902375047,35.546734983342404],[113.39586192225023,35.54662943701835],[113.39577435933347,35.54657060950318],[113.39567950464216,35.546453880678435],[113.39556964706522,35.54631868933944],[113.39550763969856,35.54624238246557],[113.39538378300607,35.546076949913484],[113.39522953838176,35.545870928102666],[113.39516135386847,35.54577985403479],[113.39499350283656,35.54570665860363],[113.3948091476176,35.5456262653572],[113.3947680157857,35.545549950528844],[113.39469716439939,35.54541849027608],[113.39462447531675,35.545285136450026],[113.39461722906218,35.54527184314383],[113.39461899219096,35.545264216808604],[113.39469757962779,35.544924365212424],[113.39457049286406,35.544716890069964],[113.39438518712481,35.5445846895886],[113.39392247664867,35.544272705617274],[113.39346344010644,35.54408417563153],[113.3930091762304,35.54405613700521],[113.39237438207061,35.54405638701739],[113.39179230673776,35.54379617551312],[113.39149393525481,35.54341915554772],[113.39129243262973,35.543250212397666],[113.39123208232044,35.54274493908486],[113.39113172836524,35.54251096688072],[113.39105345919887,35.542328482823976],[113.39093892419946,35.5420342847108],[113.3909728731127,35.541650669334764],[113.39063638125688,35.541604660905236],[113.39031730084639,35.54146794749005],[113.3899589953176,35.54118896990633],[113.38991934491145,35.54103240910765],[113.38980379262189,35.54067709571465],[113.38959442342637,35.54010907961483],[113.38909545275595,35.539217806413085],[113.38875560240173,35.538380593845815],[113.38872792672723,35.53824569334477],[113.3886328494962,35.53778225074313],[113.38882619132428,35.53722055460975],[113.38968483366975,35.536927345117036],[113.38989982990044,35.536532981291955],[113.38992321036166,35.53649009370914],[113.39041681066551,35.53558467120203],[113.39035935930512,35.53505551913206],[113.3903206825662,35.53469928135292],[113.39038309442078,35.533854095824694],[113.39074588091118,35.53251660903924],[113.39136279183016,35.5309899950269],[113.39141877504211,35.53093713452626],[113.3914525416394,35.53090525143906],[113.39157793412653,35.53078685202697],[113.39206256531999,35.53045033490595],[113.39240385361255,35.53021334960479],[113.3926942060962,35.52972377828666],[113.39299682078826,35.52904337245778],[113.39339558061522,35.52858096928088],[113.39372525415853,35.528207901486844],[113.3938927364188,35.527808732910785],[113.3941158239313,35.52757445338768],[113.39436231099674,35.52731559847055],[113.3948992169116,35.52667451613604],[113.39538713711462,35.52619567433045],[113.39564553344279,35.52583867877678],[113.39570589772708,35.52545629746579],[113.39582395448889,35.52520471707141],[113.39632847641107,35.52468155886945],[113.39651560584456,35.52434063913236],[113.3967363859709,35.52418022903474],[113.39675752970668,35.52416486569456],[113.39664718916849,35.52407894512545],[113.3963901457492,35.5240840551189],[113.39626247385415,35.52408659301755],[113.39592771941213,35.52412302813407],[113.39536566294679,35.524184201311286],[113.3952119913015,35.52419174824339],[113.39454227194649,35.52414132108094],[113.39372144507246,35.52407951183997],[113.3934583239946,35.52405969703948],[113.39283417859656,35.52391444285095],[113.39280523115526,35.52390770542822],[113.39279274209959,35.523909111169495],[113.39240076076344,35.5239532292962],[113.39203438076338,35.523989108968536],[113.39175866224103,35.52383723319243],[113.39158468362746,35.52357605689788],[113.39147577479626,35.52314909051011],[113.3913201689292,35.5226491444927],[113.39082878379399,35.522431759878856],[113.39075150571145,35.52239218571451],[113.3907031046961,35.52236739991247],[113.39048767832884,35.52238049314555],[113.39044139459918,35.5223833067214],[113.39037384314261,35.522387412400526],[113.38962097743375,35.522273344960766],[113.38896714992643,35.52217343356784],[113.38829217917706,35.52202556644124],[113.38742343761028,35.52199440118341],[113.38702020579946,35.522013969945284],[113.38630083173943,35.52204887644416],[113.38605745699148,35.52204936865303],[113.38605011589087,35.522049383299546],[113.38599585725585,35.52204949307633],[113.38598907822427,35.52204950650619],[113.38570368912356,35.52205008256855],[113.38564026760106,35.52205021042448],[113.38539362061584,35.52205070747725],[113.38472485668782,35.522112310425264],[113.38450641771163,35.52198169453524],[113.38428226491439,35.52166407468185],[113.38419406542323,35.52161311841503],[113.3841923610066,35.52161213393659],[113.3841877433675,35.52160946624387],[113.38415265579428,35.521589194528474],[113.38414803815778,35.52158652683415],[113.38370372580057,35.521329829354485],[113.38296630797764,35.521046402621565],[113.38227752756066,35.52113276813704],[113.3820028155975,35.52045666419812],[113.38142165912716,35.519597297919056],[113.38080038032939,35.518946967277785],[113.38034446223668,35.51840695760926],[113.37984002936903,35.51779217757511],[113.378870528901,35.51711084740765],[113.37820523959024,35.51653709608486],[113.37804414689775,35.51643865665147],[113.37787510964083,35.51633536203467],[113.37742972636384,35.51620719649027],[113.37680274987383,35.51631892387306],[113.3766296340079,35.51646745469582],[113.37656029771645,35.51679130632421],[113.3764102174704,35.51705225217631],[113.37593811440684,35.517093805653076],[113.37533633035522,35.51722227612158],[113.37447128249049,35.5171218462593],[113.37440597089291,35.51714043998435],[113.37382831628676,35.51730489154774],[113.3735204863354,35.51785996559299],[113.37372706275079,35.518154598349945],[113.3738347140354,35.518308135589045],[113.37380124907484,35.518744218312854],[113.37375593445309,35.518798816890836],[113.3735776237294,35.51901366232565],[113.37340139845293,35.51932003593073],[113.3735293735751,35.519734009996476],[113.37341615212127,35.520607087421034],[113.3733684576954,35.52134635508576],[113.37359904389184,35.522099075016264],[113.37383265703785,35.5233451049232],[113.37395621767483,35.524004122359166],[113.37404632632655,35.52414074853981],[113.37520311402112,35.52503559034075],[113.37567438794399,35.52560733788276],[113.37568109004005,35.525615469345944],[113.37573043831286,35.52567533761216],[113.37573798513367,35.52568449223765],[113.37591084649267,35.52589420388167],[113.37640747346576,35.52671406212271],[113.37685901265782,35.527191505743986],[113.37771404884751,35.52770390105551],[113.37814431372412,35.52805301976026],[113.37817361937664,35.528452961279456],[113.37796668747852,35.528466637054024],[113.37724800766028,35.528514131243746],[113.37709503879395,35.52835330165922],[113.37681256876074,35.52852763022402],[113.37680587213202,35.52853176292862],[113.37675900116652,35.52856068994139],[113.37675230453225,35.528564822643204],[113.37592010054477,35.52907841635107],[113.37544019122363,35.529374586127524],[113.37439275453652,35.53002411830523],[113.37401573084301,35.53030543397544],[113.3739992514841,35.53031773079333],[113.37397566819524,35.53070410825191],[113.37398553165907,35.53103876171253],[113.37431801474906,35.53131829780285],[113.37444057803782,35.53151852814334],[113.37446889667319,35.53178375960775],[113.37454677580541,35.5318126341407],[113.37577963987414,35.53258383927739],[113.37597510370763,35.53281858656269],[113.37586891131106,35.53317351754801],[113.37610422074337,35.53363615224539],[113.37594029212276,35.53401129391622],[113.37589840880757,35.53405545549864],[113.37524444520601,35.53474498958457],[113.3747633086199,35.53524319861132],[113.37418191662988,35.535564319319704],[113.37331420798355,35.53604357260079],[113.37314037297398,35.53618051476765],[113.37291471545913,35.5364164193227],[113.37291065917059,35.536420661130684],[113.37288211619111,35.53645049908146],[113.37287857000696,35.53645420733582],[113.3728756953824,35.53645721216468],[113.37250845785154,35.537411785154944],[113.37234428347196,35.538373402829045],[113.372224576337,35.539062362997186],[113.37179741736787,35.539414071479484],[113.37160563503251,35.54003292936768],[113.37127751891467,35.540182426939396],[113.37087188162126,35.54053275463908],[113.37037624132513,35.54096080517978],[113.37145504980735,35.54130635719251],[113.37157288958463,35.541344101949406],[113.37233301097524,35.541600922992785],[113.37274752552457,35.54200758694941],[113.37299808732368,35.54278938766066],[113.3731369608516,35.54334451846108],[113.37287690046509,35.54402193907926],[113.37278206327875,35.54436710795972],[113.37174990205462,35.54522842089096],[113.37155482129667,35.5458738414547],[113.3713572234077,35.54671359647334],[113.37135296405768,35.54673169857208],[113.37132167963016,35.54686465039487],[113.37126447887215,35.547264625502706],[113.37124149939727,35.54742531039349],[113.37120150590823,35.547497596465604],[113.37109702906601,35.547686432396496],[113.37112739445875,35.54779665056452],[113.37119855731686,35.54805495276204],[113.37121513818315,35.54861781312532],[113.37136755179877,35.54886676656968],[113.37132825791453,35.54921943648422],[113.3713245241982,35.5492529514983],[113.37093756682481,35.5496607245193],[113.37040909849196,35.55018984532206],[113.37013393315208,35.55069916199874],[113.37014003967434,35.55090653106597],[113.37038482370015,35.55121295170251],[113.37084449081743,35.55142622002825],[113.37117684900534,35.551627171067835],[113.37131201576103,35.55190610553126],[113.37176665957,35.55256408982422],[113.37197695024001,35.55293046850255],[113.3720944337279,35.553224570448464],[113.37237286287521,35.55344139990353],[113.37248022299106,35.55360678677634],[113.37257457755288,35.55375213798084],[113.37260084833983,35.55379260855823],[113.37263687788132,35.55439954739657],[113.37263316374788,35.554888703315505],[113.37271134379004,35.55507983340229],[113.37268557425311,35.55543603773794],[113.37262093197754,35.5557040829608],[113.37235777741088,35.55600567814437],[113.37213934721433,35.55627592434022],[113.37207780394846,35.55635206517894],[113.3720686784431,35.556463907226224],[113.37205115824682,35.5566786448374],[113.37188107603905,35.557051936079894],[113.37188081193469,35.557052515246035],[113.37174584401274,35.557396048229776],[113.37143484966444,35.55792089330808],[113.37123895177673,35.55824171368504],[113.37112341490321,35.55843092494378],[113.37065451056493,35.559136724110125],[113.37038848326375,35.55995709530764],[113.37048959175415,35.56031080323292],[113.37064769994909,35.560752313203906],[113.37091195425837,35.5611028109095],[113.37132035613696,35.56142082956085],[113.37147934459071,35.561891962690055],[113.3716132217497,35.56212645835255],[113.37189692219718,35.56252103311799],[113.37221819125998,35.56295932881634],[113.37239348379029,35.56321843930503],[113.37240040175482,35.56322866514496],[113.37244576865595,35.56329572441188],[113.37263927643536,35.56370689342136],[113.3728664198259,35.56402847533294],[113.37312938426298,35.56433453085221],[113.37357406677694,35.56465182667727],[113.37370257400812,35.56487191053845],[113.37376986247469,35.56499211004365],[113.37407175856704,35.565142408190084],[113.37460467756058,35.56520134965348],[113.37551777539717,35.56518335132686],[113.37630243798789,35.56513315727006],[113.37733671192,35.56526310297241],[113.37749671471575,35.56528320558256],[113.37760375351648,35.56529037877477],[113.3784973157876,35.565350261184776],[113.37919703785063,35.56530172493446],[113.3798538801275,35.56524736832845],[113.38002365465546,35.56523331775975],[113.3803214541154,35.56524479554507],[113.38047471863045,35.56539801349551],[113.3804994259715,35.565424879304764],[113.38069425598829,35.565636725833535],[113.38094016479681,35.566048522830464],[113.38126228481846,35.5661636820694],[113.38149562981836,35.5660917297291],[113.38168338847815,35.56603383419392],[113.38202636288865,35.56587888825579],[113.38216562553436,35.56581597317247],[113.38279444918544,35.56552576797464],[113.38326016485239,35.56521811678657],[113.38333627203869,35.56516783874965],[113.38335958393922,35.565167377637295],[113.38371849698778,35.565160277721915],[113.38406553393509,35.5651919737296],[113.38418720321218,35.565203086483706],[113.38446428243365,35.56523232442172],[113.38466711553761,35.56539653442182],[113.38500852417057,35.56567293029564],[113.38539641063485,35.56585621917073],[113.38565534521325,35.565989976947115],[113.38580707961216,35.566071437375356],[113.38593602994062,35.56614066567653],[113.38619445271264,35.56625707197018],[113.38641452257393,35.56651312334196],[113.38658955037319,35.56668326347838],[113.38672622780038,35.56699304722333],[113.38673037157842,35.567132700832744],[113.38673446493723,35.567270654266935],[113.38657282002836,35.567551626353506],[113.38618917198569,35.56820148895449],[113.38618705914983,35.56820216242978],[113.38596428824549,35.568273178340256],[113.38549544819278,35.568422636192935],[113.38492934380201,35.56851966836519],[113.38450828655563,35.568703813800845],[113.38397013242712,35.56893916811531],[113.38334574887928,35.56913747459781],[113.38280521234465,35.569398495736],[113.38275889709975,35.56942086104903],[113.3819716013676,35.57003005081071],[113.3814760420274,35.57020864591562],[113.38139104741215,35.57023927643291],[113.38127869561957,35.570279767090135],[113.38117196594095,35.570252351029126],[113.38099966196093,35.57020809182407],[113.38096145949632,35.57019827841329],[113.38068529005831,35.57035900365164],[113.37983276521445,35.570271682353216],[113.37919106237635,35.57012810989855],[113.37844215664195,35.56995192847803],[113.37777922271638,35.56980876749849],[113.37694999244589,35.569790407658125],[113.37618703356671,35.56985753917807],[113.37519662472863,35.57013747807554],[113.37488627970549,35.57042136744785],[113.37535148028037,35.57144958546952],[113.37545459520743,35.57167749306843],[113.37581078146329,35.57222601143836],[113.37600507147367,35.57248364093793],[113.37602038002669,35.57250393874238],[113.37612039854969,35.57263656171218],[113.37650398328769,35.57339286542065],[113.37678826832975,35.57366502813055],[113.3777613778371,35.57423608992548],[113.37682165476666,35.57438009669265],[113.37655296693,35.5744712225324],[113.3762953749656,35.574498126788825],[113.37580265322326,35.57455754123164],[113.37538761062144,35.574732251702216],[113.37463291701664,35.574966815648345],[113.37369275468242,35.575122260071495],[113.37315761303691,35.57538412655567],[113.37251906551836,35.57538221314626],[113.37158169301875,35.57537939863667],[113.37125677455576,35.57527863721626],[113.36947723926701,35.57472675490929],[113.36883779589002,35.57437999355129],[113.36824609730458,35.57410554169157],[113.36780793884842,35.57409031284977],[113.36762573997409,35.57434421787624],[113.36767034791538,35.57451972931846],[113.36770824999311,35.57466885380816],[113.36774646986032,35.57470987613051],[113.36800958322885,35.57499228308807],[113.36863747083788,35.57550442793777],[113.36868902048737,35.575557852983344],[113.36896579804854,35.575844699722985],[113.36949533291228,35.57639349100374],[113.36951336728679,35.57644242895384],[113.36984423196745,35.577340240903574],[113.36967624089677,35.57857132164192],[113.3694276074678,35.57954174498564],[113.36876923883341,35.580472544284255],[113.3686037466779,35.58071679826099],[113.36843363435077,35.58096786916174],[113.36829969549444,35.58117187259359],[113.36827163395134,35.58121461392745],[113.36812007486287,35.58144545431104],[113.36783603263882,35.581980910279725],[113.36795500543353,35.58244669763904],[113.36798447679455,35.58256208025355],[113.36844396359808,35.58280275250626],[113.36853283873796,35.58284930391318],[113.36898211872773,35.58274510844654],[113.36916394202055,35.582583670475294],[113.36916959264127,35.58257865315433],[113.36920622335369,35.58254612944637],[113.36934026554476,35.582427115048695],[113.36938027227004,35.58239159288838],[113.36953038145637,35.58238597244042],[113.36957714222672,35.58238422101376],[113.36963066575002,35.58238221670571],[113.36992533757315,35.58237118142715],[113.36993654831723,35.58244877698031],[113.37006240608116,35.5824989841834],[113.37041495111453,35.58263962280605],[113.37062684938378,35.58269982203631],[113.371066848151,35.58268025375999],[113.3713426690262,35.58313643376432],[113.37152153707254,35.58326403458537],[113.37186152806713,35.58341230274775],[113.37220081609276,35.58353674391745],[113.37266960021977,35.58359903224755],[113.37334985954755,35.5834294189287],[113.37471853071881,35.583385742983474],[113.37478871868299,35.58338350337892],[113.37668930401094,35.583322826089166],[113.37716577070658,35.58314629568582],[113.3773733861624,35.5830693744704],[113.37753466753864,35.58300961858825],[113.3775760193147,35.58293973114187],[113.37779871420123,35.582563362325374],[113.37785284505698,35.58239313099324],[113.37790551435658,35.58222749047191],[113.37865609006855,35.581950430124664],[113.37898868307606,35.58184850153656],[113.37905661359486,35.58188546250652],[113.37908424948864,35.581900499389306],[113.37923691748256,35.581983567321565],[113.37928653672255,35.581973432733314],[113.3796139139636,35.58190656683482],[113.37969353172846,35.581890304404986],[113.37980106644346,35.58189178883183],[113.38054603675423,35.58190206941724],[113.38119399981747,35.581708078052905],[113.38182464527047,35.58132370273556],[113.38229365121397,35.580999737883296],[113.38292428570922,35.580615357183916],[113.38369773654017,35.58032350939117],[113.38421787296522,35.58055311018224],[113.38477626334756,35.58068509923248],[113.38519846107414,35.58065290104156],[113.38555949881446,35.58052655065566],[113.38658759487531,35.58039585518305],[113.38684077463523,35.5804233912248],[113.38743193559547,35.580632988524414],[113.38766244160136,35.580714714806625],[113.3877122211564,35.5807323635356],[113.38798131233587,35.58082776903175],[113.38830222456119,35.58089378447762],[113.38857582497728,35.58095006609148],[113.3889164640681,35.58102013809099],[113.3895632150683,35.58037329687923],[113.38982351303189,35.580211110781285],[113.39025086379021,35.57994483547262],[113.39121594137737,35.57942503972486],[113.3919483537365,35.57932467487556],[113.39239151640719,35.57948121165685],[113.39240843598124,35.57948718835051],[113.39241467098337,35.57950053239312],[113.3925570452026,35.57980521583868],[113.39296501453474,35.57988665379374],[113.39321502981547,35.57993656075167],[113.3938295159203,35.580090435505454],[113.39444395864265,35.58024429531904],[113.39452078862888,35.580257248856],[113.39566988679185,35.58045098548765],[113.3964187993468,35.58066715385179],[113.39711256237987,35.580812207314565],[113.39739997464471,35.580965344033665],[113.3972478543233,35.5811994348038],[113.39748398796787,35.58141135735104],[113.39808683775877,35.581471565806034],[113.39907622115219,35.581451866653616],[113.3992408285847,35.58163632721985],[113.39937960833602,35.58172984195772],[113.39951144219755,35.58181867612044],[113.39959238398359,35.58190397812067],[113.39976697494834,35.582087973245144],[113.39991736399764,35.582388248199486],[113.39990874499881,35.58269169077203],[113.39998674099232,35.58293564125173],[113.40038276002615,35.583173255186296],[113.40061847779812,35.58337073858849],[113.40082273916374,35.583698821472645],[113.40103045096033,35.5841423663795],[113.4010688124152,35.58483479065965],[113.4012386053735,35.58519244247863],[113.40143426027325,35.58582396538767],[113.40166051313348,35.586296022968234],[113.40177245626542,35.586474197867624],[113.4019203808498,35.586709643319956],[113.40250432858942,35.587318979290714],[113.40311585561837,35.58766781709625],[113.40329378134894,35.58796594837591],[113.40361838024516,35.58850983551967],[113.40400331389753,35.58892963946519],[113.40429458617716,35.589247294022584],[113.40487727523083,35.58981331901304],[113.40560003148818,35.59033321922158],[113.40640595899698,35.590678156919736],[113.40682781211389,35.59092854589101],[113.40701796049835,35.591041405341734],[113.40746921132974,35.59135009806639],[113.40787950356184,35.591471869662904],[113.40817303018177,35.59182703698629],[113.40795629785757,35.59226461242545],[113.40788654515003,35.59288698748577],[113.4080796274429,35.59364807111891],[113.40808703154991,35.59367725632195],[113.4082025686994,35.59399265710276],[113.40850607234225,35.59447078370074],[113.4085737091146,35.594577333857615],[113.40917666333044,35.59463748156963],[113.40970547363212,35.594583579712264],[113.41020067532465,35.594588112545594],[113.41024380820696,35.594847194566626],[113.41032964200078,35.59535092536829],[113.41040855083482,35.5956237331453],[113.41052591373702,35.59573448865777],[113.41066329828554,35.59586413809791],[113.41100370793912,35.59595281534564],[113.4111266314292,35.59598483641262],[113.41169165721568,35.59595908248622],[113.41197189540244,35.59590744070448],[113.41213125424996,35.59587807343633],[113.412566951268,35.595667167539254],[113.41288068624267,35.595516468730125],[113.41311343610528,35.59561289568944],[113.41326183754151,35.596433080653156],[113.41335246212233,35.59709556879115],[113.4137387246492,35.59759327648778],[113.41406807581691,35.59796215203068],[113.41438962319413,35.59807123738288],[113.41498523046414,35.59788599968505],[113.41700740272329,35.597513285004624],[113.41755129026637,35.59737239704318],[113.418062006134,35.59730437963961],[113.41855678860445,35.59729444437824],[113.4191244253487,35.597355251728224],[113.41960197114815,35.597360101019774],[113.42050491946425,35.5973997235276],[113.42091308702994,35.59744928530576],[113.42128895814619,35.5976005845152],[113.42141961341409,35.597829019594066],[113.4214189059294,35.59839224589147],[113.42149149397797,35.599040647247854],[113.42171920944848,35.59955595729092],[113.42173803275327,35.599582349380334],[113.42192229467462,35.59984070047638],[113.42214522891372,35.60019725102288],[113.4225721258423,35.600867407990805],[113.42279550127094,35.60123838913595],[113.42326497529619,35.601561095032764],[113.42394782052766,35.601922828250984],[113.42404358301091,35.602166403151706],[113.42408937892904,35.6025120739999],[113.42420673497936,35.602885186086446],[113.42450124627926,35.60326917354551],[113.4248439857933,35.603493334680536],[113.42495382971299,35.60352880956146],[113.42540306204207,35.60367389203194],[113.42543326421912,35.603683646553584],[113.42575615615822,35.60383599787882],[113.42592217926982,35.604063715054984],[113.42603475150477,35.60427806698613],[113.42608055769333,35.604623736581104],[113.42624963507805,35.604952480147006],[113.42666525618347,35.60524737429597],[113.4271092473336,35.605310633124155],[113.427431276577,35.60543411458478],[113.4276265394687,35.60570576515689],[113.42813148137068,35.60612442016324],[113.42821110613131,35.6061904379601],[113.42823297240204,35.60620856730779],[113.42830529686633,35.60626853224447],[113.42830788189855,35.606282143342355],[113.42831131877676,35.60630024601875],[113.42837384858721,35.60662957402863],[113.42850349014975,35.60731235806722],[113.4285156251504,35.607376271198845],[113.42853430591792,35.607697785634805],[113.42855250038038,35.60801094559732],[113.42866290236596,35.608153131746676],[113.4291970224773,35.60827233076014],[113.43017296984705,35.60838261233132],[113.4304454914632,35.60862261435693],[113.43071997300027,35.608775738565456],[113.43073965694091,35.60878671945878],[113.43081222461562,35.60882720212821],[113.43084887213753,35.608847647396196],[113.4308951826042,35.608873481278934],[113.43092776655809,35.6089133923898],[113.43094469852693,35.608934132884116],[113.43111556072581,35.60914341762701],[113.4311583354408,35.60938805571771],[113.43102699688349,35.6097228570786],[113.43097188275564,35.60976542329739],[113.43095431639767,35.60977899058997],[113.4307420047292,35.609942964692756],[113.43072139788441,35.609958880135466],[113.43068139275772,35.609989776577436],[113.43060482055033,35.61038123705933],[113.43068468783116,35.610682891601996],[113.43168664353247,35.61106702018739],[113.43179095833547,35.6110958181305],[113.43217241435853,35.6112011251868],[113.43241782001597,35.61126887253395],[113.43251928747542,35.61130477248986],[113.4333831312215,35.61161040177195],[113.43399453696837,35.61194463690172],[113.43438506210252,35.612360014401354],[113.43436892875503,35.61276057720727],[113.4342988179211,35.61304376038857],[113.43416605329512,35.61358000139076],[113.4337500666925,35.61430360489063],[113.43327678875357,35.614871020899386],[113.43317738183153,35.61505898011654],[113.433082347914,35.615742908246816],[113.43296434714024,35.61612177345779],[113.43295593732772,35.61642232535523],[113.43311912920765,35.61660497855121],[113.433710692724,35.61673471871852],[113.43469254118197,35.61707858033246],[113.43587006920981,35.61739805913078],[113.43632340842544,35.617713108738755],[113.43678080078536,35.618161577879846],[113.43677169937573,35.61855952846437],[113.43676072792526,35.61903928955475],[113.43651383844092,35.6203360479149],[113.43601701687247,35.62320687567766],[113.43591771355847,35.62396852021111],[113.43581354427332,35.62476747454286],[113.43623145803204,35.625458136281296],[113.43648052834824,35.62596803631159],[113.43663615031927,35.62635973009191],[113.43664166474949,35.62637360962327],[113.43678763310109,35.626535184612315],[113.43730060497231,35.62683740704281],[113.43760669304864,35.62696283409298],[113.43789463953598,35.627154439481785],[113.43820322736312,35.62736207887214],[113.43851481328663,35.62766837394613],[113.43880676181027,35.62799151955024],[113.43926183167146,35.62837717056207],[113.44008542274487,35.62895278684581],[113.44070362413173,35.62940093848619],[113.44105350784197,35.62964063844182],[113.44156751692803,35.629975727120126],[113.44235949039773,35.630173550717814],[113.44279645053763,35.63062536763283],[113.44321177242377,35.631028262059914],[113.44334162764427,35.631321779818066],[113.44334192052217,35.631322663184775],[113.4433780370013,35.63143170735096],[113.44356356161195,35.63199184411782],[113.44355543844567,35.632386878102245],[113.4435906010264,35.63287975145434],[113.44361711399918,35.633236737659],[113.44362476382051,35.63333973966943],[113.4436423877964,35.63341089167916],[113.4436645985509,35.633500556719085],[113.4436937003544,35.63361803973598],[113.44399120135004,35.634122040308725],[113.44446943805232,35.63439647398593],[113.44449566118172,35.63441152202717],[113.44454503288341,35.63443985324631],[113.44515879204215,35.6347399937159],[113.44583197779393,35.635006018298554],[113.44674536021556,35.635217798654296],[113.44816830506015,35.63561664551164],[113.44842642483397,35.63567361990465],[113.44868120467265,35.63572985615589],[113.44862631497959,35.635886884559426],[113.44859183924736,35.63592930219539],[113.44831108117228,35.636274730948685],[113.4484996076797,35.63632811255092],[113.4486789687917,35.636283482390084],[113.44891695768732,35.63622426388044],[113.44942420676043,35.6360041558308],[113.44976743753367,35.63576831056683],[113.45052393369743,35.63529519255112],[113.45107379035397,35.63494070784198],[113.45123815138571,35.63490924412254],[113.4516312131982,35.63483399892537],[113.45202638533104,35.63475881669573],[113.45211051779948,35.63474281019591],[113.45230478794159,35.6347058495956],[113.45233326335378,35.63468458120083],[113.45242394666333,35.63461684855612],[113.452673966788,35.63443010568114],[113.45274734617911,35.634366680812654],[113.45298888807602,35.63415790436378],[113.45326282746643,35.63403402825524],[113.45334219446755,35.63399813877321],[113.45351887543929,35.633918243318014],[113.45368696640901,35.634067391087925],[113.45369571060499,35.634353288906176],[113.45360931569111,35.63458391089835],[113.45335991935164,35.634947430538375],[113.45331186900464,35.63501746759697],[113.45330750059985,35.63502707050003],[113.45324017945141,35.63517507365362],[113.45323981130946,35.63517588396538],[113.453235684915,35.63518495573796],[113.45324368922473,35.63526599986573],[113.45327468178598,35.635579795852415],[113.45327482249307,35.635581221103564],[113.45329456708723,35.63578112655126],[113.45328969517591,35.635940192983746],[113.45328965977112,35.63594134521018],[113.45328944883249,35.63594823511185],[113.4532882632365,35.6359869220868],[113.45328439545035,35.63611320602591],[113.45333656302282,35.63622366680967],[113.45333778095497,35.63622624684158],[113.453393064151,35.63634330174792],[113.45340422079666,35.6367081347496],[113.4538252116928,35.637180768977586],[113.45425330897025,35.637885566882765],[113.4544412113955,35.638047672472204],[113.45481194407508,35.63820604971025],[113.45483821214964,35.63823487111152],[113.45495008255814,35.63835762083333],[113.45506434482893,35.63848299318902],[113.4550669897695,35.63856942008609],[113.45507297239044,35.63876490869763],[113.4548225846847,35.63921804266482],[113.45481191231558,35.639533538119295],[113.45498153453367,35.63976239005402],[113.455351769815,35.639904181470854],[113.45570169090192,35.64004638611615],[113.45594573118565,35.64016139194221],[113.45607294304577,35.64022134178004],[113.45632129130327,35.64036561685744],[113.45661535015144,35.640674894902524],[113.456646838883,35.641039311269886],[113.45686675058676,35.64158241162354],[113.4569438026013,35.64193605787405],[113.45703232459067,35.64234233725126],[113.45716793358419,35.642787595773534],[113.45729693851624,35.64301727315677],[113.45758847074845,35.64324363146875],[113.45765602286795,35.64345796893795],[113.45762301324774,35.64370754672245],[113.45749858684772,35.64429086230724],[113.45749501105254,35.644563811654095],[113.45749466740807,35.64459009869408],[113.45749249861701,35.64475560701892],[113.45749860562255,35.64561834862676],[113.45743410864802,35.6461672533204],[113.45737418419526,35.64686540668341],[113.45745393624188,35.64747774085113],[113.45757076512575,35.64797316308545],[113.45760663016677,35.64804135065117],[113.45776938182021,35.64835078290137],[113.45778663992228,35.648383594306615],[113.45821432859695,35.64907179128176],[113.45826838795521,35.649113761334526],[113.45868598780064,35.64943796997952],[113.4588180220986,35.6495404749107],[113.45889853606388,35.649541551259425],[113.459332210882,35.64937852889637],[113.45934410619527,35.649377259594175],[113.45948951740883,35.649361755326],[113.4594826452328,35.64913769090512],[113.45952923051598,35.64868562897478],[113.45954292918479,35.64855269216113],[113.45962192887582,35.64821358803618],[113.45971740781326,35.64804745255806],[113.45998849900583,35.64777739349614],[113.46041316028776,35.64777783502746],[113.46087219459788,35.64787402000191],[113.4612874970721,35.64777938244171],[113.46167307387759,35.64777779220496],[113.46172554439646,35.64777757689681],[113.46202324911238,35.647837894898515],[113.46205040118049,35.64784339707576],[113.46207822079901,35.647849033359485],[113.46222833176446,35.64795553832559],[113.46252312691843,35.648164695112094],[113.4627087768225,35.64829641358433],[113.46280294534509,35.64842860515539],[113.46284071832667,35.64848163115183],[113.46290731113348,35.648575113297674],[113.46290731097274,35.648577480273794],[113.46290734208466,35.64893996615258],[113.4629075359456,35.648942612078095],[113.4629266288852,35.649204090395656],[113.46282232277564,35.64930968484135],[113.46272387470573,35.64940934598106],[113.46259889638515,35.649363963435505],[113.46239826268088,35.64929442335323],[113.46239821697951,35.64929440897085],[113.46198899406582,35.649152571202336],[113.46187782767302,35.649146607821855],[113.46147409606237,35.64912495893282],[113.46096387874137,35.64924982169873],[113.46089636108655,35.649408776593035],[113.46089733187806,35.64940965506016],[113.46102554988671,35.6495257363848],[113.4611755159622,35.65004258703518],[113.46117505820624,35.65004295860412],[113.46077208121177,35.65037008317583],[113.4605908906921,35.65065654917276],[113.46058587662728,35.65085732092436],[113.46059314946939,35.651094327303],[113.46059328994666,35.65109545160434],[113.4606079539286,35.65121260218361],[113.46060786544807,35.65121306441241],[113.46056943474855,35.65141405885429],[113.46038555036533,35.65160638634788],[113.46016125439431,35.651951441222344],[113.46012668065048,35.652072705839366],[113.46009062671472,35.65219916082757],[113.46009124972025,35.652200288782446],[113.46018528934205,35.65237053133249],[113.46044692248006,35.65252024669394],[113.46072893468194,35.652605695134426],[113.46092069196979,35.652617395608644],[113.4609273059027,35.65262625073317],[113.46147031298821,35.652893862568234],[113.46178495713536,35.65316178999073],[113.46200390856718,35.65344338628556],[113.46206290371607,35.653842684290815],[113.46206279557131,35.65384344065418],[113.46198588101053,35.654378265530404],[113.46188023699598,35.65474278751234],[113.46147392961556,35.655208816850575],[113.46146256513404,35.655262102043025],[113.461451590606,35.65531356190829],[113.46142855943161,35.655421545856264],[113.46139222091402,35.65559192165032],[113.46142669252687,35.65595357774735],[113.46149284514118,35.656069016464265],[113.46154323408425,35.65615694963096],[113.46159952909206,35.65625518854748],[113.46168696685098,35.656311686991536],[113.46202866818656,35.65653248461908],[113.46234615601277,35.6567058272094],[113.46243270026783,35.65675307911523],[113.46254546164444,35.65694877672854],[113.4625740468394,35.65699838659144],[113.46270422589137,35.65722431356259],[113.46270349854703,35.65722543399243],[113.46268809228911,35.657249157635924],[113.46250341127373,35.657533568737875],[113.46240995847761,35.65756924003693],[113.46217371098979,35.65765941574425],[113.46213385097312,35.657674631213986],[113.4619979442823,35.657718682446514],[113.46141727963219,35.658485895701375],[113.46081955452584,35.659236958399916],[113.4598295324156,35.659848269190654],[113.45887890045456,35.66005768324131],[113.45817770908931,35.65996645815976],[113.45795933033206,35.6598090838844],[113.45780739673835,35.659699594691475],[113.45745970228644,35.659326719430055],[113.4571417423026,35.659079893852045],[113.4567634166401,35.658965259816775],[113.45675011324042,35.658961230817276],[113.45625831790791,35.65895015866758],[113.45563164765417,35.65910033089121],[113.45548798880911,35.65913475609209],[113.45541152412089,35.659157305316675],[113.45536539799878,35.65917090745012],[113.45525971061505,35.659202073611034],[113.45521214454322,35.65921610060866],[113.45494966154558,35.65929350572234],[113.45456191012798,35.659301414316054],[113.45412439663455,35.659373666212815],[113.45341566709145,35.65957374345558],[113.4534134023908,35.65957438249134],[113.45324137118168,35.659841382070454],[113.45298330023326,35.66062966393636],[113.45297422825992,35.660657373139195],[113.45297425462984,35.660660904592795],[113.4529770001247,35.66102791169652],[113.45298367773746,35.66192067814884],[113.45294201440227,35.66218443535131],[113.45296280869506,35.662386647756634],[113.45303871020273,35.662480459046435],[113.45327962969354,35.66252718198798],[113.45332069603872,35.662527219751134],[113.45337242480085,35.66270913313804],[113.45408093240182,35.663020638209304],[113.45555742089044,35.6634115399373],[113.45681022017966,35.66356252865679],[113.45846926656698,35.663936086175816],[113.45895908801248,35.664170541956736],[113.45940202678985,35.66469878315714],[113.46029432539945,35.66521693409322],[113.46029969994515,35.66521926236765],[113.4603352437728,35.66523465940014],[113.46134537831075,35.66567223185539],[113.46187885266167,35.66590891442089],[113.46224200641521,35.66607002973261],[113.463128289855,35.666360629636976],[113.46341183657198,35.66645359872866],[113.46388057043103,35.666563449606464],[113.46436890599524,35.666677891556525],[113.46529374548977,35.666684543565],[113.46532704925542,35.66669031348316],[113.4655665031314,35.666731801996555],[113.46578788331486,35.66677015810812],[113.4660275790236,35.66677478293614],[113.46615750457964,35.66681979946758],[113.46634743527058,35.66691603235719],[113.46767705444536,35.66764437754585],[113.46836319948474,35.66791637953396],[113.46860390909332,35.66821577746038],[113.46865480203321,35.668279080263474],[113.46872613668084,35.6683678056701],[113.46880064620433,35.668460481715606],[113.46935429612046,35.66898312598321],[113.46991206681194,35.669639183388774],[113.47007298712654,35.66980911467626],[113.47017780807352,35.66991980237267],[113.47018626064236,35.66992277790874],[113.47027111450689,35.669952647235036],[113.47033889804,35.66997650667294],[113.47048497628481,35.670027926347196],[113.470672670765,35.66999216625608],[113.4708730175233,35.66995399627303],[113.47112548309065,35.66990589516064],[113.47180639786137,35.66981791962707],[113.47193445338367,35.66980137490384],[113.47203744894242,35.669788066797494],[113.47220419500572,35.669766521961854],[113.472535716007,35.66972368654188],[113.47242123338788,35.669539370474055],[113.47206486648122,35.66896561762855],[113.4715987476693,35.668250472835155],[113.47134519626084,35.667607246991054],[113.47123766450551,35.66715173774877],[113.47124985268562,35.666789127817175],[113.47128221204875,35.66611006777699],[113.47170737509164,35.665370189971796],[113.47182441745092,35.66522046673482],[113.47239842621975,35.664486168224364],[113.47267845816181,35.66410745663336],[113.47306572246339,35.663583721275245],[113.47352592854428,35.663025245388155],[113.47355708588134,35.66298743550089],[113.47382504603134,35.66266046960282],[113.4739337224962,35.662585779769174],[113.47437811974882,35.662280357260485],[113.47447831262194,35.662211497032686],[113.47450573008248,35.66219265264656],[113.47456919610734,35.66217232821412],[113.47462871538023,35.662153266130424],[113.47474341473827,35.662116533066936],[113.47482437606253,35.66209060574907],[113.4757676402158,35.66178851495611],[113.47583180051913,35.66162923667634],[113.47583406045544,35.66136745040351],[113.47582884782778,35.661198693372945],[113.47581045729602,35.66115718630305],[113.47576698514042,35.66105906916076],[113.4757176360451,35.66094768473895],[113.4757309211882,35.66087894887032],[113.47576491849603,35.66070305561448],[113.4757979189185,35.66053231592704],[113.47590921819715,35.66011630898214]]],[[[113.48096109507887,35.67690421552144],[113.48123358302851,35.676457921996715],[113.4812341064138,35.676457065155866],[113.48123467179403,35.67645613807127],[113.4814504911287,35.67610265613204],[113.48222667620011,35.67550496673675],[113.48278314653591,35.67535998548891],[113.48335182092598,35.67538473973208],[113.48345915177042,35.675345624659926],[113.48364977045796,35.67533389845578],[113.48365102914143,35.67533382201966],[113.48352138118035,35.67452825256649],[113.48314887952625,35.67306743623151],[113.48275894120837,35.67179769208281],[113.48259595972777,35.67041299315694],[113.48256860087365,35.67018054184844],[113.48251740442444,35.6690329374764],[113.48249209946694,35.66846568490891],[113.48246671770508,35.66832591662937],[113.48243377834993,35.66814452527315],[113.48232303025979,35.66753466842436],[113.48236738064325,35.66629208211951],[113.48228973176865,35.66600551793196],[113.48197923555021,35.664963874831344],[113.48197858521897,35.664844298819645],[113.48161647258897,35.66439704220331],[113.48159023704446,35.66433952832757],[113.48135396131305,35.66382155495327],[113.48098254918058,35.66332092460296],[113.4808829583546,35.6629780685555],[113.48063112555481,35.662747268432234],[113.48035818747896,35.66255320989918],[113.48019864729558,35.66242942636914],[113.48018985109742,35.66242407272839],[113.47956675288836,35.662044898004666],[113.47956385656046,35.662043137633454],[113.47922647749189,35.66192301575203],[113.47880018062799,35.66180472524616],[113.47879201508495,35.66178066700885],[113.47867780985106,35.66144418267017],[113.47887002451124,35.66118607968589],[113.4790360789949,35.660801442787324],[113.47913768929706,35.66049074667622],[113.47928768466873,35.660306125327466],[113.47950315460616,35.66007817763671],[113.47953870178932,35.660040572253195],[113.47956769032501,35.66000990643082],[113.47979310058003,35.659802551514076],[113.4798704828915,35.65973137008233],[113.47988673768327,35.65965507530247],[113.47992875272725,35.65945787266362],[113.47996984375816,35.65934810707351],[113.4799842147993,35.65909366688245],[113.48004446067588,35.65903675819894],[113.48019913738669,35.65889065489383],[113.48020033244075,35.65888952922946],[113.48020656806368,35.658885143444394],[113.48028846325317,35.65882758396964],[113.48043980130304,35.65872121533956],[113.48045866169353,35.65861190775371],[113.48036300944072,35.65839604131079],[113.48026848034398,35.65821645792659],[113.48019449730862,35.65798199205914],[113.48019782470986,35.65792932057783],[113.48020606339351,35.657798951787974],[113.48020942891931,35.65774569296054],[113.48035773416383,35.6575066461857],[113.48067005947132,35.657536515490726],[113.48070788901818,35.657504040857354],[113.48073374788514,35.657481843019966],[113.48093006617329,35.65731331838762],[113.48093270528135,35.65729949471492],[113.48095126221223,35.65720231372497],[113.48100662901916,35.656912370892904],[113.48098934138515,35.65683916499453],[113.48096431654845,35.65673319648784],[113.48095543466593,35.65669558840678],[113.48100162614362,35.65662900017881],[113.48114706981612,35.65641934032502],[113.4811614663123,35.65641539624327],[113.48143379284308,35.656340816624486],[113.48151861584452,35.65641568806945],[113.48177432182149,35.656641392869545],[113.48205828880505,35.65689204085604],[113.48237436896079,35.657265384259716],[113.48264954017247,35.65753200510204],[113.48280176950243,35.65741994603429],[113.48279558906432,35.65722038944483],[113.48279390348308,35.65716596434613],[113.48249762870655,35.656936085379215],[113.48247086215012,35.65686819929126],[113.48245728049987,35.65683374991269],[113.48237693553408,35.656629971791226],[113.48227077297393,35.65637819755433],[113.48223982192701,35.65630479520994],[113.48226948479535,35.6560331337206],[113.48218145513381,35.655345129665136],[113.48221130764487,35.654872532167914],[113.48226507343664,35.654453901359275],[113.48236385489537,35.654052494798],[113.48248654881066,35.6537050539512],[113.48268684376582,35.653392447478446],[113.48280479510113,35.65320835500269],[113.48321644197812,35.6528549535139],[113.48354592020767,35.652721083030364],[113.48407319453524,35.652510517063554],[113.48478264872998,35.652120441986206],[113.48507035314066,35.65219957130265],[113.48466295294753,35.651445462529836],[113.48427047948795,35.65098158185071],[113.48407299399972,35.650350297896374],[113.48405960390964,35.65031695295258],[113.48385609450742,35.649810179444756],[113.48377480540088,35.64933987487591],[113.4837059266172,35.648627867906946],[113.4836766599271,35.64832532330833],[113.4835659558496,35.647945805983525],[113.48354220327508,35.64786437686674],[113.48349990737799,35.647719374631286],[113.48348291033004,35.64766110541133],[113.48348266707382,35.64766027248811],[113.4834029578579,35.64738700713809],[113.48331947090513,35.64664707861053],[113.48331689360127,35.64662423433336],[113.48331674151895,35.64662288775311],[113.48328520949056,35.64634342136973],[113.48328065933443,35.646303099390245],[113.48328056777368,35.646302281357094],[113.48328045544356,35.646301291658915],[113.4832803489201,35.64630034689158],[113.48320163778904,35.645983305719035],[113.48312789743429,35.645686284259554],[113.48311119350306,35.64514677314866],[113.48311115023593,35.64514537566835],[113.48310872393546,35.64506700871807],[113.48309031764917,35.64447249516141],[113.4830902651003,35.64447079783491],[113.48304484584115,35.64427957738795],[113.48304357914802,35.64427424518941],[113.4829979620169,35.64408218725022],[113.48299614567884,35.644074539070516],[113.48288907953726,35.64362375929916],[113.48285551851795,35.64348246078853],[113.48283942464633,35.64341470043148],[113.48283175331203,35.643382398739256],[113.48245097389186,35.64177916078765],[113.4823024171908,35.64127567326537],[113.48230190679303,35.64127394663507],[113.48240516835841,35.64101767271495],[113.48315292689355,35.64074810497817],[113.48393612820465,35.640522748420686],[113.48396847513999,35.64051344113975],[113.48398540457379,35.64050431052712],[113.48449342231608,35.64023030990023],[113.48461792728062,35.64009020045714],[113.4850521352116,35.63960156956493],[113.48506663980557,35.639569649967086],[113.48515166166821,35.639382551776556],[113.48527852695211,35.63910337825718],[113.4853019250185,35.63905188791405],[113.48530195706479,35.63905181787439],[113.485242335099,35.638562912618454],[113.48514220141038,35.638201916289376],[113.484997060315,35.637823696185556],[113.48485192068625,35.637445475829935],[113.48460128642466,35.63725096350814],[113.48448342860766,35.63703555773927],[113.48405565048593,35.636773911794094],[113.48405276593122,35.63677214766214],[113.48434312279896,35.63669311888242],[113.48484660988765,35.636556079163334],[113.48590487553075,35.63626193377082],[113.48714260149028,35.6360185298792],[113.4880332194021,35.63593229015316],[113.48809592571051,35.6359262178988],[113.48856372721946,35.63595285491733],[113.48873934194594,35.63602543134755],[113.48885656055293,35.63607387291754],[113.48916346745843,35.636648428705364],[113.48931240566375,35.63698456244976],[113.48933084785094,35.6370261845248],[113.48936813788266,35.63716059511287],[113.48937494677772,35.637185139367716],[113.48938124113668,35.63720782736301],[113.48938160516892,35.63720913711631],[113.48940596120713,35.63729692823041],[113.48943260138643,35.63730808419755],[113.48950346979964,35.63733776489078],[113.48950445725882,35.63733817965958],[113.48950638175909,35.63733898501144],[113.4896050646291,35.63738031358369],[113.48990933983448,35.63750774621521],[113.48990999067804,35.63750801927576],[113.48993526333277,35.637518601536584],[113.49005767172032,35.63756986642103],[113.49014945554335,35.637608308031666],[113.49017037559229,35.637638461073756],[113.49018858631894,35.637664712907565],[113.49019617626277,35.6376756518773],[113.49027952079523,35.63779578978766],[113.49033568861051,35.6378767524735],[113.49039185153546,35.63792637260335],[113.49039970141526,35.63793331019009],[113.49041899514121,35.63795035645935],[113.49042827147149,35.63795855208146],[113.4904511797557,35.6379787924425],[113.49052396626125,35.638043099293014],[113.49061512758016,35.638123644214154],[113.49061590153714,35.638124327387374],[113.49064522301197,35.638150233041046],[113.49083280065423,35.63831596131727],[113.49095724939544,35.63842591102339],[113.49095800984233,35.6384265854637],[113.49100639398307,35.638469332042575],[113.49100777288959,35.63847055141174],[113.49107274894294,35.63852795648951],[113.49115881912257,35.6386040003472],[113.49142194526425,35.63879842923943],[113.4914229111223,35.63879914267399],[113.49155533547474,35.63889699274988],[113.49163677801172,35.63895717149217],[113.49189346426289,35.63906672569003],[113.4918947237651,35.63906726275086],[113.49190670822195,35.639072378396506],[113.49224526517132,35.63921687220962],[113.49235623517507,35.639273611756124],[113.49262280515157,35.63940990898849],[113.49265956014929,35.639428701687656],[113.49268384442014,35.6394411184528],[113.4927956217917,35.639466918130395],[113.49290052321156,35.639491131051905],[113.49298619513971,35.63951090547921],[113.49311463305341,35.639540550433],[113.49311636734558,35.63954095060493],[113.49314578365656,35.6395477395869],[113.49323336787549,35.639567955371],[113.49349191897589,35.639575380999915],[113.49349195430128,35.63957538116921],[113.49349200396622,35.63957538104148],[113.49356387502529,35.63957744500716],[113.49385475749645,35.63958579942982],[113.49406188137193,35.639581506560155],[113.49430869822675,35.639576391790605],[113.49444988110173,35.63957346725584],[113.49451279539751,35.63957216536386],[113.49484360608153,35.63945151299326],[113.49495924674582,35.639409337559144],[113.49549779170157,35.63918316989511],[113.4956810261679,35.63902579659763],[113.49583213496798,35.638845524940386],[113.49587173752997,35.63879828015133],[113.49591684330852,35.63874447271065],[113.49619644683003,35.638629169918154],[113.49626976126197,35.6385989371361],[113.49628843363838,35.638605086774184],[113.49652672888936,35.63868357695947],[113.49656001116618,35.63869453860639],[113.49683999433644,35.638786758171626],[113.49703368527885,35.639189418307176],[113.49704640334232,35.63921585686143],[113.49704945513147,35.63922220154888],[113.49708137016844,35.639288548623966],[113.49715552480393,35.6397104233961],[113.49716908270392,35.639787556112445],[113.49716933478474,35.63978898799574],[113.49717281819092,35.63980880645364],[113.49730354841897,35.64070221649476],[113.4973036690721,35.64070304292172],[113.49731359012104,35.640770841797575],[113.49731620495785,35.640788710458494],[113.49767084466633,35.64122474729728],[113.49784439114282,35.64143812409064],[113.49858755291645,35.641820643133634],[113.49863632745833,35.641845748326176],[113.4987047980679,35.641880990986536],[113.49914297195396,35.64205618476079],[113.50018327707235,35.64223422906197],[113.50153651238821,35.642190757286585],[113.50231072831897,35.64228216791473],[113.50298854268864,35.64229879042926],[113.50335056276131,35.64244483667061],[113.50365761661048,35.64263809814179],[113.5037347396091,35.642697923954124],[113.50385172349114,35.642788670355834],[113.50394630668626,35.642862039919116],[113.50415891758857,35.64302696450638],[113.50508057410917,35.64362208466241],[113.5051528089797,35.6436596725336],[113.505960323854,35.644079854263204],[113.50649637168677,35.6443758417986],[113.50697265817581,35.64456557041783],[113.5072650224237,35.644600991379264],[113.5079899180202,35.6446888122673],[113.50803325144688,35.64469406057361],[113.50816246633354,35.64470971544421],[113.50933092286293,35.64469658583205],[113.50976112005927,35.64469175167598],[113.510024700103,35.644633416133324],[113.5101766950672,35.644599777227064],[113.51052719942746,35.64452220150018],[113.51134920034606,35.644336123041505],[113.51170018903301,35.644129153699595],[113.51206092829172,35.64416997759129],[113.51224737392285,35.64406245175802],[113.51239498064695,35.6437415705047],[113.5124823831706,35.643551571794845],[113.51257605045872,35.643285992823785],[113.51270282201611,35.64299197354587],[113.51278081992261,35.64302246268083],[113.51298914323893,35.64310389777461],[113.51356953389022,35.643528874486364],[113.5138661310439,35.64377242990526],[113.51422806882968,35.64393136947698],[113.51446588417288,35.643926401978526],[113.51501278238663,35.64371840306441],[113.51546201587927,35.643711340746236],[113.51573510891453,35.64374725822953],[113.51618154907109,35.64389055025478],[113.51642983030277,35.64409286542985],[113.51676258002469,35.643989402835885],[113.51712147786559,35.64405127316903],[113.51729308599431,35.644103183787394],[113.51753577347255,35.64432470679843],[113.51765197348013,35.644706173425135],[113.51833580405079,35.644830617230504],[113.51874392555959,35.64483595262914],[113.51892119882052,35.645068116414784],[113.51906841845073,35.64542578281355],[113.51956438339045,35.64560303764542],[113.51961853822651,35.64562239203081],[113.52121359240638,35.646074614193985],[113.52127605629236,35.646098490715865],[113.52168868820061,35.64625623007],[113.5216887395383,35.6462562479156],[113.52168880878057,35.64625627349514],[113.52200502956707,35.64637715672872],[113.52246391790526,35.64645875515945],[113.52284263715678,35.64652610237877],[113.52321728885742,35.64669636888713],[113.52322202809835,35.64669852295249],[113.52375648798086,35.64693706567458],[113.5241380637576,35.647178812069626],[113.52442251988288,35.64757521786755],[113.52486812222934,35.64769074526155],[113.52551364520068,35.647677202722264],[113.52629244660925,35.64757761037713],[113.52746130256298,35.64731246305633],[113.52807957102144,35.6471306761368],[113.5281207088027,35.64711858200631],[113.52821658452488,35.64709039230699],[113.52856227968863,35.647061365228296],[113.52889820281939,35.64703316235918],[113.53010969226484,35.647107827872105],[113.53040559261667,35.64704439312549],[113.53118912382247,35.6468848838172],[113.53248636453937,35.64690050753872],[113.53325009952124,35.646998272585165],[113.53332021890554,35.64700724755135],[113.53346388361832,35.647025637921445],[113.53399511461123,35.64690312138533],[113.53441635703443,35.64708800308289],[113.53455187620733,35.647147481747545],[113.5347314754476,35.64722630544532],[113.53503170837577,35.647358076452164],[113.53503355214295,35.647358226830974],[113.53581169973131,35.64742228077942],[113.53594617087188,35.64743334928896],[113.53621486528472,35.64745546404693],[113.53637599103084,35.647468725697486],[113.53687650082614,35.64750992232681],[113.53750705985647,35.64763162057184],[113.53754002127532,35.64763798142619],[113.53836897892158,35.64779796549525],[113.53899227842219,35.647918253816925],[113.53929429335494,35.64790639742953],[113.53944499096497,35.64790048089505],[113.54030493222756,35.647866717906936],[113.54044055719861,35.64786385457089],[113.54076740865867,35.647856955573715],[113.5408017189107,35.64785623132066],[113.54104893950004,35.64785101066473],[113.54128207882869,35.647846089503226],[113.5414528876445,35.64784248488437],[113.54146393640083,35.64784224979294],[113.54171578224262,35.647836931908024],[113.54171743804838,35.64783689784389],[113.54208532610856,35.647829129602],[113.5423188095761,35.647811253596096],[113.54281346649057,35.647773383559596],[113.54293081592107,35.64767135203412],[113.54293181172466,35.64767048585821],[113.54306157031942,35.64755766296049],[113.54306078655083,35.647557035304935],[113.54272845726058,35.64734162008873],[113.54245879180937,35.64719284813215],[113.54245235431776,35.647190101810324],[113.5424498366167,35.647189027839865],[113.54244580604899,35.64718730827305],[113.54218254508778,35.64707509992658],[113.54193655742903,35.64695671655644],[113.5417251380771,35.646883599668506],[113.54168538748678,35.646869941963466],[113.5414273466605,35.64682583551296],[113.5414266805565,35.64682564595104],[113.54142521779333,35.64682539662478],[113.54135899047945,35.6468064764743],[113.54120527457101,35.646762948222495],[113.54120393982447,35.6467621754126],[113.54120369140759,35.6467621040722],[113.54105042837554,35.646673675517555],[113.54099687463138,35.6466427773106],[113.54098167208538,35.64663325120864],[113.540980353338,35.646632425800405],[113.54093212851326,35.646602209750675],[113.540907038017,35.646586488961965],[113.54083782868793,35.64651949732181],[113.54081496743105,35.646479998005724],[113.54077129196746,35.646404533120176],[113.54076227313585,35.64633100273639],[113.54075940101659,35.64630915914023],[113.5407577489876,35.64629659442152],[113.54076569309416,35.64611172163987],[113.54079096691963,35.64595126056386],[113.54089207806584,35.645789200432475],[113.54126984083909,35.64554021151617],[113.54185293151656,35.64530490928761],[113.54202474152629,35.645240465301505],[113.5423076200024,35.64511060613885],[113.542607970335,35.645009660669764],[113.54285625669166,35.64496387165509],[113.54321178418839,35.64494959754162],[113.54390009214511,35.644921527807796],[113.54431492173052,35.64490600703563],[113.54476597130353,35.64479286253176],[113.54502599626979,35.64463870273978],[113.54514680103979,35.64439607798926],[113.54513930406645,35.644344602017256],[113.54512165435472,35.6442234222368],[113.54509076794459,35.644011353765826],[113.54509053503581,35.64401076222858],[113.54508556902725,35.64400627483308],[113.54465590251064,35.64367671262801],[113.54465586748744,35.6436766872394],[113.54457098232716,35.643620119421925],[113.5444879131981,35.64355266691583],[113.54440782280372,35.643487632738356],[113.54416765207303,35.64331352284639],[113.54395538880776,35.6430646757484],[113.54387485118112,35.642911906745006],[113.54387478321372,35.64290976380102],[113.54387461062804,35.6429095773373],[113.54387476930611,35.64290932530785],[113.54387438959202,35.6428973184954],[113.54387427217651,35.64289709662775],[113.54387309159247,35.642894849255114],[113.54386914259311,35.64274852018339],[113.54390960092071,35.642610263531125],[113.54401907054243,35.64247280086549],[113.54428362857622,35.6422442153401],[113.54495057230113,35.641804401226246],[113.54507874598917,35.64175745850311],[113.54567345326261,35.64146798955612],[113.54567348244417,35.64146797001799],[113.5457488273779,35.641415864740544],[113.54577173867138,35.641377103016374],[113.5459291168624,35.64098405154725],[113.54593803314509,35.64094333418856],[113.54594198126428,35.6409215645181],[113.54603660878291,35.639513189504186],[113.54603661409176,35.63951307856889],[113.54604579514056,35.63933952385854],[113.5461046833466,35.639043198988105],[113.54615313580138,35.63865699570252],[113.54621918311807,35.638347005241],[113.54631979927002,35.63819170605787],[113.54657587247569,35.63791373933594],[113.54694511618241,35.637615359524254],[113.54695638184332,35.63760176924832],[113.54722282962017,35.63683192126639],[113.54722293738219,35.63682516508918],[113.54722242327938,35.63682357308823],[113.54694617467926,35.63641679426287],[113.54681452479923,35.6362229362427],[113.54681130754678,35.63621998145155],[113.54680621721235,35.63621643198333],[113.5467951912544,35.63620874635796],[113.54619876371649,35.63585575136337],[113.54602570406624,35.63579171675244],[113.54566197760009,35.63553989634733],[113.54560763937354,35.63551605163826],[113.54544079350347,35.63544891956768],[113.54494693595369,35.63525020354479],[113.54454834634136,35.635089816809675],[113.54454831291054,35.6350898067043],[113.54436708994228,35.63504208902521],[113.54404433190582,35.634888255468674],[113.54367482459057,35.63469216076897],[113.5433648493443,35.634463912733146],[113.54335637371307,35.634448854965434],[113.54326860974234,35.634292939287775],[113.54318514739782,35.63404754972159],[113.54317653519503,35.633998236949246],[113.54313947037596,35.633786034032],[113.54313819762106,35.6337821965239],[113.54313862411033,35.63377796361963],[113.54313676602358,35.63376749809618],[113.54318275727606,35.63331107930256],[113.54318293927204,35.633309265345886],[113.54317358906874,35.63323475092794],[113.54316471776787,35.63316441154322],[113.54316474667007,35.63316431362449],[113.54316435993043,35.6331612349633],[113.54316263816422,35.63314751394398],[113.54321065221107,35.63298657186887],[113.54342269931381,35.63273431939222],[113.54466372661982,35.6315412834606],[113.54480957044393,35.63131889962628],[113.54494302217716,35.63109982657492],[113.54494304931005,35.63109977734727],[113.54507299082012,35.6308523806034],[113.54518462644191,35.63056620601161],[113.54563848866155,35.62982680249552],[113.54573799475192,35.62961521380302],[113.54593306651778,35.629306993579505],[113.54610508876664,35.629033048973035],[113.5463657910875,35.62866262699386],[113.54669744202592,35.628376305132235],[113.5472395075974,35.628069765861014],[113.54725410087872,35.62806126789967],[113.5474040740057,35.627973933080455],[113.5478960363755,35.62774053024847],[113.54852890831279,35.627405014590735],[113.54886478751385,35.62727401200396],[113.54909185902191,35.62717009705469],[113.54923907127844,35.62709264838345],[113.54928170847637,35.62706696894866],[113.54939588136082,35.62696994715914],[113.54948272379507,35.62690278654721],[113.5496185961758,35.626794043432454],[113.55002693595831,35.62644752447777],[113.55019492407042,35.62631201923614],[113.55058958591145,35.62595622675006],[113.55058966836673,35.625956147517186],[113.55079198987193,35.62575781714781],[113.55109588497686,35.62533691073822],[113.55110273604424,35.62531858878302],[113.55120412991624,35.62470509782934],[113.55120383221742,35.62469628784577],[113.55108508593156,35.624206634148926],[113.5510841225474,35.62420441197091],[113.55107105491795,35.62417077969244],[113.5508317823596,35.62358384849052],[113.55075688373653,35.6234328138571],[113.55069010640989,35.62323650571086],[113.5506900174999,35.62323610394601],[113.5506585194131,35.623095519507544],[113.55064601778079,35.62303971686209],[113.5506460085675,35.62303942693493],[113.55064559096442,35.623026285671926],[113.5506451138979,35.623024121663036],[113.55063858737563,35.62286207974061],[113.55078292762762,35.622390503111625],[113.55090342584938,35.6221796072236],[113.55106977322089,35.62175467735113],[113.55106978112715,35.621754648351576],[113.55108623099355,35.621695244595934],[113.55102307005919,35.62133853581149],[113.55100202724103,35.62132126526947],[113.55087864530306,35.6212281002142],[113.5508310246739,35.62121970536019],[113.54967844392894,35.62119929888355],[113.54966437317377,35.621200681655154],[113.54961006465868,35.621210046120886],[113.54960993411859,35.6212100705092],[113.54916301504288,35.62130146159473],[113.54912302904596,35.62131101545271],[113.54906803154417,35.621325966056915],[113.54906724600619,35.62132617910609],[113.54895047006936,35.621357923984014],[113.54863663736292,35.62136456930754],[113.54832280438224,35.62137120841227],[113.54792102645315,35.621348813346614],[113.54784020886667,35.621336077796734],[113.54754075968334,35.6212888891644],[113.54750946268733,35.62128273798283],[113.5472285549098,35.62122752477152],[113.54685311005255,35.62108099296792],[113.54663510232798,35.62088788021491],[113.54646226645727,35.62068763261609],[113.54638368693163,35.620559978151874],[113.54633461107119,35.620480252892165],[113.54633429105678,35.62047920909125],[113.54633400579336,35.62047887814922],[113.54633344391858,35.62047643660265],[113.5462670572825,35.62025924386944],[113.54623539675104,35.620093591981274],[113.5462035443457,35.61992693050836],[113.54617245615185,35.61977705205016],[113.54616682749558,35.61975259893997],[113.54585095355571,35.61909303550927],[113.54584994654175,35.61909176206083],[113.54494376467547,35.61817679340643],[113.54493752577828,35.61817299870212],[113.54485150843297,35.61814656219476],[113.5441542654942,35.61795374972693],[113.54414354013868,35.6179531609407],[113.54409224482224,35.6179481242586],[113.54374591007442,35.61793134955819],[113.5436495447398,35.61793864180188],[113.54338175713973,35.61797159270568],[113.54322888622048,35.6179824595277],[113.54307545341935,35.61798342788766],[113.54297071088983,35.61798073140058],[113.54230382495315,35.61797169064655],[113.54230369364568,35.61797169071599],[113.54223070190166,35.61797301110857],[113.54220992786617,35.61797462913445],[113.54220989161946,35.61797463440477],[113.54156074064788,35.61809986557176],[113.5415283174629,35.61810611815966],[113.54150904902599,35.61811082085722],[113.54143466701561,35.61812323263759],[113.54135926593838,35.61812733069588],[113.54128241755704,35.618122623109855],[113.54128218159708,35.61812259385182],[113.54120603063845,35.61811314663352],[113.54115738792903,35.618101517733365],[113.54113421564425,35.61809343192188],[113.5410907051528,35.61807187013619],[113.54103149499014,35.61803131222269],[113.54102947198194,35.6180288942741],[113.54100319814388,35.617997491940756],[113.54099480079094,35.61797799933875],[113.54099413052923,35.61796525977454],[113.54099331191367,35.61796341647716],[113.54099260368712,35.617961818626235],[113.54099063313552,35.61792131503965],[113.54100175610836,35.61788053513656],[113.54103158418808,35.61779881441654],[113.54106502399067,35.61774404848409],[113.54113047599819,35.61765481750525],[113.5411438960973,35.61763320662082],[113.54128284161072,35.61721540967052],[113.54128286194889,35.617197298163134],[113.54128286273169,35.617196590858605],[113.54128012852578,35.61716818405202],[113.54127334771593,35.617132690659865],[113.54126885252028,35.617109166617745],[113.5412644460273,35.61709496339012],[113.5412563113334,35.617068742870124],[113.54121885556611,35.6169919524389],[113.5411819178351,35.61693748694735],[113.54113942618177,35.61688516951719],[113.54111988375514,35.61686402091973],[113.54110399872911,35.61684683163093],[113.5410772867169,35.61681792351766],[113.54099595976838,35.61673686815984],[113.54094280430482,35.61669209905224],[113.54088618349503,35.61665016822688],[113.54082502066964,35.616609062129335],[113.54078373177357,35.61658131298882],[113.54062905452358,35.616477358180845],[113.54042249300663,35.61632100432034],[113.54032482955935,35.61624181764659],[113.5402771796393,35.616203182341394],[113.54023388817546,35.61616499747253],[113.54015644296227,35.616096689918145],[113.54015213527587,35.61609289025614],[113.5401459592189,35.61608744242778],[113.54014263567552,35.616084511295334],[113.5401404597324,35.616082593009224],[113.54013803741414,35.61608045557046],[113.54003454984318,35.61598184962892],[113.53998809819126,35.61593758828199],[113.53994422168688,35.6158903884808],[113.53992619863027,35.61587099972309],[113.53991195662154,35.61585459912567],[113.5397124173393,35.615637284357554],[113.53971239683604,35.615637264066905],[113.53967728131794,35.61560634072271],[113.53963315134966,35.61557340634128],[113.5395451491112,35.615507727610144],[113.53951382831887,35.61547669895391],[113.53949648199197,35.61545951232521],[113.53948736200716,35.61544795556918],[113.53945521316602,35.6154072117099],[113.53941962882564,35.61535200529004],[113.5393782031552,35.6152754150699],[113.53937645920986,35.615271838820235],[113.53931167285607,35.61513899145907],[113.53930850246721,35.61513148086994],[113.53921159234314,35.61490183030053],[113.53911000080485,35.614687278275994],[113.53907443510286,35.614587249066155],[113.53905419934084,35.61448440531414],[113.53905330462305,35.6144728255473],[113.53905281328313,35.614470268044535],[113.53905248037296,35.61446853342233],[113.53904431269846,35.6143628348951],[113.53904079078879,35.613946190875765],[113.53904450485683,35.613736628956794],[113.53905867692872,35.613443503571425],[113.53907161106669,35.613285555000736],[113.53907767535374,35.61321559925529],[113.53909790978156,35.61304848669504],[113.53912225213213,35.61292408613895],[113.53917164308405,35.612763116289045],[113.53928624986669,35.61241831769886],[113.53933627642105,35.612277604286504],[113.53937731824229,35.612179878059735],[113.53949340979392,35.6119476663705],[113.5395434584825,35.61182947663045],[113.5395698382162,35.61174782624398],[113.53962688101353,35.61152362179227],[113.53969148075177,35.61134205926852],[113.539752679092,35.61120561869682],[113.53981870116708,35.61106907635448],[113.53986390289806,35.610993790055765],[113.53997034580695,35.61082711330733],[113.54000233207361,35.61077012581059],[113.5400288052587,35.61071325459589],[113.5400635021905,35.61061116056226],[113.54008087421094,35.61054997628923],[113.54009135492952,35.610488937378534],[113.54009141796358,35.61043424865434],[113.54009141814625,35.61043369633449],[113.5400807142491,35.610381117826286],[113.5400583239696,35.61032146335785],[113.53996896319376,35.61014766671203],[113.5399080260089,35.610056098062124],[113.53986982873391,35.610004230069634],[113.53982950565342,35.60994947502992],[113.53976283795755,35.60985894889138],[113.53961208821642,35.60961667194697],[113.53956306041803,35.609543291003746],[113.53945572947555,35.60940096117842],[113.53939924016721,35.60933316246382],[113.53939426624933,35.60932719187497],[113.53939412977385,35.60932702806698],[113.53931170225525,35.60922809604071],[113.53919357322798,35.60909142942242],[113.53900703109986,35.60889208781214],[113.53896069052726,35.60883820265477],[113.53891887213081,35.60878957500653],[113.53883857443103,35.608682592288126],[113.53877525103084,35.60859165085072],[113.53871619266765,35.60849891295617],[113.5387053868109,35.608480100717145],[113.53867274378034,35.6084232668979],[113.53864371504388,35.608363564658234],[113.53860667280519,35.60828738166249],[113.53855517750114,35.60814733101546],[113.53853871540237,35.60809268246789],[113.53850011619554,35.607964546934824],[113.53844411244964,35.607739231794454],[113.53837534917568,35.60753799554815],[113.53831037858647,35.6072504053077],[113.53828886834076,35.60719017597044],[113.53824105635921,35.607093141709285],[113.53823766511753,35.607078872781386],[113.53823156724671,35.60705321542661],[113.53811839711665,35.60682605508821],[113.5379711845716,35.606607621124525],[113.5377590233349,35.60629542746534],[113.53767228005424,35.606191900789284],[113.53758605405034,35.606088990244835],[113.53746854710069,35.60596170790836],[113.53731669800776,35.60570539333881],[113.53721938518136,35.60544106298012],[113.53719255134376,35.6053681720026],[113.5371365032128,35.6052704908375],[113.53706182094551,35.60506198290667],[113.53697665131887,35.60476101383616],[113.53687753577574,35.604497409467605],[113.53680669281312,35.60405093403346],[113.5367358516928,35.60360445216918],[113.53670291992371,35.6033393804599],[113.53670284801116,35.603339409004846],[113.53496152020121,35.60405054782669],[113.5349379478473,35.60405616804071],[113.53405011755488,35.60426782270921],[113.53304208656262,35.604508123952186],[113.5317156193586,35.60498011671009],[113.53167652337417,35.604994027550894],[113.53146860550866,35.60506800838277],[113.53037188864711,35.60545823331128],[113.53011693172144,35.60556714478486],[113.5293231184238,35.60564242966397],[113.52889535247061,35.605842287393536],[113.52875461639402,35.60590803937902],[113.52868121806276,35.60594233315645],[113.52865246147954,35.60595576823704],[113.52838816101533,35.60607925059433],[113.52790611374688,35.6063313217918],[113.5277707126752,35.6064021243419],[113.52712261127247,35.606846185966866],[113.52706689813441,35.60722743282825],[113.52698203534356,35.60777751768226],[113.52666900749163,35.60803439863533],[113.52611025631691,35.60836795206128],[113.52577999861249,35.60856979821907],[113.52560124350471,35.60867904735109],[113.52532261284468,35.608849339204426],[113.52482594263196,35.60930078116276],[113.5245136497036,35.60958148018183],[113.52397955988101,35.60977147099875],[113.52341457663822,35.60971256258276],[113.52340843413161,35.609711922738725],[113.52278643770617,35.60942696348968],[113.52246562588095,35.60896896065102],[113.52246552653232,35.60896881857062],[113.52234734007449,35.60844851515225],[113.52234695858971,35.608446837354656],[113.5221493389166,35.60818412010333],[113.52166289031506,35.6075791080857],[113.52138564237684,35.60739244689051],[113.52109627128598,35.60719762249557],[113.52056219396853,35.60692272991673],[113.51992114830676,35.60695998553586],[113.51910638741423,35.60726522989632],[113.51887925722812,35.607350322201754],[113.51841141125117,35.60749048689279],[113.51840528368298,35.60749232245218],[113.5183827591952,35.6074951910896],[113.51823333417674,35.60751422681271],[113.51782212077399,35.6075666133721],[113.51780210728552,35.607569162702404],[113.51767360098492,35.6075855339708],[113.51763987740514,35.60758983044537],[113.5173320476739,35.60756510155319],[113.5173099280692,35.60756332492756],[113.51706891967969,35.60754396420854],[113.51698309808724,35.60753706955651],[113.51696454671666,35.60753557869132],[113.51692957435394,35.60753276956965],[113.51682585292255,35.607524436988776],[113.51652896277335,35.607552097313295],[113.51606061954985,35.60769776762076],[113.51541432621678,35.60775418070148],[113.51504409277521,35.60780870848991],[113.51478422948905,35.60805448642071],[113.51467723195054,35.60821092250222],[113.51437487189384,35.60865298563421],[113.51375364702763,35.60932145581169],[113.51336759711594,35.6098102149429],[113.51265237956146,35.610895793079095],[113.51240206486497,35.61144726731883],[113.5119885735997,35.61191474436372],[113.51144684215207,35.612559696286134],[113.51093453096321,35.613157871809456],[113.51047741302341,35.61302172372176],[113.50987225426992,35.61280786410656],[113.50942069232056,35.61257773323533],[113.50936987120498,35.61255183223824],[113.50935309419037,35.61254328256156],[113.50880111964219,35.612162682422706],[113.5076507424864,35.6113165051841],[113.5072573428209,35.61087174809264],[113.50692229666156,35.610425774805215],[113.50675477444828,35.61020278730492],[113.50621319849492,35.61015446150892],[113.50554963231032,35.610406664354734],[113.50484521255517,35.61070216552799],[113.50457665316002,35.610681930278446],[113.50442073682983,35.61071000584467],[113.50351265659721,35.610723183785964],[113.5025232572227,35.610772428410684],[113.50194376398824,35.610388707763654],[113.5017194656818,35.610240183716954],[113.50127343679893,35.60994483434783],[113.50097052129207,35.60977948180579],[113.50078902346335,35.60957584762651],[113.50057830344613,35.60955876759911],[113.50029348827803,35.609693414757245],[113.49964377574987,35.610337248676785],[113.49883457796467,35.61033709755394],[113.49879992159488,35.61033709228203],[113.49835868069546,35.61033700846099],[113.4976958507129,35.61026086767944],[113.49716055887114,35.610038254089375],[113.49636985457461,35.60938945599967],[113.49549060153723,35.608724510340984],[113.49498704814165,35.608105708513015],[113.49448274451962,35.60734463064096],[113.49431722302397,35.60709482780036],[113.49416606322549,35.606979888611946],[113.49380007727386,35.60670159649596],[113.49321243339023,35.606254753204105],[113.49269376535314,35.60586398564574],[113.49264688379793,35.60582866579751],[113.4924116901592,35.605651467137676],[113.49174309116253,35.605147727465756],[113.49167963455153,35.60509991699028],[113.4906684696598,35.60443766314756],[113.4896676249848,35.60339764470323],[113.48921098779066,35.60285050391674],[113.48921037708723,35.60284977229915],[113.48925688040467,35.60221966950689],[113.48925688736975,35.60221957385509],[113.48901260900776,35.60071739436938],[113.4890121331686,35.60071446328225],[113.48863343746935,35.59985933494592],[113.48833377696934,35.59939932105827],[113.48833298815549,35.59939810926853],[113.48833581004251,35.599382790426695],[113.48841331429601,35.59896219236813],[113.48844585516696,35.59878560348998],[113.48844605638874,35.59878451360584],[113.48818181915453,35.598070844300906],[113.4878730333077,35.59734011646575],[113.48768485173842,35.59693181016754],[113.48768425569884,35.596930516903164],[113.48771160631355,35.59651336796505],[113.48772894478073,35.596248933074634],[113.48772910959134,35.596246417631285],[113.48719004531354,35.59589798678611],[113.48641457538734,35.59573421606654],[113.48558344236618,35.59519404585989],[113.48484030787039,35.594652054211124],[113.48440625297408,35.59413963974628],[113.48417072962152,35.59364110619074],[113.48370102173489,35.59339909761437],[113.48349199269627,35.59304392708],[113.4834919438068,35.59304384429322],[113.48335686343322,35.59222234322661],[113.48335641913346,35.59221963851536],[113.48323017225387,35.59182318778259],[113.48321997765383,35.59179117478542],[113.48301515957078,35.591147979243694],[113.4828891132488,35.59082216657314],[113.48276074947091,35.59049035926299],[113.4826567142544,35.5902214380098],[113.48265635342645,35.59022050568289],[113.48258794021442,35.58943087221083],[113.48254478567897,35.588891036797065],[113.48251620009023,35.58853343788952],[113.482514889175,35.58778017032261],[113.48251488673988,35.58777837734191],[113.48234982103352,35.58742221429113],[113.4822582535443,35.587053028549924],[113.48219965758365,35.58681677924125],[113.48219898352292,35.58681406123662],[113.48246438672851,35.586143396169916],[113.48277654939305,35.58556165711738],[113.48292388931162,35.584997851869964],[113.48293189890632,35.58496720073428],[113.48313082529192,35.584205984147154],[113.483388442426,35.58328378194925],[113.48361317497782,35.582741113982074],[113.48361372302946,35.58273978899409],[113.48338323867436,35.58240295383392],[113.48267590662428,35.58159053239318],[113.4825069823938,35.5814538589526],[113.48213664500919,35.58115422399448],[113.4821341914497,35.58115224004342],[113.4823052200575,35.58069496060503],[113.48237814104064,35.58049999333594],[113.48236831643686,35.58044860600263],[113.48214192506941,35.579264360355126],[113.48207686186866,35.57858252644092],[113.48190128160684,35.577884990357376],[113.48192086318727,35.57709354193795],[113.48182734780791,35.57691568579394],[113.48205539811177,35.57646152973928],[113.48206907068887,35.57619157304606],[113.48210639892346,35.57597506504147],[113.48255991137592,35.57569604530887],[113.48297054588184,35.57545386474165],[113.48302767870409,35.57515441649233],[113.48304630750977,35.57505677982788],[113.48307586532053,35.574588734812274],[113.4831054067677,35.57412095140031],[113.48310542405366,35.57412068974761],[113.48309846947319,35.574080404229235],[113.4830250246316,35.57365491099228],[113.48307102577505,35.5730067442295],[113.48314756074511,35.572647164506634],[113.48314789491711,35.57264559344431],[113.48289545625309,35.57227491046407],[113.4828943426465,35.57227327553332],[113.48299486809499,35.57196557247307],[113.48313216104037,35.571423393528136],[113.4832716714672,35.570953082020246],[113.48336609138344,35.57044774358852],[113.48336765951015,35.57042938446849],[113.48339826812527,35.57007132513268],[113.48339842120198,35.57006953254667],[113.48317582608416,35.56974416706163],[113.4828257867332,35.56923251099192],[113.48270794431768,35.56906026081828],[113.48270709426887,35.56905901690309],[113.48272675877523,35.56884837152808],[113.4828063115733,35.567996252210726],[113.48300519329747,35.56729957428489],[113.48306444528704,35.56709201620668],[113.4832212738163,35.56647841483345],[113.48322150307287,35.566477518095645],[113.48305593020275,35.5661033856249],[113.48214882172518,35.56594229372848],[113.47995470591971,35.56543014802629],[113.47916944555212,35.56512126132149],[113.47908605157309,35.56508845720237],[113.47877292654164,35.564614059891056],[113.47827823641636,35.56386457075896],[113.47766811058821,35.563343942792834],[113.47689985313946,35.562688364956166],[113.47562107377682,35.56188764174929],[113.47445281257954,35.5611026129492],[113.47324391257338,35.56042627634772],[113.47319661029688,35.56037821253069],[113.47276601397415,35.55994067897687],[113.47229005159184,35.55945704101367],[113.47221214242084,35.559395180233025],[113.47218448340034,35.55937321845263],[113.47213973075985,35.55933768290803],[113.47192710444642,35.55916885339102],[113.47125267866028,35.55863333667582],[113.46995691007952,35.55790520446075],[113.46948684452086,35.55764105377971],[113.46921542258538,35.557488528095455],[113.46765562111688,35.55636979769341],[113.46716830743802,35.556020273306245],[113.46714083313188,35.556007992573],[113.46605299635574,35.55552172989129],[113.46451282309839,35.55551728329041],[113.46363610287695,35.55562510300629],[113.46295781143904,35.55574683991052],[113.46249828663288,35.55582814524602],[113.46222015399994,35.55608552664304],[113.46190684152143,35.55663128146202],[113.46128460427042,35.55714738857992],[113.46058649611531,35.55806056843458],[113.45989992405592,35.55863191799653],[113.45969675692939,35.55873790152609],[113.45927870467767,35.558955978749694],[113.45875214603787,35.55923065393297],[113.45760764461721,35.55993718361899],[113.45571442236533,35.56062300777798],[113.45470842941818,35.56091429440887],[113.45464576623887,35.560932438252],[113.45409495957209,35.560907700370116],[113.45306651028632,35.56037131095085],[113.45177366769941,35.55982231327476],[113.45067271540616,35.55907163507561],[113.45049745768692,35.55837403854183],[113.45033981453565,35.5575322563122],[113.4502668406983,35.556580880581436],[113.4501619315128,35.55602568072713],[113.44999762716533,35.555687429539226],[113.44939960166735,35.55555575971294],[113.4483343840719,35.555253794462466],[113.44697064574098,35.55526351652518],[113.44585764387476,35.55483665035966],[113.44390806352496,35.554390785469074],[113.4420448131754,35.55388920410013],[113.44179886688688,35.55387126929704],[113.44113626459745,35.55382294691114],[113.44015987212366,35.553554996018505],[113.43832216747428,35.55359219444003],[113.43692977834299,35.553362456128895],[113.43668051802088,35.55332132752099],[113.43667894781086,35.553321068237096],[113.43612170987555,35.553229120988235],[113.4357916621526,35.55320274995302],[113.43579140241407,35.55320272907312],[113.43573403082576,35.55319814281283],[113.43562751976663,35.553189633678535],[113.43560858673382,35.55318811966641],[113.43556869372256,35.553184932570375],[113.43554924785326,35.55318337755489],[113.43549703573845,35.55317920770101],[113.43549691971121,35.55317919923357],[113.43472018332409,35.55311713117377],[113.4347079492691,35.5531161529434],[113.43457094001415,35.55310520454152],[113.43450813185345,35.55310018510475],[113.43435320760358,35.55308780441597],[113.43430593820769,35.55308402706071],[113.43430548286028,35.55308399120725],[113.43422797488907,35.55307779717773],[113.43417384739051,35.55307347081388],[113.43403252999543,35.553062178123376],[113.43397434736244,35.55305752811051],[113.43397349630719,35.553057459701655],[113.43377928825221,35.55304193869421],[113.43377891025645,35.55304190848482],[113.4336997046715,35.55303557810304],[113.43345472041973,35.55301599927353],[113.4333511511147,35.55301024985189],[113.43326280093812,35.55300534636302],[113.43321238027853,35.55300254765844],[113.43311751510264,35.55299728364488],[113.43278375800426,35.55309471123959],[113.43245007718001,35.55357231489985],[113.43216505572532,35.554098848466744],[113.43168236636295,35.55452810743818],[113.43103782731039,35.55487383392188],[113.43035877258237,35.555249184537466],[113.42966225084957,35.55504623821602],[113.42880214372285,35.55470192363196],[113.42836838510675,35.554406876438684],[113.42791693822547,35.55411218398907],[113.42746593070959,35.55383194706398],[113.42699810699646,35.55358097935173],[113.42635337236605,35.55333357192437],[113.42574881860509,35.55324447981892],[113.4251101904976,35.553199468839296],[113.42464194181743,35.55293403412333],[113.42422459106061,35.55259524282695],[113.42391600389672,35.552341059326174],[113.42355086269356,35.551972283061936],[113.42343513920534,35.551656354731016],[113.4233366722516,35.55132561308046],[113.42327228189018,35.550950787597536],[113.42308710408162,35.55067965393483],[113.42283290459632,35.550467772306106],[113.42250838012784,35.55027176996939],[113.42208148209507,35.549614905902125],[113.42206451502332,35.54905106615885],[113.42235176353198,35.5485968413296],[113.42226795018499,35.54816454074379],[113.42213454680312,35.547848966147825],[113.42212628106462,35.54757427402807],[113.42222415545338,35.54729744954353],[113.42232376946566,35.547078454722914],[113.42226576709407,35.54632737930338],[113.42198563075716,35.54584115933141],[113.42188568914804,35.54535692207972],[113.42144368831002,35.54475179312366],[113.42110826270971,35.543965759731144],[113.4210303259317,35.543637304366456],[113.42096882422403,35.543378106063926],[113.42080846974916,35.542702294673255],[113.42080794205624,35.54270007069435],[113.42039842034804,35.54190189755453],[113.42001135140647,35.54125168223798],[113.41933124914287,35.54075038811941],[113.41891319692081,35.54081599604474],[113.41861800778298,35.540893440160715],[113.41840048237945,35.54100046877295],[113.41783896001546,35.54127674878159],[113.41733541127228,35.54189185126983],[113.41703431350867,35.54235562127915],[113.417151276044,35.5427537898425],[113.41747616256197,35.54327652571648],[113.41768494883283,35.5436720065763],[113.41772888153342,35.54375522294308],[113.4182467505956,35.5443400681217],[113.41824622389124,35.54434136177098],[113.41805434291675,35.54481299474132],[113.41788206125531,35.54519170372048],[113.41787376152594,35.54567969953424],[113.41779437801432,35.546094070198535],[113.4178996697157,35.546542260545124],[113.41783867999527,35.547188574530416],[113.4178185062357,35.54729387650084],[113.41781942887158,35.54729618357401],[113.41793204588949,35.54757767956302],[113.41804394945986,35.54770646623286],[113.41837253100385,35.54786922700971],[113.41846600454237,35.548067609054854],[113.41846603917415,35.548068761690345],[113.41846944067419,35.54818197210617],[113.41846826991267,35.548184911364494],[113.41846998929309,35.54818544361389],[113.41880155378107,35.548287850245266],[113.4188017394327,35.5482904694446],[113.41884140356117,35.54884992876982],[113.41895234095132,35.54948563151719],[113.41896023055044,35.54974814949039],[113.41896097480965,35.54974895810111],[113.41919756741208,35.55000606255437],[113.4194915057877,35.55061932758185],[113.41949103942457,35.55061947480397],[113.4191730957202,35.550719533351966],[113.41898108216363,35.55044194821498],[113.41854682130693,35.5505069521394],[113.41858047190406,35.550862766604624],[113.41849939810514,35.551220883484],[113.41815184112845,35.551115282239635],[113.4176923768622,35.551105738625786],[113.4164691287242,35.55171053111334],[113.41647117711926,35.55171265523634],[113.41651139291942,35.551754360756114],[113.41651130915585,35.551756197853045],[113.4164876860585,35.552274422294595],[113.4162213481687,35.55257996471727],[113.41576412676174,35.55264541920739],[113.41521906060038,35.55284397081877],[113.41470087642236,35.55317331959439],[113.41428665409515,35.55341300958445],[113.4143135424655,35.55405454812869],[113.4141082393221,35.554867191014715],[113.41417376568107,35.55528458053239],[113.41422163508537,35.55570232462661],[113.41387627593218,35.55596912821379],[113.41314158037441,35.556214851641634],[113.41261271686314,35.556254316891106],[113.41214301531579,35.55628568460241],[113.41180313560217,35.55662624896872],[113.41163762197137,35.556944252401046],[113.41139299184799,35.55695868369988],[113.41115688254764,35.55686804764298],[113.41106810462192,35.556631422329374],[113.41092272751972,35.55645314627874],[113.41071080216567,35.5563906334693],[113.41053729061841,35.556441784854414],[113.41028099844154,35.556456448055236],[113.40957574221973,35.55646343510688],[113.4089890075236,35.5562166430987],[113.40751918005425,35.556110319901514],[113.40690528411203,35.55569494381031],[113.40649264905234,35.55527563461131],[113.4063771327597,35.55515824892192],[113.40634726388616,35.55511598825047],[113.4060071061278,35.55463472501186],[113.4060069426238,35.55463449310459],[113.40593834110156,35.55434946588357],[113.40587200613146,35.55407384888065],[113.40587582067079,35.55354262591164],[113.40590872468407,35.55344128932102],[113.40600206599201,35.553153816316616],[113.40601165075114,35.552815621751705],[113.40610579620531,35.55272376404472],[113.40609987649276,35.551867641343],[113.40609761225775,35.55154019665273],[113.40609581811981,35.55128073336724],[113.4060950400379,35.55116814752089],[113.4060948901677,35.551146464240894],[113.40610451963431,35.55109091197646],[113.40614081426769,35.550881524971786],[113.40615444485515,35.5508028856154],[113.4061910178089,35.55059189909241],[113.40628398291923,35.55005557461496],[113.40629826501946,35.549932132341546],[113.40633729680363,35.54959479042217],[113.40635314997536,35.54945777951412],[113.40640452710157,35.54901373385222],[113.40673047651707,35.54830470955223],[113.40686467421214,35.54801279232883],[113.40692598771874,35.547914836434344],[113.40693383120794,35.54790230667621],[113.40701434067888,35.54777368333536],[113.40756783764905,35.54688939603093],[113.4075685405529,35.54688827370741],[113.40724221001071,35.54654603956795],[113.40701656638961,35.54624473362956],[113.40669107172175,35.54589713619261],[113.40668507069587,35.545894770054595],[113.40635529896645,35.545764770473134],[113.40591385486597,35.54559074612195],[113.40529746308792,35.54539380946511],[113.40470556220565,35.54535733509323],[113.40417414748339,35.54536793719216],[113.4035558411895,35.54510664835742],[113.40301818661426,35.54490812952523],[113.40253429920669,35.544531486810165],[113.40228323711324,35.544037534105705],[113.40209554231816,35.54368717590361],[113.40184112650735,35.543080620661094],[113.40078842796939,35.54211977413737],[113.40069969171185,35.541960243104164],[113.40060922828181,35.54179760535756],[113.4003722620706,35.541371579074514],[113.4001763424407,35.541023645599765],[113.39985242614006,35.54044839589934],[113.39968311551213,35.5401626353513],[113.39937571282017,35.53964380226869],[113.39912668949293,35.53922349603904],[113.39877214396131,35.53855483224932],[113.3987719921779,35.5385545478368],[113.39872226107819,35.53837021877408],[113.39859559790783,35.537900735215494],[113.39859490384843,35.53789815942429],[113.39812971513543,35.537441999134685],[113.39812836496066,35.53744067443062],[113.3982935083374,35.537035002529194],[113.39829541529014,35.537021043437676],[113.39834200825135,35.53667993754797],[113.39867396768119,35.53669644537034],[113.39897320956089,35.53675485871252],[113.39931575173415,35.53679810437879],[113.3996654594375,35.53668116461313],[113.39967962914358,35.53667642684068],[113.40037538310229,35.53653383531754],[113.40042082016039,35.53648120776426],[113.40059529126925,35.53627913283593],[113.40060721022721,35.53622056721921],[113.40066397980361,35.53594161741283],[113.4005943510379,35.535557263308355],[113.40081883752634,35.53521422994535],[113.40085294142268,35.53505473879634],[113.40092252836564,35.53472930184239],[113.40102429869465,35.53418002953597],[113.40101039113337,35.53371353825631],[113.40123503092629,35.53332277275729],[113.40126089239548,35.53287275504667],[113.40126096,35.53287158414344],[113.40107430286119,35.53255347168276],[113.40107425758795,35.53255339509471],[113.40081293514027,35.53169182632338],[113.40081221755898,35.5316894600541],[113.40057890278197,35.531100840556675],[113.40057801238788,35.531098593060996],[113.40057952161544,35.53096094543956],[113.4005833079548,35.53061562456656],[113.40036495016824,35.52989567745874],[113.40031552732175,35.52955865778002],[113.40050747857507,35.529360757341344],[113.40060207167537,35.529263232967836],[113.40142900627178,35.52905175204645],[113.40150937585851,35.52904282450903],[113.40205687230181,35.52898202488372],[113.40261169536991,35.5287980462338],[113.40294089968386,35.528785496768926],[113.40377182283906,35.528940833165926],[113.4038056757813,35.52894716371497],[113.40445529231162,35.52902003211793],[113.40492521422831,35.52894633300257],[113.40539580341938,35.52887253045021],[113.40576219720413,35.528836610433956],[113.40682597336925,35.52871524567441],[113.40746619007166,35.52847359399859],[113.40793990227411,35.52757512322492],[113.40791406275908,35.52706464095466],[113.40791397152493,35.52706284249055],[113.40781439766765,35.526937037243286],[113.40756846277812,35.52662631443041],[113.40671622836086,35.52562773707194],[113.40585463870347,35.52490111845059],[113.40546998584135,35.52452938521324],[113.40544364260761,35.524503925630825],[113.4052600646496,35.52432651277876],[113.40497908116389,35.5237297618841],[113.40485287073858,35.52346171381329],[113.40462162243266,35.52325053176857],[113.40429548129904,35.5230828566414],[113.40407899676774,35.522791734714836],[113.4040170511551,35.52270843123239],[113.40401597639286,35.522706985762724],[113.40403105279181,35.52248490532764],[113.40404838827494,35.52222953304938],[113.40408165416366,35.52178067237756],[113.4039778100769,35.52103101236535],[113.40397758652463,35.52102939313851],[113.40370775763904,35.52058657613057],[113.40304812108738,35.51997987806421],[113.40243341938306,35.51931506514369],[113.40229075335215,35.51905324460564],[113.40228983462917,35.51905155903374],[113.40226093800106,35.51857949718533],[113.40224971867872,35.51839620909102],[113.40224158283918,35.51826330103935],[113.40215868859244,35.518103545576196],[113.40201195806108,35.517820764348706],[113.40183823261138,35.51748595545322],[113.40127165295664,35.51718449291848],[113.40093599955814,35.51703441914577],[113.40093474294446,35.517033856688435],[113.40098962197588,35.51653353052796],[113.4009897770371,35.51653211369698],[113.4007726903444,35.51626569108261],[113.40077186101014,35.51626467319528],[113.40073986774648,35.51594504386737],[113.40073966672709,35.515943031326586],[113.40072017292145,35.51592282426888],[113.40051600968205,35.51571119957029],[113.40027983019381,35.515466386598476],[113.40022019766965,35.515404575281444],[113.40018717606426,35.51534125381821],[113.4001185067967,35.51520957852786],[113.40010306671708,35.51517997112753],[113.39985112301916,35.51469685655409],[113.39985029438903,35.51469526918358],[113.39981918086376,35.51471787947186],[113.39961434003392,35.51480677318402],[113.3993625865578,35.51484278691926],[113.39927000515112,35.51485603123309],[113.39883800670994,35.514864622060216],[113.39849114816317,35.51482910796894],[113.39835417074435,35.51478560827332],[113.39833225739727,35.51477864929199],[113.39828168736537,35.51476258941101],[113.39814050735703,35.51466643923583],[113.39805964951222,35.51453189741207],[113.39803136549314,35.514484834197496],[113.39797322435875,35.5142739406841],[113.39782280039711,35.513866969106004],[113.39774409263838,35.51360735752973],[113.39770777495926,35.513487567304836],[113.39764680892763,35.51325985942813],[113.39759106408026,35.513051652685625],[113.39754634294107,35.51293675820732],[113.39746001781256,35.51271497789344],[113.39738498791567,35.512531581024724],[113.39731086156112,35.51235039082082],[113.39714631809021,35.51204972347559],[113.39711553872846,35.5119934828791],[113.39698177482556,35.51174905676631],[113.39682999162238,35.51155003121623],[113.39670491403973,35.511385461410676],[113.39649239640366,35.511109620875814],[113.39636508312691,35.51096006243996],[113.39624341577947,35.51081713419599],[113.39599444800888,35.510524646699125],[113.39584023221852,35.510280319223],[113.39581970621474,35.51024780006008],[113.39568601626728,35.51003599062521],[113.39556530968459,35.50975565597743],[113.39554465652608,35.509707688096704],[113.39554416180148,35.509706540979025],[113.39544460396525,35.509475320263434],[113.39531609990561,35.5092234133502],[113.39518758892483,35.50897150461096],[113.39486355320611,35.50853970234774],[113.39452770243744,35.50829190911947],[113.39424621294262,35.50812785575784],[113.39411005247995,35.50811206811231],[113.39403873741892,35.50810424837219],[113.39400527616424,35.508104365820934],[113.39400501509685,35.50810436920239],[113.39397315925893,35.50810500080236],[113.39389980330743,35.50810645635941],[113.39357671065717,35.50823422049875],[113.39321973800128,35.50835430894458],[113.39300270588195,35.50838048505033],[113.39287844875415,35.50839547300477],[113.39271265422055,35.50836771216075],[113.39258195152527,35.50834582970836],[113.39257680974517,35.50834501447022],[113.39257673413867,35.50834495469913],[113.39257564103316,35.5083447709507],[113.39236326554595,35.508179342538874],[113.39231831091607,35.508121319348824],[113.39214753145161,35.50790088777027],[113.39207003398359,35.50778148543215],[113.39198447424214,35.50764966161723],[113.3917131447311,35.507245078806726],[113.39163038494362,35.50713527399913],[113.39146119647268,35.5069107956035],[113.3911599238899,35.50666230586871],[113.3907718456981,35.50640139996571],[113.3905339854656,35.506250609102125],[113.39029611958476,35.50609982056335],[113.38992447315168,35.50581031378836],[113.38972979435633,35.505558987509914],[113.38952507484365,35.50534193941486],[113.38944646603498,35.50512239371629],[113.38935744901465,35.50495710194442],[113.38922552214139,35.50476317886197],[113.38914258958678,35.50451109063206],[113.38903982065467,35.50425159765109],[113.38893704471923,35.50399210469918],[113.38880981729967,35.50378257367805],[113.38870670910337,35.503702246711825],[113.38865054971387,35.50365849678238],[113.38832510908964,35.503533504158874],[113.38826305075675,35.503509668783984],[113.38819959561499,35.503502400742136],[113.38784949852248,35.503462302951995],[113.38777851012185,35.503468184239686],[113.38762530588035,35.503480876332596],[113.38751402148033,35.50350137749809],[113.38748174950948,35.50350732277999],[113.38736739641269,35.5035283891603],[113.38711115649289,35.50363241478859],[113.38674679176378,35.503879946154335],[113.3864768569885,35.50406332505105],[113.3864738854348,35.504065346354096],[113.38638346509424,35.50412692158376],[113.38638242915464,35.50412747550871],[113.3861356619646,35.50425959114859],[113.38588889631099,35.504391711671616],[113.38562293411017,35.50444632908257],[113.38533683780867,35.504430911686676],[113.38502374719788,35.50436641833163],[113.38479621112295,35.50427195798149],[113.38437444303074,35.50403997117545],[113.38393456719716,35.50378006581749],[113.38367038759665,35.50361564557766],[113.3833905962825,35.503508078865465],[113.38299891468363,35.503416857609935],[113.38260724276682,35.50332563667252],[113.38217363223713,35.50327765283441],[113.38175938554085,35.50329996623395],[113.38145005519922,35.5033626187357],[113.38104123138507,35.50345481907532],[113.38103911445076,35.503455298789106],[113.38103857482157,35.50345542117545],[113.38102870173518,35.50345788588627],[113.38076332880931,35.50352460460374],[113.3804887599384,35.503593637082865],[113.3801094837308,35.503629392878224],[113.3798317883529,35.503592459555094],[113.37958739808685,35.50351246025879],[113.37930720504906,35.50339075614467],[113.37899037389353,35.50319909017418],[113.37858177091165,35.50285092394893],[113.37828356577992,35.502557234438356],[113.37828133120327,35.502555033085926],[113.37827853602886,35.502552280532825],[113.37798568622132,35.50227353761017],[113.37782822113131,35.502123649316104],[113.3776928482329,35.50199478918727],[113.37746006433319,35.501767989320875],[113.37722728073315,35.50154119166946],[113.37697630084915,35.501190856380276],[113.37677263085818,35.50090656157889],[113.37676616449673,35.50089753432263],[113.37676609786428,35.50089744192635],[113.37672531874735,35.5008405187508],[113.37661332181266,35.50055998704036],[113.37659647328465,35.50049913121212],[113.37653119807608,35.50026336291206],[113.37651773669819,35.50022874839753],[113.37650942520798,35.50021637042579],[113.37642988088434,35.4999768474453],[113.37632676251742,35.49958289408901],[113.37615370233986,35.49912591864859],[113.37613404502054,35.49907393309528],[113.37598094844662,35.49866905759959],[113.37582668671435,35.49821156158939],[113.3756724158342,35.497754064598375],[113.37567179217287,35.4977520441051],[113.37567101997277,35.49774954447378],[113.3755093488707,35.497538026916175],[113.37534116894325,35.497469818568305],[113.37520774054377,35.49739377292121],[113.37497160011748,35.49739365548064],[113.37489068947207,35.497449037445485],[113.37424003075333,35.49789440852471],[113.37357473223895,35.49826988296722],[113.37332730841567,35.49857991141802],[113.37311450560372,35.498863595105064],[113.37308044479373,35.49890900189708],[113.37285155922821,35.4990565494281],[113.37252663176986,35.49911062388837],[113.37208740011857,35.49924323569078],[113.37159634032274,35.499596198369495],[113.37152443786009,35.49963342762129],[113.37136660918647,35.499715151269065],[113.3711490921738,35.499852936212385],[113.37087162028841,35.49993468164467],[113.3706157753948,35.49995878424651],[113.37003627979755,35.49986559148385],[113.36956884187911,35.49995523391949],[113.36908421238661,35.4997266376555],[113.36880706270284,35.49972016224625],[113.36859518434247,35.49995080916862],[113.36850982533585,35.50015831944186],[113.36825018487313,35.5001881907738],[113.36767352189261,35.499837786641685],[113.36686398070205,35.50006824396628],[113.36683116002501,35.50035143874249],[113.36680582460475,35.50057003852629],[113.36647424219038,35.500695748810365],[113.36583212864346,35.50046204559703],[113.36528369859433,35.50036149854792],[113.36498835644268,35.50053875701067],[113.36466772904605,35.50073118882938],[113.36431843116556,35.50074995810852],[113.3640184535226,35.50062692698368],[113.36362497232548,35.50046554526986],[113.36311227650661,35.50038023114426],[113.36205391353639,35.500079119343766],[113.3616086158503,35.500162826151524],[113.36129454671753,35.500530274563225],[113.36109512063659,35.500689143421866],[113.36071772880427,35.50074421442735],[113.36037331040774,35.50092976075408],[113.36004485478615,35.501162675879534],[113.35981698373547,35.501345940484114],[113.35945624900835,35.501472202194044],[113.35906547755481,35.50146799339888],[113.35893525503306,35.501601598926165],[113.35864875592769,35.50177408728392],[113.35827205489989,35.50185297742415],[113.35789482158846,35.501825403272285],[113.35773057906343,35.5018864410588],[113.35714116243766,35.50193257118731],[113.35679118767946,35.502158481695886],[113.3565489344176,35.50224904206888],[113.35632748571301,35.502253369608226],[113.35600113941405,35.502259746309335],[113.35573112006578,35.50219826861124],[113.35525606411628,35.50209361674011],[113.3551645139182,35.502133310609565],[113.354893138639,35.502424698575425],[113.35470976474768,35.5026670466215],[113.35467530367221,35.50271259138508],[113.3551586511313,35.5045582313009],[113.35550218972833,35.50539054486504],[113.35557808436495,35.50557441622135],[113.35575507671538,35.50571238762481],[113.35602319993764,35.50610767197959],[113.35593998152068,35.50645260289028],[113.356138730434,35.50686831415109],[113.35619218604538,35.50699497291547],[113.35631999823785,35.507297807719716],[113.35662419589958,35.508134192105935],[113.3566315893842,35.50815451963032],[113.35669673739402,35.50833363893194],[113.35669408303626,35.50836791478192],[113.35664622336078,35.50898587910973],[113.35664600247148,35.50898872716459],[113.35670701563335,35.50924399271342],[113.35678552969446,35.50957247936341],[113.35711488084594,35.51006669391293],[113.35733389278144,35.51037710820074],[113.35737179040466,35.5103897092017],[113.3576854734925,35.510494003041934],[113.35774021963563,35.510512207023595],[113.35783759443554,35.510515920941934],[113.35812481715676,35.510526876058954],[113.3581235676486,35.51054665887482],[113.35812255794306,35.51056265976962],[113.35812121718666,35.510583881555945],[113.35812083830388,35.510589878291995],[113.35812003040303,35.51060268189381],[113.35811987661431,35.51060510964598],[113.35811987439028,35.51060514663281],[113.35811948867725,35.5106112489261],[113.35811947313546,35.51061150873448],[113.35811893763892,35.51061998734135],[113.3581177490471,35.51063880123034],[113.35811340449594,35.510707610718505],[113.35810973543549,35.51076572045904],[113.35809047591056,35.51107071385751],[113.3580606125269,35.51154363826298],[113.3580494718066,35.5117200749431],[113.35854139343569,35.51258778686777],[113.35903832592201,35.51295745569814],[113.35906600369422,35.51297804482708],[113.35960066498791,35.51371140883903],[113.36017638142442,35.51425324179287],[113.36018905580457,35.514258004454355],[113.36123779079068,35.51465205298512],[113.36192841840452,35.51513440864997],[113.36224843098486,35.5156895227338],[113.3623836291854,35.515924045888255],[113.36266393578819,35.51630219092836],[113.36271022487837,35.51668750132625],[113.36268412526148,35.516933020546624],[113.36268321303432,35.516941602052825],[113.36267820279875,35.51698873892747],[113.36267746245088,35.51699570237425],[113.36266908294455,35.5170745242058],[113.3624308989785,35.517594148374826],[113.36237695121908,35.51771184347871],[113.36234543983342,35.51880234301222],[113.36231375950392,35.519394252327494],[113.36227864713784,35.52005026952281],[113.36224653163599,35.52023245326999],[113.36221488668745,35.52041196967466],[113.36221487337824,35.52041204201985],[113.36217748179017,35.52062415764685],[113.3621768543956,35.52062512595919],[113.3620647484561,35.52079840038632],[113.36152916435454,35.52162620920645],[113.36152905258884,35.52162657001566],[113.36144222831346,35.52190666609328],[113.36137368513836,35.522127789507124],[113.36126381135662,35.522482245965215],[113.36135724514935,35.52319274743941],[113.36192810825906,35.52367623868189],[113.36204266786619,35.524129357334985],[113.36209238206067,35.52432598989694],[113.36197275013028,35.5251989606292],[113.36190671633187,35.5262489636189],[113.36170581135016,35.52682672176075],[113.3616010897666,35.5273828090682],[113.36160043519418,35.52738390495884],[113.36151143886322,35.52753322037483],[113.36125503162636,35.52796341094258],[113.36112338821633,35.528192202751875],[113.36086348967441,35.528643839320885],[113.36086346922538,35.52864389378462],[113.36075643556195,35.52912081939164],[113.36063971635551,35.52945132675814],[113.36037646746753,35.53019675625698],[113.36025855137117,35.531129052934936],[113.36025790551949,35.531130034214],[113.35982682142284,35.5317870673547],[113.3597719483789,35.53187069886121],[113.35967986449698,35.53195575799846],[113.35915916032569,35.5324367282994],[113.35859526802518,35.53296069912163],[113.35859359072768,35.53296225742593],[113.35859358759068,35.53296282785457],[113.35859356939953,35.53296676131177],[113.35859312403443,35.53306154199713],[113.35859305344657,35.53307659728934],[113.3585917751385,35.53334902176664],[113.35859024607316,35.533674651172994],[113.35842681467831,35.53470677152313],[113.35842616029795,35.53470787730517],[113.35796552663078,35.535487489476296],[113.35764013057205,35.535948955290365],[113.35764017943971,35.535949118326336],[113.35781167917533,35.53652982593524],[113.3578551054158,35.53667686551635],[113.35756721488019,35.53759269722216],[113.3574964908369,35.53848449371059],[113.35749521413295,35.5387094721329],[113.35749256014141,35.53917711410088],[113.35756948380005,35.53973646396819],[113.35758483172611,35.53984806559351],[113.3578828279021,35.54093051778213],[113.35801876166813,35.54119704809723],[113.3582375783372,35.54162608430245],[113.35823647315259,35.54163080852276],[113.35820030320063,35.541785473759624],[113.35814977888705,35.54200151754164],[113.3580130515826,35.54219324704589],[113.35801275067541,35.54219388907642],[113.3580120556843,35.542195379499454],[113.35786236989368,35.54251613005927],[113.35761009775004,35.54301551161442],[113.35711098671094,35.54359243356028],[113.35674443491455,35.544443069438536],[113.35637277075448,35.54511929364827],[113.35608661627974,35.545677504787065],[113.35552399871385,35.54651742687934],[113.35518830865186,35.54720748749549],[113.35500459153538,35.54761826884999],[113.35501989936085,35.5481415004531],[113.35502002155127,35.54814179541288],[113.35513394460767,35.548416484405294],[113.3551482255355,35.548450918392945],[113.35521134929563,35.54860312060785],[113.35538714316112,35.549137758628866],[113.35551971563972,35.54941147627077],[113.35558370205807,35.54977378866888],[113.35559734942395,35.54984314445525],[113.3556464141567,35.550092498747105],[113.35568836397636,35.550309817293815],[113.35592722231993,35.550566913789496],[113.35613902098535,35.551115388616196],[113.35613883073408,35.55111608344294],[113.35605860669709,35.55140781145155],[113.3560589688041,35.55140903250664],[113.35625602843457,35.55207290818568],[113.35632214969941,35.55250789132325],[113.35647549503395,35.55288299871444],[113.35647540441951,35.55288397091941],[113.3564349055784,35.55332006829221],[113.3564352305343,35.5533211873521],[113.35657344750726,35.55379726218683],[113.35670262758165,35.55395470424961],[113.35697621905376,35.55418203396345],[113.35703723721902,35.55444260598432],[113.35711859729709,35.55479003522179],[113.3573045423859,35.555062705523426],[113.35754341959687,35.55531979790934],[113.35785386836562,35.555590031498916],[113.35820159345242,35.555917704855425],[113.35839052666755,35.556292112912104],[113.35879246766166,35.55664780930141],[113.35912582566158,35.557092101106804],[113.35931220820297,35.55737930238821],[113.35946259461595,35.55765266519049],[113.3594628460373,35.55765450832301],[113.35950797038504,35.55798625490805],[113.35953811577329,35.558407396960426],[113.35937388958237,35.55887597279874],[113.35933892738637,35.55911121165199],[113.35926984059904,35.559576050361215],[113.35929071979248,35.55980645380407],[113.35929615130772,35.55986638536493],[113.35929644394233,35.559867151835824],[113.3594118217039,35.560169512765576],[113.35949106695489,35.56044426915705],[113.35949093182509,35.56044443669526],[113.35933652554179,35.560636347220075],[113.35928644032842,35.56064246204264],[113.35908119006716,35.560667520025746],[113.35905278794301,35.5606709873582],[113.35856572575321,35.560447841575],[113.35804266555866,35.560210856142845],[113.35788591723156,35.560142792646445],[113.35775424376455,35.5600856176928],[113.35732438052955,35.55999222971665],[113.35723653334945,35.56007643042542],[113.35703009600984,35.56027429457082],[113.35696618676042,35.56052276691804],[113.35690398023236,35.56082937687861],[113.35670543744897,35.56134224759746],[113.3566508959687,35.561424763003345],[113.35659414538655,35.56151062033674],[113.35656910205324,35.561548509129004],[113.35656195726129,35.56191221211278],[113.35652009047872,35.56230567824782],[113.35617209776534,35.56318503397187],[113.35583805445785,35.56393323295615],[113.35565948636022,35.56450976897127],[113.3555616250959,35.56482573075889],[113.35531225407651,35.56542684794177],[113.35508322134041,35.56611482305999],[113.35502781375253,35.56665397836308],[113.35490678258788,35.567383469234834],[113.35490303642605,35.5678634446975],[113.35490430930246,35.56788194812248],[113.35490675687427,35.56791752241866],[113.35492520291997,35.56818558575349],[113.35493401551061,35.5683136573291],[113.35490021332848,35.56839679203328],[113.35470566521126,35.56887528294629],[113.35470156872499,35.56888535745572],[113.35442843681476,35.569283343030285],[113.354383153115,35.569560535028884],[113.3543840320319,35.56956087286831],[113.35506721695498,35.56982347322427],[113.35616321713586,35.57011111834752],[113.35630487242184,35.57014829528872],[113.35647349067156,35.57043584747943],[113.35667768843206,35.57072270347637],[113.35686622751344,35.571082577406905],[113.35686678246144,35.571084880447046],[113.3569675262521,35.57150232761821],[113.35702983864542,35.57180650137612],[113.35686003761198,35.57208612994373],[113.35685204406948,35.57242076403187],[113.35685264663165,35.572422245283896],[113.35706306425445,35.57294016552815],[113.35706322613466,35.57294147428923],[113.35708639223023,35.57312876103771],[113.3570936340905,35.57337584209265],[113.3571004349318,35.57345581864103],[113.35712079525308,35.573695245416054],[113.35712127370103,35.57369644256072],[113.35723605442114,35.573983839219636],[113.35723596537935,35.57398448881622],[113.35720097205562,35.57423963609144],[113.3571920579391,35.57430463468383],[113.35700701818571,35.5746718174048],[113.3567686082026,35.57504004297027],[113.35645605297674,35.575307921373565],[113.35597368429916,35.575855427515904],[113.35563022610908,35.57628387506062],[113.35533773796922,35.57656474970722],[113.35529791323846,35.57660299300779],[113.3551973868329,35.576699526966436],[113.35483527864562,35.577099252850466],[113.35475271082126,35.57731900354856],[113.35475866970708,35.577522481894775],[113.35473160106153,35.57781386068757],[113.35473233677261,35.57781476627928],[113.35475055005794,35.57783718972267],[113.3548729437453,35.577987878491754],[113.35504553759756,35.57820037093547],[113.35532864077915,35.5783413480048],[113.35545944038273,35.57840648116918],[113.35555134422582,35.57845224705757],[113.35591482672406,35.578706904261935],[113.35620501809483,35.5788902818066],[113.3563685435984,35.579003423327066],[113.3568518823234,35.57909576554346],[113.35719825241071,35.57901546697161],[113.35721094284331,35.57901252633579],[113.35739999284733,35.57896870170654],[113.35745816906004,35.5789610559434],[113.35779011488799,35.57891743940495],[113.35851058906147,35.57859794543739],[113.35904132932991,35.57848575629759],[113.35930989797299,35.57853866696539],[113.3594764124267,35.57875354339064],[113.35953533033077,35.578941441102785],[113.35953539771718,35.57894215881947],[113.35956122471097,35.57921724037158],[113.35958693967203,35.579568886157375],[113.35959095931157,35.57962384705133],[113.35959151005615,35.57962577622097],[113.35967124153274,35.57990475588478],[113.35969015265903,35.579970923367725],[113.35976119482362,35.580051529918386],[113.35992954243403,35.58024254056828],[113.36029091307188,35.58042451358217],[113.36077426293843,35.58051683955371],[113.36120296115834,35.580566607803995],[113.36122046998729,35.58059357899339],[113.36124024997441,35.5806240467824],[113.36156988479146,35.5809375195351],[113.36170381744044,35.58125482802943],[113.36172681204647,35.58131162168627],[113.36183817707472,35.581586669973504],[113.36204370516266,35.58191711725424],[113.36217934971526,35.582292561352084],[113.36250442559341,35.58247196375912],[113.36287655911887,35.58307421729676],[113.36364097784414,35.58337480405688],[113.36522811810346,35.58399888128571],[113.36528449952493,35.58402105101388],[113.365387391973,35.58406150786367],[113.36764584079143,35.58494949135368],[113.36770437168512,35.58497250340097],[113.3678680429072,35.585288718780035],[113.36798567256285,35.58537489105605],[113.36801432352455,35.585395879064706],[113.36804666894356,35.58541957506852],[113.3680653258002,35.58543324210153],[113.36817229431998,35.58551160445454],[113.36840148892004,35.58556431584686],[113.36882150722776,35.585556057271724],[113.36896800213941,35.58549814783864],[113.36915821396798,35.58542295781016],[113.36939271156803,35.58533026044433],[113.36981314980947,35.58533629426405],[113.36982450790696,35.5853408247377],[113.36982511397059,35.58534106600866],[113.37002600406306,35.585421203882575],[113.37005581247804,35.58543309509755],[113.37027306717269,35.585519759428024],[113.37029157106129,35.58552714072389],[113.37133152262824,35.58583920707311],[113.3713592337935,35.58584752244826],[113.37170712843314,35.585951914713554],[113.3717077037981,35.58595208719876],[113.37170850543325,35.58595383476057],[113.37236052561045,35.58614948316723],[113.3723624861593,35.58614856333512],[113.37268724147174,35.58624600993287],[113.37321484718721,35.586015670072186],[113.37352817361474,35.585952279670515],[113.37392731411819,35.58582998196977],[113.37461026644634,35.58583082540039],[113.37515278984979,35.585820128874026],[113.37565988811618,35.5857958253575],[113.37603003232564,35.585718317619694],[113.37633861333693,35.58565370073487],[113.37651906941515,35.58575057294555],[113.37654711153921,35.58576562670119],[113.37656992610387,35.58577787411241],[113.37656998007193,35.58577969946338],[113.37657425794198,35.58592438846834],[113.37657626614696,35.58599231097349],[113.37637555510186,35.586310961907785],[113.3758227113721,35.58656503765732],[113.3757626424272,35.58660747484646],[113.37553111050293,35.586771046325914],[113.37558934637238,35.58711676101324],[113.37558947881128,35.58711680075051],[113.37574884958276,35.58716461626019],[113.37681831898838,35.58769274497715],[113.3770303569477,35.58779745214067],[113.377151435352,35.587843952563695],[113.37725270822165,35.58789660679452],[113.37808525767376,35.58827180132998],[113.37817561954661,35.58826680337082],[113.37842917495134,35.5882527778369],[113.37861963680304,35.58829005328789],[113.37862098153423,35.58829031687038],[113.37866364197812,35.588298666019064],[113.37866507323241,35.58829894591336],[113.37910693606554,35.58838542310169],[113.37910778704412,35.588385589206325],[113.37916734317594,35.58839724559232],[113.37990153239689,35.588407211241],[113.38058610704519,35.58825910809837],[113.38155363333969,35.58805646990491],[113.38215288522417,35.58816467303882],[113.3826528641578,35.58825494808551],[113.38278710845256,35.58830249605724],[113.3828156613696,35.58831260860142],[113.38338650086855,35.58851479478146],[113.38341095262784,35.588523454752746],[113.38366700095405,35.588614143806375],[113.38445117492041,35.58879437062682],[113.3845283692197,35.58881000379531],[113.38571689196084,35.58905069556599],[113.38600421030563,35.589087132057244],[113.38738568268644,35.58926231604334],[113.38812278437224,35.589370046464076],[113.38934034166675,35.58951718047362],[113.38958895229972,35.58956337571254],[113.39052941804324,35.58973812096499],[113.39053014792457,35.589738256953815],[113.39152099797839,35.589816461678645],[113.3926735952725,35.589793572710335],[113.39408798051568,35.58950855200848],[113.39462135725556,35.58981603846811],[113.39528323474956,35.59041458622832],[113.3953748426219,35.59097553557827],[113.39571323837077,35.59110042680386],[113.39578374291023,35.591126447643525],[113.39591841348121,35.59114699601383],[113.39628027248897,35.591202210111376],[113.39695679468193,35.59128662231451],[113.3973211574029,35.59145064962231],[113.39755590726068,35.591788533246564],[113.39796882868818,35.59207393316392],[113.39830116389848,35.59237932724916],[113.39830763695994,35.592385274967725],[113.3985555385771,35.59266172401836],[113.3986197882476,35.59330885419104],[113.39854671639893,35.59368395628694],[113.39852887146218,35.59377556246472],[113.39869091705971,35.59391306687379],[113.39886695935668,35.59406244819919],[113.39887864808672,35.59410630229451],[113.3989512972733,35.59437885652564],[113.39899328278808,35.59478174655273],[113.39905437546227,35.5949964085038],[113.39919409249495,35.59548732670588],[113.39940315456663,35.595910956895686],[113.39967239786166,35.59645652976893],[113.39979252527432,35.59696796922309],[113.39983415193076,35.59735863247293],[113.39986007830564,35.597725139939335],[113.39982721885846,35.59812952063818],[113.39985371568133,35.59843437403731],[113.39987286401895,35.59865467904224],[113.40007880169767,35.59902983283584],[113.40049140499778,35.599302994985386],[113.40132975160621,35.59928628331712],[113.40213632839877,35.59920902896315],[113.4032291689529,35.599187228118105],[113.4042811225369,35.59930080870641],[113.40514252688753,35.60005435903456],[113.40606785797559,35.60094120081008],[113.406289900149,35.60135272423558],[113.40657837737612,35.60148756419685],[113.40686721473863,35.60162257194983],[113.4068674036075,35.60162287362643],[113.40705602358923,35.60192465053741],[113.40710974363753,35.60193408295914],[113.40714751828301,35.60194071646931],[113.40786921562683,35.602067439013595],[113.40791920875996,35.60206883806698],[113.40796115018772,35.602070012437295],[113.40837895911994,35.60208171445253],[113.40898543287086,35.60182490396311],[113.40904740922922,35.601821550480786],[113.40914369420375,35.60181634295127],[113.40934436652223,35.601805489859146],[113.40934434886168,35.601807659904196],[113.40934327348621,35.60193774218189],[113.40934113002038,35.602197045195574],[113.40921225933586,35.60239536845794],[113.40921294397342,35.60239686039163],[113.40921411012467,35.60239939870588],[113.40934725375556,35.602689354373126],[113.40937360661539,35.602746743886904],[113.4094104164714,35.60282690778773],[113.40971186816819,35.603070483093795],[113.41018486687956,35.60317388732418],[113.41022455275781,35.60318256479423],[113.41024966619133,35.60317460885438],[113.41072612646406,35.60302366526448],[113.41093142206054,35.60277692526232],[113.41098213271441,35.602470057617616],[113.4109579876968,35.60216468935186],[113.41093604458206,35.601932680657804],[113.41103276648165,35.60166159464317],[113.41132704472676,35.60148442556643],[113.41165566698082,35.60145337812419],[113.41202450974848,35.601764077691655],[113.41219336926568,35.601969492461485],[113.41245984881913,35.60229365773405],[113.41277360132524,35.60239611389956],[113.41298933898491,35.60246656223996],[113.41325044873645,35.60249995337807],[113.41346892799929,35.602527891899186],[113.41365099771414,35.60255117602388],[113.41378292225353,35.60264346229483],[113.4141100465117,35.60287229529936],[113.41437631263813,35.60325844875976],[113.41448919536279,35.6035253352648],[113.41472442133374,35.60387540744048],[113.41485889282724,35.60436207411697],[113.41511450686968,35.60439365115874],[113.41521342378073,35.604195921641114],[113.41533860545938,35.60387532571711],[113.41545643418908,35.60331019524846],[113.4156367186077,35.602829449785254],[113.41600598029216,35.602649886901766],[113.4160535719829,35.60262674424276],[113.4169282665868,35.60293811254265],[113.41735108627806,35.603198758837394],[113.41744721382025,35.603258017599686],[113.41781903080131,35.60366651190327],[113.41801531848118,35.60394817506624],[113.41827306912242,35.604318034822306],[113.41866023501554,35.604738452305995],[113.41865986214869,35.604740139318665],[113.41848880183355,35.60551264088281],[113.41838307310242,35.60590989286326],[113.41830563105795,35.60620086583441],[113.41826030898261,35.60637115196087],[113.41824655628169,35.60642282660046],[113.4182429387802,35.60649128939245],[113.41823495817307,35.60664240498587],[113.4182316149399,35.60670568583824],[113.41820838914683,35.60714540272074],[113.41820875822668,35.60714688741906],[113.41827711601007,35.607421536993066],[113.41829576679832,35.607496476151],[113.41834472893079,35.607693197425384],[113.41855409045827,35.608178355273424],[113.41866653255802,35.60850525305264],[113.41871404389121,35.608643377616175],[113.41876089890586,35.60877959704025],[113.4187839503749,35.60884661233405],[113.41878404236002,35.608848457601894],[113.41878465576603,35.6088607650906],[113.41881259661054,35.60942081779902],[113.41881527263976,35.609474462842435],[113.41882175369926,35.60960436416962],[113.41881405255134,35.60968387001559],[113.41879985901377,35.60983040967236],[113.41874198495927,35.610427905510804],[113.41873033144023,35.61054822276702],[113.41873043447637,35.610549079380746],[113.41873469682358,35.61058428538086],[113.41881010682857,35.611207259553915],[113.41881982385526,35.611529864344206],[113.41882275258767,35.61162709710144],[113.4188233745837,35.611647747063124],[113.41882555165613,35.611720024629896],[113.41882617368212,35.61174067549171],[113.41882815235446,35.61180636599698],[113.41881475905444,35.611919913595464],[113.41880690465258,35.61198649539965],[113.41878041540595,35.61221104820993],[113.41874782282132,35.6122979621964],[113.41873280475224,35.61233801104082],[113.41872529155924,35.61235804410567],[113.41854466060043,35.612839719641904],[113.418545119723,35.61284199453564],[113.41865033302403,35.613363661756814],[113.41878113164428,35.613750230578695],[113.41899570422913,35.614384384869055],[113.41912727684823,35.61477323077255],[113.41958126097005,35.61492315253272],[113.42009735021061,35.61514522779086],[113.42100717085935,35.61550619489118],[113.42157335054169,35.615898533440436],[113.42177464109686,35.61611469808562],[113.42221477139606,35.61630158991676],[113.42247374578587,35.61644318876532],[113.4230075636785,35.617252129056915],[113.42302646352721,35.61727072984895],[113.42302720499745,35.61727145917967],[113.4231139791078,35.61735686157757],[113.42387177237912,35.618102664004866],[113.42387206008878,35.61810294654292],[113.42400277217087,35.61823158722071],[113.42406581123674,35.61829362903878],[113.42410391108042,35.618331126065314],[113.4243577498252,35.61859853564771],[113.42440021774554,35.618643274503036],[113.42440096197559,35.61864405783086],[113.42533273656626,35.61962562917866],[113.42535741601142,35.61965162684677],[113.42541574908414,35.619716458571055],[113.42560128921872,35.61992266724233],[113.42560355119468,35.61992518059908],[113.4256056305146,35.61992749220063],[113.42567941771745,35.62000949784297],[113.42568073315472,35.620010960744615],[113.42568211476014,35.620012495296635],[113.4261791198617,35.620564858424444],[113.42676318775914,35.620941105720924],[113.42676355240289,35.62094134074857],[113.42676388325359,35.620941553030534],[113.42689732014739,35.6210275104551],[113.42819745564826,35.62216484535623],[113.42997800416576,35.623112317578865],[113.4306886651045,35.62327087065212],[113.43071171053131,35.62327601161816],[113.43089024002019,35.623315841452126],[113.43108038134616,35.623358263091184],[113.43123440210158,35.623623351235885],[113.43126832859551,35.62376748291155],[113.4313600663112,35.624157209746784],[113.43203016572198,35.62459067244468],[113.43285430183,35.62528921766452],[113.43320284256427,35.62544820140888],[113.43363502400263,35.62564533876439],[113.43377261400548,35.625838129086794],[113.43403755544627,35.626209357401976],[113.43415041140278,35.62646454506894],[113.43415014338864,35.62646589662078],[113.43410482191459,35.62669432924239],[113.43403867904118,35.62679803201123],[113.43375360758789,35.6272449759552],[113.4331598613578,35.62788634781845],[113.43268347142535,35.628353698386675],[113.4325056013489,35.628843623889786],[113.43172599892098,35.62900718115748],[113.4317003500057,35.62936529592486],[113.43170082875864,35.62936627197848],[113.43232281484241,35.63063411152291],[113.43285789524275,35.631427893192786],[113.4339847859957,35.632477905724464],[113.43448738806389,35.633142909993886],[113.43451718504731,35.63318233551604],[113.43464242043325,35.6332423386767],[113.43559137015744,35.63369700293001],[113.43613504072368,35.633909673411104],[113.43658640164604,35.63408623235439],[113.43664648525035,35.63410973503009],[113.436647974138,35.634110316691775],[113.4367018586756,35.63413139580502],[113.43681983791855,35.634177545169784],[113.43716999119867,35.63415217005086],[113.43730141894646,35.63414264627835],[113.43730524144088,35.634142368864865],[113.43764152718977,35.63411799844867],[113.43813182050027,35.634108070138794],[113.43831387575881,35.634333244194885],[113.43831352923841,35.634335170395325],[113.43825951203499,35.63463519912048],[113.43824932212104,35.63469180242178],[113.4382389204726,35.63474957413392],[113.43817004732827,35.63536603442477],[113.43794878799406,35.63615722671647],[113.43794932370392,35.636159237766655],[113.43812680392863,35.636825901996176],[113.43891875713976,35.63835753136189],[113.43895310320957,35.63842395460073],[113.43912247378073,35.63875150519205],[113.43952208304407,35.6394943661875],[113.43963257602279,35.63969976702674],[113.4398442180933,35.63989024844318],[113.44004469202248,35.6400706760547],[113.4402925650731,35.64062975173017],[113.44041503251309,35.64119942247442],[113.44047670130958,35.64149855179232],[113.44064257384976,35.64176696184308],[113.44106373379783,35.64178702979068],[113.44112228390698,35.64178584069638],[113.44139646375409,35.6417802822388],[113.44213838976236,35.641694374902805],[113.44217535590175,35.6416900965636],[113.44222303227644,35.64168553154986],[113.44228981504611,35.64167914355608],[113.4434456656843,35.642342951835154],[113.44425122301597,35.64300895293783],[113.44518274356844,35.64365171218423],[113.44598895861377,35.644338364270894],[113.4464566231749,35.64472173123706],[113.4468223962847,35.645086490795194],[113.44690995315887,35.64513544753632],[113.4469389647129,35.64515166815835],[113.44728628474684,35.64534586587082],[113.44783887877708,35.64542370138598],[113.44785099037597,35.64542540760635],[113.44829710209876,35.64568810722252],[113.44829740365104,35.64568999413429],[113.44834041895817,35.64595899843563],[113.44834028281998,35.64595934809768],[113.44822392564356,35.646260098583745],[113.44742987985703,35.64649891327898],[113.44742286409448,35.64650102375362],[113.44740571938725,35.6465099014039],[113.44692409697129,35.646759292261855],[113.44646262085853,35.64740967131659],[113.44620115362602,35.64797327499536],[113.44613528689912,35.64830545227826],[113.4461358635549,35.64830644339614],[113.44618152939567,35.64838498183671],[113.44624222969536,35.64848937496443],[113.44673768088383,35.648566269806174],[113.44736215452393,35.64875293991453],[113.44768736105631,35.648639660027534],[113.44847456470738,35.6485887290448],[113.4491074962982,35.64857585276709],[113.44969358125883,35.64868799075119],[113.45063537203205,35.64883423858031],[113.45081413215134,35.648850569230014],[113.45087978847482,35.648856567603396],[113.45193097691906,35.64895259565425],[113.45338544310201,35.64929515148806],[113.45345832624264,35.649268899622584],[113.45376114724993,35.64915983137513],[113.45392578371859,35.64922776644247],[113.45504196123736,35.64933527088147],[113.45545118720214,35.64943418719943],[113.45584232972129,35.649528731696805],[113.45597737340576,35.649529313732494],[113.45661351109797,35.64953206686815],[113.45674339146254,35.649532240741934],[113.45798325571243,35.64953391572318],[113.45836603569825,35.64953442934865],[113.45881471015001,35.64954043083924],[113.4588180220986,35.6495404749107],[113.45868598780064,35.64943796997952],[113.45826838795521,35.649113761334526],[113.45821432859695,35.64907179128176],[113.45778663992228,35.648383594306615],[113.45776938182021,35.64835078290137],[113.45760663016677,35.64804135065117],[113.45757076512575,35.64797316308545],[113.45745393624188,35.64747774085113],[113.45737418419526,35.64686540668341],[113.45743410864802,35.6461672533204],[113.45749860562255,35.64561834862676],[113.45749249861701,35.64475560701892],[113.45749466740807,35.64459009869408],[113.45749501105254,35.644563811654095],[113.45749858684772,35.64429086230724],[113.45762301324774,35.64370754672245],[113.45765602286795,35.64345796893795],[113.45758847074845,35.64324363146875],[113.45729693851624,35.64301727315677],[113.45716793358419,35.642787595773534],[113.45703232459067,35.64234233725126],[113.4569438026013,35.64193605787405],[113.45686675058676,35.64158241162354],[113.456646838883,35.641039311269886],[113.45661535015144,35.640674894902524],[113.45632129130327,35.64036561685744],[113.45607294304577,35.64022134178004],[113.45594573118565,35.64016139194221],[113.45570169090192,35.64004638611615],[113.455351769815,35.639904181470854],[113.45498153453367,35.63976239005402],[113.45481191231558,35.639533538119295],[113.4548225846847,35.63921804266482],[113.45507297239044,35.63876490869763],[113.4550669897695,35.63856942008609],[113.45506434482893,35.63848299318902],[113.45495008255814,35.63835762083333],[113.45483821214964,35.63823487111152],[113.45481194407508,35.63820604971025],[113.4544412113955,35.638047672472204],[113.45425330897025,35.637885566882765],[113.4538252116928,35.637180768977586],[113.45340422079666,35.6367081347496],[113.453393064151,35.63634330174792],[113.45333778095497,35.63622624684158],[113.45333656302282,35.63622366680967],[113.45328439545035,35.63611320602591],[113.4532882632365,35.6359869220868],[113.45328944883249,35.63594823511185],[113.45328965977112,35.63594134521018],[113.45328969517591,35.635940192983746],[113.45329456708723,35.63578112655126],[113.45327482249307,35.635581221103564],[113.45327468178598,35.635579795852415],[113.45324368922473,35.63526599986573],[113.453235684915,35.63518495573796],[113.45323981130946,35.63517588396538],[113.45324017945141,35.63517507365362],[113.45330750059985,35.63502707050003],[113.45331186900464,35.63501746759697],[113.45335991935164,35.634947430538375],[113.45360931569111,35.63458391089835],[113.45369571060499,35.634353288906176],[113.45368696640901,35.634067391087925],[113.45351887543929,35.633918243318014],[113.45334219446755,35.63399813877321],[113.45326282746643,35.63403402825524],[113.45298888807602,35.63415790436378],[113.45274734617911,35.634366680812654],[113.452673966788,35.63443010568114],[113.45242394666333,35.63461684855612],[113.45233326335378,35.63468458120083],[113.45230478794159,35.6347058495956],[113.45211051779948,35.63474281019591],[113.45202638533104,35.63475881669573],[113.4516312131982,35.63483399892537],[113.45123815138571,35.63490924412254],[113.45107379035397,35.63494070784198],[113.45052393369743,35.63529519255112],[113.44976743753367,35.63576831056683],[113.44942420676043,35.6360041558308],[113.44891695768732,35.63622426388044],[113.4486789687917,35.636283482390084],[113.4484996076797,35.63632811255092],[113.44831108117228,35.636274730948685],[113.44859183924736,35.63592930219539],[113.44862631497959,35.635886884559426],[113.44868120467265,35.63572985615589],[113.44842642483397,35.63567361990465],[113.44816830506015,35.63561664551164],[113.44674536021556,35.635217798654296],[113.44583197779393,35.635006018298554],[113.44515879204215,35.6347399937159],[113.44454503288341,35.63443985324631],[113.44449566118172,35.63441152202717],[113.44446943805232,35.63439647398593],[113.44399120135004,35.634122040308725],[113.4436937003544,35.63361803973598],[113.4436645985509,35.633500556719085],[113.4436423877964,35.63341089167916],[113.44362476382051,35.63333973966943],[113.44361711399918,35.633236737659],[113.4435906010264,35.63287975145434],[113.44355543844567,35.632386878102245],[113.44356356161195,35.63199184411782],[113.4433780370013,35.63143170735096],[113.44334192052217,35.631322663184775],[113.44334162764427,35.631321779818066],[113.44321177242377,35.631028262059914],[113.44279645053763,35.63062536763283],[113.44235949039773,35.630173550717814],[113.44156751692803,35.629975727120126],[113.44105350784197,35.62964063844182],[113.44070362413173,35.62940093848619],[113.44008542274487,35.62895278684581],[113.43926183167146,35.62837717056207],[113.43880676181027,35.62799151955024],[113.43851481328663,35.62766837394613],[113.43820322736312,35.62736207887214],[113.43789463953598,35.627154439481785],[113.43760669304864,35.62696283409298],[113.43730060497231,35.62683740704281],[113.43678763310109,35.626535184612315],[113.43664166474949,35.62637360962327],[113.43663615031927,35.62635973009191],[113.43648052834824,35.62596803631159],[113.43623145803204,35.625458136281296],[113.43581354427332,35.62476747454286],[113.43591771355847,35.62396852021111],[113.43601701687247,35.62320687567766],[113.43651383844092,35.6203360479149],[113.43676072792526,35.61903928955475],[113.43677169937573,35.61855952846437],[113.43678080078536,35.618161577879846],[113.43632340842544,35.617713108738755],[113.43587006920981,35.61739805913078],[113.43469254118197,35.61707858033246],[113.433710692724,35.61673471871852],[113.43311912920765,35.61660497855121],[113.43295593732772,35.61642232535523],[113.43296434714024,35.61612177345779],[113.433082347914,35.615742908246816],[113.43317738183153,35.61505898011654],[113.43327678875357,35.614871020899386],[113.4337500666925,35.61430360489063],[113.43416605329512,35.61358000139076],[113.4342988179211,35.61304376038857],[113.43436892875503,35.61276057720727],[113.43438506210252,35.612360014401354],[113.43399453696837,35.61194463690172],[113.4333831312215,35.61161040177195],[113.43251928747542,35.61130477248986],[113.43241782001597,35.61126887253395],[113.43217241435853,35.6112011251868],[113.43179095833547,35.6110958181305],[113.43168664353247,35.61106702018739],[113.43068468783116,35.610682891601996],[113.43060482055033,35.61038123705933],[113.43068139275772,35.609989776577436],[113.43072139788441,35.609958880135466],[113.4307420047292,35.609942964692756],[113.43095431639767,35.60977899058997],[113.43097188275564,35.60976542329739],[113.43102699688349,35.6097228570786],[113.4311583354408,35.60938805571771],[113.43111556072581,35.60914341762701],[113.43094469852693,35.608934132884116],[113.43092776655809,35.6089133923898],[113.4308951826042,35.608873481278934],[113.43084887213753,35.608847647396196],[113.43081222461562,35.60882720212821],[113.43073965694091,35.60878671945878],[113.43071997300027,35.608775738565456],[113.4304454914632,35.60862261435693],[113.43017296984705,35.60838261233132],[113.4291970224773,35.60827233076014],[113.42866290236596,35.608153131746676],[113.42855250038038,35.60801094559732],[113.42853430591792,35.607697785634805],[113.4285156251504,35.607376271198845],[113.42850349014975,35.60731235806722],[113.42837384858721,35.60662957402863],[113.42831131877676,35.60630024601875],[113.42830788189855,35.606282143342355],[113.42830529686633,35.60626853224447],[113.42823297240204,35.60620856730779],[113.42821110613131,35.6061904379601],[113.42813148137068,35.60612442016324],[113.4276265394687,35.60570576515689],[113.427431276577,35.60543411458478],[113.4271092473336,35.605310633124155],[113.42666525618347,35.60524737429597],[113.42624963507805,35.604952480147006],[113.42608055769333,35.604623736581104],[113.42603475150477,35.60427806698613],[113.42592217926982,35.604063715054984],[113.42575615615822,35.60383599787882],[113.42543326421912,35.603683646553584],[113.42540306204207,35.60367389203194],[113.42495382971299,35.60352880956146],[113.4248439857933,35.603493334680536],[113.42450124627926,35.60326917354551],[113.42420673497936,35.602885186086446],[113.42408937892904,35.6025120739999],[113.42404358301091,35.602166403151706],[113.42394782052766,35.601922828250984],[113.42326497529619,35.601561095032764],[113.42279550127094,35.60123838913595],[113.4225721258423,35.600867407990805],[113.42214522891372,35.60019725102288],[113.42192229467462,35.59984070047638],[113.42173803275327,35.599582349380334],[113.42171920944848,35.59955595729092],[113.42149149397797,35.599040647247854],[113.4214189059294,35.59839224589147],[113.42141961341409,35.597829019594066],[113.42128895814619,35.5976005845152],[113.42091308702994,35.59744928530576],[113.42050491946425,35.5973997235276],[113.41960197114815,35.597360101019774],[113.4191244253487,35.597355251728224],[113.41855678860445,35.59729444437824],[113.418062006134,35.59730437963961],[113.41755129026637,35.59737239704318],[113.41700740272329,35.597513285004624],[113.41498523046414,35.59788599968505],[113.41438962319413,35.59807123738288],[113.41406807581691,35.59796215203068],[113.4137387246492,35.59759327648778],[113.41335246212233,35.59709556879115],[113.41326183754151,35.596433080653156],[113.41311343610528,35.59561289568944],[113.41288068624267,35.595516468730125],[113.412566951268,35.595667167539254],[113.41213125424996,35.59587807343633],[113.41197189540244,35.59590744070448],[113.41169165721568,35.59595908248622],[113.4111266314292,35.59598483641262],[113.41100370793912,35.59595281534564],[113.41066329828554,35.59586413809791],[113.41052591373702,35.59573448865777],[113.41040855083482,35.5956237331453],[113.41032964200078,35.59535092536829],[113.41024380820696,35.594847194566626],[113.41020067532465,35.594588112545594],[113.40970547363212,35.594583579712264],[113.40917666333044,35.59463748156963],[113.4085737091146,35.594577333857615],[113.40850607234225,35.59447078370074],[113.4082025686994,35.59399265710276],[113.40808703154991,35.59367725632195],[113.4080796274429,35.59364807111891],[113.40788654515003,35.59288698748577],[113.40795629785757,35.59226461242545],[113.40817303018177,35.59182703698629],[113.40787950356184,35.591471869662904],[113.40746921132974,35.59135009806639],[113.40701796049835,35.591041405341734],[113.40682781211389,35.59092854589101],[113.40640595899698,35.590678156919736],[113.40560003148818,35.59033321922158],[113.40487727523083,35.58981331901304],[113.40429458617716,35.589247294022584],[113.40400331389753,35.58892963946519],[113.40361838024516,35.58850983551967],[113.40329378134894,35.58796594837591],[113.40311585561837,35.58766781709625],[113.40250432858942,35.587318979290714],[113.4019203808498,35.586709643319956],[113.40177245626542,35.586474197867624],[113.40166051313348,35.586296022968234],[113.40143426027325,35.58582396538767],[113.4012386053735,35.58519244247863],[113.4010688124152,35.58483479065965],[113.40103045096033,35.5841423663795],[113.40082273916374,35.583698821472645],[113.40061847779812,35.58337073858849],[113.40038276002615,35.583173255186296],[113.39998674099232,35.58293564125173],[113.39990874499881,35.58269169077203],[113.39991736399764,35.582388248199486],[113.39976697494834,35.582087973245144],[113.39959238398359,35.58190397812067],[113.39951144219755,35.58181867612044],[113.39937960833602,35.58172984195772],[113.3992408285847,35.58163632721985],[113.39907622115219,35.581451866653616],[113.39808683775877,35.581471565806034],[113.39748398796787,35.58141135735104],[113.3972478543233,35.5811994348038],[113.39739997464471,35.580965344033665],[113.39711256237987,35.580812207314565],[113.3964187993468,35.58066715385179],[113.39566988679185,35.58045098548765],[113.39452078862888,35.580257248856],[113.39444395864265,35.58024429531904],[113.3938295159203,35.580090435505454],[113.39321502981547,35.57993656075167],[113.39296501453474,35.57988665379374],[113.3925570452026,35.57980521583868],[113.39241467098337,35.57950053239312],[113.39240843598124,35.57948718835051],[113.39239151640719,35.57948121165685],[113.3919483537365,35.57932467487556],[113.39121594137737,35.57942503972486],[113.39025086379021,35.57994483547262],[113.38982351303189,35.580211110781285],[113.3895632150683,35.58037329687923],[113.3889164640681,35.58102013809099],[113.38857582497728,35.58095006609148],[113.38830222456119,35.58089378447762],[113.38798131233587,35.58082776903175],[113.3877122211564,35.5807323635356],[113.38766244160136,35.580714714806625],[113.38743193559547,35.580632988524414],[113.38684077463523,35.5804233912248],[113.38658759487531,35.58039585518305],[113.38555949881446,35.58052655065566],[113.38519846107414,35.58065290104156],[113.38477626334756,35.58068509923248],[113.38421787296522,35.58055311018224],[113.38369773654017,35.58032350939117],[113.38292428570922,35.580615357183916],[113.38229365121397,35.580999737883296],[113.38182464527047,35.58132370273556],[113.38119399981747,35.581708078052905],[113.38054603675423,35.58190206941724],[113.37980106644346,35.58189178883183],[113.37969353172846,35.581890304404986],[113.3796139139636,35.58190656683482],[113.37928653672255,35.581973432733314],[113.37923691748256,35.581983567321565],[113.37908424948864,35.581900499389306],[113.37905661359486,35.58188546250652],[113.37898868307606,35.58184850153656],[113.37865609006855,35.581950430124664],[113.37790551435658,35.58222749047191],[113.37785284505698,35.58239313099324],[113.37779871420123,35.582563362325374],[113.3775760193147,35.58293973114187],[113.37753466753864,35.58300961858825],[113.3773733861624,35.5830693744704],[113.37716577070658,35.58314629568582],[113.37668930401094,35.583322826089166],[113.37478871868299,35.58338350337892],[113.37471853071881,35.583385742983474],[113.37334985954755,35.5834294189287],[113.37266960021977,35.58359903224755],[113.37220081609276,35.58353674391745],[113.37186152806713,35.58341230274775],[113.37152153707254,35.58326403458537],[113.3713426690262,35.58313643376432],[113.371066848151,35.58268025375999],[113.37062684938378,35.58269982203631],[113.37041495111453,35.58263962280605],[113.37006240608116,35.5824989841834],[113.36993654831723,35.58244877698031],[113.36992533757315,35.58237118142715],[113.36963066575002,35.58238221670571],[113.36957714222672,35.58238422101376],[113.36953038145637,35.58238597244042],[113.36938027227004,35.58239159288838],[113.36934026554476,35.582427115048695],[113.36920622335369,35.58254612944637],[113.36916959264127,35.58257865315433],[113.36916394202055,35.582583670475294],[113.36898211872773,35.58274510844654],[113.36853283873796,35.58284930391318],[113.36844396359808,35.58280275250626],[113.36798447679455,35.58256208025355],[113.36795500543353,35.58244669763904],[113.36783603263882,35.581980910279725],[113.36812007486287,35.58144545431104],[113.36827163395134,35.58121461392745],[113.36829969549444,35.58117187259359],[113.36843363435077,35.58096786916174],[113.3686037466779,35.58071679826099],[113.36876923883341,35.580472544284255],[113.3694276074678,35.57954174498564],[113.36967624089677,35.57857132164192],[113.36984423196745,35.577340240903574],[113.36951336728679,35.57644242895384],[113.36949533291228,35.57639349100374],[113.36896579804854,35.575844699722985],[113.36868902048737,35.575557852983344],[113.36863747083788,35.57550442793777],[113.36800958322885,35.57499228308807],[113.36774646986032,35.57470987613051],[113.36770824999311,35.57466885380816],[113.36767034791538,35.57451972931846],[113.36762573997409,35.57434421787624],[113.36780793884842,35.57409031284977],[113.36824609730458,35.57410554169157],[113.36883779589002,35.57437999355129],[113.36947723926701,35.57472675490929],[113.37125677455576,35.57527863721626],[113.37158169301875,35.57537939863667],[113.37251906551836,35.57538221314626],[113.37315761303691,35.57538412655567],[113.37369275468242,35.575122260071495],[113.37463291701664,35.574966815648345],[113.37538761062144,35.574732251702216],[113.37580265322326,35.57455754123164],[113.3762953749656,35.574498126788825],[113.37655296693,35.5744712225324],[113.37682165476666,35.57438009669265],[113.3777613778371,35.57423608992548],[113.37678826832975,35.57366502813055],[113.37650398328769,35.57339286542065],[113.37612039854969,35.57263656171218],[113.37602038002669,35.57250393874238],[113.37600507147367,35.57248364093793],[113.37581078146329,35.57222601143836],[113.37545459520743,35.57167749306843],[113.37535148028037,35.57144958546952],[113.37488627970549,35.57042136744785],[113.37519662472863,35.57013747807554],[113.37618703356671,35.56985753917807],[113.37694999244589,35.569790407658125],[113.37777922271638,35.56980876749849],[113.37844215664195,35.56995192847803],[113.37919106237635,35.57012810989855],[113.37983276521445,35.570271682353216],[113.38068529005831,35.57035900365164],[113.38096145949632,35.57019827841329],[113.38099966196093,35.57020809182407],[113.38117196594095,35.570252351029126],[113.38127869561957,35.570279767090135],[113.38139104741215,35.57023927643291],[113.3814760420274,35.57020864591562],[113.3819716013676,35.57003005081071],[113.38275889709975,35.56942086104903],[113.38280521234465,35.569398495736],[113.38334574887928,35.56913747459781],[113.38397013242712,35.56893916811531],[113.38450828655563,35.568703813800845],[113.38492934380201,35.56851966836519],[113.38549544819278,35.568422636192935],[113.38596428824549,35.568273178340256],[113.38618705914983,35.56820216242978],[113.38618917198569,35.56820148895449],[113.38657282002836,35.567551626353506],[113.38673446493723,35.567270654266935],[113.38673037157842,35.567132700832744],[113.38672622780038,35.56699304722333],[113.38658955037319,35.56668326347838],[113.38641452257393,35.56651312334196],[113.38619445271264,35.56625707197018],[113.38593602994062,35.56614066567653],[113.38580707961216,35.566071437375356],[113.38565534521325,35.565989976947115],[113.38539641063485,35.56585621917073],[113.38500852417057,35.56567293029564],[113.38466711553761,35.56539653442182],[113.38446428243365,35.56523232442172],[113.38418720321218,35.565203086483706],[113.38406553393509,35.5651919737296],[113.38371849698778,35.565160277721915],[113.38335958393922,35.565167377637295],[113.38333627203869,35.56516783874965],[113.38326016485239,35.56521811678657],[113.38279444918544,35.56552576797464],[113.38216562553436,35.56581597317247],[113.38202636288865,35.56587888825579],[113.38168338847815,35.56603383419392],[113.38149562981836,35.5660917297291],[113.38126228481846,35.5661636820694],[113.38094016479681,35.566048522830464],[113.38069425598829,35.565636725833535],[113.3804994259715,35.565424879304764],[113.38047471863045,35.56539801349551],[113.3803214541154,35.56524479554507],[113.38002365465546,35.56523331775975],[113.3798538801275,35.56524736832845],[113.37919703785063,35.56530172493446],[113.3784973157876,35.565350261184776],[113.37760375351648,35.56529037877477],[113.37749671471575,35.56528320558256],[113.37733671192,35.56526310297241],[113.37630243798789,35.56513315727006],[113.37551777539717,35.56518335132686],[113.37460467756058,35.56520134965348],[113.37407175856704,35.565142408190084],[113.37376986247469,35.56499211004365],[113.37370257400812,35.56487191053845],[113.37357406677694,35.56465182667727],[113.37312938426298,35.56433453085221],[113.3728664198259,35.56402847533294],[113.37263927643536,35.56370689342136],[113.37244576865595,35.56329572441188],[113.37240040175482,35.56322866514496],[113.37239348379029,35.56321843930503],[113.37221819125998,35.56295932881634],[113.37189692219718,35.56252103311799],[113.3716132217497,35.56212645835255],[113.37147934459071,35.561891962690055],[113.37132035613696,35.56142082956085],[113.37091195425837,35.5611028109095],[113.37064769994909,35.560752313203906],[113.37048959175415,35.56031080323292],[113.37038848326375,35.55995709530764],[113.37065451056493,35.559136724110125],[113.37112341490321,35.55843092494378],[113.37123895177673,35.55824171368504],[113.37143484966444,35.55792089330808],[113.37174584401274,35.557396048229776],[113.37188081193469,35.557052515246035],[113.37188107603905,35.557051936079894],[113.37205115824682,35.5566786448374],[113.3720686784431,35.556463907226224],[113.37207780394846,35.55635206517894],[113.37213934721433,35.55627592434022],[113.37235777741088,35.55600567814437],[113.37262093197754,35.5557040829608],[113.37268557425311,35.55543603773794],[113.37271134379004,35.55507983340229],[113.37263316374788,35.554888703315505],[113.37263687788132,35.55439954739657],[113.37260084833983,35.55379260855823],[113.37257457755288,35.55375213798084],[113.37248022299106,35.55360678677634],[113.37237286287521,35.55344139990353],[113.3720944337279,35.553224570448464],[113.37197695024001,35.55293046850255],[113.37176665957,35.55256408982422],[113.37131201576103,35.55190610553126],[113.37117684900534,35.551627171067835],[113.37084449081743,35.55142622002825],[113.37038482370015,35.55121295170251],[113.37014003967434,35.55090653106597],[113.37013393315208,35.55069916199874],[113.37040909849196,35.55018984532206],[113.37093756682481,35.5496607245193],[113.3713245241982,35.5492529514983],[113.37132825791453,35.54921943648422],[113.37136755179877,35.54886676656968],[113.37121513818315,35.54861781312532],[113.37119855731686,35.54805495276204],[113.37112739445875,35.54779665056452],[113.37109702906601,35.547686432396496],[113.37120150590823,35.547497596465604],[113.37124149939727,35.54742531039349],[113.37126447887215,35.547264625502706],[113.37132167963016,35.54686465039487],[113.37135296405768,35.54673169857208],[113.3713572234077,35.54671359647334],[113.37155482129667,35.5458738414547],[113.37174990205462,35.54522842089096],[113.37278206327875,35.54436710795972],[113.37287690046509,35.54402193907926],[113.3731369608516,35.54334451846108],[113.37299808732368,35.54278938766066],[113.37274752552457,35.54200758694941],[113.37233301097524,35.541600922992785],[113.37157288958463,35.541344101949406],[113.37145504980735,35.54130635719251],[113.37037624132513,35.54096080517978],[113.37087188162126,35.54053275463908],[113.37127751891467,35.540182426939396],[113.37160563503251,35.54003292936768],[113.37179741736787,35.539414071479484],[113.372224576337,35.539062362997186],[113.37234428347196,35.538373402829045],[113.37250845785154,35.537411785154944],[113.3728756953824,35.53645721216468],[113.37287857000696,35.53645420733582],[113.37288211619111,35.53645049908146],[113.37291065917059,35.536420661130684],[113.37291471545913,35.5364164193227],[113.37314037297398,35.53618051476765],[113.37331420798355,35.53604357260079],[113.37418191662988,35.535564319319704],[113.3747633086199,35.53524319861132],[113.37524444520601,35.53474498958457],[113.37589840880757,35.53405545549864],[113.37594029212276,35.53401129391622],[113.37610422074337,35.53363615224539],[113.37586891131106,35.53317351754801],[113.37597510370763,35.53281858656269],[113.37577963987414,35.53258383927739],[113.37454677580541,35.5318126341407],[113.37446889667319,35.53178375960775],[113.37444057803782,35.53151852814334],[113.37431801474906,35.53131829780285],[113.37398553165907,35.53103876171253],[113.37397566819524,35.53070410825191],[113.3739992514841,35.53031773079333],[113.37401573084301,35.53030543397544],[113.37439275453652,35.53002411830523],[113.37544019122363,35.529374586127524],[113.37592010054477,35.52907841635107],[113.37675230453225,35.528564822643204],[113.37675900116652,35.52856068994139],[113.37680587213202,35.52853176292862],[113.37681256876074,35.52852763022402],[113.37709503879395,35.52835330165922],[113.37724800766028,35.528514131243746],[113.37796668747852,35.528466637054024],[113.37817361937664,35.528452961279456],[113.37814431372412,35.52805301976026],[113.37771404884751,35.52770390105551],[113.37685901265782,35.527191505743986],[113.37640747346576,35.52671406212271],[113.37591084649267,35.52589420388167],[113.37573798513367,35.52568449223765],[113.37573043831286,35.52567533761216],[113.37568109004005,35.525615469345944],[113.37567438794399,35.52560733788276],[113.37520311402112,35.52503559034075],[113.37404632632655,35.52414074853981],[113.37395621767483,35.524004122359166],[113.37383265703785,35.5233451049232],[113.37359904389184,35.522099075016264],[113.3733684576954,35.52134635508576],[113.37341615212127,35.520607087421034],[113.3735293735751,35.519734009996476],[113.37340139845293,35.51932003593073],[113.3735776237294,35.51901366232565],[113.37375593445309,35.518798816890836],[113.37380124907484,35.518744218312854],[113.3738347140354,35.518308135589045],[113.37372706275079,35.518154598349945],[113.3735204863354,35.51785996559299],[113.37382831628676,35.51730489154774],[113.37440597089291,35.51714043998435],[113.37447128249049,35.5171218462593],[113.37533633035522,35.51722227612158],[113.37593811440684,35.517093805653076],[113.3764102174704,35.51705225217631],[113.37656029771645,35.51679130632421],[113.3766296340079,35.51646745469582],[113.37680274987383,35.51631892387306],[113.37742972636384,35.51620719649027],[113.37787510964083,35.51633536203467],[113.37804414689775,35.51643865665147],[113.37820523959024,35.51653709608486],[113.378870528901,35.51711084740765],[113.37984002936903,35.51779217757511],[113.38034446223668,35.51840695760926],[113.38080038032939,35.518946967277785],[113.38142165912716,35.519597297919056],[113.3820028155975,35.52045666419812],[113.38227752756066,35.52113276813704],[113.38296630797764,35.521046402621565],[113.38370372580057,35.521329829354485],[113.38414803815778,35.52158652683415],[113.38415265579428,35.521589194528474],[113.3841877433675,35.52160946624387],[113.3841923610066,35.52161213393659],[113.38419406542323,35.52161311841503],[113.38428226491439,35.52166407468185],[113.38450641771163,35.52198169453524],[113.38472485668782,35.522112310425264],[113.38539362061584,35.52205070747725],[113.38564026760106,35.52205021042448],[113.38570368912356,35.52205008256855],[113.38598907822427,35.52204950650619],[113.38599585725585,35.52204949307633],[113.38605011589087,35.522049383299546],[113.38605745699148,35.52204936865303],[113.38630083173943,35.52204887644416],[113.38702020579946,35.522013969945284],[113.38742343761028,35.52199440118341],[113.38829217917706,35.52202556644124],[113.38896714992643,35.52217343356784],[113.38962097743375,35.522273344960766],[113.39037384314261,35.522387412400526],[113.39044139459918,35.5223833067214],[113.39048767832884,35.52238049314555],[113.3907031046961,35.52236739991247],[113.39075150571145,35.52239218571451],[113.39082878379399,35.522431759878856],[113.3913201689292,35.5226491444927],[113.39147577479626,35.52314909051011],[113.39158468362746,35.52357605689788],[113.39175866224103,35.52383723319243],[113.39203438076338,35.523989108968536],[113.39240076076344,35.5239532292962],[113.39279274209959,35.523909111169495],[113.39280523115526,35.52390770542822],[113.39283417859656,35.52391444285095],[113.3934583239946,35.52405969703948],[113.39372144507246,35.52407951183997],[113.39454227194649,35.52414132108094],[113.3952119913015,35.52419174824339],[113.39536566294679,35.524184201311286],[113.39592771941213,35.52412302813407],[113.39626247385415,35.52408659301755],[113.3963901457492,35.5240840551189],[113.39664718916849,35.52407894512545],[113.39675752970668,35.52416486569456],[113.3967363859709,35.52418022903474],[113.39651560584456,35.52434063913236],[113.39632847641107,35.52468155886945],[113.39582395448889,35.52520471707141],[113.39570589772708,35.52545629746579],[113.39564553344279,35.52583867877678],[113.39538713711462,35.52619567433045],[113.3948992169116,35.52667451613604],[113.39436231099674,35.52731559847055],[113.3941158239313,35.52757445338768],[113.3938927364188,35.527808732910785],[113.39372525415853,35.528207901486844],[113.39339558061522,35.52858096928088],[113.39299682078826,35.52904337245778],[113.3926942060962,35.52972377828666],[113.39240385361255,35.53021334960479],[113.39206256531999,35.53045033490595],[113.39157793412653,35.53078685202697],[113.3914525416394,35.53090525143906],[113.39141877504211,35.53093713452626],[113.39136279183016,35.5309899950269],[113.39074588091118,35.53251660903924],[113.39038309442078,35.533854095824694],[113.3903206825662,35.53469928135292],[113.39035935930512,35.53505551913206],[113.39041681066551,35.53558467120203],[113.38992321036166,35.53649009370914],[113.38989982990044,35.536532981291955],[113.38968483366975,35.536927345117036],[113.38882619132428,35.53722055460975],[113.3886328494962,35.53778225074313],[113.38872792672723,35.53824569334477],[113.38875560240173,35.538380593845815],[113.38909545275595,35.539217806413085],[113.38959442342637,35.54010907961483],[113.38980379262189,35.54067709571465],[113.38991934491145,35.54103240910765],[113.3899589953176,35.54118896990633],[113.39031730084639,35.54146794749005],[113.39063638125688,35.541604660905236],[113.3909728731127,35.541650669334764],[113.39093892419946,35.5420342847108],[113.39105345919887,35.542328482823976],[113.39113172836524,35.54251096688072],[113.39123208232044,35.54274493908486],[113.39129243262973,35.543250212397666],[113.39149393525481,35.54341915554772],[113.39179230673776,35.54379617551312],[113.39237438207061,35.54405638701739],[113.3930091762304,35.54405613700521],[113.39346344010644,35.54408417563153],[113.39392247664867,35.544272705617274],[113.39438518712481,35.5445846895886],[113.39457049286406,35.544716890069964],[113.39469757962779,35.544924365212424],[113.39461899219096,35.545264216808604],[113.39461722906218,35.54527184314383],[113.39462447531675,35.545285136450026],[113.39469716439939,35.54541849027608],[113.3947680157857,35.545549950528844],[113.3948091476176,35.5456262653572],[113.39499350283656,35.54570665860363],[113.39516135386847,35.54577985403479],[113.39522953838176,35.545870928102666],[113.39538378300607,35.546076949913484],[113.39550763969856,35.54624238246557],[113.39556964706522,35.54631868933944],[113.39567950464216,35.546453880678435],[113.39577435933347,35.54657060950318],[113.39586192225023,35.54662943701835],[113.39601902375047,35.546734983342404],[113.39611367004414,35.54679856972021],[113.39655207274262,35.54730867485481],[113.39671342434411,35.54765134820136],[113.39679740963484,35.54793379428923],[113.39674858982312,35.54811870164328],[113.39670232695003,35.548293920559345],[113.39661904193572,35.548542635013014],[113.39661202318614,35.54881453849353],[113.39661827221381,35.54902441424938],[113.39661051722936,35.549271626628595],[113.39666465911361,35.54956701951521],[113.39697414020233,35.549807922554066],[113.39752716584414,35.550105744574466],[113.39832447660172,35.55048517310963],[113.39840626260154,35.55069354443823],[113.39860780012962,35.55086247416284],[113.39875884559495,35.55136593696275],[113.39955911804277,35.55184412074415],[113.39975348970177,35.551952550912524],[113.39976325891716,35.55195800050782],[113.39990002479004,35.55203429571914],[113.40001403783536,35.55209789768981],[113.4002704608863,35.552457845420555],[113.40039825500486,35.55263723223329],[113.40060980496918,35.55293418633426],[113.40063947735017,35.553016229860575],[113.40080776156306,35.55348154386226],[113.40069096924647,35.55394090191405],[113.4006452055583,35.55412089849943],[113.40038081523058,35.55482589321102],[113.4001347686283,35.55527607571723],[113.4001973787608,35.555635294319536],[113.40034094621552,35.55609892053439],[113.4007729344996,35.55666281911445],[113.40128968254521,35.55745826980739],[113.40110688323182,35.55828886347306],[113.40093610174507,35.558652731784896],[113.40084185311937,35.558972667510076],[113.4008513379447,35.55929053640249],[113.40096202800842,35.559521573725426],[113.4010518438998,35.55992265698459],[113.40134849808145,35.56029841501588],[113.40181277690357,35.56107370483516],[113.40193222485806,35.561778853077165],[113.40193769865408,35.561811169737325],[113.40197028396962,35.562003534039924],[113.4020367055221,35.56248989853286],[113.40226397117824,35.56260725977196],[113.40243204924796,35.56269405519137],[113.4032739783981,35.56308013826755],[113.40396854039241,35.56374480635713],[113.40413949428485,35.56389994171263],[113.40444866683417,35.564180506133795],[113.40466300209174,35.56456959604439],[113.40466818155298,35.564578998653275],[113.40508630969038,35.56467667238804],[113.40576315541576,35.564747975120504],[113.4063938375212,35.565011030845945],[113.40674938499679,35.5651407586871],[113.40694481454162,35.56521206380037],[113.40738974598011,35.56504562543692],[113.40744987944173,35.565078655363465],[113.40757895335786,35.56516900507722],[113.40762868850419,35.56520381950316],[113.408063516593,35.565109305111484],[113.40810139763026,35.56510342472385],[113.40922938278598,35.56492831899115],[113.40928228818167,35.56492010507518],[113.40940932963103,35.56490038282443],[113.41027876347124,35.56470419264836],[113.41108665926396,35.564401947276295],[113.41187003321195,35.56425514900206],[113.41229741997851,35.56391283139334],[113.41235113868164,35.56360022264031],[113.41246220577338,35.563142118337794],[113.41243227873312,35.56272789902989],[113.41246976029431,35.56222650612447],[113.4125933313157,35.561994298592914],[113.41260846865858,35.56196585335564],[113.41268519286001,35.56182167814491],[113.41285829002264,35.56158746681103],[113.41303398675345,35.56134973868646],[113.41319509274601,35.560515158752196],[113.41368652016928,35.5607717306003],[113.41416145411499,35.56084804102558],[113.41445886531984,35.56084208198364],[113.41508996642314,35.56087234653611],[113.4154795732238,35.56102188181988],[113.4160084579543,35.561075264003094],[113.4160751678101,35.56119864544035],[113.41662956021457,35.56154316865067],[113.41691254185008,35.561907951098476],[113.41793460778216,35.56212453959793],[113.41858173107342,35.56193373148094],[113.41895120316264,35.56155585680031],[113.4193940572991,35.56120614366732],[113.42022196210488,35.56099687846432],[113.42091021880336,35.560968234036935],[113.42118935849474,35.56096262545023],[113.42122331298967,35.56096194317875],[113.4216532933247,35.56095330245404],[113.42229074512396,35.561044217917065],[113.42278053209628,35.56104918931805],[113.4233976312417,35.56106641584687],[113.42419616333001,35.56089832577371],[113.42475557272647,35.560994642924534],[113.42551453576213,35.56090527555116],[113.42612940066336,35.56084844174377],[113.42679346652181,35.56122034592665],[113.4280419700328,35.561728652553064],[113.42919936221541,35.562098465418394],[113.42920072064557,35.562098900263074],[113.42929938249064,35.56223703206897],[113.4299883702391,35.563024164892866],[113.43051429946242,35.563628628925926],[113.43114175196462,35.56411661155375],[113.43210913201443,35.56497438282605],[113.43368550643073,35.56555671039554],[113.43371026197356,35.56556585503612],[113.4340207572702,35.56568055134161],[113.43528607450037,35.56582413917961],[113.43581470803574,35.56581345335585],[113.43664318795898,35.5654395979178],[113.43668049783668,35.5654227617498],[113.43685092134302,35.565345855652026],[113.43709536972742,35.565258504797576],[113.43720575380641,35.56521906026322],[113.43739191722487,35.56515253570312],[113.43743757383376,35.56513622064881],[113.437699536863,35.5650426098038],[113.43829394759338,35.56501627848485],[113.4384418705189,35.565076118465655],[113.43844336427442,35.56507672166138],[113.43850940137244,35.56510343614934],[113.4386306942629,35.56515250327175],[113.43915016730189,35.565464425582526],[113.43908408683158,35.56559449925275],[113.43904211550822,35.565690709692696],[113.43901103262696,35.56572694591473],[113.43896664277112,35.56581497164982],[113.43883209649775,35.56610134745578],[113.43880401406348,35.56616111914071],[113.43875110700075,35.56624517515046],[113.43865034994938,35.566383501124434],[113.43863064237436,35.566401647646096],[113.43858855308139,35.56646438785617],[113.43842516275758,35.56659085054558],[113.43836297904902,35.56663898073887],[113.43835553789305,35.566654960674654],[113.43821505006697,35.56695666189997],[113.43865634606357,35.567076466772086],[113.43939117171878,35.56706159154209],[113.4394592620799,35.56706191229496],[113.43966630038108,35.56706288676859],[113.44018483958693,35.56706532481108],[113.4406382005584,35.56725165889675],[113.44111239675367,35.56744655238467],[113.44274317513342,35.567341980401764],[113.4435784994822,35.567309857800765],[113.44478827229942,35.56726332380617],[113.44525056026983,35.56696367533704],[113.44582096472026,35.566723233947435],[113.44627759090291,35.566771179221846],[113.44664717442528,35.56683519508299],[113.44677964611692,35.567161495700006],[113.44672096930707,35.56753458958889],[113.44655514189667,35.56783833996145],[113.44637999411819,35.5679595493952],[113.44640985277515,35.56824180105],[113.44643517520296,35.56849875824754],[113.446649477335,35.568637445258744],[113.4470024424798,35.568730405030784],[113.44722956040064,35.568669523609415],[113.44786985151488,35.568469617494436],[113.4482044520189,35.56853433912539],[113.4486278383331,35.56864016608792],[113.44923141029591,35.5689139768316],[113.450088207224,35.56945440928092],[113.4505491531969,35.56994294649313],[113.45070194144989,35.56999346531885],[113.45157762455499,35.57053718590144],[113.45282197187018,35.5713097888241],[113.45288687930454,35.57224394362913],[113.45296204306825,35.57298621716456],[113.45305512286612,35.57342995100961],[113.45308985857932,35.5735955394105],[113.45310545346067,35.57366988561908],[113.45338535003303,35.57439524288695],[113.45363729887856,35.574842702984824],[113.45364711325178,35.57516434145682],[113.45365844325232,35.5754165166959],[113.45366985315496,35.57567047523373],[113.45407443530215,35.57625823038497],[113.45417853590861,35.576408033022794],[113.45436439026754,35.57667548055882],[113.45490076212695,35.577278427606956],[113.45528970373006,35.5775923385021],[113.45555979841154,35.57807554994598],[113.45599218851987,35.57861743556802],[113.45617240554358,35.57900165096118],[113.45640422571435,35.57949587625125],[113.45707131874957,35.5803342011987],[113.45736558943227,35.58051338595814],[113.45737636960851,35.580866064972845],[113.45737906653287,35.58095429527915],[113.45775829671379,35.58122486339139],[113.45809701052669,35.581466522216424],[113.45870542767096,35.581900596906586],[113.45885016494528,35.582038426266976],[113.46015089974907,35.58327705761206],[113.46084859957175,35.58453109330201],[113.46086508205599,35.58456071839183],[113.46101953886037,35.58483832880887],[113.46130539842056,35.58536588639375],[113.46198807504048,35.58662574376138],[113.46208603587303,35.58680652439266],[113.46212186597519,35.58687822364406],[113.46231350031863,35.58726169772949],[113.46301695636431,35.588669329489626],[113.46385659851394,35.59014464798173],[113.4646247809215,35.59101577428305],[113.46515365489078,35.591202102694666],[113.46624813903769,35.59148486823317],[113.46788968132113,35.591908945911385],[113.46889831335409,35.592342279608786],[113.46939035070628,35.59255366625279],[113.46941016605801,35.59256217832658],[113.46943012341328,35.59257075235928],[113.4701671151899,35.59288736887168],[113.47109802750683,35.59358947563894],[113.47136595946255,35.59415094936796],[113.47150108221057,35.59445626328706],[113.47169942689644,35.59477311649391],[113.47235089991247,35.5950036476883],[113.47314255266751,35.59519278549431],[113.4736385448962,35.59547784944739],[113.4742276909974,35.59623596478805],[113.4742729317988,35.59668432787957],[113.4742431611565,35.59691153550169],[113.4742287101795,35.59702181733071],[113.47413294499381,35.597752669324635],[113.4741296070256,35.5979736385516],[113.47412445137817,35.59831495035321],[113.47411742863699,35.598779942209525],[113.47412260496088,35.59927842036627],[113.47412542597743,35.599549994111314],[113.4741346317994,35.59956810563458],[113.4744935156677,35.60027413657259],[113.47449501163656,35.60030493876794],[113.4745175102009,35.60076820035824],[113.47453648965693,35.60115900115069],[113.47468507460891,35.60190049030093],[113.47496970790897,35.60348641909173],[113.47496933030025,35.60349657864758],[113.47496111467511,35.6037176605393],[113.47494995355231,35.60394967106304],[113.47494904610396,35.6039685228369],[113.47494195175324,35.60411599895462],[113.47504333613871,35.604802031702754],[113.4750611071078,35.604922276129294],[113.47532282933389,35.60576413327745],[113.47523337934645,35.60652276367684],[113.47527377640273,35.60660526868875],[113.47528614394925,35.606630526862176],[113.47537056478312,35.60680294164639],[113.47479002078396,35.60689251955243],[113.47388809042207,35.60715432814071],[113.47336909214928,35.60739425500575],[113.47319066408697,35.6074767389433],[113.47239195569206,35.60808363830182],[113.47226794848848,35.60865100855527],[113.47216943594526,35.60902530186929],[113.47216320446311,35.609333515638774],[113.47243895439618,35.60961026664501],[113.47265463436837,35.609978109132115],[113.47291714145479,35.61084562865799],[113.47309982623719,35.61116279953069],[113.47320277817269,35.61144309717883],[113.47332460181619,35.61182570262512],[113.47335681183496,35.61185071471004],[113.47347745144977,35.61219483379591],[113.47346529796042,35.61231061486458],[113.47410318610868,35.61260559717826],[113.47479245510503,35.61252724865269],[113.47570550631653,35.61205918839982],[113.477005859744,35.61149291740822],[113.4778022178958,35.61121671804013],[113.47780303556944,35.61121643451399],[113.4779186361279,35.61117634009921],[113.47791914813821,35.61117616287505],[113.47798834772514,35.61115216210082],[113.47813233985659,35.61127006343316],[113.4781338250426,35.61127128078046],[113.47887535547427,35.61187844573935],[113.4792847335786,35.61235349980543],[113.47928551175987,35.61235440282226],[113.47939708596097,35.61248387500611],[113.48018337600664,35.61327534466249],[113.48032188069273,35.613414759902206],[113.4806797925003,35.61380533075267],[113.48103575080657,35.61409767661254],[113.48107637752562,35.614131042173184],[113.48113161228152,35.61417640561872],[113.4812878316729,35.614157378330674],[113.48142949118684,35.61414012494251],[113.48153943013233,35.61412673451295],[113.48216286899404,35.614145652275184],[113.48320843344233,35.614947152000795],[113.4836128552596,35.61514104999399],[113.48405119337795,35.61538700506458],[113.48420036005002,35.615596395663125],[113.48424256524962,35.61565563898157],[113.48443475421709,35.615950635666934],[113.48465487928964,35.61610436722641],[113.48484614753166,35.61610042038245],[113.4851929522123,35.61609326324937],[113.48651519377026,35.616297875460994],[113.4866969609092,35.61632600161372],[113.48699078773842,35.616425448619815],[113.48724102347535,35.61650821018531],[113.48730773103058,35.61667879206063],[113.48732288810913,35.61671755062327],[113.48733770911686,35.616764943353374],[113.48741850957555,35.617023329065695],[113.48758728423329,35.61725725294776],[113.48789106025623,35.61733011307218],[113.48834577147733,35.6174086472982],[113.48853301567374,35.617398887749054],[113.48862530141903,35.617394077381945],[113.48862626257751,35.617394150321665],[113.48899626597046,35.61742234864722],[113.48919672861688,35.61745114228821],[113.48921900939261,35.617454342514286],[113.48923165849355,35.61746168199003],[113.4897129074297,35.617740897856045],[113.48997366589882,35.617768156917],[113.4899938007999,35.617770261587125],[113.49000071290357,35.61776777330798],[113.49026152987445,35.61767386290963],[113.49040006364366,35.617623980993656],[113.49042058771391,35.61762692900316],[113.49044887606357,35.6176309922592],[113.49079308689838,35.61768042921224],[113.49100062109899,35.61794353025749],[113.49108542632314,35.61805104009949],[113.49128443575637,35.61817442088853],[113.49143101959473,35.618035865436134],[113.49147405437391,35.61799518707336],[113.49205971449658,35.61799900461509],[113.49258834181093,35.61805181227942],[113.49289082264913,35.61766652951536],[113.49292087279693,35.61762825217509],[113.4929826258071,35.61754959542694],[113.49358927164977,35.617600782521194],[113.4938064880947,35.61775370832922],[113.49396788220864,35.617867332595694],[113.49437988581518,35.61787280916143],[113.49489398724184,35.617753747206606],[113.49551038085491,35.617610990142936],[113.49557679013726,35.61717419425015],[113.49565581754248,35.61665439756189],[113.49579903875193,35.61636118450694],[113.49609347756278,35.61575838110623],[113.49615577928813,35.615630829604505],[113.49615626999342,35.61562982561366],[113.49623222771777,35.61547431543668],[113.49629370398384,35.61545657946256],[113.49629423112268,35.61545642797627],[113.49690087883732,35.615281410750384],[113.497389635692,35.61514040264526],[113.49824547872912,35.61504375215951],[113.49834614917043,35.61503238305827],[113.49841638624113,35.61502445108047],[113.49879482564026,35.61522722748721],[113.49934461685332,35.61544467545299],[113.4999669550628,35.61546036356619],[113.500643145358,35.615517841763634],[113.50106286064107,35.61555626214715],[113.50115258846627,35.61556447533969],[113.50152000873126,35.61557994942932],[113.50224366927367,35.61561042286516],[113.502820485807,35.615636718994224],[113.50299796842957,35.615644808777255],[113.50385294727118,35.61538639561452],[113.50406519816424,35.61532224300144],[113.50478699286272,35.615157041891436],[113.50554719531347,35.614819394516196],[113.50618909360118,35.614620088193405],[113.50681370542316,35.61442829060673],[113.50720444958654,35.61432003045113],[113.50753213746904,35.61415586700232],[113.50825815662206,35.61412644166664],[113.5087316721221,35.61413380829674],[113.50878736458658,35.6141346752599],[113.50883853484954,35.614141636252654],[113.50930284081734,35.61420480203096],[113.50934873318842,35.61424186565602],[113.50937589710117,35.614263803238124],[113.50974311132798,35.61456036938106],[113.50986828958388,35.614922502223465],[113.51002646875327,35.61521958146303],[113.51023020073677,35.61557292593529],[113.5104905233544,35.6158322878361],[113.51067316500921,35.61601425470978],[113.51105214736735,35.616271384394906],[113.51110268651986,35.616305674394965],[113.51171506853053,35.6166062257599],[113.51178760974689,35.61664182789371],[113.51236548959035,35.61691584358467],[113.51261367221791,35.61728971102933],[113.512734618058,35.61751604557847],[113.51324559026541,35.618170498956594],[113.51326530749589,35.618520526233034],[113.51326617533512,35.61882803633161],[113.5133276449063,35.61911282481301],[113.51344252743652,35.61942510624847],[113.51358210430617,35.61968681012836],[113.51375736713429,35.61996922274041],[113.51412609621576,35.62027620351713],[113.5141772495674,35.620511144941695],[113.51420191922323,35.620739488032044],[113.5141245162554,35.6210444678609],[113.51411615409472,35.621077413984146],[113.51400015939788,35.621170224330676],[113.51396024639357,35.621202159638024],[113.5138683524935,35.62127568601091],[113.51391950483877,35.621510628437996],[113.51396681112651,35.621656229551455],[113.51398731905569,35.621719348649826],[113.51401644036059,35.62180897940038],[113.51407948140843,35.622143798156245],[113.51408277112343,35.62220052729269],[113.51408451654585,35.622230640421996],[113.51409853272062,35.6224723831874],[113.51418492538542,35.62271374089496],[113.51435773373338,35.62291753468156],[113.5148436547384,35.623050421407534],[113.51535316955642,35.62281807218712],[113.5157028778183,35.622517542393204],[113.51616389805064,35.62241493561499],[113.51704866677721,35.62241789738117],[113.51709171147021,35.622413887231644],[113.51734561136492,35.6223902335969],[113.5181565396044,35.62227315165049],[113.51876389617551,35.62208880372007],[113.51888541281843,35.62196448492279],[113.51907790195744,35.62176755555041],[113.51934828633526,35.62127691256344],[113.51950054242863,35.62100062203215],[113.51965967614085,35.620768435009346],[113.5198886087249,35.620527634824796],[113.52026275309505,35.62044828557506],[113.52109273542222,35.62065976777141],[113.52141290265583,35.62073360553678],[113.52160446305403,35.620777783396655],[113.5219516085641,35.620916541749395],[113.52201250013339,35.62094088016792],[113.5223545556898,35.62123409014998],[113.52251698594594,35.62136512030763],[113.5225792273439,35.621415329609505],[113.52262803159246,35.621465715888405],[113.52276933517832,35.62161159722654],[113.52283075157203,35.62164319985145],[113.5229040944445,35.62168094068258],[113.52314326428323,35.621804011640144],[113.5234592829223,35.62182599578919],[113.52347338819692,35.62181986343895],[113.52363210240439,35.62175085529055],[113.5235322209281,35.621638520822195],[113.52338834827292,35.62151995513048],[113.52330125584471,35.621257164403744],[113.52329137057055,35.62094269292604],[113.52329068490386,35.62071039243534],[113.5232904638163,35.620635185470114],[113.52330055628104,35.620398964964906],[113.52351197034719,35.62015852523374],[113.5237543615205,35.620067622989055],[113.52403940607483,35.62021898730551],[113.52422951429698,35.620415251720225],[113.52458750805083,35.6206580584502],[113.52489046547637,35.62087448792037],[113.52512308122633,35.62102348820876],[113.52536604387068,35.621089910866054],[113.52578407051683,35.62115265983028],[113.52617104646814,35.62115646080649],[113.5265501663445,35.62114254671205],[113.52685054671284,35.62117796157824],[113.52735760776733,35.621286515044815],[113.52774720987368,35.62137369350279],[113.52810744819912,35.621455527077366],[113.52853800310108,35.62145244611073],[113.5290500860789,35.62125693608856],[113.52938055949292,35.62108907984381],[113.53022889971231,35.620677906830146],[113.53048288593178,35.620630850813306],[113.53060707704401,35.620634200836506],[113.53090276210443,35.62052070854231],[113.53113242302693,35.62039668500111],[113.53156594605274,35.62025645460894],[113.53187602972257,35.620136697980655],[113.53212963733651,35.62007772709242],[113.53238737806484,35.62014978396837],[113.53257386709731,35.62027697675241],[113.53280675457499,35.62048663171578],[113.53303178362506,35.620678571071636],[113.53339521866693,35.62086163863696],[113.53408558179117,35.62099610555296],[113.53445067269331,35.621000340477664],[113.53493059153216,35.620942558939895],[113.53529323775929,35.62086936538015],[113.53562929587864,35.620647736029866],[113.53579104288434,35.6204536157797],[113.53598290735387,35.62028865991414],[113.53620182980121,35.62018082333354],[113.53628210526502,35.620554411607735],[113.53646529724271,35.62080801551557],[113.5368549519363,35.62094284164064],[113.53741846595803,35.62103585951851],[113.53777431588458,35.621209538122045],[113.53811496079156,35.62164099896605],[113.53845711626452,35.62212010532103],[113.53854664929304,35.62236614507052],[113.53892141233058,35.62276827715641],[113.5393203813319,35.623283660871095],[113.53933541425619,35.62330308029815],[113.53973094526404,35.62330226816452],[113.53978423692429,35.623410746575836],[113.5399208860044,35.623688899512906],[113.53991525701872,35.62369266822524],[113.53986107666242,35.62372894761588],[113.53975551673078,35.62379962902063],[113.53952503899946,35.62395395445116],[113.53851876432957,35.62436820463571],[113.538481128478,35.62437033614517],[113.53837645842194,35.624376265907166],[113.5378686573192,35.62440502877548],[113.53753201123835,35.624504602559206],[113.53744828294876,35.62453895380204],[113.53741224767218,35.62455373918194],[113.53658158318584,35.624894540025764],[113.53596998764785,35.6252542148189],[113.53571660842549,35.625482966337145],[113.53572628168378,35.6255064590134],[113.53599951391809,35.62573756360534],[113.53610051476157,35.62587360417226],[113.53644186409836,35.62596510477963],[113.53642393857432,35.626162865339566],[113.53615646424588,35.6268790785108],[113.5360431453211,35.62711832504317],[113.53612871519162,35.627531026623274],[113.53620929898601,35.62778592683457],[113.5365129365583,35.62821377234133],[113.53676513811254,35.628544009381514],[113.537066909719,35.628912677802674],[113.53739034978943,35.62920193559287],[113.53768900790188,35.62947197655081],[113.5377225253483,35.629767344182255],[113.53749464177704,35.63020638959682],[113.53745630026297,35.630523010126836],[113.53739255010773,35.63080068961693],[113.53737836906105,35.63111680088807],[113.53743791883517,35.631470834686304],[113.53761952297903,35.63186177228947],[113.53777260167129,35.63211514300076],[113.53790276669636,35.632408473072836],[113.53777277138916,35.632884931876944],[113.53758883670017,35.63318488312697],[113.53726616808476,35.6336851408409],[113.53737217232134,35.63397898062848],[113.53742611049537,35.63415548814533],[113.53739026309223,35.63455100901866],[113.53713258953682,35.63481303728632],[113.53699510162615,35.635052793997474],[113.53702737261507,35.63530871134655],[113.53699339434657,35.63576340748884],[113.53702816195423,35.63609822524207],[113.5369985500865,35.63669099714973],[113.53718078935849,35.63710165982267],[113.53728929405484,35.637474399793746],[113.53727511304328,35.63779051080156],[113.53709553319183,35.63822853736904],[113.5370470072972,35.63830766616835],[113.53691222306526,35.638527448260405],[113.53691158487902,35.63852848795138],[113.53688699941596,35.63856642739995],[113.53677561412343,35.638738309996874],[113.53673893775706,35.638794906282065],[113.5367040956548,35.638848672598634],[113.53671135899344,35.639078359806824],[113.53671326278112,35.63913856249952],[113.5367153234066,35.63920372460682],[113.53681361673578,35.63951431360515],[113.53661508985333,35.639857199203234],[113.53549607574264,35.63989948349193],[113.53460137830834,35.639962420228166],[113.53451012238507,35.639968839442766],[113.5344441016233,35.63997348299895],[113.53427370509546,35.63998546869524],[113.53362626816087,35.64015700348391],[113.53322482856994,35.640461526158106],[113.53294482769144,35.64078323056062],[113.53274416814686,35.64132038596336],[113.5326646894411,35.64222398635165],[113.53255920216469,35.64312045998021],[113.53218751265655,35.64360199791507],[113.53178854042149,35.64398541726826],[113.53111565549628,35.64411799789687],[113.53017259611404,35.64411808618584],[113.52910186880447,35.64390372936673],[113.52797970807688,35.64359175073371],[113.52711777551905,35.643096653821615],[113.52601420662309,35.64260662140769],[113.52564688591113,35.64236344434099],[113.52562415651005,35.64234839693487],[113.52465596693727,35.64170741566549],[113.52386780867893,35.64125022472547],[113.5231694907574,35.64057402292634],[113.52286189503141,35.63992899361428],[113.52266083534705,35.63985941580234],[113.52047500439961,35.640000560615434],[113.52021323853074,35.63999023215197],[113.51965209630877,35.639968090213785],[113.51956910818126,35.639951317861204],[113.51934018558626,35.63999672105602],[113.51874965321885,35.64000907863393],[113.51760463955696,35.63998709060478],[113.5166819501716,35.63987621953706],[113.5161637656188,35.63980282752697],[113.51572850264431,35.63968175981565],[113.5154578860248,35.639427085256344],[113.515086562128,35.63925108174783],[113.5146445697328,35.63921437495462],[113.51431697681517,35.639236531237245],[113.51411675572638,35.639432132011784],[113.51394033783217,35.63948941369554],[113.51363077229887,35.63948822137329],[113.51325319481181,35.63941188060434],[113.51276747500624,35.63917700401243],[113.51248238806559,35.63913661658512],[113.51239061860483,35.63912361572214],[113.51229177993466,35.639206130381645],[113.51223835167887,35.63925073434513],[113.51231993357663,35.63935578404467],[113.51250277908153,35.639591224170466],[113.51252017368797,35.63962958461917],[113.51115724899438,35.6401999023281],[113.51056902865703,35.640534001642735],[113.51052626379058,35.64055316416891],[113.51012262731867,35.64073402542895],[113.50923876501447,35.640865417393144],[113.50920123703459,35.640870995717364],[113.50900347954463,35.64090039279292],[113.50874540442248,35.64090840789005],[113.50783645085839,35.64093663169017],[113.50688719199914,35.64093256512084],[113.5064621475633,35.64088181700543],[113.50616136483632,35.640602008226814],[113.50616293120252,35.64018478686833],[113.50625208980962,35.63981075177723],[113.50632434634598,35.63927553202665],[113.5061272046025,35.639041242908284],[113.50528949687791,35.6388679649639],[113.50473954426094,35.638557577473435],[113.50453019997923,35.63823651277222],[113.50451229783384,35.6382090557435],[113.50446349860216,35.6381342131978],[113.50438681008548,35.63805815782605],[113.50408679797306,35.637760619819915],[113.50398455122807,35.637716141903915],[113.5039538459061,35.637702785197014],[113.50330227139716,35.63741934625614],[113.50243020052689,35.63707988725952],[113.50236669029407,35.63705426363845],[113.50233668450365,35.63704215698408],[113.50186827967427,35.636853172934714],[113.50051506155505,35.6365356176952],[113.50029957008427,35.636518800832604],[113.4999755075622,35.63616290477746],[113.49955348234724,35.63569941671566],[113.49807210510168,35.63435902796576],[113.49803902514957,35.63432909530966],[113.4980355076963,35.634325053377715],[113.49790374954907,35.634173617918876],[113.49768264430861,35.63391948804563],[113.49759080286,35.63381392889013],[113.49689300539916,35.63316089973647],[113.49594156464326,35.63298991366788],[113.49505530793778,35.633036892575696],[113.4936193309158,35.633003807913305],[113.49315345528828,35.63269071843687],[113.49277721224594,35.63232611816996],[113.49214321321023,35.63149515782391],[113.49142807296388,35.63098861233267],[113.48846687901458,35.630558567836346],[113.4874605084106,35.63052447955658],[113.48669385359531,35.63031688172857],[113.48623729206516,35.629550158127174],[113.48618445651537,35.62946142795915],[113.48431703595247,35.6297910392379],[113.48428589306234,35.62979653563032],[113.48389018828529,35.629866376467945],[113.48387498824336,35.62988281823432],[113.48303352968874,35.63079302222074],[113.48281429189942,35.6310301677813],[113.48266287747197,35.631193947574836],[113.48263915293163,35.631219609369694],[113.48227555682764,35.631612897936876],[113.48202536732073,35.6318835150884],[113.48149388083284,35.63228017064449],[113.48028427590367,35.63318289148035],[113.47925577586405,35.63352034008596],[113.47857867813579,35.63374248792739],[113.4781969549091,35.63421563536599],[113.47787402799555,35.63472768021372],[113.4773818803809,35.63543392289228],[113.47726651392215,35.6356610868561],[113.47723254432425,35.63572797358981],[113.47716165121538,35.63586756620438],[113.47713486943036,35.636135119819095],[113.4771311396739,35.63639266363955],[113.47723041470742,35.63658133705703],[113.47711318504273,35.63694610990912],[113.47716027143551,35.6373361088572],[113.47737492659672,35.637542843789014],[113.47736427569878,35.637569081601086],[113.47711395454759,35.63816082718846],[113.47724318610342,35.638406429249045],[113.47748862583394,35.6384758562589],[113.47750814929626,35.63848905889431],[113.47817125150569,35.638937461677116],[113.47826699636487,35.63900220541483],[113.47832178389402,35.639391007154074],[113.47829913046742,35.63971755181549],[113.47768196828306,35.63981248792423],[113.47760471450012,35.63992386485275],[113.4775946208084,35.639938416758454],[113.47760075118013,35.64013689957942],[113.4777001767063,35.64032584681619],[113.47772998774586,35.640382500856205],[113.47774694417795,35.64093145483643],[113.47750676189312,35.64099072675256],[113.47680718764242,35.641033729822844],[113.4761975211676,35.640935364427314],[113.47539136061138,35.64095795872612],[113.47465911290246,35.64107790748036],[113.4741171792863,35.641308370402236],[113.47383501990318,35.64162885174395],[113.47381813675727,35.64183898583334],[113.4741196982315,35.64214746980589],[113.47457744089542,35.64259577959706],[113.47499781260942,35.64296856961232],[113.47550477516427,35.643525779390274],[113.476073974205,35.64377128444198],[113.47614711121953,35.64386990622317],[113.47594270286427,35.64406005869012],[113.4756296902478,35.64413801550646],[113.47526146041491,35.64396942957466],[113.47479270600276,35.6439218531533],[113.47435024168527,35.6439690925679],[113.47437947136336,35.6441592069814],[113.47459608585419,35.64436454205704],[113.47517353424139,35.644905746264165],[113.47617128966385,35.645438302159455],[113.47700085141655,35.64609710724636],[113.47713895593785,35.64645955550492],[113.47715222228793,35.64649437160557],[113.47718008841387,35.64656750383202],[113.4779721932532,35.647356882597784],[113.47904478202048,35.64834935965663],[113.47988803834801,35.649018310505305],[113.48045636631507,35.64966308124552],[113.48098373885846,35.65075629499916],[113.48089489054614,35.65142952711597],[113.47994834189963,35.652150274817714],[113.47872100150465,35.65324979887835],[113.47807915888016,35.65436709824058],[113.47752405511687,35.65501301152056],[113.47712625960462,35.655475875901224],[113.47690794919292,35.655994430339206],[113.47640254944902,35.65631137029942],[113.47609442180686,35.65698911172988],[113.47615701099822,35.65730425910417],[113.47619868336264,35.65751408392014],[113.47628865131522,35.65761345183196],[113.47619617052901,35.658326798340795],[113.47607578816648,35.65886310022127],[113.47606813012743,35.658897216963545],[113.47605894429458,35.65896768948794],[113.47602366520947,35.6592383345389],[113.4760153709687,35.6593019671441],[113.47590921819715,35.66011630898214],[113.4757979189185,35.66053231592704],[113.47576491849603,35.66070305561448],[113.4757309211882,35.66087894887032],[113.4757176360451,35.66094768473895],[113.47576698514042,35.66105906916076],[113.47581045729602,35.66115718630305],[113.47582884782778,35.661198693372945],[113.47583406045544,35.66136745040351],[113.47583180051913,35.66162923667634],[113.4757676402158,35.66178851495611],[113.47482437606253,35.66209060574907],[113.47474341473827,35.662116533066936],[113.47462871538023,35.662153266130424],[113.47456919610734,35.66217232821412],[113.47450573008248,35.66219265264656],[113.47447831262194,35.662211497032686],[113.47437811974882,35.662280357260485],[113.4739337224962,35.662585779769174],[113.47382504603134,35.66266046960282],[113.47355708588134,35.66298743550089],[113.47352592854428,35.663025245388155],[113.47306572246339,35.663583721275245],[113.47267845816181,35.66410745663336],[113.47239842621975,35.664486168224364],[113.47182441745092,35.66522046673482],[113.47170737509164,35.665370189971796],[113.47128221204875,35.66611006777699],[113.47124985268562,35.666789127817175],[113.47123766450551,35.66715173774877],[113.47134519626084,35.667607246991054],[113.4715987476693,35.668250472835155],[113.47206486648122,35.66896561762855],[113.47242123338788,35.669539370474055],[113.472535716007,35.66972368654188],[113.47220419500572,35.669766521961854],[113.47203744894242,35.669788066797494],[113.47193445338367,35.66980137490384],[113.47180639786137,35.66981791962707],[113.47112548309065,35.66990589516064],[113.4708730175233,35.66995399627303],[113.470672670765,35.66999216625608],[113.47048497628481,35.670027926347196],[113.47033889804,35.66997650667294],[113.47027111450689,35.669952647235036],[113.47018626064236,35.66992277790874],[113.47017780807352,35.66991980237267],[113.47007298712654,35.66980911467626],[113.46991206681194,35.669639183388774],[113.46935429612046,35.66898312598321],[113.46880064620433,35.668460481715606],[113.46872613668084,35.6683678056701],[113.46865480203321,35.668279080263474],[113.46860390909332,35.66821577746038],[113.46836319948474,35.66791637953396],[113.46767705444536,35.66764437754585],[113.46634743527058,35.66691603235719],[113.46615750457964,35.66681979946758],[113.4660275790236,35.66677478293614],[113.46578788331486,35.66677015810812],[113.4655665031314,35.666731801996555],[113.46532704925542,35.66669031348316],[113.46529374548977,35.666684543565],[113.46436890599524,35.666677891556525],[113.46388057043103,35.666563449606464],[113.46341183657198,35.66645359872866],[113.463128289855,35.666360629636976],[113.46224200641521,35.66607002973261],[113.46187885266167,35.66590891442089],[113.46134537831075,35.66567223185539],[113.4603352437728,35.66523465940014],[113.46029969994515,35.66521926236765],[113.46029432539945,35.66521693409322],[113.45940202678985,35.66469878315714],[113.45895908801248,35.664170541956736],[113.45846926656698,35.663936086175816],[113.45681022017966,35.66356252865679],[113.45555742089044,35.6634115399373],[113.45408093240182,35.663020638209304],[113.45337242480085,35.66270913313804],[113.45332069603872,35.662527219751134],[113.45327962969354,35.66252718198798],[113.45303871020273,35.662480459046435],[113.45296280869506,35.662386647756634],[113.45294201440227,35.66218443535131],[113.45298367773746,35.66192067814884],[113.4529770001247,35.66102791169652],[113.45297425462984,35.660660904592795],[113.45297422825992,35.660657373139195],[113.45298330023326,35.66062966393636],[113.45324137118168,35.659841382070454],[113.4534134023908,35.65957438249134],[113.45391064370487,35.65880263535137],[113.45447579293133,35.65847652891535],[113.45545986360571,35.657908682404084],[113.45587990452378,35.657666298047005],[113.45647742650782,35.65690911739858],[113.45793973065317,35.65577668257155],[113.45918259755621,35.654769469527096],[113.4592211471426,35.65473822839391],[113.4592222900756,35.654737303122886],[113.45895590682142,35.65438515154839],[113.45760856032109,35.65450206902651],[113.45654855822654,35.65446410940095],[113.45610795515199,35.65438370308974],[113.45597750598125,35.653700976591416],[113.45592299502692,35.653108513281914],[113.45592277329958,35.65310610397779],[113.45595638700786,35.65280168930564],[113.45600829523858,35.65233160317478],[113.4560085199149,35.65232956769465],[113.45570202305417,35.65185902930912],[113.45486459796118,35.65185307801156],[113.4547565611616,35.65185230893087],[113.45409419371562,35.651847595203094],[113.4524518792094,35.651835897946945],[113.45088464908903,35.65311940036873],[113.44843617321894,35.65424201540769],[113.44728203433345,35.655904462048916],[113.44724967773391,35.65599810611243],[113.44722828847326,35.656060006792536],[113.44671169807357,35.65755503251487],[113.44669386124973,35.65836008419927],[113.44666859086568,35.65950062480583],[113.44621969203659,35.65996352199147],[113.44608945135117,35.660290387504794],[113.4460897391688,35.66029269186956],[113.4461512840756,35.66078499522353],[113.44648697849998,35.66106424732161],[113.44688716260141,35.66127351250427],[113.44729443179985,35.66148647958824],[113.44815384252651,35.662079294368105],[113.44886148763709,35.66229375720874],[113.44900307515857,35.66233099039963],[113.44933267061003,35.662417670927056],[113.44978632488028,35.66273265547186],[113.44978931339666,35.662741064213506],[113.44991417112915,35.66309241474162],[113.44991413887378,35.66309457423855],[113.44990654549238,35.663607504727146],[113.4498842531535,35.66364627793697],[113.44970683080061,35.66395486083124],[113.44935908929689,35.664638066516254],[113.44935968049528,35.66463978083523],[113.44945614103213,35.66491928311969],[113.44963445487477,35.66552818396805],[113.44991392855628,35.66648250367136],[113.45016789913706,35.6673497132166],[113.4504242488718,35.6677748144273],[113.4513263848868,35.668233233203466],[113.45210824603616,35.66857966568555],[113.45271142428675,35.66919673777703],[113.45283514770539,35.66938664808154],[113.45285184681003,35.66941228042982],[113.4529384800099,35.669545257182875],[113.45295420828757,35.669569400100265],[113.45299235116237,35.6696279455699],[113.45310381192535,35.669799031892325],[113.45313221029429,35.66983827073579],[113.45318303356245,35.669908491616],[113.45334163314774,35.67012762574857],[113.45393356917629,35.67094548396719],[113.4545618896355,35.67161924869273],[113.45491429820298,35.67199359173504],[113.4549866204396,35.67207041552886],[113.45503918471768,35.672126252242215],[113.45514182867853,35.67223528404948],[113.45526892329978,35.67237028694116],[113.4552686394572,35.67237230289965],[113.45526709135761,35.672383293546105],[113.45523187125062,35.67263347740297],[113.4552188347165,35.67272608132761],[113.45521946351326,35.67272689022495],[113.45536529541275,35.672914422858405],[113.45546606054751,35.67314196278203],[113.45559201917717,35.673426386821376],[113.45584100650088,35.67389962975539],[113.45603668332035,35.6741634973078],[113.45627571092524,35.67431168211306],[113.45636775121548,35.674376600126855],[113.45653934486504,35.67449763023423],[113.45670924499154,35.674685491450866],[113.45685688568035,35.674912072114076],[113.45712111050705,35.67511713987785],[113.45736248788353,35.675341806672485],[113.45769760479916,35.675564557511265],[113.45812704648934,35.67580451359765],[113.45856118522025,35.67619743655389],[113.45903787351747,35.67643983424704],[113.45910702068913,35.67654228383775],[113.45910709142217,35.67654458808921],[113.45912039935423,35.67697811240991],[113.45912281773978,35.677056893671015],[113.45912627689968,35.67709687758941],[113.45912801579902,35.67711697522725],[113.45915904946648,35.67747572784844],[113.4595084923747,35.677767758669674],[113.4595478577544,35.677800656486454],[113.45956535815208,35.677815281743065],[113.45956950967202,35.67781875048553],[113.45966167784586,35.677895775539625],[113.45978157078187,35.67799596738741],[113.45978278467328,35.677996983244434],[113.46042169214827,35.67825092288613],[113.46108279130178,35.67846626251864],[113.46148661121673,35.678304757029345],[113.46193714445405,35.67812456790128],[113.46356931623579,35.67809807200437],[113.4651469798382,35.677955824553635],[113.46571060347691,35.67807590893036],[113.46596814601982,35.67808970292378],[113.466214344605,35.677935752091045],[113.46647266791956,35.677774217089826],[113.46678911802218,35.6776358262959],[113.4671207944207,35.6774907802686],[113.46713552801971,35.67748433417329],[113.46713557166403,35.67748431706021],[113.46778679651607,35.677199520244876],[113.46783650407487,35.677177782004556],[113.4678414835053,35.67717560304593],[113.46789107226874,35.67715391677564],[113.46826364659962,35.677108131375896],[113.46900187344117,35.67718821772592],[113.46929873815388,35.67715304585898],[113.46981790655965,35.67709153397876],[113.47010039447603,35.67705806351769],[113.47021752047007,35.67706271042657],[113.47028834936668,35.67706552175683],[113.47086142182472,35.6770882597528],[113.47093945391634,35.677091356172355],[113.47196080677796,35.67740248331272],[113.47196587224678,35.677404026299904],[113.47203813465981,35.67742590499029],[113.47296864323731,35.67770763718112],[113.47458809204954,35.67792227288723],[113.47524833843413,35.67810894340509],[113.47589141356056,35.67849621504141],[113.47661654842311,35.67889132951426],[113.47728034475405,35.67919234386432],[113.47829277269425,35.67942896102585],[113.47894165460791,35.679625381154366],[113.47928243601497,35.679685109374574],[113.47980377708387,35.679552141314375],[113.48008911246608,35.679315662244235],[113.48026890778257,35.679083098821756],[113.48052148290435,35.678181532406064],[113.4805767270772,35.67783605004832],[113.48061939284814,35.6775692256549],[113.48087932178984,35.67706336113252],[113.48088009459876,35.67706185763147],[113.4808931643227,35.67703641934957],[113.48089321229827,35.67703632825942],[113.48090570604073,35.677012010093996],[113.48090573217988,35.67701196270255],[113.48096109507887,35.67690421552144]]]]},"properties":{"code":"SXPR-P17","name_short":"南方红豆杉","merged":true,"area_km2":235.453}}]}