{"type":"FeatureCollection","features":[{"type":"Feature","geometry":{"type":"MultiPolygon","coordinates":[[[[112.38654866088706,36.96021314579984],[112.38697283309789,36.95985059919266],[112.38717076282096,36.959585089530854],[112.38746584526426,36.959189253110296],[112.38813899663813,36.95863307644023],[112.38902111688482,36.95813405077232],[112.38979006029346,36.95794625560889],[112.39045743487154,36.957890762507674],[112.39106410726228,36.95776445887345],[112.39128837203761,36.95784526948193],[112.39202013341183,36.95806316653296],[112.39265997736068,36.95812718172546],[112.39341492905405,36.957987206248696],[112.39412446025113,36.95780008127839],[112.39477523997398,36.95764940086117],[112.39532467959262,36.95764294483061],[112.39601190015941,36.95786134154547],[112.39731519319872,36.9576552940215],[112.39758544990309,36.95759591764813],[112.39823238798128,36.957453780848944],[112.39838301904236,36.95738656163258],[112.39864031317903,36.95732393241697],[112.39892843930623,36.957322921901614],[112.39923451683038,36.95732885137015],[112.39941860793373,36.957324297551935],[112.39961794212927,36.95734101959274],[112.39980325491969,36.95740320057127],[112.40011474682653,36.95754256441375],[112.40051280281637,36.957704746242996],[112.40069785635438,36.95775262617577],[112.40099834471869,36.957777687868315],[112.40117469696173,36.9577307542693],[112.40133021702205,36.957658354075484],[112.40140400226538,36.957622050801554],[112.40153276688939,36.95755869787757],[112.40148706333753,36.95739903629483],[112.40133954561652,36.95712996173312],[112.40126959516115,36.956943885600396],[112.40112291651475,36.956720572323796],[112.40107267162607,36.95649171853892],[112.40106068922353,36.95643714047976],[112.40102889943131,36.95618651032346],[112.40102180135126,36.95613054742668],[112.40099696136197,36.95568265828531],[112.40096851319666,36.95536700212346],[112.40093492403422,36.954984338728664],[112.40103542768202,36.95473341336738],[112.40104555692363,36.95470812401516],[112.40105931875824,36.954583480238824],[112.4010761291119,36.95443122585355],[112.40112427559846,36.954378353826066],[112.40122754575941,36.95426494623789],[112.40145111008727,36.95414549469739],[112.4017277813278,36.9540063440066],[112.40186557041642,36.95390697519006],[112.40211612176705,36.95363939873443],[112.40224796980014,36.95354009963808],[112.40242383986899,36.95341167323039],[112.402597521343,36.95327731311309],[112.40268781605893,36.95321559825098],[112.4027700188758,36.953159414741954],[112.40305882077114,36.953017972345414],[112.4032328761911,36.95293652974483],[112.4034198234926,36.952829188034734],[112.40365384481173,36.95271342277488],[112.40379463396137,36.95261592372149],[112.40390774636013,36.95251159951417],[112.4039762203607,36.95235821754919],[112.40401384268674,36.95220710781818],[112.40413909373885,36.9521693905681],[112.40441897993631,36.952141287061664],[112.4046914934748,36.95209991979865],[112.4049000714131,36.95207075222788],[112.40517999195123,36.95204455397191],[112.4053409835718,36.95201213390631],[112.40544499198023,36.951982295601134],[112.40560248693639,36.95188888730275],[112.40595073464416,36.95170167717343],[112.40632703482451,36.95148934057083],[112.40657410390905,36.951356727383605],[112.40670800761356,36.951281461506504],[112.40677166759956,36.951245679453436],[112.40717071290506,36.951107449397774],[112.40743298097827,36.95102614814365],[112.4076993689481,36.950910467944034],[112.4080540780562,36.950816625534756],[112.4082578648651,36.950785601471644],[112.40841137414424,36.950734194258985],[112.40853002007607,36.950725157941356],[112.40868248747941,36.95074623487305],[112.4088894968482,36.9507312969367],[112.4090086076902,36.9506417733838],[112.40930183316881,36.950421384196424],[112.40959001255713,36.949941173928785],[112.41026247911252,36.94936104225758],[112.4104980430774,36.949218849209394],[112.41074873878419,36.94902351613006],[112.41093381441117,36.948880186738826],[112.41112608667056,36.94874058732602],[112.41140901931807,36.94862088736139],[112.41160797634822,36.948586101021185],[112.41178023726513,36.94852111624157],[112.41207898004662,36.948421252636194],[112.41227788341072,36.948383605099345],[112.41257625609104,36.94839245194144],[112.41282486373596,36.94840856580107],[112.41312552448703,36.94841261677257],[112.41342790120085,36.948445253733084],[112.4137728821531,36.9484688004915],[112.41400126166992,36.94848324528868],[112.41418629051117,36.94853062714055],[112.41432299625,36.94853472028008],[112.41451340802199,36.94848763472751],[112.41480482315109,36.9484221801962],[112.41500741191074,36.94839115798855],[112.41529433254858,36.94829476457029],[112.41567515594973,36.94816864373808],[112.41595864380449,36.94807944189741],[112.41636039537904,36.94792875276158],[112.4168231472735,36.947800220141076],[112.41702805791584,36.94760610593557],[112.41728663860975,36.94732695916675],[112.41737831335122,36.94717710668656],[112.41756027153312,36.94699470842263],[112.417823046645,36.946749839023894],[112.41816539230813,36.94637528554415],[112.41860559854217,36.94589657613912],[112.41887666534876,36.94561870666922],[112.41919038371572,36.94533460628228],[112.41943481527953,36.94504863392618],[112.41953747813056,36.94492852423333],[112.41966696167992,36.94470383843388],[112.41966787107353,36.944560790792615],[112.41967361188331,36.94431412741091],[112.41976370268215,36.94417928669576],[112.4198477876641,36.944108739259185],[112.41996403161856,36.94401120747695],[112.42017462773464,36.94391631067428],[112.42026961627775,36.9438734558253],[112.42034774642532,36.943832948771586],[112.42051083637949,36.943748392916355],[112.42072593875025,36.943736284007656],[112.42103579481947,36.94374866830321],[112.42120372982197,36.94375559827365],[112.42143253819496,36.943761799315176],[112.4215951774417,36.943763427492776],[112.42191959263572,36.94378147553988],[112.42214388202495,36.94383218981882],[112.42236324272926,36.94387342728792],[112.42253509427903,36.94391523262517],[112.42282000477009,36.9439599349092],[112.42333482285555,36.943948465189],[112.42374931040575,36.94389821383087],[112.4237577014338,36.943897195987596],[112.42453497905088,36.94380295665888],[112.42536617935617,36.943781061436475],[112.42607904977456,36.94378442239589],[112.42651160767362,36.9438865038587],[112.42679947584885,36.94419295746611],[112.42679018578248,36.944491061894794],[112.42686931046384,36.94475234539669],[112.42727106961851,36.944795195741605],[112.42759258860445,36.94451717682528],[112.42808320567389,36.94454703657758],[112.42816300223818,36.9448440695705],[112.4282643212624,36.94549843466564],[112.42834144944682,36.94565246298196],[112.4281116824103,36.94607241698589],[112.42782118772784,36.946421582063486],[112.42766783522251,36.94736694431783],[112.42757809218236,36.94812850091677],[112.42740382184826,36.94881717077432],[112.42715294114322,36.94922068903015],[112.42659678572959,36.949978313689584],[112.42597673335422,36.95065521026067],[112.42562487369662,36.95128737229854],[112.42469478402143,36.95238322923562],[112.42470146919011,36.9535393595386],[112.4245676338848,36.954327665578745],[112.42325783721148,36.954975117318035],[112.42249078733887,36.95525846339137],[112.42133188598655,36.95603520308057],[112.42071331053798,36.95631675932363],[112.42034316572638,36.957179406000876],[112.42019066686711,36.95776529564353],[112.42046570856986,36.95817919513609],[112.4210255542503,36.958732720928815],[112.42136044652916,36.9591697407786],[112.42145396957632,36.96020563427329],[112.42123298322208,36.96110225662561],[112.42112437584527,36.961252552395294],[112.42101576806455,36.961402848971794],[112.42029480505619,36.96184630234445],[112.41990347895712,36.96212990381903],[112.41971103838952,36.962325304517044],[112.41951019892407,36.96260388483344],[112.41934177731609,36.96283749793323],[112.4189783011619,36.96318155462334],[112.41807506817658,36.96382194820322],[112.41805519776538,36.96390264221035],[112.41789549150079,36.96455119435354],[112.41784793323238,36.96479015626722],[112.41723853625138,36.96469998491327],[112.41686726260866,36.964704416602146],[112.41631998528442,36.96483014355655],[112.41589971269546,36.96499607281855],[112.41567216951371,36.965141822828876],[112.41567280020334,36.96557688369632],[112.41571176834451,36.96587443100867],[112.4157420033199,36.96610529322],[112.41569458312938,36.96621170495484],[112.41569262091245,36.96636239355826],[112.4156986336961,36.966558758395145],[112.41572022198925,36.966697722406266],[112.41568956766285,36.966839216865004],[112.41563535315964,36.96712021461794],[112.41554553023747,36.96740354347804],[112.4154432256454,36.967654600025],[112.41531942720873,36.96790019131966],[112.41523311875972,36.96811672846885],[112.41509149808692,36.96855515360259],[112.41483077907164,36.96897974124432],[112.414561705508,36.96920989882453],[112.41413824138736,36.969445709047996],[112.41390800983797,36.96959148774992],[112.41368944689685,36.969725683319254],[112.41321848557932,36.96996396335238],[112.41265512699428,36.970218597911],[112.41204930671618,36.97049089915627],[112.4117937729317,36.97068274609596],[112.41159722402051,36.9708510054388],[112.4114125214934,36.97101721707238],[112.41114906287879,36.97129497810819],[112.41083689188888,36.971448719481735],[112.41070858966398,36.971511907621895],[112.41022758288273,36.97162746592385],[112.40977014544632,36.971921649735144],[112.40958661621444,36.97202300069927],[112.40951694158372,36.972111557615335],[112.40948606399976,36.97224161029273],[112.40945476320739,36.972348782318925],[112.40941999657734,36.97239687388123],[112.40928528100918,36.97243852320401],[112.40911761040255,36.97249772782226],[112.40901089761475,36.97264012338759],[112.40887367757006,36.972803860064104],[112.40872681035641,36.97296008221321],[112.40863954315546,36.9732548183836],[112.40859003820012,36.9734060709906],[112.40854587833783,36.97376068937813],[112.40864879171856,36.974105138998965],[112.40885075428146,36.97438285457397],[112.40917386645991,36.97490597239283],[112.4092500303583,36.975265893026325],[112.4093636183428,36.97562499533656],[112.40948369022166,36.975820006068204],[112.40961826681382,36.9760281946865],[112.40992958786632,36.97641079807818],[112.41008339807826,36.976695042569595],[112.40992748759093,36.97710216334434],[112.4099513567414,36.97759058659829],[112.41016480487133,36.97788604286205],[112.4106143713559,36.97809525588141],[112.41054758375007,36.97850131822706],[112.40985407823695,36.978759870371846],[112.40941550132527,36.97914650761085],[112.40916000111136,36.97979320335904],[112.40888480932605,36.98017789977825],[112.4089672107571,36.980617949568725],[112.4087184268385,36.980823536724195],[112.40799211134721,36.98091559247572],[112.4072644768734,36.980936140903324],[112.40677977529674,36.98123987825627],[112.40620375107623,36.98142549833041],[112.40564126243092,36.98153943770104],[112.40517008936254,36.98177149069556],[112.40495362945191,36.98211972265014],[112.40492090048427,36.98276377233245],[112.40476473291353,36.983158969883334],[112.40483445049337,36.983718369870125],[112.4052137102182,36.98414298792775],[112.4058870014354,36.984397248257416],[112.40672721143521,36.9848402404207],[112.4072967491482,36.98510764168956],[112.4075997768747,36.98542587885973],[112.40794517729573,36.985624416343086],[112.40849569390355,36.98566556342499],[112.40907701982393,36.985765941207866],[112.40934617008247,36.98585810296767],[112.40998208062264,36.98569559501854],[112.41035917824613,36.986001025618606],[112.41049749543699,36.98624969472576],[112.41066508328836,36.986474176891235],[112.41077501301375,36.986794700559635],[112.41088428221092,36.98707947363977],[112.41134744052913,36.98721700307093],[112.41176317055357,36.987200139449165],[112.41228707358457,36.98740846015417],[112.41288173038551,36.98742522263044],[112.41304866641694,36.98761394985594],[112.41311536399901,36.988006504281145],[112.41338981943818,36.9883846644274],[112.41382416055474,36.988570205833554],[112.41427071109561,36.988612564276785],[112.41455318889066,36.98862111831337],[112.414750505782,36.988845239243176],[112.41500812982784,36.98911632036808],[112.4152817153544,36.98944680861104],[112.41536173592257,36.98975576488237],[112.41501027513621,36.9900341069064],[112.4148373028347,36.99032224063462],[112.41496122859782,36.99059491547009],[112.41480333143485,36.99089478793497],[112.41476671047562,36.99132433187029],[112.41487997675381,36.99182360644746],[112.4149593361152,36.992096812480845],[112.41496860993496,36.99259732665378],[112.41521735348675,36.993190342671696],[112.41562864156782,36.99373374080036],[112.41558136541799,36.99438988439472],[112.41545958257097,36.995034997129075],[112.41530410850724,36.995465958393964],[112.41547703440233,36.99597643991863],[112.4153831962465,36.99652586203562],[112.41504186338338,36.997352387161634],[112.41488240872505,36.99756884131956],[112.41454510478222,36.997811254949134],[112.41406076962053,36.998138856412154],[112.41339902219984,36.99851624752017],[112.41276852761271,36.99897670062296],[112.41246842155819,36.99962393281023],[112.41216390306641,37.00003282399281],[112.4116797639527,37.0003723338195],[112.41097473366531,37.00082174468532],[112.41084673666818,37.00113317654309],[112.41050764382045,37.00128024298839],[112.40994457674937,37.00137037083144],[112.40939966631367,37.0016390760742],[112.40858708313867,37.00189903596328],[112.40820274778254,37.00201087372805],[112.4077556736372,37.00215213714954],[112.40835421560274,37.00250732016134],[112.4087034856776,37.00265866400232],[112.40891483830896,37.002713796812714],[112.40940900137647,37.00303446704517],[112.40984352674315,37.003225979890274],[112.41035554137744,37.003589403877996],[112.41137176095215,37.0038931922754],[112.41180761952512,37.004156199279784],[112.41213001202641,37.00430616863703],[112.41218669197337,37.004332534232454],[112.41263212258063,37.004539734880524],[112.41320182815878,37.00480710343132],[112.41352669758639,37.00509526446622],[112.4136811352349,37.00540929472414],[112.41374641990562,37.005724386905],[112.41363310391657,37.00682830138591],[112.4135225075041,37.00714525172362],[112.41346492575829,37.00724176940746],[112.41330392166486,37.007511640556494],[112.41321851640095,37.00771529102554],[112.41323686916962,37.00830509286677],[112.41321965506086,37.008579449346655],[112.41314921805723,37.00878888072735],[112.41322649566725,37.008948875385016],[112.41338141771236,37.00888743238506],[112.41360055812618,37.008682188777364],[112.41368573148435,37.00861395464864],[112.41369383289546,37.00860746460376],[112.41384220861904,37.008488595966355],[112.41408650632083,37.00843800654185],[112.41432580383565,37.00851859223289],[112.41483190966461,37.008560237525494],[112.41512865769273,37.008532859369126],[112.41546854765011,37.008427489379905],[112.41568933888247,37.00831161905304],[112.41610620013157,37.007949057093015],[112.4165302652075,37.007574488299376],[112.41684354491053,37.00723699897653],[112.41727580691916,37.00690404799511],[112.41786952198132,37.006461890155066],[112.41836830887495,37.00611026082101],[112.41874566179536,37.00602231239556],[112.41901582353609,37.00603512452686],[112.41924411146569,37.00604595007964],[112.41942120531998,37.00590205796188],[112.41946711227261,37.00566844237557],[112.41934269178103,37.00535959484017],[112.41936419958186,37.00514588867488],[112.4193991418032,37.00479869833411],[112.41942774835579,37.004694952354825],[112.41946179601285,37.004571475953355],[112.41948197892914,37.00445799895301],[112.41946324134103,37.004249629652996],[112.41945747971509,37.00393978893526],[112.41943940527273,37.00382289251172],[112.41942508392147,37.00373026841381],[112.41914080530702,37.00329395719224],[112.4189894523947,37.00314677236831],[112.41886704102983,37.002957522074],[112.4186383011962,37.00266164110005],[112.41863828976695,37.00205059392149],[112.4185717377231,37.0015822810769],[112.41851453172379,37.00117973705235],[112.41840671091082,37.000978408598705],[112.41840810421945,37.00066928040168],[112.41840961246415,37.000334714529046],[112.4184016430317,36.9999057040842],[112.41839854340192,36.9997388658847],[112.4185069870402,36.999576654626765],[112.41862540599313,36.999551400318886],[112.41882037984966,36.999681501075884],[112.41901795427778,36.999653399786524],[112.4194134186645,36.99957177688648],[112.419717558003,36.999544300041734],[112.42001293903428,36.99944540900698],[112.42014300041534,36.999247178506266],[112.42036265079993,36.999071716263465],[112.42048084656763,36.99903454248254],[112.42065082165674,36.99898482935263],[112.42075781797662,36.99874515593484],[112.42088671673866,36.998312350042596],[112.42103417677359,36.99811890002582],[112.4211366690211,36.998064954007226],[112.4221627601652,36.99747757753997],[112.4229681039928,36.997016553643114],[112.42359674677665,36.996782152103115],[112.42380044913732,36.996706196301204],[112.42459793106235,36.99643916294533],[112.42551184375625,36.99638585165292],[112.42552421127729,36.996385130060325],[112.42573585877065,36.99635487812736],[112.4262889652317,36.99627581656033],[112.4265899104955,36.99615777174196],[112.42680117900836,36.99601219650735],[112.42713483991749,36.99573641715779],[112.42691796081235,36.995581686009785],[112.42652547178383,36.99557210090066],[112.42601085519746,36.995707017495356],[112.42550952752138,36.995598611616614],[112.42549589821336,36.99559702196624],[112.42518844931152,36.99556116749069],[112.42450874261033,36.995481896150146],[112.42420238477247,36.99543932793789],[112.42356117829794,36.99535023037798],[112.42300397328256,36.99511375198207],[112.42223256667037,36.99486553547838],[112.42169346225648,36.9946431373945],[112.42093590192142,36.994180192607736],[112.42069988141066,36.99395416170184],[112.42039068806915,36.99362887993979],[112.41950994587425,36.99325322173976],[112.41929122849334,36.9929983731204],[112.41912413503846,36.99264278245494],[112.4191028528385,36.992457090799704],[112.41907333301104,36.99182808703797],[112.41908106372969,36.99128445960817],[112.41911087207586,36.99096942478231],[112.4191768658384,36.990682564223],[112.41922294281986,36.990570407339085],[112.41923406495461,36.99054333333709],[112.41933040073837,36.99030883587126],[112.41957306868115,36.989934040353],[112.41991817657664,36.989314859596284],[112.41975108996189,36.988959268576295],[112.41951269747925,36.98860453102824],[112.41936343980046,36.98824872705657],[112.41942491270815,36.98771876011149],[112.41952416468169,36.98730276919159],[112.41951725469173,36.98693095927432],[112.41924056056956,36.9864336432447],[112.41912271090489,36.985848605527956],[112.4189880988679,36.98532098290598],[112.41901790607918,36.9850059478371],[112.41899104828939,36.98451994733101],[112.41878859054717,36.984179081808215],[112.41838766455881,36.98371185535696],[112.41771909445185,36.983233521081814],[112.4170521253993,36.98284098483947],[112.41651047085429,36.982475557238814],[112.41609147655521,36.981994234806905],[112.41583132324867,36.981425194277456],[112.41580554777019,36.98099639371055],[112.41577950767233,36.98055329365149],[112.41576797010897,36.98035697984611],[112.41575346794399,36.9801101926474],[112.41576867835873,36.980035450053855],[112.41583517083066,36.97970871704466],[112.4159844687678,36.97945998224659],[112.41602541101072,36.97939176950771],[112.41618053097102,36.97910384681006],[112.41634552131077,36.97838669796546],[112.41641072201695,36.978056937290425],[112.41648528557371,36.97789852774247],[112.41666800988973,36.97751033055252],[112.41705404072864,36.977176740057565],[112.4174294571328,36.976271131635244],[112.41744091426486,36.97592770765987],[112.41741194950464,36.97532730296703],[112.41723058524754,36.97419948385465],[112.4172868613576,36.97389217052752],[112.41732771225733,36.97366909110389],[112.41730073839247,36.97341368415195],[112.41726825602332,36.97310611052606],[112.41726283750623,36.97305481046729],[112.41722003108033,36.97266912360294],[112.41705564752954,36.97245653221171],[112.41653374531268,36.97219099235531],[112.41640527522614,36.971992274991635],[112.41627309449996,36.971593350507376],[112.41615820894329,36.971165613349136],[112.41625772412665,36.970763924498115],[112.41637824207253,36.97053362916533],[112.41675118924329,36.97045766111109],[112.41696930101676,36.97068391525905],[112.41709591413813,36.970782529504994],[112.4177569409496,36.97086045781899],[112.41781306774803,36.97085741511825],[112.4179247155524,36.970851362101385],[112.41809530355238,36.97084211270389],[112.41828922867634,36.970725367684445],[112.41851667461063,36.97049379175771],[112.41891062752897,36.97058920918087],[112.41938038710632,36.97092687978219],[112.41955264670011,36.97100230770914],[112.41979375973077,36.971107883196076],[112.42011403452172,36.97107544512699],[112.42057237239284,36.970798193258],[112.42092589746066,36.97063662247528],[112.42120520757746,36.970318599499244],[112.42132278441422,36.96993099389045],[112.42117302590928,36.96954658982508],[112.42103053330455,36.96933970468324],[112.42102645950644,36.96933379056671],[112.42109455826977,36.96916133212907],[112.42132145916808,36.96890115035623],[112.42160235626855,36.96866892950587],[112.42169327482983,36.96854495018342],[112.42184574687482,36.96833703162448],[112.42201784720567,36.96800598723081],[112.42233358401907,36.967730435838035],[112.42253912801209,36.967721095566596],[112.42275782317,36.96771115673133],[112.4231884974135,36.96769158272026],[112.42445117942667,36.9675334021632],[112.42526911252573,36.96742346018105],[112.42590349078046,36.96702964516302],[112.42638147255403,36.966852259817415],[112.42744943045376,36.96676790554474],[112.42876902219331,36.96655210520035],[112.42895998236756,36.96652087445808],[112.42921756750975,36.966501432922094],[112.42963639631223,36.96646981997151],[112.4317792540713,36.96667285289021],[112.43216172189764,36.966755570593236],[112.43324331595564,36.9669894810723],[112.43328269393359,36.96699799681455],[112.43356596963528,36.96713171256389],[112.43410999726198,36.967388506489165],[112.43429685912947,36.96742455623205],[112.43550545526821,36.967657712389034],[112.43622074010634,36.96777779324449],[112.43653964982711,36.96767380909935],[112.4372320056409,36.967522393826115],[112.43767539443199,36.967402596031384],[112.4380650483165,36.9672691440345],[112.43859942658644,36.96724836596306],[112.43888510949114,36.967273511525256],[112.43940301246562,36.96732444703305],[112.4398498984038,36.967390546052705],[112.4402619504227,36.967499975600425],[112.4407617646033,36.96753682201362],[112.44118948309,36.967531630201066],[112.44154402754975,36.96742720005549],[112.4417538403712,36.96721009872423],[112.44197985472181,36.96690697834534],[112.44202457778965,36.96679362532605],[112.44204790269575,36.96673450889157],[112.4425112601951,36.96672887943201],[112.44258484489075,36.96673419230639],[112.4428504060484,36.96675336490032],[112.44310179543264,36.96685043459516],[112.44347496543867,36.96678868369094],[112.44370421279211,36.96665716361421],[112.44373229350654,36.96662026012799],[112.4438529003331,36.96646175759985],[112.44391293789141,36.966382856862104],[112.44407062724176,36.96623790292958],[112.44449698777169,36.96616119830784],[112.44465332422061,36.96594474259831],[112.44464845945829,36.96568733708289],[112.44482126519692,36.965399162351815],[112.44526814494743,36.96546524111976],[112.44558946480184,36.96548993582553],[112.44640463497541,36.96523684639656],[112.44676785733235,36.96502844672312],[112.4468344192192,36.96499025722779],[112.44709234639618,36.964842269319966],[112.4474106855718,36.96470965612789],[112.44792342912567,36.96448885022598],[112.44840621714488,36.96456878183548],[112.44862088037465,36.96460907398488],[112.44843644061946,36.96428234235125],[112.44820179040823,36.964127864835035],[112.4480397780666,36.96404402013335],[112.4479827948432,36.963858768855246],[112.44783724968305,36.96370320464234],[112.44739119179094,36.96368003682335],[112.44687358007748,36.96364343501999],[112.44676698852004,36.96359760145836],[112.44667933245779,36.96355991011779],[112.4465501029228,36.963504341125564],[112.44597389185776,36.96319668202023],[112.44558129862975,36.963172856151104],[112.44504938459235,36.963322367806185],[112.44465516945493,36.963212736711725],[112.44447561254611,36.96314340317278],[112.44416753081353,36.96287538386537],[112.44365100583899,36.96289596962813],[112.44331241693094,36.96290008651245],[112.44290119561879,36.962833566805664],[112.44255963747477,36.962680378163164],[112.44239358702772,36.962382020310564],[112.44224589883028,36.96211204704484],[112.4419872436036,36.961628866116826],[112.44135598676529,36.96123603170261],[112.44047309929572,36.96073181822043],[112.43999954380347,36.960194025889976],[112.4392249424475,36.95976000695769],[112.43911506331159,36.95960399933061],[112.43907538656354,36.9593899265856],[112.43901767441382,36.959175267823106],[112.4389851531698,36.959054302378966],[112.43897955881872,36.9590334983084],[112.43885024708528,36.95879190390735],[112.43852249875367,36.95842398219479],[112.43800035470228,36.95814423538541],[112.43747686909201,36.95779298484411],[112.436613608836,36.957725488386025],[112.43637813222712,36.9577070754991],[112.4362095450446,36.95769389336747],[112.43520870830167,36.957548656573984],[112.4347608102912,36.957425337499664],[112.43395035972655,36.95697741309156],[112.43391828786085,36.956899984718014],[112.43385937376287,36.956757751904064],[112.43372634026007,36.95643658063641],[112.4336100426535,36.955937358510624],[112.43360334014065,36.9555798492081],[112.43382720937815,36.955162340516516],[112.43412315626358,36.95478687230336],[112.43424037658275,36.95438495543887],[112.43428230009383,36.95376939317262],[112.43422540359322,36.95364316866061],[112.43415913137115,36.953496143113796],[112.43391037885505,36.95294427556711],[112.43375925430911,36.95248838450772],[112.43366185246573,36.952046148068234],[112.43384900353996,36.95157186837682],[112.4341127874593,36.951382735520305],[112.434288780292,36.95129986195597],[112.43441594285919,36.9512399817017],[112.43464276336677,36.95113317178689],[112.43513549149326,36.95079823375943],[112.43543764627516,36.950619438209294],[112.43562902056159,36.95050619466126],[112.435694385241,36.95019072448887],[112.43568982185171,36.94994761847624],[112.43570468651049,36.94979009881834],[112.43575062237146,36.9493890413273],[112.43577954704882,36.94903110105156],[112.43596291953884,36.94835661308659],[112.43613196248928,36.947868245179144],[112.4363217740266,36.947536965748675],[112.43667193634934,36.94720374592934],[112.43686120672355,36.94684386508291],[112.43712120457513,36.94645452080683],[112.43724242912198,36.94626710553926],[112.4376792453512,36.94580410188119],[112.4379419248356,36.94555775887553],[112.43793681745836,36.94528605231649],[112.43777270628544,36.94508778804806],[112.43751843978646,36.94483340172081],[112.4373189669668,36.94464986844761],[112.43710248490427,36.944509453160435],[112.43691948703052,36.944254202005155],[112.43678778994496,36.94388390133633],[112.43662341740406,36.94367133498164],[112.43629682073365,36.94336060584313],[112.43616620213649,36.94304750559067],[112.43594731103542,36.94277838427233],[112.43567993884385,36.94247358297837],[112.43567416924168,36.94246700687329],[112.43565009446694,36.9424413821464],[112.43532869395487,36.942099288018625],[112.43537462853308,36.94169823112646],[112.43538682435386,36.94165162031319],[112.43539522757403,36.9416195048745],[112.4354910206368,36.94125341085352],[112.43554656180805,36.941019050203266],[112.43560660536477,36.94076568950585],[112.43560070218034,36.94045108057449],[112.43539963705547,36.94018174163234],[112.43507466994794,36.93995681139889],[112.43471568348404,36.93981811271541],[112.43432724505546,36.939755227575056],[112.43430459344138,36.939751560153766],[112.43425419610863,36.9397491757204],[112.43382304772229,36.93972876853786],[112.43310883243183,36.93965156892515],[112.4323411743553,36.93957500875167],[112.43191200361963,36.93949436238348],[112.43164022798464,36.93925447759242],[112.43142153026709,36.93907410305751],[112.43133255664655,36.93900072035514],[112.43114932404598,36.93873115902516],[112.43093019571242,36.93844772726627],[112.43067891548704,36.93835062901452],[112.43016228306013,36.938356852335644],[112.42976607979539,36.938132764311156],[112.42937335162078,36.93809458151012],[112.42877165227063,36.93831637737282],[112.42834676427755,36.93846452564056],[112.42792107398814,36.938569771288265],[112.427243572116,36.93854930817432],[112.42645384825607,36.93824411663],[112.42551441837453,36.937554518214185],[112.42507807569321,36.937087734188886],[112.42462525511672,36.93669266414114],[112.42422694696897,36.93635415380624],[112.42415440831532,36.93632832673188],[112.42385026938274,36.93622003726842],[112.42329421095738,36.936022048735225],[112.42290123025148,36.935969542898],[112.42278184677137,36.93625704714181],[112.42269702890417,36.93648692184675],[112.42270606875918,36.93697313862512],[112.42264145627183,36.93733150538182],[112.42234084168624,36.93777589693966],[112.42232929809309,36.93779296165538],[112.42203308958241,36.93815410182929],[112.42168369929256,36.93853018068803],[112.42134032755352,36.938834472984176],[112.4212012395051,36.93895772955422],[112.42119284809762,36.938965166040944],[112.42062913666572,36.93931519949426],[112.42013614991055,36.93963577729688],[112.41923473333716,36.94003275327433],[112.4187757756585,36.9402670971797],[112.41797355103616,36.940248072297486],[112.41772175040533,36.94012234555421],[112.41722133021166,36.940042496588624],[112.41686740550388,36.94017545344763],[112.41663951205473,36.94037842377385],[112.41643207914244,36.94072418652306],[112.41624272576553,36.94108403687896],[112.41614350870546,36.941500027296144],[112.41618761064684,36.94195721920912],[112.41596553299627,36.94247479985417],[112.41560012957413,36.94295117803957],[112.415035304857,36.9432439831895],[112.4145223376588,36.94345034634089],[112.41377828503032,36.94368806700402],[112.41344722851605,36.943850452458584],[112.413389761761,36.94387863996188],[112.41294778774687,36.944069847704235],[112.41294047472715,36.944074602878956],[112.41270126383517,36.94423012143719],[112.41241672881473,36.944262113510035],[112.4122647836647,36.944171141559636],[112.41218247580106,36.94412186280124],[112.41202427536274,36.9440537587881],[112.41185914239598,36.943982670838665],[112.41143023091709,36.94391625190676],[112.41118185650834,36.94397641838775],[112.41083258214671,36.944224010302555],[112.41081246110575,36.94423827365965],[112.41047684913853,36.944399601276366],[112.4103922273689,36.94443866258132],[112.41010447193862,36.944571488362236],[112.40984072779348,36.94469322970326],[112.40954048116696,36.9448398311842],[112.4092928936377,36.944942895215235],[112.40868897279549,36.94505018758219],[112.40836590361133,36.944925286571014],[112.40798596438955,36.944615111240815],[112.40771476957075,36.94440377165452],[112.40748078753808,36.94427781198871],[112.40710753320512,36.94425502958509],[112.40708829945206,36.94425385642993],[112.40702210733672,36.94426797490991],[112.40666228248988,36.94434472565404],[112.40622028818451,36.944535908746786],[112.40570833853738,36.94479943734792],[112.40521420297753,36.94506275204367],[112.40491762258297,36.94540954997674],[112.40478270419048,36.945825953640416],[112.40468184356405,36.946156131682194],[112.4044544030284,36.94628175744455],[112.40431136371092,36.946360765320556],[112.40427125736628,36.94637816881457],[112.40390472311628,36.94653721814735],[112.40366000763312,36.9467975771673],[112.40352586844769,36.947256881009984],[112.40303197067436,36.947534488429774],[112.40252261197766,36.94794100892039],[112.40174808320155,36.94846508779753],[112.40092532980286,36.94927580464808],[112.40017278290244,36.950028472627935],[112.39990820695493,36.950213936990544],[112.39936336605565,36.95059585924636],[112.39826753925867,36.95109509472726],[112.39768555230654,36.95143093101938],[112.39744263958289,36.95164006768118],[112.39726444745185,36.951793480325485],[112.39682395318641,36.952070432805215],[112.39634468476355,36.95217619636263],[112.39622058301941,36.952197081672615],[112.39570505019468,36.9522838423223],[112.39506991153623,36.95265738097794],[112.39503499420502,36.952677916312],[112.39445376301151,36.953056640663405],[112.3941219873499,36.95343243247721],[112.39378525637112,36.95353651113764],[112.3928971861915,36.95370427357157],[112.39229291049138,36.95379718373887],[112.39202405576538,36.95381170337247],[112.3916163174458,36.953833723126394],[112.39115551093658,36.95382987885279],[112.39090330479314,36.95382777447146],[112.39031684408334,36.953920465002916],[112.39013995945896,36.9540329988313],[112.3898587529414,36.9542119024472],[112.38983251064387,36.95425003966197],[112.38965038343335,36.95451471829035],[112.38934081348697,36.955133400273354],[112.38895684498694,36.9555813075466],[112.38863999383331,36.955799568969844],[112.38844603043574,36.95569512387674],[112.3884060065279,36.955673572014305],[112.38777662310743,36.955366248986145],[112.38703955241556,36.955017269798056],[112.3861850916115,36.954740727760836],[112.38584949536656,36.954632112194034],[112.38580251818574,36.9546169071621],[112.3847457565703,36.95432885900538],[112.38396146415154,36.954323699991036],[112.38334090337243,36.9545025762884],[112.38280995383793,36.9547090129712],[112.38236499434326,36.9547428017169],[112.38181260252006,36.95474923192301],[112.38128009598,36.95486985815233],[112.3808390080925,36.95511815149093],[112.37964563869468,36.95516063184814],[112.37938715490948,36.95516682838153],[112.3789503300177,36.95517729787102],[112.37848764803192,36.95518838582754],[112.37778581474436,36.95507444368231],[112.37764172860659,36.954952591696305],[112.37735413254927,36.954817659308524],[112.3767868562344,36.9546573615331],[112.37635507974332,36.9544335085085],[112.37607919518327,36.954288900857904],[112.37576362053461,36.954249647020994],[112.37561180582239,36.95417670906071],[112.37545660072936,36.95401162986016],[112.37526034744901,36.95383510726537],[112.37509895211453,36.95373863782427],[112.37487534770689,36.95369295264111],[112.37462739683579,36.95361476901634],[112.37439123958171,36.95353168016804],[112.37417057402749,36.95348417200932],[112.37395356382143,36.95347476298876],[112.37358742158838,36.95343132029306],[112.37345360925762,36.953423332813024],[112.37248637638123,36.95348424832098],[112.3722802873075,36.953514858417364],[112.37197015405108,36.953560921849615],[112.3716509419025,36.953608331862064],[112.3713334608841,36.95361199916346],[112.3709507483811,36.95421420953549],[112.37063186140622,36.95481864802436],[112.37021624441333,36.95549572024634],[112.36982056006062,36.95579351217072],[112.36936801133581,36.95639948929463],[112.36905890854453,36.95705387389729],[112.36878083218699,36.957450431686055],[112.36851806224513,36.95820440617713],[112.36816465164218,36.958873602752675],[112.3681347690374,36.95919578039783],[112.36833987593519,36.95970119903572],[112.36846739938852,36.96095427044793],[112.36843892534765,36.96135510227072],[112.36818947104474,36.961533068241934],[112.36805173135211,36.96163133548396],[112.36800605937414,36.961654047489105],[112.3676100478673,36.961850979705034],[112.36731093045806,36.96206898045106],[112.3671188388531,36.962180213801105],[112.36728287066217,36.96320180459778],[112.3675521502647,36.9643048571666],[112.36772007788704,36.965056251331404],[112.36779074095978,36.96568480044149],[112.36768483458819,36.96574323509699],[112.36744081060503,36.96566499164828],[112.36740833692804,36.965510408972115],[112.36726362458674,36.9653094399211],[112.36687333367955,36.96508149913534],[112.3665793653691,36.964840527849674],[112.36632172369526,36.96457806116382],[112.366269602817,36.964641333892395],[112.36619959508052,36.96471365771599],[112.36587267474161,36.96437413045079],[112.36536601211311,36.963950847751526],[112.36485756673191,36.96342745604528],[112.36449246447062,36.962945326468784],[112.36403621993644,36.962349812872525],[112.36358253324187,36.96189730535337],[112.36304076724655,36.96150302276354],[112.36203643292603,36.96115695625183],[112.36161865887597,36.9610164855123],[112.36121228568565,36.96075851065487],[112.3607762534684,36.96054537736767],[112.36059690396836,36.96023275076642],[112.36054350829457,36.959986622659514],[112.36035161534392,36.959659041032495],[112.36041823599192,36.9590622887963],[112.36038563721311,36.95889975924374],[112.36018971942315,36.95871134682262],[112.36013972619334,36.958681721956914],[112.35992318760528,36.95859220495076],[112.35972802088509,36.958540685577596],[112.35940386148333,36.95845511487825],[112.35883514239428,36.95854744816968],[112.35872989441303,36.958552174782355],[112.35836069505177,36.95856875418594],[112.35798028366848,36.95858583640995],[112.35744796348598,36.95872065681865],[112.3567035749669,36.95895802582632],[112.35635199077377,36.95923381340667],[112.35592734650612,36.95941030875455],[112.35546781907645,36.959630111842074],[112.35507931814483,36.95983479975374],[112.3548539875608,36.96019496472425],[112.35450821347354,36.96053024418952],[112.35445095504275,36.96058576402357],[112.35381266870365,36.961029696429414],[112.35378187263912,36.961051115199844],[112.3537573600332,36.96105562318888],[112.35328441055611,36.961142608622296],[112.35265869922833,36.96139722820738],[112.35245265203869,36.96148107270184],[112.35184977671169,36.96165958381175],[112.35126851077159,36.962052401771274],[112.3512190068634,36.962101155258026],[112.35083693825962,36.962477423578235],[112.35081299663435,36.962501001723126],[112.35033637340328,36.96276389062659],[112.34984394465576,36.96314138844484],[112.34963321529818,36.96310546753776],[112.34945061426663,36.96307434071337],[112.34936680729008,36.963067544528236],[112.34898650461838,36.96303670416426],[112.3483831040248,36.963186596434454],[112.34818267606153,36.96324274903772],[112.34790419861021,36.96332076768358],[112.347638143841,36.96338504739888],[112.34740721703281,36.9634408394024],[112.34692503267169,36.96338909537158],[112.34689660582106,36.96338506145711],[112.34608516263607,36.963269888012526],[112.34600438237675,36.96324278582225],[112.34567275463972,36.96313152569529],[112.34508263841906,36.963023782799574],[112.34452866912375,36.96294423493357],[112.3440472437626,36.96293538248271],[112.34351235380538,36.962927133124445],[112.34299403006287,36.96284717468247],[112.34233338703656,36.96278312777479],[112.34158656827265,36.96273950942835],[112.34151260566527,36.96273518957422],[112.34103093073715,36.96271202401281],[112.34083392190057,36.96255831971905],[112.34065141801229,36.96241593117812],[112.34014515567824,36.96200683757049],[112.3397943433669,36.96182211639302],[112.33953347567191,36.96168475418794],[112.33899208230154,36.96130466016125],[112.33830862896927,36.96095477151908],[112.33790073843548,36.960865171656096],[112.33786309939632,36.96085690366897],[112.3375034380849,36.960777896443844],[112.337230123173,36.960437684870634],[112.33722286967455,36.96002295686192],[112.33757578020473,36.9598187288654],[112.33811114804615,36.95985560807695],[112.33903456344217,36.95965924810854],[112.33942221699493,36.959191790852195],[112.3393374233646,36.95859079682717],[112.33904862308292,36.958130927461326],[112.33868712429104,36.95785285863562],[112.338186307848,36.95749955876259],[112.3375220390016,36.95703094303121],[112.33656101752557,36.95643385509082],[112.33625305589705,36.956234684687274],[112.33547840546224,36.95589597422761],[112.33459297746647,36.95554356766632],[112.33403039462935,36.955258413442515],[112.33378504509072,36.95518283152497],[112.33358241196365,36.95512040806573],[112.3330909205561,36.95504248843358],[112.33291106351248,36.95494914904728],[112.33280499699025,36.95481326650412],[112.33267914850649,36.954652041229615],[112.33265280574402,36.954618293626574],[112.33250036560808,36.95439352746584],[112.33224543330947,36.954253350233564],[112.33176921294161,36.954199093826034],[112.33123998257682,36.95419413998283],[112.33118987771398,36.9541936700869],[112.33074502986466,36.95411535644734],[112.33048967348637,36.954070400998],[112.33016322184514,36.95393597086701],[112.32927796202891,36.95357141972277],[112.32853031962672,36.953281791841476],[112.32790292517491,36.95307425353095],[112.32758405728472,36.95267254416387],[112.32736996414316,36.952317342899434],[112.32724434627035,36.95192539248259],[112.32704117673039,36.95134359112476],[112.32717006038379,36.95106799477669],[112.32711236933864,36.950647929809605],[112.32711136957832,36.950640648109896],[112.32708506359447,36.950449112687416],[112.32709267589188,36.950031833556714],[112.32710297514934,36.94976948219591],[112.3271091388421,36.94926878002841],[112.32695631243908,36.949020171384625],[112.32674471347701,36.94880797812822],[112.32647413434982,36.948620283539235],[112.3262765593785,36.9483602542307],[112.32638955982141,36.94802523607986],[112.32622230364206,36.947800627748705],[112.32595234915127,36.94764868471398],[112.32567929876565,36.947317977542326],[112.32568815815765,36.946972203000556],[112.32568216865987,36.94662659422102],[112.32552687318379,36.9462349728048],[112.32539014472808,36.946057700929686],[112.32513587258138,36.94595326032184],[112.32500698959787,36.94622885556842],[112.32490083930946,36.9464339478593],[112.32473395923408,36.94675637485825],[112.32440070837795,36.947236886675775],[112.3242524749776,36.947332596836254],[112.32406485966975,36.94745373583928],[112.32388282466647,36.9475712704099],[112.32371667703977,36.947678546045076],[112.32359292725239,36.947758447003466],[112.32308555854551,36.947949523103915],[112.32287783739473,36.94812907865594],[112.32257401142918,36.94837979943706],[112.32241691473209,36.948527568047986],[112.32195907682008,36.94910481852465],[112.32176438802959,36.94944074194729],[112.321617544881,36.949752292340364],[112.32138232725354,36.95010654613206],[112.32117799679799,36.95031443691201],[112.32094649543986,36.950454090613746],[112.32084070334625,36.95051471789854],[112.32075511284854,36.95063248400326],[112.32070216859547,36.950748695774365],[112.3203642117434,36.95127633161272],[112.32002673839021,36.95173005831783],[112.31955318048493,36.95247435272886],[112.31921131708779,36.95288938553125],[112.31893370229177,36.95315470695451],[112.31861101239197,36.95344387022592],[112.3184437890334,36.95365134422263],[112.31825293975491,36.95399615918458],[112.3178742108818,36.95421194074785],[112.31750521132513,36.954727743797996],[112.31728883146359,36.955099659445715],[112.31701140731192,36.95537689391717],[112.31637945135833,36.955818326604735],[112.31547935167912,36.95616205863364],[112.31509683815045,36.95639634881919],[112.31477933644837,36.95658939077922],[112.31457760191884,36.95677757401347],[112.31444422866691,36.95705439866461],[112.31392768897479,36.95759293315856],[112.3137253653735,36.95800640684619],[112.31358095603107,36.95841923943978],[112.31348810143733,36.958720646003584],[112.31340591128783,36.95886459346919],[112.31333680711833,36.95912910429498],[112.31328645584368,36.959310843354594],[112.31317482004293,36.95938359681075],[112.31291873554211,36.95934828598316],[112.31267948972129,36.9592555726003],[112.31238432825249,36.959020438599204],[112.31221034473975,36.95892223462405],[112.31206134965743,36.95889527381033],[112.31186020078849,36.95894517596826],[112.31145823039971,36.959064046695566],[112.31127563696845,36.95915665500635],[112.31112119162648,36.95915836067833],[112.31089431993446,36.959094114489055],[112.31065317538231,36.9591504155717],[112.31053813799677,36.959198172808364],[112.31039923137672,36.95915321865404],[112.31029980870225,36.95907206969714],[112.31013813643038,36.95899875810532],[112.3098873008014,36.95892285478471],[112.30962761610122,36.95885062469911],[112.30935542395306,36.958828595509985],[112.30906608478622,36.9588460898121],[112.30888470876829,36.9589231843517],[112.30878419952727,36.95903872226447],[112.30865252338118,36.9592140369021],[112.30857304139575,36.9595944625296],[112.3088106922724,36.960461992153846],[112.30900114419049,36.96117508278241],[112.30933990596557,36.961874617826126],[112.30933281096549,36.96232764994037],[112.30946469820928,36.96297562158888],[112.3094949986959,36.963124491257254],[112.30950005106372,36.963142694745265],[112.30965331092709,36.96369489675893],[112.3100079639943,36.96445385316341],[112.31017380409193,36.96512941768641],[112.31024320060995,36.96547483972228],[112.30984690042715,36.965753369443874],[112.30913260724321,36.96611288282048],[112.3086311115503,36.966321048975416],[112.30807691777476,36.96648807457026],[112.30761844284713,36.96660636305758],[112.30713972734691,36.966844072439535],[112.30694319787841,36.967078672791736],[112.30690007948408,36.967597660332],[112.30702298428108,36.96826977779616],[112.30724392380502,36.968769947623656],[112.30805231662833,36.969544305679264],[112.30876070546996,36.970222852090316],[112.30935665643582,36.970669126555585],[112.30933936175371,36.97088534883922],[112.30918684830816,36.971164587737476],[112.30877301727767,36.97146237824868],[112.30812931339194,36.97192823079963],[112.30701303410234,36.97247327756273],[112.3066629112197,36.972644229892474],[112.30613395305825,36.97297392217527],[112.30605007499501,36.973294644459706],[112.30622073392364,36.973555245894616],[112.30632979304188,36.97400164061385],[112.30624898309972,36.97448885771515],[112.30631419110406,36.97517472255836],[112.30619895350455,36.97573383782253],[112.30585003875967,36.976181094144],[112.3055743733132,36.976741973465536],[112.30538219703088,36.97698521538523],[112.3050459674265,36.97713194938825],[112.30480594305436,36.977170347677294],[112.30447607385638,36.97715455342928],[112.30443357360676,36.97728887069382],[112.30455993429482,36.9773804565907],[112.30496563619731,36.977647769411554],[112.30529247065228,36.97799461797635],[112.30560856339628,36.97823430644897],[112.30583113337674,36.978217554529124],[112.30594479664398,36.97808756990445],[112.3060448699821,36.97786339064697],[112.30628738710179,36.97777830577114],[112.30632401288686,36.97781260011228],[112.3064289086207,36.977910819247704],[112.3064685704461,36.97794795708668],[112.3067133704568,36.97839708460484],[112.30676306589163,36.97848825870132],[112.30677254803491,36.978534631645005],[112.3068214330399,36.97877369188082],[112.30702166945149,36.97901465101266],[112.30725878106082,36.979326723063984],[112.30726783455361,36.97985586362998],[112.30707909392261,36.98028705467008],[112.30692306680247,36.98054624091829],[112.30693477980275,36.98072287224905],[112.3071145048349,36.98080671633683],[112.30772094591426,36.98082149275684],[112.30810710539482,36.98081974177209],[112.3084704818171,36.98086329616985],[112.3089719298898,36.980993653010174],[112.30946797208165,36.98125998165524],[112.30957792953909,36.981489636835846],[112.30959794836568,36.98163041742525],[112.30945963168526,36.98188225921317],[112.30912302141608,36.9820075538938],[112.30872251122418,36.9821596078564],[112.30873649685239,36.982328535380866],[112.30884786386423,36.982584775560454],[112.30867376729275,36.98282985866359],[112.30844692607658,36.98311843489485],[112.30836269280424,36.983405438866505],[112.30836710153268,36.983662857464545],[112.308219605224,36.98391276267083],[112.30784720884596,36.98403129680387],[112.30729569085737,36.984101739361556],[112.30695833316794,36.98418412514997],[112.306489246399,36.98437012208189],[112.30641951664622,36.98447613134861],[112.30644992450246,36.984690353720644],[112.3067639696588,36.98480847847749],[112.30725530363036,36.984867435237064],[112.30763710846522,36.984777407549764],[112.30838178434756,36.984533189300855],[112.30906581137181,36.984911848505114],[112.30946962382302,36.98535518003633],[112.30956866935657,36.9856429449881],[112.30936611289846,36.98578821729033],[112.30908051495344,36.98576991150758],[112.30855658282005,36.985890119079386],[112.30830798289125,36.98607295159824],[112.30825074908084,36.98623881671712],[112.30813698098024,36.986883739653294],[112.30812625653722,36.98729866713094],[112.30812051405411,36.987496946460084],[112.30805091862447,36.98759783917226],[112.30780711273233,36.98751376035747],[112.30750412656445,36.98742506741545],[112.30712791866362,36.987321932135515],[112.30663595733942,36.98722722316822],[112.30621750768633,36.987260436281616],[112.3060569652104,36.98730545005053],[112.30597965181914,36.98742754638474],[112.30617844179787,36.98758270028908],[112.30652058541136,36.987779187891356],[112.30700048618512,36.98819790134478],[112.3069785670867,36.988762992309475],[112.3069664358494,36.98907572534125],[112.30694837292945,36.989333586760885],[112.30673664272078,36.989464651956176],[112.30657045895889,36.98965243008924],[112.30650269548745,36.98986058061372],[112.3059717729472,36.99009528328607],[112.30564330189804,36.99017756771036],[112.30526916014522,36.99019598651613],[112.30502579612595,36.99004132130466],[112.30487942130912,36.99007898670692],[112.30483500927822,36.99022231797877],[112.30482895996799,36.99052266160002],[112.30464482024281,36.99070348217611],[112.30421902226715,36.99082974348785],[112.30379246307464,36.99089439096763],[112.30354521745606,36.991051701687105],[112.30329918235931,36.991332268785776],[112.30325814365261,36.99145739608752],[112.30295223644099,36.99183061569549],[112.30266075258844,36.991991156530396],[112.30252778425252,36.99217317099619],[112.30260091735441,36.99265182205259],[112.30279359560552,36.99349362827048],[112.30307274022111,36.99417714438948],[112.30343834824065,36.994702368076744],[112.30355516930686,36.99484319094626],[112.30432160678437,36.99631410242725],[112.30475342508566,36.997060303002435],[112.30517815554599,36.99720576947704],[112.30562341418964,36.99735826538038],[112.30587155054525,36.99750262829207],[112.30626284692087,36.99773027831332],[112.30671021058404,36.99832814687301],[112.30702555829961,36.99903986049805],[112.30725102511352,36.99970965318716],[112.30742496585898,37.000494441258766],[112.30758479992157,37.00085422781538],[112.30764552429457,37.00099091697454],[112.30770319812356,37.0011207397241],[112.30797653472378,37.0014610167468],[112.30824938477294,37.001772691181436],[112.30850906271507,37.00235628114952],[112.30906311169406,37.00346586098567],[112.30948303689729,37.00403337716799],[112.31021099629923,37.00489583216879],[112.31106976951496,37.00556418117231],[112.3115014099882,37.00577396699566],[112.31217341028304,37.00595963876902],[112.31312475450582,37.00631386040466],[112.31428117237866,37.00666580329173],[112.31552882843756,37.00696427619904],[112.31643649691719,37.00719737395727],[112.31713572048702,37.007408938509535],[112.3176834196411,37.00781161449071],[112.31801175824813,37.00838741268947],[112.31830818650944,37.00902778601508],[112.31869575909019,37.00978157452972],[112.31906797770401,37.01067857013602],[112.3191885687346,37.01146393225614],[112.3191796354613,37.01197896391259],[112.31915940592087,37.01216211630811],[112.31914935388828,37.01225313137463],[112.31911794502042,37.012537492810075],[112.31898615636001,37.01316831971717],[112.31897187278494,37.01333338027352],[112.3190246366397,37.013859584220356],[112.31900642597301,37.0143409956565],[112.31935563549266,37.014950135290974],[112.32012742708193,37.015227625077124],[112.32080772392212,37.015413756338646],[112.32146157055557,37.01559264575882],[112.32178521426343,37.015681191287094],[112.32241348457153,37.01591020166656],[112.32297202559634,37.01627562286223],[112.32342383467665,37.01657121035499],[112.32375129569328,37.01693945260569],[112.32432806591191,37.01728345672742],[112.32476760885652,37.01742873824759],[112.32531142533166,37.01741551415155],[112.32583446419316,37.017353634378075],[112.32611246939263,37.017320742950226],[112.32646209862644,37.01742411226841],[112.32712090349588,37.01786829628486],[112.3277535373993,37.01834655736406],[112.32853235678587,37.0187608489577],[112.32951799742251,37.01928514549054],[112.33057303869363,37.01994559033545],[112.33141183521356,37.02047971929364],[112.33263776439199,37.020709119136434],[112.33384261643621,37.020752796036305],[112.33425329939263,37.02073210098118],[112.33493870820072,37.02069755858053],[112.33549193143952,37.020773677441014],[112.33557835289547,37.021062254581246],[112.3356084506679,37.021318225553166],[112.33552522121269,37.021658873344435],[112.33500122279823,37.02229651418904],[112.33428160355128,37.02279927560668],[112.33362017509057,37.0232298608953],[112.33293363327647,37.02349980857322],[112.3324397844916,37.0237377893747],[112.3318289022157,37.02408435897896],[112.33125419679807,37.02437469651256],[112.33107587650731,37.02472655348941],[112.33107232461352,37.02503412105713],[112.33107466780196,37.025168397685306],[112.33107873220023,37.02540137067608],[112.33108255540755,37.025620455476435],[112.33105429751832,37.02573738134074],[112.33091617286699,37.026308895963595],[112.33076662567439,37.02693993314772],[112.3305666499407,37.02737144817462],[112.33026782099559,37.028016261997976],[112.32989133119477,37.028343536486595],[112.329866066743,37.02849482187011],[112.3302291524817,37.028867761447984],[112.33058975413141,37.029085424130216],[112.33101478484798,37.02941679213952],[112.3313187917926,37.02994144000005],[112.33131899324906,37.03079192662503],[112.33130563841289,37.031159546306206],[112.33134304495269,37.03135840117667],[112.331505828477,37.03148530710038],[112.33187648941596,37.03176721820269],[112.33228752305625,37.032111433695746],[112.33261603312437,37.03272644426497],[112.3330824744894,37.033894099777456],[112.33312055304502,37.03401127888556],[112.33319822010769,37.03425027830689],[112.33334645873289,37.03470643874545],[112.33337679947198,37.035421278503726],[112.3333495501055,37.03564662987657],[112.33331285378901,37.03595010670788],[112.33326768623105,37.03632363127797],[112.33306362463073,37.03689806891062],[112.33300862058096,37.03712312655554],[112.33301606036078,37.03768679807898],[112.33308062748506,37.03787052263448],[112.33327252074494,37.03864075975054],[112.33329761248952,37.039055282432166],[112.33326868699909,37.039441804245484],[112.33334979793062,37.03999873330081],[112.33323217487992,37.04041485895959],[112.33357095222746,37.04092394486693],[112.33408412248858,37.0412421713317],[112.33409339131038,37.04124791914601],[112.33422695394663,37.041422210097636],[112.33435973874182,37.04164455771343],[112.3344023568675,37.042002351695444],[112.33418918027387,37.04266227918377],[112.33439281505792,37.04302448172524],[112.3345452799143,37.04318005380386],[112.33456150151055,37.0431573929594],[112.33458968698791,37.04312195907461],[112.33460945581432,37.043100834179484],[112.33492946531528,37.0427789784925],[112.33495391128075,37.04275601420864],[112.33496359097258,37.0427477268283],[112.33530071502302,37.042466311216785],[112.33563380390572,37.042142886430604],[112.33565215066682,37.04212594904196],[112.33568565846197,37.042098919044705],[112.33597635935268,37.041883458136915],[112.33605062395507,37.041716965991604],[112.33616803098728,37.041281278380694],[112.33620373842226,37.04114334628451],[112.33623587711494,37.04101919925548],[112.3362261803532,37.0408917049782],[112.33615345118976,37.04065683029276],[112.3361431382576,37.040615242375566],[112.33609682929752,37.04036811278199],[112.33609102824673,37.04030960806514],[112.33609446975154,37.040253105809676],[112.33610376820484,37.040207699281034],[112.33614845683141,37.040042705152274],[112.3361514064347,37.04003240043421],[112.33617226846121,37.039978359938935],[112.33620141434096,37.03992684086123],[112.33621172565849,37.039911974309405],[112.33622993286298,37.03988685544403],[112.33629012263353,37.03980381447946],[112.33631678091302,37.03977049673515],[112.3363609941241,37.039726406997026],[112.33641175056347,37.039687106274236],[112.3364682518863,37.03965321623819],[112.33652960602872,37.039625269515874],[112.33659484517133,37.03960370858706],[112.3366031975958,37.03960148629962],[112.33675713546286,37.0395616094096],[112.33681688014973,37.03954899421514],[112.33688675820294,37.03954111582512],[112.33695731793536,37.03954032064805],[112.33702744463265,37.03954662124591],[112.3370710386558,37.03955422096943],[112.33722325811011,37.039585880387804],[112.33724841373726,37.039591616465465],[112.33746943851345,37.03964656137952],[112.33757668540956,37.039661030656085],[112.33760328292567,37.03956406878384],[112.33764466382438,37.039366739971165],[112.33765858570025,37.03930035346872],[112.33766655216118,37.03926915542434],[112.33766891168835,37.039261618012624],[112.33775354935412,37.039000815496784],[112.33777204932893,37.038954311264376],[112.3378011937451,37.03890279181418],[112.33783816303368,37.038854607045394],[112.33788237370864,37.03881051677424],[112.33788725157756,37.03880628919344],[112.33811870182384,37.03860819596791],[112.33816457992417,37.03857312389948],[112.33822107961564,37.038539232153354],[112.33827866282135,37.038512773190426],[112.33866488712675,37.03835884190332],[112.33885068101239,37.03824259107236],[112.33899926197203,37.03812728076098],[112.33906163701327,37.03807887283086],[112.33910305139084,37.03801411660707],[112.339180798851,37.03776802953404],[112.33918900141533,37.03774270239552],[112.3392869945979,37.03744012142426],[112.33929184923853,37.03742607125364],[112.33938550284694,37.037171125048395],[112.33939921291437,37.03713846727794],[112.33941870310596,37.037104010705974],[112.33942835556218,37.03708694744826],[112.33946532296143,37.03703876219593],[112.33946933050211,37.037034265965566],[112.33964872050637,37.03683556643292],[112.33976849046724,37.03670290451684],[112.33972968228757,37.03667739553594],[112.33959708594192,37.036577576246735],[112.33945799702482,37.036549016999395],[112.33933296382888,37.03652334341409],[112.33916330905618,37.036514531210386],[112.33905106538008,37.03647288763971],[112.33893316906693,37.03636336539546],[112.33888197932261,37.03624236190535],[112.33894994234143,37.03604849699021],[112.33911099946592,37.03593470358273],[112.33921717467878,37.03587640994841],[112.33933191067673,37.03577212849521],[112.33943160429219,37.03562415295664],[112.33951267251831,37.03549927325664],[112.33958037333915,37.03542603709139],[112.3396211759725,37.035311148246414],[112.33969495020955,37.03526204002657],[112.33977581422074,37.03519901220074],[112.3398234360733,37.03516189433543],[112.33990059166764,37.03508521387387],[112.33993835265585,37.03500039620229],[112.33991207264789,37.03492631474199],[112.33982893725727,37.03486574810038],[112.33973529909726,37.034816742816744],[112.33964178781227,37.034774888233365],[112.33956322695452,37.03477957306606],[112.33949385762595,37.034783709870794],[112.33941333493915,37.03477031548636],[112.33932095402675,37.034691258743386],[112.33926975182818,37.03462031828327],[112.33930736259984,37.034526920388004],[112.33938416642427,37.03443021930344],[112.33976911503223,37.03420273694641],[112.34009112704345,37.03404891176282],[112.340354297705,37.03389718221205],[112.34070841400423,37.033742992651945],[112.34094967647799,37.03366445685233],[112.34106991656958,37.03360302296665],[112.34109966272655,37.03356978817885],[112.34109687235394,37.03351260565724],[112.34095062624512,37.0334141332302],[112.34082425393882,37.03332974042848],[112.34070697415923,37.03315370132336],[112.34061258729554,37.03302136273483],[112.34056933179392,37.032928878193175],[112.34057665775197,37.032838206162374],[112.34065181806683,37.03271577559564],[112.34074837428521,37.03262647926514],[112.34083885835386,37.03253009927321],[112.3409873783621,37.032521269326914],[112.34124129321265,37.03244214754794],[112.34132163378557,37.032360781852056],[112.34131053388596,37.032152312938344],[112.34129639358504,37.03177104411951],[112.341357309996,37.03143064432865],[112.34158916548287,37.03108831254235],[112.34175465343704,37.030776529970844],[112.3419133377426,37.030500582472165],[112.34217827155351,37.030348590214544],[112.34258556790422,37.030260543872394],[112.34277116071392,37.03024652405597],[112.34296156158324,37.03008345324056],[112.34301818495763,37.02992189744554],[112.34301619123372,37.02980868297757],[112.34305093781224,37.02967121370515],[112.34319611463174,37.02947289519357],[112.34322311461307,37.02931763394089],[112.34312648059067,37.02889557973496],[112.34324192863595,37.02869759860408],[112.34332084523147,37.02853578934426],[112.34354777143479,37.02833654567544],[112.34364866788434,37.028156607660954],[112.34340014336767,37.02755151896369],[112.34380666677696,37.02699861043077],[112.34380330732087,37.026807933588],[112.34350141917001,37.026549119893595],[112.34301487713626,37.02593480477683],[112.34235082446659,37.02537017472282],[112.34215946462616,37.02463331944679],[112.3421519158211,37.02420429698105],[112.34196852913894,37.02392029877215],[112.34157370818467,37.02344797609014],[112.34100179707825,37.02304917224387],[112.34096034060943,37.022382138898074],[112.34100973552667,37.02180943534278],[112.34080969604689,37.02159237382807],[112.34094810290921,37.02134764855522],[112.34113825336766,37.02100221255662],[112.34081044050045,37.02061971895334],[112.33979687589981,37.0197872542726],[112.33932840725697,37.01952077384476],[112.3386773314138,37.01901319056044],[112.33771806596793,37.01822300556906],[112.3371591894971,37.01788601688045],[112.33699492406589,37.017673313617195],[112.33709466018809,37.017257383852105],[112.33722881085444,37.01676954834812],[112.33724225851263,37.016519083129936],[112.33718206802556,37.0163220587424],[112.3371263806223,37.016130063476204],[112.33705123113575,37.01604890289602],[112.3368973466862,37.01595337164306],[112.33640082190125,37.01584835028637],[112.33601377808276,37.01574781473846],[112.33525757300549,37.01561710495746],[112.33415943590795,37.015381145316134],[112.33334773094872,37.01520432169772],[112.33289444871093,37.015123591909195],[112.33209580392128,37.01501336357055],[112.33191216346079,37.01500946480542],[112.33172179821818,37.01496094289848],[112.33146429832,37.014898273963276],[112.33103573792206,37.01482858355908],[112.3307157534314,37.014805352911786],[112.33023277291345,37.01465912066287],[112.33005685410642,37.01464739365522],[112.32993523848042,37.01463737337725],[112.3298428512084,37.01468986294264],[112.3297678580305,37.01475363911665],[112.3296825568948,37.01477175930531],[112.32948510045868,37.014768250362195],[112.32927294438699,37.01474011259207],[112.32895385467886,37.01471698609307],[112.32871363150582,37.014715862271906],[112.32851153962102,37.01458271722345],[112.32836737805275,37.01449850877048],[112.32827873890184,37.01446151702002],[112.32822501078496,37.01444900689498],[112.32811022729072,37.01443002788149],[112.32804628246997,37.014428359485144],[112.32785771303774,37.01440591538757],[112.32766979926257,37.014369874574946],[112.32759466321244,37.01432303722545],[112.32745723572043,37.014284047134936],[112.32733822208611,37.014278227135385],[112.32726581107245,37.014217053707654],[112.32722861067576,37.014129264224046],[112.32715356310571,37.014024885100206],[112.32708237878865,37.01392588051171],[112.32702478768002,37.01386215800589],[112.32698226470461,37.013810187370254],[112.3269457279814,37.01376053295664],[112.32685606486561,37.01373292842008],[112.32662678963028,37.013711652006975],[112.3265170891908,37.01371165662183],[112.32645555824274,37.013711658787486],[112.3263245045834,37.01366306069327],[112.32614950947142,37.01354915704956],[112.32604015533494,37.01351748042659],[112.32587043580385,37.01339922678218],[112.32575714269085,37.01334613807581],[112.32561949972606,37.013226094872664],[112.3255772924843,37.01315800826807],[112.32553141589578,37.013084042076784],[112.32544814208843,37.013013454324664],[112.3253415608085,37.012935974590086],[112.32515009642715,37.01279793682314],[112.32504901405474,37.01272897756324],[112.32501300056298,37.01270935467654],[112.32495036128441,37.01269718042023],[112.32486798224069,37.01267807518146],[112.3247887477624,37.01263461822458],[112.32470007504993,37.012561229488746],[112.3246170993174,37.012507801216046],[112.32457568709253,37.01248537774081],[112.3245640192975,37.012429723526616],[112.32454333526255,37.0123684494165],[112.32433753234464,37.01226048850738],[112.32415873767515,37.01223566422633],[112.3240129643387,37.01224044886369],[112.32355351188565,37.01197380433089],[112.32297939018815,37.011779955350185],[112.3228122016101,37.01139562032115],[112.32283819925836,37.01083748663343],[112.3226115682552,37.01011052568726],[112.3222029037949,37.00917103673448],[112.32164120531746,37.00797657861844],[112.3211079027011,37.00739129816254],[112.32067103126933,37.00688122826788],[112.31988577803882,37.00685182113811],[112.31947961442498,37.00674190812482],[112.31897011375678,37.00615635307442],[112.31836453229741,37.00551464778029],[112.3179785317448,37.005194718528976],[112.31773485556074,37.004854135004635],[112.31755855758747,37.004283944970695],[112.3173129119988,37.00382895337739],[112.31717919050496,37.003658793277005],[112.31704546961433,37.00348863300949],[112.31671032329447,37.00335885029712],[112.31644527668422,37.00332703585621],[112.31635219372656,37.003307089131255],[112.31625648552429,37.003216131763416],[112.3161974728985,37.003160046610056],[112.31608487802512,37.00311170972336],[112.31583340585186,37.003007697237834],[112.31563053408466,37.00296417394505],[112.31540867636731,37.00292276909915],[112.31518232605802,37.00289666962561],[112.31498424339235,37.00285500049879],[112.31472474118108,37.00283689638792],[112.31427550386692,37.00284759380498],[112.3139923912768,37.002839285916785],[112.3136331686299,37.00282991240044],[112.31329345713951,37.002848930043605],[112.3130390048883,37.002847930714225],[112.31284425217079,37.00286152823458],[112.31274579317002,37.002805402871076],[112.31256043595654,37.002641956233454],[112.31255191203819,37.00214618882489],[112.31267922712966,37.00194452888192],[112.31280654154494,37.001742867907964],[112.31296476220838,37.00126432763454],[112.31305362662302,37.00090098359876],[112.31338022730664,37.000535008745324],[112.31361041843837,37.00009381380143],[112.31360648151703,36.999864998285595],[112.31311723878167,36.999069404233126],[112.31299279801567,36.99874656277945],[112.31305296770076,36.998097462340866],[112.31292459548975,36.997545805051445],[112.31277474614188,36.997127887013036],[112.31288541285598,36.99664987166725],[112.31287688867967,36.99615410382175],[112.3127521262472,36.995812194544484],[112.31255506572491,36.99541386919699],[112.31223980268612,36.99505499412045],[112.31241818042768,36.994366442892996],[112.31255589520617,36.994078845125365],[112.31276361219338,36.99371418648323],[112.31302083774875,36.9934634098962],[112.31323019041399,36.993194090627476],[112.31327117549665,36.99281220487174],[112.31345741000268,36.992581283773966],[112.31363938062265,36.99210247926371],[112.3136275731379,36.99141603086958],[112.31358609187669,36.99038662030535],[112.31329002591146,36.98976053196818],[112.31291150954448,36.988486919094306],[112.31265939222453,36.987650554130205],[112.31245809526334,36.9870043442209],[112.31268464880968,36.98635340198972],[112.31298611076694,36.98591141935748],[112.31314790619368,36.98564262614404],[112.31318757646055,36.985184467083926],[112.3129374344876,36.98446251063802],[112.31288137618421,36.98396726759385],[112.31263713776707,36.983588535053855],[112.31236978953392,36.983248201220356],[112.31231537378532,36.982848298069214],[112.31247814819967,36.98263670956308],[112.31280631457595,36.98236607700719],[112.31322692813048,36.981941847628164],[112.31345837866077,36.98157692479323],[112.31376145753049,36.981230280625574],[112.31380152264794,36.979528087423745],[112.31416488996045,36.97905919224344],[112.314576301726,36.97879240137403],[112.31480884405536,36.978491830795754],[112.3148914062984,36.978109482284495],[112.31482563333007,36.977740697310445],[112.31482194204341,36.97752618200347],[112.31502518127559,36.97724977472744],[112.31527462237013,36.97706821460241],[112.31560723610332,36.97654005689914],[112.31548664028423,36.975575889448876],[112.31511160621984,36.97536548774529],[112.31437557876104,36.97489684776988],[112.31382005479406,36.974557322862644],[112.31363546189714,36.97418985103973],[112.31375377679178,36.97329455569967],[112.31381759502824,36.972685939075006],[112.31362993426217,36.97213970434218],[112.31357841043926,36.971735000846174],[112.31347925718164,36.97115202666008],[112.31351050290733,36.97037689232087],[112.31337836991608,36.969603566415685],[112.31348920300059,36.96913746653904],[112.31349545469078,36.968636764875484],[112.3134418866496,36.968112885801084],[112.3132393889001,36.96756681408296],[112.31312416333665,36.96691249746491],[112.31315120645735,36.966757240692196],[112.31331191691625,36.966600505293215],[112.31366570048495,36.96644163339532],[112.31376638713533,36.96624980182638],[112.31365607576826,36.96588150823474],[112.31332012129722,36.96534883269177],[112.31351432611501,36.96454805558975],[112.3137860608034,36.96393713762879],[112.31386574724209,36.96338794352061],[112.31400811607472,36.96302877305497],[112.31403607827147,36.962062956480345],[112.31429335846565,36.96147603734838],[112.31452216306762,36.96096095064721],[112.31482357868238,36.96034970150709],[112.31502923493423,36.960216305247265],[112.31556570511839,36.960317641244366],[112.31671331579932,36.96054331615133],[112.31728920969628,36.96034621032901],[112.31742888759103,36.959832107882505],[112.317766959429,36.959625718893506],[112.31852084463858,36.95941471182978],[112.31911466060083,36.95939619605635],[112.31945416655591,36.959273224589296],[112.31997269901768,36.959195942183335],[112.32046441136433,36.95928583313937],[112.32105243412266,36.95979184415997],[112.32160705586554,36.96008366734453],[112.32203999120196,36.960209965701715],[112.32247869976493,36.960669953563425],[112.32354383059256,36.96127791466905],[112.3239507881122,36.96161905207264],[112.32444479129458,36.96184001914455],[112.32509905926577,36.96188039780227],[112.32560461301637,36.961910513811],[112.32608191040093,36.96202438139938],[112.32671351064175,36.96247027888548],[112.3274940443198,36.962938345994964],[112.32838552745616,36.96295221455585],[112.32877905234066,36.96251869708097],[112.32955724621704,36.96199743298694],[112.33019252078,36.961799599770245],[112.33065352111758,36.96183019343267],[112.33116239489593,36.9620509656798],[112.33153927317538,36.962368573853524],[112.33244300411683,36.96308554321976],[112.33314495786388,36.96330413964805],[112.33394796213162,36.96335471865889],[112.3348848360835,36.96341570757269],[112.33522662141229,36.96342378366591],[112.33567236559372,36.96343068922578],[112.33619653270624,36.96367510762315],[112.33647093850558,36.96407729198372],[112.33653826140784,36.964529486407706],[112.33662168668319,36.96505301876315],[112.33679484762882,36.965611299339784],[112.33721611366447,36.965916469539486],[112.33815802782932,36.966263449914244],[112.33847513122254,36.96655787091613],[112.33868994341925,36.96694880206561],[112.33893905494607,36.96760158110224],[112.33918399490413,36.96801601059145],[112.33994562870978,36.968245812381156],[112.34055979092057,36.96853687337409],[112.3411457164912,36.96891168892308],[112.34176344506618,36.96940533953619],[112.34225587416441,36.96953089075357],[112.34305706338421,36.96947415007518],[112.34369487531387,36.96941925334701],[112.34462952290754,36.96934907184013],[112.3455495263394,36.96929096853191],[112.34611370307192,36.96927265300572],[112.3466895818115,36.9690754059271],[112.34732444728141,36.968853645702936],[112.34759199643919,36.96886252935674],[112.34810012353945,36.969035556317564],[112.34834322531958,36.96934271027457],[112.3487244161606,36.96989860923213],[112.34896752324815,36.97020576086035],[112.34946312472624,36.9705100428854],[112.34992334111382,36.97049289000501],[112.35018710656045,36.97028725429492],[112.35049248007056,36.96991426820251],[112.35082460707974,36.96937409952803],[112.35101220950804,36.96906205082419],[112.35155562996327,36.96871019180481],[112.35186583850195,36.968611301437],[112.35226284017435,36.968380304732996],[112.35264519744709,36.968161393129044],[112.35304282724846,36.96796614534816],[112.3534542504437,36.96771114031513],[112.35364563811348,36.967613599935504],[112.35389643176896,36.96751538176513],[112.35445974746256,36.967449357384425],[112.35477311529179,36.967529220337425],[112.35596142418149,36.96836195690059],[112.35677316413461,36.96890099152608],[112.35742090773054,36.969406137139714],[112.35762118387167,36.96980911867568],[112.35778900453398,36.97005751426874],[112.35840028123974,36.970181638802046],[112.35902704768309,36.97034134146568],[112.3596383284839,36.970465459530274],[112.3600123959458,36.97061613136785],[112.36040152918898,36.97077854889978],[112.36067078303674,36.970882741565504],[112.3609389776555,36.97092734626086],[112.36185686014001,36.970749943600815],[112.3623928228224,36.970815311938914],[112.3629778083799,36.97113043065534],[112.36345542734088,36.97125606259071],[112.36400433393625,36.97121399822765],[112.36456809209604,36.97117175971264],[112.3650961734102,36.97103317505549],[112.3653478895214,36.970820493202474],[112.36575498472402,36.97032471638914],[112.366179198916,36.969556971484984],[112.36683629580328,36.968920044686655],[112.36738111832405,36.968484660047444],[112.3678693969784,36.96787827920223],[112.36814141841548,36.96763913345247],[112.36836329906207,36.967586513028095],[112.36917051128745,36.96769779967278],[112.36972323240586,36.96787022027629],[112.37085432423525,36.96798828191245],[112.37348610296387,36.968124738283514],[112.37430402767784,36.96817487173656],[112.37461463137623,36.96809975663945],[112.37481869998184,36.9678828384563],[112.37501547741338,36.96726073329734],[112.37513756528932,36.96661565301121],[112.37544473079664,36.96634985957757],[112.37612468396041,36.966163184082596],[112.37714814756268,36.966079797908655],[112.3778455215907,36.96603594660984],[112.37842215011133,36.965886215748974],[112.378981989202,36.9656293996126],[112.37936231832941,36.96530314866278],[112.37989373868645,36.96511817739951],[112.38041546916111,36.965219389492425],[112.38085003111507,36.96542889069989],[112.38119354983802,36.965532172067064],[112.38140815720658,36.96541140248669],[112.38155512378451,36.96531126905214],[112.38160038309904,36.965280432216346],[112.38207067107373,36.964549046856675],[112.38267854604855,36.96333569124958],[112.38316924683399,36.96254327230768],[112.38343181547009,36.96227797889707],[112.38393112971812,36.96196224640175],[112.38477069955752,36.961406531767715],[112.38586546803155,36.960835913923866],[112.38619635940573,36.960443735212614],[112.38654866088706,36.96021314579984]]],[[[112.35337675622651,37.03308594823751],[112.35332026746396,37.033119847016806],[112.35328391887359,37.033137391602224],[112.35317328015292,37.03318633221051],[112.35314828501707,37.03319674192309],[112.35308305628254,37.033218312676105],[112.35301496937767,37.03323315933288],[112.35294509790963,37.033241046195094],[112.35287454559251,37.03324185075047],[112.3528538953592,37.03324074012543],[112.35267022882388,37.03322812721981],[112.35262991912765,37.03322993381653],[112.35235339076793,37.033242331520235],[112.35229471641395,37.03324250207611],[112.35222474551642,37.033236231211504],[112.3519116664961,37.033192109796296],[112.35184745459486,37.03317989761089],[112.35163150478728,37.03312791920361],[112.35128006266152,37.033043325611715],[112.35127357782964,37.03304172720245],[112.35103372418347,37.032980656682575],[112.35102326456901,37.03298180024037],[112.35101269791915,37.032989271893975],[112.35099649722535,37.0330007288911],[112.3509890779047,37.033005885152214],[112.35093258808723,37.03303978191419],[112.35087124468171,37.03306773590486],[112.35080601424943,37.03308930542969],[112.35077651475513,37.03309573662357],[112.35073792695877,37.033104149885524],[112.3507276205178,37.03310531329767],[112.35066805647067,37.033112036297005],[112.35062832180441,37.03311248865971],[112.35059750308292,37.03311283950891],[112.35052738032513,37.03310654684391],[112.35045879473188,37.03309325833293],[112.35040875664922,37.0330787351202],[112.35021944529987,37.03301550997218],[112.35020972127056,37.033059784449996],[112.35018887215205,37.03311382812655],[112.35018310468344,37.03312551406473],[112.35009686992932,37.033293370235405],[112.35007350344515,37.03333320661207],[112.35003654457768,37.03338139502955],[112.35000623098023,37.033412822951824],[112.34984830861353,37.033562423031995],[112.34983442058027,37.033575089741625],[112.34978367521084,37.03361439602763],[112.34972718439711,37.03364829223196],[112.34966584004752,37.033676245615155],[112.34960060872231,37.03369781359142],[112.34953252065156,37.03371265827028],[112.3494970114886,37.033717562725386],[112.34948513445639,37.03371889075998],[112.34930707977496,37.03373879467313],[112.34927271658898,37.03374177498965],[112.34920216370172,37.033742577370724],[112.34913204046848,37.03373628479164],[112.34906345450736,37.03372299458089],[112.34899748735211,37.033702917893116],[112.34893517857631,37.03367637178026],[112.3489151946713,37.03366604639317],[112.3487737114644,37.03358950333814],[112.34870605638527,37.033552901365006],[112.34867492358723,37.03354497322007],[112.34864898193352,37.03355223471656],[112.34846666977607,37.03363363091477],[112.3484212993464,37.033653886784656],[112.34820909957108,37.03378528765503],[112.34802035686425,37.03390216226562],[112.34784290154693,37.03405489010226],[112.3477188763742,37.034268535158695],[112.34770562978883,37.03428986113184],[112.34767521478274,37.0343304420574],[112.34761369242088,37.034403530608046],[112.34758201702695,37.03444116151008],[112.34748881898727,37.03455187999212],[112.34748227313999,37.034559487668986],[112.3474380693938,37.03460358140154],[112.34738732207298,37.03464288579339],[112.34734952908741,37.03466556180282],[112.34735191070203,37.034690310675224],[112.34735190878307,37.03470317709243],[112.34735003545295,37.034807495458224],[112.34734660434039,37.03485113150232],[112.34733436636783,37.03490684286255],[112.34731351360732,37.03496088608104],[112.34728437711672,37.035012407743224],[112.34724741567827,37.03506059533],[112.34722878532861,37.03508057861761],[112.3471484484087,37.03516194820928],[112.34712287566329,37.03518605854229],[112.34707212667372,37.0352253628193],[112.34701563458233,37.03525925865942],[112.34695428790106,37.03528720977792],[112.34688905441399,37.03530877720109],[112.34682096433777,37.035323620358945],[112.3467510913297,37.03533150360832],[112.34671271843904,37.03533193921012],[112.34668053577482,37.03533230453207],[112.34665757706907,37.035331029825066],[112.3464789323138,37.03531815845046],[112.34643176648332,37.03531313814212],[112.34642671492836,37.035312263831166],[112.34638964496781,37.03530584498866],[112.34610269217427,37.035246839782985],[112.3460853484099,37.0352432730617],[112.3458843083405,37.035200601764274],[112.34587746634863,37.0352008037232],[112.34567170203219,37.03525099851019],[112.34561423922158,37.03526501584434],[112.34556178049812,37.0352756273474],[112.34551626828159,37.03528285244236],[112.34533740561712,37.03531124799224],[112.34527148398264,37.035318491797725],[112.34526336632734,37.035318946052854],[112.34505117179525,37.035329590846565],[112.34488060207774,37.03534703273555],[112.34478609930082,37.03535895123879],[112.34473292865574,37.03536565736766],[112.34468881616988,37.035369795644016],[112.34461826051977,37.03537059534222],[112.34459974319594,37.03536962669718],[112.3444062337061,37.03535691977018],[112.34435462660859,37.035351593065656],[112.3442860399483,37.035338301009276],[112.34422007255755,37.03531822167271],[112.34421135341206,37.03531464795592],[112.34417312024443,37.035298975629075],[112.34398480438813,37.03521262021117],[112.3438405665666,37.03517952116931],[112.34379504239234,37.03518601051723],[112.34360596900744,37.0352313184175],[112.34332637584184,37.03532467104059],[112.34320805373412,37.03536417747024],[112.34317318933174,37.035374744588346],[112.34316407119815,37.035377165215394],[112.34283997187042,37.03546073376436],[112.3428319231905,37.03549612097142],[112.34282846352609,37.0355100771073],[112.34274823551108,37.03580897658785],[112.34274590255716,37.03581728686399],[112.34267535986291,37.03605786431645],[112.34265409077423,37.03611329719961],[112.34264631171538,37.0361270499317],[112.34262495068286,37.03616481777919],[112.3425912277524,37.03620908754291],[112.34259001171769,37.03621068437643],[112.34251531345062,37.036296747081856],[112.3425007947816,37.03634984471865],[112.34249941149204,37.036354772669746],[112.34248954000624,37.036389033494366],[112.34247663822167,37.03643381184106],[112.34248132654886,37.036449481382924],[112.34248502696205,37.03646272487641],[112.34253287594085,37.036646938758956],[112.34253919502802,37.03667600946068],[112.34254461972343,37.036732411557516],[112.34254427879205,37.036755686657536],[112.34253617236219,37.03692861340434],[112.34253447983684,37.03695051084031],[112.34251339032609,37.03714598897495],[112.34262243332681,37.03716757027597],[112.34328134428675,37.03743426375556],[112.3440935385848,37.0379614490083],[112.34457974857729,37.03855192177849],[112.34484066504598,37.03901383019706],[112.34513404962078,37.03963032602483],[112.34533782236876,37.0402239975539],[112.34525598550583,37.04064211278694],[112.34548718158939,37.04110435655711],[112.34589130531661,37.0412547284497],[112.34650019177067,37.04121205966089],[112.34708018780117,37.04121739441332],[112.34742737755103,37.041511442408655],[112.34796973056007,37.041910549372126],[112.34879518426821,37.04234219352417],[112.34951742483953,37.042822684601155],[112.35007614190074,37.04330503232087],[112.35021627449774,37.04366102616873],[112.3502245073142,37.04412579773661],[112.35011232732526,37.04450850299545],[112.35016515991745,37.0449727668932],[112.35023222785026,37.04540111046029],[112.350404845032,37.0459116892069],[112.3505980322927,37.04674386378561],[112.35066425975042,37.04712453799013],[112.35069010915677,37.04774406364219],[112.35113951499315,37.047929659692194],[112.35176268518714,37.04785104257369],[112.35222357837041,37.047845789507086],[112.35270272409097,37.04803104056618],[112.35290446436963,37.048505524944716],[112.35283668299944,37.04887580575901],[112.35252890207049,37.04912962748215],[112.35223281483923,37.049204520482114],[112.35183286444764,37.04929251676025],[112.35167206577322,37.04944930410626],[112.35183984043336,37.04968578472243],[112.35218539610315,37.04988447951149],[112.35220322412124,37.05005115058779],[112.35192601868116,37.0503523007055],[112.35172420709047,37.05071218984331],[112.35149519405273,37.051215423152826],[112.35127682077852,37.05148014232475],[112.35141549574467,37.0517527131299],[112.3515538715932,37.05195740453063],[112.35175533438753,37.05199682716515],[112.35270275358256,37.05217078124099],[112.35402495631321,37.05251328351224],[112.3552410782953,37.05274374742798],[112.35613965593275,37.053097025438404],[112.35642385458131,37.05318913272542],[112.35662436815475,37.053174920185626],[112.35687310139923,37.05294560222626],[112.35706925009451,37.05273709130447],[112.35773174726086,37.05236000163341],[112.35804185937737,37.05223725585385],[112.3588906818471,37.05230675898909],[112.36021269340726,37.052386963204846],[112.36090838197458,37.052619171296875],[112.36093080161494,37.05262665459373],[112.36111051244606,37.05270776153048],[112.36174347725948,37.05299343187752],[112.3623336066043,37.05323275389644],[112.36261323004203,37.053401184113326],[112.36329946809362,37.053667416554646],[112.36343623938608,37.0537478520371],[112.36360508881704,37.0538755960958],[112.36368788514844,37.053981443789574],[112.36378030037301,37.054092902199955],[112.36382210773063,37.054168706775684],[112.36388004297018,37.054480810489466],[112.36393062707981,37.05464805695694],[112.36398232672322,37.05474472577762],[112.3640463990372,37.054867953525495],[112.36405787347516,37.05489615091943],[112.3640912020568,37.05497805177193],[112.36424663369036,37.05515362756522],[112.3643729715741,37.05529902352654],[112.36443880976707,37.05538790160073],[112.3644211204455,37.05559598277404],[112.36441399527706,37.05572956459515],[112.36448727831672,37.05583552110511],[112.36458176796373,37.05592979085196],[112.3647382159793,37.05602906901444],[112.36500569425998,37.05608320481347],[112.36509459030141,37.05612115913968],[112.36519272936945,37.05616305882406],[112.36526736831689,37.05621178552564],[112.36526972586847,37.05634335079787],[112.36512081465904,37.05653196343049],[112.36503701244837,37.056635913460326],[112.36504563163787,37.05685131978864],[112.36502130596757,37.0569545852943],[112.36493882365295,37.05699939894514],[112.36477011416135,37.05701278303772],[112.36447711221267,37.056995175107836],[112.36410246959466,37.05693654929521],[112.36381826790908,37.05687878893099],[112.36353471388102,37.056857256082715],[112.36325765775544,37.056932912073094],[112.36307889520104,37.057049393978104],[112.36294781552776,37.05717104997259],[112.36294700515604,37.05725878726705],[112.3629729452979,37.05737863886622],[112.36308014997842,37.05751853463579],[112.36310843464818,37.05763645183028],[112.36318869436172,37.05786629254612],[112.36322113298036,37.05808333357115],[112.36330621962283,37.058316932651685],[112.36344824421248,37.058673841643454],[112.363481391307,37.058797424191575],[112.36351626960632,37.05888475118994],[112.36353021249506,37.05899901917491],[112.36359214838723,37.05913562087938],[112.36365867174577,37.05926263358903],[112.36373209496308,37.0593762176651],[112.36383124373258,37.05946471298862],[112.36393304647544,37.05956843438678],[112.363967241775,37.059617626937374],[112.36395402518134,37.05967690002586],[112.36393652856744,37.0597629217465],[112.36388782942662,37.05983404559357],[112.36388087271547,37.059977160678976],[112.36388329646381,37.06011253910303],[112.36390685964342,37.06023241775523],[112.36392201041873,37.06031312924404],[112.36393579537115,37.06038656281945],[112.36397781249791,37.06047380755424],[112.36403420610762,37.06056660920309],[112.36409515409298,37.06064791480801],[112.36408996271045,37.06075668048063],[112.36405310712918,37.06087966413374],[112.36401625031074,37.06100264778826],[112.36396921512834,37.06110677697215],[112.36394098053063,37.06119123458599],[112.3638659857059,37.06123488650442],[112.36386532255726,37.06123527255119],[112.36374883116592,37.0613081300338],[112.36354326017113,37.061389877294],[112.3631021593708,37.06154990202503],[112.36284762943143,37.06162196094808],[112.36262228565957,37.061662692230506],[112.36244647668623,37.06164564130831],[112.36228124039025,37.061600236670564],[112.36221330883353,37.061581569663815],[112.36208474300652,37.06154490316525],[112.36198060899035,37.06154371496544],[112.36189228344209,37.061594791620266],[112.3617572675106,37.06169646670809],[112.3616525023158,37.06182640028562],[112.36164077087213,37.061853652447816],[112.36161537354337,37.061912647950024],[112.3616618591476,37.06201700630179],[112.36178273858295,37.06212289453759],[112.36195094695032,37.06221393665257],[112.3621930902178,37.062325205640164],[112.3621938916694,37.06232557395539],[112.36236817730868,37.0624236969253],[112.3625645183207,37.062590699276626],[112.36269156161201,37.06270843600682],[112.36286734129853,37.06288997748757],[112.3630477481942,37.06299756439957],[112.36321375350121,37.063131539335245],[112.36326855573061,37.06315634202293],[112.36344460225911,37.063236016729626],[112.36357639217941,37.063282325915175],[112.36369064499772,37.063350145298976],[112.36377566964742,37.0634469083826],[112.36385848840919,37.0635866069997],[112.36386265763537,37.06365330890478],[112.36388302880982,37.06378039526762],[112.36390856201369,37.06389117268684],[112.36397646849011,37.064028658642336],[112.36405610056805,37.06415647439088],[112.36414886691583,37.06435327200176],[112.36417635577041,37.06439072132532],[112.36429620288789,37.06455399908405],[112.3643180640944,37.06466478980162],[112.3642886590567,37.064788019326315],[112.36421185035931,37.06490094695154],[112.36414347241136,37.064986362769105],[112.36406143458055,37.06505643932124],[112.36404894645364,37.06510664532419],[112.36407096771524,37.06525657917015],[112.3640998273117,37.065373058540544],[112.36410741396469,37.06549520570932],[112.36411654725406,37.06564224868969],[112.36413591462268,37.06581009161329],[112.36412043184957,37.06585914003734],[112.36407759010997,37.065958565499294],[112.36403009572861,37.06604731622684],[112.36400486414979,37.06613342774403],[112.36400597395888,37.06619539669908],[112.36403652766393,37.0662403395614],[112.36419260573233,37.066194136693326],[112.3642627532364,37.06617337170724],[112.36437043077606,37.06610633737302],[112.36449176932311,37.06600481670209],[112.364611707939,37.0659247675721],[112.36469856008418,37.06589087083798],[112.36478281575333,37.06591135595253],[112.36485455597375,37.06593055514641],[112.36488917865255,37.06597020713082],[112.36488069232018,37.06599462012955],[112.36480852625955,37.06605123434078],[112.36464759566168,37.06613461602472],[112.36440914402694,37.066274673071604],[112.36438608265021,37.0662906716692],[112.36417642983776,37.06643611830357],[112.36392549288483,37.06667644272217],[112.3636225034332,37.0670003248532],[112.36350723205426,37.06714182351613],[112.36330228036951,37.06735873248637],[112.36321744812268,37.06750560322438],[112.3633205058624,37.06767892099413],[112.36344923206975,37.06779043849529],[112.36353011468266,37.067857484675166],[112.36365189634554,37.067805425655166],[112.36389546031968,37.06770130903744],[112.36430306532651,37.06770880684497],[112.36449711114282,37.067663664253445],[112.36469115671987,37.06761852134868],[112.36495640631946,37.0674795861047],[112.36526495981087,37.06743312432547],[112.36573645611284,37.06734902651154],[112.3662679055204,37.067290458922066],[112.36664379634131,37.06718362017008],[112.36690548744517,37.06717822028067],[112.3671734581901,37.06710838168722],[112.36815123564095,37.066682901331745],[112.36846154829266,37.066569065633566],[112.36883086238745,37.06642772896263],[112.36946145732809,37.06613437945443],[112.37009787542533,37.06575156290493],[112.37082438818865,37.06520976784843],[112.37135017224527,37.06487888123419],[112.37180127662664,37.064530977550206],[112.37226876492173,37.06406070592379],[112.37263407383179,37.063904504900144],[112.37337328064697,37.06380476247574],[112.37372877518472,37.06372316833031],[112.37411147563566,37.06370681566727],[112.37451621295517,37.06367530652419],[112.37484720755522,37.063625436109966],[112.37509471036606,37.06358814402523],[112.3754672251635,37.0636255425793],[112.37576452604566,37.063616135085454],[112.37598478486822,37.06345862576304],[112.3761180809592,37.06342084186974],[112.37628074032324,37.06337473422587],[112.37674738131017,37.063270982180335],[112.37691721390333,37.06320608291815],[112.377109281656,37.063132685587654],[112.37738788631991,37.063117531002284],[112.37778146595929,37.06329175322286],[112.37806298051058,37.06343747657829],[112.3782189477034,37.06344857830289],[112.37838689732976,37.063460531664006],[112.37863974830415,37.06346057328286],[112.37894566695218,37.063311002493734],[112.37904001017758,37.06324117272248],[112.3791951728133,37.06312632802916],[112.37931047240559,37.063127966794376],[112.37966149035023,37.06321030081408],[112.37998431077108,37.06330759412923],[112.3807873112004,37.063298249073135],[112.38127695191287,37.06323294999971],[112.38155170454972,37.063196307395366],[112.38176659283063,37.06316764800708],[112.38216474086127,37.062978255909414],[112.3824267865163,37.06290933506942],[112.38266238601199,37.06294234759856],[112.38285276871218,37.06294251201949],[112.38313543456242,37.06294636806314],[112.38333973499641,37.06289392306679],[112.38366350164317,37.0627879476601],[112.38385145192036,37.06282380855736],[112.3841773513351,37.06288598937443],[112.38450325013096,37.06294816929737],[112.38477953651747,37.063030485604884],[112.38488357166885,37.06305883177604],[112.38505846276382,37.063057742753514],[112.38524976726777,37.06304311255171],[112.38536789743527,37.06299596195347],[112.38553612383627,37.062890058351556],[112.3856720696654,37.06282409547617],[112.38595590477861,37.062892296776226],[112.38625135830937,37.06278156805412],[112.38651533459661,37.0625758501529],[112.38671155864387,37.06251441350948],[112.38694532421303,37.06252836749834],[112.3871083124396,37.06251666121983],[112.38731814230113,37.062582412683426],[112.38740318383866,37.06259691420392],[112.38750611229516,37.06258627303898],[112.3878412890169,37.06269677929355],[112.38800266927528,37.06273780089202],[112.38821723473245,37.06275912919731],[112.38836414517769,37.062781981616844],[112.38847378461885,37.06279903617197],[112.38853650047291,37.06281260531485],[112.38863468746038,37.06281383979657],[112.38880613898134,37.06275461878012],[112.38891190018988,37.06268186344042],[112.3891089438485,37.06252946453002],[112.38967898858962,37.06233619139718],[112.39025022319785,37.06185271571936],[112.39082732644707,37.061690995682646],[112.391288731101,37.06170942268769],[112.39185335529504,37.06167895932948],[112.3922653590227,37.0614357326444],[112.39217178289242,37.061198440098146],[112.39193103474376,37.06104631182688],[112.3916036791964,37.06103823386765],[112.39110006251704,37.061151417543414],[112.39056561728364,37.061205363010416],[112.39011777944853,37.06111525638611],[112.38960829029871,37.060906674419414],[112.38967568371534,37.06052445998459],[112.38968207475936,37.06005952225581],[112.38949559593736,37.05962068372288],[112.3895138155312,37.05898873490793],[112.38957142552917,37.05807025424529],[112.38987541924924,37.05761374958274],[112.38976198798173,37.0571025383403],[112.3896653822326,37.05669840562922],[112.38946643430398,37.056390827340664],[112.38916210272389,37.05601296696076],[112.38876747450962,37.05557656453415],[112.3885169771249,37.05488816289091],[112.38872936489194,37.0543016178684],[112.38884841114081,37.05348969429879],[112.38883603028144,37.05281042405319],[112.38910397264806,37.05200867592688],[112.3897232173539,37.05171535262807],[112.39053291408943,37.05126484031844],[112.39124382159214,37.05029101925616],[112.3916525025885,37.04986904087211],[112.39236882629754,37.04919313952186],[112.39274710750111,37.04873575529261],[112.39294000465655,37.04789912063053],[112.39339391921916,37.04751236314591],[112.39357956625673,37.04709299786297],[112.39426502259329,37.0463578492259],[112.39473705908205,37.046149667481814],[112.39483654814438,37.04589818682791],[112.39462361488735,37.04563846025016],[112.39434925269717,37.0452721793881],[112.39405523279973,37.04464389770522],[112.39379051458657,37.04399143129703],[112.39373986381328,37.04284774756937],[112.39369444416452,37.041990072149986],[112.39335170622631,37.041135889141884],[112.39308635383438,37.04044766999749],[112.39352802456317,37.03939355970086],[112.39424842319988,37.038133539373504],[112.39416145719896,37.03744322562321],[112.3938117130018,37.03701822997926],[112.39295634337518,37.03658725187204],[112.39174182886765,37.036029365515724],[112.39091251533635,37.035395433746025],[112.3896158932936,37.03440938301778],[112.389417223792,37.03411372005415],[112.3892052113346,37.0339016495342],[112.38913576629498,37.03335416129045],[112.38928190650566,37.03239888237127],[112.38946081098001,37.03161009351829],[112.38998493578154,37.03018552199807],[112.39059009542295,37.02912950555396],[112.39118646206863,37.02840733736334],[112.39244514174612,37.02731980784141],[112.39399119370088,37.02650303944182],[112.39514070748511,37.02595314650658],[112.39598397159726,37.025728675081346],[112.39666177656069,37.02539886837585],[112.39690789800989,37.02503838298382],[112.39698965359746,37.02463215405311],[112.39711665145904,37.02426115047196],[112.39730595653252,37.02403399444577],[112.39740757363232,37.02391205676556],[112.39769849315437,37.02356296148028],[112.39787936150391,37.02329263949952],[112.39806022746991,37.023022317270936],[112.3988423811104,37.02213609222712],[112.39911322335432,37.021989863406716],[112.39974425311937,37.02170588616436],[112.40034660337652,37.021479457863215],[112.4008302285736,37.02126396452693],[112.40095707610398,37.02104791337266],[112.40095217395141,37.02078097209934],[112.40054512754948,37.02063320683088],[112.40025426347461,37.02061138464051],[112.4000509249374,37.02059612896551],[112.39985894207719,37.020503037228565],[112.39958146019433,37.02028698990119],[112.3995197390612,37.020163754098554],[112.39961083305221,37.01994335882663],[112.39985657917755,37.01965172829909],[112.4002071334421,37.01926521455361],[112.39983191799512,37.01938953403265],[112.39962362625272,37.019458546640806],[112.39820055572348,37.01993003385833],[112.39804003362855,37.02000742144831],[112.39787951008,37.02008480884012],[112.39763830132699,37.02026248225158],[112.39751768753739,37.020397139039694],[112.39732238621355,37.02061517581459],[112.39731676619431,37.02062133909983],[112.39729386473323,37.02064439701581],[112.39726913125995,37.0206662042828],[112.3972426730792,37.02068666863452],[112.3972146020558,37.020705701355084],[112.39718503805089,37.02072322084248],[112.39715410892195,37.02073915260864],[112.39712194601259,37.02075342843154],[112.39708868752278,37.020765986315624],[112.39705447632805,37.02077677412137],[112.3970194587404,37.020785743273],[112.39698435818154,37.02079275911165],[112.39648373106576,37.020879191406046],[112.39614026655356,37.02097398619482],[112.39599936792014,37.02112792198185],[112.39599713569315,37.021130344017514],[112.39597423367705,37.02115340168829],[112.3959494996737,37.02117520959038],[112.39592304094074,37.02119567275629],[112.39589496827132,37.02121470518696],[112.39588858356032,37.02121869516776],[112.39571102906693,37.02132799899296],[112.395687850324,37.021341528132815],[112.39565691949973,37.02135745953191],[112.39562475716346,37.02137173494548],[112.3956182062026,37.02137437806296],[112.3953286446586,37.021489344289634],[112.39530193540034,37.021499258595384],[112.39526772359422,37.02151004499582],[112.39523270546205,37.0215190145311],[112.39523001635254,37.021519620092995],[112.3949491892723,37.021582300986005],[112.39493687910864,37.02158504871703],[112.39490389357063,37.02159155704062],[112.39487199545914,37.0215962676802],[112.39479386022388,37.02160594579537],[112.39450564101261,37.02164164635],[112.39450135915179,37.021642163395555],[112.39446483073344,37.021645482233],[112.39445500549094,37.02164604460452],[112.39415946616029,37.02166089189412],[112.39413257160876,37.0216617241822],[112.3941279172483,37.021661657234844],[112.39412431123684,37.02166177258644],[112.39406256301797,37.021661770091306],[112.3937793694925,37.02178283863521],[112.39377089104826,37.021786389080425],[112.39373763265492,37.02179894603046],[112.39373142919733,37.02180105697347],[112.39337533925982,37.02192021383358],[112.39336197990345,37.02192452345204],[112.39280370341092,37.02209800025707],[112.39278905278923,37.02210236641552],[112.39275499306184,37.02211111584077],[112.39203360178757,37.022276326778574],[112.39203264277722,37.02227654526118],[112.39199696750391,37.02228365827744],[112.39199649479146,37.02228373950772],[112.3918083702141,37.02231590936362],[112.39182671688351,37.02237781935912],[112.39182947916223,37.02238762593291],[112.39183599770712,37.02241663571652],[112.39184013578324,37.0224459257056],[112.39184187534222,37.022475369070456],[112.39184121074281,37.022504841538634],[112.39183814303506,37.022534216056094],[112.39183268564346,37.02256336632444],[112.39182486213647,37.022592167728234],[112.39181515960814,37.02261923331218],[112.39181470624304,37.02262049823561],[112.39180226178685,37.0226482347953],[112.39179933569501,37.02265402383954],[112.39172812299795,37.0227921732595],[112.39171636780107,37.02281340818086],[112.39169951504036,37.02283960526238],[112.39168056066298,37.02286486201568],[112.39165958698729,37.02288907115564],[112.39163668312192,37.02291212802047],[112.39161899598156,37.02292800845692],[112.39142930029085,37.023090432843716],[112.39142225157464,37.02309635942538],[112.39139579094464,37.023116821614046],[112.3913677164193,37.0231358530054],[112.39133815122385,37.023153371062826],[112.391317584249,37.02316421707125],[112.39103004131614,37.02330871660249],[112.39101967688318,37.02331380085072],[112.39098751170181,37.023328075050685],[112.39095425105396,37.02334063215458],[112.39092003777499,37.02335141732773],[112.39088501825171,37.02336038560499],[112.39084934123308,37.02336749830073],[112.39081469064396,37.02337254285999],[112.39053771212268,37.02340571440757],[112.39025130797255,37.02344463244323],[112.39023890061223,37.02344620411602],[112.39020237110462,37.02344952166169],[112.3901656492427,37.023450916902696],[112.3901288933388,37.023450382577956],[112.39011665415357,37.02344977543892],[112.38973568612603,37.02342753886484],[112.38971129162529,37.0234256847091],[112.38967567007532,37.02342141670637],[112.38948249575208,37.02339316476721],[112.38948176113865,37.023393057140524],[112.38944584125785,37.02338678332034],[112.38941050984877,37.023378639318985],[112.38937591813028,37.02336866030744],[112.38934221406555,37.02335688780197],[112.38930954244393,37.023343374168185],[112.38927804362622,37.02332817542776],[112.3892478513962,37.023311356689554],[112.38922705597382,37.02329832476707],[112.38910623633795,37.02321887592308],[112.38898351449029,37.02330610909024],[112.38895930819076,37.02332236368526],[112.3889297423519,37.02333988115484],[112.38889880926229,37.023355810832584],[112.38886664477151,37.0233700844528],[112.38885517747396,37.02337465523585],[112.38865205663927,37.023453318144284],[112.38863026396494,37.02346130292751],[112.38859604917513,37.023472088352044],[112.38856102930158,37.02348105594986],[112.38852535309474,37.023488167038195],[112.3884891717326,37.0234933928171],[112.3884865545215,37.02349369554879],[112.38816849089824,37.02352983815292],[112.38815984067054,37.02353076648206],[112.38798890119814,37.02354802303986],[112.3879636401102,37.02355010974903],[112.38789073568532,37.023550992305694],[112.3877431602093,37.02354508966781],[112.38774258670172,37.023545066642534],[112.38770595190257,37.02354260560286],[112.38766959688513,37.02353822844496],[112.38763367595996,37.02353195498848],[112.38759834465931,37.023523810445],[112.38756375307811,37.023513830000915],[112.38753004922808,37.023502057877195],[112.38752591651674,37.02350046637699],[112.38737676563173,37.023598786597674],[112.38736845245444,37.023604160994246],[112.38733888500683,37.023621678089455],[112.38730795258269,37.02363760734771],[112.38727943609769,37.023650261126036],[112.3872757865397,37.02365188055764],[112.38724360491395,37.02366406180633],[112.38703196340084,37.02373769035555],[112.3867516700186,37.023851451643104],[112.38673142127139,37.02385926576437],[112.38657547660893,37.023916395634025],[112.38656454066287,37.02392028963937],[112.38653032646509,37.023931073563624],[112.3864953049966,37.023940040573436],[112.38645962838024,37.02394715194918],[112.3864234477467,37.02395237619112],[112.38638691779369,37.02395569257001],[112.38631513969766,37.02395661866489],[112.3861628078585,37.02395077054218],[112.38616110645903,37.02395070302207],[112.3861295285856,37.0239486959899],[112.38601279766931,37.02393861689562],[112.38600774058492,37.023938162397826],[112.38597138545896,37.023933784721635],[112.38593546557675,37.02392750983836],[112.38590013313315,37.02391936480277],[112.3858655415936,37.02390938476407],[112.38583183892058,37.02389761124289],[112.38580239513023,37.02388552937994],[112.3857738038697,37.0238729320881],[112.38577372790495,37.02387301857088],[112.38565721650514,37.024005971207096],[112.38564818618424,37.02401598232549],[112.38562528013678,37.02403903806985],[112.38560054217933,37.02406084298346],[112.38557407963575,37.02408130481024],[112.38554600326613,37.02410033485808],[112.38551643632013,37.024117851497095],[112.38548550330218,37.02413378029084],[112.385453336696,37.024148053016795],[112.38542007471753,37.02416060769268],[112.38538586025697,37.024171392192784],[112.38535083964074,37.02418035795547],[112.38531516167147,37.024187469004396],[112.38530085476059,37.02418976963066],[112.38508025155329,37.024222859494145],[112.3850583776247,37.024225783625],[112.3850218474683,37.0242290995873],[112.38498512619239,37.02423049232021],[112.38494836879029,37.0242299573113],[112.38491173372395,37.024227495413896],[112.3848996143708,37.02422625203047],[112.38479769748996,37.024214895094914],[112.38459373331735,37.02420523535182],[112.38456164395329,37.02420297348113],[112.3845252876623,37.024198596276776],[112.38448936775961,37.024192320956026],[112.38445403645656,37.0241841754763],[112.38441944384806,37.02417419502803],[112.38438574126677,37.02416242109434],[112.38437780355116,37.024159335864375],[112.38428436750758,37.024122282858904],[112.38425963523419,37.02411185304763],[112.38422813593411,37.02409665296714],[112.38419794560674,37.024079833816785],[112.38416919028278,37.02406146710875],[112.38414199612336,37.02404163156174],[112.38411647706175,37.0240204132453],[112.38409274370936,37.02399790097068],[112.38407089786924,37.023974193563035],[112.38405103235624,37.02394938995238],[112.38403323342375,37.02392359905623],[112.38401757495029,37.023896929035445],[112.38400494167976,37.023871321149144],[112.38395289314525,37.02375559220103],[112.38395207793522,37.02375376726201],[112.3839408954965,37.02372568630294],[112.38393202736097,37.02369708009199],[112.38392551168353,37.02366806982046],[112.38392137655673,37.02363877949987],[112.38391993154225,37.023618715636765],[112.38391217008355,37.023442872153254],[112.38390635088575,37.02337346436375],[112.3838994121076,37.0233724776048],[112.3838634926416,37.023366202084624],[112.38382816066148,37.023358056421245],[112.38379356963067,37.0233480757666],[112.38375986640234,37.02333630255793],[112.38372719683663,37.023322786452155],[112.3836956979691,37.023307586219424],[112.38366550807271,37.02329076692255],[112.38363675317645,37.02327240007431],[112.38360955943953,37.02325256439404],[112.38358404079342,37.02323134595183],[112.38356030784779,37.023208833559494],[112.38353936114069,37.02318616703668],[112.38349070257301,37.02319241526676],[112.38348329369111,37.02319332607738],[112.38344676394378,37.02319664154645],[112.383404397319,37.023198077085446],[112.38316906408,37.02319892413849],[112.3829806190326,37.023200308111534],[112.38275973136892,37.02322182263864],[112.38273687286079,37.023223670300176],[112.38270015088055,37.02322506232999],[112.3826633950801,37.02322452658958],[112.38262676053263,37.023222063073824],[112.38259040592658,37.02321768525078],[112.38255448550545,37.02321140934345],[112.38251915484837,37.02320326327257],[112.38248456404752,37.023193282231],[112.38245086106221,37.023181507743736],[112.38241819066067,37.02316799128408],[112.3823866932476,37.02315279158445],[112.38235650367528,37.02313597104601],[112.38235048202804,37.023132326354755],[112.38226758729908,37.02308144011122],[112.38225347700092,37.02308950001281],[112.38222254256102,37.023105427976915],[112.38220767469421,37.02311229926139],[112.38204959254246,37.023182798311225],[112.38203229354352,37.02319019795068],[112.3819990325237,37.02320275256002],[112.38196481683343,37.02321353518852],[112.38192979623527,37.0232225008427],[112.38189411948281,37.02322961084807],[112.38185793772365,37.02323483461149],[112.3818214089933,37.023238149568805],[112.38178468698035,37.023239541315725],[112.38174793004683,37.02323900530476],[112.38171129665268,37.023236542393576],[112.38169669465134,37.02323501764599],[112.38145596381456,37.023207306398234],[112.38143421012225,37.023204452109056],[112.38139829091483,37.02319817583645],[112.38136295925294,37.02319002943161],[112.38132836859867,37.023180048049674],[112.38129466578728,37.02316827323009],[112.38126199672598,37.02315475733541],[112.38125661951318,37.02315231964232],[112.38109436600173,37.02307781659782],[112.38094284262085,37.023020922046896],[112.3809399596935,37.02301983114508],[112.38090728961663,37.023006314262034],[112.38087579254334,37.02299111325246],[112.38086338832483,37.022984485652714],[112.38085170436057,37.02299585808189],[112.38082696535166,37.02301766292567],[112.38080050184631,37.02303812370997],[112.38077242573235,37.02305715173398],[112.38074615656417,37.02307283040634],[112.38054836996135,37.02318383833876],[112.38054507145253,37.023185676028305],[112.3805141377267,37.0232016035417],[112.38048197053467,37.02321587493285],[112.38044870809492,37.0232284282252],[112.38041885310614,37.02323783699669],[112.38041449329955,37.023239211298964],[112.38037947249282,37.023248176499415],[112.38035453016015,37.02325335463894],[112.3799920613372,37.02332154067524],[112.37995965061857,37.02332813548123],[112.37981184810646,37.02335821089631],[112.3797912362795,37.023362075345844],[112.3797550542933,37.02336729847202],[112.3797185253876,37.023370612784895],[112.37968180326808,37.02337200478372],[112.37964504624837,37.02337146722138],[112.37963869661232,37.02337117885006],[112.3793001945545,37.023354255244],[112.37926991191692,37.02335207995488],[112.37923355626876,37.023347700212746],[112.37921819042164,37.023345256903475],[112.37879320673001,37.02327271876676],[112.37877265350038,37.0232688850604],[112.378737322061,37.02326073786856],[112.37870273169356,37.02325075571473],[112.37866902924841,37.02323898104247],[112.3786363605824,37.02322546351515],[112.37860486272713,37.023210261908766],[112.37857467395129,37.02319344129222],[112.37855078681872,37.023178357572974],[112.3783338340475,37.02303357072977],[112.37788233469772,37.022785159000016],[112.37744061043728,37.02257442656208],[112.37742254653935,37.02256543338739],[112.3774008237537,37.022553568830155],[112.3771525626869,37.02241104615465],[112.37667849188269,37.0222811434715],[112.37665270708443,37.02227350837944],[112.3766190053576,37.02226173220676],[112.37658633635385,37.022248215010535],[112.37655484042308,37.022233012827726],[112.37653747752383,37.02222362575234],[112.37626324862815,37.022069334363536],[112.37623313728928,37.02205239240711],[112.3759127548857,37.02190591295336],[112.37588570143058,37.021892720576965],[112.3758555126397,37.02187589925489],[112.37582676123161,37.02185753044679],[112.375799569985,37.02183769291964],[112.37577405394406,37.02181647273823],[112.37575032370748,37.02179395872196],[112.37572848106467,37.021770249703394],[112.37570861881711,37.02174544461939],[112.37569082208044,37.02171965240693],[112.37567516808959,37.021692981193276],[112.37566924676835,37.02168154128416],[112.37554893734253,37.02143977504332],[112.37554589761925,37.021433532967244],[112.3754202408729,37.02140943169678],[112.37541339696487,37.021408082034824],[112.3753780667208,37.021399933815026],[112.37534347761348,37.02138995065237],[112.37533527491414,37.021387276938704],[112.37521569979471,37.02134741481745],[112.37519020139548,37.02133831284712],[112.37515753414034,37.021324794328265],[112.37512603774601,37.02130959176323],[112.37509585047488,37.02129277022504],[112.3750670983447,37.02127440123584],[112.37503990750284,37.0212545635244],[112.37501439186829,37.02123334316926],[112.374990662038,37.021210828990554],[112.37496881979965,37.02118711982162],[112.37494895796922,37.02116231550072],[112.37493116161191,37.02113652226295],[112.37491550800966,37.02110985093862],[112.37491323508416,37.02110556325452],[112.37482860332462,37.02094361659224],[112.37482740403715,37.02095320008606],[112.37482641014702,37.02096052597888],[112.37482094632213,37.02098967560315],[112.37481311762133,37.021018476007825],[112.37480295555343,37.02104680519139],[112.37479050396898,37.02107454010823],[112.37477581803425,37.021101562086514],[112.37475895861421,37.021127756893314],[112.37474907659644,37.021141386499],[112.3746184081069,37.0213145431809],[112.37460933154198,37.02132616771262],[112.37458835275898,37.02135037394289],[112.37456544407502,37.02137342761386],[112.3745407037387,37.02139523117848],[112.37451423905142,37.0214156905889],[112.37448616190615,37.02143471715005],[112.37445659223889,37.021452231984824],[112.37442565788261,37.02146815792676],[112.37439349020327,37.021482426778554],[112.37436022747023,37.02149497927316],[112.37432601251179,37.02150575969483],[112.37429099172164,37.02151472309881],[112.37428962975218,37.021515030800295],[112.37378112815874,37.02162951067964],[112.37374681326688,37.021636309640364],[112.37374158939079,37.021637063898105],[112.3739031832451,37.02170919527841],[112.37390377002366,37.02170945698404],[112.3739352652289,37.0217246598872],[112.37396545242743,37.021741481721264],[112.37399420448041,37.02175985097788],[112.37402139524222,37.02177968892924],[112.3740469107949,37.021800909497976],[112.37407064054175,37.02182342386522],[112.37409248269466,37.02184713319904],[112.37411234445277,37.02187193856342],[112.37413014070034,37.021897731022236],[112.37414579420172,37.02192440244905],[112.37415923882547,37.021951837380726],[112.37417041741121,37.021979919349064],[112.37417928168851,37.02200852637683],[112.37418069720925,37.022013998017044],[112.37425757619167,37.02232063483573],[112.37426267142,37.02234417409668],[112.37426680274591,37.0223734639367],[112.37426853666618,37.02240290858649],[112.3742678641491,37.02243238110875],[112.37426478964444,37.02246175440995],[112.3742593255148,37.02249090400777],[112.37425768693186,37.02249775171901],[112.3740962757911,37.02314490705538],[112.37407932057697,37.023270996613434],[112.37409801267178,37.023271271186886],[112.37413464703506,37.0232737364408],[112.37417100128128,37.023278117765365],[112.37420691998523,37.023284395336816],[112.37424225099461,37.02329254388762],[112.37427684085499,37.02330252825437],[112.37431054156667,37.02331430420063],[112.3743432106659,37.023327822920955],[112.3743630726433,37.023337146229],[112.37463304877132,37.02346990222044],[112.37464468280211,37.023475781651975],[112.37467487085677,37.02349260328331],[112.3747036237487,37.02351097234571],[112.37473081532865,37.02353081011225],[112.37475633167519,37.02355203050629],[112.3747800621882,37.02357454470972],[112.3748019050763,37.02359825389135],[112.37482176753548,37.02362305911579],[112.37483956332355,37.02364885146054],[112.37485521857239,37.023675522760655],[112.37486866377748,37.02370295759249],[112.37487984289947,37.023731039475344],[112.37488870766559,37.023759646432275],[112.37489521993032,37.02378865726995],[112.37489748953655,37.023802606486186],[112.37493831518792,37.024088204842734],[112.37494017727894,37.02410354633016],[112.37494191037972,37.024132990067805],[112.37494173623281,37.024140659653256],[112.37494192525757,37.024145161595456],[112.37493777582714,37.02440982544363],[112.37493708982063,37.024427126414956],[112.37493401553452,37.02445650062109],[112.37493044071611,37.024476933630915],[112.37490531250963,37.0246000194201],[112.37493103096664,37.02471110383213],[112.37509728037456,37.02488833601497],[112.37511085662209,37.02490344982921],[112.3751307195173,37.02492825408679],[112.37514851686672,37.02495404725911],[112.37516417138126,37.02498071851806],[112.37517761694141,37.02500815330204],[112.3751887963666,37.0250362342427],[112.37519427098925,37.02505292860991],[112.37528683478929,37.02535894846586],[112.37546294576377,37.025864314154624],[112.37547123411363,37.025891277092775],[112.37547774568328,37.025920287893086],[112.37548187772815,37.02594957856095],[112.3754830582471,37.025964504462486],[112.37549525835678,37.02617379655676],[112.37551451361006,37.026325833489906],[112.37551559494358,37.02633538333405],[112.37551732836062,37.02636482794775],[112.37551665744742,37.02639429953495],[112.3755135833298,37.026423673743665],[112.37550811944362,37.0264528233761],[112.37550028940132,37.02648162472032],[112.37549012691089,37.02650995304622],[112.37547767587338,37.02653768801045],[112.37547510778042,37.02654277963646],[112.37539755388678,37.02669386565174],[112.37538543527182,37.0267157969747],[112.37536857488413,37.026741991865094],[112.37534961408637,37.026767246123605],[112.37532863410065,37.026791452488986],[112.37530572406291,37.026814506311176],[112.37528098222751,37.02683631004252],[112.37525451588607,37.02685676873355],[112.37522643586375,37.02687579640396],[112.3751968654097,37.02689331053345],[112.37516592904323,37.02690923669618],[112.37513375926237,37.026923506680895],[112.37510049429682,37.026936058517066],[112.37506627704937,37.02694684009123],[112.37503125387491,37.02695580375505],[112.374995573538,37.02696291084244],[112.37495939059974,37.02696813253146],[112.3749228585953,37.0269714454182],[112.37488613573267,37.026972835955874],[112.37488373475549,37.02697280070857],[112.37488162903078,37.02697287376455],[112.37475149449969,37.02697354468658],[112.37471924243157,37.026972967829344],[112.37468260627428,37.026970502794164],[112.37466682914116,37.02696884123561],[112.37434182759101,37.02693084925129],[112.3740076603292,37.026893318417734],[112.37366173978558,37.026888281465375],[112.37326488668434,37.02694849196829],[112.37316749806364,37.026982975324145],[112.37316358409448,37.02698972050794],[112.3731467239995,37.027015915085194],[112.37312916266794,37.02703942556831],[112.37305414102266,37.027133266864645],[112.37305274074072,37.02713501029935],[112.37303175991555,37.02715921627398],[112.37300884906237,37.02718226966764],[112.37298410643902,37.027204072934445],[112.3729576393406,37.027224531126954],[112.3729295585954,37.02724355826699],[112.3728999874557,37.02726107183654],[112.37286904932022,37.027276997425126],[112.37283688006032,37.027291266785035],[112.37280361453774,37.02730381798736],[112.37276939678114,37.027314598908326],[112.3727682094163,37.02731493610799],[112.3726049149948,37.027361165717856],[112.37257107868581,37.02736979146639],[112.37253539791986,37.027376898722785],[112.37249921459379,37.02738211966848],[112.37246268226063,37.02738543180357],[112.37242595911363,37.02738682068373],[112.37238977368801,37.027386304911765],[112.37227908751122,37.02738186380452],[112.37227851285351,37.02738184071798],[112.37224187767784,37.027379374918596],[112.37220552156109,37.027374993043416],[112.37216959992553,37.027368714018294],[112.37213426833922,37.02736056487668],[112.37209967689823,37.02735058082448],[112.37206597358099,37.02733880430035],[112.37203330312468,37.0273252849886],[112.37200180593413,37.027310081633914],[112.37197161578607,37.02729325936467],[112.37194286319969,37.02727488965415],[112.37191566983523,37.02725505128618],[112.37189015411153,37.027233830290164],[112.37188645457279,37.027230512313324],[112.37183363463032,37.02718266151621],[112.37181757227403,37.02720119173189],[112.37179466215767,37.02722424488563],[112.37176991914968,37.02724604700557],[112.37174345059539,37.027266505847805],[112.37174100215987,37.02726826859384],[112.37152083651964,37.027425769017405],[112.37149995315269,37.02743999044487],[112.37137724196775,37.02751950814891],[112.37138282607283,37.027598262761835],[112.37138367247643,37.027617336298526],[112.37138370331051,37.027628363362055],[112.37137935223974,37.02797492366956],[112.37137864891308,37.027993369096436],[112.37137685236304,37.0280130759547],[112.3713582603002,37.028169675858564],[112.37135698108601,37.02817934312757],[112.37135151550035,37.028208492595134],[112.3713436837202,37.028237293692406],[112.37133351946106,37.02826562169034],[112.37132106663151,37.02829335624696],[112.37130843017997,37.028316878917096],[112.37122883351759,37.0284541590172],[112.3712267814915,37.028457658816784],[112.37120991929035,37.02848385314561],[112.37120747351986,37.02848732956433],[112.37100447294434,37.028772886225724],[112.37098795598575,37.02879466340367],[112.37096697405364,37.028818869029195],[112.37094406208085,37.02884192204066],[112.37091931831381,37.02886372399305],[112.3709154608518,37.02886687703845],[112.37084349200866,37.028925113541824],[112.37079471443255,37.02896458258738],[112.37077210362541,37.02898188816995],[112.37075107382076,37.02899637154979],[112.37043838824368,37.029201186650894],[112.37043133608654,37.029205730795375],[112.37040643105101,37.029220636398975],[112.37026161099438,37.02930240856787],[112.37025694241645,37.029305015940075],[112.3702260040149,37.02932094084917],[112.37019383226398,37.02933520952814],[112.37016056540185,37.02934776001209],[112.37012634633936,37.02935854019333],[112.37009132143925,37.02936750242949],[112.37005563947345,37.0293746080606],[112.37004357480812,37.02937656741354],[112.36990590155914,37.029397663033876],[112.36988178174758,37.02940092386351],[112.36984524831078,37.02940423521345],[112.36980852413551,37.029405624204436],[112.36977176417862,37.02940508364119],[112.3697351269618,37.02940261709954],[112.36969876999639,37.02939823447424],[112.36966284872453,37.02939195559519],[112.36962751531458,37.029383805736245],[112.36959292323625,37.02937382006755],[112.36955922050298,37.02936204283246],[112.369526549591,37.029348522843414],[112.36949505203064,37.02933331883501],[112.36946486160019,37.029316495938396],[112.3694361088201,37.029298125629616],[112.36940891535139,37.029278286694996],[112.3693833984898,37.029257065179365],[112.36935966885402,37.029234550808745],[112.3693378248164,37.029210839757496],[112.36931796373855,37.029186034518716],[112.36930016730044,37.0291602404695],[112.3692845127844,37.029133568443626],[112.36927106854874,37.02910613298186],[112.36925989064085,37.02907805147001],[112.36925102727524,37.029049443186125],[112.3692445177587,37.029020432016054],[112.36924097234079,37.028996590851506],[112.36922014527725,37.02881556939701],[112.36921956085489,37.02881012054627],[112.3692178286576,37.0287806758169],[112.36921850310546,37.02875120331305],[112.3692215797347,37.02872183012817],[112.36922704504471,37.02869268075683],[112.36923487767007,37.02866387978423],[112.36924504276294,37.02863555195101],[112.36925749640642,37.028607817597376],[112.36927218678665,37.02858079535244],[112.36928904968255,37.028554601285485],[112.36930801294383,37.02852934795314],[112.36931552676837,37.02852028540405],[112.36945055234115,37.02836164002007],[112.36945493647168,37.028276164068224],[112.36945519433276,37.02827168669245],[112.36945827084098,37.02824231260057],[112.36946373715512,37.028213163205606],[112.36947156964706,37.02818436221794],[112.36948173459308,37.0281560343653],[112.36949418807689,37.02812829998796],[112.36950887716179,37.028101277728155],[112.36952573989068,37.02807508453012],[112.36954470294197,37.028049830261175],[112.36956568514584,37.02802562578008],[112.36958859729016,37.02800257212744],[112.36960391428106,37.02798874145529],[112.36975030324118,37.02786189533093],[112.36975972898048,37.02785392432494],[112.36978619827991,37.0278334659123],[112.36981427892208,37.02781443951079],[112.36984385212894,37.02779692668027],[112.36987479000518,37.02778100187785],[112.36990696118824,37.027766734194714],[112.36994022627313,37.02775418290397],[112.36995692856368,37.02774866239443],[112.36995128953058,37.02767715423389],[112.36992022353147,37.02766998863324],[112.36988563221826,37.02766000393288],[112.36985595696635,37.0276497453193],[112.36971227521165,37.027596097671804],[112.3697082473194,37.02759457822277],[112.3696755771495,37.02758105825597],[112.3696440803019,37.02756585426845],[112.3696438602337,37.02756573967806],[112.36963231607133,37.02757195023569],[112.3696071851709,37.02758470847713],[112.36957501402108,37.027598976979775],[112.36954174780001,37.0276115272804],[112.36950752939957,37.02762230637131],[112.36947250521196,37.02763126841255],[112.3694368240061,37.02763837474499],[112.36940064031441,37.027643594752156],[112.36936410881506,37.02764690592518],[112.36935199206178,37.02764757736747],[112.36894558353873,37.02766657079142],[112.36892097579626,37.02766728720253],[112.36889980829599,37.02766721157481],[112.36888794210066,37.02766900813945],[112.36879041264669,37.0277041986394],[112.36878229432848,37.02770706649991],[112.3687480757713,37.02771784537462],[112.3687130514438,37.0277268071942],[112.3686773701155,37.02773391330043],[112.36864118630322,37.02773913217702],[112.36860918925747,37.02774213762701],[112.36849634654047,37.027750114822176],[112.36849181087625,37.027750420321546],[112.36845891739658,37.02775175389103],[112.36837467173875,37.027753185978504],[112.36828599041468,37.02785163822808],[112.3682811255027,37.02785695621391],[112.36825821298133,37.027880008720906],[112.36823346987174,37.027901811013614],[112.36820700010547,37.02792226818769],[112.36817891901138,37.027941294217335],[112.36814934535407,37.0279588066413],[112.36813511334677,37.027966417579904],[112.36787115207976,37.028102960635536],[112.36785444572203,37.028111274922324],[112.36782227399402,37.02812554205876],[112.36778900725812,37.02813809277815],[112.36775478835997,37.02814887137236],[112.36771976371008,37.028157832904434],[112.36769894131656,37.02816222027745],[112.3674903452017,37.028202767975635],[112.36747548705578,37.02820548547596],[112.36743930294304,37.028210704892565],[112.36740276994497,37.02821401548147],[112.36736604515029,37.02821540371873],[112.36732928688436,37.02821486237352],[112.36729265029577,37.02821239506378],[112.3672562940167,37.02820801167463],[112.36722037234667,37.02820173115135],[112.36718898431329,37.02819459107156],[112.36705882993076,37.02816167957573],[112.36705488535105,37.02816066904651],[112.36702029416197,37.02815068350828],[112.36698659122595,37.028138905533794],[112.36695392240216,37.028125384800596],[112.3669224258461,37.0281101800853],[112.36689223645531,37.02809335650919],[112.3668634847458,37.028074985551164],[112.36683629237403,37.02805514600032],[112.36681077663097,37.02803392390416],[112.36678704811442,37.02801140809039],[112.36676520524033,37.027987697438064],[112.36674534419336,37.027962891753035],[112.36672755003536,37.02793709727624],[112.36671189667308,37.02791042488211],[112.36669845358338,37.027882989100064],[112.36668727680875,37.02785490731724],[112.36667841455892,37.0278262988129],[112.36667778866683,37.02782391835391],[112.36665854845167,37.02774984384035],[112.36665577737654,37.0277384374753],[112.3666144466857,37.0275558280095],[112.36661133525985,37.02754060349109],[112.36660720652294,37.02751131335513],[112.36660643040845,37.02750243025548],[112.3666022500019,37.02744667453076],[112.36648285561948,37.027531531627005],[112.36634913832374,37.027686881664614],[112.36633732921194,37.02770008586942],[112.36631441726024,37.02772313799959],[112.36628967249189,37.02774493900979],[112.36628125257013,37.02775174036622],[112.3661123810725,37.02788527792888],[112.3660943318237,37.02789893418594],[112.36606624907157,37.027917959739014],[112.36603667604484,37.02793547163307],[112.36600573615021,37.02795139546458],[112.36597356525051,37.02796566209272],[112.36594029826286,37.02797821229875],[112.3659060791576,37.027988990363795],[112.36587105322249,37.0279979513661],[112.3658353725998,37.02800505661217],[112.36579918845366,37.02801027552904],[112.36576265546418,37.028013585612406],[112.36572593182741,37.02801497242686],[112.36568917254633,37.02801443148494],[112.36565253609129,37.028011963665556],[112.36561617998656,37.02800757976971],[112.3655802596544,37.02800129873196],[112.36556921728564,37.02799896607861],[112.36540444038339,37.0279627201799],[112.36538015041232,37.02795690170016],[112.36534555950428,37.0279469147661],[112.36531185802649,37.02793513629535],[112.36527918844996,37.027921615105626],[112.36524769229923,37.02790640993666],[112.36522185796626,37.027892160450634],[112.3652090567144,37.02788466811223],[112.36520686469083,37.0278862628899],[112.36517878171522,37.02790528823733],[112.36516584902107,37.02791324247245],[112.36508112152758,37.027963803383116],[112.3650644809672,37.02797336081335],[112.36503354196998,37.0279892843827],[112.36500136975687,37.02800355166485],[112.36496810256816,37.02801610070091],[112.3649338833159,37.02802687938939],[112.36489885834764,37.02803583919351],[112.36486317760753,37.02804294414932],[112.36482699224405,37.02804816278422],[112.36479046030834,37.02805147255648],[112.36476443241406,37.02805265494639],[112.36459614829478,37.02805716208109],[112.36451479239646,37.02805934026716],[112.36450409549884,37.02805954528271],[112.36446733617684,37.028059003061614],[112.36444673597097,37.02805785422407],[112.36435385115638,37.02805129356827],[112.36433781493211,37.02804997509688],[112.36430145887205,37.02804559079698],[112.36426553749406,37.028039309372225],[112.36423020636508,37.028031157866444],[112.36421137927296,37.028025976414206],[112.36419264609131,37.028036788560776],[112.36419124617854,37.028037559701396],[112.36399033383366,37.028147849983725],[112.36396079445112,37.028163002140474],[112.36392862195586,37.02817726913683],[112.36389535450623,37.0281898178768],[112.36386113499928,37.02820059535936],[112.36382610983195,37.02820955575148],[112.36379042890093,37.02821666038808],[112.36375424337166,37.028221878698766],[112.36374297475551,37.028223106553746],[112.36359338760788,37.02823817610698],[112.36356812413828,37.02824025766472],[112.36355186597137,37.02824110946175],[112.36353220634679,37.02824191024771],[112.36349946695081,37.02841254715886],[112.36349671772152,37.02842559560686],[112.36348888293853,37.02845439624517],[112.36347871571373,37.028482723628855],[112.36346625996828,37.028510457418626],[112.36345156864418,37.028537478973405],[112.36343470372044,37.028563672251224],[112.36341573847625,37.02858892468413],[112.36339475415268,37.02861312901872],[112.3633718399043,37.02863618061359],[112.36334709400337,37.02865798193059],[112.36332062375925,37.02867843803077],[112.36329254001342,37.02869746294463],[112.36326296603124,37.028714974164],[112.36325324479068,37.028720226111744],[112.36311537367996,37.02879304656348],[112.36308194339068,37.028868626914246],[112.36307451510245,37.02888446817184],[112.36305982355402,37.0289114887799],[112.36304295841529,37.02893768200478],[112.36302399295026,37.02896293437803],[112.36300300840098,37.02898713864645],[112.36298009392297,37.029010190168925],[112.36295534778947,37.02903199140758],[112.36292887732694,37.02905244832466],[112.36290079445307,37.029071472235636],[112.36287121912804,37.02908898427476],[112.36284027920946,37.0291049072876],[112.36280810608703,37.02911917308934],[112.36277483805314,37.029131722425994],[112.36276103019573,37.029136321191565],[112.36261580770575,37.029182880955716],[112.36256266857987,37.02920831490175],[112.36247954975289,37.02931078955675],[112.36245913668316,37.02933428708444],[112.3624362219525,37.029357339406786],[112.3624219463264,37.02936991561741],[112.36241147665785,37.02937913962248],[112.36238500480444,37.02939959643531],[112.36235692168182,37.0294186211226],[112.36232734607938,37.02943613212959],[112.36229640590419,37.0294520550048],[112.36226423253093,37.02946632066324],[112.36225560965063,37.029469780429096],[112.36208169576219,37.02953804988104],[112.3620803576822,37.029538573411116],[112.36196696854795,37.02958278560313],[112.36194366229952,37.02959135232626],[112.36190944187628,37.029602129261654],[112.36187441582287,37.029611089093116],[112.36183873291623,37.029618193170904],[112.36180254768003,37.02962340998747],[112.3617660137076,37.02962671885825],[112.36176551083254,37.029626751660444],[112.36169813006019,37.02963102094183],[112.36161026765079,37.0296365875345],[112.36157404602467,37.02963794208069],[112.3615372870572,37.02963739895385],[112.3615006499147,37.02963492986587],[112.36146429323183,37.02963054470955],[112.36142837130973,37.02962426243767],[112.3613930397177,37.0296161100977],[112.36135844855177,37.02960612290917],[112.36132474578919,37.02959434332415],[112.36129207616494,37.02958082104009],[112.36126058008014,37.0295656148144],[112.36124257250131,37.02955586259138],[112.36112924344795,37.02949189384361],[112.36111706339751,37.02948482101493],[112.36108831137649,37.02946644865664],[112.36106112108152,37.02944660775317],[112.3610356064288,37.029425384396504],[112.36102109259437,37.029411969108764],[112.36095937531724,37.02935260241937],[112.36095016187267,37.029343500712294],[112.36092832149254,37.02931978804763],[112.36090846195295,37.029294981359314],[112.36089764734982,37.02927978377765],[112.3608954811515,37.02927659833557],[112.36088924574192,37.0292798387023],[112.36082118769154,37.02936038463311],[112.36067145583453,37.02966052193035],[112.36065719832543,37.02968666779613],[112.36064033218754,37.029712860696264],[112.3606389086254,37.02971489257593],[112.36054842756882,37.02984323175607],[112.36053088574074,37.0298664518567],[112.36050990014658,37.029890655701514],[112.3604869846368,37.0299137067597],[112.360462237489,37.0299355074954],[112.36043576601799,37.02995596297217],[112.3604076810704,37.02997498722312],[112.3603781059168,37.029992497743024],[112.36034716397288,37.03000842013407],[112.36031499112646,37.03002268616257],[112.36028172225465,37.030035233913615],[112.36024750140025,37.03004601127839],[112.36021247381028,37.030054970639426],[112.36017679163415,37.03006207331038],[112.36014060607467,37.03006729052698],[112.36010407180194,37.03007059889142],[112.3600673459101,37.030071984889425],[112.36003058672934,37.03007144129973],[112.35999394941199,37.030068971749806],[112.35995759259349,37.03006458613443],[112.35992167059162,37.030058304309165],[112.35990047140962,37.03005365393005],[112.35979655942796,37.030029098661906],[112.35978242695526,37.03002559534027],[112.35974783579805,37.030015607682245],[112.35971413308692,37.03000382763901],[112.35968146355661,37.02999030491006],[112.35964996760785,37.029975098254674],[112.35961977901201,37.02995827281534],[112.35959102828178,37.029939900079],[112.35956383706936,37.02992005884227],[112.35954018032353,37.02990047533051],[112.35942780730946,37.02980163852001],[112.35942735062356,37.029801236497406],[112.35937210739527,37.02975252849914],[112.35924942910178,37.029841373234824],[112.35911694786815,37.02994927653097],[112.35910834529211,37.02995628310356],[112.35900605188687,37.03007153686094],[112.35899885908505,37.03007945711687],[112.35897594305433,37.03010250789281],[112.35895119652862,37.0301243083097],[112.35892472347017,37.03014476437182],[112.35889663917376,37.03016378735976],[112.35886706248192,37.03018129842457],[112.35883612125829,37.03019722041601],[112.35880394689809,37.03021148515361],[112.35877067769896,37.03022403338798],[112.35873645651733,37.030234809421714],[112.35870142977333,37.03024376832875],[112.35869703186776,37.03024475213804],[112.35853709525725,37.03027995786652],[112.35850580962385,37.03028607805091],[112.35846962268857,37.03029129387408],[112.35843308934372,37.030294601714516],[112.35839636329749,37.03029598719791],[112.35835960288074,37.03029544310521],[112.35832296661701,37.0302929730275],[112.35829719427645,37.03029006591079],[112.35813744440141,37.03026900914874],[112.35812685877829,37.030267530136776],[112.35809093793728,37.030261247743354],[112.35805560524996,37.030253094421774],[112.35802101418294,37.03024310535724],[112.3579873127451,37.03023132480764],[112.35795464340735,37.03021780159937],[112.35792314769319,37.030202594481],[112.35789295937293,37.030185768596944],[112.35786420895813,37.030167395436074],[112.35784197669437,37.03015117225649],[112.35783701811567,37.030147554697656],[112.3578176217464,37.030131676579096],[112.3577246166157,37.03005168720919],[112.3577184989641,37.030046340360705],[112.35769900489909,37.030028064857596],[112.35762893282877,37.02995870975546],[112.35746021038732,37.02994851908506],[112.35743703724968,37.02994673172658],[112.35740068061216,37.0299423453233],[112.35736475996207,37.0299360618045],[112.35733757687053,37.02992996753538],[112.35722647910555,37.02990263151591],[112.3572183308617,37.02990057222151],[112.35718374007409,37.02989058380762],[112.35715003777607,37.02987880212573],[112.35711736873259,37.02986527868004],[112.35708587332623,37.02985007133218],[112.35705568532606,37.02983324522752],[112.35702693524223,37.02981487185591],[112.3569997447402,37.029795030917484],[112.35697423217837,37.0297738057543],[112.35695050483939,37.02975128884523],[112.35692866555917,37.029727575422996],[112.35690880718937,37.0297027680426],[112.35689101476436,37.02967697205142],[112.35688539749466,37.02966790998686],[112.35681921797186,37.02955805191942],[112.35680918494927,37.029540441131445],[112.35679574508147,37.02951300416832],[112.35678457166661,37.029484921391116],[112.35677571290014,37.029456312083354],[112.35676920806893,37.02942730013541],[112.3567650829608,37.02939800869082],[112.35676391557135,37.029383240105574],[112.35675366019387,37.0292079005123],[112.35675310017345,37.02919322409168],[112.35675377945597,37.02916375246407],[112.35675686089255,37.029134378606265],[112.35675812709825,37.0291263388489],[112.35678072372617,37.028992579897704],[112.35678492874914,37.02897147074926],[112.35679276501757,37.028942671417646],[112.35680293478407,37.028914343656936],[112.35681167009454,37.02889432607797],[112.35684948556955,37.02881379310383],[112.3568532096434,37.028806078431124],[112.35686790338016,37.02877905764647],[112.35688477063427,37.02875286525669],[112.35690373811316,37.028727613824124],[112.35692472457959,37.028703411496835],[112.35694764081958,37.028680360207005],[112.35697238861518,37.028658561088804],[112.35699886058406,37.02863810547008],[112.357026944802,37.028619082027646],[112.35705652135215,37.0286015723217],[112.35708746232496,37.028585650795826],[112.3571179495228,37.02857207977624],[112.3572204389719,37.02852973943911],[112.35726964937277,37.02850940837275],[112.35727133729908,37.02850871420809],[112.3573046049111,37.02849616731448],[112.35733882551946,37.0284853908016],[112.35737385277454,37.02847643319537],[112.35740953448484,37.02846933047459],[112.35744571950248,37.028464114101276],[112.35748225314875,37.028460806567914],[112.35751897833764,37.028459421384625],[112.35755573674747,37.02845996576883],[112.35758424681403,37.02846172087279],[112.35770031189818,37.028471252584225],[112.35778207598563,37.02846955463385],[112.35778789705512,37.028358072981916],[112.35778814140923,37.02835387148857],[112.35779122243962,37.028324498509534],[112.35779669323551,37.028295349562256],[112.35780453016575,37.028266549256045],[112.3578082389554,37.02825621549861],[112.35781469948743,37.028238222315686],[112.35782715726566,37.02821048907748],[112.35784185054537,37.028183468178824],[112.35785871733526,37.028157275657406],[112.3578776843448,37.02813202407614],[112.35788337736064,37.02812545814723],[112.35787618433224,37.02812263201781],[112.3578053516101,37.02809396980392],[112.35774440860789,37.02806931017541],[112.35772360374762,37.02806044808087],[112.35769210898216,37.02804524087686],[112.35766192156404,37.02802841400895],[112.35763317204892,37.02801004166886],[112.35760598203579,37.02799019995288],[112.35760317496448,37.027987996672444],[112.35749611551107,37.02790339975453],[112.35747341054346,37.02788437886615],[112.35745822875971,37.027870319344544],[112.35726914701237,37.02768772815231],[112.35726060194392,37.027679269933266],[112.35723876319872,37.02765555745086],[112.35723378571653,37.02764966683656],[112.35715630640568,37.0275563878791],[112.35714142600143,37.02753747023605],[112.35712363404306,37.027511675162806],[112.35710798409215,37.02748500142984],[112.35709454450341,37.027457564486184],[112.35708337128828,37.02742948082295],[112.3570825152302,37.027427031763544],[112.35704803471286,37.027327300723464],[112.35704003219537,37.02730114138283],[112.3570335972514,37.027272514270805],[112.35702089873267,37.027203289993714],[112.35699038513302,37.02711763596168],[112.35695670472174,37.02704561795686],[112.3569253052824,37.02701388135704],[112.35692466098777,37.02701322828672],[112.35690282140281,37.02698951484595],[112.35688296378227,37.02696470743552],[112.35686517315733,37.02693891140295],[112.35684952343563,37.02691223853],[112.35683608403033,37.02688480064974],[112.35682491101619,37.026856717856745],[112.35682062805878,37.026843876111585],[112.356785957381,37.0267334197511],[112.35678138192365,37.026717653072225],[112.35677487621705,37.0266886402189],[112.35677075130393,37.02665934965923],[112.3567690251063,37.02662990462666],[112.35676970325139,37.02660043209919],[112.35677278462525,37.02657105913164],[112.35677825570714,37.026541910217645],[112.35678609286474,37.0265131099663],[112.35679531878502,37.02648714192013],[112.35681239150713,37.02644403525996],[112.35681333509118,37.0264416773427],[112.35681897110925,37.026429129420166],[112.35657999325775,37.0266071091147],[112.35650562861501,37.02673978048437],[112.35650055291525,37.02674858009842],[112.35649797489445,37.026752869540616],[112.35650155473405,37.02677375903392],[112.35665095134368,37.02718006522541],[112.35665261093426,37.02718466571781],[112.35666146824066,37.02721327506453],[112.35666797393931,37.02724228702075],[112.35667209886765,37.027271578482164],[112.35667382615772,37.027301022599836],[112.35667314685429,37.02733049513709],[112.35667006543649,37.02735986900062],[112.35666958196371,37.027363076712035],[112.35660982734596,37.027748049863206],[112.35660483960497,37.027773991055646],[112.35659700224788,37.02780279039222],[112.35658683252359,37.027831117238165],[112.35657437434783,37.027858850355706],[112.35655968067302,37.02788587110659],[112.35654281348823,37.027912063452234],[112.35652384608238,37.0279373148288],[112.35650285970574,37.02796151798736],[112.35649443244463,37.02797035862277],[112.35639164040315,37.02807547322539],[112.35638150095295,37.02808554077819],[112.35622591863094,37.02823555410473],[112.35610807736074,37.02838174986283],[112.35610775849874,37.028382145445974],[112.35608677185371,37.02840634763345],[112.356063855428,37.028429398761595],[112.35603910743905,37.028451197694814],[112.3560126352693,37.02847165310387],[112.35598454972038,37.02849067632347],[112.35595497408144,37.02850818575372],[112.35592403289385,37.02852410698852],[112.35589185866024,37.02853837093693],[112.35586908356593,37.02854718989087],[112.3557086175731,37.02860578621229],[112.35567440235965,37.02868168435744],[112.35566809980837,37.028695002994105],[112.35565340565705,37.028722023638764],[112.35563653798097,37.02874821586195],[112.3556339467596,37.02875189545338],[112.35559491111194,37.028806718212444],[112.35561993879575,37.02886329576874],[112.35563098640631,37.028891095381915],[112.35563984467366,37.0289197047878],[112.35564560426192,37.028944750973004],[112.35568409946973,37.0291435086706],[112.35568484422383,37.02914747360597],[112.35568660836506,37.02915801956886],[112.3556916056476,37.02919081862506],[112.35571488542085,37.02934364288211],[112.35571724484795,37.02936238842263],[112.35571897185844,37.0293918334514],[112.3557182921925,37.0294213059809],[112.35571521033087,37.0294506789178],[112.35570973979081,37.02947982776842],[112.35570190195469,37.02950862794897],[112.35569173168786,37.02953695472153],[112.35567927292436,37.02956468774946],[112.35567296605144,37.0295768819766],[112.35562230561506,37.02967091068275],[112.35561391703943,37.02968573711054],[112.35559704914681,37.02971192932855],[112.35557808099402,37.02973718056176],[112.35556430350472,37.02975344529854],[112.35549209796648,37.02983480146203],[112.35548488938873,37.0298427388075],[112.35546197235935,37.029865789826296],[112.35543722374108,37.02988758864167],[112.35541075091908,37.029908043924884],[112.35538266469769,37.02992706701119],[112.35535308836906,37.029944576301254],[112.35532214535384,37.02996049740243],[112.35530391066666,37.029968851720376],[112.35520102806619,37.03001396370576],[112.35513853115533,37.030045207321635],[112.35512907559794,37.030049831175454],[112.35509690171362,37.03006409580864],[112.35508855852173,37.03006744374093],[112.35507740958226,37.03007182563962],[112.35505248297704,37.030081024010194],[112.35501826131586,37.030091799881625],[112.35501102614245,37.030093816979075],[112.35500419299488,37.03010037146567],[112.35497944418472,37.030122171089694],[112.35495297001765,37.030142625386084],[112.35492488471766,37.030161648354465],[112.35489530706745,37.0301791575465],[112.35486436498283,37.03019507851866],[112.35484485669632,37.03020398971768],[112.35451743151394,37.03034667729082],[112.35443089920214,37.030459360445164],[112.35441162420365,37.03055355021453],[112.35439137515264,37.03065250481729],[112.35438955949691,37.0306608814922],[112.3543104305392,37.0310065788981],[112.35429230479525,37.03122030034737],[112.35436587366104,37.031533475275204],[112.35436967330791,37.031551698931715],[112.35437379764089,37.03158099046543],[112.3543755241943,37.031610434611615],[112.35437484401592,37.03163990713355],[112.35437176158874,37.0316692809379],[112.35436628927697,37.031698429742306],[112.35435845183643,37.03172722892476],[112.35434828081276,37.03175555648867],[112.35433582009536,37.03178328939537],[112.35432112490587,37.031810309882765],[112.35430425610026,37.031836501025374],[112.35428528702235,37.03186175296314],[112.35426429886563,37.03188595484531],[112.35425382978916,37.031896869322864],[112.35396025988781,37.03219344398957],[112.3539478108531,37.032205579376736],[112.35392306217712,37.03222737787899],[112.35390804711385,37.03223930648173],[112.35386184443148,37.0322746540826],[112.35375140247898,37.0323591503478],[112.35370598951744,37.03253933488305],[112.35366281053474,37.03271065502228],[112.35365681069567,37.03273182057577],[112.35364663927109,37.032760147181946],[112.35363417814342,37.032787880018795],[112.3536194825201,37.032814900423716],[112.35360261327484,37.03284109237238],[112.35358364370555,37.03286634330266],[112.35356265507163,37.03289054596755],[112.35353973654625,37.03291359573276],[112.35352568450418,37.032925971913315],[112.35352372813499,37.03292769533572],[112.35350865406907,37.03295435603735],[112.35347169758244,37.03300254548083],[112.35343242893501,37.0330417232819],[112.35342749936822,37.03304664135608],[112.35337675622651,37.03308594823751]]],[[[112.389966579578,37.06903965759211],[112.39009672433556,37.06883550027878],[112.39079820948636,37.06808223370677],[112.39143781278491,37.06743107665416],[112.39235021478457,37.06656931379045],[112.39356308107459,37.06554667690676],[112.39407825252432,37.06525073956537],[112.39430402441899,37.06523378215547],[112.39456846781667,37.06505426369617],[112.39466250498928,37.06499117640106],[112.39481043769527,37.06462231572733],[112.39493597279703,37.064330002266],[112.39547857901071,37.064070924950144],[112.39579068758778,37.06389561103151],[112.3962256953358,37.06360918987106],[112.39639776015835,37.06325911457486],[112.39658950292872,37.06300892991052],[112.39671529203807,37.06273091584239],[112.39706826137687,37.062337585622046],[112.39723817407297,37.06227598655629],[112.3973389292087,37.06229565946186],[112.39747445406176,37.062386438486975],[112.39767383402177,37.062512224611595],[112.39788582530858,37.06251019652666],[112.3979773039191,37.062437152816926],[112.39804382553754,37.062171755255136],[112.39798202541009,37.06172192570199],[112.39774677510518,37.06105958811825],[112.3976083573032,37.06032459214432],[112.39743805826876,37.05979737165661],[112.39700037297229,37.05934434075864],[112.39661349914702,37.058928732941744],[112.3965235475304,37.05885788873993],[112.39632482981327,37.058607264628144],[112.39615777212248,37.0584185184507],[112.39594080701693,37.058143942737814],[112.39575828307729,37.057922599623765],[112.39565639368962,37.05763772937889],[112.39562343478453,37.05746230421287],[112.39568554354337,37.05719934369997],[112.39573442492132,37.05682330294131],[112.39578516928817,37.05634592368053],[112.39586999618327,37.05602428926999],[112.39582389782619,37.05578103739315],[112.3957926762107,37.055700352650064],[112.39581933796055,37.05557269785801],[112.39594747483507,37.0554639140968],[112.39629630734673,37.05533548904096],[112.39663093078687,37.05527774073548],[112.3968642422399,37.05502468287811],[112.39681264608953,37.054643864753956],[112.3970157804198,37.05436732330717],[112.39726548580636,37.05419750778305],[112.39735207485259,37.054053453959014],[112.39725565194853,37.05366124473981],[112.39715988674072,37.053304785657616],[112.39715623994276,37.05326444037764],[112.39712871036228,37.05295988868786],[112.39711249027302,37.052780436500974],[112.39710391950013,37.052685628783486],[112.39729887469002,37.05223623704446],[112.39737286808607,37.05201366161202],[112.39750520653448,37.051729012671764],[112.3976522489184,37.051435251497935],[112.39775528798012,37.05097215476967],[112.39791730485032,37.050684176012965],[112.39812654748214,37.050336042813115],[112.39842630696269,37.05005835995515],[112.39876284929174,37.04975938263534],[112.3991332799364,37.04948384422463],[112.39930501914587,37.04932090418665],[112.39953672715257,37.04862298283015],[112.39957152791573,37.0482506823987],[112.39962137432984,37.04804984504941],[112.39970567492368,37.04778185228449],[112.39991424675208,37.047479018939605],[112.40010006564835,37.047283969309824],[112.40049334257176,37.04706867274766],[112.4008640694688,37.046915539053096],[112.40115028299985,37.04682443089613],[112.40137748462678,37.04675881206703],[112.40174789256149,37.046588515335685],[112.40209111629675,37.04636323174926],[112.40238673610982,37.046266288095154],[112.4026258280261,37.04620052632028],[112.4028080053296,37.046144972437915],[112.40298938272792,37.04617524894916],[112.40316334448309,37.0461903553567],[112.40330740102446,37.04626112141381],[112.40349263261663,37.046371451404],[112.40388933406939,37.046595612099175],[112.40408118602043,37.046806939726494],[112.40421926773217,37.046940711150825],[112.40428270427125,37.047047463936615],[112.40448157820931,37.04711551177022],[112.40464247964965,37.04697057186062],[112.40478063238902,37.046764115944335],[112.40478719696868,37.04675430649746],[112.4048976784928,37.04668981359635],[112.40503729948954,37.046608309642735],[112.40531694207507,37.046440679775564],[112.4055993537463,37.04627284345113],[112.40582623737834,37.04615811088556],[112.40606415145183,37.04615767508204],[112.40629935581956,37.04617157430501],[112.40642950588112,37.04622434445156],[112.40647644610675,37.04624337654258],[112.40659602852905,37.04624481928356],[112.40662396576549,37.04621158978235],[112.40658914521396,37.04616194040742],[112.40646241700833,37.0460633194062],[112.4061686442798,37.04586781180543],[112.40612334203148,37.04571967205107],[112.40594709898362,37.045143344941344],[112.40593808764407,37.04465474998128],[112.40572086665745,37.043358093108324],[112.40568102438999,37.0428102657215],[112.40545122037729,37.04244348186147],[112.40520786976927,37.04214837583698],[112.4052279365778,37.041623678063566],[112.40498217352467,37.04119748459939],[112.40479807269219,37.040889756529644],[112.4045467104572,37.0406107609809],[112.40447930319857,37.04053594343014],[112.40379006845126,37.03995673422666],[112.40334358380188,37.03958151581625],[112.40314472573769,37.039440833179015],[112.40259867243992,37.03934001467734],[112.40198179112052,37.03926863752871],[112.40134707228611,37.039197466970585],[112.40092129502594,37.038844908911415],[112.4005822179114,37.03835544288163],[112.40011329705906,37.03808205944871],[112.39994281656003,37.03784436697638],[112.39983863094338,37.03769910696837],[112.39980271448643,37.037648624150755],[112.39959138278071,37.0373515884121],[112.39936341742468,37.037082511060945],[112.39931120919907,37.03700292326615],[112.39929264790952,37.03697462728041],[112.39904219633563,37.03659282970229],[112.39904321464164,37.03627041649658],[112.39904350612701,37.03617801255318],[112.39905297564295,37.03615716791064],[112.3991121022321,37.03602701727698],[112.39915184258824,37.03576193406526],[112.3992515220808,37.03536026008281],[112.39939973084847,37.03517256660911],[112.39974402212378,37.03497540741776],[112.40002732498712,37.03485763712389],[112.40119770482593,37.03385569275578],[112.40141849496048,37.03349192153587],[112.40183679852228,37.032954175204175],[112.40230396147474,37.032648280644004],[112.40270888809798,37.032353847466325],[112.40284880190086,37.03208518819187],[112.40299857417263,37.0319832922746],[112.40325457869376,37.03183723034901],[112.40394011514698,37.03176475399966],[112.40397519927792,37.031763018847016],[112.40451050073933,37.03173654722451],[112.40451425910396,37.031736502730645],[112.40453718119548,37.03173623136201],[112.40483446275114,37.03173271152245],[112.40492364664597,37.031731655432054],[112.40518830172256,37.03172852106692],[112.40571290768332,37.031636485824826],[112.40625640386729,37.03160143801164],[112.40649403643654,37.03142697919194],[112.40680103595602,37.03114442133344],[112.4070633093148,37.03085524099331],[112.40741410447646,37.03052925189887],[112.40763532914507,37.03034133347283],[112.40772149295121,37.03026814173536],[112.40794413611106,37.029981768692565],[112.40805259805207,37.02984225960792],[112.40868929350124,37.02954148012366],[112.4090135862208,37.02923010443523],[112.40930286363634,37.0289549018924],[112.40959213897318,37.02867969867547],[112.40972163549515,37.028511498923294],[112.41007444262033,37.02842771713718],[112.41011331351764,37.028423380834475],[112.4102579559739,37.02840676172681],[112.41043521476026,37.028345056872276],[112.41054613868273,37.02831393928651],[112.41058247045433,37.02826880950228],[112.41056606452489,37.02818556723253],[112.4105064157202,37.02797470391332],[112.41048918236896,37.02784677363473],[112.41044669150627,37.027679411212596],[112.41037976088835,37.02755018771377],[112.41028465273155,37.02742354081067],[112.41012998640791,37.02729187945067],[112.40998759844074,37.02718105090717],[112.40985899098241,37.027115547350874],[112.40960340122828,37.02698536744571],[112.40944366294144,37.026836601321],[112.4092552302709,37.026550862989],[112.40918050624296,37.02636866587231],[112.40916519810156,37.02618385559698],[112.40914939799116,37.0259723508382],[112.40908533183577,37.025723278055814],[112.40903253978944,37.025569427177444],[112.40897636477926,37.025489994237645],[112.40883849218179,37.0253657604533],[112.40868221163753,37.0251463892095],[112.40862940162631,37.02505526707285],[112.40857902459969,37.0249683435319],[112.40848737567622,37.024771089250386],[112.40837890477222,37.024564499256044],[112.40830652809107,37.02438036620688],[112.40828699505276,37.02422421363789],[112.40827385682871,37.02402793466409],[112.4082175981107,37.023815003372576],[112.40817023362536,37.02369732326556],[112.40799312098167,37.023508711629866],[112.40793397312794,37.02339689262184],[112.40786915378517,37.02323555505848],[112.4077337699234,37.02311701173237],[112.40751987855981,37.022997493079934],[112.40733749858073,37.02291002107655],[112.40721212076515,37.022818058788],[112.4070499133188,37.022663597131164],[112.40691795095537,37.02247254184507],[112.40677656986125,37.0221576334885],[112.4066897912584,37.02196604128473],[112.4065931483465,37.0217554953046],[112.40633294494972,37.021445809784154],[112.40607407800927,37.021208578264876],[112.4057497796408,37.02090537231883],[112.40566191443826,37.0207955177277],[112.40564952381229,37.020780026694396],[112.40553067382494,37.02063143369574],[112.40536423461906,37.02037594149674],[112.4052368965736,37.02017720062202],[112.40518744291953,37.02007480063905],[112.4051723569123,37.0199014296864],[112.40517873324598,37.01960193426913],[112.40514511659751,37.01945548311128],[112.40508939709947,37.01927115057049],[112.40495461213935,37.01905533248805],[112.40484087738972,37.01882019435004],[112.40480214510274,37.01852504691301],[112.40479824808713,37.01831340116693],[112.40483411681092,37.01819473408085],[112.40484316280482,37.01804014886614],[112.4047981844156,37.01792243897374],[112.40476397364336,37.01774357294366],[112.40467370282042,37.01749099264297],[112.40464119381961,37.01714618551896],[112.40463613026294,37.016741932248266],[112.40462161953289,37.01653585144032],[112.40460714847073,37.0163303332815],[112.40459314423396,37.016086386239785],[112.404730895853,37.015817756282324],[112.40478959242768,37.01564732559552],[112.40480989477591,37.01545827877386],[112.40477978234483,37.01537281456787],[112.4047209949692,37.015241202477455],[112.40470865551329,37.01505540277429],[112.40476108394807,37.01475440778464],[112.4048566637439,37.01461739294571],[112.40496634268655,37.01451954536243],[112.4051068991802,37.01440345250067],[112.4052636408305,37.01419777098572],[112.40528408422166,37.014071369259035],[112.4053076775888,37.01392548292934],[112.4053240712172,37.01312071469593],[112.40531113825477,37.01290273902987],[112.4052236685689,37.01275358726687],[112.4050158972883,37.01260943693173],[112.4046871303528,37.01247973002898],[112.40455774166242,37.01246484622707],[112.40419857171739,37.012423530548496],[112.40345590680855,37.012451387395316],[112.4030537649574,37.01256818756307],[112.40256089079513,37.01276234429079],[112.40225547393023,37.01296620327754],[112.40195782480535,37.01326937944401],[112.40160438401416,37.01359945117199],[112.40162811794724,37.01362195905391],[112.40164996721073,37.01364566410439],[112.4016698355429,37.01367046384593],[112.40168763786508,37.01369625296591],[112.40170330021547,37.01372291971326],[112.4017167531087,37.01375035138299],[112.40172794045606,37.01377843060674],[112.40173681394899,37.013807035419106],[112.40174333540513,37.01383604463594],[112.40174747670208,37.013865334251136],[112.40174921979408,37.01389477833736],[112.40174855897519,37.013924249920414],[112.40174549420564,37.01395362466204],[112.40174004224582,37.01398277532228],[112.40173222329236,37.014011578224526],[112.40172207212852,37.01403990861872],[112.40170963260717,37.01406764615251],[112.40169866374411,37.01408828441028],[112.40161229055208,37.014240201463586],[112.40162431234826,37.01451929181991],[112.40162458622964,37.01452820763618],[112.40162392425826,37.01455768013068],[112.40162320140284,37.014567139313755],[112.40160216903473,37.014801766254216],[112.40164997461345,37.01490751206986],[112.401717488757,37.015056855345094],[112.40188768234471,37.015403903118916],[112.40189412334178,37.01541769709416],[112.40190531100171,37.01544577538623],[112.4019141847915,37.015474381072885],[112.40192070647785,37.01550339026766],[112.40192298071419,37.0155173388883],[112.40197208607324,37.01586004344571],[112.40197395333352,37.01587538442076],[112.40197569656736,37.0159048275904],[112.40197503586032,37.01593430006436],[112.40197197224587,37.01596367478874],[112.40196721709856,37.01598971866116],[112.40190448494572,37.01627488280848],[112.40190541425098,37.016278128962014],[112.40188576462313,37.01682666319233],[112.40181605574621,37.01707779854729],[112.40161434759216,37.01742585012298],[112.40132456319247,37.0178345394439],[112.40099303584081,37.01839867574945],[112.39985657917755,37.01965172829909],[112.39961083305221,37.01994335882663],[112.3995197390612,37.020163754098554],[112.39958146019433,37.02028698990119],[112.39985894207719,37.020503037228565],[112.4000509249374,37.02059612896551],[112.40025426347461,37.02061138464051],[112.40054512754948,37.02063320683088],[112.40095217395141,37.02078097209934],[112.40095707610398,37.02104791337266],[112.4008302285736,37.02126396452693],[112.40034660337652,37.021479457863215],[112.39974425311937,37.02170588616436],[112.39911322335432,37.021989863406716],[112.3988423811104,37.02213609222712],[112.39806022746991,37.023022317270936],[112.39769849315437,37.02356296148028],[112.39711665145904,37.02426115047196],[112.39698965359746,37.02463215405311],[112.39690789800989,37.02503838298382],[112.39666177656069,37.02539886837585],[112.39598397159726,37.025728675081346],[112.39514070748511,37.02595314650658],[112.39399119370088,37.02650303944182],[112.39244514174612,37.02731980784141],[112.39118646206863,37.02840733736334],[112.39059009542295,37.02912950555396],[112.38998493578154,37.03018552199807],[112.38946081098001,37.03161009351829],[112.38928190650566,37.03239888237127],[112.38913576629498,37.03335416129045],[112.3892052113346,37.0339016495342],[112.389417223792,37.03411372005415],[112.3896158932936,37.03440938301778],[112.39091251533635,37.035395433746025],[112.39174182886765,37.036029365515724],[112.39295634337518,37.03658725187204],[112.3938117130018,37.03701822997926],[112.39416145719896,37.03744322562321],[112.39424842319988,37.038133539373504],[112.39352802456317,37.03939355970086],[112.39308635383438,37.04044766999749],[112.39335170622631,37.041135889141884],[112.39369444416452,37.041990072149986],[112.39373986381328,37.04284774756937],[112.39379051458657,37.04399143129703],[112.39405523279973,37.04464389770522],[112.39434925269717,37.0452721793881],[112.39462361488735,37.04563846025016],[112.39483654814438,37.04589818682791],[112.39473705908205,37.046149667481814],[112.39426502259329,37.0463578492259],[112.39357956625673,37.04709299786297],[112.39339391921916,37.04751236314591],[112.39294000465655,37.04789912063053],[112.39274710750111,37.04873575529261],[112.39236882629754,37.04919313952186],[112.3916525025885,37.04986904087211],[112.39124382159214,37.05029101925616],[112.39053291408943,37.05126484031844],[112.3897232173539,37.05171535262807],[112.38910397264806,37.05200867592688],[112.38883603028144,37.05281042405319],[112.38884841114081,37.05348969429879],[112.38872936489194,37.0543016178684],[112.3885169771249,37.05488816289091],[112.38876747450962,37.05557656453415],[112.38916210272389,37.05601296696076],[112.38946643430398,37.056390827340664],[112.3896653822326,37.05669840562922],[112.38976198798173,37.0571025383403],[112.38987541924924,37.05761374958274],[112.38957142552917,37.05807025424529],[112.3895138155312,37.05898873490793],[112.38949559593736,37.05962068372288],[112.38968207475936,37.06005952225581],[112.38967568371534,37.06052445998459],[112.38960829029871,37.060906674419414],[112.39011777944853,37.06111525638611],[112.39056561728364,37.061205363010416],[112.39110006251704,37.061151417543414],[112.3916036791964,37.06103823386765],[112.39193103474376,37.06104631182688],[112.39217178289242,37.061198440098146],[112.3922653590227,37.0614357326444],[112.39185335529504,37.06167895932948],[112.391288731101,37.06170942268769],[112.39082732644707,37.061690995682646],[112.39025022319785,37.06185271571936],[112.38996460679083,37.062094453437936],[112.38981426912105,37.06222169474677],[112.38967898858962,37.06233619139718],[112.3891089438485,37.06252946453002],[112.38891190018988,37.06268186344042],[112.38880613898134,37.06275461878012],[112.38863468746038,37.06281383979657],[112.38853650047291,37.06281260531485],[112.38847378461885,37.06279903617197],[112.38836414517769,37.062781981616844],[112.38821723473245,37.06275912919731],[112.38800266927528,37.06273780089202],[112.3878412890169,37.06269677929355],[112.38750611229516,37.06258627303898],[112.38740318383866,37.06259691420392],[112.38731814230113,37.062582412683426],[112.3871083124396,37.06251666121983],[112.38694532421303,37.06252836749834],[112.38671155864387,37.06251441350948],[112.38651533459661,37.0625758501529],[112.38625135830937,37.06278156805412],[112.38595590477861,37.062892296776226],[112.3856720696654,37.06282409547617],[112.38553612383627,37.062890058351556],[112.38536789743527,37.06299596195347],[112.38524976726777,37.06304311255171],[112.38505846276382,37.063057742753514],[112.38488357166885,37.06305883177604],[112.38477953651747,37.063030485604884],[112.38454233281699,37.062959813492064],[112.38450325013096,37.06294816929737],[112.38385145192036,37.06282380855736],[112.38366350164317,37.0627879476601],[112.38333973499641,37.06289392306679],[112.38313543456242,37.06294636806314],[112.38285276871218,37.06294251201949],[112.38266238601199,37.06294234759856],[112.3824267865163,37.06290933506942],[112.38216474086127,37.062978255909414],[112.38176659283063,37.06316764800708],[112.38127695191287,37.06323294999971],[112.3807873112004,37.063298249073135],[112.38034587059892,37.063303387582664],[112.37998431077108,37.06330759412923],[112.37966149035023,37.06321030081408],[112.37931047240559,37.063127966794376],[112.3791951728133,37.06312632802916],[112.37904001017758,37.06324117272248],[112.37894566695218,37.063311002493734],[112.37870952060628,37.06342646033598],[112.37863974830415,37.06346057328286],[112.37838689732976,37.063460531664006],[112.3782189477034,37.06344857830289],[112.37806298051058,37.06343747657829],[112.37778146595929,37.06329175322286],[112.37738788631991,37.063117531002284],[112.377109281656,37.063132685587654],[112.37691721390333,37.06320608291815],[112.37674738131017,37.063270982180335],[112.3764914260663,37.063327891481016],[112.37628074032324,37.06337473422587],[112.3761180809592,37.06342084186974],[112.37598478486822,37.06345862576304],[112.37576452604566,37.063616135085454],[112.3754672251635,37.0636255425793],[112.37509471036606,37.06358814402523],[112.37484720755522,37.063625436109966],[112.37451621295517,37.06367530652419],[112.37411147563566,37.06370681566727],[112.37372877518472,37.06372316833031],[112.37337328064697,37.06380476247574],[112.37263407383179,37.063904504900144],[112.37226876492173,37.06406070592379],[112.37180127662664,37.064530977550206],[112.37179384472894,37.06453670918517],[112.37135017224527,37.06487888123419],[112.37082438818865,37.06520976784843],[112.37030222039382,37.06559917455302],[112.37009787542533,37.06575156290493],[112.36946145732809,37.06613437945443],[112.36883086238745,37.06642772896263],[112.36846154829266,37.066569065633566],[112.36815123564095,37.066682901331745],[112.36793583677553,37.066776633984766],[112.36721448784878,37.06709052748159],[112.3671734581901,37.06710838168722],[112.36690548744517,37.06717822028067],[112.36664379634131,37.06718362017008],[112.3662679055204,37.067290458922066],[112.36573645611284,37.06734902651154],[112.36526495981087,37.06743312432547],[112.36495640631946,37.0674795861047],[112.36469115671987,37.06761852134868],[112.36430306532651,37.06770880684497],[112.36389546031968,37.06770130903744],[112.36365189634554,37.067805425655166],[112.36353011468266,37.067857484675166],[112.36344923206975,37.06779043849529],[112.3633205058624,37.06767892099413],[112.36321744812268,37.06750560322438],[112.36330228036951,37.06735873248637],[112.36350723205426,37.06714182351613],[112.3636225034332,37.0670003248532],[112.36392549288483,37.06667644272217],[112.36417642983776,37.06643611830357],[112.36440914402694,37.066274673071604],[112.36464759566168,37.06613461602472],[112.36480852625955,37.06605123434078],[112.36488069232018,37.06599462012955],[112.36488917865255,37.06597020713082],[112.36485455597375,37.06593055514641],[112.36478281575333,37.06591135595253],[112.36469856008418,37.06589087083798],[112.364611707939,37.0659247675721],[112.36449176932311,37.06600481670209],[112.36437043077606,37.06610633737302],[112.3642627532364,37.06617337170724],[112.36419260573233,37.066194136693326],[112.36403652766393,37.0662403395614],[112.36400597395888,37.06619539669908],[112.36400486414979,37.06613342774403],[112.36403009572861,37.06604731622684],[112.36407759010997,37.065958565499294],[112.36412043184957,37.06585914003734],[112.36413591462268,37.06581009161329],[112.36411654725406,37.06564224868969],[112.3640998273117,37.065373058540544],[112.36407096771524,37.06525657917015],[112.36404894645364,37.06510664532419],[112.36406143458055,37.06505643932124],[112.36414347241136,37.064986362769105],[112.36421185035931,37.06490094695154],[112.3642886590567,37.064788019326315],[112.3643180640944,37.06466478980162],[112.36429620288789,37.06455399908405],[112.36414886691583,37.06435327200176],[112.36405610056805,37.06415647439088],[112.36397646849011,37.064028658642336],[112.36390856201369,37.06389117268684],[112.36388302880982,37.06378039526762],[112.36386265763537,37.06365330890478],[112.36385848840919,37.0635866069997],[112.36377566964742,37.0634469083826],[112.36369064499772,37.063350145298976],[112.36357639217941,37.063282325915175],[112.36344460225911,37.063236016729626],[112.36321375350121,37.063131539335245],[112.3630477481942,37.06299756439957],[112.36286734129853,37.06288997748757],[112.36269156161201,37.06270843600682],[112.3625645183207,37.062590699276626],[112.36236817730868,37.0624236969253],[112.3621938916694,37.06232557395539],[112.36195094695032,37.06221393665257],[112.36178273858295,37.06212289453759],[112.3616618591476,37.06201700630179],[112.36161537354337,37.061912647950024],[112.3616525023158,37.06182640028562],[112.3617572675106,37.06169646670809],[112.36189228344209,37.061594791620266],[112.36198060899035,37.06154371496544],[112.36208474300652,37.06154490316525],[112.36221330883353,37.061581569663815],[112.36244647668623,37.06164564130831],[112.36262228565957,37.061662692230506],[112.36284762943143,37.06162196094808],[112.3631021593708,37.06154990202503],[112.36354326017113,37.061389877294],[112.36374883116592,37.0613081300338],[112.36386532255726,37.06123527255119],[112.36394098053063,37.06119123458599],[112.36396921512834,37.06110677697215],[112.36401625031074,37.06100264778826],[112.36408996271045,37.06075668048063],[112.36409515409298,37.06064791480801],[112.36403420610762,37.06056660920309],[112.36397781249791,37.06047380755424],[112.36393579537115,37.06038656281945],[112.36390685964342,37.06023241775523],[112.36388329646381,37.06011253910303],[112.36388087271547,37.059977160678976],[112.36388782942662,37.05983404559357],[112.36393652856744,37.0597629217465],[112.36395402518134,37.05967690002586],[112.363967241775,37.059617626937374],[112.36393304647544,37.05956843438678],[112.36383124373258,37.05946471298862],[112.36373209496308,37.0593762176651],[112.36365867174577,37.05926263358903],[112.36359214838723,37.05913562087938],[112.36353021249506,37.05899901917491],[112.36351626960632,37.05888475118994],[112.363481391307,37.058797424191575],[112.36344824421248,37.058673841643454],[112.36330621962283,37.058316932651685],[112.36322113298036,37.05808333357115],[112.36318869436172,37.05786629254612],[112.36310843464818,37.05763645183028],[112.36308014997842,37.05751853463579],[112.3629729452979,37.05737863886622],[112.36294700515604,37.05725878726705],[112.36294781552776,37.05717104997259],[112.36307889520104,37.057049393978104],[112.36325765775544,37.056932912073094],[112.36353471388102,37.056857256082715],[112.36381826790908,37.05687878893099],[112.36410246959466,37.05693654929521],[112.36447711221267,37.056995175107836],[112.36477011416135,37.05701278303772],[112.36493882365295,37.05699939894514],[112.36502130596757,37.0569545852943],[112.36504563163787,37.05685131978864],[112.36503701244837,37.056635913460326],[112.36512081465904,37.05653196343049],[112.36526972586847,37.05634335079787],[112.36526736831689,37.05621178552564],[112.36519272936945,37.05616305882406],[112.36500569425998,37.05608320481347],[112.3647382159793,37.05602906901444],[112.36458176796373,37.05592979085196],[112.36448727831672,37.05583552110511],[112.36441399527706,37.05572956459515],[112.3644211204455,37.05559598277404],[112.36443880976707,37.05538790160073],[112.3643729715741,37.05529902352654],[112.36424663369036,37.05515362756522],[112.3640912020568,37.05497805177193],[112.3640463990372,37.054867953525495],[112.36398232672322,37.05474472577762],[112.36393062707981,37.05464805695694],[112.36388004297018,37.054480810489466],[112.36382210773063,37.054168706775684],[112.36378030037301,37.054092902199955],[112.36368788514844,37.053981443789574],[112.36360508881704,37.0538755960958],[112.36343623938608,37.0537478520371],[112.36329946809362,37.053667416554646],[112.36261323004203,37.053401184113326],[112.3623336066043,37.05323275389644],[112.36174347725948,37.05299343187752],[112.36093080161494,37.05262665459373],[112.36021269340726,37.052386963204846],[112.3588906818471,37.05230675898909],[112.35804185937737,37.05223725585385],[112.35773174726086,37.05236000163341],[112.35740049893465,37.052548546473965],[112.35706925009451,37.05273709130447],[112.35687310139923,37.05294560222626],[112.35662436815475,37.053174920185626],[112.35642385458131,37.05318913272542],[112.35613965593275,37.053097025438404],[112.35528600725445,37.05276141095097],[112.3552410782953,37.05274374742798],[112.35402495631321,37.05251328351224],[112.3539562510886,37.052495486355944],[112.35270275358256,37.05217078124099],[112.35175533438753,37.05199682716515],[112.3515538715932,37.05195740453063],[112.35141549574467,37.0517527131299],[112.35127682077852,37.05148014232475],[112.35149519405273,37.051215423152826],[112.3516097009385,37.05096380655095],[112.35172420709047,37.05071218984331],[112.35192601868116,37.0503523007055],[112.35220322412124,37.05005115058779],[112.35218539610315,37.04988447951149],[112.35183984043336,37.04968578472243],[112.35167206577322,37.04944930410626],[112.35183286444764,37.04929251676025],[112.35223281483923,37.049204520482114],[112.35252890207049,37.04912962748215],[112.35283668299944,37.04887580575901],[112.35290446436963,37.048505524944716],[112.35270272409097,37.04803104056618],[112.35222357837041,37.047845789507086],[112.35176268518714,37.04785104257369],[112.35113951499315,37.047929659692194],[112.35069010915677,37.04774406364219],[112.35066425975042,37.04712453799013],[112.3505980322927,37.04674386378561],[112.350404845032,37.0459116892069],[112.35023222785026,37.04540111046029],[112.35016515991745,37.0449727668932],[112.35011232732526,37.04450850299545],[112.3502245073142,37.04412579773661],[112.35021627449774,37.04366102616873],[112.35007614190074,37.04330503232087],[112.34951742483953,37.042822684601155],[112.34879518426821,37.04234219352417],[112.34796973056007,37.041910549372126],[112.34742737755103,37.041511442408655],[112.34708018780117,37.04121739441332],[112.34650019177067,37.04121205966089],[112.34589130531661,37.0412547284497],[112.34548718158939,37.04110435655711],[112.34525598550583,37.04064211278694],[112.34533782236876,37.0402239975539],[112.34513404962078,37.03963032602483],[112.34484066504598,37.03901383019706],[112.34457974857729,37.03855192177849],[112.3440935385848,37.0379614490083],[112.34328134428675,37.03743426375556],[112.34262243332681,37.03716757027597],[112.34251339032609,37.03714598897495],[112.3424264794751,37.03730346227548],[112.34205457370192,37.03746143343887],[112.34137739570528,37.037508426572764],[112.34052590342175,37.03740055435788],[112.3404362790656,37.03749982742444],[112.34037245289706,37.03767358092895],[112.34032537612957,37.03781894269979],[112.34027829919053,37.03796430445204],[112.3402693891556,37.03799182009501],[112.3401768419788,37.038284785108324],[112.3401574400726,37.03833410743761],[112.3401321508128,37.03837971023333],[112.34001927702361,37.038556204339926],[112.34001542366586,37.03856212153868],[112.33997845591072,37.038610306958184],[112.33993424658489,37.038654397985624],[112.33991009304361,37.038674337101575],[112.33961085014766,37.038906573575446],[112.33958424962624,37.03892593658176],[112.33956574854051,37.03893802799049],[112.33931160791138,37.039097044857584],[112.33927361060537,37.03911884484333],[112.33921602730865,37.03914530428889],[112.33901634667146,37.03922488822455],[112.33886967844212,37.03928334406888],[112.33880519267092,37.03933853598387],[112.33876277215512,37.039469258159464],[112.33870924757144,37.03972451053621],[112.33870391077151,37.03974657608423],[112.33863962786515,37.03998092660036],[112.33863699857629,37.0399900591554],[112.33861613943141,37.040044100036745],[112.33858699515974,37.04009561967525],[112.33855002577413,37.040143804670166],[112.33850581474358,37.04018789518821],[112.33849610472484,37.04019620752443],[112.33836287670565,37.04030741470401],[112.33825870397895,37.04039436859675],[112.33821765699741,37.040425356894076],[112.33816115591644,37.040459247755074],[112.33809980286021,37.0404871953063],[112.33803456231252,37.040508757979815],[112.33797136072523,37.04052277149976],[112.33773172309078,37.040564001126214],[112.3376593966945,37.040572291457025],[112.33758883602736,37.040573087070435],[112.33752296950006,37.04056737579474],[112.33727328188593,37.04053368904801],[112.33732931719778,37.0407146411662],[112.33734039352132,37.04076043258147],[112.33734482784662,37.04079575167021],[112.3373622211788,37.04102441347571],[112.33736320697969,37.04104549676603],[112.33735976750685,37.04110199811951],[112.33735154176428,37.041143356124984],[112.33726751441677,37.04146792026804],[112.33725614600228,37.0415101137868],[112.33714139631854,37.04193599471641],[112.33713832119446,37.04194676488944],[112.33712125854584,37.04199254641915],[112.3369882046323,37.042290845328424],[112.33698440654429,37.04229910442676],[112.33695526034214,37.04235062368429],[112.33691828885954,37.04239880819499],[112.3368740744748,37.042442898145865],[112.33684056697983,37.04246992937279],[112.33647641708517,37.042739831667895],[112.3361539866411,37.043052910488505],[112.3361356409009,37.043069847941744],[112.33612596017586,37.04307813542824],[112.33594263292659,37.043231170346985],[112.33579219657112,37.043356749421086],[112.33551501486637,37.04363553279218],[112.33540709758125,37.043786287989825],[112.3355694238501,37.04399415481601],[112.33579509035167,37.04413153142057],[112.33592197794837,37.04424453142857],[112.33604886478274,37.04435753040307],[112.33627604460439,37.044487893598905],[112.3365032240729,37.044618256354006],[112.33674306085302,37.044727598784746],[112.33719396825008,37.04483217756338],[112.33748427056153,37.04493618236451],[112.33800934791883,37.045030385472685],[112.33850678750845,37.04507483632009],[112.33909858120475,37.045072925448906],[112.33940739730704,37.04504560011401],[112.33955187919784,37.04497483436511],[112.33970314696151,37.04495167131391],[112.33989486939608,37.045030558740336],[112.34004873402793,37.045155168960974],[112.34023686630307,37.04529748404538],[112.34034527795612,37.045371378823354],[112.34043544673317,37.04559444947494],[112.34049031219985,37.04583937377336],[112.34057370023585,37.046184101019456],[112.34075043820599,37.04642526464512],[112.34116782974442,37.04665250244324],[112.34135654349802,37.046729038287914],[112.34162441554571,37.04699420087113],[112.34173022365253,37.04729000482476],[112.34220155846461,37.0479044040008],[112.34226753307222,37.04813523692003],[112.3423136280383,37.048486583639296],[112.3423458201711,37.04873195267771],[112.34234745227928,37.04874439422815],[112.34237059223732,37.048920766592715],[112.34246811163163,37.04939168045286],[112.34250440187665,37.04970569935856],[112.34276511924564,37.04981717704584],[112.3431232111593,37.049884640291225],[112.34351222528532,37.05018776179915],[112.34375497918556,37.0502922885457],[112.34410566615793,37.05044565441465],[112.34470563510637,37.050567586582645],[112.3452899089679,37.05081127364554],[112.3458074475431,37.05081255510005],[112.34642147239705,37.05071976523201],[112.34694818324712,37.05073524106534],[112.3473441153232,37.050923842603666],[112.34758649727361,37.05100691000283],[112.34790941995314,37.05110336606933],[112.34836039980111,37.05137715939793],[112.34879458238362,37.05154460888579],[112.3492216223839,37.05163913404066],[112.3496901986478,37.05189841860432],[112.34993738829384,37.052154263577386],[112.3499238632586,37.05249650848392],[112.34921752083524,37.05291934803276],[112.34871408201174,37.05319759962137],[112.34829756722168,37.05337321774643],[112.34803872615457,37.053369008439006],[112.3476279723112,37.05335222024146],[112.34726283622405,37.05339212633101],[112.34693528023344,37.053538881871866],[112.34655773286664,37.05388645340223],[112.34617378792491,37.0543771318536],[112.34549694810282,37.05495695356509],[112.34498468364993,37.05525598566729],[112.34438910454632,37.055518138416666],[112.34430921130557,37.055920186831074],[112.3443542514266,37.05616450382407],[112.34426957832454,37.05642292664832],[112.3441492174212,37.05668175474167],[112.34437040086499,37.05707974660441],[112.34482841938225,37.05752486772303],[112.34496390944628,37.057594996467046],[112.3450879375608,37.0576450824362],[112.34523919738581,37.05772132193896],[112.34538334248249,37.05774829390558],[112.34557501156493,37.05778831462229],[112.34592292712033,37.05785573846384],[112.3460530417712,37.05788394191783],[112.34618635709775,37.05798677247066],[112.34626511070712,37.05806693210564],[112.34639956845335,37.058101164957606],[112.34654185329252,37.058073326875004],[112.34676928532213,37.05798253901309],[112.34690125814916,37.05787614815954],[112.34696976600897,37.05776133541034],[112.34708977599617,37.057735215568904],[112.34741323269434,37.057860272576995],[112.34783634857041,37.05807001873755],[112.34790831248242,37.05814553405645],[112.34799470296494,37.05818650934238],[112.34816935757517,37.05823983152903],[112.34836984604634,37.05827378821035],[112.34852217883409,37.05827587031716],[112.34865061766273,37.058272503440236],[112.34873096919408,37.05824107545035],[112.34881067813163,37.058173419013805],[112.34895431921086,37.05808787129816],[112.34909564914156,37.058006164551045],[112.34917579647885,37.05796329582712],[112.34926589953909,37.057945106738565],[112.34943797228016,37.057987012767526],[112.34963253927063,37.05808969212813],[112.34977761824516,37.058219633814595],[112.34995393074853,37.05836638306753],[112.35003131251098,37.058436067179656],[112.35019324986452,37.05857725920682],[112.35034037114131,37.058688105370855],[112.35041510478473,37.05874256086348],[112.35052991278687,37.05877558192618],[112.3507206500504,37.0587962963597],[112.35103928702118,37.05878313104164],[112.35116732069925,37.0587568805394],[112.35128747394035,37.05868876171567],[112.35137945375105,37.05858983407553],[112.3514563087235,37.058495508939444],[112.35158142212849,37.05843877605714],[112.35200318187837,37.058336704927],[112.35211208146872,37.05830495014003],[112.35257949491057,37.05833785403074],[112.35288985452492,37.05833698945797],[112.35340934481526,37.05833553993819],[112.3539169735715,37.05827242187456],[112.35409690493812,37.05824376658422],[112.35419169343109,37.058346981012164],[112.354251584467,37.05857872919382],[112.35416410476822,37.05888665768036],[112.35397782194968,37.05924220042434],[112.35369808197458,37.05956960712377],[112.35325061199573,37.05983217613601],[112.35294002684178,37.060097950229775],[112.35262298447928,37.060335190285095],[112.35200343718665,37.060623556590166],[112.35178054185717,37.06080250743997],[112.35172887598382,37.06117324487731],[112.35178038449978,37.06130327275009],[112.35195237654531,37.061826566030746],[112.35191024383958,37.06202455981131],[112.35180095052014,37.06223728641807],[112.35154064182231,37.062655055282406],[112.35140334130253,37.062964144950726],[112.35128099645829,37.063335294575054],[112.35112545263915,37.063790011023734],[112.35117279545771,37.064053838719836],[112.3513349215632,37.06413781216967],[112.35171220169025,37.064276548085104],[112.35230133597972,37.06428413565687],[112.35288421665217,37.06444197896476],[112.35345484422889,37.0649146363581],[112.35397245219882,37.065416502147656],[112.35477265713313,37.06593077109621],[112.35533375619647,37.066187645925396],[112.35553623209306,37.06647089478912],[112.35570900329634,37.06671258711964],[112.35634206941992,37.06726188727162],[112.35644397279479,37.06761508697744],[112.35630502114566,37.06816497663201],[112.35608480496919,37.0685373905704],[112.35618545653418,37.06881331135565],[112.35638042582032,37.06905808241722],[112.35643845195463,37.06958639983779],[112.35641639438417,37.06989114668448],[112.3562341724794,37.07032994728978],[112.35621298678117,37.070514185893465],[112.35627926545259,37.070894853607875],[112.35642054413661,37.07131042332783],[112.3564428458366,37.071727352830514],[112.35664719167306,37.07252424898941],[112.35671369198643,37.072783582186],[112.356794537646,37.073098848468106],[112.35671370007539,37.07320086207029],[112.35670436350757,37.07321264406101],[112.35657340171097,37.073377911864654],[112.35657076452819,37.07356388712961],[112.35667622956905,37.07380584024754],[112.35689272166677,37.07404389022825],[112.35725081190748,37.07410415821415],[112.35829856974995,37.07429956271714],[112.35901123219732,37.074279726363294],[112.35925594707466,37.074431628146044],[112.35957617487968,37.074370742848146],[112.35978789986112,37.07424487097495],[112.36001775790369,37.07410821752665],[112.36035570296309,37.074039975704636],[112.36057483193068,37.07405326722285],[112.3608177374137,37.0740680001082],[112.36097245140807,37.0740901138124],[112.36093166737952,37.07430513361953],[112.3612902730197,37.07439399022588],[112.36149410873173,37.074312981131314],[112.36172522665511,37.074260265199804],[112.36206342766035,37.074206319869],[112.36217623599902,37.07402623044184],[112.36226227393716,37.07384644842443],[112.3626800155626,37.073748676563355],[112.3629793198678,37.073516381867314],[112.36310945986145,37.07330748558523],[112.36324723868636,37.07314142773585],[112.36331914207905,37.073054764604215],[112.36347899586973,37.07301001665833],[112.36383905047106,37.07305301592653],[112.36403878115468,37.07336831797873],[112.36390077890798,37.07374235280585],[112.36403335685029,37.07395268657349],[112.36429803307605,37.0742786216272],[112.36449145013518,37.07461252812547],[112.3646209946032,37.07486850022444],[112.36467889354343,37.075110992372885],[112.36480105338751,37.0754528695128],[112.36495672995954,37.075672781535474],[112.36492462442067,37.07587339930065],[112.36490793329814,37.076047369149435],[112.36480088736047,37.07609248078316],[112.36456477761138,37.07619198334173],[112.36460354468306,37.07638486759398],[112.36489865488979,37.076784107640606],[112.36507006858889,37.077016001813114],[112.36506768672318,37.07749017965505],[112.36488617997902,37.07782124833947],[112.3646386453918,37.078038549566315],[112.36461376576038,37.078060390494166],[112.36433968396582,37.07820657791761],[112.36413549922639,37.078228597547906],[112.36389425112895,37.07825461287533],[112.36351115813335,37.07829477634677],[112.36307515968049,37.078371305611135],[112.36289885455487,37.07849491208147],[112.36275060145556,37.078689711916226],[112.3628093656469,37.079039356264516],[112.36314903310034,37.07956468071911],[112.36323703370762,37.079992772135455],[112.36300836926362,37.08068196708559],[112.3626170305785,37.081409145723654],[112.36228890747047,37.08202796430206],[112.36198110762811,37.08253569673722],[112.36184112892695,37.08269464238513],[112.36200861640546,37.08307533545619],[112.36228110583268,37.08358713017665],[112.36265241222448,37.084133546640615],[112.36280536693566,37.08445003984879],[112.36334362368022,37.08559527993019],[112.36345520631829,37.0858443071116],[112.36398792802659,37.08618146281852],[112.36491765061672,37.08675362967406],[112.36577100952043,37.087298061954954],[112.36659949988946,37.08819678405098],[112.36703471652481,37.08857080823289],[112.36719967079515,37.08872552958964],[112.36731758326013,37.088829061461794],[112.367462443619,37.08894181859879],[112.36756302027356,37.08907415683699],[112.3675921952166,37.08920731944025],[112.36759953960122,37.089397267855134],[112.36763340461842,37.08947479467189],[112.36773812297042,37.08950636509572],[112.3679240135247,37.08950124108793],[112.36812292063489,37.08949596660025],[112.36835673150497,37.08945419229979],[112.36851840394098,37.089426103796285],[112.36864648432405,37.089432968710014],[112.36875459516462,37.089487743020634],[112.36904846803809,37.089717972754684],[112.36935032288523,37.0899558572354],[112.36950977717336,37.09013519278596],[112.36980520181413,37.090346331235004],[112.37018624902066,37.090685210462176],[112.37059419331298,37.0911954184468],[112.37108295695658,37.09156642513986],[112.37133276486608,37.09188774662121],[112.3718402823212,37.092150517116096],[112.37220903293094,37.09221895968206],[112.3730128570053,37.092238260878744],[112.37352651366339,37.0925016683662],[112.37402208266097,37.09275579659724],[112.37609660308004,37.09343135740162],[112.37662257671336,37.09355398255602],[112.37686697999347,37.09357498322931],[112.37755769435228,37.09383073869226],[112.37778657518685,37.093803485640265],[112.37807985929419,37.09382868475335],[112.37829110422344,37.09385912648388],[112.37850317640091,37.09383663639479],[112.37883865771983,37.0938255842752],[112.37902420984197,37.09381770497688],[112.37916252361472,37.09386329759258],[112.37933493946669,37.09401719852554],[112.37972786952042,37.09431871948438],[112.37991917280296,37.09443092058733],[112.38005542591826,37.09446934707664],[112.38021271286442,37.09444321365361],[112.38038269123354,37.09446338131706],[112.38050540943586,37.094420234608705],[112.38057319184158,37.09438368664288],[112.38080710258367,37.09448227887855],[112.38108201923934,37.094544633376145],[112.38132201107236,37.09463204807237],[112.38171485719742,37.0945687518545],[112.3825696628693,37.09444435985871],[112.38279788875522,37.09445131557883],[112.38312715551525,37.09440567868879],[112.38338548570128,37.09437405824822],[112.38348397351157,37.09438959642909],[112.383631190714,37.09445347553248],[112.38371860306648,37.09452750836629],[112.38383179505526,37.09453333941204],[112.3839912459439,37.09446472891935],[112.38402387208077,37.094295091527435],[112.38405934232887,37.09411826881885],[112.38413494878476,37.093857541743475],[112.38420516756365,37.09362786726281],[112.3842086738322,37.0933298390786],[112.38414923824196,37.09317081250501],[112.38410993700411,37.092973407195004],[112.384110208176,37.09266111343397],[112.38399969514819,37.09244785289484],[112.38400666932759,37.09234049620079],[112.38400475969402,37.0919900850934],[112.38405096459682,37.09158547513812],[112.38389998773876,37.091383414038624],[112.3837522383118,37.09111337364687],[112.38368224247135,37.09094612587441],[112.38396271974207,37.0906603603879],[112.3842959595709,37.090360425473044],[112.38479220415779,37.08993725064101],[112.38498933606652,37.08973231681447],[112.3850586797179,37.08904613603134],[112.38518969245419,37.08847842935246],[112.38558465986722,37.08769904775641],[112.38622668245453,37.08700617188762],[112.3866113158213,37.08647721712874],[112.38717183468812,37.08580316952333],[112.3873001036316,37.08540164980679],[112.38718212662928,37.08529575466987],[112.38701930864123,37.08517846465016],[112.38691607639231,37.08506524465207],[112.38691067028296,37.08493180989704],[112.38717463275961,37.08472132267406],[112.38743281854957,37.08452043770911],[112.38763239071132,37.08432804615583],[112.38776067799893,37.084183510687105],[112.38774135131854,37.08410268500368],[112.38776884092695,37.0839783996379],[112.38790737491402,37.083743156064855],[112.38811730530864,37.08350707656054],[112.38848665891904,37.083202381492214],[112.38889205636829,37.08291633361502],[112.38914319411138,37.082655930174546],[112.38920602945403,37.08251215989597],[112.389369313323,37.082329070793385],[112.38942111932914,37.0822331076795],[112.38961545484764,37.08212117102674],[112.38975003654197,37.08200938837994],[112.3897784240556,37.08193455855088],[112.38976219049964,37.0818602516826],[112.38971571901779,37.08175948101812],[112.38966903008836,37.081646792691366],[112.38962228804299,37.08153112536845],[112.38959861737813,37.08145690562456],[112.38955584295505,37.08132768312689],[112.38948899799769,37.08117932257193],[112.38958854546378,37.08092784647694],[112.38964216780444,37.08060539184887],[112.38982921597236,37.08025753397209],[112.38963063786366,37.07997379281541],[112.38947689853795,37.07970144611002],[112.389516951457,37.07945066713524],[112.38961649787652,37.07919919098076],[112.38983633612851,37.07901782160423],[112.39004238713382,37.07889621170835],[112.39039869506858,37.07885627573798],[112.39049113802416,37.07883716825531],[112.39088777383365,37.07875518412048],[112.3911692775542,37.07869228462422],[112.39144903938195,37.07853404876414],[112.39160959611492,37.07836529191341],[112.39163542088286,37.07815043708469],[112.39158448378973,37.0778053690382],[112.39161096313629,37.07762626619813],[112.3918146109952,37.07737356652095],[112.39186909219227,37.07709877790585],[112.39192509818805,37.07690740912462],[112.39193016143015,37.07651535905341],[112.39193125690655,37.076430556027674],[112.39204653576742,37.07622657123788],[112.39220861071905,37.076141231717436],[112.39227122465829,37.076117534693054],[112.39253363364735,37.07601822074973],[112.39274098020375,37.07596810767364],[112.39302334530943,37.075952871814856],[112.3932608735857,37.07592624187848],[112.3932904004879,37.075913975673224],[112.39328603884408,37.07567563651932],[112.39297196766388,37.07558396996997],[112.39296993742668,37.07547300264137],[112.39296849887833,37.07539437507185],[112.39296790718412,37.07536203440978],[112.39296760708532,37.07534563167128],[112.39299396166903,37.07533361003274],[112.39307841275581,37.07529509054874],[112.39326266144741,37.075211050548845],[112.39334029503145,37.07519024890391],[112.3933870459094,37.075177721737795],[112.39358833189056,37.07512378700042],[112.39359739922075,37.07512266231804],[112.39361944262299,37.0751199273298],[112.39379737171583,37.07509785299015],[112.39395961680343,37.07502204435515],[112.39397337798523,37.07490995889086],[112.39397515105833,37.07489551488144],[112.39392100680269,37.07470067180845],[112.39382972150565,37.07458970121988],[112.3937813239675,37.07457232668434],[112.39361109970262,37.074511217749446],[112.39343850814595,37.07449449880108],[112.39336968534315,37.07448783188459],[112.3929135099935,37.0744193640397],[112.3928983196388,37.07441708363818],[112.39277953778486,37.07439537265975],[112.39268490338361,37.07437807488184],[112.39266548098176,37.07437452418901],[112.39255726647764,37.074313813539305],[112.39221673605223,37.0742391429907],[112.39171918064714,37.07403758338563],[112.3912535070842,37.0739524593129],[112.39071199162026,37.07378716995508],[112.39044592988837,37.073554283271115],[112.39015018383031,37.07316202220341],[112.39007351500896,37.07301732411929],[112.38992977529695,37.07274603978405],[112.38984514186673,37.07258630892478],[112.38965578501872,37.07215465675241],[112.38939257209262,37.071672285569214],[112.38923559012882,37.07122118278763],[112.38923539981799,37.07105543823362],[112.38923519081743,37.070873137145014],[112.38925061749201,37.0705618272123],[112.38937891267938,37.07038793708379],[112.38941029207653,37.070345404523216],[112.38945805727342,37.070270029590176],[112.3895548780753,37.0701172400027],[112.389729640842,37.06991256030834],[112.3897699156952,37.06979897427502],[112.38981452016503,37.06967317490727],[112.3898858338632,37.06950546609657],[112.38995714611711,37.069337756357214],[112.389966579578,37.06903965759211]]],[[[112.3395739072633,37.03657281665221],[112.33959025607882,37.03657617391176],[112.33959708594192,37.036577576246735],[112.33961410096846,37.03659038566955],[112.33961889716664,37.036593996814084],[112.33972968228757,37.03667739553594],[112.33976849046724,37.03670290451684],[112.3400967882508,37.03640728506005],[112.34011014901802,37.03639525523926],[112.34018500275349,37.03632785125653],[112.34021782467273,37.03631267509914],[112.34025073129709,37.03629745923244],[112.34027885303975,37.03628445623055],[112.34081918323544,37.03603461339182],[112.34128209946229,37.035937003795446],[112.34152912624009,37.035855612997366],[112.34160633679265,37.035766658184684],[112.34165072144862,37.03561528236951],[112.34165197767177,37.035610603641715],[112.34172796981635,37.035327503294994],[112.34177122830904,37.035137321110945],[112.34177784888534,37.03511227387825],[112.34179870451466,37.03505823156783],[112.34182784477095,37.035006711179165],[112.3418648096624,37.034958525212886],[112.34187837451006,37.03494375291919],[112.34200247348005,37.034814213153176],[112.34203311464306,37.0347848937074],[112.34208386601132,37.03474559153746],[112.34214036111851,37.034711697994396],[112.34220170918553,37.03468374933695],[112.34226263383268,37.03466360817317],[112.34226694242575,37.03466218448631],[112.34227606050517,37.034659763929085],[112.34279765962192,37.03452527028362],[112.34320096117268,37.034390613593494],[112.34323582512513,37.03438004647459],[112.3432560723795,37.034374858077854],[112.34350406226586,37.03431543150438],[112.34355190608062,37.03430577959122],[112.34356661702866,37.03430351994775],[112.34374829239204,37.03427762254996],[112.34380345497775,37.034271999842005],[112.3438740096351,37.034271200648455],[112.34394413191667,37.03427749724781],[112.34395547019467,37.034279195149345],[112.34407847331028,37.03429866091879],[112.3441242799217,37.034307524153306],[112.34435940022996,37.03436147854503],[112.34437084217424,37.03436421049061],[112.34443680876879,37.034384289762166],[112.34448376055884,37.03440353481343],[112.34462357860959,37.0344672534946],[112.3447163707406,37.03445577168512],[112.34472426244598,37.03444104445238],[112.3447269544762,37.034436285446745],[112.34475340047992,37.034389523383965],[112.3447903632068,37.03434133654402],[112.34481286703206,37.03431747503371],[112.34486162309206,37.03426919863698],[112.34488593150915,37.03424512924645],[112.34490763168137,37.03422489798134],[112.34491292735848,37.03422031128162],[112.34501545703476,37.034132731407944],[112.34506091072721,37.03409801380264],[112.34511740401176,37.03406411977492],[112.34517875040994,37.03403616870619],[112.34524398222466,37.03401460314476],[112.34531207147491,37.03399976090622],[112.34536459577204,37.03399316817354],[112.34568005448077,37.03396575063056],[112.34569740213757,37.03396446093534],[112.34576795645553,37.033963660621296],[112.34579341972423,37.03396512063241],[112.3459504622545,37.033977005572396],[112.34625366701663,37.03398758048956],[112.34642419526642,37.03395951603567],[112.34649396843572,37.03395164853707],[112.3465547496982,37.033950534300516],[112.3466375531792,37.033952610113275],[112.34671883379195,37.033856050859725],[112.34686166215867,37.03361001924607],[112.3468749099945,37.033588693349664],[112.3469118709874,37.033540505876886],[112.34695800477871,37.03349473256769],[112.34713388628451,37.03334335109345],[112.34722940539896,37.03326113604667],[112.34727629013031,37.03322519039484],[112.34729708076384,37.03321167072577],[112.34765246317373,37.03299160860483],[112.34776769557435,37.03292025340171],[112.34780339630875,37.0328998778784],[112.34783778800652,37.032883205043156],[112.34814461266895,37.03274621826016],[112.34817156533842,37.03273493950339],[112.34823276340052,37.03271448674419],[112.34848332486055,37.03264435446209],[112.34855342864037,37.03262895317948],[112.34862330008448,37.03262106890551],[112.34869385195113,37.03262026688927],[112.34876397412697,37.03262655974986],[112.3488345943784,37.03264036131475],[112.34906976086887,37.0326994515292],[112.34910126074153,37.03237647833226],[112.34910303380563,37.032361530265455],[112.34911527125313,37.0323058187208],[112.34913612205908,37.032251775202155],[112.3491652562873,37.032200253108],[112.34917402951965,37.032187517598906],[112.3492900989705,37.03202528202503],[112.349318284519,37.031989830253806],[112.34936248456407,37.03194573586659],[112.34941322907251,37.03190642976793],[112.34946971876406,37.03187253372649],[112.34953106175811,37.03184458046414],[112.34959629151905,37.03182301165013],[112.34966437791614,37.03180816786498],[112.34973424733586,37.031800282064914],[112.34980479953457,37.03179947939047],[112.34987194006003,37.03180535862552],[112.3499303002167,37.03181333886849],[112.35007462688448,37.03183307569901],[112.35014470177693,37.031846571847844],[112.35021066871656,37.03186664791712],[112.3502729764169,37.03189319338863],[112.35033064202413,37.03192579147568],[112.3503827584695,37.031963926320586],[112.35041551008376,37.03199361386518],[112.35053383280389,37.03211088201601],[112.35057565302327,37.03213480975274],[112.35059780109772,37.032127486508294],[112.35066588753598,37.03211264124666],[112.3507030671083,37.03210755164444],[112.35100726168704,37.032074288978464],[112.35103995166249,37.03207149210422],[112.35111050295045,37.03207068866126],[112.3511806247902,37.03207698100078],[112.351251244922,37.03209078112957],[112.35160746715616,37.032181484196364],[112.35213888860645,37.03230939871997],[112.35235541327174,37.032339913072136],[112.35257362163298,37.032330130977556],[112.35253550077209,37.03225211481979],[112.3525197540057,37.032219886885926],[112.35245187629309,37.032080971125055],[112.35233914664713,37.031760426018046],[112.35215177208111,37.03125478419412],[112.35197471352475,37.03082769418218],[112.35192915246128,37.03027037395562],[112.3518759407596,37.02978465836812],[112.35186934986392,37.02941284046968],[112.35158553056729,37.02900126963812],[112.351496068563,37.028891716997045],[112.35098374963633,37.02826433652893],[112.35063738536829,37.02784632413971],[112.35051714417737,37.02760453225313],[112.35055641745653,37.02730370959567],[112.35066039651767,37.02713088285914],[112.3515124777601,37.02695151433654],[112.35152241069346,37.02694942347405],[112.35192157025568,37.02682329555338],[112.35211307766191,37.02655649688845],[112.3521796045416,37.026283970142174],[112.35217250595218,37.02588354991718],[112.35210391511903,37.02503326830762],[112.35206714945019,37.02446869515529],[112.3520569760102,37.024380741955085],[112.35202501483965,37.024104433298106],[112.35221220573601,37.02359452195793],[112.3527141737839,37.023231210304985],[112.35291127126433,37.023131670281764],[112.35323574796863,37.02296779848163],[112.35371911059924,37.02256178335185],[112.3538311333777,37.02237275831272],[112.3540135509784,37.022064949913734],[112.35499615345223,37.0216460800841],[112.35501272432838,37.02163943601456],[112.35574892712945,37.021344257547014],[112.35634016366001,37.020987061965464],[112.35689508015426,37.020707071827395],[112.35726834499886,37.02051873368712],[112.35807269226335,37.020109028818574],[112.3588175732129,37.01992765571589],[112.35912059696572,37.019853869463184],[112.35991359299133,37.01980902507603],[112.3603223823417,37.01972566936218],[112.36034454337069,37.019467950192926],[112.36033952829793,37.0191866874666],[112.3603388061305,37.01914618548151],[112.36053892781337,37.018864970129655],[112.36097254980955,37.0186740506384],[112.36109890721815,37.018257797431495],[112.36149760674999,37.01760956133689],[112.36171580922644,37.01734244095795],[112.36226355185917,37.01705008155264],[112.36252288596911,37.01658938861107],[112.36268783578292,37.016337181455896],[112.36357271621326,37.01544734549536],[112.36370028398896,37.015331866674224],[112.36411685776112,37.01495476881634],[112.36431884045732,37.01428017752697],[112.36430391922134,37.01382430503212],[112.36429918473995,37.01367965196062],[112.36447364606376,37.01296246616154],[112.36456226482402,37.01243221307318],[112.3648055279256,37.01207182545487],[112.36504000103568,37.01171869066711],[112.36535953991,37.01113571842685],[112.36567463689966,37.01080310952714],[112.3663856241854,37.01066619217489],[112.3670794159905,37.01056522794841],[112.36755870712537,37.01043812485594],[112.36786666919907,37.01020571801222],[112.36861074605882,37.00992536981017],[112.3690001012809,37.009756387596354],[112.3692493643182,37.009732055931465],[112.36960016888436,37.0098996507421],[112.37007489915041,37.01001575096598],[112.37037701767156,37.00995504830501],[112.3705212707654,37.00954572970587],[112.37043011455185,37.00893887957794],[112.37017096920822,37.00841263893657],[112.37016814519434,37.00825533185746],[112.37037410842679,37.0083030163459],[112.3707963635038,37.00847693386476],[112.3711691582587,37.00837965352019],[112.37129660176302,37.0080277431691],[112.37163373071925,37.007930873524735],[112.37183365355355,37.007642490224555],[112.37186928852873,37.007529645804944],[112.37198552571259,37.0071615631944],[112.37196825528721,37.006696896013835],[112.37149976010396,37.00643054269444],[112.37138572109198,37.006383798072115],[112.37119431782115,37.00630533975017],[112.37109252148038,37.006099114315845],[112.37128326884859,37.00579653436557],[112.37162390760317,37.00539924831553],[112.37176257224637,37.00517593943771],[112.37169553809694,37.00491924983904],[112.37152139169845,37.004656645052144],[112.37125277396139,37.00459538290898],[112.37083984075767,37.00444281389464],[112.37058764156599,37.004302690681094],[112.37048572130944,37.00408931383514],[112.37033794227463,37.00380494786189],[112.37018176196845,37.00354928665729],[112.36999909320477,37.0033082336592],[112.36978140644106,37.00310334385743],[112.3695020838822,37.002942076458844],[112.36938144044608,37.0026788518],[112.36930550216802,37.002422262501916],[112.3691930053296,37.00211603299254],[112.3691708149853,37.00187312699349],[112.3694024787652,37.001863302692556],[112.36977960662965,37.002009137985375],[112.37032689280475,37.002195918888724],[112.3707700806076,37.002047764281805],[112.37111635767292,37.001965094115405],[112.3712942742591,37.001941583543385],[112.37136225493552,37.00175485019359],[112.37152015711288,37.001609990034325],[112.3720707054585,37.00148204465051],[112.37229383756109,37.00149376911264],[112.37250856948744,37.00153419647945],[112.37260997745966,37.00171897050545],[112.37257907413954,37.00198394471527],[112.37244016032287,37.002192953934035],[112.37248379765563,37.00240923320707],[112.37248910698982,37.00243554887448],[112.3726557510857,37.00277690901629],[112.37268609598632,37.002976808401755],[112.37281360083706,37.00305269781036],[112.37299255705223,37.00315921001258],[112.37323909590374,37.002984714111655],[112.37342065430165,37.00266793351577],[112.37349677410893,37.00243819510896],[112.37358956567384,37.00214389642714],[112.37380549514967,37.001755199725],[112.37391958919109,37.001653754143355],[112.37442465693195,37.00147626247656],[112.37454753647982,37.00136756142946],[112.37488179999556,37.00111337615758],[112.37518774217888,37.00126717111458],[112.37525568609387,37.00157391198695],[112.37522414798201,37.00180313488482],[112.37516560645768,37.0020183680489],[112.37516770378002,37.00202029893707],[112.37536508759402,37.00220200315104],[112.37537075644093,37.00220251409829],[112.3759277695093,37.00225269475483],[112.37673244985254,37.0023720950486],[112.3770670812945,37.0026328291279],[112.37708916802508,37.00286858238362],[112.37707623925459,37.00314050121627],[112.37733723159987,37.003273356318914],[112.37777549607291,37.003346938754724],[112.37806672053428,37.003672541055366],[112.37831492107577,37.00408446254464],[112.37860679638015,37.00444581422759],[112.37887151454818,37.00464198784879],[112.37897736416032,37.004720428732],[112.37969692666829,37.005062503526624],[112.38032941031764,37.00552001581056],[112.3811781913753,37.00561026460861],[112.38245129125755,37.00549531576214],[112.38332018678878,37.00530106290803],[112.38396999998935,37.00515578340042],[112.3849380171453,37.00493708787307],[112.38527122844721,37.00498010336503],[112.3859033452222,37.005061702775066],[112.38608827744604,37.00511953290919],[112.3869615975063,37.005392625038446],[112.38726615098648,37.00546773487355],[112.38772663456074,37.005290707908905],[112.38814266759627,37.0051213513419],[112.38838462879578,37.00508805045977],[112.38879727881782,37.0050312562844],[112.38888095357265,37.00501973971852],[112.38975726488015,37.005152516279935],[112.39027136149744,37.00498200291446],[112.3905252182648,37.00472156469995],[112.3910417870519,37.0046869036537],[112.3910609158109,37.004672797599],[112.39153452763645,37.0043235374969],[112.39166236866993,37.00407288536798],[112.39175837365943,37.00388465257664],[112.39179006411861,37.00382649296948],[112.39193094173366,37.00356795069665],[112.39209680941991,37.003372906467774],[112.3923876192295,37.00318354831968],[112.3924944700032,37.0031751423826],[112.39287716974272,37.003134892876936],[112.39297393156814,37.003062238725356],[112.39333762457646,37.00295784464267],[112.39346745802743,37.00302547704445],[112.39365910382382,37.00312530983486],[112.3939381628041,37.00303071065612],[112.3945852269055,37.003118408876816],[112.39491059050006,37.00303114707603],[112.39520782201319,37.00298099426712],[112.39551804782235,37.002928648030355],[112.39584493480912,37.002924803573386],[112.39605230088482,37.00288660602589],[112.3961929183732,37.00251233193846],[112.39658241088212,37.00261813582942],[112.39668486408526,37.00248929875605],[112.39713886517872,37.002371826966964],[112.39761595566158,37.00224837905162],[112.39840301278379,37.002215268382365],[112.39879373350607,37.00234222600424],[112.39915981656331,37.00246117543121],[112.39959241096248,37.00250786872033],[112.4004163224021,37.00259679563409],[112.40114263522982,37.002492865237166],[112.4019727360303,37.00237578490364],[112.40258089387079,37.001920492796046],[112.40313549700865,37.00176642656936],[112.40365563330822,37.001766423160014],[112.4040302346842,37.001624170205474],[112.40496924307013,37.00126758039757],[112.40557491596932,37.00106969403754],[112.40578227047355,37.00103147879308],[112.40620290668154,37.001276808481684],[112.40696835769494,37.00168492271664],[112.40764577342797,37.0020869203873],[112.4077556736372,37.00215213714954],[112.40820274778254,37.00201087372805],[112.40858708313867,37.00189903596328],[112.40939966631367,37.0016390760742],[112.40994457674937,37.00137037083144],[112.41050764382045,37.00128024298839],[112.41084673666818,37.00113317654309],[112.41097473366531,37.00082174468532],[112.4116797639527,37.0003723338195],[112.41216390306641,37.00003282399281],[112.41246842155819,36.99962393281023],[112.41276852761271,36.99897670062296],[112.41339902219984,36.99851624752017],[112.41406076962053,36.998138856412154],[112.41454510478222,36.997811254949134],[112.41488240872505,36.99756884131956],[112.41504186338338,36.997352387161634],[112.4153831962465,36.99652586203562],[112.41547703440233,36.99597643991863],[112.41530410850724,36.995465958393964],[112.41545958257097,36.995034997129075],[112.41558136541799,36.99438988439472],[112.41562864156782,36.99373374080036],[112.41521735348675,36.993190342671696],[112.41496860993496,36.99259732665378],[112.4149593361152,36.992096812480845],[112.41487997675381,36.99182360644746],[112.41476671047562,36.99132433187029],[112.41480333143485,36.99089478793497],[112.41496122859782,36.99059491547009],[112.4148373028347,36.99032224063462],[112.41501027513621,36.9900341069064],[112.41536173592257,36.98975576488237],[112.4152817153544,36.98944680861104],[112.41500812982784,36.98911632036808],[112.414750505782,36.988845239243176],[112.41455318889066,36.98862111831337],[112.41427071109561,36.988612564276785],[112.41382416055474,36.988570205833554],[112.41338981943818,36.9883846644274],[112.41311536399901,36.988006504281145],[112.41304866641694,36.98761394985594],[112.41288173038551,36.98742522263044],[112.41228707358457,36.98740846015417],[112.41176317055357,36.987200139449165],[112.41134744052913,36.98721700307093],[112.41088428221092,36.98707947363977],[112.41077501301375,36.986794700559635],[112.41066508328836,36.986474176891235],[112.41049749543699,36.98624969472576],[112.41035917824613,36.986001025618606],[112.40998208062264,36.98569559501854],[112.40934617008247,36.98585810296767],[112.40907701982393,36.985765941207866],[112.40849569390355,36.98566556342499],[112.40794517729573,36.985624416343086],[112.4075997768747,36.98542587885973],[112.4072967491482,36.98510764168956],[112.40672721143521,36.9848402404207],[112.4058870014354,36.984397248257416],[112.4052137102182,36.98414298792775],[112.40483445049337,36.983718369870125],[112.40476473291353,36.983158969883334],[112.40492090048427,36.98276377233245],[112.40495362945191,36.98211972265014],[112.40517008936254,36.98177149069556],[112.40564126243092,36.98153943770104],[112.40620375107623,36.98142549833041],[112.40677977529674,36.98123987825627],[112.4072644768734,36.980936140903324],[112.40799211134721,36.98091559247572],[112.4087184268385,36.980823536724195],[112.4089672107571,36.980617949568725],[112.40888480932605,36.98017789977825],[112.40916000111136,36.97979320335904],[112.40941550132527,36.97914650761085],[112.40985407823695,36.978759870371846],[112.41054758375007,36.97850131822706],[112.4106143713559,36.97809525588141],[112.41016480487133,36.97788604286205],[112.4099513567414,36.97759058659829],[112.40992748759093,36.97710216334434],[112.41008339807826,36.976695042569595],[112.40992958786632,36.97641079807818],[112.40961826681382,36.9760281946865],[112.40948369022166,36.975820006068204],[112.4093636183428,36.97562499533656],[112.40926860026542,36.9753246004257],[112.4092500303583,36.975265893026325],[112.40917386645991,36.97490597239283],[112.40885075428146,36.97438285457397],[112.40864879171856,36.974105138998965],[112.40854587833783,36.97376068937813],[112.40859003820012,36.9734060709906],[112.40863954315546,36.9732548183836],[112.40872681035641,36.97296008221321],[112.40887367757006,36.972803860064104],[112.40901089761475,36.97264012338759],[112.40911761040255,36.97249772782226],[112.40928528100918,36.97243852320401],[112.40941999657734,36.97239687388123],[112.40945476320739,36.972348782318925],[112.40948606399976,36.97224161029273],[112.40951694158372,36.972111557615335],[112.40958661621444,36.97202300069927],[112.40977014544632,36.971921649735144],[112.41022758288273,36.97162746592385],[112.41070858966398,36.971511907621895],[112.41083689188888,36.971448719481735],[112.41114906287879,36.97129497810819],[112.4114125214934,36.97101721707238],[112.41159722402051,36.9708510054388],[112.4117937729317,36.97068274609596],[112.41204930671618,36.97049089915627],[112.41265512699428,36.970218597911],[112.41321848557932,36.96996396335238],[112.41368944689685,36.969725683319254],[112.41390800983797,36.96959148774992],[112.41413824138736,36.969445709047996],[112.414561705508,36.96920989882453],[112.41483077907164,36.96897974124432],[112.41509149808692,36.96855515360259],[112.41523311875972,36.96811672846885],[112.41531942720873,36.96790019131966],[112.4154432256454,36.967654600025],[112.41554553023747,36.96740354347804],[112.41563535315964,36.96712021461794],[112.41568956766285,36.966839216865004],[112.41572022198925,36.966697722406266],[112.4156986336961,36.966558758395145],[112.41569262091245,36.96636239355826],[112.41569458312938,36.96621170495484],[112.4157420033199,36.96610529322],[112.41571176834451,36.96587443100867],[112.41567280020334,36.96557688369632],[112.41567216951371,36.965141822828876],[112.41589971269546,36.96499607281855],[112.41631998528442,36.96483014355655],[112.41686726260866,36.964704416602146],[112.41723853625138,36.96469998491327],[112.41784793323238,36.96479015626722],[112.41789549150079,36.96455119435354],[112.41805519776538,36.96390264221035],[112.41807506817658,36.96382194820322],[112.4189783011619,36.96318155462334],[112.41934177731609,36.96283749793323],[112.41951019892407,36.96260388483344],[112.41971103838952,36.962325304517044],[112.41990347895712,36.96212990381903],[112.42029480505619,36.96184630234445],[112.42101576806455,36.961402848971794],[112.42112437584527,36.961252552395294],[112.42123298322208,36.96110225662561],[112.42145396957632,36.96020563427329],[112.42136044652916,36.9591697407786],[112.4210255542503,36.958732720928815],[112.42046570856986,36.95817919513609],[112.42019066686711,36.95776529564353],[112.42034316572638,36.957179406000876],[112.42071331053798,36.95631675932363],[112.42133188598655,36.95603520308057],[112.42249078733887,36.95525846339137],[112.42325783721148,36.954975117318035],[112.4245676338848,36.954327665578745],[112.42470146919011,36.9535393595386],[112.42469999588711,36.95328455133313],[112.42469478402143,36.95238322923562],[112.42562487369662,36.95128737229854],[112.42597673335422,36.95065521026067],[112.42659678572959,36.949978313689584],[112.42715294114322,36.94922068903015],[112.42740382184826,36.94881717077432],[112.42757809218236,36.94812850091677],[112.42766783522251,36.94736694431783],[112.42782118772784,36.946421582063486],[112.4281116824103,36.94607241698589],[112.42834144944682,36.94565246298196],[112.4282643212624,36.94549843466564],[112.42816300223818,36.9448440695705],[112.42808320567389,36.94454703657758],[112.42759258860445,36.94451717682528],[112.42727106961851,36.944795195741605],[112.42686931046384,36.94475234539669],[112.42679018578248,36.944491061894794],[112.42679947584885,36.94419295746611],[112.42651160767362,36.9438865038587],[112.42607904977456,36.94378442239589],[112.42536617935617,36.943781061436475],[112.42453497905088,36.94380295665888],[112.4237577014338,36.943897195987596],[112.42374931040575,36.94389821383087],[112.42333482285555,36.943948465189],[112.42282000477009,36.9439599349092],[112.42253509427903,36.94391523262517],[112.42236324272926,36.94387342728792],[112.42214388202495,36.94383218981882],[112.42191959263572,36.94378147553988],[112.4215951774417,36.943763427492776],[112.42143253819496,36.943761799315176],[112.42120372982197,36.94375559827365],[112.42103579481947,36.94374866830321],[112.42072593875025,36.943736284007656],[112.42051083637949,36.943748392916355],[112.42034774642532,36.943832948771586],[112.42026961627775,36.9438734558253],[112.42017462773464,36.94391631067428],[112.41996403161856,36.94401120747695],[112.4198477876641,36.944108739259185],[112.41976370268215,36.94417928669576],[112.41967361188331,36.94431412741091],[112.41966787107353,36.944560790792615],[112.41966696167992,36.94470383843388],[112.41953747813056,36.94492852423333],[112.41943481527953,36.94504863392618],[112.41919038371572,36.94533460628228],[112.41887666534876,36.94561870666922],[112.41860559854217,36.94589657613912],[112.41816539230813,36.94637528554415],[112.417823046645,36.946749839023894],[112.41756027153312,36.94699470842263],[112.41737831335122,36.94717710668656],[112.41728663860975,36.94732695916675],[112.41702805791584,36.94760610593557],[112.4168231472735,36.947800220141076],[112.41636039537904,36.94792875276158],[112.41595864380449,36.94807944189741],[112.41567515594973,36.94816864373808],[112.41529433254858,36.94829476457029],[112.41500741191074,36.94839115798855],[112.41480482315109,36.9484221801962],[112.41451340802199,36.94848763472751],[112.41432299625,36.94853472028008],[112.41418629051117,36.94853062714055],[112.41400126166992,36.94848324528868],[112.4137728821531,36.9484688004915],[112.41342790120085,36.948445253733084],[112.41312552448703,36.94841261677257],[112.41282486373596,36.94840856580107],[112.41257625609104,36.94839245194144],[112.41227788341072,36.948383605099345],[112.41207898004662,36.948421252636194],[112.41178023726513,36.94852111624157],[112.41160797634822,36.948586101021185],[112.41140901931807,36.94862088736139],[112.41112608667056,36.94874058732602],[112.41093381441117,36.948880186738826],[112.41074873878419,36.94902351613006],[112.4104980430774,36.949218849209394],[112.41026247911252,36.94936104225758],[112.40959001255713,36.949941173928785],[112.40930183316881,36.950421384196424],[112.4090086076902,36.9506417733838],[112.4088894968482,36.9507312969367],[112.40868248747941,36.95074623487305],[112.40853002007607,36.950725157941356],[112.40841137414424,36.950734194258985],[112.4082578648651,36.950785601471644],[112.4080540780562,36.950816625534756],[112.4076993689481,36.950910467944034],[112.40743298097827,36.95102614814365],[112.40717071290506,36.951107449397774],[112.40677166759956,36.951245679453436],[112.40670800761356,36.951281461506504],[112.40657410390905,36.951356727383605],[112.40632703482451,36.95148934057083],[112.40595073464416,36.95170167717343],[112.40560248693639,36.95188888730275],[112.40544499198023,36.951982295601134],[112.4053409835718,36.95201213390631],[112.40517999195123,36.95204455397191],[112.4049000714131,36.95207075222788],[112.4046914934748,36.95209991979865],[112.40441897993631,36.952141287061664],[112.40413909373885,36.9521693905681],[112.40401384268674,36.95220710781818],[112.4039762203607,36.95235821754919],[112.40390774636013,36.95251159951417],[112.40379463396137,36.95261592372149],[112.40365384481173,36.95271342277488],[112.4034198234926,36.952829188034734],[112.4032328761911,36.95293652974483],[112.40305882077114,36.953017972345414],[112.4027700188758,36.953159414741954],[112.40268781605893,36.95321559825098],[112.402597521343,36.95327731311309],[112.40242383986899,36.95341167323039],[112.40224796980014,36.95354009963808],[112.40223213096185,36.95355202871356],[112.40211612176705,36.95363939873443],[112.40186557041642,36.95390697519006],[112.4017277813278,36.9540063440066],[112.40145111008727,36.95414549469739],[112.40122754575941,36.95426494623789],[112.40112427559846,36.954378353826066],[112.4010761291119,36.95443122585355],[112.40105931875824,36.954583480238824],[112.40104555692363,36.95470812401516],[112.40103542768202,36.95473341336738],[112.40093492403422,36.954984338728664],[112.40096851319666,36.95536700212346],[112.40099696136197,36.95568265828531],[112.40102180135126,36.95613054742668],[112.40102889943131,36.95618651032346],[112.40106068922353,36.95643714047976],[112.40107267162607,36.95649171853892],[112.40112291651475,36.956720572323796],[112.40126959516115,36.956943885600396],[112.40133954561652,36.95712996173312],[112.40148706333753,36.95739903629483],[112.40153276688939,36.95755869787757],[112.40140400226538,36.957622050801554],[112.40133021702205,36.957658354075484],[112.40117469696173,36.9577307542693],[112.40099834471869,36.957777687868315],[112.40069785635438,36.95775262617577],[112.40051280281637,36.957704746242996],[112.40011474682653,36.95754256441375],[112.39980325491969,36.95740320057127],[112.39961794212927,36.95734101959274],[112.39941860793373,36.957324297551935],[112.39923451683038,36.95732885137015],[112.39892843930623,36.957322921901614],[112.39864031317903,36.95732393241697],[112.39838301904236,36.95738656163258],[112.39823238798128,36.957453780848944],[112.39758544990309,36.95759591764813],[112.39731519319872,36.9576552940215],[112.39601190015941,36.95786134154547],[112.39532467959262,36.95764294483061],[112.39477523997398,36.95764940086117],[112.39412446025113,36.95780008127839],[112.39341492905405,36.957987206248696],[112.39265997736068,36.95812718172546],[112.39202013341183,36.95806316653296],[112.39128837203761,36.95784526948193],[112.39106410726228,36.95776445887345],[112.39045743487154,36.957890762507674],[112.38979006029346,36.95794625560889],[112.38902111688482,36.95813405077232],[112.38813899663813,36.95863307644023],[112.38746584526426,36.959189253110296],[112.38717076282096,36.959585089530854],[112.38697283309789,36.95985059919266],[112.38654866088706,36.96021314579984],[112.38619635940573,36.960443735212614],[112.38586546803155,36.960835913923866],[112.38477069955752,36.961406531767715],[112.38393112971812,36.96196224640175],[112.38343181547009,36.96227797889707],[112.38316924683399,36.96254327230768],[112.38267854604855,36.96333569124958],[112.38207067107373,36.964549046856675],[112.38160038309904,36.965280432216346],[112.38155512378451,36.96531126905214],[112.38140815720658,36.96541140248669],[112.38119354983802,36.965532172067064],[112.38085003111507,36.96542889069989],[112.38041546916111,36.965219389492425],[112.37989373868645,36.96511817739951],[112.37936231832941,36.96530314866278],[112.378981989202,36.9656293996126],[112.37842215011133,36.965886215748974],[112.3778455215907,36.96603594660984],[112.37714814756268,36.966079797908655],[112.37612468396041,36.966163184082596],[112.37544473079664,36.96634985957757],[112.37513756528932,36.96661565301121],[112.37501547741338,36.96726073329734],[112.37481869998184,36.9678828384563],[112.37461463137623,36.96809975663945],[112.37430402767784,36.96817487173656],[112.37348610296387,36.968124738283514],[112.37085432423525,36.96798828191245],[112.36972323240586,36.96787022027629],[112.36917051128745,36.96769779967278],[112.36836329906207,36.967586513028095],[112.36814141841548,36.96763913345247],[112.3678693969784,36.96787827920223],[112.36738111832405,36.968484660047444],[112.36683629580328,36.968920044686655],[112.366179198916,36.969556971484984],[112.36575498472402,36.97032471638914],[112.3653478895214,36.970820493202474],[112.3650961734102,36.97103317505549],[112.36456809209604,36.97117175971264],[112.36400433393625,36.97121399822765],[112.36387821541175,36.97122366364394],[112.36345542734088,36.97125606259071],[112.3629778083799,36.97113043065534],[112.3623928228224,36.970815311938914],[112.36185686014001,36.970749943600815],[112.3609389776555,36.97092734626086],[112.36067078303674,36.970882741565504],[112.36040152918898,36.97077854889978],[112.3600123959458,36.97061613136785],[112.3596383284839,36.970465459530274],[112.35902704768309,36.97034134146568],[112.35840028123974,36.970181638802046],[112.35778900453398,36.97005751426874],[112.35762118387167,36.96980911867568],[112.35742090773054,36.969406137139714],[112.35677316413461,36.96890099152608],[112.35596142418149,36.96836195690059],[112.35477311529179,36.967529220337425],[112.35445974746256,36.967449357384425],[112.35389643176896,36.96751538176513],[112.35364563811348,36.967613599935504],[112.3534542504437,36.96771114031513],[112.35304282724846,36.96796614534816],[112.35264519744709,36.968161393129044],[112.35226284017435,36.968380304732996],[112.35186583850195,36.968611301437],[112.35171075890703,36.968660739232504],[112.35155562996327,36.96871019180481],[112.35101220950804,36.96906205082419],[112.35082460707974,36.96937409952803],[112.35058925893026,36.96975686956224],[112.35049248007056,36.96991426820251],[112.35018710656045,36.97028725429492],[112.34992334111382,36.97049289000501],[112.34946312472624,36.9705100428854],[112.34896752324815,36.97020576086035],[112.3487244161606,36.96989860923213],[112.34834322531958,36.96934271027457],[112.34810012353945,36.969035556317564],[112.34759199643919,36.96886252935674],[112.34732444728141,36.968853645702936],[112.3466895818115,36.9690754059271],[112.34611370307192,36.96927265300572],[112.3455495263394,36.96929096853191],[112.34462952290754,36.96934907184013],[112.34369487531387,36.96941925334701],[112.34305706338421,36.96947415007518],[112.34225587416441,36.96953089075357],[112.34176344506618,36.96940533953619],[112.3411457164912,36.96891168892308],[112.34055979092057,36.96853687337409],[112.33994562870978,36.968245812381156],[112.33918399490413,36.96801601059145],[112.33893905494607,36.96760158110224],[112.33868994341925,36.96694880206561],[112.33847513122254,36.96655787091613],[112.33815802782932,36.966263449914244],[112.33721611366447,36.965916469539486],[112.33679484762882,36.965611299339784],[112.33662168668319,36.96505301876315],[112.33653826140784,36.964529486407706],[112.33647093850558,36.96407729198372],[112.33619653270624,36.96367510762315],[112.33567236559372,36.96343068922578],[112.33522662141229,36.96342378366591],[112.3348848360835,36.96341570757269],[112.33394796213162,36.96335471865889],[112.33314495786388,36.96330413964805],[112.33244300411683,36.96308554321976],[112.33153927317538,36.962368573853524],[112.33116239489593,36.9620509656798],[112.33065352111758,36.96183019343267],[112.33019252078,36.961799599770245],[112.32955724621704,36.96199743298694],[112.32877905234066,36.96251869708097],[112.32838552745616,36.96295221455585],[112.3274940443198,36.962938345994964],[112.32671351064175,36.96247027888548],[112.32608191040093,36.96202438139938],[112.32560461301637,36.961910513811],[112.32509905926577,36.96188039780227],[112.32444479129458,36.96184001914455],[112.3239507881122,36.96161905207264],[112.32354383059256,36.96127791466905],[112.32247869976493,36.960669953563425],[112.32203999120196,36.960209965701715],[112.32160705586554,36.96008366734453],[112.32105243412266,36.95979184415997],[112.32046441136433,36.95928583313937],[112.31997269901768,36.959195942183335],[112.31945416655591,36.959273224589296],[112.31911466060083,36.95939619605635],[112.31852084463858,36.95941471182978],[112.317766959429,36.959625718893506],[112.31742888759103,36.959832107882505],[112.31728920969628,36.96034621032901],[112.31671331579932,36.96054331615133],[112.31556570511839,36.960317641244366],[112.31502923493423,36.960216305247265],[112.31482357868238,36.96034970150709],[112.31452216306762,36.96096095064721],[112.31429335846565,36.96147603734838],[112.31403607827147,36.962062956480345],[112.31400811607472,36.96302877305497],[112.31386574724209,36.96338794352061],[112.3137860608034,36.96393713762879],[112.31351432611501,36.96454805558975],[112.31332012129722,36.96534883269177],[112.31365607576826,36.96588150823474],[112.31376638713533,36.96624980182638],[112.31366570048495,36.96644163339532],[112.31331191691625,36.966600505293215],[112.31315120645735,36.966757240692196],[112.31312416333665,36.96691249746491],[112.3132393889001,36.96756681408296],[112.3134418866496,36.968112885801084],[112.31349545469078,36.968636764875484],[112.31348920300059,36.96913746653904],[112.31337836991608,36.969603566415685],[112.31351050290733,36.97037689232087],[112.31347925718164,36.97115202666008],[112.31357841043926,36.971735000846174],[112.31362993426217,36.97213970434218],[112.31381759502824,36.972685939075006],[112.31375377679178,36.97329455569967],[112.31363546189714,36.97418985103973],[112.31382005479406,36.974557322862644],[112.31437557876104,36.97489684776988],[112.31511160621984,36.97536548774529],[112.31548664028423,36.975575889448876],[112.31549214487619,36.97561990003076],[112.31560723610332,36.97654005689914],[112.31527462237013,36.97706821460241],[112.31502518127559,36.97724977472744],[112.31482194204341,36.97752618200347],[112.31482563333007,36.977740697310445],[112.3148914062984,36.978109482284495],[112.31480884405536,36.978491830795754],[112.314576301726,36.97879240137403],[112.31416488996045,36.97905919224344],[112.31380152264794,36.979528087423745],[112.31376145753049,36.981230280625574],[112.31345837866077,36.98157692479323],[112.31322692813048,36.981941847628164],[112.31280631457595,36.98236607700719],[112.31247814819967,36.98263670956308],[112.31231537378532,36.982848298069214],[112.31236978953392,36.983248201220356],[112.31263713776707,36.983588535053855],[112.31288137618421,36.98396726759385],[112.3129374344876,36.98446251063802],[112.31318757646055,36.985184467083926],[112.31314790619368,36.98564262614404],[112.31298611076694,36.98591141935748],[112.31268464880968,36.98635340198972],[112.31245809526334,36.9870043442209],[112.31265939222453,36.987650554130205],[112.31291150954448,36.988486919094306],[112.31329002591146,36.98976053196818],[112.31339569948454,36.98998399995743],[112.31358609187669,36.99038662030535],[112.3136275731379,36.99141603086958],[112.31363938062265,36.99210247926371],[112.31345741000268,36.992581283773966],[112.31327117549665,36.99281220487174],[112.31323019041399,36.993194090627476],[112.31302083774875,36.9934634098962],[112.31276361219338,36.99371418648323],[112.31255589520617,36.994078845125365],[112.31241818042768,36.994366442892996],[112.31240937191839,36.994400445582954],[112.31223980268612,36.99505499412045],[112.31255506572491,36.99541386919699],[112.3127521262472,36.995812194544484],[112.31287688867967,36.99615410382175],[112.31288541285598,36.99664987166725],[112.31277474614188,36.997127887013036],[112.31292459548975,36.997545805051445],[112.31305296770076,36.998097462340866],[112.31299279801567,36.99874656277945],[112.31311723878167,36.999069404233126],[112.31360648151703,36.999864998285595],[112.31361041843837,37.00009381380143],[112.31338022730664,37.000535008745324],[112.31305362662302,37.00090098359876],[112.31296476220838,37.00126432763454],[112.31280654154494,37.001742867907964],[112.31267922712966,37.00194452888192],[112.31255191203819,37.00214618882489],[112.31256043595654,37.002641956233454],[112.31274579317002,37.002805402871076],[112.31284425217079,37.00286152823458],[112.3130390048883,37.002847930714225],[112.31329345713951,37.002848930043605],[112.3136331686299,37.00282991240044],[112.3139923912768,37.002839285916785],[112.31427550386692,37.00284759380498],[112.31472474118108,37.00283689638792],[112.31498424339235,37.00285500049879],[112.31518232605802,37.00289666962561],[112.31540867636731,37.00292276909915],[112.31563053408466,37.00296417394505],[112.31583340585186,37.003007697237834],[112.31608487802512,37.00311170972336],[112.3161974728985,37.003160046610056],[112.31625648552429,37.003216131763416],[112.31635219372656,37.003307089131255],[112.31644527668422,37.00332703585621],[112.31671032329447,37.00335885029712],[112.31704546961433,37.00348863300949],[112.31717919050496,37.003658793277005],[112.31729431544015,37.00380528919748],[112.3173129119988,37.00382895337739],[112.31755855758747,37.004283944970695],[112.31773485556074,37.004854135004635],[112.3179785317448,37.005194718528976],[112.31836453229741,37.00551464778029],[112.31897011375678,37.00615635307442],[112.31947961442498,37.00674190812482],[112.31988577803882,37.00685182113811],[112.32067103126933,37.00688122826788],[112.3211079027011,37.00739129816254],[112.32164120531746,37.00797657861844],[112.3222029037949,37.00917103673448],[112.3226115682552,37.01011052568726],[112.32283819925836,37.01083748663343],[112.3228122016101,37.01139562032115],[112.32297939018815,37.011779955350185],[112.32355351188565,37.01197380433089],[112.3240129643387,37.01224044886369],[112.32415873767515,37.01223566422633],[112.32433753234464,37.01226048850738],[112.3243936123158,37.012289906917104],[112.32454333526255,37.0123684494165],[112.3245640192975,37.012429723526616],[112.32457568709253,37.01248537774081],[112.3246170993174,37.012507801216046],[112.32470007504993,37.012561229488746],[112.3247887477624,37.01263461822458],[112.32486798224069,37.01267807518146],[112.32495036128441,37.01269718042023],[112.32501300056298,37.01270935467654],[112.32504901405474,37.01272897756324],[112.32515009642715,37.01279793682314],[112.3253415608085,37.012935974590086],[112.32544814208843,37.013013454324664],[112.32553141589578,37.013084042076784],[112.3255772924843,37.01315800826807],[112.32561949972606,37.013226094872664],[112.32575714269085,37.01334613807581],[112.32587043580385,37.01339922678218],[112.32604015533494,37.01351748042659],[112.32614950947142,37.01354915704956],[112.3263245045834,37.01366306069327],[112.32645555824274,37.013711658787486],[112.3265170891908,37.01371165662183],[112.32662678963028,37.013711652006975],[112.32685606486561,37.01373292842008],[112.3269457279814,37.01376053295664],[112.32698226470461,37.013810187370254],[112.32702478768002,37.01386215800589],[112.32708237878865,37.01392588051171],[112.32715356310571,37.014024885100206],[112.32722861067576,37.014129264224046],[112.32726581107245,37.014217053707654],[112.32733822208611,37.014278227135385],[112.32745723572043,37.014284047134936],[112.32759466321244,37.01432303722545],[112.32766979926257,37.014369874574946],[112.32785771303774,37.01440591538757],[112.32804628246997,37.014428359485144],[112.32811022729072,37.01443002788149],[112.32822501078496,37.01444900689498],[112.32827873890184,37.01446151702002],[112.32836737805275,37.01449850877048],[112.32851153962102,37.01458271722345],[112.32871363150582,37.014715862271906],[112.32895385467886,37.01471698609307],[112.32927294438699,37.01474011259207],[112.32948510045868,37.014768250362195],[112.3296825568948,37.01477175930531],[112.3297678580305,37.01475363911665],[112.3298428512084,37.01468986294264],[112.32993523848042,37.01463737337725],[112.33005685410642,37.01464739365522],[112.33023277291345,37.01465912066287],[112.3307157534314,37.014805352911786],[112.33103573792206,37.01482858355908],[112.33146429832,37.014898273963276],[112.33172179821818,37.01496094289848],[112.33191216346079,37.01500946480542],[112.33209580392128,37.01501336357055],[112.33289444871093,37.015123591909195],[112.33334773094872,37.01520432169772],[112.33415943590795,37.015381145316134],[112.33525757300549,37.01561710495746],[112.33601377808276,37.01574781473846],[112.33640082190125,37.01584835028637],[112.3368973466862,37.01595337164306],[112.33705123113575,37.01604890289602],[112.3371263806223,37.016130063476204],[112.33718206802556,37.0163220587424],[112.33724225851263,37.016519083129936],[112.33722881085444,37.01676954834812],[112.33709466018809,37.017257383852105],[112.33699492406589,37.017673313617195],[112.3371591894971,37.01788601688045],[112.33771806596793,37.01822300556906],[112.33796500953116,37.01842642496055],[112.3386773314138,37.01901319056044],[112.33932840725697,37.01952077384476],[112.33979687589981,37.0197872542726],[112.34081044050045,37.02061971895334],[112.34113825336766,37.02100221255662],[112.34094810290921,37.02134764855522],[112.34080969604689,37.02159237382807],[112.34100973552667,37.02180943534278],[112.34096034060943,37.022382138898074],[112.34100179707825,37.02304917224387],[112.34157370818467,37.02344797609014],[112.34196852913894,37.02392029877215],[112.3421519158211,37.02420429698105],[112.34215946462616,37.02463331944679],[112.34235082446659,37.02537017472282],[112.34283477106518,37.025781665119005],[112.34301487713626,37.02593480477683],[112.34350141917001,37.026549119893595],[112.3435028054571,37.02655030794474],[112.34380330732087,37.026807933588],[112.34380666677696,37.02699861043077],[112.34340014336767,37.02755151896369],[112.34364866788434,37.028156607660954],[112.34354777143479,37.02833654567544],[112.34332084523147,37.02853578934426],[112.34324192863595,37.02869759860408],[112.3432205438192,37.02873427032402],[112.34312648059067,37.02889557973496],[112.34322311461307,37.02931763394089],[112.34319611463174,37.02947289519357],[112.34305093781224,37.02967121370515],[112.34301619123372,37.02980868297757],[112.34301818495763,37.02992189744554],[112.34296156158324,37.03008345324056],[112.34277116071392,37.03024652405597],[112.34258556790422,37.030260543872394],[112.34217827155351,37.030348590214544],[112.3419133377426,37.030500582472165],[112.34175465343704,37.030776529970844],[112.34158916548287,37.03108831254235],[112.341357309996,37.03143064432865],[112.34129639358504,37.03177104411951],[112.34131053388596,37.032152312938344],[112.34132163378557,37.032360781852056],[112.34124129321265,37.03244214754794],[112.3409873783621,37.032521269326914],[112.34083885835386,37.03253009927321],[112.34074837428521,37.03262647926514],[112.34065181806683,37.03271577559564],[112.34057665775197,37.032838206162374],[112.34056933179392,37.032928878193175],[112.34061258729554,37.03302136273483],[112.34070697415923,37.03315370132336],[112.34082425393882,37.03332974042848],[112.34095062624512,37.0334141332302],[112.34109687235394,37.03351260565724],[112.34109966272655,37.03356978817885],[112.34106991656958,37.03360302296665],[112.34094967647799,37.03366445685233],[112.34070841400423,37.033742992651945],[112.340354297705,37.03389718221205],[112.34009112704345,37.03404891176282],[112.33976911503223,37.03420273694641],[112.33938416642427,37.03443021930344],[112.33930736259984,37.034526920388004],[112.33926975182818,37.03462031828327],[112.33932095402675,37.034691258743386],[112.33941333493915,37.03477031548636],[112.33949385762595,37.034783709870794],[112.33956322695452,37.03477957306606],[112.33964178781227,37.034774888233365],[112.33973529909726,37.034816742816744],[112.33982893725727,37.03486574810038],[112.33991207264789,37.03492631474199],[112.33993835265585,37.03500039620229],[112.33990059166764,37.03508521387387],[112.3398234360733,37.03516189433543],[112.33977581422074,37.03519901220074],[112.33969495020955,37.03526204002657],[112.3396211759725,37.035311148246414],[112.33958037333915,37.03542603709139],[112.33951267251831,37.03549927325664],[112.33943160429219,37.03562415295664],[112.33933191067673,37.03577212849521],[112.33921717467878,37.03587640994841],[112.33911099946592,37.03593470358273],[112.33894994234143,37.03604849699021],[112.33888197932261,37.03624236190535],[112.33893316906693,37.03636336539546],[112.33905106538008,37.03647288763971],[112.33916330905618,37.036514531210386],[112.33933296382888,37.03652334341409],[112.33943274628467,37.03654383206964],[112.33946502992083,37.036550461199084],[112.33957101966195,37.03657222395782],[112.3395739072633,37.03657281665221]]],[[[112.37067918080021,36.94692408478631],[112.37027168744467,36.94705752192824],[112.36963584270242,36.94709955712439],[112.3690219109529,36.9471495481535],[112.36832984517976,36.947314866690725],[112.36710593571866,36.94763649481379],[112.3664065328379,36.94813505901159],[112.36585447630225,36.948190731523496],[112.36551306408592,36.94836630328598],[112.36507560259852,36.948485762770794],[112.36473350793968,36.94862319733361],[112.36434253689046,36.94868490509126],[112.36386603510724,36.94861409279825],[112.36337782599946,36.94855294849278],[112.3630677954146,36.948489756872675],[112.36278305019552,36.94851209718145],[112.36265544408528,36.94868520667913],[112.36276115334012,36.94930063273307],[112.36281936329817,36.94956696801685],[112.3628680991337,36.949687912804116],[112.36294367154943,36.949875456461754],[112.36303140910934,36.95013191628091],[112.363039813778,36.950367806478035],[112.36304329547781,36.95046553423154],[112.36289237373585,36.95064686940427],[112.3627464322555,36.950651270077486],[112.36204294261961,36.951360092181524],[112.3619935492589,36.95139877907312],[112.36147964337863,36.951801297719975],[112.36055051745484,36.95254403016571],[112.36016159881072,36.953064657107426],[112.35934944473678,36.95374742623093],[112.35873222284803,36.95453523719715],[112.35818383941606,36.95501830347382],[112.35753231569757,36.954907615804466],[112.35678025643722,36.95483919953659],[112.35633249039851,36.95471558156791],[112.35563525775747,36.95459481050493],[112.3548664962221,36.95446054790612],[112.35438081875463,36.95420862115123],[112.35351834548706,36.953685175633396],[112.35296970196858,36.95356746298081],[112.35206687098471,36.95357774746786],[112.35134374627424,36.95367180199114],[112.35081069073412,36.953763690756524],[112.35034756200052,36.95377849436173],[112.34967245588437,36.95390060087089],[112.34891385478306,36.9540045793955],[112.3483059540728,36.953983100313806],[112.34784941564367,36.95373940240518],[112.34741747385713,36.95350114054572],[112.34713004702243,36.953242892747674],[112.34676128321397,36.953218468766615],[112.34640574352055,36.953270180329994],[112.3459432875562,36.95332310287763],[112.34552111721693,36.9532873383261],[112.34519860304836,36.95299706108969],[112.34460929670034,36.952479990363656],[112.34424238404652,36.95233561265721],[112.34404675999859,36.9520775098818],[112.34383211848272,36.952033452150744],[112.34348233378648,36.952158992389286],[112.3432412183185,36.95238342905885],[112.3427278016053,36.95283265361924],[112.34228207782559,36.953077281004454],[112.34201473060862,36.95307672693398],[112.34174122213793,36.95300757332008],[112.34169957459689,36.95263687218731],[112.34196008432131,36.951993833250064],[112.3421739084606,36.95148363272411],[112.34240473038061,36.95094115247613],[112.3423442411108,36.95066308037512],[112.34240325896346,36.95022766614964],[112.34247163350534,36.949645729300016],[112.34249476405863,36.94924450899906],[112.342487631725,36.94891796686401],[112.34247571829358,36.94847884934372],[112.34242329473646,36.94813029279756],[112.3423924498656,36.94789186823408],[112.34239798621392,36.94787777854714],[112.34228783361635,36.947594565152485],[112.34228751907169,36.94732177104126],[112.34228657913988,36.946507490944256],[112.34228031067312,36.94636706555502],[112.34239815529891,36.946153097722885],[112.3423585046317,36.945670792248514],[112.34229457614045,36.94532822397021],[112.34210180882829,36.945090814093085],[112.34205042887982,36.944955509053464],[112.34209453297669,36.94467608673801],[112.3420418989441,36.94446927636741],[112.34183788311259,36.94426775288143],[112.3416718245982,36.943944218091424],[112.34144171353071,36.94377874758163],[112.34141994743153,36.9435537091925],[112.34142534578872,36.943353395210316],[112.34161430482634,36.9432046461648],[112.34166198351099,36.943129012702244],[112.34161117000853,36.94302588371024],[112.34162164811981,36.9428612720707],[112.34171248899345,36.94270647999264],[112.34213074127553,36.94242282944534],[112.3422758451416,36.9423139100368],[112.3425493927005,36.94212832552321],[112.34260318725138,36.94202043893593],[112.34254735377371,36.94158897612875],[112.34238581657257,36.941057389217896],[112.3421916592177,36.94057087043798],[112.34164792734016,36.94026113907651],[112.34116353411754,36.93994775532307],[112.34036867875325,36.93950079631606],[112.33975391916401,36.939162057368605],[112.33931152481033,36.93870217409006],[112.33866792863002,36.93819985764908],[112.33832004245332,36.93804882092625],[112.33769913109919,36.937781660008746],[112.33714023161333,36.93770002731562],[112.33635271689491,36.93741427017561],[112.33570644216053,36.93714606051812],[112.33542526015137,36.936920385483134],[112.33519760140564,36.936842446167404],[112.33494136389041,36.9367094408667],[112.33456776971286,36.93648835438878],[112.33406050204485,36.936265193199574],[112.33382965813263,36.93614773296789],[112.33354067940913,36.9360613409755],[112.3330553121785,36.93602101841894],[112.33285742827651,36.93598128161188],[112.33269725022588,36.93592395682544],[112.33261733694775,36.93583712363258],[112.33258987942621,36.93576114386524],[112.33245757619805,36.93566726947165],[112.33220828370958,36.935540378387536],[112.33195495807102,36.93531817303797],[112.3318771896506,36.93521796479641],[112.33178810829367,36.935150305819214],[112.33159042519874,36.935122007622006],[112.33136070298164,36.93502731682484],[112.33119778860896,36.93494904211224],[112.33110088576387,36.93484141886176],[112.33098864913926,36.93480834783104],[112.33078621697044,36.934780101509595],[112.3305596349185,36.9347292394114],[112.33044960858686,36.934686606662105],[112.33027621073968,36.93468854916844],[112.33016631719182,36.93465354363912],[112.33011220449484,36.93454734773186],[112.33009181066593,36.93446747509382],[112.33000487430472,36.93438644024741],[112.32988973409353,36.93432288569389],[112.3296763443463,36.93421084417047],[112.32950389990282,36.93413076632946],[112.3292078985187,36.93399843146005],[112.3290260267306,36.93378590962359],[112.3286798065427,36.93360025774737],[112.32832500970049,36.93343303932747],[112.32810781234855,36.933246250668674],[112.32782757058307,36.933024125529606],[112.32762013932751,36.932852097262696],[112.32740829256093,36.9327600595975],[112.32723474482961,36.93261609995523],[112.32709823963796,36.932553258949206],[112.32692779225475,36.93258806177211],[112.32682105871675,36.93270082460825],[112.32672513738304,36.93282061799264],[112.32671804053395,36.93292511524338],[112.3267766330237,36.933016005674155],[112.32684648450584,36.93313966849675],[112.32693247418928,36.933260373094726],[112.32695971176808,36.9332986064813],[112.32698900409854,36.933490752472224],[112.32692374673485,36.93358794625088],[112.32678086220801,36.933671074611176],[112.32661328245744,36.933854367172906],[112.32661298197878,36.93409396020363],[112.32653900648683,36.93428073642388],[112.32657909239866,36.93436611124138],[112.32655167404243,36.934497536426846],[112.32649068545908,36.93457688884545],[112.32634186244313,36.934728741092705],[112.32636157743093,36.93483818370302],[112.32628924924549,36.934948654310155],[112.32621741540031,36.9350877268827],[112.3261161805179,36.935243816509505],[112.32600812172579,36.93552037173861],[112.32589617760624,36.93570377727885],[112.32579829605613,36.936436392042616],[112.32572778995032,36.93699502950475],[112.32563197318945,36.93712125773547],[112.32552365700491,36.937040219516085],[112.32532539245769,36.93661791204287],[112.32516874441984,36.93648587067151],[112.32506167882539,36.936395623099855],[112.32489755694368,36.936823098248475],[112.32475520673466,36.93719385947757],[112.32461957926094,36.93718202193222],[112.32453960380687,36.93719697898265],[112.32433655017456,36.93756208437124],[112.32423661903613,36.9376909802563],[112.32410623597436,36.93784500819488],[112.32399970575901,36.938004491554125],[112.32377301788006,36.93822253028156],[112.32352979937683,36.93844647432678],[112.32313960033666,36.938689219267715],[112.32292349903659,36.93883275796672],[112.32266493691228,36.938993934637296],[112.32252039648739,36.939016523024726],[112.32208680371171,36.93936082922593],[112.32188580772045,36.93955378485442],[112.32178827865026,36.939684558523545],[112.32167952751409,36.93979328550871],[112.32155543987398,36.939916845445005],[112.32137949147982,36.940046941720496],[112.32118828441372,36.94015336820303],[112.32096632335278,36.94028043026535],[112.32081594311384,36.940446596720456],[112.32071794658765,36.940556506992614],[112.32063860036996,36.940685297969864],[112.3205082169943,36.94087448626867],[112.31989786056548,36.94102262923734],[112.3192908718313,36.94095785473896],[112.31861163215996,36.94083666438792],[112.31773567756906,36.9406747419191],[112.31709059898454,36.940467341124],[112.31662516236024,36.94034376775513],[112.31587442163611,36.94020905061972],[112.31504156316538,36.940374995612856],[112.31474168237972,36.94042301601201],[112.31415067305693,36.94048560804891],[112.31365181714473,36.940491127675145],[112.313065842433,36.94054983017049],[112.3124335027265,36.940738002353285],[112.31179140656721,36.94105024651698],[112.31048425831072,36.941784865085936],[112.30981285936201,36.9421212613431],[112.3093174182884,36.942326978941914],[112.30914047448097,36.942400449601095],[112.30830651140951,36.942609894622024],[112.30775761272555,36.9428161947229],[112.30709961121342,36.94289495840724],[112.30660049507057,36.9428861476185],[112.30606379119517,36.94276331701661],[112.30563325826915,36.94259640530914],[112.30523933645645,36.942486304730366],[112.30476169803343,36.94269180773993],[112.30462574746993,36.943079506277854],[112.30461475901853,36.943480134676086],[112.30456667215778,36.94379534794973],[112.30437263469273,36.94391191068647],[112.30394721752123,36.944045317919375],[112.30366628631769,36.94429156769237],[112.3035879293333,36.944946802195545],[112.30328057951263,36.94564748852238],[112.30304534069924,36.94596117983622],[112.30287048696259,36.94631950268062],[112.30287377921638,36.94653462058618],[112.3029339135998,36.94671704999112],[112.3029307163918,36.946817092568544],[112.30254395999938,36.94712886829005],[112.30214829209821,36.94744074139027],[112.30156320535559,36.9478798474458],[112.3011421566336,36.94824980610845],[112.30061530976836,36.94931707045676],[112.30056227430977,36.950390440615436],[112.30057394587459,36.95107689735689],[112.30082286003018,36.9520897435653],[112.30102835762341,36.952645342501256],[112.3010886271689,36.9530451893005],[112.30095093922154,36.95333277509197],[112.30079421357843,36.953549049571244],[112.30054839031503,36.95376629981081],[112.30030256455086,36.95398355047386],[112.30027130252692,36.954241361473194],[112.300135796546,36.95465765717425],[112.29993241393049,36.95527494942982],[112.29986818475012,36.95569046348721],[112.29968234561142,36.95611684519324],[112.29940286058064,36.95655436640913],[112.29940227318313,36.956567766562216],[112.29950805344886,36.957182513790706],[112.30022519612656,36.95746976577455],[112.30088246025599,36.95768904387522],[112.30134667266398,36.95791043443722],[112.30181393233588,36.95831058708222],[112.30193780876132,36.9586072252059],[112.30221445334232,36.95915250465096],[112.3023385357593,36.959461059671774],[112.30268416067014,36.95969566520868],[112.30304870138505,36.96016845936178],[112.30353814811332,36.96099747635178],[112.30390329574136,36.96237616932747],[112.30397245743058,36.96294756193372],[112.30386539799356,36.96346367498222],[112.303798164662,36.96439892975391],[112.30416403667535,36.96494799122682],[112.30411113574652,36.965330007594346],[112.3035814649235,36.965870801429126],[112.30321040666293,36.966169519469936],[112.3029450940168,36.96663968920186],[112.30249470753829,36.967407500905814],[112.30214799998399,36.96798345704067],[112.30199824587393,36.9682616394825],[112.30208888923607,36.968699295374186],[112.30231933372632,36.96966942633538],[112.30249999471334,36.97018503366683],[112.30243536875967,36.97035740270017],[112.3022851255715,36.970451742686365],[112.30202826523079,36.970721564487164],[112.30173721673397,36.971077583861785],[112.30152901770802,36.97141362138544],[112.30129737648541,36.971768988341765],[112.30114059863557,36.972333322823836],[112.30103005101915,36.97282086360615],[112.30102206424674,36.97304981154092],[112.30112605285012,36.97357314477654],[112.3010754045082,36.97408863640473],[112.30129546389277,36.9744485872],[112.30159098733535,36.97489055274264],[112.30151522610275,36.97507455563894],[112.30121257582023,36.97516468511418],[112.30091696361774,36.97525374827177],[112.30077728888944,36.97542692434794],[112.30048605494173,36.9757734062087],[112.3002425135167,36.976128900480575],[112.30000874397356,36.976360322027766],[112.29978523399791,36.97649627119484],[112.29964620424039,36.97670758271753],[112.29974532398354,36.97694489417159],[112.29988285122633,36.97734389397649],[112.30009748034485,36.97754965233146],[112.30030574239866,36.977749304429075],[112.3004540223659,36.97808143535977],[112.30049793410893,36.97816943003502],[112.30066734962571,36.978283137880965],[112.3007265322138,36.97840836201132],[112.30087095207273,36.97851358101996],[112.30109155576625,36.978625593778396],[112.30126619189909,36.978690430720626],[112.30130854374576,36.97880439698123],[112.30131192755864,36.9788634821661],[112.30133269443863,36.97896624117675],[112.3014370401267,36.97927217948068],[112.30160078456898,36.979813928416895],[112.30160695548676,36.98017622329799],[112.30176388164445,36.98031753945633],[112.30210036280094,36.98053317440428],[112.302176866142,36.980837481959945],[112.3020506927475,36.98110586992052],[112.30192646926625,36.981488666840626],[112.30188640652301,36.98192775537131],[112.30178367495061,36.982176814019255],[112.30146784029408,36.982475888601634],[112.30149745598091,36.98281885438197],[112.30159886407947,36.983189640298534],[112.30164150167846,36.98359921437267],[112.30148064398266,36.9839251976796],[112.30122241152296,36.98406274574627],[112.30095055899066,36.984207547979764],[112.30084684625984,36.98439940175977],[112.30080677627699,36.984838489865794],[112.30088452419577,36.98591518278342],[112.30090227513126,36.986258283976305],[112.30062472143635,36.986576532098525],[112.30026894168275,36.98676108727381],[112.30023799407118,36.98703796636607],[112.30011083165572,36.98724914732451],[112.29976925308267,36.9874340698581],[112.29962042753775,36.987769453407395],[112.29938073810153,36.98835376419062],[112.29927125059234,36.98910790965192],[112.29915126069596,36.989538721040795],[112.29889805508132,36.990027820216724],[112.29859862547907,36.990257039000205],[112.29797716099523,36.990400255710696],[112.29740876989803,36.99053043605444],[112.29692567948348,36.99078364750409],[112.29643231812234,36.991132327689506],[112.2960610445881,36.99167038971515],[112.29592375652267,36.99198657164038],[112.29607317861459,36.99238544586351],[112.29638100196857,36.99301144959122],[112.29661929535712,36.99374310597403],[112.29658978931742,36.99410579025568],[112.29623881467802,36.994459441923894],[112.29573596791035,36.994951260499846],[112.2954068781827,36.99517417711369],[112.29502927249465,36.99534040750915],[112.29500905717032,36.99555041594737],[112.29548806217255,36.99575497711259],[112.2963066903023,36.996663266691606],[112.29645363648874,36.99691555333262],[112.29653345346183,36.997415312575434],[112.29643767094014,36.997813288214566],[112.29657300742163,36.99816940327887],[112.29640632990507,36.998593184542926],[112.29632858835998,36.998960769838625],[112.2962355085752,36.99894033055086],[112.29617948265329,36.99889660154103],[112.29612922191345,36.99881370263941],[112.29609218144897,36.99875260994928],[112.29586841746529,36.99870260605192],[112.29564184260757,36.99866216879573],[112.29532892880992,36.998613137095255],[112.29499045702867,36.998579935927125],[112.29428279838407,36.998563815425626],[112.29383995816545,36.99874028899093],[112.29326789571715,36.9990087593496],[112.2926186472318,36.99928283587051],[112.29253432629571,36.99932467399831],[112.29241497080979,36.999499554181426],[112.29232414256039,36.99961211280092],[112.2921765140892,36.9996351753217],[112.2921243232807,36.999607136218074],[112.29199967513537,36.99958995480113],[112.29185205740207,36.99964877643253],[112.29159336974047,36.99981846880062],[112.291318061278,37.00005986071886],[112.29109329555739,37.000228145832054],[112.29087511732263,37.00064291632626],[112.29092705016468,37.00104553474837],[112.29098168652858,37.00113724707605],[112.29105047781677,37.00126809340399],[112.29126754213715,37.001448819705594],[112.29149167408468,37.00162565467249],[112.2916457321184,37.00173650083838],[112.2917168072147,37.00186159952905],[112.29188862661144,37.001897872979484],[112.292022408205,37.001934560299524],[112.29219461630893,37.00199371403675],[112.29236688924296,37.00205668172676],[112.29263165601789,37.00210529226425],[112.2927929986869,37.00208446294701],[112.29302469617737,37.002005652231176],[112.2932234638824,37.001948178315004],[112.29336819604548,37.00192943667858],[112.2934922755839,37.001954785137976],[112.293552842249,37.00202087602126],[112.29369315646174,37.00216238317514],[112.29374796273676,37.00223543854681],[112.2938123651945,37.00232128554648],[112.29393638590479,37.002395743265765],[112.29425597878853,37.0026187345821],[112.29444434363042,37.00277163724064],[112.29466467830865,37.00283777239095],[112.29506900752705,37.003018118092356],[112.29525371107013,37.00317403905472],[112.29564265577119,37.00354228674123],[112.29592877530676,37.00376265830554],[112.29624069663744,37.003970827773486],[112.29642810852862,37.00406711945113],[112.29661114737256,37.004124718453994],[112.29680528047653,37.00417921627487],[112.29701965911414,37.00433183046246],[112.29734977513202,37.004601663754435],[112.29762735913827,37.004756566394654],[112.2979993586993,37.004884608967984],[112.29817318786284,37.004968530367194],[112.29892824969285,37.00567068700361],[112.29919440339754,37.00593954369746],[112.29953050678579,37.00612658010418],[112.29974473026027,37.00613853767008],[112.30024996180981,37.006133003069365],[112.30061383810478,37.006205302923014],[112.3011095379199,37.006338138266564],[112.30149646775413,37.00645488117549],[112.30174633467456,37.00650875954973],[112.30202754728661,37.006657650781904],[112.30217415852898,37.00675736053274],[112.30228983098831,37.0067858905262],[112.30277384317898,37.006843157206696],[112.30313918057968,37.00691364469839],[112.30333810927114,37.00703065734276],[112.30353617245014,37.00709702040303],[112.30376655138386,37.007097470140344],[112.30393840797356,37.0071521999912],[112.30424125534459,37.007262109882106],[112.3046863415818,37.0074330344547],[112.30505896514212,37.00771203105593],[112.30566397832531,37.00809786397054],[112.30583855702683,37.00822467660486],[112.30625171423146,37.00839654211604],[112.30662839299387,37.008521128766304],[112.30665933803125,37.00859230617624],[112.3064425174047,37.00905431964374],[112.30641333387962,37.00925965988738],[112.30650291058998,37.0094565421916],[112.30662208555059,37.009645946257606],[112.30670799614381,37.00980234106396],[112.30675922284175,37.01001633224487],[112.30682885258595,37.010263496153144],[112.30697624848295,37.010538411672435],[112.30712938479249,37.01080134331954],[112.30728537310773,37.011057091068416],[112.30741730672538,37.011470445251696],[112.3074559618197,37.01181807621068],[112.30756427573327,37.01206719743724],[112.30775300262526,37.01232496781931],[112.3078786599738,37.01254529035241],[112.3079124266161,37.012780929212475],[112.30808148372076,37.01293163824733],[112.30835554981495,37.01313840463268],[112.30849533657468,37.01331565982502],[112.30858818217726,37.01352919109347],[112.30866251055475,37.01387642808603],[112.3086830942028,37.01420995414048],[112.30882565175644,37.01437525790464],[112.30883013680631,37.01446341418919],[112.3088777452611,37.01463930146584],[112.30902099917267,37.01484512493894],[112.30919006424001,37.01499583219882],[112.30943957108092,37.015503244461996],[112.3095881323831,37.01584489334535],[112.30956807619906,37.01606205378105],[112.30949120485305,37.01660644186735],[112.30941536911213,37.016864745444096],[112.30938660029939,37.0170939214853],[112.30948397917464,37.01739799253048],[112.30954072827737,37.01775972629437],[112.30967129566089,37.018092038060566],[112.30983606098718,37.018338149648514],[112.30989988775866,37.018592526683975],[112.31001269064197,37.0187557741024],[112.3102581237199,37.0190248343557],[112.31044975115287,37.01910377248257],[112.31075877822316,37.0192672350571],[112.31099492909365,37.01951494042035],[112.31115110492931,37.01974517269291],[112.31133387618594,37.020000619425794],[112.311490266942,37.020277812383256],[112.31165843540461,37.02046190111169],[112.31179277919885,37.02075364093962],[112.31205347753897,37.02087234035536],[112.31237778957242,37.02110929732716],[112.31253662494314,37.02135547050416],[112.31283713221642,37.021794207461085],[112.31295286580978,37.02204697660607],[112.31313515755525,37.0222738185039],[112.31330555943335,37.022500790807335],[112.31342840179313,37.022728290225196],[112.3136006115184,37.02306013621246],[112.31371320764686,37.02338310565854],[112.31378037709793,37.02383054295704],[112.31383467093033,37.02422090842976],[112.31387658257441,37.024582803804236],[112.31403062703399,37.0253235333737],[112.31433717668439,37.02585890932468],[112.3146470461634,37.02624167464787],[112.31468707436554,37.026493929108064],[112.31473164953522,37.02666507897068],[112.31481214518047,37.026850135229104],[112.31482315920364,37.02706115463887],[112.31470343942179,37.02727091341073],[112.31478453734478,37.02766336523511],[112.31489315125289,37.0279810136259],[112.31498702683534,37.02803659192226],[112.31514153984416,37.028160036216605],[112.31533326335945,37.02828604743013],[112.31545671396962,37.02833235762177],[112.31559584493633,37.02841157087163],[112.3156524871701,37.028506300504205],[112.31574228738408,37.02854106404688],[112.31582682747727,37.02852939903671],[112.31592598449988,37.02850326737755],[112.31599383744143,37.02846652835524],[112.316109906531,37.028478580359746],[112.31623831323184,37.02851053118492],[112.31642426838302,37.02853469112051],[112.31657549110143,37.02867233843058],[112.31674303995072,37.02892488791262],[112.31680123349096,37.029082479581305],[112.31688144874121,37.02925084886802],[112.31699135519217,37.02946835586893],[112.31712136267998,37.02955845637269],[112.31722550368282,37.02970033583914],[112.31730546838538,37.0297852702914],[112.317413205128,37.029845179753806],[112.31755187870034,37.02992229276631],[112.31755888863628,37.030112930279735],[112.31756910073312,37.030273732163465],[112.31756993688292,37.030405716590565],[112.31757125185513,37.03061342032399],[112.31764728770047,37.03098427202961],[112.31787098896176,37.031196341658095],[112.31804889971646,37.031345063978215],[112.31828193648367,37.0315755908247],[112.3184572498511,37.03174051812905],[112.31856902070304,37.03184178493676],[112.31855657188625,37.03191256078387],[112.31854465424617,37.03198032495168],[112.31862789087728,37.032151043417485],[112.31876181668322,37.03229545198709],[112.31888803340026,37.03263018381686],[112.31901251971814,37.03286480985249],[112.3191173125672,37.03299237761557],[112.31928459872812,37.0332429763127],[112.31940529951302,37.03334462051313],[112.31958066987076,37.03344374908737],[112.31974001980456,37.0335792915705],[112.3198186699122,37.03372526701979],[112.31989619702709,37.03380641184687],[112.31999628840511,37.0338167410915],[112.32016310593012,37.03383395662726],[112.3202901846323,37.0338916641117],[112.32037910985798,37.033944074671666],[112.3204160085071,37.0340142284763],[112.32048111664236,37.03406499749412],[112.32059944265171,37.0340636804287],[112.32077945112009,37.0340734671888],[112.32105058367631,37.034061508574844],[112.32116754212852,37.03416152303543],[112.32140455858773,37.0343257595615],[112.32165179432323,37.034436242785766],[112.32188267090415,37.034675044096986],[112.32212505953296,37.03493457594096],[112.3222948439591,37.03510735090213],[112.32230335195318,37.03525505964723],[112.32238208775698,37.035532344715456],[112.32242176584602,37.03576266743721],[112.32251968214929,37.03592177649303],[112.32265373875184,37.03610718218358],[112.32278835951493,37.03632500337727],[112.32284022596929,37.03643504028952],[112.32294197423683,37.036540706059576],[112.323059546395,37.03659851650529],[112.32316261772435,37.036637069991095],[112.32326068338048,37.03667375105786],[112.3233665615926,37.03677746294755],[112.32342280778828,37.036934175317874],[112.32340742445611,37.03707764088059],[112.32339465463859,37.03719672207878],[112.32339606667581,37.037449403629545],[112.32347407715184,37.0376607041337],[112.32357366530898,37.037787331990295],[112.32368501630275,37.03786356746936],[112.32377187963772,37.03789954955968],[112.32385055292767,37.03794381135863],[112.32392353421363,37.03798487046474],[112.32397055544878,37.03814956480803],[112.32396981060008,37.03826375180452],[112.32394510414817,37.03834794128941],[112.32402278888203,37.038446174581125],[112.32406801706303,37.038695982956725],[112.32419717118731,37.03885545724086],[112.32441306572241,37.038931395399246],[112.32455984445812,37.038976565028406],[112.3246820265221,37.03900559633631],[112.3247554536316,37.039123972786925],[112.32478197301569,37.03928101636831],[112.32480246292624,37.03943336003002],[112.32483534237689,37.03961417147822],[112.32490111676798,37.039791754831796],[112.32498860816244,37.04003489271271],[112.32515330187054,37.04020278982198],[112.32526613110647,37.040397965714554],[112.32520978178432,37.040577866356394],[112.32518812547629,37.040837480969195],[112.32513907722758,37.04102683629402],[112.32510024076844,37.04121222481286],[112.3251895745217,37.0413314152612],[112.32525173052454,37.04149410003729],[112.32536344671867,37.042018509796975],[112.32543154332205,37.04234315566889],[112.32536260703877,37.04248338587859],[112.32518669314875,37.042628387241315],[112.32503218450482,37.042807238940554],[112.3249780726579,37.04298808121374],[112.3245474505023,37.043364783484606],[112.32431319152509,37.04374644443916],[112.32413338269,37.044181136027795],[112.32392965765642,37.04452312002997],[112.32358419937941,37.04492389924976],[112.32342729648082,37.04513662828831],[112.32328489122798,37.04541356077498],[112.32315648469742,37.04572609618728],[112.32310222599936,37.04594125594032],[112.32303360157599,37.04635682511237],[112.32304705299396,37.046617716270106],[112.32310987711942,37.04689593544433],[112.32314037023501,37.047367613983646],[112.32315004448951,37.04766788164874],[112.32313884466119,37.04805062710257],[112.3231205152408,37.04827968953874],[112.32308496508101,37.04854470236997],[112.32293555521993,37.04893256535894],[112.32281984110067,37.049205624312044],[112.3226976178142,37.04936075065109],[112.32268820820089,37.04958971262279],[112.32273808612459,37.04989310802525],[112.32288566112427,37.05017038206184],[112.32293405184963,37.05038797198876],[112.32301856096808,37.05063019085528],[112.32310306950599,37.05087240875307],[112.32307204119039,37.051140947144646],[112.32298259964521,37.05164257010112],[112.32294717193712,37.051914733602246],[112.32279691154241,37.05215892650743],[112.32263093505424,37.05236388797586],[112.32238968258369,37.052713082072295],[112.3222105693055,37.05294965801367],[112.32198014340905,37.05324592611806],[112.32180188873927,37.05353207704512],[112.32172541024444,37.05370135378137],[112.32163214020804,37.05387155819094],[112.32138278002712,37.054156832068585],[112.32096868137798,37.054461819776925],[112.32038861190277,37.05491288076292],[112.31986104424314,37.05536454767244],[112.31931990123448,37.05572537587255],[112.31897711022194,37.055992374418125],[112.31864779815449,37.056282106832036],[112.31846522837729,37.056526344409754],[112.31837914673329,37.05670847950674],[112.3182464359303,37.05701509704382],[112.31807493547447,37.057318141406945],[112.31795898028336,37.057492980228226],[112.31787682319501,37.0578333639877],[112.31789839215652,37.05811728865006],[112.31798228528211,37.058289906764365],[112.31807665136856,37.058517715880306],[112.31818594692655,37.059058129341395],[112.3182288522739,37.05974994609075],[112.31823806571167,37.06000730745657],[112.31794812176642,37.06030423008691],[112.31780427098586,37.06051752102675],[112.3176128352197,37.06073134042501],[112.31753666102128,37.060867593610055],[112.31748154459414,37.06104151731478],[112.3173916951737,37.06126422078628],[112.3172703075956,37.061469394872574],[112.31712069678423,37.06172828225234],[112.31696404894214,37.062027536116354],[112.31684282537111,37.06231113881299],[112.31678307292117,37.06243385985443],[112.31666853114609,37.06255337424504],[112.31653400755653,37.06270433923709],[112.3161017867277,37.06299541318413],[112.31576821293247,37.06327326548898],[112.31539214633608,37.06345921148248],[112.31495018838982,37.0637054848635],[112.31458299323029,37.06397476772452],[112.3143792721994,37.06415005858531],[112.31419311897524,37.064395281627576],[112.31407834519965,37.06463971444024],[112.31405568890912,37.0648783584292],[112.31413525320252,37.06535187780724],[112.31415579925859,37.06568063213136],[112.31405034438266,37.06612044318875],[112.31400484016572,37.06641417103374],[112.31391699528218,37.06666784064208],[112.3137551226289,37.06694140093283],[112.31364650447298,37.067111862704074],[112.31358389967868,37.06736286842019],[112.31327453276953,37.067795401682716],[112.31306866320472,37.06801938647077],[112.31281427199133,37.06827609107796],[112.31272258496732,37.06844523201552],[112.3126571482916,37.068791149076695],[112.3126242359764,37.06909093407843],[112.312612759405,37.069529703548376],[112.31262484719203,37.069954862867576],[112.31257500192046,37.07037689276099],[112.31254047839725,37.07058324582152],[112.31258523570207,37.0708325860289],[112.31261530922147,37.07119651653298],[112.31259456989487,37.07137411006923],[112.31253168839967,37.071592220638195],[112.31248116417157,37.071836893029584],[112.31240674593792,37.072076109326424],[112.31230644670991,37.072332776129585],[112.31224378833105,37.0725632701888],[112.31231847718018,37.07266226980523],[112.31248229598287,37.072776793032446],[112.31265611168266,37.07278082852648],[112.31286575397301,37.07277493271282],[112.31300480193713,37.072764095844555],[112.31323859502498,37.072758601431836],[112.31344493891528,37.07273124131364],[112.31382357330816,37.072691288132226],[112.31424211766544,37.07263658800277],[112.31443831264531,37.07262726234066],[112.31455074148579,37.07267727079787],[112.31470844707378,37.07276491950653],[112.31474417415725,37.07289563871241],[112.31491204842635,37.07293482283147],[112.31513407799294,37.072974317987615],[112.31539024738424,37.07305237012808],[112.31563756265056,37.073048833852525],[112.31566476049828,37.07310765341836],[112.31567642086952,37.07323148803158],[112.31578957415383,37.07344383226649],[112.31595597746326,37.07356976381609],[112.31626258164037,37.07368269723827],[112.31647056697062,37.07373569503784],[112.3165168683899,37.073798117184616],[112.31658223958708,37.07386223413273],[112.31664708446735,37.07389584253212],[112.31675677913003,37.07390797481324],[112.31681389050891,37.07390734067684],[112.31688829193487,37.073805436115954],[112.31693631856619,37.07369238162664],[112.316956152259,37.0736006183126],[112.31699928787911,37.07347999019698],[112.31708409803718,37.073429462387814],[112.31736918967646,37.073433692179826],[112.31751705712982,37.073451121103965],[112.31774754937271,37.07356680275092],[112.31796650900631,37.07356627698915],[112.3181546462119,37.07356418599025],[112.31845580995227,37.07363756418358],[112.31874694240183,37.073750185619076],[112.31900857979826,37.073808781239975],[112.31920574326996,37.07385522083692],[112.31931389362201,37.073812537251236],[112.3193774003791,37.07376892035637],[112.31941210365183,37.07371131952859],[112.31951066151349,37.07363012359862],[112.31959318006224,37.0736535217609],[112.31972830543688,37.073728780166206],[112.31981890612978,37.07380644136956],[112.3199364422921,37.07392361092234],[112.320067175129,37.074047831589546],[112.32019454569419,37.07418706514278],[112.32047372945881,37.07428300525137],[112.3205219713858,37.074280235393616],[112.32070108437176,37.074231090326926],[112.32090814786928,37.07423069159685],[112.32102099336714,37.07425287608274],[112.32104037211268,37.07442668663551],[112.32109829512608,37.074507094900476],[112.32121951047357,37.074548654868224],[112.32134992078608,37.07469142936674],[112.32146651260463,37.07489514759662],[112.32143606639178,37.07502660289372],[112.32137414178722,37.07522992619071],[112.32130044177694,37.0754405319263],[112.3212997005768,37.07556927215221],[112.32140426677599,37.07559432989835],[112.32164145106898,37.07554639238745],[112.32194027470108,37.07545008884648],[112.32215927943999,37.07538328138576],[112.32244921878768,37.07528945967916],[112.32269854140337,37.075084045848484],[112.32305432749008,37.074841685611275],[112.32340280267849,37.07469237787891],[112.32359561226116,37.074659235122304],[112.32375111952312,37.074705177865184],[112.32394921569114,37.07482778896677],[112.32402510769424,37.07494899807948],[112.32428295079649,37.075131111525955],[112.32455319070962,37.07534169282839],[112.32469687680414,37.07552889428108],[112.32487106748697,37.07569096181789],[112.32503263190895,37.075811213993916],[112.32516001746936,37.07588226199925],[112.32522000620608,37.07591061029661],[112.3252957617802,37.07594641026471],[112.32536513326406,37.076000464702076],[112.3253652640008,37.0760934360784],[112.32530166773338,37.07620023107257],[112.32523877658463,37.076347545327216],[112.32524554752892,37.07656559829929],[112.32524975241508,37.07672169805388],[112.32532871184677,37.07681378846635],[112.32541620182485,37.07688313673946],[112.3255193044132,37.07690939921014],[112.32557670878424,37.076874190531925],[112.32561551207027,37.07682440968312],[112.32562591743985,37.07673847271595],[112.32560501975277,37.07663190667999],[112.32559515939326,37.07647563139332],[112.32558863968349,37.076374626007095],[112.32559841425845,37.07625246039749],[112.32568936351741,37.076144644078724],[112.32582760840715,37.076019134802095],[112.32594824356912,37.07597582897107],[112.32607995751643,37.076022034645426],[112.32627185862867,37.07618708077723],[112.32643307738095,37.07630447328366],[112.32654876513843,37.07636992923733],[112.32671379537479,37.07636450698708],[112.32691431462462,37.07634676803443],[112.32705345866114,37.07630706883215],[112.3271272637792,37.07627405993474],[112.32722133051138,37.07620864126274],[112.32733730001925,37.07620495924309],[112.32759465727564,37.07629028402329],[112.32786687393187,37.076391651819115],[112.32794168769071,37.07641448886928],[112.32798891251852,37.07642890499564],[112.32808895792876,37.076489595294326],[112.32822477397075,37.076495323672354],[112.32827795875782,37.076568073304855],[112.32847045542277,37.076679125488305],[112.32851656740274,37.07670843575026],[112.32865379328328,37.0767933154496],[112.32877809977111,37.0769150934994],[112.32890950495644,37.07694341993303],[112.32902076354888,37.07692548561251],[112.32911813711429,37.076879099937806],[112.32924303201187,37.07687531601122],[112.32933774266075,37.076846839526034],[112.32942680847617,37.07685817313008],[112.32955602280984,37.07692027861324],[112.32968652901482,37.07693967450221],[112.32980060566052,37.076944159065604],[112.3299165969042,37.07694166629857],[112.33003438420576,37.07691846082188],[112.33013323319008,37.07685441611723],[112.33027796450122,37.07682800064243],[112.33043153459143,37.07683693221826],[112.33060693154475,37.07698723935349],[112.33077838717992,37.07709402151594],[112.33093718450522,37.07708937871694],[112.33109223832723,37.077074765772146],[112.33129904066386,37.07716112561153],[112.33155629418265,37.077274096477495],[112.33172763598604,37.077272172447095],[112.332118717342,37.07748376314048],[112.33246994687383,37.077662186574514],[112.33275267701845,37.0778366115987],[112.3330211264082,37.07805415269542],[112.33314147804,37.07824682632131],[112.33319396724292,37.07825716990309],[112.3333131501322,37.07828065528427],[112.33347396763237,37.07837420381319],[112.3335346728575,37.078442654255454],[112.33355632573634,37.078574718572156],[112.33380784930536,37.07889515079867],[112.33394836262927,37.07910335441976],[112.33414234263314,37.079458753272164],[112.33438992543024,37.07991235438965],[112.33443729221644,37.08032304628938],[112.33468165527083,37.080773034767994],[112.33476089960766,37.08091895942],[112.33504653388977,37.08117320731578],[112.33522072628087,37.08126541075466],[112.33575024851694,37.081360242400656],[112.33599349830692,37.081368891685074],[112.33626902412837,37.08147067919964],[112.33647415916917,37.081630473976894],[112.33669974465843,37.08159932448842],[112.33698164526646,37.081386361580215],[112.33760211769456,37.0808228034283],[112.3380876200147,37.08051337647527],[112.33833880176057,37.080415186104666],[112.33862685326609,37.08029869861616],[112.33877381199605,37.080195722769794],[112.33896005000807,37.08021149954746],[112.3391951221174,37.080297050483615],[112.33936481168553,37.08030228527188],[112.33956441384069,37.08023208968132],[112.33980109825518,37.08024014310773],[112.33985623284902,37.08024207901146],[112.34015779909176,37.080272039004164],[112.34032173061124,37.08025445203907],[112.34059680198314,37.08026278538679],[112.3409062145805,37.080295046027864],[112.34105316059502,37.08034772826359],[112.34118468406619,37.080394882303004],[112.34136315016788,37.080492987569436],[112.34149515973579,37.08058875833809],[112.34155564875519,37.080678185949],[112.34167860904864,37.08076690672755],[112.3419688609589,37.08092447106762],[112.34227883903516,37.08089027640493],[112.34241252873501,37.0808787502179],[112.34251718757939,37.080941931161874],[112.3426306497145,37.08109941481145],[112.34277669544873,37.08128227641515],[112.34288769315842,37.081401168967474],[112.34297030257066,37.08142884023431],[112.34308292882328,37.08143757749692],[112.34318298348519,37.08144216558003],[112.34324983243023,37.08148717925227],[112.34334436279237,37.08158337245417],[112.3434493079342,37.08167255221944],[112.34359172603784,37.08173228874543],[112.34370779086282,37.08174231452508],[112.34381641753778,37.081726780173405],[112.34394779385764,37.0816852408681],[112.3439966671538,37.08172330658709],[112.34395132035044,37.08178389482047],[112.343893205409,37.081858513075595],[112.34386927276414,37.081889240861805],[112.34389075029145,37.081993412735926],[112.3439645954837,37.08213131925827],[112.34407169052838,37.082264915988254],[112.3441729837327,37.08233957629582],[112.34419010045251,37.08229790195915],[112.34418210220538,37.08224936106467],[112.3441669568244,37.082099345693024],[112.34418250130686,37.081979593963844],[112.34426415859532,37.08194233632076],[112.34435154342876,37.081937054206946],[112.34455085610298,37.082002020876175],[112.34472296555306,37.08204298036788],[112.34490198736364,37.08207098680022],[112.34502771381867,37.08211390178313],[112.34507176445456,37.082182059338336],[112.34503124287181,37.08221255565539],[112.34493031131021,37.08225947222455],[112.34493370349655,37.082293995266745],[112.34493901753017,37.08234805455016],[112.34500948752729,37.08239588681747],[112.34509194827227,37.082414977133695],[112.34521061157182,37.08246226260203],[112.34535348105514,37.082565891349674],[112.34549234931191,37.082662056375135],[112.34599066363845,37.0830783535585],[112.34620355463099,37.08325473064931],[112.34641249105196,37.08345975903339],[112.34668633932922,37.083549621816225],[112.34677333750679,37.083673789123516],[112.34685783562476,37.08390883672088],[112.3469200221462,37.08414413768064],[112.34722272253549,37.08430653360351],[112.3472703933931,37.084389505763504],[112.34753630688657,37.08466888311153],[112.34796084006555,37.085076327049926],[112.34820137068782,37.085216627288276],[112.34835995375288,37.08543414391674],[112.3483762446873,37.085681885218975],[112.34852377432333,37.08594720553935],[112.34870717388607,37.08622165386124],[112.34890095366227,37.08641016259645],[112.34913127951388,37.08664593343352],[112.34914977043937,37.08701761276291],[112.34908665092752,37.087485577082525],[112.3490556824191,37.08775292734464],[112.34908466122084,37.08815355536415],[112.34893269397868,37.088393674521555],[112.34868759512227,37.08862591399923],[112.3485631360679,37.08894915781535],[112.34827531209235,37.089525945476666],[112.34822059522139,37.090064073648215],[112.34827710761672,37.090566435928416],[112.34832840443673,37.09074146111178],[112.34837529392546,37.09090145094454],[112.34857558390254,37.09112087583155],[112.34876403616234,37.091175946693795],[112.3489610334119,37.09120946453087],[112.34901538962701,37.0912541402761],[112.3491556601461,37.09141699386554],[112.34914424856548,37.0918223879753],[112.34903394552249,37.091895160753694],[112.34872350013715,37.09200894778454],[112.34860193357642,37.09207588817272],[112.34853238033376,37.09213925637702],[112.34859357491062,37.09223391677564],[112.34865068016823,37.09230776461021],[112.34864226879257,37.092462814203785],[112.34845858630548,37.09259303808424],[112.34828458121557,37.092639715467335],[112.34817699192452,37.09265583867959],[112.3480493500587,37.09276104546609],[112.34800233387858,37.09283778925293],[112.34810818146092,37.09293880063555],[112.34820575186822,37.09303191056648],[112.34833610770202,37.09313341341424],[112.34848074627772,37.09323475277595],[112.34858179672194,37.09329463178661],[112.34858522496492,37.09335371367976],[112.34853108749053,37.093388657504],[112.34829737059617,37.09350002193788],[112.34803067183975,37.09363968107235],[112.34792588743485,37.09376361461327],[112.34796110199005,37.09387001335149],[112.34809206820458,37.094005837585364],[112.34823052786743,37.09402714862878],[112.34833056661384,37.0940298249772],[112.3484074774853,37.09405562171955],[112.34851016709744,37.09408881074837],[112.34852918462136,37.0942197421255],[112.34853091721864,37.09431933691241],[112.34869478926095,37.09456540008051],[112.34874762812635,37.09464947134029],[112.34897260084185,37.09495401936935],[112.3490586417482,37.09529452542918],[112.34903940281782,37.09555220574531],[112.34898863555046,37.09571012124115],[112.34895825476364,37.09601083928021],[112.34894386779614,37.09620648372633],[112.34897096756738,37.09639211998305],[112.34896983414822,37.09666389760938],[112.3489507637684,37.09693111211569],[112.34878498544325,37.09698067628803],[112.34871396279371,37.097046858904264],[112.34865031273755,37.09710617129195],[112.348651242286,37.097158606967305],[112.34872391828023,37.09723459222595],[112.34884779286622,37.097314315274545],[112.3489365026045,37.097483516434124],[112.34894250740072,37.09762076124524],[112.34887569608236,37.097780289979085],[112.3487519443543,37.09785035393296],[112.34860857921701,37.09792207164158],[112.34844599184134,37.0980417562338],[112.3483776726377,37.09809204761843],[112.34828867604185,37.09820891825755],[112.34823852446509,37.09830103005103],[112.34828834969619,37.098392005833176],[112.34848044006341,37.098449895327114],[112.34865885128825,37.09850153580987],[112.34875146466655,37.098528342069336],[112.34899038002433,37.098608584312466],[112.34890287987473,37.098809827714675],[112.34872102151553,37.09892632435103],[112.34858815319168,37.09908660342827],[112.34842309707541,37.09924438866997],[112.34825315166202,37.09932785004023],[112.34791513260592,37.09939891965216],[112.34777908237027,37.099480566007195],[112.34768275732803,37.09956023436655],[112.34756382335601,37.09990248449325],[112.34745062760271,37.100232749964704],[112.34732755336415,37.100341424254204],[112.34701864360852,37.10037592507605],[112.34673111002367,37.10044117303461],[112.34655135337192,37.1003740820341],[112.34646366928447,37.10029640897444],[112.3463171068727,37.10025516239474],[112.34616841360369,37.10026161887952],[112.3460171051092,37.10034588719215],[112.345953685551,37.10043229306295],[112.34609099387549,37.10059576742774],[112.34622153852946,37.10070728304669],[112.34628529140335,37.100778075900216],[112.34626814555457,37.10081831998716],[112.34621024224569,37.10087619179333],[112.34611421226279,37.10089873672758],[112.34592001423427,37.100923826840635],[112.34574208601396,37.1009601755474],[112.34555356785188,37.10106136291403],[112.34541739945338,37.101122330003534],[112.34531764971045,37.10128795185646],[112.3453742466066,37.101458950776745],[112.3455021249447,37.1014729309844],[112.34561131361755,37.10148486707697],[112.34577677562316,37.101500868430506],[112.34578861262507,37.10166522307726],[112.34581785944114,37.10180435035123],[112.34590984892519,37.10195706780849],[112.34605804364573,37.102259332709764],[112.34593158634614,37.10251346242077],[112.34619740809921,37.102734531689535],[112.3464151790501,37.10284708199774],[112.34644337823207,37.10296893712361],[112.34637690100146,37.1029965111978],[112.34626489189078,37.102973943643725],[112.34619023565178,37.10295989246267],[112.34603931519833,37.10305100219271],[112.34597761029062,37.103138119300446],[112.34581766814034,37.103139935015186],[112.3455995301041,37.103216908291714],[112.34548630304812,37.103265966081416],[112.34539188939338,37.10330687337443],[112.34521272101301,37.10340807664796],[112.34515251241413,37.10350411605983],[112.3451947359033,37.10360280717168],[112.34527040822859,37.103688526370554],[112.34533808909211,37.103765192871975],[112.34548868576097,37.10393321842388],[112.34523874017248,37.10407146041481],[112.34507576587579,37.1041661619325],[112.34500777034795,37.10420567268012],[112.3448451625381,37.10430096618664],[112.34481083635897,37.104379547801244],[112.3448351272101,37.10454137717174],[112.34487728348192,37.10463625521575],[112.34501908690999,37.104710931349075],[112.34512869497719,37.10471540912461],[112.34522395214924,37.10471623571093],[112.34535361560738,37.1047937485788],[112.34544456910302,37.10483572465887],[112.34546104222731,37.1048584230632],[112.34546370418917,37.104919301230616],[112.3454670417528,37.10499566799737],[112.34549098669547,37.10503687639931],[112.3456433852652,37.10502714585119],[112.34584260559078,37.10503328446173],[112.34593348055927,37.105036084753095],[112.34600848013807,37.105089508495766],[112.3460576717849,37.10512454842379],[112.34612436644483,37.1051595490715],[112.34622556062436,37.10517627942862],[112.34628635540618,37.10518059591534],[112.34652849295124,37.10508019132404],[112.34670074892469,37.10502620931166],[112.34689085880002,37.105004979118775],[112.34710680110683,37.10509788184182],[112.34723891702053,37.10516312920103],[112.34759585763746,37.1050829966793],[112.34789068707497,37.10503170653121],[112.34797419956428,37.10500220169268],[112.34838945197005,37.10492119473815],[112.34872172063159,37.10486020183673],[112.34905449604602,37.10482780892196],[112.34944391027891,37.10463266467975],[112.34984471732763,37.10440878277338],[112.35025793327455,37.10421336487608],[112.3503913746218,37.10418562236722],[112.3506354745861,37.104104172913345],[112.35072404689501,37.10406382987049],[112.35093842457862,37.10406853845871],[112.35117952053427,37.10406936699496],[112.35136654480193,37.104042204716166],[112.3516802170543,37.10385625974852],[112.35187948817962,37.103764591563625],[112.35218033870733,37.10361097512496],[112.35254877812817,37.103492344755985],[112.3527403277902,37.103468704754455],[112.35298837667386,37.10335859785242],[112.35341043781133,37.1032429298294],[112.353570742455,37.10321964427162],[112.35369895923226,37.10328873746148],[112.35380762275373,37.103332195162224],[112.35397872363141,37.10333024122293],[112.35416459761616,37.10332215819913],[112.35439834759781,37.10328670976464],[112.35458730395105,37.10324283297877],[112.35477594167688,37.103181080140395],[112.3548861489585,37.10310234395183],[112.35602255967672,37.10221296654378],[112.35616312697003,37.10230439930277],[112.35634842363224,37.10243101048626],[112.3566322984697,37.10257794794869],[112.35682524852751,37.10263295412802],[112.35693345528323,37.102692505098105],[112.3570377098831,37.102780707869215],[112.35710969911337,37.102812066560574],[112.35729773976811,37.102842096651756],[112.35733465954996,37.10290961547055],[112.35752894976551,37.10303969695723],[112.35767267503152,37.103088113257506],[112.35780434949379,37.10321176010501],[112.35794469658758,37.103321004134706],[112.35814689502018,37.103393781586064],[112.3584255468612,37.10349786451738],[112.35859631046807,37.103560273198724],[112.35874858057777,37.10358713481372],[112.35885411595129,37.1037468388028],[112.3589092748189,37.10383560259227],[112.35911555485391,37.10388687614093],[112.35931737247472,37.1039381995912],[112.3596591578649,37.104077314459765],[112.3598439521055,37.10417531916696],[112.35993546103744,37.10429942427507],[112.36008997067925,37.104451413213],[112.36046810762448,37.10462586742178],[112.3607434556783,37.10479434812513],[112.36105961711968,37.10499811837593],[112.36128057301,37.10512073621936],[112.36145016122293,37.105167422817296],[112.36145997247317,37.10534549932143],[112.36144076584507,37.10546968258487],[112.36148682492308,37.10564842310607],[112.3616268123164,37.1057536140964],[112.36189181952548,37.105926024728674],[112.36213593936036,37.105995690866145],[112.36273939645156,37.10605359781025],[112.36293787553869,37.1061009016009],[112.36317917267468,37.1061458053129],[112.36324672898371,37.10617209892892],[112.36332009164673,37.106203192916155],[112.36358886903238,37.10631710962078],[112.36379781670928,37.10638661552874],[112.36397629523543,37.10638074830975],[112.36410770068775,37.106376303644474],[112.36420695234693,37.10635907069108],[112.36428208662068,37.106341399804734],[112.36433846687223,37.10632358700365],[112.36440592406872,37.106300997553994],[112.36448429168578,37.10628936834829],[112.36456614482945,37.10626930439195],[112.36467991654416,37.106266287415025],[112.3647136271704,37.10627443179412],[112.36480384760526,37.106284716009185],[112.36488684008214,37.10628614458913],[112.364958032635,37.1062966306322],[112.36510362720017,37.106422512741325],[112.36515596832598,37.10648031349252],[112.36522488135623,37.10654716309516],[112.36526537751499,37.10658543506228],[112.36531585845853,37.10662031420189],[112.36537506086904,37.10666433078483],[112.36543215702841,37.106694663844955],[112.36551343731294,37.106719684457005],[112.36562884110883,37.1067019624335],[112.36571550412053,37.10667986729437],[112.36579295780125,37.10664214319811],[112.36589726044258,37.10658301289762],[112.36605313860416,37.106487172707205],[112.36612636561702,37.10646272822169],[112.36621999017859,37.10643053882789],[112.36630686465485,37.106420241164834],[112.36638981159311,37.10641499373733],[112.36643917586123,37.10642908577796],[112.36648884093597,37.10645998060528],[112.36656978136722,37.10646727281294],[112.36665272190618,37.10646166757959],[112.3667292915489,37.10644934222699],[112.36679257649688,37.106418218440034],[112.36683012833447,37.10642100295481],[112.36692031457652,37.106421036220524],[112.36701276964364,37.10642318852703],[112.36710636835981,37.106439273185245],[112.36718937761529,37.10646227429982],[112.3672555429317,37.10646723256229],[112.3673221986274,37.106474688098025],[112.36739413871786,37.10650282266569],[112.36746660138934,37.106535242603734],[112.36756370695483,37.10654771039601],[112.36769395955925,37.10656623242111],[112.36781278403666,37.10656986836104],[112.3678886663364,37.106568992835065],[112.36802173477231,37.10657031804231],[112.36814363863935,37.1065714142491],[112.3682038693074,37.10659396213029],[112.36829878600304,37.106633631309876],[112.36835097659929,37.10665591421611],[112.36842104114423,37.10667906387116],[112.36848657745891,37.10669868970388],[112.36853526415676,37.106699915262574],[112.36857902755872,37.106700483146916],[112.36862618558754,37.106716029619605],[112.36866532809731,37.10673274259815],[112.36868842519283,37.106775743551005],[112.3687150546424,37.1068165584466],[112.36874943977308,37.1068665802639],[112.36881196523625,37.106917351149384],[112.36886566830606,37.10694927052834],[112.3689309732989,37.106956026259994],[112.36898815330605,37.106957868948],[112.36902756873673,37.10696492268447],[112.36909859354807,37.10696696313476],[112.36918641912416,37.10695987073133],[112.3693066212414,37.10696563362538],[112.36938160856076,37.1069894412371],[112.36945482388313,37.10701398375954],[112.36950874202869,37.10703302783779],[112.3695493338486,37.107055801892855],[112.36959639459349,37.10709065923193],[112.3696518186392,37.1071189832181],[112.36969043891483,37.10713141044566],[112.36981548096836,37.10713318405741],[112.36989034838602,37.107125524565504],[112.369973705772,37.10709345175582],[112.37002461982009,37.107069620409234],[112.3700989396844,37.10703157293696],[112.37016037115193,37.107021565588475],[112.37022860747282,37.10701755857305],[112.37033617029405,37.10701559991606],[112.37037898931791,37.1070133173898],[112.37040736154195,37.10702693502793],[112.3704707915976,37.107028704751585],[112.37051732974173,37.10703460346692],[112.37056059527637,37.10703231571307],[112.37058933672056,37.10704163759817],[112.37062717362323,37.107060152591444],[112.37064869398002,37.107089940263094],[112.37067148945489,37.10711613803863],[112.37070894434758,37.10713823347202],[112.37076134862114,37.10717231316991],[112.37078744257583,37.107208126947356],[112.37082034795553,37.107250299568776],[112.37084832998777,37.1072918128196],[112.37087991175152,37.10731004236473],[112.37092412662587,37.10733563470718],[112.37096015536852,37.10734550472881],[112.37097830230088,37.10736150557713],[112.37104882355787,37.10737689982277],[112.37116405302872,37.107362694616796],[112.37122923088462,37.10731283200953],[112.37133576810781,37.10724580452138],[112.3714286328303,37.107212786395586],[112.37155626512163,37.10719319173765],[112.37165844449333,37.10718152106652],[112.37175611003667,37.10718372830762],[112.37180243021847,37.10717747100987],[112.37188446890039,37.107138378953834],[112.37204055231075,37.10704598479309],[112.37214654618977,37.10698182353049],[112.37223811593132,37.106943097543045],[112.37234832700163,37.10688174794705],[112.3724555017045,37.10681709521409],[112.37257259503329,37.1067413624388],[112.3726301623705,37.106731637316045],[112.37273333182105,37.10670898734794],[112.37283594179165,37.106688251175925],[112.37296068290725,37.106673456560316],[112.37304816230021,37.10667196679591],[112.37312974255187,37.1066734059533],[112.37317354999425,37.106692923160885],[112.37325174980394,37.10677092470191],[112.37333860328773,37.106883153853445],[112.37342224544184,37.10698230796002],[112.37349538698042,37.107076816496395],[112.37353348828957,37.107126437046475],[112.37358304038275,37.107150893468635],[112.37364559692524,37.10715374469699],[112.37373032143229,37.107147995806976],[112.37378183778958,37.107116408221145],[112.37390212086117,37.10710190213354],[112.37401513624349,37.10709701718845],[112.3741758724634,37.1070975381753],[112.3742890816095,37.10710337706745],[112.37443922965873,37.10709448520919],[112.37457749645755,37.10708692203711],[112.37472924123655,37.10708397047817],[112.37489428941912,37.10707609727659],[112.37506291796116,37.10710155606663],[112.3752803653793,37.10711095298378],[112.37542322536551,37.1071104876376],[112.3755052538755,37.10712026316578],[112.37559097036817,37.107087086869406],[112.37565441015194,37.10705655123941],[112.3757582398427,37.10703746793052],[112.37582299576582,37.107079626312995],[112.3759226414959,37.10715833042365],[112.37616697090068,37.10737984573381],[112.3762228990538,37.107707220711625],[112.37632709714507,37.108070270552986],[112.37647539480376,37.10825557902236],[112.37654636141062,37.10834425620306],[112.37670800534515,37.1083290291251],[112.37693054587339,37.10825778880041],[112.377158399368,37.108216999419646],[112.37728619325907,37.10804196796376],[112.37756269358228,37.10792623554484],[112.37778887090072,37.10794711498175],[112.3779469009124,37.10792061804029],[112.37807393540888,37.1078352282004],[112.37838835151946,37.10770951789213],[112.37845325555747,37.10768482741849],[112.37867503349737,37.10767249070976],[112.37893504290993,37.10769807323822],[112.37918877507082,37.10777140613805],[112.3793161841289,37.10792551292052],[112.37945268989958,37.10806695835394],[112.37960321029186,37.108160562620995],[112.37976543655789,37.108161058664905],[112.37995882206545,37.10815642372675],[112.38022220109877,37.10811906488524],[112.38062607162736,37.10814576357337],[112.38078284800864,37.10823866727873],[112.38086437098504,37.10828697507602],[112.38104774612118,37.10833829676619],[112.38116980976068,37.10850374691928],[112.38126352187366,37.108747004645615],[112.38141794362527,37.109055111182194],[112.38157872309026,37.10930354626055],[112.38173000638369,37.109438856686744],[112.38273926618089,37.1095639229813],[112.38291823442586,37.10961022323827],[112.38325065626259,37.10969622264168],[112.38352614492939,37.10995046855941],[112.38355007134233,37.11028393353423],[112.38361028899135,37.11081245535331],[112.3837133956425,37.11108063090608],[112.384051082431,37.1113174621787],[112.38454900974405,37.11141439610172],[112.38466618092107,37.11137949168593],[112.38477229991865,37.1113224689349],[112.38488462335093,37.11121388184653],[112.38502328637387,37.11108067091542],[112.38510243852194,37.11101395109584],[112.3851853116853,37.11107634331938],[112.38530301024466,37.11113218105137],[112.38533157660402,37.11114245462164],[112.38535167020277,37.111149680030024],[112.38543544011546,37.11114747570203],[112.38550848089814,37.111140269159705],[112.38555607468581,37.11113852088519],[112.38560366734595,37.111136772604745],[112.38576113152067,37.11112062874973],[112.38588560004634,37.11109056716534],[112.38603585193323,37.11100537406079],[112.38618916648441,37.110924913010805],[112.38631806584797,37.11081136359852],[112.38647707114127,37.11071653236474],[112.38659174118101,37.11063890589012],[112.3867510923781,37.11056314156748],[112.38699131578385,37.110515037393135],[112.38720690521673,37.11042192717358],[112.38736224769772,37.1103874501005],[112.38746705084701,37.11038908419285],[112.38758349848086,37.110376278630866],[112.38770556652062,37.110345289093836],[112.38785918243327,37.110281509665995],[112.38798298629908,37.110215218438334],[112.38803598178973,37.11015881476076],[112.3881072039199,37.11004927601213],[112.38819242398081,37.10992383926425],[112.38836109376768,37.10977167839463],[112.38851266500107,37.10966119837713],[112.38857374331381,37.1096318755419],[112.3886383134014,37.1096199811281],[112.38867104878447,37.10961959767081],[112.3887424055971,37.109616068708426],[112.38879674455356,37.10961338237836],[112.38892951157284,37.10960339273662],[112.3891266081693,37.10954100874695],[112.38926501602778,37.109492186507474],[112.38941206550325,37.10942752788452],[112.38955861711129,37.10933569916579],[112.3897283021029,37.1092393085517],[112.38992248707244,37.109115453798275],[112.39006987395733,37.109069385103545],[112.39026250004939,37.10905568365543],[112.39040883378098,37.10904967602861],[112.39050987569777,37.109008441770776],[112.39061714420592,37.10891707251704],[112.39074888632113,37.10879680953336],[112.39088619430335,37.1086879237132],[112.39106270416458,37.10857428631581],[112.39123088723707,37.108493644332235],[112.39149154994453,37.10839189208691],[112.39164245305439,37.10834291952674],[112.3917920159844,37.10831827850617],[112.39199792107239,37.108295237238636],[112.39218756803561,37.108314771049216],[112.39231592432279,37.108353606481884],[112.39248998083326,37.10839876334211],[112.39265342939055,37.1084497658657],[112.3928587618088,37.108447353553835],[112.39312049616919,37.10840422897025],[112.39336067228696,37.10835420511544],[112.39349203913466,37.10831118113049],[112.39362337963124,37.108266727435264],[112.39369020573642,37.10821015867194],[112.39382057614459,37.10811279365431],[112.39397176899107,37.10798228570796],[112.39412708167576,37.10788176641747],[112.39422772666794,37.107819078341144],[112.39433230951902,37.10777636932906],[112.39436003906378,37.1077302718525],[112.39435053432977,37.10769891647387],[112.39434029044622,37.10765724981712],[112.39450149745838,37.1076024761941],[112.39493040434726,37.10761888554369],[112.39545372830571,37.10793484952983],[112.39567008549436,37.10804672953945],[112.3961395626069,37.10832726842739],[112.39634095547457,37.1085966592155],[112.39642480323914,37.108948487568334],[112.39661515967795,37.10923840630679],[112.39664535936059,37.10928440116681],[112.39691983823938,37.10931930975207],[112.3971671494368,37.10930113878661],[112.3973609630899,37.109222569202856],[112.39765588475483,37.109074152606695],[112.3979637597201,37.10898279553673],[112.39809388431813,37.1089692129259],[112.3982109292671,37.10895699537348],[112.39837456778558,37.109050420839374],[112.39859337817084,37.109223347442125],[112.39867177376121,37.10928530366661],[112.39885113156635,37.109327050400836],[112.39899649409467,37.10933296375355],[112.39924317203628,37.10928046723644],[112.39942924602542,37.109169566147536],[112.39967970250923,37.109063625032185],[112.39984049993929,37.10900260602746],[112.4000490162526,37.1089467445583],[112.40032874115133,37.10887859901269],[112.40057706909714,37.10884545697754],[112.40064228592497,37.10883675323028],[112.40094101329856,37.10895347879772],[112.40108449270629,37.1091157942954],[112.40115771154787,37.10920843745529],[112.40120395716917,37.1092669508662],[112.4013479916297,37.109330090007305],[112.40152492609371,37.10924027148238],[112.40162024960937,37.10911518244161],[112.40166995342423,37.10896965493135],[112.40169871015448,37.108837913377805],[112.40173194518238,37.108764145438435],[112.40188393278898,37.10877426744374],[112.4019765345782,37.10879224364809],[112.40212057337828,37.10901700981086],[112.40224596584956,37.109199085712966],[112.40235344776141,37.10929438890815],[112.40252586888893,37.109447274651956],[112.40271820785479,37.109466454268684],[112.40291762592283,37.10938542620751],[112.40313989140802,37.109332733874695],[112.40347861027873,37.10930011781537],[112.40366916615046,37.10922276945189],[112.40382910745492,37.1091531336102],[112.40395218589735,37.10912902874765],[112.40400872666554,37.10912835912844],[112.40412724040608,37.10917940128158],[112.4042686149763,37.109178918716765],[112.40436968361136,37.109171761400646],[112.40443909256017,37.10917070847953],[112.40472825035968,37.10916632111733],[112.40506584723445,37.10915635123576],[112.40546047136831,37.10937861958188],[112.40567732325097,37.109511930564345],[112.40581640076813,37.10945592817436],[112.40590367492231,37.109411029329976],[112.40603503481194,37.109432356587384],[112.40624970131803,37.109580472290034],[112.40634568578601,37.1097490659742],[112.40655950654788,37.110108879889204],[112.40694290602428,37.11036751151688],[112.4071971662617,37.11046747778619],[112.40744814727069,37.1106475805284],[112.40777106532511,37.11098321165004],[112.4081117263072,37.111248068201554],[112.40846679358134,37.11139069716955],[112.4087212711322,37.11150210010275],[112.4088761956698,37.11150979415463],[112.40930581181377,37.11169158449403],[112.40956026286017,37.11182018942805],[112.40987309760288,37.11193232581178],[112.41011794142729,37.11213395103195],[112.41038087909149,37.112267896100825],[112.41053925405987,37.11246149059453],[112.41063977602282,37.11274556510348],[112.41067257840368,37.11286860862394],[112.41070376175959,37.11298557619992],[112.41083278971966,37.113041253536515],[112.41103440485671,37.112998328224144],[112.41124556640841,37.112988663400294],[112.4114531323041,37.11294566563415],[112.41159229537676,37.11290586697366],[112.41178022495185,37.1129274673947],[112.41196633883274,37.11285135063636],[112.41206863913425,37.11275000867069],[112.41210626434561,37.112692347607705],[112.41221904090453,37.112674316909434],[112.4123864038764,37.112710465501486],[112.41251436988448,37.11270894078468],[112.4126205309979,37.112655230037134],[112.41284324041087,37.112626353508944],[112.4130416998927,37.11257392632923],[112.41319294197648,37.112543516995174],[112.41343488105625,37.1125883102175],[112.41355707289719,37.11259638840059],[112.41369796948355,37.112489817666955],[112.41384623498608,37.11245944299958],[112.4140414101332,37.112547941125015],[112.41409072806596,37.11263889340702],[112.4141894746366,37.11269874308379],[112.41428975018167,37.11271280414819],[112.41439621148442,37.11267529884948],[112.41448515457438,37.11259223130016],[112.4149811288415,37.112563944238076],[112.4151418307381,37.112562025934295],[112.41537440770277,37.11258356428137],[112.41570631075929,37.11256815843167],[112.415885535938,37.11250594441221],[112.4161793034896,37.1123608330444],[112.41639919542918,37.11227667715543],[112.41662785545212,37.11227966612358],[112.41704064039864,37.11229189638752],[112.41735284783037,37.11227386073083],[112.41758158668918,37.1122811383289],[112.41783977341765,37.11214359950917],[112.41828819708358,37.11211531054262],[112.41849478840209,37.11212468667275],[112.41869693339522,37.112270067762],[112.41887123159655,37.11251828917314],[112.41900063868897,37.11272897817167],[112.41906031421607,37.11281699145507],[112.41914310560438,37.11283387867818],[112.41929875727975,37.11286562839983],[112.41954218682359,37.11299001348806],[112.419706676954,37.11309531810739],[112.41994165582005,37.11314971651435],[112.42020685669696,37.11324375449807],[112.42039996548806,37.11328172852471],[112.4204934566875,37.11331493594712],[112.42078376996646,37.113303828103724],[112.42108428259371,37.113328833259956],[112.42137747595591,37.113344388444276],[112.42154045941096,37.113366165241274],[112.42186209342283,37.113409140339705],[112.42215355751254,37.11358681846958],[112.42218964706083,37.113663909287524],[112.4222337583436,37.11373060554765],[112.42227196510996,37.11376805085014],[112.42231055557741,37.113778315008204],[112.42235859311178,37.11376844222397],[112.42237799434562,37.113755336102564],[112.42241059992269,37.11373205974885],[112.42249202549876,37.11371530095875],[112.42254671173299,37.113710830832254],[112.42262592713098,37.113712740834025],[112.42269216121731,37.113689060822914],[112.42276417810659,37.11365625282709],[112.42284887185552,37.11363282779478],[112.42294576344715,37.113624989351],[112.4231151992312,37.11361246696369],[112.42327834526283,37.11361384552589],[112.4235402236203,37.11361022437118],[112.42377952797675,37.11361223645522],[112.42639695099204,37.11361220678266],[112.42664515100505,37.113709971207534],[112.42696763045153,37.11376330341718],[112.42728970874506,37.113795183437965],[112.42758621126619,37.113891736293155],[112.4278819088099,37.11394538762722],[112.42836275684337,37.11395297973096],[112.42832807318945,37.113617564188694],[112.42819205376159,37.11330929908821],[112.42807169950143,37.113042562655004],[112.42803570174111,37.11290890310955],[112.42803690335562,37.11277479543051],[112.42812372026359,37.11264263591721],[112.42858455817077,37.11221245995642],[112.42863485958695,37.11219240592221],[112.42869301930372,37.112118355525425],[112.42883947321003,37.112023619175304],[112.42897916084674,37.11194898867759],[112.42909296373246,37.11182746908762],[112.4291415341957,37.11175107617793],[112.42925043746644,37.11165393138257],[112.42946178829929,37.11159130960355],[112.4296978930451,37.11151551558723],[112.42990909181967,37.111349910973125],[112.42994649901053,37.11128434712337],[112.4296603551048,37.111097815960406],[112.4294689758526,37.110892726206025],[112.42918891084062,37.11060840474973],[112.42885160143086,37.11039887530302],[112.42839137458694,37.11011072809826],[112.42803380722155,37.10983659799312],[112.4271287091014,37.10944319133689],[112.42651720659059,37.10921407053506],[112.42616147386194,37.109037176145655],[112.42564924979978,37.10876871392667],[112.42534294113086,37.108560707944015],[112.42500663877766,37.108276778522466],[112.4246220966003,37.108086875751184],[112.4242593260562,37.10778800485643],[112.42391698337735,37.107573217374494],[112.42390149544089,37.10746136083864],[112.4239392135844,37.10732979398626],[112.42391546734669,37.107253795117906],[112.42380189183811,37.10714907671028],[112.4236380185739,37.107060456533816],[112.4234301955784,37.106929455103156],[112.42330526886961,37.1067748108017],[112.423037777831,37.106605095901635],[112.42272305399875,37.106487295545996],[112.4225831453326,37.10640673034371],[112.42240219566011,37.10628017172465],[112.42230165737803,37.10615622415144],[112.42222963933936,37.10612490569624],[112.42211711404123,37.10607619387553],[112.42198633489627,37.10600624652261],[112.42193563231349,37.10592103447151],[112.42190298326493,37.10584633395287],[112.42191465392226,37.1056507151672],[112.42192763933554,37.10554924488411],[112.42201423523487,37.10540517312725],[112.42204820006117,37.10523193418882],[112.42216366117472,37.10503983837987],[112.42216731251106,37.104837164592446],[112.42190059359565,37.10450066082716],[112.42132077929566,37.104406287316046],[112.42087716870904,37.10421932903465],[112.42043916655655,37.1040338668907],[112.42005987774796,37.10380479016238],[112.4197655988818,37.10366528156759],[112.4194556916103,37.103645154106125],[112.4193064671814,37.10362310137552],[112.41928354355139,37.103351612693864],[112.41930610323209,37.10328459452211],[112.41973484364688,37.10297432335008],[112.41991070165679,37.102824407931685],[112.4200284593124,37.1026453176379],[112.4200285963697,37.10252516798108],[112.4199553324334,37.10242687614805],[112.41984881314137,37.10233279643922],[112.41980663786738,37.102241759966695],[112.4197507679064,37.10213573821718],[112.41967581262195,37.101993495396584],[112.4195302432253,37.10172061553847],[112.41949041276024,37.10162764346471],[112.41945249677505,37.1015155573565],[112.4194315090044,37.10145351502343],[112.41934346627845,37.101376616254335],[112.41927622341562,37.10131377074904],[112.41912744493034,37.101124007340886],[112.41931702797135,37.10091672367579],[112.41957406820269,37.10065618622662],[112.41959285060501,37.10054630260854],[112.41948400563022,37.10016793270556],[112.41936373375978,37.09978318260231],[112.41910819375865,37.099485871851805],[112.41846433926531,37.099112155638664],[112.41800452372166,37.09903183572583],[112.41742710344856,37.09898201490822],[112.41718024452949,37.09902545290755],[112.41670034385449,37.09910989537065],[112.41631309466041,37.0990906836563],[112.41618349691828,37.09909503835226],[112.41577126480387,37.099159601062304],[112.41549976006299,37.099195025437254],[112.41536554646152,37.09917946386859],[112.41529187175965,37.09915459753858],[112.41520269132862,37.09906412042652],[112.41511694859999,37.09896645104032],[112.41499723384449,37.098866326397086],[112.41498040175405,37.098726495137385],[112.41497476056861,37.098646960736076],[112.4149804404008,37.098520309000754],[112.41493000352799,37.0984486793229],[112.41483938433869,37.09837681375708],[112.41472735897517,37.09825800238739],[112.41460916461321,37.098143555936836],[112.41444522056109,37.09801749718635],[112.41431871180248,37.09793604664628],[112.41426323874558,37.09788164064369],[112.41400602376255,37.09769424606196],[112.41378737823364,37.09770241443647],[112.4133837090841,37.09759995249434],[112.41311304814012,37.09744822613272],[112.41312194803605,37.097126295543006],[112.41298363052447,37.096889555007465],[112.41268122848152,37.096630930133195],[112.41222984028514,37.096362160835405],[112.41180688101673,37.09602153407537],[112.41144232617889,37.09562061253006],[112.41084240530728,37.09536552515652],[112.4106456972934,37.09518907360035],[112.41041857411102,37.09497722581857],[112.41011583240153,37.094758251811726],[112.40987397125838,37.094495005389824],[112.4097365508748,37.0943059280109],[112.40942105914688,37.09414280675639],[112.40915085975017,37.09401490406903],[112.40917619845148,37.09377621364757],[112.40937916625559,37.09348773403651],[112.40964119628784,37.09317471342207],[112.40982906426973,37.092874493324885],[112.40962552122872,37.09232861844697],[112.40939090475763,37.09171159615998],[112.40916335542074,37.09147591140976],[112.40879655210603,37.09126497512203],[112.40850526867283,37.091010172195666],[112.40851775513298,37.09088586153823],[112.40852803253243,37.0907176753029],[112.40858561287632,37.09045237934109],[112.4087511181963,37.08998912950351],[112.40880370493817,37.089695286194235],[112.40874172011425,37.089481472606295],[112.40850423933749,37.0891910744417],[112.40829475914931,37.08888604082883],[112.40799141341637,37.08873469038707],[112.40763338373435,37.08860305879126],[112.40742185927392,37.088509021906546],[112.40729691885187,37.088430645242184],[112.40726733452814,37.08835947905666],[112.4072649752689,37.08822599864691],[112.40731385562631,37.08815390209388],[112.40755612522946,37.08777854279446],[112.40785601832022,37.087301183834455],[112.40791884938474,37.08711866582525],[112.40809926162076,37.08673748423921],[112.408124809554,37.08642965888177],[112.40809667655209,37.086115318895814],[112.40809237716694,37.0858829395308],[112.40799433353713,37.085408517459456],[112.40787963236299,37.084998657387764],[112.40807970509125,37.08447420852039],[112.4082944959162,37.08394124128574],[112.40831529614566,37.08377888909032],[112.4082166619137,37.083594116822994],[112.40805967797795,37.08347201858609],[112.40785979195495,37.08309457762327],[112.40812255460705,37.08282249532544],[112.40870047936339,37.0819753074063],[112.40900676378158,37.08164388287081],[112.41014525578254,37.07965767601623],[112.4118959398906,37.07675054271159],[112.41212397678315,37.07653327704663],[112.41251095760153,37.076223529056286],[112.41289846604873,37.075942381031176],[112.4132303779245,37.07555479751691],[112.41367471840024,37.07543769595323],[112.41417779417696,37.075305113290966],[112.4144788677583,37.07507133807323],[112.41477741583043,37.07480674034883],[112.41514582152787,37.07445906271661],[112.41528615634346,37.074313212514625],[112.41576261520568,37.074029752042534],[112.41592504444172,37.073834438469866],[112.41600584694221,37.07369997590837],[112.41605761346865,37.07360400184458],[112.41618731677669,37.07344019365797],[112.41619648996198,37.073392798976684],[112.41627525113324,37.07314870046596],[112.41647290452804,37.07273869345409],[112.41662669018528,37.07249659255979],[112.41676486730789,37.07235634535826],[112.41716530199656,37.072132242311355],[112.41760071765655,37.07186957703925],[112.4176860137884,37.07181609244277],[112.41777806779588,37.071774942710384],[112.41786951926129,37.07170137869346],[112.41801214639966,37.0715642681754],[112.41811418049704,37.07142001417733],[112.41820243463187,37.0713026249808],[112.4182823067096,37.071246363085045],[112.41841559255263,37.07124667640098],[112.41853790385657,37.07129670531805],[112.41874896732106,37.07138381510525],[112.41887774352807,37.07139753099608],[112.41896294221907,37.07137171892439],[112.41916896137079,37.07131585531069],[112.41941507627625,37.071240439176194],[112.41988226645587,37.071150933195305],[112.42015505149304,37.0711018963052],[112.42034668557866,37.0710404806985],[112.42053249374666,37.07092192047287],[112.42074934117086,37.07080871032882],[112.42095290641731,37.07074905821946],[112.42131063719813,37.070660858119716],[112.42157613877765,37.07060427654455],[112.42189569115936,37.07051081101217],[112.42216321483004,37.07041601430657],[112.42236350882087,37.07030872106197],[112.4225573635479,37.070175281261314],[112.4227632924192,37.070051232425556],[112.42321657648993,37.069950437580836],[112.42368974358357,37.06979934033477],[112.42398201293977,37.069679020932966],[112.42426092474372,37.069639912943984],[112.42454423852521,37.06967703686544],[112.42484419401507,37.069649593989446],[112.42509434434255,37.06966327560858],[112.42543177503961,37.06973073770556],[112.42566492796044,37.069789916326734],[112.425904788781,37.06988953967709],[112.42601483651374,37.06988821646444],[112.4263420063483,37.06988428197489],[112.4267576458261,37.06983875642228],[112.42702282878489,37.06970206810839],[112.42725853671709,37.069580036329185],[112.42751018715846,37.069515026248375],[112.42767576316258,37.069460587994605],[112.42780546820293,37.0693970452579],[112.4278492779187,37.06935360703216],[112.4279077798275,37.069300457566804],[112.42799743375514,37.069163495462206],[112.4280461194348,37.06906278619263],[112.42810882555031,37.06891661326512],[112.42824805784683,37.06872660883915],[112.42835960299807,37.06864659688269],[112.42848358194811,37.068595041637565],[112.42864982590866,37.06857635267049],[112.42884567725076,37.0685501537632],[112.42905342489261,37.06852381208549],[112.42935927676436,37.06849390275142],[112.42949834925693,37.068454084694686],[112.42964603153368,37.068397474464355],[112.42988461488544,37.06827063568756],[112.43013073420872,37.0680698050837],[112.43030605173116,37.067900818504086],[112.43045540844884,37.06777505466813],[112.43058483962204,37.06769720893469],[112.43060809605824,37.06766832091702],[112.43061509000424,37.06753427577247],[112.43063477071749,37.067437142699895],[112.4307069541355,37.06735235958849],[112.43080015833364,37.06724634317019],[112.43090393189439,37.06706963686086],[112.43105096356653,37.066915293754455],[112.43130073505363,37.0667825958424],[112.4313470307087,37.06671338041403],[112.43135901424003,37.06659118074175],[112.43136274785296,37.06640995916748],[112.43138884133427,37.06615218410296],[112.4313870272274,37.06592907285103],[112.4314337679882,37.06575686831189],[112.43148140333118,37.06563233089474],[112.4315671787892,37.06551114699388],[112.43160451318732,37.06544788077841],[112.43127278158622,37.0650814280251],[112.43113493405937,37.06496437282936],[112.4309673796535,37.06478617218599],[112.43082883356726,37.06463193738092],[112.43069565401765,37.06438323501117],[112.43062905001915,37.06425816854502],[112.43052070693446,37.06409641691933],[112.43037721317404,37.06396369572352],[112.43026735573402,37.06381626541223],[112.43000771377235,37.06367636241791],[112.42983015753983,37.06353546925518],[112.4296237283637,37.06337775989855],[112.42939783213811,37.06322886677373],[112.42912657628386,37.0630404705488],[112.42894715659577,37.06289530703377],[112.42874792328672,37.06274037006541],[112.428568129573,37.062575186737796],[112.42849628540627,37.06245590343098],[112.42847788880658,37.06236315307727],[112.42847664656048,37.06223348414148],[112.42850760485084,37.06204430673715],[112.4285280534685,37.06186574439703],[112.42860763264109,37.06160446479449],[112.42866134511469,37.061359706533345],[112.42864759941708,37.0611977667644],[112.42860097437286,37.061059109225724],[112.4285228928158,37.06095611174013],[112.42842951887744,37.06079894490581],[112.42837745734741,37.060624117390844],[112.42840768243389,37.06039585278603],[112.42842662744434,37.06026403327267],[112.42845564335327,37.060161653235895],[112.4285012809184,37.060058068386155],[112.42854468428038,37.059897398099594],[112.42855253727814,37.059808622989486],[112.42858389656236,37.05970430728349],[112.42864855052015,37.05958342305219],[112.42865533185048,37.059482111769185],[112.42869417236791,37.05936435585847],[112.42878373896315,37.059191636287515],[112.4289559327181,37.0589521250525],[112.42913359980132,37.058814102482444],[112.42942794205975,37.058521626761205],[112.42967044439155,37.0583198874179],[112.42983729566984,37.05817627195112],[112.42997221617951,37.05804305489729],[112.43017746120051,37.05785320546078],[112.43021810915972,37.057736858036805],[112.43028723759801,37.0575214729467],[112.43033405575518,37.0573535591473],[112.43043937874796,37.05716491421765],[112.43047979703785,37.05694129416708],[112.4304875758654,37.05678529287883],[112.43048629979063,37.05662224958781],[112.43046636067872,37.056320688773845],[112.43041415416256,37.05616994111539],[112.43036114019405,37.05603946567104],[112.43023937231139,37.055890748795434],[112.4300463255565,37.055747658374166],[112.4298890533326,37.055608904429],[112.42978282620626,37.05549575755264],[112.42965958452481,37.05526838911319],[112.42957180520112,37.05502867293509],[112.4294320423958,37.05471329849251],[112.4292561040969,37.05437213717184],[112.42910228052206,37.05409984168217],[112.42899507336107,37.05393426063414],[112.42884232429554,37.0537191660221],[112.42858520613467,37.05338977273932],[112.42828062977742,37.053108500454606],[112.4280382299972,37.05287064476612],[112.4278804303937,37.05270328769906],[112.42783661261285,37.05258700451572],[112.42778280074937,37.05241362740061],[112.42772536747545,37.05214612973588],[112.42767028468978,37.05190482635833],[112.42762343923144,37.05170633469176],[112.42754745273113,37.051393481455996],[112.42739911040337,37.05108326034545],[112.42728299649035,37.05075925429661],[112.42726235693348,37.0505306484139],[112.42724005212204,37.05029252639855],[112.42723192054638,37.05013894200882],[112.4272055266561,37.0500000401622],[112.42714021391134,37.04981583499327],[112.42710908456421,37.049551119833076],[112.42712037019558,37.04939936778683],[112.42716998965032,37.049253829109276],[112.42724182456872,37.04902411049742],[112.42731217381464,37.048842086905246],[112.42730584545309,37.04875824953998],[112.42731956882189,37.04860170094885],[112.42734854982446,37.04837059049607],[112.42740934840103,37.04818677524824],[112.42750781262956,37.04798152785563],[112.42760051924232,37.04772295023994],[112.42767335277583,37.04754661875272],[112.427734577471,37.04738568354254],[112.42784593427534,37.047233680118076],[112.42793929636092,37.04713720096145],[112.42810639798492,37.04703983307451],[112.4283090008179,37.0469325013258],[112.42855914176799,37.046822690221994],[112.42881173254001,37.04671666391082],[112.42892000826139,37.04665433146488],[112.42907301426636,37.04656666818731],[112.42919570461643,37.04651179057914],[112.42931172474181,37.04648178597324],[112.42945170952984,37.046461027725655],[112.42956865818556,37.04648059628802],[112.42981055130899,37.0465654091703],[112.42995650935917,37.04660942042558],[112.43005854233786,37.04659484029731],[112.43014100958834,37.04655188930211],[112.43028276501798,37.04649868812859],[112.43040509650002,37.04642474218736],[112.43048759915811,37.0463836979384],[112.43053579759562,37.04628966791256],[112.43056036909394,37.04607768038171],[112.43057027492462,37.0458448926808],[112.43061541503644,37.04571466317602],[112.43062390796233,37.045533384520496],[112.43058651052668,37.04544229327189],[112.43030373614751,37.04520731362499],[112.42986012763957,37.04489607896941],[112.4297035851435,37.044794980853155],[112.4296053100067,37.04475611592397],[112.42942911273708,37.04474870401963],[112.42930603204809,37.0447826077232],[112.4291724612571,37.04487563954013],[112.42907311731842,37.04493047462004],[112.42890586933031,37.04493248938847],[112.4287569815589,37.04492236347747],[112.42857414143455,37.044885826266025],[112.42826870807878,37.04485374632121],[112.42796355512444,37.0448365602156],[112.42762838977767,37.044804836524435],[112.42733788014984,37.044775553265055],[112.42712874487324,37.04472443220552],[112.42690885146757,37.04469429829409],[112.4266261653543,37.04468577908693],[112.42637310125664,37.04467094291505],[112.42605668791924,37.04464792808674],[112.42574871037297,37.04467844925724],[112.4253476508669,37.04470114841899],[112.42512448636884,37.04469489001384],[112.42486371142157,37.044665243443255],[112.42470267113204,37.04460162015951],[112.42437393939181,37.04451617172786],[112.42420879388597,37.04443173804048],[112.42401441741477,37.044374474152285],[112.4238493850215,37.04429599780312],[112.42372928519315,37.04423486226016],[112.42407704429401,37.04368770734939],[112.42440066154573,37.043041762977694],[112.42471214859977,37.042523098832255],[112.42486296273587,37.042238794561435],[112.42487639129455,37.042002626525736],[112.4249213061448,37.04178038363163],[112.42506054258928,37.04159276650647],[112.42524177044665,37.041265186301686],[112.42537732044984,37.040880443889314],[112.42562775319477,37.04075525905416],[112.42566313438623,37.040659477521864],[112.42559906416673,37.04061256933936],[112.42550448220315,37.040524309719004],[112.42558709872227,37.04046574578039],[112.42569863879989,37.040451055207356],[112.42588277106826,37.040374463738544],[112.42604481895134,37.04026190289404],[112.42605219319735,37.040147386472746],[112.42604284640423,37.04002925712776],[112.42602012048111,37.039958966776446],[112.42599857427005,37.03990175015073],[112.42597333806104,37.039834731758454],[112.42597948952863,37.0397661206175],[112.42599712454299,37.03971525086108],[112.42608503515429,37.039645656880765],[112.42633235981745,37.03955328629012],[112.42658001838431,37.03947879149834],[112.42679556720476,37.03947619919276],[112.42699658430953,37.039491660724494],[112.42724298927142,37.039561091695276],[112.42788269742881,37.03950826786687],[112.4285006522908,37.0394769895443],[112.42876049741746,37.03937850394178],[112.429116778949,37.03903093000256],[112.42931403256104,37.03876632412811],[112.42960852496051,37.038295529250384],[112.42974018927293,37.038022177795995],[112.43003212747908,37.03773259001463],[112.43033876349776,37.036977967411126],[112.4303732832879,37.036579433971866],[112.43056368576705,37.03626723045189],[112.43083804394323,37.03599215604942],[112.43118826593415,37.03563988182963],[112.4312956445005,37.035560140876996],[112.43165163428885,37.035295775572926],[112.43209913079636,37.035056751636546],[112.43231013560899,37.034892099224834],[112.4323212583202,37.03453437911512],[112.43229219210336,37.034253428195726],[112.43221212182841,37.034106593162434],[112.43205855381194,37.03384621749034],[112.43205228833656,37.03351254587024],[112.43216846292563,37.03304866501508],[112.43228615940735,37.03266581955762],[112.43233677906282,37.032180536500555],[112.43234420216983,37.031640038191654],[112.43239676332941,37.03127228141234],[112.43249321727875,37.03070851463786],[112.43267684535236,37.030353479335936],[112.43278742554459,37.02990873674028],[112.43287114412345,37.02961688924358],[112.4328743134677,37.02946904825907],[112.43271940982878,37.029137171553415],[112.43251993660752,37.02864849566365],[112.43246266872987,37.028448938082605],[112.4325175555158,37.02820511709741],[112.43248290543045,37.027943305717926],[112.43229881827355,37.02764038745002],[112.43214508469326,37.027370477319],[112.43194352394477,37.027086840842664],[112.43187941847361,37.02683968810075],[112.43182036296623,37.026544796132534],[112.43183184599772,37.02620614271219],[112.4318376508457,37.02588186028051],[112.43184247251082,37.02550514426279],[112.43189096665405,37.025237561031275],[112.43195836934912,37.02502696399551],[112.43198633193516,37.023982473133536],[112.43199170217244,37.02355839018123],[112.43199351777021,37.02341501634755],[112.43192186085938,37.023082133371474],[112.43175082971511,37.02273778147126],[112.43147429065034,37.02249795878775],[112.43126989571174,37.02230017624529],[112.4310412637176,37.021998984949015],[112.43092141644688,37.021735372986264],[112.4308810986275,37.02148793253926],[112.43082324384687,37.021376833115035],[112.43077967668377,37.021177008266925],[112.43076299555507,37.021048477972144],[112.43074764252924,37.02089561633635],[112.43067896127039,37.020657576463485],[112.43066730826561,37.02051182143822],[112.43060711481111,37.020441030246346],[112.43051482038842,37.020370625152],[112.43042372020089,37.020268738113316],[112.43023573681661,37.02018176005842],[112.43012969981308,37.020047823112826],[112.42990662374271,37.01991654809444],[112.42969978015348,37.019611010765374],[112.42960804331958,37.01947504134633],[112.42951420955191,37.01942551397915],[112.42943406602255,37.01931324344075],[112.42927905636424,37.01917207587605],[112.42918343725853,37.01902721313426],[112.4290624251003,37.018915434590575],[112.42893015671063,37.01879783225188],[112.42882699604576,37.01864709989946],[112.42872084721361,37.01853514200366],[112.42861187517333,37.018470896313836],[112.4285076223844,37.01846023214629],[112.42835096493157,37.0184293396552],[112.42820861092615,37.01836847505196],[112.42804466328047,37.018303821965056],[112.42766534271458,37.01805092354406],[112.4275247840679,37.01784759799418],[112.42737524930514,37.01748227375144],[112.42731595318453,37.01717307836094],[112.42738975284342,37.01698624536737],[112.42759955991303,37.016759632999786],[112.42772144925459,37.01660082801602],[112.42782327389165,37.01632306897156],[112.4278719569419,37.01606501995186],[112.42794964712343,37.015768479696305],[112.42823217470931,37.01529783214976],[112.42843397771047,37.01496165455984],[112.42865013203459,37.0144393594676],[112.42865389849845,37.01400544090619],[112.42863062212417,37.013714883860345],[112.42856555836205,37.013415293681255],[112.42848869659808,37.01312061358522],[112.4285022456053,37.012891594007215],[112.428622163842,37.01262791977872],[112.42873019248196,37.01236438858334],[112.4288906464692,37.01204301142545],[112.42901256516836,37.01186062459443],[112.42909306326474,37.0117402001988],[112.42908967115642,37.01155906381578],[112.42901255460654,37.01130273191995],[112.4290125522471,37.0111640676155],[112.42926090110142,37.01086089754604],[112.42953101841546,37.01068123457545],[112.42977655481795,37.010458956016556],[112.43008908075458,37.01032169015264],[112.43040383914655,37.01030359292533],[112.43064195237633,37.010319793898724],[112.43095112386585,37.010320834102856],[112.43115312711681,37.01031362986315],[112.43137224666026,37.0102680766676],[112.4315431884883,37.01018972935365],[112.43167386404033,37.010183384706124],[112.43182290882807,37.01020542600183],[112.4319652928149,37.010189404443516],[112.43199889869601,37.01007933876717],[112.43197364360482,37.009683913249354],[112.43190946621135,37.00943199246966],[112.43189922920253,37.00920325949329],[112.43191330427038,37.00900284087696],[112.43199240337911,37.008782566058755],[112.43203628582931,37.00858655581752],[112.4320500932632,37.00837183607768],[112.43190310281847,37.00782530903832],[112.43175629345016,37.00728831578178],[112.43165837677606,37.0068222486448],[112.4315491993831,37.00638969308937],[112.43152618348523,37.006113436626315],[112.43143282789553,37.00589047424284],[112.43130479626909,37.005720376525375],[112.43111174360628,37.0055701334566],[112.43077622585814,37.00543114406512],[112.43038064722748,37.00528680671421],[112.4301472451002,37.005176495224],[112.43004893327755,37.005006037918776],[112.42990848397503,37.00480748140444],[112.42968625420444,37.004686195282076],[112.42946554265313,37.004645942937906],[112.4292853645729,37.004547989154375],[112.42924702651119,37.00440541565638],[112.42930972698625,37.00426162522978],[112.42949786305678,37.00414969881613],[112.42971057595048,37.00408038631677],[112.42988771752864,37.004016270165486],[112.43005748624134,37.00387595731643],[112.43026850087232,37.00371607557221],[112.4305590751283,37.0034427161503],[112.43074754990876,37.003266891713906],[112.4308201672707,37.00301808877771],[112.43083403544475,37.00277492714887],[112.43077517249719,37.00220333090872],[112.43073938174892,37.00187954966568],[112.43084837179465,37.00166845034908],[112.43122793386974,37.0016209630028],[112.43157333763584,37.00163425196982],[112.43174633366995,37.001686227888555],[112.4319260608593,37.00176034469187],[112.43207075517222,37.00186825896471],[112.43231920636632,37.001820681567274],[112.43246761883256,37.00180995044472],[112.43271054091745,37.0016878223448],[112.43298368098718,37.00159214724731],[112.43323014788075,37.001461035529836],[112.43339528649874,37.00135176479879],[112.43352116152563,37.00114161602526],[112.43354710945992,37.00103036559236],[112.433567507796,37.00063542816154],[112.4335408797568,37.00038201542643],[112.43360079305356,37.00009045303193],[112.43373939913805,36.9998742261153],[112.43391375208846,36.99966233433422],[112.43410396322733,36.99934535848835],[112.43399854446972,36.99911300832715],[112.4338618005535,36.99879521590259],[112.43382059262835,36.99850010785246],[112.43373184103554,36.998205573255625],[112.43371512200792,36.99794831239293],[112.43382517267571,36.99779441129172],[112.43406659412064,36.99767229860564],[112.43440372657693,36.997582403647264],[112.43455370377794,36.99749715334682],[112.43475187951181,36.99727392334281],[112.4348205778524,36.997133872331226],[112.4349720818484,36.99697184109609],[112.43517180925984,36.99684546219959],[112.4354675529705,36.99676750660964],[112.43574928324506,36.996703070899585],[112.43587304488149,36.996692121151746],[112.43599422777852,36.996616149078406],[112.43614744685627,36.99643721349442],[112.43640556980931,36.99622382859749],[112.43657008808698,36.996058777141194],[112.43668638263865,36.99585801409741],[112.43659781682075,36.99569221122462],[112.4365534847378,36.995507994232696],[112.4365319204175,36.995063081662],[112.43664709722381,36.99486620558522],[112.43683638865369,36.99450155892058],[112.4372216051847,36.994125002337775],[112.43731318767496,36.993937947567915],[112.437291591721,36.99373795998159],[112.43720247412953,36.99342436160478],[112.43725102360132,36.99316154263107],[112.43732208588767,36.99283170096793],[112.43753213532513,36.99270487148565],[112.43756382354195,36.99261211037015],[112.43751499346772,36.99238622982172],[112.43749223647441,36.99233078463093],[112.43757843540449,36.99213844737254],[112.43761635361642,36.991942506113936],[112.43770986910832,36.99135695737663],[112.43790731969773,36.99113846117637],[112.43841535554475,36.990601408758096],[112.43862514910982,36.99037954519481],[112.43884223119488,36.99022911105668],[112.43918698843751,36.989915021433305],[112.43943252222843,36.98969749028186],[112.43953066581071,36.98954372921365],[112.4395909950377,36.98927481430558],[112.43947258413988,36.98866858939997],[112.43926814870196,36.98799165056632],[112.43932988105377,36.98795585826687],[112.43951916638004,36.987907791604016],[112.43970222460023,36.98778160736024],[112.4398116948759,36.987673614851175],[112.43979741630352,36.987614284792755],[112.43969587366439,36.987272231829714],[112.43966716465351,36.987010347942764],[112.43981077351962,36.98674637469414],[112.43994195866611,36.98645394508114],[112.43998734853018,36.98636297223069],[112.44010231411931,36.986132553575914],[112.4404729736376,36.98593257450918],[112.440946621711,36.985836236339885],[112.44143620639647,36.98563957765633],[112.44143676016934,36.9856392240441],[112.44171809139789,36.98545974349456],[112.44189752155124,36.98520486796689],[112.44214798391775,36.98493482566617],[112.44248991350472,36.984787635143896],[112.44281545571958,36.98471692914885],[112.44306339294226,36.98462809334052],[112.44345366414542,36.98452322357999],[112.44372140852686,36.984539038725444],[112.44387490542323,36.98448472495472],[112.4442739936736,36.98421763823783],[112.4446871269881,36.9840648068742],[112.44525933350798,36.98383851997413],[112.4456443781133,36.983771848940854],[112.44577930365132,36.98374043721157],[112.44614141205469,36.98365613377764],[112.44673468724922,36.98360122633592],[112.44706112307138,36.98357817543676],[112.44746127903092,36.98336827889255],[112.44756508051125,36.98333003755918],[112.44821082124477,36.9830921366604],[112.44876500374598,36.982856517562105],[112.44916533308128,36.98265614854125],[112.4494968015083,36.98258535197469],[112.44962899108212,36.982571235258675],[112.4497992840213,36.98255305076927],[112.45023112655055,36.982447650178756],[112.45065352891004,36.9824710953263],[112.45111652621435,36.98244159700504],[112.45145339031541,36.98234212123613],[112.45180463491322,36.982061291045014],[112.45244860888529,36.98154802118252],[112.45269091152686,36.98137095844568],[112.45280030052062,36.98129102138267],[112.453196210275,36.98117174733938],[112.45347786800227,36.98098235207161],[112.45366210178814,36.980670186430324],[112.45368023796802,36.98059380241007],[112.45373362838397,36.98036893626292],[112.45379154630922,36.979977263924226],[112.45367385169246,36.97972600963642],[112.45371766513648,36.97952999199371],[112.45384173124938,36.97936721155886],[112.45407714331576,36.97905834046363],[112.45442196901057,36.978753741560766],[112.45462383737598,36.97843182209126],[112.45465066163526,36.978377590759855],[112.45481839986043,36.97803847457365],[112.45499604548542,36.97769301256319],[112.45517917612389,36.97732364425686],[112.45527422076093,36.97716836938343],[112.45532325952514,36.97708825358272],[112.45600145293695,36.97650302694371],[112.45621133872262,36.9762906677294],[112.45642131419262,36.976083074263656],[112.45663795696886,36.97591354175064],[112.45686720765788,36.97578199634241],[112.45684629438783,36.97562014603269],[112.45694863870403,36.975469704229454],[112.45664237134868,36.975301820619315],[112.45638641900793,36.975154774518295],[112.45611771837353,36.974993579879914],[112.45583376873509,36.97487405211046],[112.45559546671295,36.97481117863028],[112.45537871617731,36.97475662250752],[112.4551851637141,36.97470321149738],[112.45499904136368,36.97466544244672],[112.45461389760302,36.974661580622126],[112.45450690365239,36.97466003100648],[112.4543829985611,36.97461291742898],[112.4541996238682,36.97453220307694],[112.45409316123296,36.9744648506663],[112.453951610109,36.9743335619287],[112.45370944933336,36.97406762094928],[112.4533095099508,36.97366057572995],[112.45319673467675,36.97356846715953],[112.45312661626281,36.97351119716458],[112.4528117666782,36.973266169813606],[112.45243534347583,36.97297040163057],[112.45216217140253,36.97276062075154],[112.45193879428955,36.972544508784544],[112.4516426182139,36.972343590116736],[112.45141160958796,36.97219479719631],[112.45105511024074,36.97200891804465],[112.45066178213412,36.971854956409956],[112.45043688407553,36.971746136594206],[112.45027795608908,36.97163794118547],[112.45013749405273,36.97146944449135],[112.44998242208956,36.97128253201313],[112.4497373703645,36.97105094712776],[112.44959523633263,36.97088819156404],[112.44955919043188,36.97061158039516],[112.44958954567117,36.97033228968659],[112.44970003261412,36.97004844520792],[112.44978790309437,36.969746998165824],[112.44985781424906,36.9694386173075],[112.44993670306673,36.969133703740376],[112.45003354978112,36.968835721147805],[112.45012951401883,36.968491263616855],[112.45015109203344,36.96821923300898],[112.45014236314785,36.967994058246816],[112.4501999231348,36.967739466737],[112.45027200173087,36.967545488746104],[112.45042258080444,36.9672611537312],[112.45059091224057,36.96697302550616],[112.45071713258244,36.966814143904685],[112.45092083291738,36.96651127950247],[112.45108411959222,36.966214471567],[112.45123245230188,36.9658903510881],[112.45125547627094,36.96572605574751],[112.45126715018502,36.96546463455902],[112.45128616960166,36.965214566348735],[112.45126199719792,36.96506801213978],[112.45123080516188,36.96492726512754],[112.45114902731474,36.96475090066542],[112.45109213210019,36.96463335247083],[112.45094659731792,36.96447874620449],[112.45084546233505,36.9644094180663],[112.45072740502951,36.96432503898007],[112.4506904237351,36.964254926717864],[112.4506463153716,36.964184901532015],[112.45062578739388,36.964105051935135],[112.4505927753207,36.963743098157835],[112.45058265820686,36.96295938690503],[112.45060450227459,36.96248233393488],[112.4505767980954,36.9622747938208],[112.45049719536266,36.962212831063816],[112.45043681760764,36.962162075266264],[112.45038166383101,36.96176034203143],[112.45032825037154,36.96107442319881],[112.45027833182472,36.96082328967773],[112.45020938072689,36.96069635375686],[112.45015551751483,36.96061309725315],[112.4500124411804,36.960462273588696],[112.44986813602388,36.96024662102177],[112.44973498916087,36.95999268964298],[112.44959359356837,36.95967973737923],[112.44948043179618,36.959477055158764],[112.4493482985354,36.959276510955505],[112.44922113542967,36.95908734872426],[112.44904948046685,36.958933057800785],[112.4488154734411,36.95874901400107],[112.44865181481508,36.95864039611079],[112.44860047558987,36.95856473688288],[112.44857770282121,36.958240800461404],[112.44857941205844,36.95795470768995],[112.44860254155097,36.957670260983676],[112.44864982631024,36.95740649860363],[112.44865991825743,36.957061182045464],[112.44871015672544,36.95682789713128],[112.44870151507199,36.95624632324093],[112.44865930314667,36.9558997382938],[112.44864906020358,36.95560997638478],[112.44871596511084,36.9553783955005],[112.44879089905076,36.95519439527143],[112.44887796530087,36.95502359718253],[112.44892104668206,36.95491436383896],[112.4489457628607,36.954713812128745],[112.44896180745417,36.954557230044045],[112.44903302711165,36.95430271068087],[112.44906894444422,36.95419165817721],[112.44915805994205,36.95400366974365],[112.44921168195077,36.95382374422742],[112.44924370505217,36.95363263861791],[112.44927188023108,36.95348925864915],[112.44923983007095,36.95330274910144],[112.44912711279216,36.953122946441866],[112.44899855202043,36.95285942155726],[112.44892737904581,36.952740140602856],[112.44874994077094,36.9525306119915],[112.44859665723926,36.95234176839062],[112.44844478281568,36.952227284788016],[112.44821648919329,36.9520927549397],[112.44795651644976,36.95191665368866],[112.44778243342296,36.951758576220286],[112.44761320929138,36.95160616065318],[112.44741281387499,36.95143886804741],[112.44715421106011,36.951209348159274],[112.44685183869011,36.95092696093739],[112.44667872857163,36.950694491592735],[112.44656400585937,36.950533781534006],[112.44642912871014,36.95043816074076],[112.44630306870934,36.95030619558261],[112.44615494438229,36.95013826402421],[112.44605440543809,36.94997356670866],[112.44590757695597,36.94974840402128],[112.44583234172268,36.949539533593025],[112.44578950539098,36.94941036926853],[112.44574661151292,36.949325308253066],[112.44565887079243,36.949201220014956],[112.4454656216795,36.948994978192744],[112.44521123671493,36.948697103243866],[112.44567271073055,36.94847491953591],[112.44590849297529,36.94837788305042],[112.4460345402949,36.9483680046734],[112.44622915857371,36.94845026437241],[112.44656665539631,36.94862733172288],[112.44690739287954,36.94881866303343],[112.44715310800858,36.94901115063217],[112.44732703241687,36.94909842885792],[112.44752810838295,36.94912935193449],[112.447697437086,36.949140747646716],[112.44766637244759,36.94905023616144],[112.44761921440494,36.948944010851555],[112.44758555629952,36.94884131597248],[112.4475909121124,36.94870405573446],[112.44767651596588,36.94862887155179],[112.44786305348707,36.948566522215074],[112.4479463389221,36.948543827399114],[112.4479522425097,36.94847675182165],[112.44801003642208,36.948423123512356],[112.44810546443182,36.94842377613161],[112.448201113224,36.94844367875552],[112.44823188895973,36.94846905063272],[112.44832251256399,36.94845507161609],[112.44838033440455,36.94840287359148],[112.44851170979048,36.94816853924973],[112.44861495339104,36.947934846217635],[112.44870717356511,36.947707246870024],[112.4488217773275,36.94748533450295],[112.4489133311703,36.94741865895311],[112.44917793196325,36.94727537412711],[112.44934506343427,36.94708261923952],[112.4496693751884,36.94675980899001],[112.44977722835914,36.946573737399966],[112.44997167990735,36.94625549149392],[112.45014577935916,36.946038811480534],[112.45037200214851,36.9457143644779],[112.45034472193969,36.94552875089889],[112.45032877446336,36.94528519910118],[112.45009475535548,36.94505216659722],[112.44995037238024,36.94490839145194],[112.45010465264653,36.94442971994431],[112.45032831308228,36.94406567425309],[112.45030112418983,36.943855761054266],[112.4502155177736,36.943413394324295],[112.45011137388006,36.94293311051399],[112.45012862303027,36.94258961315386],[112.45012329877471,36.942018538551984],[112.45032550034229,36.941718076964065],[112.4507789547816,36.94135494730271],[112.45112916089705,36.94102883614189],[112.45144673239949,36.940548168000305],[112.45146919065715,36.94016646332825],[112.45148863827586,36.93997474556538],[112.45165156504004,36.93981008816748],[112.45180326810552,36.93975607670955],[112.4519616171209,36.939688583066726],[112.4522926520078,36.93952659852964],[112.45265218872264,36.93930168652972],[112.452786005629,36.93911529452847],[112.45271396097695,36.93903571840066],[112.45261993034659,36.93882668459056],[112.45260826769197,36.93866395338609],[112.45256521796959,36.938273514389444],[112.45248241087887,36.937978919220946],[112.45232063125894,36.93779313453918],[112.45205583131533,36.93768909490244],[112.45165371422054,36.93762606974052],[112.45139836488683,36.93755052108393],[112.45092863165841,36.93744540832951],[112.45061308213664,36.93724901199601],[112.45035104501517,36.937055538244124],[112.45009751042062,36.936840504289535],[112.44990438018672,36.93675704033734],[112.44954262278173,36.9367078178072],[112.44929322196998,36.93671086193998],[112.44905875592252,36.93677495062094],[112.44861610378928,36.93692338781455],[112.44829288856164,36.937106126070326],[112.44800259257777,36.93731217576001],[112.4476013473009,36.937337265811045],[112.44684001057476,36.93743889815501],[112.44605251251463,36.93759405074317],[112.44567934078077,36.937528502084255],[112.4450678863587,36.93754547999834],[112.44431022636299,36.93768342976203],[112.44389608157701,36.937769520337405],[112.4434943502476,36.93788406569838],[112.44331602345913,36.93787669790221],[112.44318655157535,36.937940253897665],[112.44323522673528,36.93800164471371],[112.44323846235123,36.93817324901404],[112.44321230172096,36.938408793175725],[112.44300725542476,36.93849744611313],[112.44241985005999,36.938819945906666],[112.44208148644304,36.93898795138409],[112.44182303794241,36.93886593293267],[112.44160013396144,36.93866004420202],[112.44132577672123,36.93848159909467],[112.4409356920236,36.93826879832879],[112.44055792276869,36.9381184257371],[112.44031404563061,36.93798132712599],[112.43990409936228,36.937724574568385],[112.43984157769691,36.93755845712112],[112.43984189849152,36.9369698129697],[112.43939146340134,36.93655629848328],[112.43911337998672,36.93635468587256],[112.43895173501215,36.9362642891529],[112.43862682630802,36.93614658732423],[112.43801461104492,36.9361202128422],[112.43732284099461,36.93615336486166],[112.43681961439101,36.93610313966576],[112.43646691688451,36.9359249488523],[112.4361222658504,36.93565205241361],[112.43572330130802,36.93532574994057],[112.43535550346222,36.934940503521844],[112.43489000552334,36.93443254536321],[112.43436704712292,36.93392753187183],[112.43411867915609,36.93370077046844],[112.43401675980577,36.933652444622886],[112.433706080613,36.93358186046964],[112.43317534045413,36.93359727616402],[112.43245810363922,36.93365548486281],[112.43174869277262,36.933682058506825],[112.43127279689125,36.93374185513796],[112.43094844484014,36.933840371301784],[112.4305944665625,36.93393023245474],[112.43029221862233,36.934010459375386],[112.43000486742257,36.93409951628386],[112.42967439659046,36.93417107135842],[112.42934158334963,36.9341548039685],[112.42895918848146,36.93403776641849],[112.42851678895381,36.933862883552784],[112.42811748353283,36.93362891486492],[112.42768912032273,36.9333412315019],[112.4272360155884,36.93308087523332],[112.42697846439343,36.93296233160799],[112.42668103504161,36.93288706468466],[112.4261217907131,36.93276538566118],[112.42554050474108,36.932740827624535],[112.42507728629859,36.93284099378022],[112.42472476108674,36.93297136567505],[112.42449529260068,36.93307998855762],[112.42423853329105,36.93311685534895],[112.42388785700336,36.93308276655302],[112.42358539503074,36.93300079458235],[112.42336064521999,36.93287283968572],[112.42313736247607,36.93267278469883],[112.42289607579414,36.93240987396559],[112.42268705239697,36.93214657530336],[112.42254170309688,36.93195009144239],[112.42241485000093,36.931805194205005],[112.4222524194995,36.93159539843386],[112.42195372570582,36.93137597140171],[112.42140038753283,36.931382593854565],[112.42133145016248,36.931372156265404],[112.4209766632142,36.93153182801452],[112.42024736555226,36.931846898270756],[112.41972624371623,36.93204009100194],[112.41944263515401,36.93210429975075],[112.41910866401133,36.93221416042277],[112.41881166031477,36.932350609858986],[112.41846584662476,36.932654331193284],[112.41806667608364,36.93310735619127],[112.4178234248439,36.93345715510214],[112.41765170053685,36.93376780561855],[112.41740284241793,36.93415596284184],[112.41719422826812,36.93444452761989],[112.4170622179214,36.93470289405717],[112.41682892894637,36.9349849950231],[112.41628598019989,36.93509959352771],[112.41590328946627,36.93507836640329],[112.41545033203722,36.93505324076743],[112.41462660642132,36.935006740087125],[112.41404006901716,36.93500246215958],[112.41338753927623,36.935109341179704],[112.4130982225141,36.935171075482174],[112.41263515613929,36.9352698823404],[112.41260614185062,36.93527607327127],[112.41254903336724,36.93528825855813],[112.41238491217062,36.935330451820434],[112.41235723134176,36.93533725573989],[112.41226479566099,36.93542895939149],[112.4121090252661,36.93562963348487],[112.41181983658537,36.93589053804297],[112.41145859691139,36.93610938745778],[112.41119612537982,36.9363699738527],[112.41089631022503,36.936538028484996],[112.41031970625737,36.93667361134231],[112.40997403337597,36.93677069017563],[112.40962110518294,36.93702209627873],[112.40928093610643,36.937176322263866],[112.40902719817306,36.93726664528989],[112.40865280246993,36.93749756278943],[112.40840832179114,36.93792957313481],[112.4082025968211,36.93845052213949],[112.40827488720201,36.93874765857969],[112.40829532604195,36.939051370124226],[112.40815037535367,36.93924380521788],[112.40790029481974,36.93937192695684],[112.40736093250041,36.93951539837144],[112.40701478813838,36.93966849671849],[112.40645600141373,36.93996714994105],[112.40586751716374,36.94026615306146],[112.40535380804866,36.94059406673402],[112.40488452351529,36.940915493306356],[112.40436968519404,36.941726058563866],[112.40440681552965,36.94213089073496],[112.40409200007218,36.942778280147564],[112.40321387048628,36.943480005937],[112.40230384672444,36.94406290394827],[112.40159293626147,36.94416665554377],[112.39954622137282,36.944309993976646],[112.39714277098065,36.94441090544441],[112.3966758823297,36.94466192579206],[112.39617363626436,36.944821005940796],[112.39570263117217,36.944885108299346],[112.39523463638407,36.944960437023376],[112.3947433242496,36.94506532081983],[112.39421032342482,36.94525346032666],[112.39420863698227,36.94525405587754],[112.39366885588032,36.9455870126974],[112.39318355610393,36.94609953376804],[112.39274740274364,36.946537140798306],[112.3923381392625,36.94671763957497],[112.39177435471359,36.94647537957175],[112.39127040449718,36.946528964526976],[112.39094055252644,36.94803149258515],[112.39077744422889,36.9485537444061],[112.39070130128337,36.948919551290345],[112.39058842183543,36.949348860369035],[112.39030278277502,36.94996264893328],[112.38990701505064,36.950501138778435],[112.38972611072379,36.95069702064498],[112.38957052569465,36.950865485350235],[112.38953478272919,36.95091976997599],[112.38938070191577,36.95115378193945],[112.38932813161841,36.95127265719763],[112.38899483113771,36.95110755054355],[112.38845569982627,36.95086115831799],[112.38808183522566,36.950555615326046],[112.38750000985048,36.9502477341948],[112.38706952528271,36.95009542311077],[112.38608839292138,36.94971591268],[112.38533149506823,36.94925272348296],[112.38492411635806,36.948933290095624],[112.38478260235883,36.94882766288672],[112.38466282357136,36.948770535140284],[112.38442734944208,36.94840030962112],[112.38420913896292,36.94815969090797],[112.38388982894115,36.94774860464474],[112.38365031254912,36.947315132646665],[112.3834499248601,36.94707430475694],[112.38320732239032,36.94696270107823],[112.38289422767022,36.946894828839916],[112.38234565929895,36.9468807219607],[112.38205182439783,36.9468513633966],[112.38180909626028,36.946773729341544],[112.38162403738815,36.9466000664224],[112.38122051517726,36.94645874399464],[112.38091479346551,36.94638780106414],[112.38065603755952,36.946244793001064],[112.38044279225772,36.9461548937373],[112.37961517445501,36.94599850911624],[112.37939353518024,36.94606068279475],[112.37876627215869,36.94627656438562],[112.37847468853066,36.94657794422741],[112.37751710153977,36.94700624909938],[112.37574019163854,36.94729504529571],[112.37440335084665,36.94728072655609],[112.37299227112035,36.94726725211313],[112.37120923179452,36.946924826145626],[112.37067918080021,36.94692408478631]],[[112.389966579578,37.06903965759211],[112.38995714611711,37.069337756357214],[112.3898858338632,37.06950546609657],[112.38981452016503,37.06967317490727],[112.3897699156952,37.06979897427502],[112.389729640842,37.06991256030834],[112.3895548780753,37.0701172400027],[112.38945805727342,37.070270029590176],[112.38941029207653,37.070345404523216],[112.38925061749201,37.0705618272123],[112.38923519081743,37.070873137145014],[112.38923559012882,37.07122118278763],[112.38939257209262,37.071672285569214],[112.38965578501872,37.07215465675241],[112.38984514186673,37.07258630892478],[112.39015018383031,37.07316202220341],[112.39044592988837,37.073554283271115],[112.39071199162026,37.07378716995508],[112.3912535070842,37.0739524593129],[112.39171918064714,37.07403758338563],[112.39221673605223,37.0742391429907],[112.39255726647764,37.074313813539305],[112.39266548098176,37.07437452418901],[112.3928983196388,37.07441708363818],[112.39336968534315,37.07448783188459],[112.39361109970262,37.074511217749446],[112.39382972150565,37.07458970121988],[112.39392100680269,37.07470067180845],[112.39397515105833,37.07489551488144],[112.39395961680343,37.07502204435515],[112.39379737171583,37.07509785299015],[112.39358833189056,37.07512378700042],[112.39326266144741,37.075211050548845],[112.39299396166903,37.07533361003274],[112.39296760708532,37.07534563167128],[112.39296790718412,37.07536203440978],[112.39297196766388,37.07558396996997],[112.39328603884408,37.07567563651932],[112.3932904004879,37.075913975673224],[112.3932608735857,37.07592624187848],[112.39302334530943,37.075952871814856],[112.39274098020375,37.07596810767364],[112.39253363364735,37.07601822074973],[112.39227122465829,37.076117534693054],[112.39220861071905,37.076141231717436],[112.39204653576742,37.07622657123788],[112.39193125690655,37.076430556027674],[112.39193016143015,37.07651535905341],[112.39192509818805,37.07690740912462],[112.39186909219227,37.07709877790585],[112.3918146109952,37.07737356652095],[112.39161096313629,37.07762626619813],[112.39158448378973,37.0778053690382],[112.39163542088286,37.07815043708469],[112.39160959611492,37.07836529191341],[112.39144903938195,37.07853404876414],[112.3911692775542,37.07869228462422],[112.39088777383365,37.07875518412048],[112.39049113802416,37.07883716825531],[112.39039869506858,37.07885627573798],[112.39004238713382,37.07889621170835],[112.38983633612851,37.07901782160423],[112.38961649787652,37.07919919098076],[112.389516951457,37.07945066713524],[112.38947689853795,37.07970144611002],[112.38963063786366,37.07997379281541],[112.38982921597236,37.08025753397209],[112.38964216780444,37.08060539184887],[112.38958854546378,37.08092784647694],[112.38948899799769,37.08117932257193],[112.38955584295505,37.08132768312689],[112.38959861737813,37.08145690562456],[112.38962228804299,37.08153112536845],[112.38966903008836,37.081646792691366],[112.38971571901779,37.08175948101812],[112.38976219049964,37.0818602516826],[112.3897784240556,37.08193455855088],[112.38975003654197,37.08200938837994],[112.38961545484764,37.08212117102674],[112.38942111932914,37.0822331076795],[112.389369313323,37.082329070793385],[112.38920602945403,37.08251215989597],[112.38914319411138,37.082655930174546],[112.38889205636829,37.08291633361502],[112.38848665891904,37.083202381492214],[112.38811730530864,37.08350707656054],[112.38790737491402,37.083743156064855],[112.38776884092695,37.0839783996379],[112.38774135131854,37.08410268500368],[112.38776067799893,37.084183510687105],[112.38763239071132,37.08432804615583],[112.38743281854957,37.08452043770911],[112.38717463275961,37.08472132267406],[112.38691067028296,37.08493180989704],[112.38691607639231,37.08506524465207],[112.38701930864123,37.08517846465016],[112.38718212662928,37.08529575466987],[112.3873001036316,37.08540164980679],[112.38717183468812,37.08580316952333],[112.3866113158213,37.08647721712874],[112.38622668245453,37.08700617188762],[112.38558465986722,37.08769904775641],[112.38518969245419,37.08847842935246],[112.3850586797179,37.08904613603134],[112.38498933606652,37.08973231681447],[112.38479220415779,37.08993725064101],[112.384403208454,37.0902689691663],[112.3842959595709,37.090360425473044],[112.38396271974207,37.0906603603879],[112.38387161159586,37.090753186640534],[112.38368224247135,37.09094612587441],[112.3837522383118,37.09111337364687],[112.38384713094229,37.09128680715887],[112.3838667012478,37.09132257714961],[112.38389998773876,37.091383414038624],[112.38405096459682,37.09158547513812],[112.38400949803548,37.09194858937163],[112.38400475969402,37.0919900850934],[112.38400666932759,37.09234049620079],[112.38399969514819,37.09244785289484],[112.38401145058498,37.092470537906145],[112.384110208176,37.09266111343397],[112.38411009485915,37.09279226913228],[112.38410993700411,37.092973407195004],[112.38414923824196,37.09317081250501],[112.3842086738322,37.0933298390786],[112.38420516756365,37.09362786726281],[112.38413596045874,37.093854232288734],[112.38413494878476,37.093857541743475],[112.38405934232887,37.09411826881885],[112.38402387208077,37.094295091527435],[112.3839912459439,37.09446472891935],[112.38383179505526,37.09453333941204],[112.38371860306648,37.09452750836629],[112.383631190714,37.09445347553248],[112.38355758209057,37.09442153645476],[112.38348397351157,37.09438959642909],[112.38338548570128,37.09437405824822],[112.38312715551525,37.09440567868879],[112.38279788875522,37.09445131557883],[112.38273904968625,37.09444952224591],[112.3825696628693,37.09444435985871],[112.38242745535759,37.09446505516434],[112.38214226041477,37.09450655707065],[112.38186871938296,37.09454636194391],[112.38171485719742,37.0945687518545],[112.38132201107236,37.09463204807237],[112.38108201923934,37.094544633376145],[112.38080710258367,37.09448227887855],[112.38057319184158,37.09438368664288],[112.38050540943586,37.094420234608705],[112.38038269123354,37.09446338131706],[112.38021271286442,37.09444321365361],[112.38005542591826,37.09446934707664],[112.37991917280296,37.09443092058733],[112.37972786952042,37.09431871948438],[112.37933493946669,37.09401719852554],[112.37916252361472,37.09386329759258],[112.37902420984197,37.09381770497688],[112.37883865771983,37.0938255842752],[112.37850317640091,37.09383663639479],[112.37829110422344,37.09385912648388],[112.37807985929419,37.09382868475335],[112.37778657518685,37.093803485640265],[112.37755769435228,37.09383073869226],[112.37686697999347,37.09357498322931],[112.37662257671336,37.09355398255602],[112.37609660308004,37.09343135740162],[112.37402208266097,37.09275579659724],[112.3730128570053,37.092238260878744],[112.37220903293094,37.09221895968206],[112.3718402823212,37.092150517116096],[112.37133276486608,37.09188774662121],[112.37108295695658,37.09156642513986],[112.37059419331298,37.0911954184468],[112.37018624902066,37.090685210462176],[112.36980520181413,37.090346331235004],[112.36950977717336,37.09013519278596],[112.36935032288523,37.0899558572354],[112.36904846803809,37.089717972754684],[112.36875459516462,37.089487743020634],[112.36864648432405,37.089432968710014],[112.36851840394098,37.089426103796285],[112.36835673150497,37.08945419229979],[112.36812292063489,37.08949596660025],[112.3679240135247,37.08950124108793],[112.36773812297042,37.08950636509572],[112.36763340461842,37.08947479467189],[112.36759953960122,37.089397267855134],[112.3675921952166,37.08920731944025],[112.36756302027356,37.08907415683699],[112.367462443619,37.08894181859879],[112.36731758326013,37.088829061461794],[112.36719967079515,37.08872552958964],[112.36703471652481,37.08857080823289],[112.36659949988946,37.08819678405098],[112.36577100952043,37.087298061954954],[112.36491765061672,37.08675362967406],[112.36398792802659,37.08618146281852],[112.36345520631829,37.0858443071116],[112.36334362368022,37.08559527993019],[112.36280536693566,37.08445003984879],[112.36265241222448,37.084133546640615],[112.36228110583268,37.08358713017665],[112.36200861640546,37.08307533545619],[112.36184112892695,37.08269464238513],[112.36198110762811,37.08253569673722],[112.36228890747047,37.08202796430206],[112.3626170305785,37.081409145723654],[112.36300836926362,37.08068196708559],[112.36323703370762,37.079992772135455],[112.36314903310034,37.07956468071911],[112.3628093656469,37.079039356264516],[112.36275060145556,37.078689711916226],[112.36289885455487,37.07849491208147],[112.36307515968049,37.078371305611135],[112.36351115813335,37.07829477634677],[112.36389425112895,37.07825461287533],[112.36433968396582,37.07820657791761],[112.36461376576038,37.078060390494166],[112.36488617997902,37.07782124833947],[112.36506768672318,37.07749017965505],[112.36507006858889,37.077016001813114],[112.36489865488979,37.076784107640606],[112.36460354468306,37.07638486759398],[112.36456477761138,37.07619198334173],[112.36490793329814,37.076047369149435],[112.36492462442067,37.07587339930065],[112.36495672995954,37.075672781535474],[112.36480105338751,37.0754528695128],[112.36467889354343,37.075110992372885],[112.3646209946032,37.07486850022444],[112.36449145013518,37.07461252812547],[112.36429803307605,37.0742786216272],[112.36403335685029,37.07395268657349],[112.36390077890798,37.07374235280585],[112.36403878115468,37.07336831797873],[112.36383905047106,37.07305301592653],[112.36347899586973,37.07301001665833],[112.36331914207905,37.073054764604215],[112.36310945986145,37.07330748558523],[112.3629793198678,37.073516381867314],[112.3626800155626,37.073748676563355],[112.36226227393716,37.07384644842443],[112.36217623599902,37.07402623044184],[112.36206342766035,37.074206319869],[112.36172522665511,37.074260265199804],[112.36149410873173,37.074312981131314],[112.3612902730197,37.07439399022588],[112.36093166737952,37.07430513361953],[112.36097245140807,37.0740901138124],[112.3608177374137,37.0740680001082],[112.36035570296309,37.074039975704636],[112.36001775790369,37.07410821752665],[112.35957617487968,37.074370742848146],[112.35925594707466,37.074431628146044],[112.35901123219732,37.074279726363294],[112.35829856974995,37.07429956271714],[112.35725081190748,37.07410415821415],[112.35689272166677,37.07404389022825],[112.35667622956905,37.07380584024754],[112.35657076452819,37.07356388712961],[112.35657340171097,37.073377911864654],[112.35671370007539,37.07320086207029],[112.356794537646,37.073098848468106],[112.35671369198643,37.072783582186],[112.3564428458366,37.071727352830514],[112.35642054413661,37.07131042332783],[112.35627926545259,37.070894853607875],[112.35621298678117,37.070514185893465],[112.3562341724794,37.07032994728978],[112.35641639438417,37.06989114668448],[112.35643845195463,37.06958639983779],[112.35638042582032,37.06905808241722],[112.35618545653418,37.06881331135565],[112.35608480496919,37.0685373905704],[112.35630502114566,37.06816497663201],[112.35644397279479,37.06761508697744],[112.35634206941992,37.06726188727162],[112.35570900329634,37.06671258711964],[112.35533375619647,37.066187645925396],[112.35477265713313,37.06593077109621],[112.35397245219882,37.065416502147656],[112.35345484422889,37.0649146363581],[112.35288421665217,37.06444197896476],[112.35230133597972,37.06428413565687],[112.35171220169025,37.064276548085104],[112.3513349215632,37.06413781216967],[112.35117279545771,37.064053838719836],[112.35112545263915,37.063790011023734],[112.35128099645829,37.063335294575054],[112.35140334130253,37.062964144950726],[112.35154064182231,37.062655055282406],[112.35180095052014,37.06223728641807],[112.35191024383958,37.06202455981131],[112.35195237654531,37.061826566030746],[112.35178038449978,37.06130327275009],[112.35172887598382,37.06117324487731],[112.35178054185717,37.06080250743997],[112.35200343718665,37.060623556590166],[112.35262298447928,37.060335190285095],[112.35294002684178,37.060097950229775],[112.35325061199573,37.05983217613601],[112.35369808197458,37.05956960712377],[112.35397782194968,37.05924220042434],[112.35416410476822,37.05888665768036],[112.354251584467,37.05857872919382],[112.35419169343109,37.058346981012164],[112.35409690493812,37.05824376658422],[112.3539169735715,37.05827242187456],[112.35340934481526,37.05833553993819],[112.35257949491057,37.05833785403074],[112.35211208146872,37.05830495014003],[112.35200318187837,37.058336704927],[112.35158142212849,37.05843877605714],[112.3514563087235,37.058495508939444],[112.35137945375105,37.05858983407553],[112.35128747394035,37.05868876171567],[112.35116732069925,37.0587568805394],[112.35103928702118,37.05878313104164],[112.3507206500504,37.0587962963597],[112.35052991278687,37.05877558192618],[112.35041510478473,37.05874256086348],[112.35034037114131,37.058688105370855],[112.35019324986452,37.05857725920682],[112.35003131251098,37.058436067179656],[112.34995393074853,37.05836638306753],[112.34977761824516,37.058219633814595],[112.34963253927063,37.05808969212813],[112.34943797228016,37.057987012767526],[112.34926589953909,37.057945106738565],[112.34917579647885,37.05796329582712],[112.34909564914156,37.058006164551045],[112.34895431921086,37.05808787129816],[112.34881067813163,37.058173419013805],[112.34873096919408,37.05824107545035],[112.34865061766273,37.058272503440236],[112.34852217883409,37.05827587031716],[112.34836984604634,37.05827378821035],[112.34816935757517,37.05823983152903],[112.34799470296494,37.05818650934238],[112.34790831248242,37.05814553405645],[112.34783634857041,37.05807001873755],[112.34741323269434,37.057860272576995],[112.34708977599617,37.057735215568904],[112.34696976600897,37.05776133541034],[112.34690125814916,37.05787614815954],[112.34676928532213,37.05798253901309],[112.34654185329252,37.058073326875004],[112.34639956845335,37.058101164957606],[112.34626511070712,37.05806693210564],[112.34618635709775,37.05798677247066],[112.3460530417712,37.05788394191783],[112.34592292712033,37.05785573846384],[112.34557501156493,37.05778831462229],[112.34538334248249,37.05774829390558],[112.34523919738581,37.05772132193896],[112.3450879375608,37.0576450824362],[112.34496390944628,37.057594996467046],[112.34482841938225,37.05752486772303],[112.34437040086499,37.05707974660441],[112.3441492174212,37.05668175474167],[112.34426957832454,37.05642292664832],[112.3443542514266,37.05616450382407],[112.34430921130557,37.055920186831074],[112.34438910454632,37.055518138416666],[112.34498468364993,37.05525598566729],[112.34549694810282,37.05495695356509],[112.34617378792491,37.0543771318536],[112.34655773286664,37.05388645340223],[112.34693528023344,37.053538881871866],[112.34726283622405,37.05339212633101],[112.3476279723112,37.05335222024146],[112.34803872615457,37.053369008439006],[112.34829756722168,37.05337321774643],[112.34871408201174,37.05319759962137],[112.34921752083524,37.05291934803276],[112.3499238632586,37.05249650848392],[112.34993738829384,37.052154263577386],[112.3496901986478,37.05189841860432],[112.3492216223839,37.05163913404066],[112.34879458238362,37.05154460888579],[112.34836039980111,37.05137715939793],[112.34790941995314,37.05110336606933],[112.34758649727361,37.05100691000283],[112.3473441153232,37.050923842603666],[112.34694818324712,37.05073524106534],[112.34642147239705,37.05071976523201],[112.3458074475431,37.05081255510005],[112.3452899089679,37.05081127364554],[112.34470563510637,37.050567586582645],[112.34410566615793,37.05044565441465],[112.34375497918556,37.0502922885457],[112.34351222528532,37.05018776179915],[112.3431232111593,37.049884640291225],[112.34276511924564,37.04981717704584],[112.34250440187665,37.04970569935856],[112.34246811163163,37.04939168045286],[112.34237059223732,37.048920766592715],[112.3423458201711,37.04873195267771],[112.34226753307222,37.04813523692003],[112.34220155846461,37.0479044040008],[112.34173022365253,37.04729000482476],[112.34162441554571,37.04699420087113],[112.34135654349802,37.046729038287914],[112.34116782974442,37.04665250244324],[112.34075043820599,37.04642526464512],[112.34057370023585,37.046184101019456],[112.34049031219985,37.04583937377336],[112.34043544673317,37.04559444947494],[112.34034527795612,37.045371378823354],[112.34023686630307,37.04529748404538],[112.34004873402793,37.045155168960974],[112.33989486939608,37.045030558740336],[112.33970314696151,37.04495167131391],[112.33955187919784,37.04497483436511],[112.33940739730704,37.04504560011401],[112.33909858120475,37.045072925448906],[112.33850678750845,37.04507483632009],[112.33800934791883,37.045030385472685],[112.33748427056153,37.04493618236451],[112.33719396825008,37.04483217756338],[112.33674306085302,37.044727598784746],[112.3365032240729,37.044618256354006],[112.33604886478274,37.04435753040307],[112.33579509035167,37.04413153142057],[112.3355694238501,37.04399415481601],[112.33540709758125,37.043786287989825],[112.33551501486637,37.04363553279218],[112.33579219657112,37.043356749421086],[112.33594263292659,37.043231170346985],[112.33612596017586,37.04307813542824],[112.3361356409009,37.043069847941744],[112.3361539866411,37.043052910488505],[112.33647641708517,37.042739831667895],[112.33684056697983,37.04246992937279],[112.33686478021004,37.04245039655895],[112.3368740744748,37.042442898145865],[112.33691828885954,37.04239880819499],[112.33695526034214,37.04235062368429],[112.33698440654429,37.04229910442676],[112.3369882046323,37.042290845328424],[112.33712125854584,37.04199254641915],[112.33713832119446,37.04194676488944],[112.33714139631854,37.04193599471641],[112.33725614600228,37.0415101137868],[112.33726751441677,37.04146792026804],[112.33735154176428,37.041143356124984],[112.33735976750685,37.04110199811951],[112.33736320697969,37.04104549676603],[112.3373622211788,37.04102441347571],[112.33734482784662,37.04079575167021],[112.33734039352132,37.04076043258147],[112.33732931719778,37.0407146411662],[112.33727328188593,37.04053368904801],[112.33752296950006,37.04056737579474],[112.33758883602736,37.040573087070435],[112.3376593966945,37.040572291457025],[112.33773172309078,37.040564001126214],[112.33797136072523,37.04052277149976],[112.33803456231252,37.040508757979815],[112.33809980286021,37.0404871953063],[112.33816115591644,37.040459247755074],[112.33821765699741,37.040425356894076],[112.33825870397895,37.04039436859675],[112.33836287670565,37.04030741470401],[112.33849610472484,37.04019620752443],[112.33850581474358,37.04018789518821],[112.33851131239253,37.0401824117919],[112.33855002577413,37.040143804670166],[112.33858699515974,37.04009561967525],[112.33861613943141,37.040044100036745],[112.33863699857629,37.0399900591554],[112.33863962786515,37.03998092660036],[112.33870391077151,37.03974657608423],[112.33870924757144,37.03972451053621],[112.33876277215512,37.039469258159464],[112.33880519267092,37.03933853598387],[112.33886967844212,37.03928334406888],[112.33901634667146,37.03922488822455],[112.33915643623176,37.03916905451417],[112.33921602730865,37.03914530428889],[112.33927361060537,37.03911884484333],[112.33931160791138,37.039097044857584],[112.33956574854051,37.03893802799049],[112.33958424962624,37.03892593658176],[112.33961085014766,37.038906573575446],[112.33991009304361,37.038674337101575],[112.33993424658489,37.038654397985624],[112.33997845591072,37.038610306958184],[112.34001542366586,37.03856212153868],[112.34001927702361,37.038556204339926],[112.3401321508128,37.03837971023333],[112.3401574400726,37.03833410743761],[112.3401768419788,37.038284785108324],[112.34026593210277,37.0380027604512],[112.3402693891556,37.03799182009501],[112.34027829919053,37.03796430445204],[112.34037245289706,37.03767358092895],[112.3404362790656,37.03749982742444],[112.34052590342175,37.03740055435788],[112.34137739570528,37.037508426572764],[112.34205457370192,37.03746143343887],[112.3424264794751,37.03730346227548],[112.34251339032609,37.03714598897495],[112.34253447983684,37.03695051084031],[112.34253617236219,37.03692861340434],[112.34254427879205,37.036755686657536],[112.34254461972343,37.036732411557516],[112.34253919502802,37.03667600946068],[112.34253287594085,37.036646938758956],[112.34248502696205,37.03646272487641],[112.34248132654886,37.036449481382924],[112.34247663822167,37.03643381184106],[112.34248954000624,37.036389033494366],[112.34249941149204,37.036354772669746],[112.3425007947816,37.03634984471865],[112.34251531345062,37.036296747081856],[112.34259001171769,37.03621068437643],[112.3425912277524,37.03620908754291],[112.34262495068286,37.03616481777919],[112.34264631171538,37.0361270499317],[112.34265409077423,37.03611329719961],[112.34267535986291,37.03605786431645],[112.34274590255716,37.03581728686399],[112.34274823551108,37.03580897658785],[112.34282846352609,37.0355100771073],[112.3428319231905,37.03549612097142],[112.34283997187042,37.03546073376436],[112.34316407119815,37.035377165215394],[112.34317318933174,37.035374744588346],[112.34320805373412,37.03536417747024],[112.34332637584184,37.03532467104059],[112.34360596900744,37.0352313184175],[112.34379504239234,37.03518601051723],[112.3438405665666,37.03517952116931],[112.34398480438813,37.03521262021117],[112.34417312024443,37.035298975629075],[112.34421135341206,37.03531464795592],[112.34422007255755,37.03531822167271],[112.3442860399483,37.035338301009276],[112.34435462660859,37.035351593065656],[112.3444062337061,37.03535691977018],[112.34459974319594,37.03536962669718],[112.34461826051977,37.03537059534222],[112.34468881616988,37.035369795644016],[112.34473292865574,37.03536565736766],[112.34478609930082,37.03535895123879],[112.34488060207774,37.03534703273555],[112.34505117179525,37.035329590846565],[112.34526336632734,37.035318946052854],[112.34527148398264,37.035318491797725],[112.34533740561712,37.03531124799224],[112.34551626828159,37.03528285244236],[112.34556178049812,37.0352756273474],[112.34561423922158,37.03526501584434],[112.34567170203219,37.03525099851019],[112.34587746634863,37.0352008037232],[112.3458843083405,37.035200601764274],[112.3460853484099,37.0352432730617],[112.34638964496781,37.03530584498866],[112.34642671492836,37.035312263831166],[112.34643176648332,37.03531313814212],[112.3464789323138,37.03531815845046],[112.34665757706907,37.035331029825066],[112.34668053577482,37.03533230453207],[112.3467510913297,37.03533150360832],[112.34682096433777,37.035323620358945],[112.34688905441399,37.03530877720109],[112.34695428790106,37.03528720977792],[112.34701563458233,37.03525925865942],[112.34707212667372,37.0352253628193],[112.34712287566329,37.03518605854229],[112.3471484484087,37.03516194820928],[112.34722878532861,37.03508057861761],[112.34724741567827,37.03506059533],[112.34728437711672,37.035012407743224],[112.34731351360732,37.03496088608104],[112.34733436636783,37.03490684286255],[112.34734660434039,37.03485113150232],[112.34735003545295,37.034807495458224],[112.34735190878307,37.03470317709243],[112.34735191070203,37.034690310675224],[112.34734952908741,37.03466556180282],[112.34738732207298,37.03464288579339],[112.3474380693938,37.03460358140154],[112.34748227313999,37.034559487668986],[112.34748881898727,37.03455187999212],[112.34758201702695,37.03444116151008],[112.34761369242088,37.034403530608046],[112.34767521478274,37.0343304420574],[112.34770562978883,37.03428986113184],[112.3477188763742,37.034268535158695],[112.34784290154693,37.03405489010226],[112.34802035686425,37.03390216226562],[112.34820909957108,37.03378528765503],[112.3484212993464,37.033653886784656],[112.34846666977607,37.03363363091477],[112.34864898193352,37.03355223471656],[112.34867492358723,37.03354497322007],[112.34870605638527,37.033552901365006],[112.3487737114644,37.03358950333814],[112.3489151946713,37.03366604639317],[112.34893517857631,37.03367637178026],[112.34899748735211,37.033702917893116],[112.34906345450736,37.03372299458089],[112.34913204046848,37.03373628479164],[112.34920216370172,37.033742577370724],[112.34927271658898,37.03374177498965],[112.34930707977496,37.03373879467313],[112.34948513445639,37.03371889075998],[112.3494970114886,37.033717562725386],[112.34953252065156,37.03371265827028],[112.34960060872231,37.03369781359142],[112.34966584004752,37.033676245615155],[112.34972718439711,37.03364829223196],[112.34978367521084,37.03361439602763],[112.34983442058027,37.033575089741625],[112.34984830861353,37.033562423031995],[112.35000623098023,37.033412822951824],[112.35003654457768,37.03338139502955],[112.35007350344515,37.03333320661207],[112.35009686992932,37.033293370235405],[112.35018310468344,37.03312551406473],[112.35018887215205,37.03311382812655],[112.35020972127056,37.033059784449996],[112.35021944529987,37.03301550997218],[112.35040875664922,37.0330787351202],[112.35045879473188,37.03309325833293],[112.35052738032513,37.03310654684391],[112.35059750308292,37.03311283950891],[112.35066805647067,37.033112036297005],[112.3507276205178,37.03310531329767],[112.35073792695877,37.033104149885524],[112.35077651475513,37.03309573662357],[112.35080601424943,37.03308930542969],[112.35087124468171,37.03306773590486],[112.35093258808723,37.03303978191419],[112.3509890779047,37.033005885152214],[112.35099649722535,37.0330007288911],[112.35102326456901,37.03298180024037],[112.35103372418347,37.032980656682575],[112.35127357782964,37.03304172720245],[112.35128006266152,37.033043325611715],[112.35163150478728,37.03312791920361],[112.35184745459486,37.03317989761089],[112.3519116664961,37.033192109796296],[112.35222474551642,37.033236231211504],[112.35229471641395,37.03324250207611],[112.35235339076793,37.033242331520235],[112.35262991912765,37.03322993381653],[112.35267022882388,37.03322812721981],[112.3528538953592,37.03324074012543],[112.35287454559251,37.03324185075047],[112.35294509790963,37.033241046195094],[112.35301496937767,37.03323315933288],[112.35308305628254,37.033218312676105],[112.35314828501707,37.03319674192309],[112.35317328015292,37.03318633221051],[112.35328391887359,37.033137391602224],[112.35332026746396,37.033119847016806],[112.35337675622651,37.03308594823751],[112.35342749936822,37.03304664135608],[112.35347169758244,37.03300254548083],[112.35350865406907,37.03295435603735],[112.35352372813499,37.03292769533572],[112.35353973654625,37.03291359573276],[112.35356265507163,37.03289054596755],[112.35358364370555,37.03286634330266],[112.35360261327484,37.03284109237238],[112.3536194825201,37.032814900423716],[112.35363417814342,37.032787880018795],[112.35364663927109,37.032760147181946],[112.35365681069567,37.03273182057577],[112.35366281053474,37.03271065502228],[112.35370598951744,37.03253933488305],[112.35375140247898,37.0323591503478],[112.35386184443148,37.0322746540826],[112.35390804711385,37.03223930648173],[112.35392306217712,37.03222737787899],[112.3539478108531,37.032205579376736],[112.35396025988781,37.03219344398957],[112.35425382978916,37.031896869322864],[112.35426429886563,37.03188595484531],[112.35428528702235,37.03186175296314],[112.35430425610026,37.031836501025374],[112.35432112490587,37.031810309882765],[112.35433582009536,37.03178328939537],[112.35434828081276,37.03175555648867],[112.35435845183643,37.03172722892476],[112.35436628927697,37.031698429742306],[112.35437176158874,37.0316692809379],[112.35437484401592,37.03163990713355],[112.3543755241943,37.031610434611615],[112.35437379764089,37.03158099046543],[112.35436967330791,37.031551698931715],[112.35436587366104,37.031533475275204],[112.35429230479525,37.03122030034737],[112.3543104305392,37.0310065788981],[112.35438955949691,37.0306608814922],[112.35439137515264,37.03065250481729],[112.35441162420365,37.03055355021453],[112.35443089920214,37.030459360445164],[112.35451743151394,37.03034667729082],[112.35484485669632,37.03020398971768],[112.35486436498283,37.03019507851866],[112.35489530706745,37.0301791575465],[112.35492488471766,37.030161648354465],[112.35495297001765,37.030142625386084],[112.35497944418472,37.030122171089694],[112.35500419299488,37.03010037146567],[112.35501102614245,37.030093816979075],[112.35501826131586,37.030091799881625],[112.35505248297704,37.030081024010194],[112.35507740958226,37.03007182563962],[112.35508855852173,37.03006744374093],[112.35509690171362,37.03006409580864],[112.35512907559794,37.030049831175454],[112.35513853115533,37.030045207321635],[112.35520102806619,37.03001396370576],[112.35530391066666,37.029968851720376],[112.35532214535384,37.02996049740243],[112.35535308836906,37.029944576301254],[112.35538266469769,37.02992706701119],[112.35541075091908,37.029908043924884],[112.35543722374108,37.02988758864167],[112.35546197235935,37.029865789826296],[112.35548488938873,37.0298427388075],[112.35549209796648,37.02983480146203],[112.35556430350472,37.02975344529854],[112.35557808099402,37.02973718056176],[112.35559704914681,37.02971192932855],[112.35561391703943,37.02968573711054],[112.35562230561506,37.02967091068275],[112.35567296605144,37.0295768819766],[112.35567927292436,37.02956468774946],[112.35569173168786,37.02953695472153],[112.35570190195469,37.02950862794897],[112.35570973979081,37.02947982776842],[112.35571521033087,37.0294506789178],[112.3557182921925,37.0294213059809],[112.35571897185844,37.0293918334514],[112.35571724484795,37.02936238842263],[112.35571488542085,37.02934364288211],[112.3556916056476,37.02919081862506],[112.35568660836506,37.02915801956886],[112.35568484422383,37.02914747360597],[112.35568409946973,37.0291435086706],[112.35564560426192,37.028944750973004],[112.35563984467366,37.0289197047878],[112.35563098640631,37.028891095381915],[112.35561993879575,37.02886329576874],[112.35559491111194,37.028806718212444],[112.3556339467596,37.02875189545338],[112.35563653798097,37.02874821586195],[112.35565340565705,37.028722023638764],[112.35566809980837,37.028695002994105],[112.35567440235965,37.02868168435744],[112.3557086175731,37.02860578621229],[112.35586908356593,37.02854718989087],[112.35589185866024,37.02853837093693],[112.35592403289385,37.02852410698852],[112.35595497408144,37.02850818575372],[112.35598454972038,37.02849067632347],[112.3560126352693,37.02847165310387],[112.35603910743905,37.028451197694814],[112.356063855428,37.028429398761595],[112.35608677185371,37.02840634763345],[112.35610775849874,37.028382145445974],[112.35610807736074,37.02838174986283],[112.35622591863094,37.02823555410473],[112.35638150095295,37.02808554077819],[112.35639164040315,37.02807547322539],[112.35649443244463,37.02797035862277],[112.35650285970574,37.02796151798736],[112.35652384608238,37.0279373148288],[112.35654281348823,37.027912063452234],[112.35655968067302,37.02788587110659],[112.35657437434783,37.027858850355706],[112.35658683252359,37.027831117238165],[112.35659700224788,37.02780279039222],[112.35660483960497,37.027773991055646],[112.35660982734596,37.027748049863206],[112.35666958196371,37.027363076712035],[112.35667006543649,37.02735986900062],[112.35667314685429,37.02733049513709],[112.35667382615772,37.027301022599836],[112.35667209886765,37.027271578482164],[112.35666797393931,37.02724228702075],[112.35666146824066,37.02721327506453],[112.35665261093426,37.02718466571781],[112.35665095134368,37.02718006522541],[112.35650155473405,37.02677375903392],[112.35649797489445,37.026752869540616],[112.35650055291525,37.02674858009842],[112.35650562861501,37.02673978048437],[112.35657999325775,37.0266071091147],[112.35681897110925,37.026429129420166],[112.35681333509118,37.0264416773427],[112.35681239150713,37.02644403525996],[112.35679531878502,37.02648714192013],[112.35678609286474,37.0265131099663],[112.35677825570714,37.026541910217645],[112.35677278462525,37.02657105913164],[112.35676970325139,37.02660043209919],[112.3567690251063,37.02662990462666],[112.35677075130393,37.02665934965923],[112.35677487621705,37.0266886402189],[112.35678138192365,37.026717653072225],[112.356785957381,37.0267334197511],[112.35682062805878,37.026843876111585],[112.35682491101619,37.026856717856745],[112.35683608403033,37.02688480064974],[112.35684952343563,37.02691223853],[112.35686517315733,37.02693891140295],[112.35688296378227,37.02696470743552],[112.35690282140281,37.02698951484595],[112.35692466098777,37.02701322828672],[112.3569253052824,37.02701388135704],[112.35695670472174,37.02704561795686],[112.35699038513302,37.02711763596168],[112.35702089873267,37.027203289993714],[112.3570335972514,37.027272514270805],[112.35704003219537,37.02730114138283],[112.35704803471286,37.027327300723464],[112.3570825152302,37.027427031763544],[112.35708337128828,37.02742948082295],[112.35709454450341,37.027457564486184],[112.35710798409215,37.02748500142984],[112.35712363404306,37.027511675162806],[112.35714142600143,37.02753747023605],[112.35715630640568,37.0275563878791],[112.35723378571653,37.02764966683656],[112.35723876319872,37.02765555745086],[112.35726060194392,37.027679269933266],[112.35726914701237,37.02768772815231],[112.35745822875971,37.027870319344544],[112.35747341054346,37.02788437886615],[112.35749611551107,37.02790339975453],[112.35760317496448,37.027987996672444],[112.35760598203579,37.02799019995288],[112.35763317204892,37.02801004166886],[112.35766192156404,37.02802841400895],[112.35769210898216,37.02804524087686],[112.35772360374762,37.02806044808087],[112.35774440860789,37.02806931017541],[112.3578053516101,37.02809396980392],[112.35787618433224,37.02812263201781],[112.35788337736064,37.02812545814723],[112.3578776843448,37.02813202407614],[112.35785871733526,37.028157275657406],[112.35784185054537,37.028183468178824],[112.35782715726566,37.02821048907748],[112.35781469948743,37.028238222315686],[112.3578082389554,37.02825621549861],[112.35780453016575,37.028266549256045],[112.35779669323551,37.028295349562256],[112.35779122243962,37.028324498509534],[112.35778814140923,37.02835387148857],[112.35778789705512,37.028358072981916],[112.35778207598563,37.02846955463385],[112.35770031189818,37.028471252584225],[112.35758424681403,37.02846172087279],[112.35755573674747,37.02845996576883],[112.35751897833764,37.028459421384625],[112.35748225314875,37.028460806567914],[112.35744571950248,37.028464114101276],[112.35740953448484,37.02846933047459],[112.35737385277454,37.02847643319537],[112.35733882551946,37.0284853908016],[112.3573046049111,37.02849616731448],[112.35727133729908,37.02850871420809],[112.35726964937277,37.02850940837275],[112.3572204389719,37.02852973943911],[112.3571179495228,37.02857207977624],[112.35708746232496,37.028585650795826],[112.35705652135215,37.0286015723217],[112.357026944802,37.028619082027646],[112.35699886058406,37.02863810547008],[112.35697238861518,37.028658561088804],[112.35694764081958,37.028680360207005],[112.35692472457959,37.028703411496835],[112.35690373811316,37.028727613824124],[112.35688477063427,37.02875286525669],[112.35686790338016,37.02877905764647],[112.3568532096434,37.028806078431124],[112.35684948556955,37.02881379310383],[112.35681167009454,37.02889432607797],[112.35680293478407,37.028914343656936],[112.35679276501757,37.028942671417646],[112.35678492874914,37.02897147074926],[112.35678072372617,37.028992579897704],[112.35675812709825,37.0291263388489],[112.35675686089255,37.029134378606265],[112.35675377945597,37.02916375246407],[112.35675310017345,37.02919322409168],[112.35675366019387,37.0292079005123],[112.35676391557135,37.029383240105574],[112.3567650829608,37.02939800869082],[112.35676920806893,37.02942730013541],[112.35677571290014,37.029456312083354],[112.35678457166661,37.029484921391116],[112.35679574508147,37.02951300416832],[112.35680918494927,37.029540441131445],[112.35681921797186,37.02955805191942],[112.35688539749466,37.02966790998686],[112.35689101476436,37.02967697205142],[112.35690880718937,37.0297027680426],[112.35692866555917,37.029727575422996],[112.35695050483939,37.02975128884523],[112.35697423217837,37.0297738057543],[112.3569997447402,37.029795030917484],[112.35702693524223,37.02981487185591],[112.35705568532606,37.02983324522752],[112.35708587332623,37.02985007133218],[112.35711736873259,37.02986527868004],[112.35715003777607,37.02987880212573],[112.35718374007409,37.02989058380762],[112.3572183308617,37.02990057222151],[112.35722647910555,37.02990263151591],[112.35733757687053,37.02992996753538],[112.35736475996207,37.0299360618045],[112.35740068061216,37.0299423453233],[112.35743703724968,37.02994673172658],[112.35746021038732,37.02994851908506],[112.35762893282877,37.02995870975546],[112.35769900489909,37.030028064857596],[112.3577184989641,37.030046340360705],[112.3577246166157,37.03005168720919],[112.3578176217464,37.030131676579096],[112.35783701811567,37.030147554697656],[112.35784197669437,37.03015117225649],[112.35786420895813,37.030167395436074],[112.35789295937293,37.030185768596944],[112.35792314769319,37.030202594481],[112.35795464340735,37.03021780159937],[112.3579873127451,37.03023132480764],[112.35802101418294,37.03024310535724],[112.35805560524996,37.030253094421774],[112.35809093793728,37.030261247743354],[112.35812685877829,37.030267530136776],[112.35813744440141,37.03026900914874],[112.35829719427645,37.03029006591079],[112.35832296661701,37.0302929730275],[112.35835960288074,37.03029544310521],[112.35839636329749,37.03029598719791],[112.35843308934372,37.030294601714516],[112.35846962268857,37.03029129387408],[112.35850580962385,37.03028607805091],[112.35853709525725,37.03027995786652],[112.35869703186776,37.03024475213804],[112.35870142977333,37.03024376832875],[112.35873645651733,37.030234809421714],[112.35877067769896,37.03022403338798],[112.35880394689809,37.03021148515361],[112.35883612125829,37.03019722041601],[112.35886706248192,37.03018129842457],[112.35889663917376,37.03016378735976],[112.35892472347017,37.03014476437182],[112.35895119652862,37.0301243083097],[112.35897594305433,37.03010250789281],[112.35899885908505,37.03007945711687],[112.35900605188687,37.03007153686094],[112.35910834529211,37.02995628310356],[112.35911694786815,37.02994927653097],[112.35924942910178,37.029841373234824],[112.35937210739527,37.02975252849914],[112.35942735062356,37.029801236497406],[112.35942780730946,37.02980163852001],[112.35954018032353,37.02990047533051],[112.35956383706936,37.02992005884227],[112.35959102828178,37.029939900079],[112.35961977901201,37.02995827281534],[112.35964996760785,37.029975098254674],[112.35968146355661,37.02999030491006],[112.35971413308692,37.03000382763901],[112.35974783579805,37.030015607682245],[112.35978242695526,37.03002559534027],[112.35979655942796,37.030029098661906],[112.35990047140962,37.03005365393005],[112.35992167059162,37.030058304309165],[112.35995759259349,37.03006458613443],[112.35999394941199,37.030068971749806],[112.36003058672934,37.03007144129973],[112.3600673459101,37.030071984889425],[112.36010407180194,37.03007059889142],[112.36014060607467,37.03006729052698],[112.36017679163415,37.03006207331038],[112.36021247381028,37.030054970639426],[112.36024750140025,37.03004601127839],[112.36028172225465,37.030035233913615],[112.36031499112646,37.03002268616257],[112.36034716397288,37.03000842013407],[112.3603781059168,37.029992497743024],[112.3604076810704,37.02997498722312],[112.36043576601799,37.02995596297217],[112.360462237489,37.0299355074954],[112.3604869846368,37.0299137067597],[112.36050990014658,37.029890655701514],[112.36053088574074,37.0298664518567],[112.36054842756882,37.02984323175607],[112.3606389086254,37.02971489257593],[112.36064033218754,37.029712860696264],[112.36065719832543,37.02968666779613],[112.36067145583453,37.02966052193035],[112.36082118769154,37.02936038463311],[112.36088924574192,37.0292798387023],[112.3608954811515,37.02927659833557],[112.36089764734982,37.02927978377765],[112.36090846195295,37.029294981359314],[112.36092832149254,37.02931978804763],[112.36095016187267,37.029343500712294],[112.36095937531724,37.02935260241937],[112.36102109259437,37.029411969108764],[112.3610356064288,37.029425384396504],[112.36106112108152,37.02944660775317],[112.36108831137649,37.02946644865664],[112.36111706339751,37.02948482101493],[112.36112924344795,37.02949189384361],[112.36124257250131,37.02955586259138],[112.36126058008014,37.0295656148144],[112.36129207616494,37.02958082104009],[112.36132474578919,37.02959434332415],[112.36135844855177,37.02960612290917],[112.3613930397177,37.0296161100977],[112.36142837130973,37.02962426243767],[112.36146429323183,37.02963054470955],[112.3615006499147,37.02963492986587],[112.3615372870572,37.02963739895385],[112.36157404602467,37.02963794208069],[112.36161026765079,37.0296365875345],[112.36169813006019,37.02963102094183],[112.36176551083254,37.029626751660444],[112.3617660137076,37.02962671885825],[112.36180254768003,37.02962340998747],[112.36183873291623,37.029618193170904],[112.36187441582287,37.029611089093116],[112.36190944187628,37.029602129261654],[112.36194366229952,37.02959135232626],[112.36196696854795,37.02958278560313],[112.3620803576822,37.029538573411116],[112.36208169576219,37.02953804988104],[112.36225560965063,37.029469780429096],[112.36226423253093,37.02946632066324],[112.36229640590419,37.0294520550048],[112.36232734607938,37.02943613212959],[112.36235692168182,37.0294186211226],[112.36238500480444,37.02939959643531],[112.36241147665785,37.02937913962248],[112.3624219463264,37.02936991561741],[112.3624362219525,37.029357339406786],[112.36245913668316,37.02933428708444],[112.36247954975289,37.02931078955675],[112.36256266857987,37.02920831490175],[112.36261580770575,37.029182880955716],[112.36276103019573,37.029136321191565],[112.36277483805314,37.029131722425994],[112.36280810608703,37.02911917308934],[112.36284027920946,37.0291049072876],[112.36287121912804,37.02908898427476],[112.36290079445307,37.029071472235636],[112.36292887732694,37.02905244832466],[112.36295534778947,37.02903199140758],[112.36298009392297,37.029010190168925],[112.36300300840098,37.02898713864645],[112.36302399295026,37.02896293437803],[112.36304295841529,37.02893768200478],[112.36305982355402,37.0289114887799],[112.36307451510245,37.02888446817184],[112.36308194339068,37.028868626914246],[112.36311537367996,37.02879304656348],[112.36325324479068,37.028720226111744],[112.36326296603124,37.028714974164],[112.36329254001342,37.02869746294463],[112.36332062375925,37.02867843803077],[112.36334709400337,37.02865798193059],[112.3633718399043,37.02863618061359],[112.36339475415268,37.02861312901872],[112.36341573847625,37.02858892468413],[112.36343470372044,37.028563672251224],[112.36345156864418,37.028537478973405],[112.36346625996828,37.028510457418626],[112.36347871571373,37.028482723628855],[112.36348888293853,37.02845439624517],[112.36349671772152,37.02842559560686],[112.36349946695081,37.02841254715886],[112.36353220634679,37.02824191024771],[112.36355186597137,37.02824110946175],[112.36356812413828,37.02824025766472],[112.36359338760788,37.02823817610698],[112.36374297475551,37.028223106553746],[112.36375424337166,37.028221878698766],[112.36379042890093,37.02821666038808],[112.36382610983195,37.02820955575148],[112.36386113499928,37.02820059535936],[112.36389535450623,37.0281898178768],[112.36392862195586,37.02817726913683],[112.36396079445112,37.028163002140474],[112.36399033383366,37.028147849983725],[112.36419124617854,37.028037559701396],[112.36419264609131,37.028036788560776],[112.36421137927296,37.028025976414206],[112.36423020636508,37.028031157866444],[112.36426553749406,37.028039309372225],[112.36430145887205,37.02804559079698],[112.36433781493211,37.02804997509688],[112.36435385115638,37.02805129356827],[112.36444673597097,37.02805785422407],[112.36446733617684,37.028059003061614],[112.36450409549884,37.02805954528271],[112.36451479239646,37.02805934026716],[112.36476443241406,37.02805265494639],[112.36479046030834,37.02805147255648],[112.36482699224405,37.02804816278422],[112.36486317760753,37.02804294414932],[112.36489885834764,37.02803583919351],[112.3649338833159,37.02802687938939],[112.36496810256816,37.02801610070091],[112.36500136975687,37.02800355166485],[112.36503354196998,37.0279892843827],[112.3650644809672,37.02797336081335],[112.36508112152758,37.027963803383116],[112.36516584902107,37.02791324247245],[112.36517878171522,37.02790528823733],[112.36520686469083,37.0278862628899],[112.3652090567144,37.02788466811223],[112.36522185796626,37.027892160450634],[112.36524769229923,37.02790640993666],[112.36527918844996,37.027921615105626],[112.36531185802649,37.02793513629535],[112.36534555950428,37.0279469147661],[112.36538015041232,37.02795690170016],[112.36540444038339,37.0279627201799],[112.36556921728564,37.02799896607861],[112.3655802596544,37.02800129873196],[112.36561617998656,37.02800757976971],[112.36565253609129,37.028011963665556],[112.36568917254633,37.02801443148494],[112.36572593182741,37.02801497242686],[112.36576265546418,37.028013585612406],[112.36579918845366,37.02801027552904],[112.3658353725998,37.02800505661217],[112.36587105322249,37.0279979513661],[112.3659060791576,37.027988990363795],[112.36594029826286,37.02797821229875],[112.36597356525051,37.02796566209272],[112.36600573615021,37.02795139546458],[112.36603667604484,37.02793547163307],[112.36606624907157,37.027917959739014],[112.3660943318237,37.02789893418594],[112.3661123810725,37.02788527792888],[112.36628125257013,37.02775174036622],[112.36628967249189,37.02774493900979],[112.36631441726024,37.02772313799959],[112.36633732921194,37.02770008586942],[112.36634913832374,37.027686881664614],[112.36648285561948,37.027531531627005],[112.3666022500019,37.02744667453076],[112.36660643040845,37.02750243025548],[112.36660720652294,37.02751131335513],[112.36661133525985,37.02754060349109],[112.3666144466857,37.0275558280095],[112.36665577737654,37.0277384374753],[112.36665854845167,37.02774984384035],[112.36667778866683,37.02782391835391],[112.36667841455892,37.0278262988129],[112.36668727680875,37.02785490731724],[112.36669845358338,37.027882989100064],[112.36671189667308,37.02791042488211],[112.36672755003536,37.02793709727624],[112.36674534419336,37.027962891753035],[112.36676520524033,37.027987697438064],[112.36678704811442,37.02801140809039],[112.36681077663097,37.02803392390416],[112.36683629237403,37.02805514600032],[112.3668634847458,37.028074985551164],[112.36689223645531,37.02809335650919],[112.3669224258461,37.0281101800853],[112.36695392240216,37.028125384800596],[112.36698659122595,37.028138905533794],[112.36702029416197,37.02815068350828],[112.36705488535105,37.02816066904651],[112.36705882993076,37.02816167957573],[112.36718898431329,37.02819459107156],[112.36722037234667,37.02820173115135],[112.3672562940167,37.02820801167463],[112.36729265029577,37.02821239506378],[112.36732928688436,37.02821486237352],[112.36736604515029,37.02821540371873],[112.36740276994497,37.02821401548147],[112.36743930294304,37.028210704892565],[112.36747548705578,37.02820548547596],[112.3674903452017,37.028202767975635],[112.36769894131656,37.02816222027745],[112.36771976371008,37.028157832904434],[112.36775478835997,37.02814887137236],[112.36778900725812,37.02813809277815],[112.36782227399402,37.02812554205876],[112.36785444572203,37.028111274922324],[112.36787115207976,37.028102960635536],[112.36813511334677,37.027966417579904],[112.36814934535407,37.0279588066413],[112.36817891901138,37.027941294217335],[112.36820700010547,37.02792226818769],[112.36823346987174,37.027901811013614],[112.36825821298133,37.027880008720906],[112.3682811255027,37.02785695621391],[112.36828599041468,37.02785163822808],[112.36837467173875,37.027753185978504],[112.36845891739658,37.02775175389103],[112.36849181087625,37.027750420321546],[112.36849634654047,37.027750114822176],[112.36860918925747,37.02774213762701],[112.36864118630322,37.02773913217702],[112.3686773701155,37.02773391330043],[112.3687130514438,37.0277268071942],[112.3687480757713,37.02771784537462],[112.36878229432848,37.02770706649991],[112.36879041264669,37.0277041986394],[112.36888794210066,37.02766900813945],[112.36889980829599,37.02766721157481],[112.36892097579626,37.02766728720253],[112.36894558353873,37.02766657079142],[112.36935199206178,37.02764757736747],[112.36936410881506,37.02764690592518],[112.36940064031441,37.027643594752156],[112.3694368240061,37.02763837474499],[112.36947250521196,37.02763126841255],[112.36950752939957,37.02762230637131],[112.36954174780001,37.0276115272804],[112.36957501402108,37.027598976979775],[112.3696071851709,37.02758470847713],[112.36963231607133,37.02757195023569],[112.3696438602337,37.02756573967806],[112.3696440803019,37.02756585426845],[112.3696755771495,37.02758105825597],[112.3697082473194,37.02759457822277],[112.36971227521165,37.027596097671804],[112.36985595696635,37.0276497453193],[112.36988563221826,37.02766000393288],[112.36992022353147,37.02766998863324],[112.36995128953058,37.02767715423389],[112.36995692856368,37.02774866239443],[112.36994022627313,37.02775418290397],[112.36990696118824,37.027766734194714],[112.36987479000518,37.02778100187785],[112.36984385212894,37.02779692668027],[112.36981427892208,37.02781443951079],[112.36978619827991,37.0278334659123],[112.36975972898048,37.02785392432494],[112.36975030324118,37.02786189533093],[112.36960391428106,37.02798874145529],[112.36958859729016,37.02800257212744],[112.36956568514584,37.02802562578008],[112.36954470294197,37.028049830261175],[112.36952573989068,37.02807508453012],[112.36950887716179,37.028101277728155],[112.36949418807689,37.02812829998796],[112.36948173459308,37.0281560343653],[112.36947156964706,37.02818436221794],[112.36946373715512,37.028213163205606],[112.36945827084098,37.02824231260057],[112.36945519433276,37.02827168669245],[112.36945493647168,37.028276164068224],[112.36945055234115,37.02836164002007],[112.36931552676837,37.02852028540405],[112.36930801294383,37.02852934795314],[112.36928904968255,37.028554601285485],[112.36927218678665,37.02858079535244],[112.36925749640642,37.028607817597376],[112.36924504276294,37.02863555195101],[112.36923487767007,37.02866387978423],[112.36922704504471,37.02869268075683],[112.3692215797347,37.02872183012817],[112.36921850310546,37.02875120331305],[112.3692178286576,37.0287806758169],[112.36921956085489,37.02881012054627],[112.36922014527725,37.02881556939701],[112.36924097234079,37.028996590851506],[112.3692445177587,37.029020432016054],[112.36925102727524,37.029049443186125],[112.36925989064085,37.02907805147001],[112.36927106854874,37.02910613298186],[112.3692845127844,37.029133568443626],[112.36930016730044,37.0291602404695],[112.36931796373855,37.029186034518716],[112.3693378248164,37.029210839757496],[112.36935966885402,37.029234550808745],[112.3693833984898,37.029257065179365],[112.36940891535139,37.029278286694996],[112.3694361088201,37.029298125629616],[112.36946486160019,37.029316495938396],[112.36949505203064,37.02933331883501],[112.369526549591,37.029348522843414],[112.36955922050298,37.02936204283246],[112.36959292323625,37.02937382006755],[112.36962751531458,37.029383805736245],[112.36966284872453,37.02939195559519],[112.36969876999639,37.02939823447424],[112.3697351269618,37.02940261709954],[112.36977176417862,37.02940508364119],[112.36980852413551,37.029405624204436],[112.36984524831078,37.02940423521345],[112.36988178174758,37.02940092386351],[112.36990590155914,37.029397663033876],[112.37004357480812,37.02937656741354],[112.37005563947345,37.0293746080606],[112.37009132143925,37.02936750242949],[112.37012634633936,37.02935854019333],[112.37016056540185,37.02934776001209],[112.37019383226398,37.02933520952814],[112.3702260040149,37.02932094084917],[112.37025694241645,37.029305015940075],[112.37026161099438,37.02930240856787],[112.37040643105101,37.029220636398975],[112.37043133608654,37.029205730795375],[112.37043838824368,37.029201186650894],[112.37075107382076,37.02899637154979],[112.37077210362541,37.02898188816995],[112.37079471443255,37.02896458258738],[112.37084349200866,37.028925113541824],[112.3709154608518,37.02886687703845],[112.37091931831381,37.02886372399305],[112.37094406208085,37.02884192204066],[112.37096697405364,37.028818869029195],[112.37098795598575,37.02879466340367],[112.37100447294434,37.028772886225724],[112.37120747351986,37.02848732956433],[112.37120991929035,37.02848385314561],[112.3712267814915,37.028457658816784],[112.37122883351759,37.0284541590172],[112.37130843017997,37.028316878917096],[112.37132106663151,37.02829335624696],[112.37133351946106,37.02826562169034],[112.3713436837202,37.028237293692406],[112.37135151550035,37.028208492595134],[112.37135698108601,37.02817934312757],[112.3713582603002,37.028169675858564],[112.37137685236304,37.0280130759547],[112.37137864891308,37.027993369096436],[112.37137935223974,37.02797492366956],[112.37138370331051,37.027628363362055],[112.37138367247643,37.027617336298526],[112.37138282607283,37.027598262761835],[112.37137724196775,37.02751950814891],[112.37149995315269,37.02743999044487],[112.37152083651964,37.027425769017405],[112.37174100215987,37.02726826859384],[112.37174345059539,37.027266505847805],[112.37176991914968,37.02724604700557],[112.37179466215767,37.02722424488563],[112.37181757227403,37.02720119173189],[112.37183363463032,37.02718266151621],[112.37188645457279,37.027230512313324],[112.37189015411153,37.027233830290164],[112.37191566983523,37.02725505128618],[112.37194286319969,37.02727488965415],[112.37197161578607,37.02729325936467],[112.37200180593413,37.027310081633914],[112.37203330312468,37.0273252849886],[112.37206597358099,37.02733880430035],[112.37209967689823,37.02735058082448],[112.37213426833922,37.02736056487668],[112.37216959992553,37.027368714018294],[112.37220552156109,37.027374993043416],[112.37224187767784,37.027379374918596],[112.37227851285351,37.02738184071798],[112.37227908751122,37.02738186380452],[112.37238977368801,37.027386304911765],[112.37242595911363,37.02738682068373],[112.37246268226063,37.02738543180357],[112.37249921459379,37.02738211966848],[112.37253539791986,37.027376898722785],[112.37257107868581,37.02736979146639],[112.3726049149948,37.027361165717856],[112.3727682094163,37.02731493610799],[112.37276939678114,37.027314598908326],[112.37280361453774,37.02730381798736],[112.37283688006032,37.027291266785035],[112.37286904932022,37.027276997425126],[112.3728999874557,37.02726107183654],[112.3729295585954,37.02724355826699],[112.3729576393406,37.027224531126954],[112.37298410643902,37.027204072934445],[112.37300884906237,37.02718226966764],[112.37303175991555,37.02715921627398],[112.37305274074072,37.02713501029935],[112.37305414102266,37.027133266864645],[112.37312916266794,37.02703942556831],[112.3731467239995,37.027015915085194],[112.37316358409448,37.02698972050794],[112.37316749806364,37.026982975324145],[112.37326488668434,37.02694849196829],[112.37366173978558,37.026888281465375],[112.3740076603292,37.026893318417734],[112.37434182759101,37.02693084925129],[112.37466682914116,37.02696884123561],[112.37468260627428,37.026970502794164],[112.37471924243157,37.026972967829344],[112.37475149449969,37.02697354468658],[112.37488162903078,37.02697287376455],[112.37488373475549,37.02697280070857],[112.37488613573267,37.026972835955874],[112.3749228585953,37.0269714454182],[112.37495939059974,37.02696813253146],[112.374995573538,37.02696291084244],[112.37503125387491,37.02695580375505],[112.37506627704937,37.02694684009123],[112.37510049429682,37.026936058517066],[112.37513375926237,37.026923506680895],[112.37516592904323,37.02690923669618],[112.3751968654097,37.02689331053345],[112.37522643586375,37.02687579640396],[112.37525451588607,37.02685676873355],[112.37528098222751,37.02683631004252],[112.37530572406291,37.026814506311176],[112.37532863410065,37.026791452488986],[112.37534961408637,37.026767246123605],[112.37536857488413,37.026741991865094],[112.37538543527182,37.0267157969747],[112.37539755388678,37.02669386565174],[112.37547510778042,37.02654277963646],[112.37547767587338,37.02653768801045],[112.37549012691089,37.02650995304622],[112.37550028940132,37.02648162472032],[112.37550811944362,37.0264528233761],[112.3755135833298,37.026423673743665],[112.37551665744742,37.02639429953495],[112.37551732836062,37.02636482794775],[112.37551559494358,37.02633538333405],[112.37551451361006,37.026325833489906],[112.37549525835678,37.02617379655676],[112.3754830582471,37.025964504462486],[112.37548187772815,37.02594957856095],[112.37547774568328,37.025920287893086],[112.37547123411363,37.025891277092775],[112.37546294576377,37.025864314154624],[112.37528683478929,37.02535894846586],[112.37519427098925,37.02505292860991],[112.3751887963666,37.0250362342427],[112.37517761694141,37.02500815330204],[112.37516417138126,37.02498071851806],[112.37514851686672,37.02495404725911],[112.3751307195173,37.02492825408679],[112.37511085662209,37.02490344982921],[112.37509728037456,37.02488833601497],[112.37493103096664,37.02471110383213],[112.37490531250963,37.0246000194201],[112.37493044071611,37.024476933630915],[112.37493401553452,37.02445650062109],[112.37493708982063,37.024427126414956],[112.37493777582714,37.02440982544363],[112.37494192525757,37.024145161595456],[112.37494173623281,37.024140659653256],[112.37494191037972,37.024132990067805],[112.37494017727894,37.02410354633016],[112.37493831518792,37.024088204842734],[112.37489748953655,37.023802606486186],[112.37489521993032,37.02378865726995],[112.37488870766559,37.023759646432275],[112.37487984289947,37.023731039475344],[112.37486866377748,37.02370295759249],[112.37485521857239,37.023675522760655],[112.37483956332355,37.02364885146054],[112.37482176753548,37.02362305911579],[112.3748019050763,37.02359825389135],[112.3747800621882,37.02357454470972],[112.37475633167519,37.02355203050629],[112.37473081532865,37.02353081011225],[112.3747036237487,37.02351097234571],[112.37467487085677,37.02349260328331],[112.37464468280211,37.023475781651975],[112.37463304877132,37.02346990222044],[112.3743630726433,37.023337146229],[112.3743432106659,37.023327822920955],[112.37431054156667,37.02331430420063],[112.37427684085499,37.02330252825437],[112.37424225099461,37.02329254388762],[112.37420691998523,37.023284395336816],[112.37417100128128,37.023278117765365],[112.37413464703506,37.0232737364408],[112.37409801267178,37.023271271186886],[112.37407932057697,37.023270996613434],[112.3740962757911,37.02314490705538],[112.37425768693186,37.02249775171901],[112.3742593255148,37.02249090400777],[112.37426478964444,37.02246175440995],[112.3742678641491,37.02243238110875],[112.37426853666618,37.02240290858649],[112.37426680274591,37.0223734639367],[112.37426267142,37.02234417409668],[112.37425757619167,37.02232063483573],[112.37418069720925,37.022013998017044],[112.37417928168851,37.02200852637683],[112.37417041741121,37.021979919349064],[112.37415923882547,37.021951837380726],[112.37414579420172,37.02192440244905],[112.37413014070034,37.021897731022236],[112.37411234445277,37.02187193856342],[112.37409248269466,37.02184713319904],[112.37407064054175,37.02182342386522],[112.3740469107949,37.021800909497976],[112.37402139524222,37.02177968892924],[112.37399420448041,37.02175985097788],[112.37396545242743,37.021741481721264],[112.3739352652289,37.0217246598872],[112.37390377002366,37.02170945698404],[112.3739031832451,37.02170919527841],[112.37374158939079,37.021637063898105],[112.37374681326688,37.021636309640364],[112.37378112815874,37.02162951067964],[112.37428962975218,37.021515030800295],[112.37429099172164,37.02151472309881],[112.37432601251179,37.02150575969483],[112.37436022747023,37.02149497927316],[112.37439349020327,37.021482426778554],[112.37442565788261,37.02146815792676],[112.37445659223889,37.021452231984824],[112.37448616190615,37.02143471715005],[112.37451423905142,37.0214156905889],[112.3745407037387,37.02139523117848],[112.37456544407502,37.02137342761386],[112.37458835275898,37.02135037394289],[112.37460933154198,37.02132616771262],[112.3746184081069,37.0213145431809],[112.37474907659644,37.021141386499],[112.37475895861421,37.021127756893314],[112.37477581803425,37.021101562086514],[112.37479050396898,37.02107454010823],[112.37480295555343,37.02104680519139],[112.37481311762133,37.021018476007825],[112.37482094632213,37.02098967560315],[112.37482641014702,37.02096052597888],[112.37482740403715,37.02095320008606],[112.37482860332462,37.02094361659224],[112.37491323508416,37.02110556325452],[112.37491550800966,37.02110985093862],[112.37493116161191,37.02113652226295],[112.37494895796922,37.02116231550072],[112.37496881979965,37.02118711982162],[112.374990662038,37.021210828990554],[112.37501439186829,37.02123334316926],[112.37503990750284,37.0212545635244],[112.3750670983447,37.02127440123584],[112.37509585047488,37.02129277022504],[112.37512603774601,37.02130959176323],[112.37515753414034,37.021324794328265],[112.37519020139548,37.02133831284712],[112.37521569979471,37.02134741481745],[112.37533527491414,37.021387276938704],[112.37534347761348,37.02138995065237],[112.3753780667208,37.021399933815026],[112.37541339696487,37.021408082034824],[112.3754202408729,37.02140943169678],[112.37554589761925,37.021433532967244],[112.37554893734253,37.02143977504332],[112.37566924676835,37.02168154128416],[112.37567516808959,37.021692981193276],[112.37569082208044,37.02171965240693],[112.37570861881711,37.02174544461939],[112.37572848106467,37.021770249703394],[112.37575032370748,37.02179395872196],[112.37577405394406,37.02181647273823],[112.375799569985,37.02183769291964],[112.37582676123161,37.02185753044679],[112.3758555126397,37.02187589925489],[112.37588570143058,37.021892720576965],[112.3759127548857,37.02190591295336],[112.37623313728928,37.02205239240711],[112.37626324862815,37.022069334363536],[112.37653747752383,37.02222362575234],[112.37655484042308,37.022233012827726],[112.37658633635385,37.022248215010535],[112.3766190053576,37.02226173220676],[112.37665270708443,37.02227350837944],[112.37667849188269,37.0222811434715],[112.3771525626869,37.02241104615465],[112.3774008237537,37.022553568830155],[112.37742254653935,37.02256543338739],[112.37744061043728,37.02257442656208],[112.37788233469772,37.022785159000016],[112.3783338340475,37.02303357072977],[112.37855078681872,37.023178357572974],[112.37857467395129,37.02319344129222],[112.37860486272713,37.023210261908766],[112.3786363605824,37.02322546351515],[112.37866902924841,37.02323898104247],[112.37870273169356,37.02325075571473],[112.378737322061,37.02326073786856],[112.37877265350038,37.0232688850604],[112.37879320673001,37.02327271876676],[112.37921819042164,37.023345256903475],[112.37923355626876,37.023347700212746],[112.37926991191692,37.02335207995488],[112.3793001945545,37.023354255244],[112.37963869661232,37.02337117885006],[112.37964504624837,37.02337146722138],[112.37968180326808,37.02337200478372],[112.3797185253876,37.023370612784895],[112.3797550542933,37.02336729847202],[112.3797912362795,37.023362075345844],[112.37981184810646,37.02335821089631],[112.37995965061857,37.02332813548123],[112.3799920613372,37.02332154067524],[112.38035453016015,37.02325335463894],[112.38037947249282,37.023248176499415],[112.38041449329955,37.023239211298964],[112.38041885310614,37.02323783699669],[112.38044870809492,37.0232284282252],[112.38048197053467,37.02321587493285],[112.3805141377267,37.0232016035417],[112.38054507145253,37.023185676028305],[112.38054836996135,37.02318383833876],[112.38074615656417,37.02307283040634],[112.38077242573235,37.02305715173398],[112.38080050184631,37.02303812370997],[112.38082696535166,37.02301766292567],[112.38085170436057,37.02299585808189],[112.38086338832483,37.022984485652714],[112.38087579254334,37.02299111325246],[112.38090728961663,37.023006314262034],[112.3809399596935,37.02301983114508],[112.38094284262085,37.023020922046896],[112.38109436600173,37.02307781659782],[112.38125661951318,37.02315231964232],[112.38126199672598,37.02315475733541],[112.38129466578728,37.02316827323009],[112.38132836859867,37.023180048049674],[112.38136295925294,37.02319002943161],[112.38139829091483,37.02319817583645],[112.38143421012225,37.023204452109056],[112.38145596381456,37.023207306398234],[112.38169669465134,37.02323501764599],[112.38171129665268,37.023236542393576],[112.38174793004683,37.02323900530476],[112.38178468698035,37.023239541315725],[112.3818214089933,37.023238149568805],[112.38185793772365,37.02323483461149],[112.38189411948281,37.02322961084807],[112.38192979623527,37.0232225008427],[112.38196481683343,37.02321353518852],[112.3819990325237,37.02320275256002],[112.38203229354352,37.02319019795068],[112.38204959254246,37.023182798311225],[112.38220767469421,37.02311229926139],[112.38222254256102,37.023105427976915],[112.38225347700092,37.02308950001281],[112.38226758729908,37.02308144011122],[112.38235048202804,37.023132326354755],[112.38235650367528,37.02313597104601],[112.3823866932476,37.02315279158445],[112.38241819066067,37.02316799128408],[112.38245086106221,37.023181507743736],[112.38248456404752,37.023193282231],[112.38251915484837,37.02320326327257],[112.38255448550545,37.02321140934345],[112.38259040592658,37.02321768525078],[112.38262676053263,37.023222063073824],[112.3826633950801,37.02322452658958],[112.38270015088055,37.02322506232999],[112.38273687286079,37.023223670300176],[112.38275973136892,37.02322182263864],[112.3829806190326,37.023200308111534],[112.38316906408,37.02319892413849],[112.383404397319,37.023198077085446],[112.38344676394378,37.02319664154645],[112.38348329369111,37.02319332607738],[112.38349070257301,37.02319241526676],[112.38353936114069,37.02318616703668],[112.38356030784779,37.023208833559494],[112.38358404079342,37.02323134595183],[112.38360955943953,37.02325256439404],[112.38363675317645,37.02327240007431],[112.38366550807271,37.02329076692255],[112.3836956979691,37.023307586219424],[112.38372719683663,37.023322786452155],[112.38375986640234,37.02333630255793],[112.38379356963067,37.0233480757666],[112.38382816066148,37.023358056421245],[112.3838634926416,37.023366202084624],[112.3838994121076,37.0233724776048],[112.38390635088575,37.02337346436375],[112.38391217008355,37.023442872153254],[112.38391993154225,37.023618715636765],[112.38392137655673,37.02363877949987],[112.38392551168353,37.02366806982046],[112.38393202736097,37.02369708009199],[112.3839408954965,37.02372568630294],[112.38395207793522,37.02375376726201],[112.38395289314525,37.02375559220103],[112.38400494167976,37.023871321149144],[112.38401757495029,37.023896929035445],[112.38403323342375,37.02392359905623],[112.38405103235624,37.02394938995238],[112.38407089786924,37.023974193563035],[112.38409274370936,37.02399790097068],[112.38411647706175,37.0240204132453],[112.38414199612336,37.02404163156174],[112.38416919028278,37.02406146710875],[112.38419794560674,37.024079833816785],[112.38422813593411,37.02409665296714],[112.38425963523419,37.02411185304763],[112.38428436750758,37.024122282858904],[112.38437780355116,37.024159335864375],[112.38438574126677,37.02416242109434],[112.38441944384806,37.02417419502803],[112.38445403645656,37.0241841754763],[112.38448936775961,37.024192320956026],[112.3845252876623,37.024198596276776],[112.38456164395329,37.02420297348113],[112.38459373331735,37.02420523535182],[112.38479769748996,37.024214895094914],[112.3848996143708,37.02422625203047],[112.38491173372395,37.024227495413896],[112.38494836879029,37.0242299573113],[112.38498512619239,37.02423049232021],[112.3850218474683,37.0242290995873],[112.3850583776247,37.024225783625],[112.38508025155329,37.024222859494145],[112.38530085476059,37.02418976963066],[112.38531516167147,37.024187469004396],[112.38535083964074,37.02418035795547],[112.38538586025697,37.024171392192784],[112.38542007471753,37.02416060769268],[112.385453336696,37.024148053016795],[112.38548550330218,37.02413378029084],[112.38551643632013,37.024117851497095],[112.38554600326613,37.02410033485808],[112.38557407963575,37.02408130481024],[112.38560054217933,37.02406084298346],[112.38562528013678,37.02403903806985],[112.38564818618424,37.02401598232549],[112.38565721650514,37.024005971207096],[112.38577372790495,37.02387301857088],[112.3857738038697,37.0238729320881],[112.38580239513023,37.02388552937994],[112.38583183892058,37.02389761124289],[112.3858655415936,37.02390938476407],[112.38590013313315,37.02391936480277],[112.38593546557675,37.02392750983836],[112.38597138545896,37.023933784721635],[112.38600774058492,37.023938162397826],[112.38601279766931,37.02393861689562],[112.3861295285856,37.0239486959899],[112.38616110645903,37.02395070302207],[112.3861628078585,37.02395077054218],[112.38631513969766,37.02395661866489],[112.38638691779369,37.02395569257001],[112.3864234477467,37.02395237619112],[112.38645962838024,37.02394715194918],[112.3864953049966,37.023940040573436],[112.38653032646509,37.023931073563624],[112.38656454066287,37.02392028963937],[112.38657547660893,37.023916395634025],[112.38673142127139,37.02385926576437],[112.3867516700186,37.023851451643104],[112.38703196340084,37.02373769035555],[112.38724360491395,37.02366406180633],[112.3872757865397,37.02365188055764],[112.38727943609769,37.023650261126036],[112.38730795258269,37.02363760734771],[112.38733888500683,37.023621678089455],[112.38736845245444,37.023604160994246],[112.38737676563173,37.023598786597674],[112.38752591651674,37.02350046637699],[112.38753004922808,37.023502057877195],[112.38756375307811,37.023513830000915],[112.38759834465931,37.023523810445],[112.38763367595996,37.02353195498848],[112.38766959688513,37.02353822844496],[112.38770595190257,37.02354260560286],[112.38774258670172,37.023545066642534],[112.3877431602093,37.02354508966781],[112.38789073568532,37.023550992305694],[112.3879636401102,37.02355010974903],[112.38798890119814,37.02354802303986],[112.38815984067054,37.02353076648206],[112.38816849089824,37.02352983815292],[112.3884865545215,37.02349369554879],[112.3884891717326,37.0234933928171],[112.38852535309474,37.023488167038195],[112.38856102930158,37.02348105594986],[112.38859604917513,37.023472088352044],[112.38863026396494,37.02346130292751],[112.38865205663927,37.023453318144284],[112.38885517747396,37.02337465523585],[112.38886664477151,37.0233700844528],[112.38889880926229,37.023355810832584],[112.3889297423519,37.02333988115484],[112.38895930819076,37.02332236368526],[112.38898351449029,37.02330610909024],[112.38910623633795,37.02321887592308],[112.38922705597382,37.02329832476707],[112.3892478513962,37.023311356689554],[112.38927804362622,37.02332817542776],[112.38930954244393,37.023343374168185],[112.38934221406555,37.02335688780197],[112.38937591813028,37.02336866030744],[112.38941050984877,37.023378639318985],[112.38944584125785,37.02338678332034],[112.38948176113865,37.023393057140524],[112.38948249575208,37.02339316476721],[112.38967567007532,37.02342141670637],[112.38971129162529,37.0234256847091],[112.38973568612603,37.02342753886484],[112.39011665415357,37.02344977543892],[112.3901288933388,37.023450382577956],[112.3901656492427,37.023450916902696],[112.39020237110462,37.02344952166169],[112.39023890061223,37.02344620411602],[112.39025130797255,37.02344463244323],[112.39053771212268,37.02340571440757],[112.39081469064396,37.02337254285999],[112.39084934123308,37.02336749830073],[112.39088501825171,37.02336038560499],[112.39092003777499,37.02335141732773],[112.39095425105396,37.02334063215458],[112.39098751170181,37.023328075050685],[112.39101967688318,37.02331380085072],[112.39103004131614,37.02330871660249],[112.391317584249,37.02316421707125],[112.39133815122385,37.023153371062826],[112.3913677164193,37.0231358530054],[112.39139579094464,37.023116821614046],[112.39142225157464,37.02309635942538],[112.39142930029085,37.023090432843716],[112.39161899598156,37.02292800845692],[112.39163668312192,37.02291212802047],[112.39165958698729,37.02288907115564],[112.39168056066298,37.02286486201568],[112.39169951504036,37.02283960526238],[112.39171636780107,37.02281340818086],[112.39172812299795,37.0227921732595],[112.39179933569501,37.02265402383954],[112.39180226178685,37.0226482347953],[112.39181470624304,37.02262049823561],[112.39182486213647,37.022592167728234],[112.39183268564346,37.02256336632444],[112.39183814303506,37.022534216056094],[112.39184121074281,37.022504841538634],[112.39184187534222,37.022475369070456],[112.39184013578324,37.0224459257056],[112.39183599770712,37.02241663571652],[112.39182947916223,37.02238762593291],[112.39182671688351,37.02237781935912],[112.3918083702141,37.02231590936362],[112.39199649479146,37.02228373950772],[112.39199696750391,37.02228365827744],[112.39203264277722,37.02227654526118],[112.39203360178757,37.022276326778574],[112.39275499306184,37.02211111584077],[112.39278905278923,37.02210236641552],[112.39280370341092,37.02209800025707],[112.39336197990345,37.02192452345204],[112.39337533925982,37.02192021383358],[112.39373142919733,37.02180105697347],[112.39373763265492,37.02179894603046],[112.39377089104826,37.021786389080425],[112.3937793694925,37.02178283863521],[112.39406256301797,37.021661770091306],[112.39412431123684,37.02166177258644],[112.3941279172483,37.021661657234844],[112.39413257160876,37.0216617241822],[112.39415946616029,37.02166089189412],[112.39445500549094,37.02164604460452],[112.39446483073344,37.021645482233],[112.39450135915179,37.021642163395555],[112.39450564101261,37.02164164635],[112.39479386022388,37.02160594579537],[112.39487199545914,37.0215962676802],[112.39490389357063,37.02159155704062],[112.39493687910864,37.02158504871703],[112.3949491892723,37.021582300986005],[112.39523001635254,37.021519620092995],[112.39523270546205,37.0215190145311],[112.39526772359422,37.02151004499582],[112.39530193540034,37.021499258595384],[112.3953286446586,37.021489344289634],[112.3956182062026,37.02137437806296],[112.39562475716346,37.02137173494548],[112.39565691949973,37.02135745953191],[112.395687850324,37.021341528132815],[112.39571102906693,37.02132799899296],[112.39588858356032,37.02121869516776],[112.39589496827132,37.02121470518696],[112.39592304094074,37.02119567275629],[112.3959494996737,37.02117520959038],[112.39597423367705,37.02115340168829],[112.39599713569315,37.021130344017514],[112.39599936792014,37.02112792198185],[112.39614026655356,37.02097398619482],[112.39648373106576,37.020879191406046],[112.39698435818154,37.02079275911165],[112.3970194587404,37.020785743273],[112.39705447632805,37.02077677412137],[112.39708868752278,37.020765986315624],[112.39712194601259,37.02075342843154],[112.39715410892195,37.02073915260864],[112.39718503805089,37.02072322084248],[112.3972146020558,37.020705701355084],[112.3972426730792,37.02068666863452],[112.39726913125995,37.0206662042828],[112.39729386473323,37.02064439701581],[112.39731676619431,37.02062133909983],[112.39732238621355,37.02061517581459],[112.39763830132699,37.02026248225158],[112.39787951008,37.02008480884012],[112.39820055572348,37.01993003385833],[112.39962362625272,37.019458546640806],[112.39983191799512,37.01938953403265],[112.4002071334421,37.01926521455361],[112.40099303584081,37.01839867574945],[112.40111407042144,37.018192721195355],[112.40132456319247,37.0178345394439],[112.40136877498973,37.01777218673168],[112.40161434759216,37.01742585012298],[112.40181605574621,37.01707779854729],[112.40188576462313,37.01682666319233],[112.40190541425098,37.016278128962014],[112.40190448494572,37.01627488280848],[112.40196721709856,37.01598971866116],[112.40197197224587,37.01596367478874],[112.40197503586032,37.01593430006436],[112.40197569656736,37.0159048275904],[112.40197506243956,37.01589410321156],[112.40197395333352,37.01587538442076],[112.40197208607324,37.01586004344571],[112.40192298071419,37.0155173388883],[112.40192070647785,37.01550339026766],[112.4019141847915,37.015474381072885],[112.40190531100171,37.01544577538623],[112.40189412334178,37.01541769709416],[112.40188768234471,37.015403903118916],[112.40175144447939,37.01512609651352],[112.401717488757,37.015056855345094],[112.40164997461345,37.01490751206986],[112.40160216903473,37.014801766254216],[112.40162320140284,37.014567139313755],[112.40162392425826,37.01455768013068],[112.40162458622964,37.01452820763618],[112.40162431234826,37.01451929181991],[112.40161229055208,37.014240201463586],[112.40169866374411,37.01408828441028],[112.40170963260717,37.01406764615251],[112.40172207212852,37.01403990861872],[112.40173222329236,37.014011578224526],[112.40174004224582,37.01398277532228],[112.40174549420564,37.01395362466204],[112.40174855897519,37.013924249920414],[112.40174921979408,37.01389477833736],[112.40174747670208,37.013865334251136],[112.40174333540513,37.01383604463594],[112.40173681394899,37.013807035419106],[112.40172794045606,37.01377843060674],[112.4017167531087,37.01375035138299],[112.40170330021547,37.01372291971326],[112.40168763786508,37.01369625296591],[112.4016698355429,37.01367046384593],[112.40164996721073,37.01364566410439],[112.40162811794724,37.01362195905391],[112.40160438401416,37.01359945117199],[112.40195782480535,37.01326937944401],[112.40225547393023,37.01296620327754],[112.40256089079513,37.01276234429079],[112.4030537649574,37.01256818756307],[112.40345590680855,37.012451387395316],[112.40419857171739,37.012423530548496],[112.40455774166242,37.01246484622707],[112.4046871303528,37.01247973002898],[112.4050158972883,37.01260943693173],[112.4052236685689,37.01275358726687],[112.40531113825477,37.01290273902987],[112.4053240712172,37.01312071469593],[112.4053076775888,37.01392548292934],[112.4052636408305,37.01419777098572],[112.4051068991802,37.01440345250067],[112.40496634268655,37.01451954536243],[112.4048566637439,37.01461739294571],[112.40476108394807,37.01475440778464],[112.40470865551329,37.01505540277429],[112.4047209949692,37.015241202477455],[112.40477978234483,37.01537281456787],[112.40480989477591,37.01545827877386],[112.40478959242768,37.01564732559552],[112.404730895853,37.015817756282324],[112.40459314423396,37.016086386239785],[112.40460714847073,37.0163303332815],[112.40463613026294,37.016741932248266],[112.40464119381961,37.01714618551896],[112.40467370282042,37.01749099264297],[112.40476397364336,37.01774357294366],[112.4047981844156,37.01792243897374],[112.40484316280482,37.01804014886614],[112.40483411681092,37.01819473408085],[112.40479824808713,37.01831340116693],[112.40480214510274,37.01852504691301],[112.40484087738972,37.01882019435004],[112.40495461213935,37.01905533248805],[112.40508939709947,37.01927115057049],[112.40514511659751,37.01945548311128],[112.40517873324598,37.01960193426913],[112.4051723569123,37.0199014296864],[112.40518744291953,37.02007480063905],[112.4052368965736,37.02017720062202],[112.40536423461906,37.02037594149674],[112.40553067382494,37.02063143369574],[112.4057497796408,37.02090537231883],[112.40607407800927,37.021208578264876],[112.40633294494972,37.021445809784154],[112.4065931483465,37.0217554953046],[112.4066897912584,37.02196604128473],[112.40677656986125,37.0221576334885],[112.40691795095537,37.02247254184507],[112.4070499133188,37.022663597131164],[112.40721212076515,37.022818058788],[112.40733749858073,37.02291002107655],[112.40751987855981,37.022997493079934],[112.4077337699234,37.02311701173237],[112.40786915378517,37.02323555505848],[112.40793397312794,37.02339689262184],[112.40799312098167,37.023508711629866],[112.40817023362536,37.02369732326556],[112.4082175981107,37.023815003372576],[112.40827385682871,37.02402793466409],[112.40828699505276,37.02422421363789],[112.40830652809107,37.02438036620688],[112.40837890477222,37.024564499256044],[112.40848737567622,37.024771089250386],[112.40857902459969,37.0249683435319],[112.40868221163753,37.0251463892095],[112.40883849218179,37.0253657604533],[112.40897636477926,37.025489994237645],[112.40903253978944,37.025569427177444],[112.40908533183577,37.025723278055814],[112.40914939799116,37.0259723508382],[112.40916519810156,37.02618385559698],[112.40918050624296,37.02636866587231],[112.4092552302709,37.026550862989],[112.40944366294144,37.026836601321],[112.40960340122828,37.02698536744571],[112.40998759844074,37.02718105090717],[112.41012998640791,37.02729187945067],[112.41028465273155,37.02742354081067],[112.41037976088835,37.02755018771377],[112.41044669150627,37.027679411212596],[112.41048918236896,37.02784677363473],[112.4105064157202,37.02797470391332],[112.41056606452489,37.02818556723253],[112.41058247045433,37.02826880950228],[112.41054613868273,37.02831393928651],[112.41043521476026,37.028345056872276],[112.4102579559739,37.02840676172681],[112.41011331351764,37.028423380834475],[112.41007444262033,37.02842771713718],[112.40972163549515,37.028511498923294],[112.40959213897318,37.02867969867547],[112.4090135862208,37.02923010443523],[112.40868929350124,37.02954148012366],[112.40805259805207,37.02984225960792],[112.40772149295121,37.03026814173536],[112.40763532914507,37.03034133347283],[112.40741410447646,37.03052925189887],[112.4070633093148,37.03085524099331],[112.40680103595602,37.03114442133344],[112.40649403643654,37.03142697919194],[112.40625640386729,37.03160143801164],[112.40571290768332,37.031636485824826],[112.40518830172256,37.03172852106692],[112.40451425910396,37.031736502730645],[112.40451050073933,37.03173654722451],[112.40394011514698,37.03176475399966],[112.40325457869376,37.03183723034901],[112.40299857417263,37.0319832922746],[112.40284880190086,37.03208518819187],[112.40270888809798,37.032353847466325],[112.40230396147474,37.032648280644004],[112.40183679852228,37.032954175204175],[112.40141849496048,37.03349192153587],[112.40119770482593,37.03385569275578],[112.40002732498712,37.03485763712389],[112.39974402212378,37.03497540741776],[112.39939973084847,37.03517256660911],[112.3992515220808,37.03536026008281],[112.39915184258824,37.03576193406526],[112.3991121022321,37.03602701727698],[112.39905297564295,37.03615716791064],[112.39904350612701,37.03617801255318],[112.39904219633563,37.03659282970229],[112.39931120919907,37.03700292326615],[112.39936341742468,37.037082511060945],[112.39959138278071,37.0373515884121],[112.39983863094338,37.03769910696837],[112.39994281656003,37.03784436697638],[112.40011329705906,37.03808205944871],[112.4005822179114,37.03835544288163],[112.40092129502594,37.038844908911415],[112.40134707228611,37.039197466970585],[112.40198179112052,37.03926863752871],[112.40259867243992,37.03934001467734],[112.40314472573769,37.039440833179015],[112.40334358380188,37.03958151581625],[112.40379006845126,37.03995673422666],[112.40447930319857,37.04053594343014],[112.4045467104572,37.0406107609809],[112.40479807269219,37.040889756529644],[112.40498217352467,37.04119748459939],[112.4052279365778,37.041623678063566],[112.40520786976927,37.04214837583698],[112.40545122037729,37.04244348186147],[112.40568102438999,37.0428102657215],[112.40572086665745,37.043358093108324],[112.40593808764407,37.04465474998128],[112.40594709898362,37.045143344941344],[112.4061686442798,37.04586781180543],[112.40646241700833,37.0460633194062],[112.40658914521396,37.04616194040742],[112.40662396576549,37.04621158978235],[112.40659602852905,37.04624481928356],[112.40647644610675,37.04624337654258],[112.40642950588112,37.04622434445156],[112.40629935581956,37.04617157430501],[112.40606415145183,37.04615767508204],[112.40582623737834,37.04615811088556],[112.4055993537463,37.04627284345113],[112.40531694207507,37.046440679775564],[112.40503729948954,37.046608309642735],[112.40478719696868,37.04675430649746],[112.40478063238902,37.046764115944335],[112.40464247964965,37.04697057186062],[112.40456202843558,37.04704304139779],[112.40448157820931,37.04711551177022],[112.40428270427125,37.047047463936615],[112.40421926773217,37.046940711150825],[112.40408118602043,37.046806939726494],[112.40388933406939,37.046595612099175],[112.40349263261663,37.046371451404],[112.40330740102446,37.04626112141381],[112.40316334448309,37.0461903553567],[112.40298938272792,37.04617524894916],[112.4028080053296,37.046144972437915],[112.4026258280261,37.04620052632028],[112.40238673610982,37.046266288095154],[112.40209111629675,37.04636323174926],[112.40174789256149,37.046588515335685],[112.40158185801202,37.04666485035996],[112.40137748462678,37.04675881206703],[112.40115028299985,37.04682443089613],[112.40093847983519,37.04689185323956],[112.4008640694688,37.046915539053096],[112.40049334257176,37.04706867274766],[112.40010006564835,37.047283969309824],[112.39991424675208,37.047479018939605],[112.39980996160362,37.047630435648834],[112.39970567492368,37.04778185228449],[112.39962137432984,37.04804984504941],[112.39957152791573,37.0482506823987],[112.39953672715257,37.04862298283015],[112.39930501914587,37.04932090418665],[112.3991332799364,37.04948384422463],[112.39876284929174,37.04975938263534],[112.39842630696269,37.05005835995515],[112.39812654748214,37.050336042813115],[112.39791730485032,37.050684176012965],[112.39775528798012,37.05097215476967],[112.3976522489184,37.051435251497935],[112.39750520653448,37.051729012671764],[112.39737286808607,37.05201366161202],[112.39729887469002,37.05223623704446],[112.39710391950013,37.052685628783486],[112.39715623994276,37.05326444037764],[112.39715988674072,37.053304785657616],[112.39725565194853,37.05366124473981],[112.39735207485259,37.054053453959014],[112.39726548580636,37.05419750778305],[112.3970157804198,37.05436732330717],[112.39681264608953,37.054643864753956],[112.3968642422399,37.05502468287811],[112.39663093078687,37.05527774073548],[112.39629630734673,37.05533548904096],[112.39594747483507,37.0554639140968],[112.39581933796055,37.05557269785801],[112.3957926762107,37.055700352650064],[112.39582389782619,37.05578103739315],[112.39586999618327,37.05602428926999],[112.39578516928817,37.05634592368053],[112.39573442492132,37.05682330294131],[112.39568554354337,37.05719934369997],[112.39562343478453,37.05746230421287],[112.39565639368962,37.05763772937889],[112.39575828307729,37.057922599623765],[112.39594080701693,37.058143942737814],[112.39615777212248,37.0584185184507],[112.39632482981327,37.058607264628144],[112.3965235475304,37.05885788873993],[112.39661349914702,37.058928732941744],[112.39700037297229,37.05934434075864],[112.39743805826876,37.05979737165661],[112.3976083573032,37.06032459214432],[112.39774677510518,37.06105958811825],[112.39798202541009,37.06172192570199],[112.39802406017849,37.062027886985646],[112.39803179020922,37.062084157852844],[112.39804382553754,37.062171755255136],[112.39799388071327,37.06237101962653],[112.3979773039191,37.062437152816926],[112.39788582530858,37.06251019652666],[112.39767383402177,37.062512224611595],[112.39747445406176,37.062386438486975],[112.3974608142514,37.06237730179423],[112.3973389292087,37.06229565946186],[112.39723817407297,37.06227598655629],[112.39706826137687,37.062337585622046],[112.39702804502566,37.062382400200335],[112.39682759393523,37.062605772592896],[112.39671529203807,37.06273091584239],[112.39669813058153,37.06276884547008],[112.39658950292872,37.06300892991052],[112.39639776015835,37.06325911457486],[112.3962256953358,37.06360918987106],[112.39579068758778,37.06389561103151],[112.39547857901071,37.064070924950144],[112.39493597279703,37.064330002266],[112.39481043769527,37.06462231572733],[112.39466250498928,37.06499117640106],[112.39456846781667,37.06505426369617],[112.3943592359592,37.0651963020234],[112.39430402441899,37.06523378215547],[112.39407825252432,37.06525073956537],[112.39356308107459,37.06554667690676],[112.39235021478457,37.06656931379045],[112.39143781278491,37.06743107665416],[112.39079820948636,37.06808223370677],[112.39009672433556,37.06883550027878],[112.389966579578,37.06903965759211]],[[112.33929184923853,37.03742607125364],[112.3392869945979,37.03744012142426],[112.33918900141533,37.03774270239552],[112.339180798851,37.03776802953404],[112.33910305139084,37.03801411660707],[112.33910190830969,37.03801590539757],[112.33906163701327,37.03807887283086],[112.33899926197203,37.03812728076098],[112.33885068101239,37.03824259107236],[112.33866488712675,37.03835884190332],[112.33827866282135,37.038512773190426],[112.33822107961564,37.038539232153354],[112.33816457992417,37.03857312389948],[112.33811870182384,37.03860819596791],[112.33788725157756,37.03880628919344],[112.33788237370864,37.03881051677424],[112.33783816303368,37.038854607045394],[112.3378011937451,37.03890279181418],[112.33777204932893,37.038954311264376],[112.33775354935412,37.039000815496784],[112.33766891168835,37.039261618012624],[112.33766655216118,37.03926915542434],[112.33765858570025,37.03930035346872],[112.33764466382438,37.039366739971165],[112.33760328292567,37.03956406878384],[112.33757668540956,37.039661030656085],[112.33746943851345,37.03964656137952],[112.33724841373726,37.039591616465465],[112.33722325811011,37.039585880387804],[112.3370710386558,37.03955422096943],[112.33702744463265,37.03954662124591],[112.33695731793536,37.03954032064805],[112.33688675820294,37.03954111582512],[112.33681688014973,37.03954899421514],[112.33675713546286,37.0395616094096],[112.3366031975958,37.03960148629962],[112.33659484517133,37.03960370858706],[112.33652960602872,37.039625269515874],[112.3364682518863,37.03965321623819],[112.33641175056347,37.039687106274236],[112.3363609941241,37.039726406997026],[112.33631678091302,37.03977049673515],[112.33629012263353,37.03980381447946],[112.33622993286298,37.03988685544403],[112.33621172565849,37.039911974309405],[112.33620141434096,37.03992684086123],[112.33617226846121,37.039978359938935],[112.3361514064347,37.04003240043421],[112.33614845683141,37.040042705152274],[112.33610376820484,37.040207699281034],[112.33610338823887,37.04020955513283],[112.33609446975154,37.040253105809676],[112.33609102824673,37.04030960806514],[112.33609682929752,37.04036811278199],[112.3361431382576,37.040615242375566],[112.33615345118976,37.04065683029276],[112.33615870640385,37.04067379925917],[112.33620684861702,37.04082927471599],[112.3362261803532,37.0408917049782],[112.33623587711494,37.04101919925548],[112.33620373842226,37.04114334628451],[112.33616803098728,37.041281278380694],[112.33605062395507,37.041716965991604],[112.33597635935268,37.041883458136915],[112.33568565846197,37.042098919044705],[112.33565215066682,37.04212594904196],[112.33563380390572,37.042142886430604],[112.33557857570239,37.042196511840935],[112.33530071502302,37.042466311216785],[112.33497319560735,37.04273971059429],[112.33496359097258,37.0427477268283],[112.33495391128075,37.04275601420864],[112.33492946531528,37.0427789784925],[112.33460945581432,37.043100834179484],[112.33458968698791,37.04312195907461],[112.33456150151055,37.0431573929594],[112.3345452799143,37.04318005380386],[112.33439281505792,37.04302448172524],[112.33418918027387,37.04266227918377],[112.3344023568675,37.042002351695444],[112.33435973874182,37.04164455771343],[112.33422695394663,37.041422210097636],[112.33409339131038,37.04124791914601],[112.33357095222746,37.04092394486693],[112.33323217487992,37.04041485895959],[112.33334979793062,37.03999873330081],[112.33326868699909,37.039441804245484],[112.33329761248952,37.039055282432166],[112.33327252074494,37.03864075975054],[112.33308062748506,37.03787052263448],[112.33301606036078,37.03768679807898],[112.33300862058096,37.03712312655554],[112.33306362463073,37.03689806891062],[112.33326768623105,37.03632363127797],[112.3333495501055,37.03564662987657],[112.33337679947198,37.035421278503726],[112.33334645873289,37.03470643874545],[112.33319822010769,37.03425027830689],[112.3330824744894,37.033894099777456],[112.33261603312437,37.03272644426497],[112.33228752305625,37.032111433695746],[112.33187648941596,37.03176721820269],[112.331505828477,37.03148530710038],[112.33134304495269,37.03135840117667],[112.33130563841289,37.031159546306206],[112.33131899324906,37.03079192662503],[112.3313187917926,37.02994144000005],[112.33101478484798,37.02941679213952],[112.33058975413141,37.029085424130216],[112.3302291524817,37.028867761447984],[112.329866066743,37.02849482187011],[112.32989133119477,37.028343536486595],[112.33026782099559,37.028016261997976],[112.33076662567439,37.02693993314772],[112.33091617286699,37.026308895963595],[112.33108255540755,37.025620455476435],[112.33107873220023,37.02540137067608],[112.33107232461352,37.02503412105713],[112.33107587650731,37.02472655348941],[112.33125419679807,37.02437469651256],[112.3318289022157,37.02408435897896],[112.3324397844916,37.0237377893747],[112.33293363327647,37.02349980857322],[112.33362017509057,37.0232298608953],[112.33428160355128,37.02279927560668],[112.33500122279823,37.02229651418904],[112.33552522121269,37.021658873344435],[112.3356084506679,37.021318225553166],[112.33557835289547,37.021062254581246],[112.33549193143952,37.020773677441014],[112.33493870820072,37.02069755858053],[112.33384261643621,37.020752796036305],[112.33263776439199,37.020709119136434],[112.33141183521356,37.02047971929364],[112.33057303869363,37.01994559033545],[112.32951799742251,37.01928514549054],[112.3277535373993,37.01834655736406],[112.32712090349588,37.01786829628486],[112.32646209862644,37.01742411226841],[112.32611246939263,37.017320742950226],[112.32531142533166,37.01741551415155],[112.32476760885652,37.01742873824759],[112.32432806591191,37.01728345672742],[112.32375129569328,37.01693945260569],[112.32342383467665,37.01657121035499],[112.32241348457153,37.01591020166656],[112.32178521426343,37.015681191287094],[112.32012742708193,37.015227625077124],[112.31935563549266,37.014950135290974],[112.31900642597301,37.0143409956565],[112.3190246366397,37.013859584220356],[112.31897187278494,37.01333338027352],[112.31898615636001,37.01316831971717],[112.31911794502042,37.012537492810075],[112.31915940592087,37.01216211630811],[112.3191796354613,37.01197896391259],[112.3191885687346,37.01146393225614],[112.31906797770401,37.01067857013602],[112.31869575909019,37.00978157452972],[112.31830818650944,37.00902778601508],[112.31801175824813,37.00838741268947],[112.3176834196411,37.00781161449071],[112.31713572048702,37.007408938509535],[112.31643649691719,37.00719737395727],[112.31552882843756,37.00696427619904],[112.31428117237866,37.00666580329173],[112.31312475450582,37.00631386040466],[112.31217341028304,37.00595963876902],[112.3115014099882,37.00577396699566],[112.31106976951496,37.00556418117231],[112.31021099629923,37.00489583216879],[112.30948303689729,37.00403337716799],[112.30906311169406,37.00346586098567],[112.30850906271507,37.00235628114952],[112.30824938477294,37.001772691181436],[112.30797653472378,37.0014610167468],[112.30770319812356,37.0011207397241],[112.30764552429457,37.00099091697454],[112.30742496585898,37.000494441258766],[112.30725102511352,36.99970965318716],[112.30702555829961,36.99903986049805],[112.30671021058404,36.99832814687301],[112.30626284692087,36.99773027831332],[112.30562341418964,36.99735826538038],[112.30475342508566,36.997060303002435],[112.30432160678437,36.99631410242725],[112.30355516930686,36.99484319094626],[112.30343834824065,36.994702368076744],[112.30307274022111,36.99417714438948],[112.30279359560552,36.99349362827048],[112.30260091735441,36.99265182205259],[112.30252778425252,36.99217317099619],[112.30266075258844,36.991991156530396],[112.30295223644099,36.99183061569549],[112.30325814365261,36.99145739608752],[112.30329918235931,36.991332268785776],[112.30354521745606,36.991051701687105],[112.30379246307464,36.99089439096763],[112.30421902226715,36.99082974348785],[112.30464482024281,36.99070348217611],[112.30482895996799,36.99052266160002],[112.30483500927822,36.99022231797877],[112.30487942130912,36.99007898670692],[112.30502579612595,36.99004132130466],[112.30526916014522,36.99019598651613],[112.30564330189804,36.99017756771036],[112.3059717729472,36.99009528328607],[112.30650269548745,36.98986058061372],[112.30657045895889,36.98965243008924],[112.30673664272078,36.989464651956176],[112.30694837292945,36.989333586760885],[112.3069664358494,36.98907572534125],[112.30700048618512,36.98819790134478],[112.30652058541136,36.987779187891356],[112.30617844179787,36.98758270028908],[112.30597965181914,36.98742754638474],[112.3060569652104,36.98730545005053],[112.30621750768633,36.987260436281616],[112.30663595733942,36.98722722316822],[112.30712791866362,36.987321932135515],[112.30750412656445,36.98742506741545],[112.30780711273233,36.98751376035747],[112.30805091862447,36.98759783917226],[112.30812051405411,36.987496946460084],[112.30812625653722,36.98729866713094],[112.30813698098024,36.986883739653294],[112.30825074908084,36.98623881671712],[112.30830798289125,36.98607295159824],[112.30855658282005,36.985890119079386],[112.30908051495344,36.98576991150758],[112.30936611289846,36.98578821729033],[112.30956866935657,36.9856429449881],[112.30946962382302,36.98535518003633],[112.30906581137181,36.984911848505114],[112.30838178434756,36.984533189300855],[112.30763710846522,36.984777407549764],[112.30725530363036,36.984867435237064],[112.3067639696588,36.98480847847749],[112.30644992450246,36.984690353720644],[112.30641951664622,36.98447613134861],[112.306489246399,36.98437012208189],[112.30695833316794,36.98418412514997],[112.30729569085737,36.984101739361556],[112.30784720884596,36.98403129680387],[112.308219605224,36.98391276267083],[112.30836710153268,36.983662857464545],[112.30836269280424,36.983405438866505],[112.30844692607658,36.98311843489485],[112.30867376729275,36.98282985866359],[112.30884786386423,36.982584775560454],[112.30873649685239,36.982328535380866],[112.30872251122418,36.9821596078564],[112.30912302141608,36.9820075538938],[112.30945963168526,36.98188225921317],[112.30959794836568,36.98163041742525],[112.30957792953909,36.981489636835846],[112.30946797208165,36.98125998165524],[112.3089719298898,36.980993653010174],[112.3084704818171,36.98086329616985],[112.30810710539482,36.98081974177209],[112.30772094591426,36.98082149275684],[112.3071145048349,36.98080671633683],[112.30693477980275,36.98072287224905],[112.30692306680247,36.98054624091829],[112.30707909392261,36.98028705467008],[112.30726783455361,36.97985586362998],[112.30725878106082,36.979326723063984],[112.30702166945149,36.97901465101266],[112.3068214330399,36.97877369188082],[112.30677254803491,36.978534631645005],[112.30676306589163,36.97848825870132],[112.3064685704461,36.97794795708668],[112.3064289086207,36.977910819247704],[112.30628738710179,36.97777830577114],[112.3060448699821,36.97786339064697],[112.30594479664398,36.97808756990445],[112.30583113337674,36.978217554529124],[112.30560856339628,36.97823430644897],[112.30529247065228,36.97799461797635],[112.30496563619731,36.977647769411554],[112.30455993429482,36.9773804565907],[112.30443357360676,36.97728887069382],[112.30447607385638,36.97715455342928],[112.30480594305436,36.977170347677294],[112.3050459674265,36.97713194938825],[112.30538219703088,36.97698521538523],[112.3055743733132,36.976741973465536],[112.30585003875967,36.976181094144],[112.30619895350455,36.97573383782253],[112.30631419110406,36.97517472255836],[112.30624898309972,36.97448885771515],[112.30632979304188,36.97400164061385],[112.30622073392364,36.973555245894616],[112.30605007499501,36.973294644459706],[112.30613395305825,36.97297392217527],[112.3066629112197,36.972644229892474],[112.30812931339194,36.97192823079963],[112.30877301727767,36.97146237824868],[112.30918684830816,36.971164587737476],[112.30933936175371,36.97088534883922],[112.30935665643582,36.970669126555585],[112.30876070546996,36.970222852090316],[112.30724392380502,36.968769947623656],[112.30702298428108,36.96826977779616],[112.30690007948408,36.967597660332],[112.30694319787841,36.967078672791736],[112.30713972734691,36.966844072439535],[112.30761844284713,36.96660636305758],[112.30807691777476,36.96648807457026],[112.3086311115503,36.966321048975416],[112.30913260724321,36.96611288282048],[112.30984690042715,36.965753369443874],[112.31024320060995,36.96547483972228],[112.31017380409193,36.96512941768641],[112.3100079639943,36.96445385316341],[112.30965331092709,36.96369489675893],[112.30950005106372,36.963142694745265],[112.3094949986959,36.963124491257254],[112.30933281096549,36.96232764994037],[112.30933990596557,36.961874617826126],[112.30900114419049,36.96117508278241],[112.3088106922724,36.960461992153846],[112.30857304139575,36.9595944625296],[112.30865252338118,36.9592140369021],[112.30878419952727,36.95903872226447],[112.30888470876829,36.9589231843517],[112.30906608478622,36.9588460898121],[112.30935542395306,36.958828595509985],[112.30962761610122,36.95885062469911],[112.3098873008014,36.95892285478471],[112.31013813643038,36.95899875810532],[112.31029980870225,36.95907206969714],[112.31039923137672,36.95915321865404],[112.31053813799677,36.959198172808364],[112.31065317538231,36.9591504155717],[112.31089431993446,36.959094114489055],[112.31112119162648,36.95915836067833],[112.31127563696845,36.95915665500635],[112.31145823039971,36.959064046695566],[112.31186020078849,36.95894517596826],[112.31206134965743,36.95889527381033],[112.31221034473975,36.95892223462405],[112.31238432825249,36.959020438599204],[112.31267948972129,36.9592555726003],[112.31291873554211,36.95934828598316],[112.31317482004293,36.95938359681075],[112.31328645584368,36.959310843354594],[112.31333680711833,36.95912910429498],[112.31340591128783,36.95886459346919],[112.31348810143733,36.958720646003584],[112.31358095603107,36.95841923943978],[112.3137253653735,36.95800640684619],[112.31392768897479,36.95759293315856],[112.31444422866691,36.95705439866461],[112.31457760191884,36.95677757401347],[112.31477933644837,36.95658939077922],[112.31509683815045,36.95639634881919],[112.31547935167912,36.95616205863364],[112.31637945135833,36.955818326604735],[112.31701140731192,36.95537689391717],[112.31728883146359,36.955099659445715],[112.31750521132513,36.954727743797996],[112.3178742108818,36.95421194074785],[112.31825293975491,36.95399615918458],[112.3184437890334,36.95365134422263],[112.31861101239197,36.95344387022592],[112.31893370229177,36.95315470695451],[112.31921131708779,36.95288938553125],[112.31955318048493,36.95247435272886],[112.32002673839021,36.95173005831783],[112.3203642117434,36.95127633161272],[112.32070216859547,36.950748695774365],[112.32075511284854,36.95063248400326],[112.32084070334625,36.95051471789854],[112.32094649543986,36.950454090613746],[112.32117799679799,36.95031443691201],[112.32138232725354,36.95010654613206],[112.321617544881,36.949752292340364],[112.32176438802959,36.94944074194729],[112.32195907682008,36.94910481852465],[112.32241691473209,36.948527568047986],[112.32257401142918,36.94837979943706],[112.32287783739473,36.94812907865594],[112.32308555854551,36.947949523103915],[112.32359292725239,36.947758447003466],[112.32388282466647,36.9475712704099],[112.32406485966975,36.94745373583928],[112.32440070837795,36.947236886675775],[112.32473395923408,36.94675637485825],[112.32500698959787,36.94622885556842],[112.32513587258138,36.94595326032184],[112.32539014472808,36.946057700929686],[112.32552687318379,36.9462349728048],[112.32568216865987,36.94662659422102],[112.32568815815765,36.946972203000556],[112.32567929876565,36.947317977542326],[112.32595234915127,36.94764868471398],[112.32622230364206,36.947800627748705],[112.32638955982141,36.94802523607986],[112.3262765593785,36.9483602542307],[112.32647413434982,36.948620283539235],[112.32674471347701,36.94880797812822],[112.32695631243908,36.949020171384625],[112.3271091388421,36.94926878002841],[112.32710297514934,36.94976948219591],[112.32709267589188,36.950031833556714],[112.32708506359447,36.950449112687416],[112.32711236933864,36.950647929809605],[112.32717006038379,36.95106799477669],[112.32704117673039,36.95134359112476],[112.32724434627035,36.95192539248259],[112.32736996414316,36.952317342899434],[112.32758405728472,36.95267254416387],[112.32790292517491,36.95307425353095],[112.32853031962672,36.953281791841476],[112.32927796202891,36.95357141972277],[112.33048967348637,36.954070400998],[112.33074502986466,36.95411535644734],[112.33118987771398,36.9541936700869],[112.33176921294161,36.954199093826034],[112.33224543330947,36.954253350233564],[112.33250036560808,36.95439352746584],[112.33265280574402,36.954618293626574],[112.33280499699025,36.95481326650412],[112.33291106351248,36.95494914904728],[112.3330909205561,36.95504248843358],[112.33358241196365,36.95512040806573],[112.33378504509072,36.95518283152497],[112.33403039462935,36.955258413442515],[112.33459297746647,36.95554356766632],[112.33547840546224,36.95589597422761],[112.33625305589705,36.956234684687274],[112.33656101752557,36.95643385509082],[112.3375220390016,36.95703094303121],[112.33868712429104,36.95785285863562],[112.33904862308292,36.958130927461326],[112.3393374233646,36.95859079682717],[112.33942221699493,36.959191790852195],[112.33903456344217,36.95965924810854],[112.33811114804615,36.95985560807695],[112.33757578020473,36.9598187288654],[112.33722286967455,36.96002295686192],[112.337230123173,36.960437684870634],[112.3375034380849,36.960777896443844],[112.33790073843548,36.960865171656096],[112.33830862896927,36.96095477151908],[112.33899208230154,36.96130466016125],[112.33953347567191,36.96168475418794],[112.34014515567824,36.96200683757049],[112.34065141801229,36.96241593117812],[112.34103093073715,36.96271202401281],[112.34151260566527,36.96273518957422],[112.34233338703656,36.96278312777479],[112.34299403006287,36.96284717468247],[112.34351235380538,36.962927133124445],[112.3440472437626,36.96293538248271],[112.34452866912375,36.96294423493357],[112.34508263841906,36.963023782799574],[112.34567275463972,36.96313152569529],[112.34608516263607,36.963269888012526],[112.34689660582106,36.96338506145711],[112.34692503267169,36.96338909537158],[112.34740721703281,36.9634408394024],[112.347638143841,36.96338504739888],[112.34790419861021,36.96332076768358],[112.3483831040248,36.963186596434454],[112.34898650461838,36.96303670416426],[112.34945061426663,36.96307434071337],[112.34963321529818,36.96310546753776],[112.34984394465576,36.96314138844484],[112.35033637340328,36.96276389062659],[112.35081299663435,36.962501001723126],[112.35083693825962,36.962477423578235],[112.35126851077159,36.962052401771274],[112.35184977671169,36.96165958381175],[112.35245265203869,36.96148107270184],[112.35328441055611,36.961142608622296],[112.3537573600332,36.96105562318888],[112.35378187263912,36.961051115199844],[112.35381266870365,36.961029696429414],[112.35445095504275,36.96058576402357],[112.3548539875608,36.96019496472425],[112.35507931814483,36.95983479975374],[112.35546781907645,36.959630111842074],[112.35592734650612,36.95941030875455],[112.35635199077377,36.95923381340667],[112.3567035749669,36.95895802582632],[112.35744796348598,36.95872065681865],[112.35798028366848,36.95858583640995],[112.35872989441303,36.958552174782355],[112.35883514239428,36.95854744816968],[112.35940386148333,36.95845511487825],[112.35972802088509,36.958540685577596],[112.35992318760528,36.95859220495076],[112.36007665209591,36.95865564736085],[112.36013972619334,36.958681721956914],[112.36018971942315,36.95871134682262],[112.3602110129628,36.958731825374535],[112.36038563721311,36.95889975924374],[112.36041823599192,36.9590622887963],[112.36035161534392,36.959659041032495],[112.36054350829457,36.959986622659514],[112.36059690396836,36.96023275076642],[112.3607762534684,36.96054537736767],[112.36121228568565,36.96075851065487],[112.36161865887597,36.9610164855123],[112.36203643292603,36.96115695625183],[112.36304076724655,36.96150302276354],[112.36358253324187,36.96189730535337],[112.36403621993644,36.962349812872525],[112.36449246447062,36.962945326468784],[112.36485756673191,36.96342745604528],[112.36536601211311,36.963950847751526],[112.36587267474161,36.96437413045079],[112.36619959508052,36.96471365771599],[112.366269602817,36.964641333892395],[112.36632172369526,36.96457806116382],[112.3665793653691,36.964840527849674],[112.36687333367955,36.96508149913534],[112.36726362458674,36.9653094399211],[112.36740833692804,36.965510408972115],[112.36744081060503,36.96566499164828],[112.36768483458819,36.96574323509699],[112.36779074095978,36.96568480044149],[112.36772007788704,36.965056251331404],[112.3675521502647,36.9643048571666],[112.36728287066217,36.96320180459778],[112.3671188388531,36.962180213801105],[112.36731093045806,36.96206898045106],[112.3676100478673,36.961850979705034],[112.36805173135211,36.96163133548396],[112.36818947104474,36.961533068241934],[112.36843892534765,36.96135510227072],[112.36846739938852,36.96095427044793],[112.36833987593519,36.95970119903572],[112.3681347690374,36.95919578039783],[112.36816465164218,36.958873602752675],[112.36851806224513,36.95820440617713],[112.36878083218699,36.957450431686055],[112.36905890854453,36.95705387389729],[112.36936801133581,36.95639948929463],[112.36982056006062,36.95579351217072],[112.37021624441333,36.95549572024634],[112.37063186140622,36.95481864802436],[112.3709507483811,36.95421420953549],[112.3713334608841,36.95361199916346],[112.3716509419025,36.953608331862064],[112.3722802873075,36.953514858417364],[112.37248637638123,36.95348424832098],[112.37345360925762,36.953423332813024],[112.37358742158838,36.95343132029306],[112.37395356382143,36.95347476298876],[112.37417057402749,36.95348417200932],[112.37439123958171,36.95353168016804],[112.37462739683579,36.95361476901634],[112.37487534770689,36.95369295264111],[112.37509895211453,36.95373863782427],[112.37526034744901,36.95383510726537],[112.37545660072936,36.95401162986016],[112.37561180582239,36.95417670906071],[112.37576362053461,36.954249647020994],[112.37607919518327,36.954288900857904],[112.37635507974332,36.9544335085085],[112.3767868562344,36.9546573615331],[112.37735413254927,36.954817659308524],[112.37764172860659,36.954952591696305],[112.37778581474436,36.95507444368231],[112.37848764803192,36.95518838582754],[112.3789503300177,36.95517729787102],[112.37964563869468,36.95516063184814],[112.3808390080925,36.95511815149093],[112.38128009598,36.95486985815233],[112.38181260252006,36.95474923192301],[112.38236499434326,36.9547428017169],[112.38280995383793,36.9547090129712],[112.38334090337243,36.9545025762884],[112.38396146415154,36.954323699991036],[112.3847457565703,36.95432885900538],[112.38580251818574,36.9546169071621],[112.3861850916115,36.954740727760836],[112.38703955241556,36.955017269798056],[112.38777662310743,36.955366248986145],[112.3884060065279,36.955673572014305],[112.38863999383331,36.955799568969844],[112.38895684498694,36.9555813075466],[112.38934081348697,36.955133400273354],[112.38965038343335,36.95451471829035],[112.38983251064387,36.95425003966197],[112.3898587529414,36.9542119024472],[112.39031684408334,36.953920465002916],[112.39090330479314,36.95382777447146],[112.3916163174458,36.953833723126394],[112.39202405576538,36.95381170337247],[112.39229291049138,36.95379718373887],[112.3928971861915,36.95370427357157],[112.39378525637112,36.95353651113764],[112.3941219873499,36.95343243247721],[112.39445376301151,36.953056640663405],[112.39503499420502,36.952677916312],[112.39506991153623,36.95265738097794],[112.39570505019468,36.9522838423223],[112.39622058301941,36.952197081672615],[112.39634468476355,36.95217619636263],[112.39682395318641,36.952070432805215],[112.39726444745185,36.951793480325485],[112.39744263958289,36.95164006768118],[112.39768555230654,36.95143093101938],[112.39826753925867,36.95109509472726],[112.39936336605565,36.95059585924636],[112.40017278290244,36.950028472627935],[112.40092532980286,36.94927580464808],[112.40174808320155,36.94846508779753],[112.40252261197766,36.94794100892039],[112.40303197067436,36.947534488429774],[112.40352586844769,36.947256881009984],[112.40366000763312,36.9467975771673],[112.40390472311628,36.94653721814735],[112.40431136371092,36.946360765320556],[112.4044544030284,36.94628175744455],[112.40468184356405,36.946156131682194],[112.40478270419048,36.945825953640416],[112.40491762258297,36.94540954997674],[112.40521420297753,36.94506275204367],[112.40570833853738,36.94479943734792],[112.40622028818451,36.944535908746786],[112.40666228248988,36.94434472565404],[112.40702210733672,36.94426797490991],[112.40708829945206,36.94425385642993],[112.40710753320512,36.94425502958509],[112.40748078753808,36.94427781198871],[112.40771476957075,36.94440377165452],[112.40798596438955,36.944615111240815],[112.40836590361133,36.944925286571014],[112.40868897279549,36.94505018758219],[112.4092928936377,36.944942895215235],[112.40954048116696,36.9448398311842],[112.40984072779348,36.94469322970326],[112.4103922273689,36.94443866258132],[112.41047684913853,36.944399601276366],[112.41081246110575,36.94423827365965],[112.41118185650834,36.94397641838775],[112.41143023091709,36.94391625190676],[112.41185914239598,36.943982670838665],[112.41218247580106,36.94412186280124],[112.4122647836647,36.944171141559636],[112.41241672881473,36.944262113510035],[112.41270126383517,36.94423012143719],[112.41294047472715,36.944074602878956],[112.41294778774687,36.944069847704235],[112.413389761761,36.94387863996188],[112.41377828503032,36.94368806700402],[112.4145223376588,36.94345034634089],[112.415035304857,36.9432439831895],[112.41560012957413,36.94295117803957],[112.41596553299627,36.94247479985417],[112.41618761064684,36.94195721920912],[112.41614350870546,36.941500027296144],[112.41624272576553,36.94108403687896],[112.41643207914244,36.94072418652306],[112.41663951205473,36.94037842377385],[112.41686740550388,36.94017545344763],[112.41722133021166,36.940042496588624],[112.41772175040533,36.94012234555421],[112.41797355103616,36.940248072297486],[112.4187757756585,36.9402670971797],[112.41923473333716,36.94003275327433],[112.42013614991055,36.93963577729688],[112.42062913666572,36.93931519949426],[112.42119284809762,36.938965166040944],[112.42168369929256,36.93853018068803],[112.42203308958241,36.93815410182929],[112.42232929809309,36.93779296165538],[112.42264145627183,36.93733150538182],[112.42270606875918,36.93697313862512],[112.42269702890417,36.93648692184675],[112.42278184677137,36.93625704714181],[112.42290123025148,36.935969542898],[112.42329421095738,36.936022048735225],[112.42415440831532,36.93632832673188],[112.42422694696897,36.93635415380624],[112.42462525511672,36.93669266414114],[112.42507807569321,36.937087734188886],[112.42551441837453,36.937554518214185],[112.42645384825607,36.93824411663],[112.427243572116,36.93854930817432],[112.42792107398814,36.938569771288265],[112.42834676427755,36.93846452564056],[112.42877165227063,36.93831637737282],[112.42937335162078,36.93809458151012],[112.42976607979539,36.938132764311156],[112.43016228306013,36.938356852335644],[112.43067891548704,36.93835062901452],[112.43093019571242,36.93844772726627],[112.43114932404598,36.93873115902516],[112.43133255664655,36.93900072035514],[112.43164022798464,36.93925447759242],[112.43191200361963,36.93949436238348],[112.4323411743553,36.93957500875167],[112.43310883243183,36.93965156892515],[112.43382304772229,36.93972876853786],[112.43425419610863,36.9397491757204],[112.43430459344138,36.939751560153766],[112.43471568348404,36.93981811271541],[112.43507466994794,36.93995681139889],[112.43539963705547,36.94018174163234],[112.43560070218034,36.94045108057449],[112.43560660536477,36.94076568950585],[112.4354910206368,36.94125341085352],[112.43539522757403,36.9416195048745],[112.43537462853308,36.94169823112646],[112.43532869395487,36.942099288018625],[112.43567416924168,36.94246700687329],[112.43567993884385,36.94247358297837],[112.43594731103542,36.94277838427233],[112.43616620213649,36.94304750559067],[112.43629682073365,36.94336060584313],[112.43662341740406,36.94367133498164],[112.43678778994496,36.94388390133633],[112.43691948703052,36.944254202005155],[112.43710248490427,36.944509453160435],[112.4373189669668,36.94464986844761],[112.43751843978646,36.94483340172081],[112.43777270628544,36.94508778804806],[112.43793681745836,36.94528605231649],[112.4379419248356,36.94555775887553],[112.4376792453512,36.94580410188119],[112.43724242912198,36.94626710553926],[112.43712120457513,36.94645452080683],[112.43686120672355,36.94684386508291],[112.43667193634934,36.94720374592934],[112.4363217740266,36.947536965748675],[112.43613196248928,36.947868245179144],[112.43596291953884,36.94835661308659],[112.43577954704882,36.94903110105156],[112.43575062237146,36.9493890413273],[112.43570468651049,36.94979009881834],[112.43568982185171,36.94994761847624],[112.435694385241,36.95019072448887],[112.43562902056159,36.95050619466126],[112.43513549149326,36.95079823375943],[112.43464276336677,36.95113317178689],[112.43441594285919,36.9512399817017],[112.4341127874593,36.951382735520305],[112.43384900353996,36.95157186837682],[112.43366185246573,36.952046148068234],[112.43375925430911,36.95248838450772],[112.43391037885505,36.95294427556711],[112.43422540359322,36.95364316866061],[112.43428230009383,36.95376939317262],[112.43424037658275,36.95438495543887],[112.43412315626358,36.95478687230336],[112.43382720937815,36.955162340516516],[112.43360334014065,36.9555798492081],[112.4336100426535,36.955937358510624],[112.43372634026007,36.95643658063641],[112.43391828786085,36.956899984718014],[112.43395035972655,36.95697741309156],[112.4347608102912,36.957425337499664],[112.43520870830167,36.957548656573984],[112.4362095450446,36.95769389336747],[112.43637813222712,36.9577070754991],[112.43747686909201,36.95779298484411],[112.43800035470228,36.95814423538541],[112.43852249875367,36.95842398219479],[112.43885024708528,36.95879190390735],[112.43897955881872,36.9590334983084],[112.43901767441382,36.959175267823106],[112.43907538656354,36.9593899265856],[112.43911506331159,36.95960399933061],[112.4392249424475,36.95976000695769],[112.43999954380347,36.960194025889976],[112.44047309929572,36.96073181822043],[112.44135598676529,36.96123603170261],[112.4419872436036,36.961628866116826],[112.44224589883028,36.96211204704484],[112.44239358702772,36.962382020310564],[112.44255963747477,36.962680378163164],[112.44290119561879,36.962833566805664],[112.44331241693094,36.96290008651245],[112.44365100583899,36.96289596962813],[112.44416753081353,36.96287538386537],[112.44447561254611,36.96314340317278],[112.44465516945493,36.963212736711725],[112.44504938459235,36.963322367806185],[112.44558129862975,36.963172856151104],[112.44597389185776,36.96319668202023],[112.4465501029228,36.963504341125564],[112.44667933245779,36.96355991011779],[112.44687358007748,36.96364343501999],[112.44739119179094,36.96368003682335],[112.44783724968305,36.96370320464234],[112.4479827948432,36.963858768855246],[112.4480397780666,36.96404402013335],[112.44820179040823,36.964127864835035],[112.44843644061946,36.96428234235125],[112.44862088037465,36.96460907398488],[112.44840621714488,36.96456878183548],[112.44792342912567,36.96448885022598],[112.4474106855718,36.96470965612789],[112.44709234639618,36.964842269319966],[112.4468344192192,36.96499025722779],[112.44640463497541,36.96523684639656],[112.44558946480184,36.96548993582553],[112.44526814494743,36.96546524111976],[112.44482126519692,36.965399162351815],[112.44464845945829,36.96568733708289],[112.44465332422061,36.96594474259831],[112.44449698777169,36.96616119830784],[112.44407062724176,36.96623790292958],[112.44391293789141,36.966382856862104],[112.44373229350654,36.96662026012799],[112.44370421279211,36.96665716361421],[112.44347496543867,36.96678868369094],[112.44310179543264,36.96685043459516],[112.4428504060484,36.96675336490032],[112.44258484489075,36.96673419230639],[112.4425112601951,36.96672887943201],[112.44204790269575,36.96673450889157],[112.44202457778965,36.96679362532605],[112.44197985472181,36.96690697834534],[112.4417538403712,36.96721009872423],[112.44154402754975,36.96742720005549],[112.44118948309,36.967531630201066],[112.4407617646033,36.96753682201362],[112.4402619504227,36.967499975600425],[112.4398498984038,36.967390546052705],[112.43940301246562,36.96732444703305],[112.43888510949114,36.967273511525256],[112.43859942658644,36.96724836596306],[112.4380650483165,36.9672691440345],[112.43767539443199,36.967402596031384],[112.4372320056409,36.967522393826115],[112.43653964982711,36.96767380909935],[112.43622074010634,36.96777779324449],[112.43550545526821,36.967657712389034],[112.43410999726198,36.967388506489165],[112.43356596963528,36.96713171256389],[112.43328269393359,36.96699799681455],[112.4317792540713,36.96667285289021],[112.42963639631223,36.96646981997151],[112.42895998236756,36.96652087445808],[112.42876902219331,36.96655210520035],[112.42744943045376,36.96676790554474],[112.42638147255403,36.966852259817415],[112.42590349078046,36.96702964516302],[112.42526911252573,36.96742346018105],[112.42445117942667,36.9675334021632],[112.4231884974135,36.96769158272026],[112.42275782317,36.96771115673133],[112.42233358401907,36.967730435838035],[112.42201784720567,36.96800598723081],[112.42184574687482,36.96833703162448],[112.42160235626855,36.96866892950587],[112.42132145916808,36.96890115035623],[112.42109455826977,36.96916133212907],[112.42102645950644,36.96933379056671],[112.42103053330455,36.96933970468324],[112.42117302590928,36.96954658982508],[112.42132278441422,36.96993099389045],[112.42120520757746,36.970318599499244],[112.42092589746066,36.97063662247528],[112.42057237239284,36.970798193258],[112.42011403452172,36.97107544512699],[112.41979375973077,36.971107883196076],[112.41938038710632,36.97092687978219],[112.41891062752897,36.97058920918087],[112.41851667461063,36.97049379175771],[112.41828922867634,36.970725367684445],[112.41809530355238,36.97084211270389],[112.4179247155524,36.970851362101385],[112.4177569409496,36.97086045781899],[112.41709591413813,36.970782529504994],[112.41696930101676,36.97068391525905],[112.41675118924329,36.97045766111109],[112.41637824207253,36.97053362916533],[112.41625772412665,36.970763924498115],[112.41615820894329,36.971165613349136],[112.41627309449996,36.971593350507376],[112.41640527522614,36.971992274991635],[112.41653374531268,36.97219099235531],[112.41705564752954,36.97245653221171],[112.41722003108033,36.97266912360294],[112.41726283750623,36.97305481046729],[112.41730073839247,36.97341368415195],[112.41732771225733,36.97366909110389],[112.41723058524754,36.97419948385465],[112.41741194950464,36.97532730296703],[112.41744091426486,36.97592770765987],[112.4174294571328,36.976271131635244],[112.41705404072864,36.977176740057565],[112.41666800988973,36.97751033055252],[112.41648528557371,36.97789852774247],[112.41641072201695,36.978056937290425],[112.41634552131077,36.97838669796546],[112.41618053097102,36.97910384681006],[112.41602541101072,36.97939176950771],[112.41583517083066,36.97970871704466],[112.41575346794399,36.9801101926474],[112.41576797010897,36.98035697984611],[112.41577950767233,36.98055329365149],[112.41580554777019,36.98099639371055],[112.41583132324867,36.981425194277456],[112.41609147655521,36.981994234806905],[112.41651047085429,36.982475557238814],[112.4170521253993,36.98284098483947],[112.41771909445185,36.983233521081814],[112.41838766455881,36.98371185535696],[112.41878859054717,36.984179081808215],[112.41899104828939,36.98451994733101],[112.41901790607918,36.9850059478371],[112.4189880988679,36.98532098290598],[112.41912271090489,36.985848605527956],[112.41924056056956,36.9864336432447],[112.41951725469173,36.98693095927432],[112.41952416468169,36.98730276919159],[112.41942491270815,36.98771876011149],[112.41936343980046,36.98824872705657],[112.41951269747925,36.98860453102824],[112.41975108996189,36.988959268576295],[112.41991817657664,36.989314859596284],[112.41957306868115,36.989934040353],[112.41933040073837,36.99030883587126],[112.41923406495461,36.99054333333709],[112.4191768658384,36.990682564223],[112.41911087207586,36.99096942478231],[112.41908106372969,36.99128445960817],[112.41907333301104,36.99182808703797],[112.4191028528385,36.992457090799704],[112.41912413503846,36.99264278245494],[112.41929122849334,36.9929983731204],[112.41950994587425,36.99325322173976],[112.42039068806915,36.99362887993979],[112.42069988141066,36.99395416170184],[112.42093590192142,36.994180192607736],[112.42169346225648,36.9946431373945],[112.42223256667037,36.99486553547838],[112.42300397328256,36.99511375198207],[112.42356117829794,36.99535023037798],[112.42450874261033,36.995481896150146],[112.42518844931152,36.99556116749069],[112.42550952752138,36.995598611616614],[112.42601085519746,36.995707017495356],[112.42652547178383,36.99557210090066],[112.42691796081235,36.995581686009785],[112.42713483991749,36.99573641715779],[112.42680117900836,36.99601219650735],[112.4265899104955,36.99615777174196],[112.4262889652317,36.99627581656033],[112.42573585877065,36.99635487812736],[112.42552421127729,36.996385130060325],[112.42459793106235,36.99643916294533],[112.42380044913732,36.996706196301204],[112.4229681039928,36.997016553643114],[112.4211366690211,36.998064954007226],[112.42103417677359,36.99811890002582],[112.42088671673866,36.998312350042596],[112.42075781797662,36.99874515593484],[112.42065082165674,36.99898482935263],[112.42048084656763,36.99903454248254],[112.42036265079993,36.999071716263465],[112.42014300041534,36.999247178506266],[112.42001293903428,36.99944540900698],[112.419717558003,36.999544300041734],[112.4194134186645,36.99957177688648],[112.41901795427778,36.999653399786524],[112.41882037984966,36.999681501075884],[112.41862540599313,36.999551400318886],[112.4185069870402,36.999576654626765],[112.41839854340192,36.9997388658847],[112.4184016430317,36.9999057040842],[112.41840961246415,37.000334714529046],[112.41840671091082,37.000978408598705],[112.41851453172379,37.00117973705235],[112.41863828976695,37.00205059392149],[112.4186383011962,37.00266164110005],[112.41886704102983,37.002957522074],[112.4189894523947,37.00314677236831],[112.41914080530702,37.00329395719224],[112.41942508392147,37.00373026841381],[112.41943940527273,37.00382289251172],[112.41945747971509,37.00393978893526],[112.41946324134103,37.004249629652996],[112.41948197892914,37.00445799895301],[112.41946179601285,37.004571475953355],[112.4193991418032,37.00479869833411],[112.41934269178103,37.00535959484017],[112.41946711227261,37.00566844237557],[112.41942120531998,37.00590205796188],[112.41924411146569,37.00604595007964],[112.41874566179536,37.00602231239556],[112.41836830887495,37.00611026082101],[112.41786952198132,37.006461890155066],[112.41727580691916,37.00690404799511],[112.41684354491053,37.00723699897653],[112.4165302652075,37.007574488299376],[112.41610620013157,37.007949057093015],[112.41568933888247,37.00831161905304],[112.41546854765011,37.008427489379905],[112.41512865769273,37.008532859369126],[112.41483190966461,37.008560237525494],[112.41432580383565,37.00851859223289],[112.41408650632083,37.00843800654185],[112.41384220861904,37.008488595966355],[112.41368573148435,37.00861395464864],[112.41360055812618,37.008682188777364],[112.41338141771236,37.00888743238506],[112.41322649566725,37.008948875385016],[112.41314921805723,37.00878888072735],[112.41321965506086,37.008579449346655],[112.41323686916962,37.00830509286677],[112.41321851640095,37.00771529102554],[112.41330392166486,37.007511640556494],[112.4135225075041,37.00714525172362],[112.41363310391657,37.00682830138591],[112.41374641990562,37.005724386905],[112.4136811352349,37.00540929472414],[112.41352669758639,37.00509526446622],[112.41320182815878,37.00480710343132],[112.41263212258063,37.004539734880524],[112.41213001202641,37.00430616863703],[112.41180761952512,37.004156199279784],[112.41137176095215,37.0038931922754],[112.41035554137744,37.003589403877996],[112.40984352674315,37.003225979890274],[112.40940900137647,37.00303446704517],[112.40891483830896,37.002713796812714],[112.4087034856776,37.00265866400232],[112.40835421560274,37.00250732016134],[112.40696835769494,37.00168492271664],[112.40620290668154,37.001276808481684],[112.40578227047355,37.00103147879308],[112.40557491596932,37.00106969403754],[112.40496924307013,37.00126758039757],[112.40365563330822,37.001766423160014],[112.40313549700865,37.00176642656936],[112.40258089387079,37.001920492796046],[112.4019727360303,37.00237578490364],[112.40114263522982,37.002492865237166],[112.4004163224021,37.00259679563409],[112.39915981656331,37.00246117543121],[112.39840301278379,37.002215268382365],[112.39761595566158,37.00224837905162],[112.39668486408526,37.00248929875605],[112.39658241088212,37.00261813582942],[112.3961929183732,37.00251233193846],[112.39605230088482,37.00288660602589],[112.39584493480912,37.002924803573386],[112.39551804782235,37.002928648030355],[112.39491059050006,37.00303114707603],[112.3945852269055,37.003118408876816],[112.3939381628041,37.00303071065612],[112.39365910382382,37.00312530983486],[112.39333762457646,37.00295784464267],[112.39297393156814,37.003062238725356],[112.39287716974272,37.003134892876936],[112.3924944700032,37.0031751423826],[112.3923876192295,37.00318354831968],[112.39209680941991,37.003372906467774],[112.39193094173366,37.00356795069665],[112.39175837365943,37.00388465257664],[112.39166236866993,37.00407288536798],[112.39153452763645,37.0043235374969],[112.3910417870519,37.0046869036537],[112.3905252182648,37.00472156469995],[112.39027136149744,37.00498200291446],[112.38975726488015,37.005152516279935],[112.38888095357265,37.00501973971852],[112.38879727881782,37.0050312562844],[112.38838462879578,37.00508805045977],[112.38814266759627,37.0051213513419],[112.38772663456074,37.005290707908905],[112.38726615098648,37.00546773487355],[112.3869615975063,37.005392625038446],[112.38608827744604,37.00511953290919],[112.3859033452222,37.005061702775066],[112.38527122844721,37.00498010336503],[112.3849380171453,37.00493708787307],[112.38396999998935,37.00515578340042],[112.38245129125755,37.00549531576214],[112.3811781913753,37.00561026460861],[112.38032941031764,37.00552001581056],[112.37969692666829,37.005062503526624],[112.37897736416032,37.004720428732],[112.37887151454818,37.00464198784879],[112.37860679638015,37.00444581422759],[112.37831492107577,37.00408446254464],[112.37806672053428,37.003672541055366],[112.37777549607291,37.003346938754724],[112.37733723159987,37.003273356318914],[112.37707623925459,37.00314050121627],[112.37708916802508,37.00286858238362],[112.3770670812945,37.0026328291279],[112.37673244985254,37.0023720950486],[112.3759277695093,37.00225269475483],[112.37537075644093,37.00220251409829],[112.37536508759402,37.00220200315104],[112.37516770378002,37.00202029893707],[112.37516560645768,37.0020183680489],[112.37522414798201,37.00180313488482],[112.37525568609387,37.00157391198695],[112.37518774217888,37.00126717111458],[112.37488179999556,37.00111337615758],[112.37454753647982,37.00136756142946],[112.37442465693195,37.00147626247656],[112.37391958919109,37.001653754143355],[112.37380549514967,37.001755199725],[112.37358956567384,37.00214389642714],[112.37349677410893,37.00243819510896],[112.37342065430165,37.00266793351577],[112.37323909590374,37.002984714111655],[112.37299255705223,37.00315921001258],[112.37281360083706,37.00305269781036],[112.37268609598632,37.002976808401755],[112.3726557510857,37.00277690901629],[112.37248910698982,37.00243554887448],[112.37248379765563,37.00240923320707],[112.37244016032287,37.002192953934035],[112.37257907413954,37.00198394471527],[112.37260997745966,37.00171897050545],[112.37250856948744,37.00153419647945],[112.37229383756109,37.00149376911264],[112.3720707054585,37.00148204465051],[112.37152015711288,37.001609990034325],[112.37136225493552,37.00175485019359],[112.3712942742591,37.001941583543385],[112.37111635767292,37.001965094115405],[112.3707700806076,37.002047764281805],[112.37032689280475,37.002195918888724],[112.36977960662965,37.002009137985375],[112.3694024787652,37.001863302692556],[112.3691708149853,37.00187312699349],[112.3691930053296,37.00211603299254],[112.36930550216802,37.002422262501916],[112.36938144044608,37.0026788518],[112.3695020838822,37.002942076458844],[112.36978140644106,37.00310334385743],[112.36999909320477,37.0033082336592],[112.37018176196845,37.00354928665729],[112.37033794227463,37.00380494786189],[112.37048572130944,37.00408931383514],[112.37058764156599,37.004302690681094],[112.37083984075767,37.00444281389464],[112.37125277396139,37.00459538290898],[112.37152139169845,37.004656645052144],[112.37169553809694,37.00491924983904],[112.37176257224637,37.00517593943771],[112.37162390760317,37.00539924831553],[112.37128326884859,37.00579653436557],[112.37109252148038,37.006099114315845],[112.37119431782115,37.00630533975017],[112.37138572109198,37.006383798072115],[112.37149976010396,37.00643054269444],[112.37196825528721,37.006696896013835],[112.37198552571259,37.0071615631944],[112.37186928852873,37.007529645804944],[112.37183365355355,37.007642490224555],[112.37163373071925,37.007930873524735],[112.37129660176302,37.0080277431691],[112.3711691582587,37.00837965352019],[112.3707963635038,37.00847693386476],[112.37037410842679,37.0083030163459],[112.37016814519434,37.00825533185746],[112.37017096920822,37.00841263893657],[112.37043011455185,37.00893887957794],[112.3705212707654,37.00954572970587],[112.37037701767156,37.00995504830501],[112.37007489915041,37.01001575096598],[112.36960016888436,37.0098996507421],[112.3692493643182,37.009732055931465],[112.3690001012809,37.009756387596354],[112.36861074605882,37.00992536981017],[112.36786666919907,37.01020571801222],[112.36755870712537,37.01043812485594],[112.3670794159905,37.01056522794841],[112.3663856241854,37.01066619217489],[112.36567463689966,37.01080310952714],[112.36535953991,37.01113571842685],[112.36504000103568,37.01171869066711],[112.3648055279256,37.01207182545487],[112.36456226482402,37.01243221307318],[112.36447364606376,37.01296246616154],[112.36429918473995,37.01367965196062],[112.36430391922134,37.01382430503212],[112.36431884045732,37.01428017752697],[112.36411685776112,37.01495476881634],[112.36370028398896,37.015331866674224],[112.36357271621326,37.01544734549536],[112.36268783578292,37.016337181455896],[112.36252288596911,37.01658938861107],[112.36226355185917,37.01705008155264],[112.36171580922644,37.01734244095795],[112.36149760674999,37.01760956133689],[112.36109890721815,37.018257797431495],[112.36097254980955,37.0186740506384],[112.36053892781337,37.018864970129655],[112.3603388061305,37.01914618548151],[112.36033952829793,37.0191866874666],[112.36034454337069,37.019467950192926],[112.3603223823417,37.01972566936218],[112.35991359299133,37.01980902507603],[112.35912059696572,37.019853869463184],[112.3588175732129,37.01992765571589],[112.35807269226335,37.020109028818574],[112.35726834499886,37.02051873368712],[112.35689508015426,37.020707071827395],[112.35634016366001,37.020987061965464],[112.35574892712945,37.021344257547014],[112.35501272432838,37.02163943601456],[112.35499615345223,37.0216460800841],[112.3540135509784,37.022064949913734],[112.3538311333777,37.02237275831272],[112.35371911059924,37.02256178335185],[112.35323574796863,37.02296779848163],[112.35291127126433,37.023131670281764],[112.3527141737839,37.023231210304985],[112.35221220573601,37.02359452195793],[112.35202501483965,37.024104433298106],[112.3520569760102,37.024380741955085],[112.35206714945019,37.02446869515529],[112.35210391511903,37.02503326830762],[112.35217250595218,37.02588354991718],[112.3521796045416,37.026283970142174],[112.35211307766191,37.02655649688845],[112.35192157025568,37.02682329555338],[112.35152241069346,37.02694942347405],[112.3515124777601,37.02695151433654],[112.35066039651767,37.02713088285914],[112.35055641745653,37.02730370959567],[112.35051714417737,37.02760453225313],[112.35063738536829,37.02784632413971],[112.35098374963633,37.02826433652893],[112.351496068563,37.028891716997045],[112.35158553056729,37.02900126963812],[112.35186934986392,37.02941284046968],[112.3518759407596,37.02978465836812],[112.35192915246128,37.03027037395562],[112.35197471352475,37.03082769418218],[112.35215177208111,37.03125478419412],[112.35233914664713,37.031760426018046],[112.35245187629309,37.032080971125055],[112.35253550077209,37.03225211481979],[112.35257362163298,37.032330130977556],[112.35235541327174,37.032339913072136],[112.35213888860645,37.03230939871997],[112.35160746715616,37.032181484196364],[112.351251244922,37.03209078112957],[112.3511806247902,37.03207698100078],[112.35111050295045,37.03207068866126],[112.35103995166249,37.03207149210422],[112.35100726168704,37.032074288978464],[112.3507030671083,37.03210755164444],[112.35066588753598,37.03211264124666],[112.35059780109772,37.032127486508294],[112.35057565302327,37.03213480975274],[112.35053383280389,37.03211088201601],[112.35041551008376,37.03199361386518],[112.3503827584695,37.031963926320586],[112.35033064202413,37.03192579147568],[112.3502729764169,37.03189319338863],[112.35021066871656,37.03186664791712],[112.35014470177693,37.031846571847844],[112.35007462688448,37.03183307569901],[112.3499303002167,37.03181333886849],[112.34987194006003,37.03180535862552],[112.34980479953457,37.03179947939047],[112.34973424733586,37.031800282064914],[112.34966437791614,37.03180816786498],[112.34959629151905,37.03182301165013],[112.34953106175811,37.03184458046414],[112.34946971876406,37.03187253372649],[112.34941322907251,37.03190642976793],[112.34936248456407,37.03194573586659],[112.349318284519,37.031989830253806],[112.3492900989705,37.03202528202503],[112.34917402951965,37.032187517598906],[112.3491652562873,37.032200253108],[112.34913612205908,37.032251775202155],[112.34911527125313,37.0323058187208],[112.34910303380563,37.032361530265455],[112.34910126074153,37.03237647833226],[112.34906976086887,37.0326994515292],[112.3488345943784,37.03264036131475],[112.34876397412697,37.03262655974986],[112.34869385195113,37.03262026688927],[112.34862330008448,37.03262106890551],[112.34855342864037,37.03262895317948],[112.34848332486055,37.03264435446209],[112.34823276340052,37.03271448674419],[112.34817156533842,37.03273493950339],[112.34814461266895,37.03274621826016],[112.34783778800652,37.032883205043156],[112.34780339630875,37.0328998778784],[112.34776769557435,37.03292025340171],[112.34765246317373,37.03299160860483],[112.34729708076384,37.03321167072577],[112.34727629013031,37.03322519039484],[112.34722940539896,37.03326113604667],[112.34713388628451,37.03334335109345],[112.34695800477871,37.03349473256769],[112.3469118709874,37.033540505876886],[112.3468749099945,37.033588693349664],[112.34686166215867,37.03361001924607],[112.34671883379195,37.033856050859725],[112.3466375531792,37.033952610113275],[112.3465547496982,37.033950534300516],[112.34649396843572,37.03395164853707],[112.34642419526642,37.03395951603567],[112.34625366701663,37.03398758048956],[112.3459504622545,37.033977005572396],[112.34579341972423,37.03396512063241],[112.34576795645553,37.033963660621296],[112.34569740213757,37.03396446093534],[112.34568005448077,37.03396575063056],[112.34536459577204,37.03399316817354],[112.34531207147491,37.03399976090622],[112.34524398222466,37.03401460314476],[112.34517875040994,37.03403616870619],[112.34511740401176,37.03406411977492],[112.34506091072721,37.03409801380264],[112.34501545703476,37.034132731407944],[112.34491292735848,37.03422031128162],[112.34490763168137,37.03422489798134],[112.34488593150915,37.03424512924645],[112.34486162309206,37.03426919863698],[112.34481286703206,37.03431747503371],[112.3447903632068,37.03434133654402],[112.34475340047992,37.034389523383965],[112.3447269544762,37.034436285446745],[112.34472426244598,37.03444104445238],[112.3447163707406,37.03445577168512],[112.34462357860959,37.0344672534946],[112.34448376055884,37.03440353481343],[112.34443680876879,37.034384289762166],[112.34437084217424,37.03436421049061],[112.34435940022996,37.03436147854503],[112.3441242799217,37.034307524153306],[112.34407847331028,37.03429866091879],[112.34395547019467,37.034279195149345],[112.34394413191667,37.03427749724781],[112.3438740096351,37.034271200648455],[112.34380345497775,37.034271999842005],[112.34374829239204,37.03427762254996],[112.34356661702866,37.03430351994775],[112.34355190608062,37.03430577959122],[112.34350406226586,37.03431543150438],[112.3432560723795,37.034374858077854],[112.34323582512513,37.03438004647459],[112.34320096117268,37.034390613593494],[112.34279765962192,37.03452527028362],[112.34227606050517,37.034659763929085],[112.34226694242575,37.03466218448631],[112.34226263383268,37.03466360817317],[112.34220170918553,37.03468374933695],[112.34214036111851,37.034711697994396],[112.34208386601132,37.03474559153746],[112.34203311464306,37.0347848937074],[112.34200247348005,37.034814213153176],[112.34187837451006,37.03494375291919],[112.3418648096624,37.034958525212886],[112.34182784477095,37.035006711179165],[112.34179870451466,37.03505823156783],[112.34177784888534,37.03511227387825],[112.34177122830904,37.035137321110945],[112.34172796981635,37.035327503294994],[112.34165197767177,37.035610603641715],[112.34165072144862,37.03561528236951],[112.34160633679265,37.035766658184684],[112.34152912624009,37.035855612997366],[112.34128209946229,37.035937003795446],[112.34081918323544,37.03603461339182],[112.34018500275349,37.03632785125653],[112.33976849046724,37.03670290451684],[112.33964872050637,37.03683556643292],[112.33946933050211,37.037034265965566],[112.3393509398983,37.03726521294104],[112.33929184923853,37.03742607125364]]]]},"properties":{"code":"SXPR-P02","name_short":"超山","merged":true,"area_km2":191.093}}]}