{"type":"FeatureCollection","features":[{"type":"Feature","geometry":{"type":"MultiPolygon","coordinates":[[[[113.07920669709227,37.520909228362214],[113.07883511859765,37.52101873350487],[113.07799811588038,37.521195622656],[113.07723138581409,37.52128118281247],[113.07643321013865,37.521175858023106],[113.07556940789986,37.520896016060355],[113.0748490600138,37.520588872336056],[113.07418750695183,37.52041356822438],[113.07345222379273,37.52038369118477],[113.07278031757632,37.52044728873763],[113.07223914793623,37.52040724040783],[113.07173726150049,37.52017732002542],[113.0711721884074,37.51986067314715],[113.07086289483505,37.519386390913255],[113.07100841047794,37.51876900384352],[113.0713279121805,37.518231892808004],[113.07162477817445,37.517719951484175],[113.07184168396714,37.51712833615459],[113.07190612211774,37.51659569932416],[113.07161091135897,37.516042347185255],[113.07101047712678,37.51544254705868],[113.07042043169861,37.515013726716944],[113.06997520129845,37.51460713782444],[113.06965264468731,37.51406101616438],[113.0695362564492,37.51358334882238],[113.06999180980843,37.51300782224368],[113.07089773764251,37.51230953587925],[113.07160667767822,37.511900722880725],[113.07190298540051,37.511701838829886],[113.0719339410252,37.51159126660259],[113.07184732022179,37.51147966321747],[113.0708048306852,37.511002180484134],[113.06993088375363,37.510559870292276],[113.06955516021718,37.50995627680995],[113.06958037401502,37.50913590520843],[113.06981230077922,37.5082286560031],[113.06974163911903,37.507696782476664],[113.06949605498512,37.506604669628466],[113.06899731836639,37.50587928691469],[113.06792311276561,37.505116311422604],[113.06700088048922,37.50465575537171],[113.06672195547016,37.50408859291578],[113.06645328368224,37.503893079857],[113.06581774580411,37.50384699559267],[113.06519574526997,37.50385787617209],[113.06465248849796,37.503686229526906],[113.06414631832513,37.50312303391587],[113.06359163180839,37.50297064953169],[113.06289393503691,37.50283982942369],[113.06186735771196,37.50257173710082],[113.06111167666884,37.50120248753865],[113.06112796728034,37.49853106970064],[113.06138986677735,37.49761122485238],[113.06132454181981,37.496105978391064],[113.06209642765062,37.49458611472322],[113.0620613055716,37.49330915959742],[113.06166110494422,37.49180975951822],[113.06172900618886,37.49079795898615],[113.06154933432195,37.48948538963158],[113.06165249596681,37.488015336955115],[113.0612310393218,37.48661164602151],[113.06191555422451,37.48539839848331],[113.06289753440089,37.48456131693501],[113.063950194432,37.48368485534741],[113.06517811598326,37.483091343368045],[113.06523044667465,37.48238490433781],[113.06518432603721,37.48157888651805],[113.06655055641791,37.480959106265374],[113.06830335540766,37.48081366548268],[113.06903494463221,37.480080092015385],[113.07017721295644,37.479075883636874],[113.07104693297077,37.478436789763265],[113.07165247576333,37.478158163370104],[113.07231678685037,37.47791003448709],[113.07292536740724,37.47774170399284],[113.07303751778151,37.47771814023298],[113.07277458630477,37.47634368270582],[113.07304314043381,37.474192730918574],[113.07178020216594,37.473930872096496],[113.07062731739745,37.47367632388722],[113.06960997278998,37.473392363665745],[113.06828238012834,37.47300121900885],[113.06735125911266,37.472717981274045],[113.06673033743982,37.472668038298906],[113.0659473138177,37.47283713499425],[113.065130234017,37.473232038006046],[113.06414111286354,37.47381912398156],[113.06299006370334,37.47442704651522],[113.0620305980866,37.47486044959996],[113.06140237523802,37.47508537036918],[113.06096563052228,37.47513127778842],[113.06065427968537,37.474906989073965],[113.0605179688788,37.474573795176106],[113.0606265394939,37.47430839755067],[113.0609423103158,37.47405064610992],[113.06135717694892,37.473620001490325],[113.06176092402687,37.47301613090987],[113.06211932340966,37.47243332090338],[113.0625627303397,37.47157651332809],[113.06308437363984,37.47040528690256],[113.06344120935927,37.46950944955296],[113.06367649942595,37.468458082887786],[113.0639626124303,37.466968907077444],[113.0642482166754,37.465846843394715],[113.06452446654411,37.46533527823083],[113.0648723916624,37.465092719568624],[113.06536945974582,37.46505925647273],[113.06592246443573,37.46505634388679],[113.06630346942337,37.46491229774513],[113.06639621427269,37.46458636380093],[113.06620374740281,37.46398389836817],[113.06591020041928,37.46325032117856],[113.06566737948354,37.46269152608541],[113.06539696685712,37.46200258660219],[113.06506633050846,37.46102416968555],[113.06489822355239,37.46027938867115],[113.06504379389622,37.45994802783591],[113.06539916136002,37.45987425043254],[113.06580238748205,37.4600766525975],[113.06612685601296,37.4604200639804],[113.06643058052418,37.46065122912272],[113.06683089806842,37.46061945180488],[113.06725297373877,37.46045441577102],[113.0675965719196,37.46040626444218],[113.06685401546305,37.458141916448554],[113.0679191139761,37.45577787786501],[113.06823480636163,37.454213518574356],[113.06928186999427,37.4531511938598],[113.06931873054201,37.45123418509837],[113.07038938056289,37.449728099645114],[113.07072371883561,37.44819200966384],[113.07179784870857,37.44681456182912],[113.07256242627226,37.44527092074724],[113.07303509188509,37.44470651104162],[113.07300834950115,37.44457488366643],[113.07280509960353,37.44363253835745],[113.07251509231679,37.44228407180158],[113.07234799273952,37.4413973948221],[113.07235714385179,37.440935539954054],[113.07251818141539,37.44052732451548],[113.0729210649515,37.44051575214409],[113.07334912550856,37.44082804974094],[113.07360091238206,37.44115335635058],[113.07367554898045,37.44076080293718],[113.07468120801114,37.44015679769543],[113.07517770669592,37.43866551680376],[113.07605510888054,37.437964835702374],[113.07683602278006,37.435937021875766],[113.07798891273946,37.43439128605531],[113.07864793384593,37.43228217979366],[113.07831359976478,37.43100094966365],[113.07952613565568,37.42945415078704],[113.07974707459552,37.42663768428322],[113.07931741462143,37.42407102106699],[113.07914388716085,37.42211957014799],[113.07777500159965,37.42009007567821],[113.0770209236916,37.41875662988153],[113.07526376033947,37.41680915867337],[113.07399494889611,37.41577075507083],[113.07278606605216,37.41419498855398],[113.07153718977533,37.413334974005416],[113.07002347102892,37.41262259731115],[113.06805601269738,37.41225184009882],[113.06730120703875,37.410882586733415],[113.06608219265601,37.40947377324328],[113.06511000127806,37.40834666017158],[113.06429917978022,37.408108773398276],[113.06352534351895,37.40615914231485],[113.06211698377962,37.40489509535257],[113.0616717797413,37.4039136867527],[113.0601978415564,37.40246158373699],[113.05848316398145,37.40149036640964],[113.05708681397067,37.40068986708349],[113.05708637798247,37.40069011069912],[113.05633347891809,37.400773028703036],[113.05575662000957,37.40073801854028],[113.05523744141685,37.40051507065458],[113.0547675084825,37.400079560313145],[113.05449942472515,37.39984032592594],[113.05339382563376,37.399839262358135],[113.05305286969796,37.40001476128165],[113.05230605239089,37.400372314608425],[113.0515726559176,37.4003940550036],[113.05107272058369,37.400177511094675],[113.0507773010147,37.40005876702937],[113.05036944260185,37.400061337939654],[113.04983013217947,37.40000537777198],[113.04941767819653,37.399735509545025],[113.04923191332631,37.399315317579344],[113.04923090906908,37.39878606902108],[113.04919829590978,37.39836090894288],[113.04805402895458,37.39793681997726],[113.04637347892418,37.39793613299467],[113.04486409232341,37.39873691514149],[113.04377256856766,37.39979860360024],[113.04321251910017,37.4011788355962],[113.0423854809123,37.40235511771254],[113.04130033551687,37.40365503019325],[113.0392691777557,37.40469564137322],[113.0382934043364,37.404521788550554],[113.0373240872688,37.40458617301993],[113.03708185065862,37.40501939054192],[113.03693211003885,37.40555827283614],[113.03676808020569,37.40612123819834],[113.03652680348003,37.406590190865664],[113.0360066348865,37.40724271565886],[113.03534357462455,37.408136054914806],[113.03452729865342,37.40888901514901],[113.03267380487019,37.410596871114215],[113.03135712596907,37.41163252599803],[113.02952554417165,37.41288406258932],[113.02906824658092,37.41324023198489],[113.02791686956738,37.41376054374353],[113.02680931659552,37.41424433908511],[113.02587325940131,37.4144391571327],[113.02485817816847,37.41502860949083],[113.02346580981849,37.4165898589374],[113.0231819891308,37.41770307641774],[113.02204998713752,37.41936441115857],[113.02183472761793,37.42025001389642],[113.02133600181627,37.42115238292367],[113.02035354803483,37.421848500604334],[113.01859407564305,37.42254596758883],[113.01716508557159,37.42330927428654],[113.01543605912687,37.42403001122743],[113.01430637966072,37.424812014614304],[113.01352341557009,37.42570727880155],[113.01287295187517,37.426528773381555],[113.01209946830117,37.42722126279553],[113.01126617542795,37.42735462813249],[113.01046334972813,37.426951165436485],[113.00962874773661,37.42647673092433],[113.0092480283879,37.42676923363386],[113.00864040883363,37.42751846935546],[113.00822384658383,37.42763934864525],[113.00822108291518,37.42764469453931],[113.0079988929111,37.428128188958624],[113.00765701522026,37.42859795044633],[113.00711424469978,37.42908013133824],[113.00642511195191,37.42950173507344],[113.00581887100437,37.42977553347824],[113.00538588896254,37.42984819584956],[113.0049757138979,37.42969074473374],[113.00446674230737,37.429429114864625],[113.00387553178392,37.42934004486168],[113.00325952223515,37.42961850024535],[113.00271399420228,37.430184039543114],[113.0022656705825,37.43074117361255],[113.00187207782194,37.43115323839914],[113.00148110200635,37.43139859450333],[113.00107619622571,37.43154508664868],[113.00059173882771,37.43162085551587],[113.00035209966144,37.43166319972824],[112.99989072481904,37.43167776520618],[112.99925483788184,37.43166149905315],[112.99864865596842,37.431779857832495],[112.99816465215368,37.432085333304144],[112.99775080351297,37.432506735884594],[112.99740287818143,37.43280028436873],[112.99714406426031,37.43317409515016],[112.99604165038015,37.43443218026725],[112.9949410990561,37.43576173056952],[112.99466700131497,37.43616064463324],[112.99390886453432,37.436473725947636],[112.99388630288404,37.43654488730635],[112.9939141420719,37.43716827683242],[112.99380856195259,37.43773986547114],[112.99339628694547,37.43811618204024],[112.99294158473272,37.43830402702338],[112.99251427528412,37.43845987870786],[112.99211100361852,37.43872342912756],[112.99188639196386,37.43906729791779],[112.99177152878877,37.43955570972736],[112.99161704916187,37.44012136333133],[112.99145804417275,37.44054295257991],[112.99118056459893,37.44078410995783],[112.99071353201856,37.44093386728596],[112.99015963336299,37.44094995431505],[112.98955656531072,37.44081596884554],[112.98894693967668,37.440594255608715],[112.9887323113025,37.44049766175113],[112.98805211903039,37.441164922431554],[112.98637823778557,37.442301436833766],[112.98471818837356,37.443680503212555],[112.98459551099879,37.44386721580827],[112.98362925206987,37.444471980158575],[112.98087569926705,37.44548352572922],[112.97945736761093,37.44611510849676],[112.97748641077396,37.44790004060523],[112.97495612244182,37.450588131986734],[112.97316049629093,37.452227047627915],[112.97192034375092,37.4528198114773],[112.97022587180675,37.45327621313819],[112.96895856507695,37.45346212506189],[112.96734099888852,37.45334605897051],[112.96536397207578,37.45284887905843],[112.96460403127503,37.452584168829915],[112.96303785556887,37.45271746432853],[112.96125873649477,37.453283318673236],[112.95956924553909,37.45384765891036],[112.95831218619176,37.45385151651128],[112.9582968517676,37.45387621414117],[112.95754225392899,37.455300853405085],[112.95701287387911,37.45626230651923],[112.95662540998792,37.45692411548282],[112.95612460896861,37.4577905003574],[112.95557909264033,37.45854050696249],[112.95521063491557,37.45892948033652],[112.95495810660196,37.45902374716131],[112.95447055094381,37.45896199512499],[112.95396022161297,37.4589208874382],[112.95372023808336,37.45890008259321],[112.95290708157991,37.45892028294428],[112.95201960104949,37.45904305520353],[112.95115311185198,37.45923979811441],[112.9504125188526,37.459470490268366],[112.94979846558728,37.45975989928036],[112.94924406654633,37.46006183484551],[112.94867713811806,37.46031667767322],[112.94808520754079,37.460533642921376],[112.94761818993805,37.46071926739575],[112.94743168430458,37.460990354432425],[112.94752454130695,37.461520345481446],[112.94781664542873,37.462242993351595],[112.9481849603571,37.46290807880113],[112.94856054846147,37.46341764025509],[112.94889519368783,37.46390084876796],[112.94915644753591,37.464522653375255],[112.94930212846847,37.46523645200052],[112.94955833123505,37.465853832679045],[112.95007441790179,37.466223685642525],[112.95069128534281,37.466339625427196],[112.95111828068956,37.466406896282905],[112.95117155346483,37.46666276817083],[112.95084632333132,37.46716812866746],[112.95028434912422,37.467805773702196],[112.94963439814646,37.46842910113244],[112.94889411863406,37.46902914229292],[112.94813410158295,37.46968580905789],[112.94744761700305,37.47039981552338],[112.94686517085857,37.47104003339201],[112.94612803370076,37.47157243926376],[112.94515240237668,37.47203444533055],[112.94423291974923,37.47240092562534],[112.94326801427917,37.472705084937616],[112.94215217909633,37.47293739426544],[112.94118108599297,37.47300290481694],[112.94043778272066,37.472861966821526],[112.93979413243714,37.47264056012917],[112.9392271990601,37.47248996128108],[112.9386415835869,37.47243651218378],[112.93799740739308,37.47241329765368],[112.93735427778506,37.472430603626215],[112.93664914460264,37.47256378433166],[112.93591236983899,37.47281234287312],[112.93534440805516,37.47308741033852],[112.93491354618027,37.4733917599439],[112.93444864757525,37.47374621449841],[112.9339445574058,37.4740877940192],[112.93349748807915,37.47442168416653],[112.93320075286539,37.47480491165852],[112.9330382264727,37.47524224678344],[112.93286059668264,37.47561451626379],[112.93252078157387,37.4758340363582],[112.93200951784462,37.47595275663882],[112.93148946012515,37.475839642150284],[112.93107923747662,37.475382393292506],[112.93070615340665,37.47463850595824],[112.93033062330598,37.47399150142751],[112.93015782875969,37.473884202127145],[112.93016024329444,37.473916809519714],[112.93019289062143,37.474488335014975],[112.93027861346248,37.475030391169035],[112.92996547590714,37.47680889128166],[112.92982867843295,37.47776932577498],[112.92963475428076,37.47860197983882],[112.92964138076276,37.47935576382024],[112.93037186127302,37.48054515160189],[112.9307288766937,37.481168580851495],[112.93123198302985,37.48188972990436],[112.93148101285166,37.48250062089367],[112.93194531253525,37.48310799012943],[112.932170521341,37.48349044516887],[112.93243341593187,37.483710200495665],[112.93280521173864,37.4842094350624],[112.93288777454705,37.48462759311163],[112.93303890283886,37.48492068298108],[112.93361205500965,37.48534034465781],[112.93375442192529,37.48575752282127],[112.93409789337497,37.48608559933086],[112.93447134680397,37.48618435994831],[112.93481998677875,37.486712569704196],[112.93528503300155,37.4871149250904],[112.93547648284054,37.4875789690262],[112.93577729630631,37.488107959475066],[112.93601265473063,37.48841873331132],[112.9363337046268,37.48880437593006],[112.93665820376143,37.48932344071892],[112.93706396758093,37.48974582954836],[112.93728688438789,37.49003773593617],[112.9379223645991,37.49055169614057],[112.93847869990086,37.49078092305051],[112.93901506066425,37.491163023600095],[112.93939742069645,37.49160485614575],[112.93981467945208,37.49200797751105],[112.94015475400776,37.4922026117027],[112.94060420195686,37.492462186971885],[112.94085032230696,37.49272510227063],[112.94119816832401,37.49275752165392],[112.94139521450955,37.492973570980034],[112.9418152636194,37.493252693549714],[112.94230522964715,37.4934591579719],[112.94251681984387,37.49331266345439],[112.94301590442264,37.49317796164403],[112.94307622263996,37.493081788511816],[112.94329344661277,37.49280648698188],[112.94344694919002,37.49249648081749],[112.94363522031524,37.49214299731503],[112.94368800781568,37.49175599055413],[112.94378768393024,37.49144686983071],[112.94385147938503,37.49113833871192],[112.94409034087741,37.4910056947904],[112.9442999322911,37.490824326666534],[112.94433739795191,37.49058143837534],[112.94508100351679,37.489610998217884],[112.94606933154064,37.48896545375798],[112.94657924492444,37.48832778849482],[112.94679284960944,37.48794111865356],[112.94715953927063,37.48783980538054],[112.9476562831325,37.487617093351226],[112.94804352987633,37.48732467783891],[112.94841506262426,37.48711832926327],[112.94864567799391,37.48701441410121],[112.94903774650004,37.486907835024915],[112.94939133497914,37.48670177955218],[112.9496552248613,37.48649720384045],[112.95016251818303,37.48624740632158],[112.95096374935895,37.4866918186558],[112.95162345951735,37.48721483820825],[112.95234550779051,37.48737452095883],[112.95303867633012,37.48734399216371],[112.95431840461981,37.486865177102814],[112.95582488135045,37.48590588052246],[112.95706721794605,37.484912805776716],[112.95805985674207,37.4844387076881],[112.95891893047599,37.48434818779566],[112.96052395405243,37.48441689794728],[112.96174827977212,37.48456818528887],[112.96249324232265,37.48468928798503],[112.96327459976189,37.48528649430065],[112.96388254882274,37.48565775711094],[112.96458817529314,37.48610366582685],[112.96535657667705,37.48620529247498],[112.96650468458897,37.486186180886314],[112.9680514087707,37.48585532065649],[112.96866774907213,37.48551969221635],[112.96979971384673,37.48448780405492],[112.97145563413162,37.48347695468714],[112.97290843364023,37.48327392729606],[112.97610470144723,37.483373720489354],[112.97653172498327,37.48185086187651],[112.97788686847741,37.48106543620518],[112.97893296679518,37.47990380376929],[112.9792451983294,37.478134737018195],[112.97920119721952,37.47646698076274],[112.98023337883303,37.474781187019566],[112.98032402613724,37.47368322857386],[112.9806934750783,37.47181785512647],[112.98184890670395,37.47027299342577],[112.98392118832972,37.46947546557644],[112.98564733748628,37.469160433757516],[112.98640307250761,37.468337316159115],[112.98778862300382,37.46645482849672],[112.988117012294,37.465305192749],[112.98777646684917,37.46373777201806],[112.98767378365012,37.46211867626368],[112.98669338380141,37.46122941474635],[112.98547894475865,37.46053476307711],[112.98527189103729,37.45948947424007],[112.9857972636669,37.45900393020811],[112.98735519438574,37.45912074561105],[112.9887885292971,37.45904895188699],[112.99095305810573,37.45948920397156],[112.99232535491426,37.45937072466712],[112.9935259158711,37.45954115550014],[112.99472014960317,37.459473325389254],[112.9959690875463,37.45921387292674],[112.99668258897891,37.45840332199282],[112.99737021851004,37.45755745149843],[112.99875089019008,37.45747451004562],[112.99984864485795,37.457905888835306],[112.99997807242045,37.45811375494599],[113.0002406804644,37.458431088873915],[113.00034018118788,37.45879885640105],[113.00054365372056,37.45914102700157],[113.00077384100328,37.45936356620158],[113.00110355380137,37.45939373497547],[113.00125775375386,37.45956989006856],[113.0015009821679,37.4597207004683],[113.0016434167746,37.46001623198671],[113.00196994435144,37.460487409932455],[113.00218996155427,37.46088888676423],[113.00244686981158,37.46099179203239],[113.0025648314462,37.46093020354147],[113.0029600743655,37.4608813472753],[113.00368567181467,37.4608021091835],[113.00391361796595,37.46091090589636],[113.00438654492967,37.46081707367257],[113.00488980639714,37.46085143793945],[113.00535567426374,37.46082922889508],[113.00575375602699,37.46069093196545],[113.00635238544838,37.460266026548474],[113.00725773789988,37.45923525079041],[113.00713375353723,37.45900063661207],[113.00720210047258,37.458761119355856],[113.00725708211479,37.458301350005186],[113.00735055871668,37.458157295762504],[113.00735611971268,37.458092714482575],[113.0072658008082,37.45778873717959],[113.00710300419081,37.45757102411705],[113.00700681647791,37.45732834401389],[113.00715448360856,37.45698021910615],[113.00726925101846,37.4567995018098],[113.00735147164772,37.456702319967185],[113.00745940951599,37.45604262367867],[113.00716639067224,37.455818780506185],[113.00656433614552,37.45544287213099],[113.00631671187888,37.45490362670663],[113.00678480879337,37.454295018629246],[113.00780229445398,37.454106113663265],[113.00890942911566,37.45391567550782],[113.00954762508556,37.45296093254825],[113.01017099176599,37.452793012198946],[113.01170498995991,37.45246657157358],[113.01415947325066,37.45168107991139],[113.01530241519198,37.45148997183475],[113.01537871597593,37.44898593503119],[113.0157822745448,37.44865011893258],[113.01633875195438,37.44799706194893],[113.01696106405505,37.44645619520984],[113.01769257977465,37.44564282865142],[113.01810405329296,37.44493503476348],[113.01853447126658,37.44359765618787],[113.01902071304826,37.44300299186551],[113.01964858707571,37.443006561599844],[113.02054077129279,37.44283399279166],[113.0216003048611,37.44221521095224],[113.02267389927536,37.44145316635351],[113.02376518889699,37.44134867003914],[113.02438359606698,37.441667007422225],[113.02481019542634,37.442188846529355],[113.02542571808918,37.44306497951773],[113.02602814611627,37.44345508726262],[113.02741364189602,37.44361723785708],[113.02911142567629,37.44338787261093],[113.03077155995803,37.44242976212561],[113.03196268210941,37.44203744815105],[113.03316602577932,37.44368557434467],[113.03506638357445,37.445416684470935],[113.03696683057223,37.4471477609389],[113.03783325871674,37.448229251758946],[113.03970384398433,37.45105722894345],[113.04080942818024,37.45213456676519],[113.04204754030553,37.45368631247225],[113.04398088789172,37.45441561186193],[113.04622286134725,37.45549706494716],[113.0463709806965,37.455995043284375],[113.04576189438701,37.45668490315833],[113.04558395437819,37.45701587398067],[113.04503548323679,37.45734773202717],[113.0446334493828,37.45751677258991],[113.0444424237723,37.457968184645715],[113.04412430882543,37.458583876923775],[113.0441967973611,37.459049797763086],[113.04399277344984,37.459463296923204],[113.04406023622319,37.46007515605692],[113.04429697342832,37.460312771286375],[113.04431092384498,37.460824992170515],[113.04425048099503,37.461350417072296],[113.04412636944201,37.46173393195891],[113.04412446674968,37.46243375131612],[113.04430839128146,37.46273186412566],[113.04426657115567,37.46365204468913],[113.0439266861412,37.46544558253442],[113.04349568633168,37.46729840282532],[113.04281038158219,37.46853451594921],[113.04188050932373,37.46897963105423],[113.04053544079659,37.46900287563495],[113.03807141941633,37.46911692333386],[113.0362515776016,37.46982761935129],[113.03477488768281,37.469960326769396],[113.03397848859872,37.470367328369015],[113.03363398373243,37.472178769181674],[113.03348156916995,37.47273437547221],[113.03400493951743,37.4735071654885],[113.03440513363866,37.47414859677895],[113.03462435773754,37.47517451020275],[113.03425723125945,37.47575288432539],[113.03396546158324,37.476463437487205],[113.0338774086493,37.47762812110208],[113.03392871204764,37.47863785923922],[113.03316223036288,37.4794900623187],[113.03231297766645,37.48082039329066],[113.03209911736566,37.48175842145906],[113.03207348814912,37.482578799522514],[113.03220375602865,37.48385413563574],[113.0317267945435,37.48479668896392],[113.0307392902755,37.48544292788999],[113.02943877264353,37.48601826399136],[113.02963250538134,37.48698741872],[113.03007678090003,37.48837176981922],[113.03044983199607,37.489776410975885],[113.02971073290865,37.490761599850224],[113.02874963269676,37.49150270957507],[113.02809844120483,37.49220035357223],[113.02783305241766,37.493005779827115],[113.02780325421988,37.49367368254405],[113.02787377900714,37.494511476177614],[113.02817629514121,37.49507833015666],[113.02873782118023,37.49548818678514],[113.02925873365255,37.49616569462949],[113.02970634385376,37.49678725541813],[113.03003951533763,37.49760146472317],[113.02988909542721,37.49823330393542],[113.02928363986875,37.49885389514013],[113.02876232031875,37.499930676694085],[113.02914467000151,37.501358223186024],[113.02905506443764,37.50268977478699],[113.02925641203163,37.504159338340564],[113.02987601250341,37.50516407411896],[113.03066847880051,37.50592271276306],[113.03190993260343,37.50668792134131],[113.03295015345876,37.50731356940937],[113.03443229456076,37.50834632910823],[113.03616685680043,37.50941762005759],[113.03733509279111,37.51012682712723],[113.03780818838685,37.51101963673572],[113.03869752065943,37.51203396843608],[113.0392490852583,37.512510682726706],[113.04042791018323,37.51360580671913],[113.04088896112908,37.51471332791441],[113.04060297281869,37.51541902720834],[113.03942359380437,37.51628317299747],[113.03898429151826,37.516633988101695],[113.03885356501291,37.51710818372934],[113.03922658694317,37.51770294662126],[113.03939788459564,37.51797482412721],[113.0398701112377,37.51949212161615],[113.03971916732546,37.52098204806202],[113.03959889608777,37.52271933124318],[113.03970338659632,37.523918820932],[113.0401220896706,37.52522729005814],[113.04138201982865,37.5266546913796],[113.04246356254014,37.52768473304768],[113.04364034136952,37.528694048190545],[113.04511108266257,37.5290690098617],[113.04585764438008,37.529227687290856],[113.04625981952398,37.5299262379817],[113.04705168760947,37.53086591671437],[113.04745701052019,37.53167881648231],[113.04717251171053,37.533533359145885],[113.04720590996658,37.53563027430025],[113.04778922748359,37.53682144755434],[113.04888033605944,37.53731735377083],[113.0505698128018,37.53780285562245],[113.05206626796726,37.53823448471868],[113.05316724301447,37.538215339728254],[113.05395654951641,37.5381825406702],[113.05507165114831,37.538677970356005],[113.05646209112233,37.53960715944926],[113.05804596702285,37.53973209897847],[113.05969621579284,37.538788047782724],[113.06084590802588,37.53792898622966],[113.06186299586012,37.53747265907735],[113.06320854487132,37.53763982896688],[113.06402201208986,37.538483671155866],[113.06600197212684,37.53907827912041],[113.06743960931706,37.539110312480524],[113.06923415271567,37.539059799257],[113.07012288269794,37.53915862484168],[113.07084934838579,37.539450971072604],[113.07137043027788,37.540109208919],[113.07166872295674,37.5405044031289],[113.07233361676407,37.54030205123893],[113.0727241436739,37.53970408560464],[113.07279876848143,37.53894005424832],[113.07251121780403,37.538067973858446],[113.07249380339462,37.537439034286805],[113.07304920986974,37.5367428322833],[113.07284339814493,37.53541981380878],[113.07306267218279,37.53469137730887],[113.07344946970218,37.53395999883218],[113.07377291162365,37.53353481945991],[113.07375654534974,37.53294399783996],[113.07408156428828,37.53257599465153],[113.07442259096725,37.531921689266206],[113.07501905320488,37.531788667439706],[113.07525719578125,37.530934549447394],[113.07593165884707,37.53021717281287],[113.07675102969552,37.52948911307438],[113.07735896014923,37.52896357950626],[113.07861459985418,37.5284838436114],[113.07970747268372,37.528178575335915],[113.08104291425883,37.52712536726335],[113.08218475944012,37.525999286215324],[113.08198651705064,37.52489683663053],[113.08129212370835,37.52403195081884],[113.08040366768732,37.523075139359456],[113.07985076557928,37.522131478822196],[113.07920669709227,37.520909228362214]]]]},"properties":{"code":"SXPR-P01","name_short":"八缚岭","name_full":"山西八缚岭省级自然保护区","zone":"core","area_km2":71.256,"feature_count":1}},{"type":"Feature","geometry":{"type":"MultiPolygon","coordinates":[[[[113.0823963864006,37.519254713784534],[113.08221781387475,37.5194749669104],[113.0816252439376,37.51997638158074],[113.08096798347474,37.52031227581276],[113.08032434247617,37.520553336478955],[113.07963163347215,37.52078399743101],[113.07920669709227,37.520909228362214],[113.07985076557928,37.522131478822196],[113.08040366768732,37.523075139359456],[113.08129212370835,37.52403195081884],[113.08198651705064,37.52489683663053],[113.08218475944012,37.525999286215324],[113.08104291425883,37.52712536726335],[113.07970747268372,37.528178575335915],[113.07861459985418,37.5284838436114],[113.07735896014923,37.52896357950626],[113.07675102969552,37.52948911307438],[113.07593165884707,37.53021717281287],[113.07525719578125,37.530934549447394],[113.07501905320488,37.531788667439706],[113.07442259096725,37.531921689266206],[113.07408156428828,37.53257599465153],[113.07375654534974,37.53294399783996],[113.07377291162365,37.53353481945991],[113.07344946970218,37.53395999883218],[113.07306267218279,37.53469137730887],[113.07284339814493,37.53541981380878],[113.07304920986974,37.5367428322833],[113.07249380339462,37.537439034286805],[113.07251121780403,37.538067973858446],[113.07279876848143,37.53894005424832],[113.0727241436739,37.53970408560464],[113.07233361676407,37.54030205123893],[113.07166872295674,37.5405044031289],[113.07137043027788,37.540109208919],[113.07084934838579,37.539450971072604],[113.07012288269794,37.53915862484168],[113.06923415271567,37.539059799257],[113.06743960931706,37.539110312480524],[113.06600197212684,37.53907827912041],[113.06402201208986,37.538483671155866],[113.06320854487132,37.53763982896688],[113.06186299586012,37.53747265907735],[113.06084590802588,37.53792898622966],[113.05969621579284,37.538788047782724],[113.05804596702285,37.53973209897847],[113.05646209112233,37.53960715944926],[113.05507165114831,37.538677970356005],[113.05395654951641,37.5381825406702],[113.05316724301447,37.538215339728254],[113.05206626796726,37.53823448471868],[113.0505698128018,37.53780285562245],[113.04888033605944,37.53731735377083],[113.04778922748359,37.53682144755434],[113.04720590996658,37.53563027430025],[113.04717251171053,37.533533359145885],[113.04745701052019,37.53167881648231],[113.04705168760947,37.53086591671437],[113.04625981952398,37.5299262379817],[113.04585764438008,37.529227687290856],[113.04511108266257,37.5290690098617],[113.04364034136952,37.528694048190545],[113.04246356254014,37.52768473304768],[113.04138201982865,37.5266546913796],[113.0401220896706,37.52522729005814],[113.03970338659632,37.523918820932],[113.03959889608777,37.52271933124318],[113.03971916732546,37.52098204806202],[113.0398701112377,37.51949212161615],[113.03939788459564,37.51797482412721],[113.03922658694317,37.51770294662126],[113.03885356501291,37.51710818372934],[113.03898429151826,37.516633988101695],[113.03942359380437,37.51628317299747],[113.04060297281869,37.51541902720834],[113.04088896112908,37.51471332791441],[113.04042791018323,37.51360580671913],[113.0392490852583,37.512510682726706],[113.03869752065943,37.51203396843608],[113.03780818838685,37.51101963673572],[113.03733509279111,37.51012682712723],[113.03616685680043,37.50941762005759],[113.03443229456076,37.50834632910823],[113.03295015345876,37.50731356940937],[113.03190993260343,37.50668792134131],[113.03066847880051,37.50592271276306],[113.02987601250341,37.50516407411896],[113.02925641203163,37.504159338340564],[113.02905506443764,37.50268977478699],[113.02914467000151,37.501358223186024],[113.02876232031875,37.499930676694085],[113.02928363986875,37.49885389514013],[113.02988909542721,37.49823330393542],[113.03003951533763,37.49760146472317],[113.02970634385376,37.49678725541813],[113.02925873365255,37.49616569462949],[113.02873782118023,37.49548818678514],[113.02817629514121,37.49507833015666],[113.02787377900714,37.494511476177614],[113.02780325421988,37.49367368254405],[113.02783305241766,37.493005779827115],[113.02809844120483,37.49220035357223],[113.02874963269676,37.49150270957507],[113.02971073290865,37.490761599850224],[113.03044983199607,37.489776410975885],[113.03007678090003,37.48837176981922],[113.02963250538134,37.48698741872],[113.02943877264353,37.48601826399136],[113.0307392902755,37.48544292788999],[113.0317267945435,37.48479668896392],[113.03220375602865,37.48385413563574],[113.03207348814912,37.482578799522514],[113.03209911736566,37.48175842145906],[113.03231297766645,37.48082039329066],[113.03316223036288,37.4794900623187],[113.03392871204764,37.47863785923922],[113.0338774086493,37.47762812110208],[113.03396546158324,37.476463437487205],[113.03425723125945,37.47575288432539],[113.03462435773754,37.47517451020275],[113.03440513363866,37.47414859677895],[113.03400493951743,37.4735071654885],[113.03348156916995,37.47273437547221],[113.03363398373243,37.472178769181674],[113.03397848859872,37.470367328369015],[113.03477488768281,37.469960326769396],[113.0362515776016,37.46982761935129],[113.03807141941633,37.46911692333386],[113.04053544079659,37.46900287563495],[113.04188050932373,37.46897963105423],[113.04281038158219,37.46853451594921],[113.04349568633168,37.46729840282532],[113.0439266861412,37.46544558253442],[113.04426657115567,37.46365204468913],[113.04430839128146,37.46273186412566],[113.04412446674968,37.46243375131612],[113.04412636944201,37.46173393195891],[113.04425048099503,37.461350417072296],[113.04431092384498,37.460824992170515],[113.04429697342832,37.460312771286375],[113.04406023622319,37.46007515605692],[113.04399277344984,37.459463296923204],[113.0441967973611,37.459049797763086],[113.04412430882543,37.458583876923775],[113.0444424237723,37.457968184645715],[113.0446334493828,37.45751677258991],[113.04503548323679,37.45734773202717],[113.04558395437819,37.45701587398067],[113.04576189438701,37.45668490315833],[113.0463709806965,37.455995043284375],[113.04622286134725,37.45549706494716],[113.04398088789172,37.45441561186193],[113.04204754030553,37.45368631247225],[113.04080942818024,37.45213456676519],[113.03970384398433,37.45105722894345],[113.03783325871674,37.448229251758946],[113.03696683057223,37.4471477609389],[113.03506638357445,37.445416684470935],[113.03316602577932,37.44368557434467],[113.03196268210941,37.44203744815105],[113.03077155995803,37.44242976212561],[113.02911142567629,37.44338787261093],[113.02741364189602,37.44361723785708],[113.02602814611627,37.44345508726262],[113.02542571808918,37.44306497951773],[113.02481019542634,37.442188846529355],[113.02438359606698,37.441667007422225],[113.02376518889699,37.44134867003914],[113.02267389927536,37.44145316635351],[113.0216003048611,37.44221521095224],[113.02054077129279,37.44283399279166],[113.01964858707571,37.443006561599844],[113.01902071304826,37.44300299186551],[113.01853447126658,37.44359765618787],[113.01810405329296,37.44493503476348],[113.01769257977465,37.44564282865142],[113.01696106405505,37.44645619520984],[113.01633875195438,37.44799706194893],[113.0157822745448,37.44865011893258],[113.01537871597593,37.44898593503119],[113.01530241519198,37.45148997183475],[113.01415947325066,37.45168107991139],[113.01170498995991,37.45246657157358],[113.01017099176599,37.452793012198946],[113.00954762508556,37.45296093254825],[113.00890942911566,37.45391567550782],[113.00780229445398,37.454106113663265],[113.00678480879337,37.454295018629246],[113.00631671187888,37.45490362670663],[113.00656433614552,37.45544287213099],[113.00716639067224,37.455818780506185],[113.00745940951599,37.45604262367867],[113.00735147164772,37.456702319967185],[113.00726925101846,37.4567995018098],[113.00715448360856,37.45698021910615],[113.00700681647791,37.45732834401389],[113.00710300419081,37.45757102411705],[113.0072658008082,37.45778873717959],[113.00735611971268,37.458092714482575],[113.00735055871668,37.458157295762504],[113.00725708211479,37.458301350005186],[113.00720210047258,37.458761119355856],[113.00713375353723,37.45900063661207],[113.00725773789988,37.45923525079041],[113.00635238544838,37.460266026548474],[113.00575375602699,37.46069093196545],[113.00535567426374,37.46082922889508],[113.00488980639714,37.46085143793945],[113.00438654492967,37.46081707367257],[113.00391361796595,37.46091090589636],[113.00368567181467,37.4608021091835],[113.0029600743655,37.4608813472753],[113.0025648314462,37.46093020354147],[113.00244686981158,37.46099179203239],[113.00218996155427,37.46088888676423],[113.00196994435144,37.460487409932455],[113.0016434167746,37.46001623198671],[113.0015009821679,37.4597207004683],[113.00125775375386,37.45956989006856],[113.00110355380137,37.45939373497547],[113.00077384100328,37.45936356620158],[113.00054365372056,37.45914102700157],[113.00034018118788,37.45879885640105],[113.0002406804644,37.458431088873915],[112.99997807242045,37.45811375494599],[112.99984864485795,37.457905888835306],[112.99875089019008,37.45747451004562],[112.99737021851004,37.45755745149843],[112.99668258897891,37.45840332199282],[112.9959690875463,37.45921387292674],[112.99472014960317,37.459473325389254],[112.9935259158711,37.45954115550014],[112.99232535491426,37.45937072466712],[112.99095305810573,37.45948920397156],[112.9887885292971,37.45904895188699],[112.98735519438574,37.45912074561105],[112.9857972636669,37.45900393020811],[112.98527189103729,37.45948947424007],[112.98547894475865,37.46053476307711],[112.98669338380141,37.46122941474635],[112.98767378365012,37.46211867626368],[112.98777646684917,37.46373777201806],[112.988117012294,37.465305192749],[112.98778862300382,37.46645482849672],[112.98640307250761,37.468337316159115],[112.98564733748628,37.469160433757516],[112.98392118832972,37.46947546557644],[112.98184890670395,37.47027299342577],[112.9806934750783,37.47181785512647],[112.98032402613724,37.47368322857386],[112.98023337883303,37.474781187019566],[112.97920119721952,37.47646698076274],[112.9792451983294,37.478134737018195],[112.97893296679518,37.47990380376929],[112.97788686847741,37.48106543620518],[112.97653172498327,37.48185086187651],[112.97610470144723,37.483373720489354],[112.97290843364023,37.48327392729606],[112.97145563413162,37.48347695468714],[112.96979971384673,37.48448780405492],[112.96866774907213,37.48551969221635],[112.9680514087707,37.48585532065649],[112.96650468458897,37.486186180886314],[112.96535657667705,37.48620529247498],[112.96458817529314,37.48610366582685],[112.96388254882274,37.48565775711094],[112.96327459976189,37.48528649430065],[112.96249324232265,37.48468928798503],[112.96174827977212,37.48456818528887],[112.96052395405243,37.48441689794728],[112.95891893047599,37.48434818779566],[112.95805985674207,37.4844387076881],[112.95706721794605,37.484912805776716],[112.95582488135045,37.48590588052246],[112.95431840461981,37.486865177102814],[112.95303867633012,37.48734399216371],[112.95234550779051,37.48737452095883],[112.95162345951735,37.48721483820825],[112.95096374935895,37.4866918186558],[112.95016251818303,37.48624740632158],[112.9496552248613,37.48649720384045],[112.94939133497914,37.48670177955218],[112.94903774650004,37.486907835024915],[112.94864567799391,37.48701441410121],[112.94841506262426,37.48711832926327],[112.94804352987633,37.48732467783891],[112.9476562831325,37.487617093351226],[112.94715953927063,37.48783980538054],[112.94679284960944,37.48794111865356],[112.94657924492444,37.48832778849482],[112.94606933154064,37.48896545375798],[112.94508100351679,37.489610998217884],[112.94433739795191,37.49058143837534],[112.9442999322911,37.490824326666534],[112.94409034087741,37.4910056947904],[112.94385147938503,37.49113833871192],[112.94378768393024,37.49144686983071],[112.94368800781568,37.49175599055413],[112.94363522031524,37.49214299731503],[112.94344694919002,37.49249648081749],[112.94329344661277,37.49280648698188],[112.94307622263996,37.493081788511816],[112.94301590442264,37.49317796164403],[112.94251681984387,37.49331266345439],[112.94230522964715,37.4934591579719],[112.9418152636194,37.493252693549714],[112.94139521450955,37.492973570980034],[112.94119816832401,37.49275752165392],[112.94085032230696,37.49272510227063],[112.94060420195686,37.492462186971885],[112.94015475400776,37.4922026117027],[112.93981467945208,37.49200797751105],[112.93939742069645,37.49160485614575],[112.93901506066425,37.491163023600095],[112.93847869990086,37.49078092305051],[112.9379223645991,37.49055169614057],[112.93728688438789,37.49003773593617],[112.93706396758093,37.48974582954836],[112.93665820376143,37.48932344071892],[112.9363337046268,37.48880437593006],[112.93601265473063,37.48841873331132],[112.93577729630631,37.488107959475066],[112.93547648284054,37.4875789690262],[112.93528503300155,37.4871149250904],[112.93481998677875,37.486712569704196],[112.93447134680397,37.48618435994831],[112.93409789337497,37.48608559933086],[112.93375442192529,37.48575752282127],[112.93361205500965,37.48534034465781],[112.93303890283886,37.48492068298108],[112.93288777454705,37.48462759311163],[112.93280521173864,37.4842094350624],[112.93243341593187,37.483710200495665],[112.932170521341,37.48349044516887],[112.93194531253525,37.48310799012943],[112.93148101285166,37.48250062089367],[112.93123198302985,37.48188972990436],[112.9307288766937,37.481168580851495],[112.93037186127302,37.48054515160189],[112.92964138076276,37.47935576382024],[112.92963475428076,37.47860197983882],[112.92982867843295,37.47776932577498],[112.92996547590714,37.47680889128166],[112.93027861346248,37.475030391169035],[112.93019289062143,37.474488335014975],[112.93016024329444,37.473916809519714],[112.93015782875969,37.473884202127145],[112.92992068561065,37.47373694339952],[112.9294151615179,37.473803758195295],[112.92882442298705,37.47401835660262],[112.92822409352642,37.474217342418626],[112.92764674146521,37.474348385395125],[112.92694846874787,37.474199869930736],[112.92612759416468,37.47373353662098],[112.92543318581573,37.47315702896332],[112.92480959878314,37.47242170860662],[112.9240880525789,37.47155735146653],[112.923347648122,37.47089374461827],[112.92251981245184,37.47012570103387],[112.92167552155152,37.469128193395115],[112.92110378210194,37.46851137595359],[112.92064275872255,37.46838373944723],[112.92006706821337,37.46844039381441],[112.9195704277022,37.46866017288408],[112.91922389663678,37.46897660945462],[112.91894650633975,37.469289669625475],[112.9187013549733,37.469509862763395],[112.91839046368364,37.46964554145438],[112.91798961963917,37.469744389941724],[112.91757222105535,37.46977594084562],[112.91728287605751,37.46982600502924],[112.91687419785703,37.470057948375576],[112.91684037093442,37.47008060577366],[112.91643278320899,37.47052414897279],[112.91605917554936,37.470915338182984],[112.91573798510163,37.4710354098684],[112.91530868083318,37.4709883181719],[112.91519930229327,37.47097981356162],[112.91479939564375,37.47102934004549],[112.91378830303113,37.47109677443604],[112.91206959144988,37.47124855511169],[112.91111816025993,37.471319935010904],[112.91086722110622,37.471376113364016],[112.91078946565595,37.47142458899206],[112.91064563262842,37.471577333631814],[112.91054292194707,37.471871782493274],[112.9105051825221,37.471970527470006],[112.91094388457837,37.472033407604656],[112.91137581524444,37.47208362571352],[112.91189484736574,37.47226591294459],[112.91211931344351,37.47262458500261],[112.91246481659009,37.47303850272084],[112.91284892239985,37.47308948968092],[112.91314743011428,37.47259840322998],[112.91342002588097,37.47249864413801],[112.91420091889995,37.472629007118826],[112.91478169646247,37.472886555532526],[112.91506572362196,37.473234721329646],[112.91517841422228,37.473900299015185],[112.91485989088144,37.47454426420052],[112.91434439743088,37.47543931388217],[112.9140734510532,37.476072971845994],[112.91410830862652,37.476501452812464],[112.91450706627971,37.47665707329055],[112.91566677721559,37.47662873587745],[112.91664784299118,37.47663188896871],[112.91808551586587,37.47671342928107],[112.91925229539986,37.47696143727451],[112.92086422385545,37.47777425548247],[112.92229534297535,37.47853278746259],[112.92316907667869,37.479481531472665],[112.92384880183798,37.48032855073561],[112.92475774316257,37.48171528754058],[112.92558028348574,37.48253136579995],[112.9263071677839,37.48334899910486],[112.9272643992806,37.48335245163411],[112.9279280144745,37.48316852579292],[112.9283348154124,37.483445871960164],[112.9288977440875,37.484124648046894],[112.92902962303488,37.48453449121242],[112.92947443763119,37.48554739633283],[112.93007744079377,37.48666259150167],[112.9307148699625,37.48772001489552],[112.93123528245034,37.48794986381961],[112.9321511162767,37.48820184463234],[112.93265817881692,37.48884188061485],[112.93287912952388,37.48928762942797],[112.93286325600302,37.4901173685718],[112.93288020690436,37.49077495760389],[112.93315385753542,37.4916428662267],[112.93370793472896,37.49224875724864],[112.93387751542573,37.49256061213101],[112.93414049039377,37.49301395166827],[112.93431007473428,37.49332580579253],[112.93498828823195,37.49387245073635],[112.93524795374027,37.49419712873257],[112.93563948681879,37.49476276955704],[112.936488170611,37.4950050036653],[112.93675794676636,37.49535291792942],[112.93689607415526,37.49615800787319],[112.93712208874473,37.49656904233785],[112.93736678671505,37.49700837158617],[112.93757782046106,37.49753406246657],[112.93864676072421,37.4979169581266],[112.93947167514101,37.498095250730266],[112.9396848506263,37.49821329497658],[112.94055076966461,37.498380220291175],[112.94121334471674,37.49855048116277],[112.94175547441877,37.49874794683793],[112.94262049798863,37.49933423598151],[112.94309543966155,37.49976738198936],[112.94321184110147,37.50021834421431],[112.94336723207383,37.500442225383246],[112.94355160272701,37.500629876512086],[112.94385312230183,37.500720256236555],[112.94449823865583,37.50079306013663],[112.94492432528597,37.501072071247144],[112.94557068233844,37.50119252014788],[112.94645798977757,37.50090253943873],[112.94806603896123,37.50061383047912],[112.94905041573715,37.50050224447241],[112.95026912033977,37.500025671318205],[112.95130141174918,37.49922680900032],[112.95267009376933,37.498479581068956],[112.95326121626286,37.498202845797685],[112.9540128378157,37.497656493666085],[112.95471212977985,37.49693938558911],[112.955451797051,37.495935576991556],[112.95644061028847,37.495309006993985],[112.95710793683388,37.49520260679847],[112.95752257168978,37.49550083095009],[112.95834488172642,37.49583043017155],[112.95913281508025,37.49576015577401],[112.95956890165606,37.49504738574047],[112.96008970232167,37.49391370121716],[112.96032144195088,37.49270853914527],[112.96050855025136,37.49220812796355],[112.95983899731937,37.491372272698186],[112.95959656003622,37.49068029468037],[112.95918886639059,37.48996007227593],[112.95899639331871,37.48946271571245],[112.95926455969084,37.4894225142655],[112.95986004693098,37.48956742549059],[112.9608417244702,37.48967998252979],[112.96184873664785,37.48975383345894],[112.96228378738624,37.489918222975845],[112.96281177755576,37.489976187905405],[112.96341252561136,37.49007107915465],[112.96414633473464,37.49022095956574],[112.96473412761802,37.49027792211376],[112.9655583757698,37.49022606912245],[112.9661945101522,37.49030128848337],[112.96708330780888,37.490429501327],[112.96752933253997,37.490555550238916],[112.96792651826152,37.490644274828206],[112.9685491971112,37.4906625004895],[112.96929843029659,37.49048792667957],[112.96977939631773,37.49016760319483],[112.97087358299027,37.48900523874181],[112.97153932629958,37.48884157899177],[112.97304927427244,37.488930773260094],[112.9754218382187,37.48906272831141],[112.97654656540458,37.48906297826683],[112.97704254765812,37.489722072108734],[112.97875795784782,37.49034167011166],[112.97980514013928,37.49102965220206],[112.98037141491484,37.491630347883806],[112.98127434626448,37.4913863818316],[112.98273903054032,37.491571552963954],[112.98339849356977,37.49207532684721],[112.98424327865168,37.49234716234021],[112.98489388141172,37.491611629096425],[112.98551298048655,37.490590594333646],[112.98608018579645,37.48941788273295],[112.98636560102116,37.488989604193684],[112.98869521823046,37.48817812581143],[112.99036948731973,37.487020116589456],[112.99188339272986,37.4859076925612],[112.99341937219094,37.48495219054441],[112.99515225363943,37.48397904232982],[112.99657100984128,37.48266794739143],[112.9971249009529,37.48122845022435],[112.99696470528832,37.4799297385577],[112.99702965408035,37.47899905485653],[112.99759988072472,37.478174236180465],[112.99817352198536,37.477478069162224],[112.99916963162156,37.476474421315004],[113.00014701532876,37.475442479844844],[113.00056575163525,37.474868995580074],[113.00116950097747,37.47352926250947],[113.00306178470305,37.471819165369304],[113.00401018393379,37.47104987483359],[113.004877415538,37.47037729681559],[113.00642156571342,37.46952160002394],[113.00731519465916,37.46849579043665],[113.00758761376674,37.46794771055328],[113.0071258844605,37.46767906443951],[113.00664636283972,37.46763954052883],[113.0057236964038,37.46757893778929],[113.00461914348686,37.4674260724676],[113.00367053465344,37.46728961931355],[113.00313225220022,37.46684110598749],[113.00292264196672,37.466158196340004],[113.0028844899859,37.46517681813374],[113.00310936297842,37.46463908812983],[113.0038437465014,37.46392109940638],[113.00483682753601,37.463932851185625],[113.00589274190284,37.46405793860083],[113.00704277645586,37.46412421233056],[113.00782572979423,37.46388208553885],[113.00932954582423,37.46331306430791],[113.00966422492749,37.46241115388332],[113.00912262918563,37.46183877911909],[113.00880159071929,37.461462869747],[113.00941863360336,37.46083265083325],[113.01040193171455,37.460034113945355],[113.011546750513,37.45946163967862],[113.01203761607294,37.459033774369246],[113.01191393235734,37.45843522548485],[113.01146747602577,37.45784217196807],[113.0114458175742,37.45748024007284],[113.01163244646611,37.4568573369438],[113.01220518808881,37.456361337791435],[113.01306104653258,37.45616560556623],[113.01360231330064,37.45628032643941],[113.0144073460668,37.45641914890921],[113.01492201599046,37.45554275690596],[113.01561305783235,37.4554451606164],[113.01652951152732,37.455725080959155],[113.01760803611731,37.456250116558685],[113.01839787608593,37.45671333518194],[113.01911795831492,37.45680590567252],[113.02017657163381,37.45570090701889],[113.02087407183973,37.45495484261441],[113.02215212083611,37.45364812983195],[113.02336216838681,37.45328417913693],[113.02487297212998,37.453429908752575],[113.02615626679227,37.4531218799324],[113.02678806767854,37.452517644865964],[113.02764082061651,37.45229553506883],[113.02820996005082,37.452114149457856],[113.03000144746673,37.45202617378928],[113.03129243019343,37.45200398381215],[113.03235896105404,37.45164240924562],[113.03407096558949,37.45126971312738],[113.0352448374826,37.452221983719866],[113.03562824691592,37.45313066080247],[113.03614425641811,37.4536366143741],[113.03695026809697,37.45425197601592],[113.03781560030686,37.45440866738187],[113.0381990517481,37.455317334574595],[113.03809751437645,37.45686362428542],[113.03791338190698,37.45801090411469],[113.03817513589557,37.4597225405894],[113.03711317659085,37.46025570475973],[113.03396640189338,37.46065316035196],[113.03248330860916,37.461536764625336],[113.03208853196563,37.462859274412196],[113.0339019606362,37.463571729723064],[113.03494031675918,37.46481235822862],[113.03468707900277,37.46640578228677],[113.03414639278404,37.466867968094206],[113.03377396870914,37.467470267218566],[113.03351658036797,37.467903736103644],[113.03242774493805,37.46855411605745],[113.03083751933372,37.469463379124505],[113.0299886110238,37.47069358021852],[113.02969698646729,37.47152091430368],[113.02950675478358,37.472227328623475],[113.02968727301915,37.472820112753276],[113.02992725568153,37.473399957049395],[113.03023637685452,37.47432422618531],[113.03019303014979,37.47493277459747],[113.02929160572174,37.47532963203582],[113.02840189601609,37.47560710557219],[113.02746361453082,37.475194177518446],[113.02618912109425,37.47451290195745],[113.0253132241717,37.474194228089154],[113.02480986846847,37.47438162457056],[113.02447863754351,37.47485209352741],[113.02420927653081,37.47595314098456],[113.023433793174,37.477694499378735],[113.02265956025589,37.47948350127067],[113.0216162316116,37.4812771054463],[113.02080868028641,37.4823873560958],[113.02094655944455,37.48306430714378],[113.02107509128741,37.484504151472024],[113.02117455233444,37.485420112997524],[113.02153121618566,37.48589071735099],[113.02233923953247,37.48646085147999],[113.02256201800358,37.48695758009981],[113.0229836349212,37.48761774990322],[113.02306736807411,37.48905835791729],[113.02294776269488,37.49016875386903],[113.02278377995424,37.49185195886457],[113.02278344653635,37.49294839283768],[113.02250468830518,37.49370398224058],[113.02235356195432,37.494755327667235],[113.02231946708126,37.49570932699205],[113.02192719283457,37.49669329545411],[113.02185580020468,37.49737382572272],[113.02227233199365,37.497843401191695],[113.02286490558888,37.49873899573238],[113.02318398711598,37.49906126553714],[113.02353888378461,37.49974045196681],[113.02347838285785,37.50074189659646],[113.02335028174173,37.50131614089838],[113.02374327808583,37.50191005669542],[113.02412065484154,37.502590047418465],[113.0243763010027,37.503415135143186],[113.0248787756522,37.5040739089729],[113.02581870078768,37.504534494141645],[113.02664159310748,37.50509242184268],[113.02773944872276,37.50586013967562],[113.02861895615855,37.506297903673804],[113.02926374544892,37.50690654292581],[113.02967445979904,37.50770988417893],[113.03011896309886,37.508655655736234],[113.03041329785458,37.50958017111543],[113.03109772458036,37.51054564726343],[113.03196290687052,37.51155567909229],[113.03222801611071,37.51250452785663],[113.03213358661354,37.51343572971174],[113.03230380872385,37.51419552864195],[113.03266189170613,37.51526195241885],[113.03295628731485,37.51618645970513],[113.03323306699396,37.51756413943966],[113.0332159278629,37.51913756158619],[113.03340657847176,37.51950460803493],[113.03376190049933,37.52004130880758],[113.0349129583357,37.52099395295922],[113.03621911372561,37.52148627360746],[113.03682408075075,37.52172372516604],[113.03710803748491,37.52248155313792],[113.0369134708924,37.52321587517058],[113.03664515552772,37.523239764535305],[113.03646252883523,37.523567074764905],[113.03639675311896,37.52389951835252],[113.03637396619082,37.524162099636584],[113.03626565251342,37.52458108413606],[113.03614756377878,37.525190919115545],[113.03609648273661,37.52551357620477],[113.0361787147368,37.525786262588355],[113.03624534321011,37.52603538323756],[113.0364462580516,37.52627027005812],[113.0365444206296,37.52657843441398],[113.03666925833267,37.52676696270854],[113.03689545103661,37.52793098644154],[113.03690841277299,37.52840746751151],[113.03692396610445,37.528979243858636],[113.03708650214317,37.52945314387999],[113.03736999495123,37.529972625699635],[113.03758847495689,37.53030254801854],[113.03787618969089,37.53097688522308],[113.0379867296656,37.53118949346228],[113.03809791884677,37.53142592604518],[113.03820683758313,37.53157897421761],[113.0384516746848,37.53177734575655],[113.03854888067994,37.53204977237545],[113.03859991720819,37.532275324889696],[113.03864933224646,37.532441318464834],[113.03880539848792,37.53267697526195],[113.03884439713991,37.533009993768474],[113.0389386876547,37.533175212114436],[113.03906159634782,37.53329226472637],[113.03906451637053,37.53339947250357],[113.03890451919261,37.533569083013404],[113.03877962865538,37.533928767753345],[113.03887683896438,37.53420119299142],[113.03894056517566,37.53434310353422],[113.03904754451395,37.53442467912468],[113.03911630994294,37.5347887392098],[113.03844505945679,37.53553923787463],[113.03696887780379,37.53672787753159],[113.03506234829742,37.53794298659061],[113.03487075731586,37.53822457638961],[113.03469513409058,37.53837061501786],[113.0344416447216,37.538625253656015],[113.03425937579682,37.53885721239632],[113.03412921063388,37.53902391878804],[113.033983811882,37.53929099477652],[113.03398905599977,37.53948396972754],[113.03388581643615,37.53965021098554],[113.03388834128118,37.5397431246516],[113.0340766347417,37.53973273003202],[113.03449848954267,37.53972545980758],[113.0348914726261,37.53964717974098],[113.03532875124462,37.53954668440992],[113.03637695745638,37.53948006968237],[113.03672407617653,37.53951050045976],[113.03713408132249,37.5396178343974],[113.0375781749318,37.53965783974933],[113.03790363207936,37.53973802835998],[113.03815754374708,37.53982898515997],[113.03872520644661,37.54000986268497],[113.03920987884709,37.54022077503119],[113.03981474799234,37.540448675719915],[113.04012616435763,37.54045282745654],[113.04034054251433,37.540410985394836],[113.04056532753896,37.54031175987241],[113.04083928176777,37.540259353277676],[113.0410307619911,37.54025604250855],[113.04118582000011,37.540234292944795],[113.04149905604686,37.54030514826921],[113.04165723344018,37.540397753153215],[113.0417540135606,37.54043421579045],[113.04216377020168,37.54053200176333],[113.0424150888372,37.540527653467265],[113.0426986698259,37.54038926991582],[113.0431313220961,37.540448520565946],[113.04338368098323,37.540482287930715],[113.04363604009842,37.540516055649285],[113.04382804224318,37.54053179960709],[113.04400833532472,37.540557279717326],[113.0441821283578,37.54078308713139],[113.04438453659456,37.54074144592982],[113.04457315402544,37.540633304624926],[113.04486037511371,37.540628329231254],[113.04509972653203,37.54062418252683],[113.04549309335766,37.54056016156692],[113.04578291881178,37.540650479429054],[113.04604985275664,37.54077932997912],[113.04628842284305,37.54074659239401],[113.04645258090494,37.54061980383285],[113.04657121415094,37.54057961039259],[113.0468449038917,37.5405176607686],[113.04738631057278,37.54061314554396],[113.04788219458236,37.54079522451043],[113.04818555659307,37.54094250645912],[113.04834348240459,37.541025572013794],[113.04876365298792,37.541065950193214],[113.04924287813076,37.54107669964859],[113.04963833095859,37.541088901833845],[113.05021173168764,37.5410408080415],[113.05054891289,37.541111223258675],[113.05075497360441,37.541202983927555],[113.05094932763683,37.541304481332375],[113.05124851846381,37.54129928236982],[113.05139369635639,37.541353964237985],[113.05151624613448,37.54145670857421],[113.05175763617804,37.541636042999144],[113.0519145346956,37.54179062739283],[113.0521967033868,37.541928732679324],[113.0524129061995,37.541953575518654],[113.05294247753176,37.5419443670498],[113.05323907060436,37.541953509172544],[113.05350034908507,37.5419847159541],[113.05387051351937,37.542056932299204],[113.05435015442411,37.54219159611186],[113.05485829362738,37.54238296575117],[113.05535163048962,37.54239670386336],[113.05684917518779,37.54303790786427],[113.05813925731788,37.543797210680715],[113.05981129520372,37.544511698428344],[113.06095151454586,37.545044768572424],[113.06220460521553,37.54532797101978],[113.06338379370827,37.54553617902086],[113.06513115058985,37.545505620402054],[113.06638556746314,37.5449688291611],[113.0672980183216,37.54419013036965],[113.06825516163171,37.543296233068936],[113.06888350894639,37.5426369077105],[113.06920859237619,37.54226891744283],[113.06985273620583,37.542181351540755],[113.07076385749768,37.542222574457185],[113.07207166262216,37.54275259650519],[113.07316248197156,37.5432292114062],[113.0771319202742,37.54550881210326],[113.07713557869523,37.54550618571732],[113.07793199993293,37.54400248084477],[113.07877591612704,37.54259327338742],[113.0800000097632,37.54194008097177],[113.08009319915878,37.54098503881258],[113.08085617425365,37.540435303036766],[113.08141534341043,37.54009175477669],[113.08197488676122,37.53922382685339],[113.08251912879989,37.53834424809363],[113.08347883982378,37.53787444738244],[113.08420089689285,37.53693213591983],[113.08437532112673,37.536584382629634],[113.0845039745779,37.536367596036264],[113.08455385601968,37.53600919027661],[113.08459242811928,37.5357820761593],[113.08460141503396,37.53556740268729],[113.0846094067733,37.535316994020484],[113.08478392696695,37.53513514896799],[113.08494348867565,37.53495356877171],[113.08493751694208,37.5347391585693],[113.08484791371338,37.534530993649554],[113.08444235387377,37.5340471543623],[113.08425410518134,37.53373585612885],[113.08384927440788,37.53338547832804],[113.08322229650459,37.5327959020201],[113.08279117579305,37.532145662919696],[113.0826492312326,37.53156182528782],[113.0825411969824,37.53090588448223],[113.08246747236663,37.530192133577906],[113.08232632984017,37.529636883949266],[113.08228923113802,37.52862574142185],[113.08240095288382,37.52812323401977],[113.0826590402127,37.5277182528039],[113.0838131549276,37.527030309938496],[113.08424099919148,37.526730365468175],[113.08457184420863,37.52612091317048],[113.08458808121989,37.525844140323066],[113.08460567148236,37.525185982607894],[113.08461978611965,37.524832974281225],[113.08464315594772,37.52418192389159],[113.08300161153393,37.52111234146276],[113.0823963864006,37.519254713784534]]],[[[113.06524360961758,37.48752808187992],[113.06560333923282,37.486600773445076],[113.06611122745146,37.485866713316945],[113.06618254081758,37.48578295995753],[113.06615384726778,37.485186622089714],[113.06622884827023,37.48444660150486],[113.06638961234272,37.48384471549733],[113.06684065128323,37.48300802876111],[113.06756536922771,37.481821970443434],[113.06820512643675,37.48091215919486],[113.06830335540766,37.48081366548268],[113.06655055641791,37.480959106265374],[113.06518432603721,37.48157888651805],[113.06523044667465,37.48238490433781],[113.06517811598326,37.483091343368045],[113.063950194432,37.48368485534741],[113.06289753440089,37.48456131693501],[113.06191555422451,37.48539839848331],[113.0612310393218,37.48661164602151],[113.06165249596681,37.488015336955115],[113.06154933432195,37.48948538963158],[113.06172900618886,37.49079795898615],[113.06166110494422,37.49180975951822],[113.0620613055716,37.49330915959742],[113.06209642765062,37.49458611472322],[113.06132454181981,37.496105978391064],[113.06138986677735,37.49761122485238],[113.06112796728034,37.49853106970064],[113.06111167666884,37.50120248753865],[113.06186735771196,37.50257173710082],[113.06289393503691,37.50283982942369],[113.06359163180839,37.50297064953169],[113.06414631832513,37.50312303391587],[113.06465248849796,37.503686229526906],[113.06519574526997,37.50385787617209],[113.06581774580411,37.50384699559267],[113.06645328368224,37.503893079857],[113.06672195547016,37.50408859291578],[113.06700088048922,37.50465575537171],[113.06792311276561,37.505116311422604],[113.06899731836639,37.50587928691469],[113.06949605498512,37.506604669628466],[113.06974163911903,37.507696782476664],[113.06981230077922,37.5082286560031],[113.06958037401502,37.50913590520843],[113.06955516021718,37.50995627680995],[113.06993088375363,37.510559870292276],[113.0708048306852,37.511002180484134],[113.07184732022179,37.51147966321747],[113.0719339410252,37.51159126660259],[113.07198725492819,37.51140082534907],[113.07183303339602,37.51106345692128],[113.07158884115039,37.51079523159281],[113.07130265568682,37.51059305411709],[113.07079389800505,37.5103677542401],[113.07033466778086,37.50999068931103],[113.0702756907742,37.50951877206793],[113.07056213488273,37.50914214442205],[113.07084860828473,37.50894568942918],[113.07092617828772,37.50881145154977],[113.07094632255537,37.50861966643863],[113.07091359218582,37.50838151223026],[113.07078576464357,37.50812926098663],[113.07065013160408,37.50777354766005],[113.07072734679899,37.50731951206385],[113.07104374411998,37.506901819630016],[113.07139102496988,37.50662997473575],[113.0715752477749,37.50636549401724],[113.07157927852836,37.50594877588878],[113.07145849000852,37.50543965726374],[113.0710687465271,37.50501858416865],[113.07040293677484,37.504811800567445],[113.06972539836696,37.50479440035539],[113.06921779817041,37.504686183416815],[113.06888762609012,37.50437441508096],[113.06873717020417,37.50409553221652],[113.06859244276198,37.50387060081248],[113.06833075113198,37.50360717795207],[113.06803070627859,37.50336244415823],[113.06770185633995,37.50322631718218],[113.06728827300579,37.503195271741696],[113.06676152048489,37.503186474028894],[113.0660752561773,37.503108396926066],[113.06537438143374,37.50293598092615],[113.06492177159429,37.50269390664804],[113.06452640516773,37.50242605718182],[113.06395454610931,37.50219056829646],[113.06340663315946,37.502028979428445],[113.06302303593442,37.501880282186455],[113.06283962736141,37.50163574909376],[113.06289863266679,37.501263113537846],[113.06319993201068,37.50080967117994],[113.06355508473324,37.50043861679264],[113.06372681547165,37.50028472169193],[113.0638132898103,37.50024267102552],[113.06409878130223,37.49998544012733],[113.06446560562385,37.49916600084929],[113.06462617260085,37.4983501660209],[113.06446428726115,37.497321509078205],[113.06422229161697,37.49594967280083],[113.06407080132104,37.4948104775832],[113.06404533661382,37.493628540766736],[113.06407593994618,37.49217311256712],[113.06417428497375,37.491099367701146],[113.06433885477713,37.49012130685647],[113.06457122075236,37.4888853150445],[113.06489196077368,37.48793380158785],[113.06524360961758,37.48752808187992]]],[[[113.07304314043381,37.474192730918574],[113.07277458630477,37.47634368270582],[113.07303751778151,37.47771814023298],[113.07342828916354,37.477636033968864],[113.0737972342164,37.477462897213265],[113.0739469294972,37.47710217609026],[113.07399714688177,37.4765675331601],[113.07414591162556,37.47601989887976],[113.07442293628442,37.4755375758616],[113.074700891335,37.47508901972889],[113.07474887772663,37.47467828318228],[113.07444473710687,37.47446066109354],[113.07336252863047,37.47425895070955],[113.07304314043381,37.474192730918574]]],[[[113.07303509188509,37.44470651104162],[113.07256242627226,37.44527092074724],[113.07179784870857,37.44681456182912],[113.07072371883561,37.44819200966384],[113.07038938056289,37.449728099645114],[113.06931873054201,37.45123418509837],[113.06928186999427,37.4531511938598],[113.06823480636163,37.454213518574356],[113.0679191139761,37.45577787786501],[113.06685401546305,37.458141916448554],[113.0675965719196,37.46040626444218],[113.06762025793539,37.460402945483864],[113.06804813444121,37.46047428124913],[113.06853041152151,37.46057168947017],[113.06899162869826,37.46054559481276],[113.06944750810699,37.46032590742794],[113.06986631762139,37.45994020557147],[113.07012107429861,37.45949657036008],[113.07008754370393,37.45904897664865],[113.06980422155894,37.45848189110969],[113.06950555035631,37.457793456036626],[113.06935985841619,37.45719693221083],[113.06946082089293,37.456708695508375],[113.06973020839021,37.45625804738378],[113.07007752509296,37.45591864126145],[113.07066246526995,37.45538588798499],[113.07147649559278,37.45458110772456],[113.07217902260822,37.453933675997085],[113.07268418247529,37.453454112591245],[113.07312828182015,37.4528607574111],[113.07350625465364,37.452149196652165],[113.07374549710413,37.45134998243253],[113.07385786170079,37.450559751543665],[113.07396147838988,37.44986201387034],[113.07401700549094,37.44926421388788],[113.07395431512946,37.4487585769405],[113.0738430979495,37.44841369512661],[113.07359785097754,37.447409028171904],[113.07324042719857,37.44571716642752],[113.07303509188509,37.44470651104162]]],[[[112.9887323113025,37.44049766175113],[112.98844525214953,37.44036846956443],[112.9879798600695,37.44015333245612],[112.98750101053207,37.43996319384835],[112.98715282553815,37.43985418734355],[112.98673855012748,37.4398093522325],[112.98614124373448,37.4398126362264],[112.98562779233923,37.439942885060695],[112.98526236524187,37.44019676675706],[112.98498648057473,37.44052571991523],[112.98487413289905,37.44092399412253],[112.9847467066674,37.4412594604168],[112.98440612270288,37.441411573997286],[112.98390550450881,37.44141322373996],[112.98338153944593,37.441440038194735],[112.98284989934054,37.441577335181876],[112.98218267580481,37.441714652366024],[112.98135468071193,37.44180736710294],[112.98046815677763,37.44190330843794],[112.97959145997382,37.442023852505265],[112.97826694983058,37.44211360102997],[112.9765852017676,37.442125978184606],[112.9754352480242,37.44211367845916],[112.97473075020312,37.442123201473656],[112.97391984982566,37.44216828168753],[112.9731991820901,37.44223437126445],[112.97271456745226,37.44233480341251],[112.97245771478157,37.44250350224278],[112.9723872822689,37.44277944746197],[112.97251605570433,37.44335386259463],[112.97279803310312,37.44414193104],[112.97310611333751,37.4447674045006],[112.9732822860599,37.44518337307866],[112.9732372163212,37.44553772153768],[112.97294547917551,37.44574979650384],[112.9726246662634,37.44584974519206],[112.97242226684702,37.44596798673541],[112.97220993588336,37.44616522109729],[112.97194495902632,37.44637459382989],[112.9716556214596,37.44654383409812],[112.97131934456417,37.44675439442111],[112.97103485409735,37.44716228662344],[112.97090237802388,37.44771178212659],[112.9709042524403,37.448186966334724],[112.97085163352295,37.448469369010525],[112.97057681715452,37.448654128852695],[112.97009445686861,37.44881532296404],[112.9696189760205,37.44894261675976],[112.96925496498112,37.449038772260955],[112.96885148794753,37.449218916110155],[112.9684987781211,37.44942298765054],[112.96826794990538,37.449534938425046],[112.9679821142483,37.44959600481602],[112.96762555554506,37.449491584908486],[112.96720510243269,37.44918552844671],[112.96657504947542,37.44883116021134],[112.96553587020261,37.44857593460464],[112.9642925734677,37.4484817476598],[112.96331523388564,37.44856555712514],[112.96259696344345,37.448915321206165],[112.96188986099405,37.44947660293811],[112.96130210775215,37.45006517854828],[112.96058215124395,37.450892425902325],[112.95966750406112,37.451972894096016],[112.95894821771317,37.452827148605614],[112.95831218619176,37.45385151651128],[112.95956924553909,37.45384765891036],[112.96125873649477,37.453283318673236],[112.96303785556887,37.45271746432853],[112.96460403127503,37.452584168829915],[112.96536397207578,37.45284887905843],[112.96734099888852,37.45334605897051],[112.96895856507695,37.45346212506189],[112.97022587180675,37.45327621313819],[112.97192034375092,37.4528198114773],[112.97316049629093,37.452227047627915],[112.97495612244182,37.450588131986734],[112.97748641077396,37.44790004060523],[112.97945736761093,37.44611510849676],[112.98087569926705,37.44548352572922],[112.98362925206987,37.444471980158575],[112.98459551099879,37.44386721580827],[112.98471818837356,37.443680503212555],[112.98637823778557,37.442301436833766],[112.98805211903039,37.441164922431554],[112.9887323113025,37.44049766175113]]],[[[113.06179394156455,37.39871174939144],[113.06167265828165,37.398612516569685],[113.06117187920681,37.39839152596872],[113.06057634813526,37.398266777122394],[113.0602891368189,37.39822354344728],[113.05915344473897,37.39812860931864],[113.05912222643964,37.39811606358833],[113.0587043498328,37.39817552569839],[113.05838580387436,37.39837250813354],[113.0582364696255,37.39864086745438],[113.05823393241842,37.399012523181874],[113.05816001864649,37.39961289272383],[113.05778845308687,37.40029726988559],[113.05708681397067,37.40068986708349],[113.05848316398145,37.40149036640964],[113.0601978415564,37.40246158373699],[113.0616717797413,37.4039136867527],[113.06211698377962,37.40489509535257],[113.06352534351895,37.40615914231485],[113.06429917978022,37.408108773398276],[113.06511000127806,37.40834666017158],[113.06608219265601,37.40947377324328],[113.06730120703875,37.410882586733415],[113.06805601269738,37.41225184009882],[113.07002347102892,37.41262259731115],[113.07153718977533,37.413334974005416],[113.07278606605216,37.41419498855398],[113.07399494889611,37.41577075507083],[113.07526376033947,37.41680915867337],[113.0770209236916,37.41875662988153],[113.07777500159965,37.42009007567821],[113.07914388716085,37.42211957014799],[113.07931741462143,37.42407102106699],[113.07974707459552,37.42663768428322],[113.07952613565568,37.42945415078704],[113.07831359976478,37.43100094966365],[113.07864793384593,37.43228217979366],[113.07798891273946,37.43439128605531],[113.07683602278006,37.435937021875766],[113.07605510888054,37.437964835702374],[113.07517770669592,37.43866551680376],[113.07468120801114,37.44015679769543],[113.07367554898045,37.44076080293718],[113.07360091238206,37.44115335635058],[113.07361053940926,37.44116579311486],[113.07383259205527,37.441535755979494],[113.07419525458268,37.441806406543314],[113.07469004224545,37.44184952093412],[113.07516192067057,37.441676824854625],[113.0756340610916,37.44113026382021],[113.07611674878466,37.440326767929406],[113.07643092707916,37.439686135247015],[113.07666536817295,37.43902212965392],[113.07704378695298,37.4381258706226],[113.07758753032662,37.437386609557464],[113.07817009776102,37.436851609645544],[113.07857918775605,37.43629938873188],[113.07871029338747,37.43572953512962],[113.07866296730991,37.43509075098558],[113.07862666531159,37.43446753875886],[113.07863770845762,37.43407546678893],[113.07874147334348,37.43374257247658],[113.07910068619107,37.433276809875075],[113.07992838878451,37.43285009611787],[113.08093527692239,37.432647691687045],[113.08171604640638,37.43264294858091],[113.0823137485002,37.432681964557844],[113.08272507035836,37.43256886382943],[113.08302170295742,37.43226634921016],[113.08335618750627,37.43187758298569],[113.08362450022977,37.43152151465415],[113.08369114786625,37.43120053147123],[113.08366480776247,37.430836144219626],[113.08373706324318,37.430233539829146],[113.08394415522504,37.42947766420507],[113.08415546756686,37.428899633567546],[113.08441684382137,37.42837026758129],[113.08475466653543,37.42769541377009],[113.08501484809372,37.427123276701955],[113.08522518623938,37.42620518486434],[113.08543430339537,37.424861452307766],[113.08552207580246,37.42390273017462],[113.08540092084645,37.423199937979376],[113.08515442519372,37.422330445141455],[113.08491336558565,37.42165679379844],[113.08461824435267,37.421222827290876],[113.08423835454639,37.420837649453915],[113.08410311905143,37.4206958951152],[113.08394629963394,37.42051398251338],[113.08360913033293,37.42021813612893],[113.0831156530993,37.41991153047691],[113.08267439438744,37.4196040032789],[113.08175706103158,37.418903974357086],[113.08027490454131,37.417817498811274],[113.07909336067809,37.41695543707194],[113.07815586384001,37.41613636773599],[113.07712644317218,37.41513197645428],[113.07645322975385,37.41447490872719],[113.07572533433212,37.41408680781645],[113.07466242187452,37.41365728713298],[113.07390301470906,37.41338008370249],[113.07359191413084,37.41313104533909],[113.07340969205356,37.412717589565524],[113.07329956900597,37.412230798580794],[113.07320519323748,37.41177751357687],[113.07302063071286,37.41140688914385],[113.07261965423122,37.41112338996812],[113.07202283402322,37.410879357823184],[113.07140319329592,37.410626713053],[113.07085821620605,37.4103682541408],[113.07024495784695,37.41009071755926],[113.06949240838448,37.409804357073995],[113.06881005719167,37.40955504962158],[113.06826522019726,37.409301079458594],[113.06785147439012,37.40898850809331],[113.06766832944564,37.40864262460791],[113.06769545048564,37.40826828750837],[113.06779108859944,37.40787022996021],[113.06786927338143,37.40747923419843],[113.06782856733439,37.407076805664545],[113.06767731088311,37.4066582939637],[113.06749837080193,37.40628530868643],[113.06702095658214,37.40578691732243],[113.0662159327513,37.40512984122721],[113.06552958565885,37.40457879106705],[113.06510649056608,37.40410421601144],[113.06478555744631,37.40357155043308],[113.06455395706458,37.40310488838284],[113.06420814796967,37.40251409837979],[113.06373720648837,37.40176108324764],[113.063409847533,37.401199246634576],[113.06308668267206,37.40055850995293],[113.06258270932831,37.39965516836695],[113.06210147728268,37.398963134077135],[113.06179394156455,37.39871174939144]]],[[[112.99740287818143,37.43280028436873],[112.99721145664918,37.43296178711325],[112.99659702996848,37.43335504537865],[112.9962276163262,37.43361578525336],[112.9959752731222,37.43395112056788],[112.99561184545853,37.434464004346665],[112.99530144070718,37.434926441870516],[112.99503995192563,37.43521013041677],[112.99471984643723,37.435413727691405],[112.99436052591372,37.43565627400399],[112.99404854514246,37.43603315204809],[112.99390886453432,37.436473725947636],[112.99466700131497,37.43616064463324],[112.9949410990561,37.43576173056952],[112.99604165038015,37.43443218026725],[112.99714406426031,37.43317409515016],[112.99740287818143,37.43280028436873]]],[[[113.04919829590978,37.39836090894288],[113.04918932926918,37.39824401177112],[113.0489317430116,37.39782956960414],[113.0484222028478,37.39757038928928],[113.04781200721935,37.39739853329259],[113.04720368051483,37.3973212348403],[113.0467138619933,37.39724188116163],[113.04634225022475,37.39704561716234],[113.04626591225403,37.396964198410565],[113.04601612371114,37.396827176151945],[113.04594292932225,37.396634789470674],[113.04555915608445,37.396302432715366],[113.04494058496044,37.39597755867154],[113.04432992414404,37.395735874984254],[113.04373953097341,37.39559068209767],[113.04307598523057,37.39553233430633],[113.04235149493975,37.39554260205061],[113.04169555387729,37.39550438376714],[113.04117475511077,37.395348967990955],[113.04070402032427,37.395113857534824],[113.04017403710095,37.39487976873861],[113.03959873172359,37.39476084318764],[113.0392669306502,37.394779293001015],[113.03817035178469,37.39501177666549],[113.03788787947788,37.3949193711131],[113.03728953690073,37.39502636010023],[113.03675662342438,37.395100857499116],[113.03663339111883,37.39513676362028],[113.03619032844377,37.395245744210705],[113.03609663834051,37.39530731477118],[113.03581992397805,37.39592228558325],[113.0351295625144,37.397459657771776],[113.03434829796768,37.3989509200736],[113.03374650438404,37.400451006841934],[113.03339144790276,37.40168465270608],[113.03244024751723,37.402766718010845],[113.03224194454553,37.40329784017808],[113.03182116380614,37.403648308346504],[113.03161656357143,37.40403796315785],[113.03145088767381,37.40454136009291],[113.03114896665889,37.40464665941373],[113.03057324372996,37.40457074339405],[113.03005860796438,37.40476550236063],[113.02966631754882,37.40484374656444],[113.02908641188027,37.404865247779426],[113.02883076190305,37.405099538041],[113.02806099180104,37.40563300638296],[113.02732334709964,37.40599700355482],[113.02672024874072,37.40619427905265],[113.02612555226399,37.40610087280213],[113.02541693949819,37.40581347534325],[113.0246583808869,37.405641085856686],[113.02389467485861,37.40602843815275],[113.02357658916372,37.40664407865341],[113.02315031251753,37.40768107847613],[113.02289999617248,37.40903923107617],[113.02242871614975,37.40984200886989],[113.02205324497777,37.410293490316775],[113.02173725310122,37.410793024466685],[113.02110302072958,37.411409713270714],[113.02109241559191,37.41141722412811],[113.01979859762608,37.41282971280085],[113.01921248805006,37.4132592365136],[113.01816980853059,37.41360121239354],[113.01710513602013,37.414245363708105],[113.01493230069491,37.41722731761221],[113.01427982525568,37.41860996929719],[113.01330276123363,37.421075482048174],[113.01202840780302,37.42251832136234],[113.01198889106043,37.42265054574147],[113.01189331714046,37.423273779616295],[113.01189093490285,37.423870652792864],[113.01176536904188,37.42458673730872],[113.01129582815284,37.42519156188129],[113.01044960264612,37.42567667031957],[113.00954080017316,37.42617184481475],[113.00886779062147,37.42664048405274],[113.00848894440183,37.42712664073738],[113.00822384658383,37.42763934864525],[113.00864040883363,37.42751846935546],[113.0092480283879,37.42676923363386],[113.00962874773661,37.42647673092433],[113.01046334972813,37.426951165436485],[113.01126617542795,37.42735462813249],[113.01209946830117,37.42722126279553],[113.01287295187517,37.426528773381555],[113.01352341557009,37.42570727880155],[113.01430637966072,37.424812014614304],[113.01543605912687,37.42403001122743],[113.01716508557159,37.42330927428654],[113.01859407564305,37.42254596758883],[113.02035354803483,37.421848500604334],[113.02133600181627,37.42115238292367],[113.02183472761793,37.42025001389642],[113.02204998713752,37.41936441115857],[113.0231819891308,37.41770307641774],[113.02346580981849,37.4165898589374],[113.02485817816847,37.41502860949083],[113.02587325940131,37.4144391571327],[113.02680931659552,37.41424433908511],[113.02791686956738,37.41376054374353],[113.02906824658092,37.41324023198489],[113.02952554417165,37.41288406258932],[113.03135712596907,37.41163252599803],[113.03267380487019,37.410596871114215],[113.03452729865342,37.40888901514901],[113.03534357462455,37.408136054914806],[113.0360066348865,37.40724271565886],[113.03652680348003,37.406590190865664],[113.03676808020569,37.40612123819834],[113.03693211003885,37.40555827283614],[113.03708185065862,37.40501939054192],[113.0373240872688,37.40458617301993],[113.0382934043364,37.404521788550554],[113.0392691777557,37.40469564137322],[113.04130033551687,37.40365503019325],[113.0423854809123,37.40235511771254],[113.04321251910017,37.4011788355962],[113.04377256856766,37.39979860360024],[113.04486409232341,37.39873691514149],[113.04637347892418,37.39793613299467],[113.04805402895458,37.39793681997726],[113.04919829590978,37.39836090894288]]],[[[113.05339382563376,37.399839262358135],[113.05449942472515,37.39984032592594],[113.05432190687014,37.399681910196925],[113.05375928913803,37.39965114786508],[113.05339382563376,37.399839262358135]]]]},"properties":{"code":"SXPR-P01","name_short":"八缚岭","name_full":"山西八缚岭省级自然保护区","zone":"buffer","area_km2":29.134,"feature_count":1}},{"type":"Feature","geometry":{"type":"MultiPolygon","coordinates":[[[[113.0771319202742,37.54550881210326],[113.07316248197156,37.5432292114062],[113.07207166262216,37.54275259650519],[113.07076385749768,37.542222574457185],[113.06985273620583,37.542181351540755],[113.06920859237619,37.54226891744283],[113.06888350894639,37.5426369077105],[113.06825516163171,37.543296233068936],[113.0672980183216,37.54419013036965],[113.06638556746314,37.5449688291611],[113.06513115058985,37.545505620402054],[113.06338379370827,37.54553617902086],[113.06220460521553,37.54532797101978],[113.06095151454586,37.545044768572424],[113.05981129520372,37.544511698428344],[113.05813925731788,37.543797210680715],[113.05684917518779,37.54303790786427],[113.05535163048962,37.54239670386336],[113.05485829362738,37.54238296575117],[113.05435015442411,37.54219159611186],[113.05387051351937,37.542056932299204],[113.05350034908507,37.5419847159541],[113.05323907060436,37.541953509172544],[113.05294247753176,37.5419443670498],[113.0524129061995,37.541953575518654],[113.0521967033868,37.541928732679324],[113.0519145346956,37.54179062739283],[113.05175763617804,37.541636042999144],[113.05151624613448,37.54145670857421],[113.05139369635639,37.541353964237985],[113.05124851846381,37.54129928236982],[113.05094932763683,37.541304481332375],[113.05075497360441,37.541202983927555],[113.05054891289,37.541111223258675],[113.05021173168764,37.5410408080415],[113.04963833095859,37.541088901833845],[113.04924287813076,37.54107669964859],[113.04876365298792,37.541065950193214],[113.04834348240459,37.541025572013794],[113.04818555659307,37.54094250645912],[113.04788219458236,37.54079522451043],[113.04738631057278,37.54061314554396],[113.0468449038917,37.5405176607686],[113.04657121415094,37.54057961039259],[113.04645258090494,37.54061980383285],[113.04628842284305,37.54074659239401],[113.04604985275664,37.54077932997912],[113.04578291881178,37.540650479429054],[113.04549309335766,37.54056016156692],[113.04509972653203,37.54062418252683],[113.04486037511371,37.540628329231254],[113.04457315402544,37.540633304624926],[113.04438453659456,37.54074144592982],[113.0441821283578,37.54078308713139],[113.04400833532472,37.540557279717326],[113.04382804224318,37.54053179960709],[113.04363604009842,37.540516055649285],[113.04338368098323,37.540482287930715],[113.0431313220961,37.540448520565946],[113.0426986698259,37.54038926991582],[113.0424150888372,37.540527653467265],[113.04216377020168,37.54053200176333],[113.0417540135606,37.54043421579045],[113.04165723344018,37.540397753153215],[113.04149905604686,37.54030514826921],[113.04118582000011,37.540234292944795],[113.0410307619911,37.54025604250855],[113.04083928176777,37.540259353277676],[113.04056532753896,37.54031175987241],[113.04034054251433,37.540410985394836],[113.04012616435763,37.54045282745654],[113.03981474799234,37.540448675719915],[113.03920987884709,37.54022077503119],[113.03872520644661,37.54000986268497],[113.03815754374708,37.53982898515997],[113.03790363207936,37.53973802835998],[113.0375781749318,37.53965783974933],[113.03713408132249,37.5396178343974],[113.03672407617653,37.53951050045976],[113.03637695745638,37.53948006968237],[113.03532875124462,37.53954668440992],[113.0348914726261,37.53964717974098],[113.03449848954267,37.53972545980758],[113.0340766347417,37.53973273003202],[113.03388834128118,37.5397431246516],[113.03388581643615,37.53965021098554],[113.03398905599977,37.53948396972754],[113.033983811882,37.53929099477652],[113.03412921063388,37.53902391878804],[113.03425937579682,37.53885721239632],[113.0344416447216,37.538625253656015],[113.03469513409058,37.53837061501786],[113.03487075731586,37.53822457638961],[113.03506234829742,37.53794298659061],[113.03696887780379,37.53672787753159],[113.03844505945679,37.53553923787463],[113.03911630994294,37.5347887392098],[113.03904754451395,37.53442467912468],[113.03894056517566,37.53434310353422],[113.03887683896438,37.53420119299142],[113.03877962865538,37.533928767753345],[113.03890451919261,37.533569083013404],[113.03906451637053,37.53339947250357],[113.03906159634782,37.53329226472637],[113.0389386876547,37.533175212114436],[113.03884439713991,37.533009993768474],[113.03880539848792,37.53267697526195],[113.03864933224646,37.532441318464834],[113.03859991720819,37.532275324889696],[113.03854888067994,37.53204977237545],[113.0384516746848,37.53177734575655],[113.03820683758313,37.53157897421761],[113.03809791884677,37.53142592604518],[113.0379867296656,37.53118949346228],[113.03787618969089,37.53097688522308],[113.03758847495689,37.53030254801854],[113.03736999495123,37.529972625699635],[113.03708650214317,37.52945314387999],[113.03692396610445,37.528979243858636],[113.03690841277299,37.52840746751151],[113.03689545103661,37.52793098644154],[113.03666925833267,37.52676696270854],[113.0365444206296,37.52657843441398],[113.0364462580516,37.52627027005812],[113.03624534321011,37.52603538323756],[113.0361787147368,37.525786262588355],[113.03609648273661,37.52551357620477],[113.03614756377878,37.525190919115545],[113.03626565251342,37.52458108413606],[113.03637396619082,37.524162099636584],[113.03639675311896,37.52389951835252],[113.03646252883523,37.523567074764905],[113.03664515552772,37.523239764535305],[113.0369134708924,37.52321587517058],[113.03710803748491,37.52248155313792],[113.03682408075075,37.52172372516604],[113.03621911372561,37.52148627360746],[113.0349129583357,37.52099395295922],[113.03376190049933,37.52004130880758],[113.03340657847176,37.51950460803493],[113.0332159278629,37.51913756158619],[113.03323306699396,37.51756413943966],[113.03295628731485,37.51618645970513],[113.03266189170613,37.51526195241885],[113.03230380872385,37.51419552864195],[113.03213358661354,37.51343572971174],[113.03222801611071,37.51250452785663],[113.03196290687052,37.51155567909229],[113.03109772458036,37.51054564726343],[113.03041329785458,37.50958017111543],[113.03011896309886,37.508655655736234],[113.02967445979904,37.50770988417893],[113.02926374544892,37.50690654292581],[113.02861895615855,37.506297903673804],[113.02773944872276,37.50586013967562],[113.02664159310748,37.50509242184268],[113.02581870078768,37.504534494141645],[113.0248787756522,37.5040739089729],[113.0243763010027,37.503415135143186],[113.02412065484154,37.502590047418465],[113.02374327808583,37.50191005669542],[113.02335028174173,37.50131614089838],[113.02347838285785,37.50074189659646],[113.02353888378461,37.49974045196681],[113.02318398711598,37.49906126553714],[113.02286490558888,37.49873899573238],[113.02227233199365,37.497843401191695],[113.02185580020468,37.49737382572272],[113.02192719283457,37.49669329545411],[113.02231946708126,37.49570932699205],[113.02235356195432,37.494755327667235],[113.02250468830518,37.49370398224058],[113.02278344653635,37.49294839283768],[113.02278377995424,37.49185195886457],[113.02294776269488,37.49016875386903],[113.02306736807411,37.48905835791729],[113.0229836349212,37.48761774990322],[113.02256201800358,37.48695758009981],[113.02233923953247,37.48646085147999],[113.02153121618566,37.48589071735099],[113.02117455233444,37.485420112997524],[113.02107509128741,37.484504151472024],[113.02094655944455,37.48306430714378],[113.02080868028641,37.4823873560958],[113.0216162316116,37.4812771054463],[113.02265956025589,37.47948350127067],[113.023433793174,37.477694499378735],[113.02420927653081,37.47595314098456],[113.02447863754351,37.47485209352741],[113.02480986846847,37.47438162457056],[113.0253132241717,37.474194228089154],[113.02618912109425,37.47451290195745],[113.02746361453082,37.475194177518446],[113.02840189601609,37.47560710557219],[113.02929160572174,37.47532963203582],[113.03019303014979,37.47493277459747],[113.03023637685452,37.47432422618531],[113.02992725568153,37.473399957049395],[113.02968727301915,37.472820112753276],[113.02950675478358,37.472227328623475],[113.02969698646729,37.47152091430368],[113.0299886110238,37.47069358021852],[113.03083751933372,37.469463379124505],[113.03242774493805,37.46855411605745],[113.03351658036797,37.467903736103644],[113.03377396870914,37.467470267218566],[113.03414639278404,37.466867968094206],[113.03468707900277,37.46640578228677],[113.03494031675918,37.46481235822862],[113.0339019606362,37.463571729723064],[113.03208853196563,37.462859274412196],[113.03248330860916,37.461536764625336],[113.03396640189338,37.46065316035196],[113.03711317659085,37.46025570475973],[113.03817513589557,37.4597225405894],[113.03791338190698,37.45801090411469],[113.03809751437645,37.45686362428542],[113.0381990517481,37.455317334574595],[113.03781560030686,37.45440866738187],[113.03695026809697,37.45425197601592],[113.03614425641811,37.4536366143741],[113.03562824691592,37.45313066080247],[113.0352448374826,37.452221983719866],[113.03407096558949,37.45126971312738],[113.03235896105404,37.45164240924562],[113.03129243019343,37.45200398381215],[113.03000144746673,37.45202617378928],[113.02820996005082,37.452114149457856],[113.02764082061651,37.45229553506883],[113.02678806767854,37.452517644865964],[113.02615626679227,37.4531218799324],[113.02487297212998,37.453429908752575],[113.02336216838681,37.45328417913693],[113.02215212083611,37.45364812983195],[113.02087407183973,37.45495484261441],[113.02017657163381,37.45570090701889],[113.01911795831492,37.45680590567252],[113.01839787608593,37.45671333518194],[113.01760803611731,37.456250116558685],[113.01652951152732,37.455725080959155],[113.01561305783235,37.4554451606164],[113.01492201599046,37.45554275690596],[113.0144073460668,37.45641914890921],[113.01360231330064,37.45628032643941],[113.01306104653258,37.45616560556623],[113.01220518808881,37.456361337791435],[113.01163244646611,37.4568573369438],[113.0114458175742,37.45748024007284],[113.01146747602577,37.45784217196807],[113.01191393235734,37.45843522548485],[113.01203761607294,37.459033774369246],[113.011546750513,37.45946163967862],[113.01040193171455,37.460034113945355],[113.00941863360336,37.46083265083325],[113.00880159071929,37.461462869747],[113.00912262918563,37.46183877911909],[113.00966422492749,37.46241115388332],[113.00932954582423,37.46331306430791],[113.00782572979423,37.46388208553885],[113.00704277645586,37.46412421233056],[113.00589274190284,37.46405793860083],[113.00483682753601,37.463932851185625],[113.0038437465014,37.46392109940638],[113.00310936297842,37.46463908812983],[113.0028844899859,37.46517681813374],[113.00292264196672,37.466158196340004],[113.00313225220022,37.46684110598749],[113.00367053465344,37.46728961931355],[113.00461914348686,37.4674260724676],[113.0057236964038,37.46757893778929],[113.00664636283972,37.46763954052883],[113.0071258844605,37.46767906443951],[113.00758761376674,37.46794771055328],[113.00731519465916,37.46849579043665],[113.00642156571342,37.46952160002394],[113.004877415538,37.47037729681559],[113.00401018393379,37.47104987483359],[113.00306178470305,37.471819165369304],[113.00116950097747,37.47352926250947],[113.00056575163525,37.474868995580074],[113.00014701532876,37.475442479844844],[112.99916963162156,37.476474421315004],[112.99817352198536,37.477478069162224],[112.99759988072472,37.478174236180465],[112.99702965408035,37.47899905485653],[112.99696470528832,37.4799297385577],[112.9971249009529,37.48122845022435],[112.99657100984128,37.48266794739143],[112.99515225363943,37.48397904232982],[112.99341937219094,37.48495219054441],[112.99188339272986,37.4859076925612],[112.99036948731973,37.487020116589456],[112.98869521823046,37.48817812581143],[112.98636560102116,37.488989604193684],[112.98608018579645,37.48941788273295],[112.98551298048655,37.490590594333646],[112.98489388141172,37.491611629096425],[112.98424327865168,37.49234716234021],[112.98339849356977,37.49207532684721],[112.98273903054032,37.491571552963954],[112.98127434626448,37.4913863818316],[112.98037141491484,37.491630347883806],[112.97980514013928,37.49102965220206],[112.97875795784782,37.49034167011166],[112.97704254765812,37.489722072108734],[112.97654656540458,37.48906297826683],[112.9754218382187,37.48906272831141],[112.97304927427244,37.488930773260094],[112.97153932629958,37.48884157899177],[112.97087358299027,37.48900523874181],[112.96977939631773,37.49016760319483],[112.96929843029659,37.49048792667957],[112.9685491971112,37.4906625004895],[112.96792651826152,37.490644274828206],[112.96752933253997,37.490555550238916],[112.96708330780888,37.490429501327],[112.9661945101522,37.49030128848337],[112.9655583757698,37.49022606912245],[112.96473412761802,37.49027792211376],[112.96414633473464,37.49022095956574],[112.96341252561136,37.49007107915465],[112.96281177755576,37.489976187905405],[112.96228378738624,37.489918222975845],[112.96184873664785,37.48975383345894],[112.9608417244702,37.48967998252979],[112.95986004693098,37.48956742549059],[112.95926455969084,37.4894225142655],[112.95899639331871,37.48946271571245],[112.95918886639059,37.48996007227593],[112.95959656003622,37.49068029468037],[112.95983899731937,37.491372272698186],[112.96050855025136,37.49220812796355],[112.96032144195088,37.49270853914527],[112.96008970232167,37.49391370121716],[112.95956890165606,37.49504738574047],[112.95913281508025,37.49576015577401],[112.95834488172642,37.49583043017155],[112.95752257168978,37.49550083095009],[112.95710793683388,37.49520260679847],[112.95644061028847,37.495309006993985],[112.955451797051,37.495935576991556],[112.95471212977985,37.49693938558911],[112.9540128378157,37.497656493666085],[112.95326121626286,37.498202845797685],[112.95267009376933,37.498479581068956],[112.95130141174918,37.49922680900032],[112.95026912033977,37.500025671318205],[112.94905041573715,37.50050224447241],[112.94806603896123,37.50061383047912],[112.94645798977757,37.50090253943873],[112.94557068233844,37.50119252014788],[112.94492432528597,37.501072071247144],[112.94449823865583,37.50079306013663],[112.94385312230183,37.500720256236555],[112.94355160272701,37.500629876512086],[112.94336723207383,37.500442225383246],[112.94321184110147,37.50021834421431],[112.94309543966155,37.49976738198936],[112.94262049798863,37.49933423598151],[112.94175547441877,37.49874794683793],[112.94121334471674,37.49855048116277],[112.94055076966461,37.498380220291175],[112.9396848506263,37.49821329497658],[112.93947167514101,37.498095250730266],[112.93864676072421,37.4979169581266],[112.93757782046106,37.49753406246657],[112.93736678671505,37.49700837158617],[112.93712208874473,37.49656904233785],[112.93689607415526,37.49615800787319],[112.93675794676636,37.49535291792942],[112.936488170611,37.4950050036653],[112.93563948681879,37.49476276955704],[112.93524795374027,37.49419712873257],[112.93498828823195,37.49387245073635],[112.93431007473428,37.49332580579253],[112.93414049039377,37.49301395166827],[112.93387751542573,37.49256061213101],[112.93370793472896,37.49224875724864],[112.93315385753542,37.4916428662267],[112.93288020690436,37.49077495760389],[112.93286325600302,37.4901173685718],[112.93287912952388,37.48928762942797],[112.93265817881692,37.48884188061485],[112.9321511162767,37.48820184463234],[112.93123528245034,37.48794986381961],[112.9307148699625,37.48772001489552],[112.93007744079377,37.48666259150167],[112.92947443763119,37.48554739633283],[112.92902962303488,37.48453449121242],[112.9288977440875,37.484124648046894],[112.9283348154124,37.483445871960164],[112.9279280144745,37.48316852579292],[112.9272643992806,37.48335245163411],[112.9263071677839,37.48334899910486],[112.92558028348574,37.48253136579995],[112.92475774316257,37.48171528754058],[112.92384880183798,37.48032855073561],[112.92316907667869,37.479481531472665],[112.92229534297535,37.47853278746259],[112.92086422385545,37.47777425548247],[112.91925229539986,37.47696143727451],[112.91808551586587,37.47671342928107],[112.91664784299118,37.47663188896871],[112.91566677721559,37.47662873587745],[112.91450706627971,37.47665707329055],[112.91410830862652,37.476501452812464],[112.9140734510532,37.476072971845994],[112.91434439743088,37.47543931388217],[112.91485989088144,37.47454426420052],[112.91517841422228,37.473900299015185],[112.91506572362196,37.473234721329646],[112.91478169646247,37.472886555532526],[112.91420091889995,37.472629007118826],[112.91342002588097,37.47249864413801],[112.91314743011428,37.47259840322998],[112.91284892239985,37.47308948968092],[112.91246481659009,37.47303850272084],[112.91211931344351,37.47262458500261],[112.91189484736574,37.47226591294459],[112.91137581524444,37.47208362571352],[112.91094388457837,37.472033407604656],[112.9105051825221,37.471970527470006],[112.91040780544111,37.47222531432427],[112.91024980514229,37.472651286403554],[112.90996759231837,37.47297115956149],[112.90951156172302,37.47309564695692],[112.90897088359229,37.473169700121815],[112.9084119969213,37.473361159307515],[112.9078467690745,37.473692357277216],[112.9072789003996,37.47408665586755],[112.90670572073383,37.47449455159234],[112.9061671365818,37.4749018862797],[112.9057275491406,37.47528509845766],[112.90532882200007,37.47563612094075],[112.90487388400672,37.47591597649461],[112.90436591099314,37.47605479511666],[112.90381644553237,37.47611770381402],[112.90341721677615,37.47618813020693],[112.90289282682556,37.47637368346496],[112.90161267931258,37.47684241504012],[112.90078150013818,37.47756133674501],[112.90039156872096,37.47822548216681],[112.90003882392644,37.47941341836967],[112.89979117659298,37.48002760097227],[112.89929592592489,37.48076911424793],[112.89925197329707,37.480869039383094],[112.89893424449873,37.48112864838731],[112.89838880295191,37.48118471184471],[112.89772038374717,37.48107158076886],[112.89711626839335,37.480986690721934],[112.8966066855414,37.48109171925426],[112.89605681661996,37.481364055993424],[112.89532611362677,37.481805956792755],[112.89526715114788,37.48184488225374],[112.89506770645802,37.48201035440157],[112.894432496256,37.48244005651526],[112.8942902901273,37.48251239880735],[112.89397498047616,37.48274878613706],[112.89347335685204,37.4831732454894],[112.89344932210942,37.4833043809065],[112.89351393173843,37.48349403253041],[112.89385264900564,37.48364115126208],[112.89458434838596,37.483715225870675],[112.89555475766406,37.48376639608399],[112.8961324308325,37.483900138839125],[112.89620924900278,37.48409912689237],[112.89623132830846,37.48449921507792],[112.89620484678194,37.48487148087717],[112.89628648453827,37.48526107876143],[112.89648338388764,37.485477207410284],[112.89679216982626,37.485386439014455],[112.89724567835304,37.485341017799655],[112.89761980795892,37.485468487721626],[112.89797411913152,37.48575836016378],[112.89862222715855,37.486310469856335],[112.89837237648034,37.48683887505445],[112.898431797555,37.487295568985544],[112.89864838959308,37.48781647691589],[112.89879153545158,37.48827182365173],[112.89879863873423,37.48902492307323],[112.89848063805728,37.48969744028966],[112.89841973210528,37.49012746443062],[112.8985717048092,37.490458723827274],[112.8989367984926,37.49070074684245],[112.89963220496273,37.490756303898145],[112.90059219758976,37.49086480574925],[112.90094582141361,37.49112607590258],[112.9011444414748,37.491408908280874],[112.90118902287138,37.49175142680147],[112.90115132953868,37.492152476409245],[112.90122128246325,37.49255179216004],[112.90165429269466,37.49264016389657],[112.9024002238815,37.49279976914991],[112.90306242978342,37.49296071796213],[112.90388037435538,37.49312868638123],[112.90448132838553,37.493233408913575],[112.90547215466475,37.49314115164532],[112.90618739019955,37.49303426673821],[112.90676717664589,37.492777013667514],[112.90787146099704,37.49291172887655],[112.90891126177462,37.493333505192794],[112.90959515597645,37.49387543988379],[112.91083413119966,37.494599076874714],[112.91131306359982,37.49461039535573],[112.91163018386534,37.49437643819359],[112.9120805753383,37.49420706385587],[112.91252459450642,37.49425707949618],[112.91296005903483,37.49444071298052],[112.91326050254062,37.49496023383237],[112.91347061142544,37.49569097199526],[112.91415723641835,37.49633771237432],[112.914785072654,37.49655635822095],[112.91558941272828,37.49665772568318],[112.91580519206691,37.496800910265705],[112.91708988299153,37.49758138981739],[112.91793206935972,37.497875195853105],[112.91883742606106,37.4981822716376],[112.91931070320379,37.49843915732179],[112.91986545791232,37.498723320106244],[112.92042259635829,37.498750014893105],[112.92113444569007,37.49885999848287],[112.92164948358246,37.49934501898275],[112.922141271121,37.499623043456175],[112.92270647073744,37.49961384318201],[112.92330864138124,37.4992965554928],[112.92397635835384,37.49908545848052],[112.92492165402341,37.499198766568014],[112.92607641541339,37.49943021278664],[112.92688129995635,37.49966735807495],[112.92753735021132,37.500049940881226],[112.92847088151349,37.5004253068576],[112.9288923036765,37.50099048163932],[112.92916846896034,37.50149128770271],[112.92961137379001,37.50196076490377],[112.93008139950939,37.502553743567766],[112.9302213294739,37.50287562169242],[112.93019533655577,37.503221664367494],[112.93027270937014,37.50332170177928],[112.93057986004544,37.503340515786334],[112.93084199906693,37.50335410663736],[112.93107089933198,37.50352913170364],[112.9313463918253,37.50406092959233],[112.9315947456493,37.50470043117817],[112.93165434419478,37.50527151246782],[112.93194127042344,37.5056660666731],[112.93219947268537,37.50581677380215],[112.93302654703594,37.507200803004665],[112.9335671426667,37.50785935145865],[112.934026213686,37.50825703952859],[112.93498412327902,37.50943312936238],[112.93581319458113,37.5102537884639],[112.9366663423749,37.510847607405026],[112.93732557132215,37.510884465190394],[112.93791434314933,37.511089324012445],[112.93878354620662,37.512302590966335],[112.93936030657294,37.513198873179086],[112.93994895238997,37.513975779209716],[112.94080602151654,37.51414046185004],[112.94162669981854,37.51405546261438],[112.9420893816791,37.51401209947231],[112.94282724967645,37.51361859019689],[112.94368104053908,37.51308015519916],[112.94462238272337,37.51245684725515],[112.94530194957692,37.51212387268508],[112.94599832215552,37.51186212373418],[112.9463868322763,37.51184380240344],[112.9468388750322,37.51196744516386],[112.94759868292968,37.512419709763016],[112.94818749171318,37.512624516182726],[112.94981639228091,37.511977903120744],[112.95148727302079,37.511795368754875],[112.95267897921282,37.51159689928711],[112.95358592343845,37.511379294532624],[112.95442869304425,37.510995896323706],[112.95499668347428,37.5104025211578],[112.95573851669243,37.509591744889164],[112.9558352130496,37.509540978377196],[112.95624355748143,37.509663750435344],[112.9567300522218,37.509960785257846],[112.9570057061136,37.50997528550707],[112.95749869134288,37.510062456055266],[112.9583278962593,37.510191719860416],[112.95889465708609,37.51035393463401],[112.95960822128853,37.51063765523731],[112.96031680405768,37.51073077035909],[112.96080530952241,37.510646385314494],[112.96159314553888,37.51056655968908],[112.96208539163419,37.51062512071324],[112.96248715384242,37.51042775917694],[112.96336741412395,37.510018274640174],[112.96370947394324,37.50993377853493],[112.96493230056575,37.50932708125879],[112.96582148856221,37.508891344591355],[112.96692250256952,37.507976792052006],[112.96788243998854,37.507159923867555],[112.97138631773811,37.50956537922979],[112.97262117045567,37.50986484392788],[112.97307643688085,37.51079159016557],[112.97335368609608,37.51132087254127],[112.97359846534023,37.51137462224101],[112.97417396367318,37.51141267243383],[112.97510736145814,37.51140659626618],[112.97580312739659,37.511370011525614],[112.97617816970609,37.51152466732934],[112.97697946792651,37.51150171949929],[112.97777293139383,37.511315096903466],[112.97799003574731,37.51133927250348],[112.9785925990943,37.51194890008563],[112.97907201343543,37.51242710943613],[112.98002846541985,37.51284011303304],[112.98105797148162,37.513299553105725],[112.98160868693961,37.51375748772818],[112.9819555209156,37.51419977278462],[112.98258192552649,37.51435133762824],[112.98300772271087,37.514611144327546],[112.98339590533831,37.51571059020535],[112.98396013209681,37.516225490219995],[112.98539538590738,37.51708804344618],[112.98694163849902,37.51807265496266],[112.98841394062966,37.51852457726671],[112.99014283261843,37.51917237342238],[112.99063862129616,37.51931622378776],[112.9910131935253,37.51962499923228],[112.99148228427448,37.519710045667125],[112.99182209493092,37.51999748956079],[112.99204126047947,37.52013680356206],[112.99236924931316,37.52031718605577],[112.99251853023155,37.52052918520695],[112.99278218534687,37.520653446667424],[112.9933335683082,37.52079430124579],[112.99361878743898,37.52105405914343],[112.99423298923836,37.521193848663216],[112.99445159170227,37.52131171628298],[112.99489624989671,37.52149012059242],[112.99553528404478,37.52155082682145],[112.99594519327299,37.521772717939925],[112.9964595509917,37.521871280185444],[112.99681865071072,37.52188651425191],[112.9973931792789,37.52218667524647],[112.99750440316673,37.52276637611057],[112.99762632386926,37.52329822589929],[112.99759608980858,37.523418040155285],[112.99748572043522,37.52365587793641],[112.99734652197122,37.523822697601226],[112.99716073852296,37.52392594864735],[112.99672273029644,37.523997713124366],[112.99635364752888,37.524053883209184],[112.99608136876134,37.5241873244971],[112.99591371983675,37.524297418018634],[112.99587285088987,37.52444827150875],[112.99588658647217,37.52462680505757],[112.99615121526065,37.524786794640725],[112.99631281475058,37.52481935605098],[112.99660908227186,37.52478620303523],[112.9968983475447,37.52485996735514],[112.99694700968253,37.52513700454143],[112.99697336414779,37.525316337930285],[112.99703923160936,37.52542963383032],[112.997422831534,37.525337336480156],[112.99755663069853,37.525121764377126],[112.99768263424738,37.52506377989906],[112.99796827841826,37.52500174059235],[112.99818403721065,37.52501239100208],[112.99846853743401,37.52490746641391],[112.9984444859759,37.52467905430853],[112.9988175795051,37.52452972574105],[112.9991379715751,37.52442419187849],[112.99974705722624,37.52437097289601],[113.00026797575276,37.524435037501156],[113.00094040605761,37.52467968114186],[113.00110537613409,37.5248055961375],[113.00171981229727,37.52495249310154],[113.00195619409809,37.52506289489586],[113.0024430854271,37.52514044513722],[113.00290820642087,37.52507535044781],[113.00340281963783,37.52483055640992],[113.00373649094904,37.52483455442648],[113.00412030292759,37.52464317878546],[113.00480802365237,37.52494299478243],[113.00508413298455,37.52519572781304],[113.0057380335218,37.52525135931118],[113.00606751421337,37.525932218821545],[113.00615819938477,37.526636203926955],[113.00667965248648,37.52733286749135],[113.00739512435561,37.52812157100116],[113.00790595633465,37.52931418465292],[113.00783476102939,37.53023067140252],[113.00804666632435,37.53098979788317],[113.00888744939219,37.53165926176132],[113.00966435372256,37.5325041101046],[113.01007133306746,37.53339338850993],[113.0103315904992,37.53372265110914],[113.01067606528957,37.533621442971985],[113.01125168018056,37.5332112037611],[113.01170711207176,37.53278394240745],[113.01215415738876,37.53249030040596],[113.01327900738696,37.53247112180626],[113.01437872740826,37.532852793723755],[113.01474926477525,37.53327550572397],[113.01481196050025,37.533562978075594],[113.01465008247577,37.533918671971556],[113.01447731303617,37.53417189085294],[113.0142176754031,37.53453385037056],[113.01452133383697,37.534695516206284],[113.01479154916252,37.53472665769031],[113.01507537735733,37.53477076011319],[113.0153342263517,37.53487232329385],[113.01568276345647,37.53503321898421],[113.01562645712866,37.53516527476203],[113.01540304040176,37.5352048425581],[113.01520919482788,37.535306080380245],[113.01547111760297,37.53628223065215],[113.01536801375119,37.53668322678122],[113.01542187125004,37.537016001277095],[113.01558846104885,37.5376447917004],[113.01575537467006,37.538285493681514],[113.01619027751487,37.538873947723964],[113.01629960774146,37.53959905594572],[113.0162946479117,37.540243049324346],[113.01514749647372,37.540953199174474],[113.0139902901803,37.54155452955612],[113.01255557048408,37.54252287584997],[113.01179864920343,37.543317575467256],[113.01139234825777,37.54367279916335],[113.01135547084328,37.54397136831308],[113.01200517425342,37.54419864820768],[113.0125475958004,37.544332412624726],[113.0129655274575,37.544289532876604],[113.01328610697814,37.544522418001556],[113.01368085115989,37.544730202180574],[113.01411919487556,37.54488956961351],[113.01475170983832,37.54503370380869],[113.01562391604949,37.545185660024444],[113.01613739146686,37.54535565514797],[113.01714874635043,37.545672068518265],[113.01799200804227,37.54586025479354],[113.01873344013181,37.54615743408524],[113.01917180227953,37.546316783056376],[113.01974610097712,37.54652147391452],[113.02016789978613,37.54662151378708],[113.02057184408851,37.54661459946167],[113.02076344011247,37.54650406110312],[113.02092084375101,37.546396227581916],[113.02121467854428,37.54647488375978],[113.02135029126305,37.5465083135969],[113.02148880036859,37.546648952880005],[113.02156650090517,37.54675488132017],[113.02173815179978,37.5470141283497],[113.02183371055648,37.54722700810135],[113.02199233414632,37.547557983993464],[113.022133743751,37.54780583104906],[113.02239516554947,37.54806353902102],[113.02262376815214,37.54821455142887],[113.02295645630431,37.54833994290935],[113.0232188491258,37.548633385384456],[113.02338664465891,37.54874968552261],[113.02362892478207,37.5488527901155],[113.02393072863732,37.54894295614675],[113.02446049776168,37.54916030541111],[113.02464486913149,37.54933590629371],[113.02502470686005,37.54954390736268],[113.02536224163262,37.54984797300901],[113.02564919484692,37.550329286327226],[113.02549654923206,37.550772856969076],[113.0255803875084,37.55110511095761],[113.02579964886651,37.551655825900134],[113.02583358248191,37.551887326380125],[113.02569612112742,37.55206248985834],[113.02543622333914,37.55213845624537],[113.02531683562599,37.55215898776274],[113.02520527983633,37.55217817222601],[113.0250120643751,37.55222915692475],[113.02480469296137,37.552310178947295],[113.02472739893196,37.552496228278535],[113.02462372707434,37.55281382204842],[113.02461887449081,37.55329293968865],[113.024578963367,37.553648821267814],[113.02433917724504,37.553915121848505],[113.02385672044797,37.55430113665569],[113.02345642192013,37.5544844266882],[113.02314945972498,37.5547578348108],[113.02290966497971,37.55502413179019],[113.02286357789365,37.555257314512254],[113.0231344034331,37.555581260839666],[113.02324095394017,37.55565008543043],[113.02340144507528,37.555772468689746],[113.02338463966673,37.55598131482337],[113.02310292476942,37.556081484083606],[113.02271389361208,37.55608815209323],[113.02233390578957,37.556012701643105],[113.02205376203668,37.556033916943655],[113.02185417949043,37.556126718722055],[113.0218878072486,37.556263194664155],[113.02192256322466,37.55644136251415],[113.02186609266492,37.55656746458984],[113.0217313269448,37.55669530514829],[113.0215087838245,37.55688026496588],[113.02133592420006,37.55713111127907],[113.02120000567238,37.55741946137288],[113.02106614496068,37.55778404850371],[113.02107412735546,37.55807946781457],[113.02109118578035,37.5583517896899],[113.02115599302498,37.558449894267774],[113.0211840547044,37.55860195853814],[113.02118920508171,37.55879255183584],[113.0210725886202,37.55890895801941],[113.02082352105766,37.55899902915458],[113.0203071571522,37.558988801297026],[113.02031579420954,37.55930855495524],[113.02032110220709,37.559837604632136],[113.02019646946928,37.56021156739028],[113.01964233220573,37.56031400783612],[113.01910383420486,37.56033037288924],[113.01895892297003,37.560618874285055],[113.01889770573993,37.56081672072777],[113.01856682266795,37.560859847936165],[113.01821138920056,37.56100297873588],[113.01796166558253,37.561180054016106],[113.01798861131017,37.561346439156395],[113.01810196482737,37.561386212098526],[113.01833486869238,37.561417982195195],[113.01838450047327,37.56160143955663],[113.01802553159973,37.56197914184499],[113.01723777444664,37.563744494252866],[113.01695683242177,37.56454024479055],[113.01667805717422,37.564858309871724],[113.01642804574588,37.565233516621525],[113.01620017390616,37.565666443227336],[113.01587833630951,37.56594604519754],[113.0158242574707,37.566161486046944],[113.01593190082627,37.56626690537283],[113.01620159001686,37.566274215471125],[113.01668014299393,37.56625412117348],[113.01703705005578,37.56616459817004],[113.01738059860354,37.56613489107139],[113.01781457801027,37.5661274715089],[113.01818869802176,37.566121074055616],[113.01857424520456,37.56598338718773],[113.01900822341291,37.56597596326283],[113.01939859367023,37.56601695429833],[113.01966795906728,37.56601234465495],[113.0199370037558,37.5659958225277],[113.02045883846414,37.565915383498776],[113.0207269156834,37.565863123167105],[113.02133177527163,37.56553099054313],[113.0213100702287,37.56527275323874],[113.02186901131756,37.56493088786076],[113.02255697844959,37.56446146426151],[113.02376329421308,37.56422626782924],[113.02539023963702,37.56393378784403],[113.02684231788598,37.563486976150145],[113.02916063854603,37.56281253428434],[113.02998178260086,37.563253553512176],[113.03167585413851,37.56411106802734],[113.03337703767299,37.564568004886915],[113.03531713276165,37.56522101219973],[113.03638128705686,37.56537426682417],[113.03773116760547,37.566123222755884],[113.03929929507335,37.56696849919982],[113.04025025751437,37.56758130788785],[113.04212685286349,37.56787777242545],[113.04443953380274,37.5683525668539],[113.04547526212016,37.56877795078142],[113.04573997294398,37.56925959695023],[113.04635994142244,37.569592072115626],[113.04772751054283,37.56966845656138],[113.0489857645214,37.569689519491575],[113.04998836279621,37.57021554491254],[113.0505900823853,37.57119186079582],[113.05130654937852,37.57176574911825],[113.05335070342834,37.57161578977186],[113.05558885525609,37.57133370670846],[113.05686037482789,37.571182842253286],[113.05820300916645,37.56774149447919],[113.05963183494426,37.56612915461557],[113.06090726059325,37.56481979880822],[113.0612293633725,37.563469879690835],[113.0628068194684,37.562040818902815],[113.06468709902987,37.56052063529999],[113.06614268796767,37.55923667286769],[113.06692580209966,37.55832199787256],[113.06712427913212,37.557703578561444],[113.06767965723208,37.55634955607879],[113.06864915725883,37.55503117581394],[113.0698062316145,37.55335197349156],[113.07063440009249,37.55212186214333],[113.07160325623785,37.55143271354091],[113.07293195477874,37.55076583945821],[113.07363556014595,37.54958079795843],[113.07477885013333,37.54805910108854],[113.07567393200871,37.546656166879224],[113.07642843413775,37.5460136516735],[113.0771319202742,37.54550881210326]]]]},"properties":{"code":"SXPR-P01","name_short":"八缚岭","name_full":"山西八缚岭省级自然保护区","zone":"experimental","area_km2":55.179,"feature_count":1}}]}