{"type":"FeatureCollection","features":[{"type":"Feature","geometry":{"type":"MultiPolygon","coordinates":[[[[111.1965708244015,38.79071922911365],[111.19634289460491,38.79042342621522],[111.19625691904191,38.79016616426155],[111.1960488713531,38.789813772023244],[111.1961700046611,38.78956569647469],[111.19643720569128,38.78927924059473],[111.19664326326645,38.78890708515121],[111.19682529716626,38.78865890639319],[111.19684863707228,38.78828705815652],[111.197055953881,38.787943501326005],[111.19705547150943,38.78776827086952],[111.19712836110341,38.78746187356824],[111.1972507713197,38.78711485631348],[111.19739742761725,38.786691229354446],[111.1976429892626,38.78639805198832],[111.197863695451,38.786091404071826],[111.19806025436786,38.785897397555644],[111.19825666254211,38.78564934252392],[111.19842829095114,38.78541484133993],[111.19852620039725,38.785184969188855],[111.19859942769592,38.784874066232184],[111.19872163217715,38.784716217199545],[111.19887014766636,38.784319609293185],[111.198691923395,38.783860500624996],[111.19854388270049,38.78377967955127],[111.19838135535174,38.7836628505787],[111.1982625296326,38.783352273611406],[111.19811318185798,38.78279853017801],[111.19802326406477,38.78227621408518],[111.19797759521562,38.7817583269626],[111.19804985194017,38.781226727871136],[111.19818127356167,38.780762588972884],[111.19846070289535,38.780370263288674],[111.1986518223377,38.780036639583756],[111.19899001666003,38.77969826117709],[111.1994025659579,38.77945884383567],[111.19965326019336,38.77934131076026],[111.19990392845654,38.779214769107625],[111.20006589445126,38.77913341921007],[111.2001833358375,38.778948552411755],[111.20019756364687,38.77876386234207],[111.20018226558207,38.77856571071801],[111.2001076358501,38.77824154751852],[111.19998884948525,38.777944484075526],[111.19975138553345,38.77751700616725],[111.19952915266944,38.77713454216785],[111.19958751474344,38.77691374441274],[111.19973429142513,38.77667477937877],[111.20010192196867,38.77619672192257],[111.20067581217349,38.775664260769794],[111.20135329860136,38.775145130455655],[111.20182386371371,38.77457680919742],[111.20213267287313,38.77416190339626],[111.20220544968377,38.77382847817169],[111.20207144886979,38.773364793261344],[111.2016866792192,38.7729826140006],[111.20116913547518,38.77256913373323],[111.20076931659217,38.772074376129574],[111.20029591402333,38.771624783709136],[111.19991138948373,38.77132367090278],[111.19964466296075,38.77096830708126],[111.1993634462846,38.770703048300554],[111.1990086416783,38.77048295463264],[111.19858045008219,38.77038008984039],[111.19834465092427,38.770412018578014],[111.19809373659741,38.770439468411645],[111.19776921996183,38.77050757870665],[111.19751883796367,38.77059808307701],[111.19726788544837,38.77061201905838],[111.19712041873656,38.77059875572191],[111.19709046189857,38.770427652417105],[111.197089767892,38.77017542688798],[111.19736876592414,38.76976959171741],[111.1973901554485,38.76972361700166],[111.19750254980157,38.769482033537116],[111.19758896266426,38.769296294544375],[111.19768270589371,38.769004656492314],[111.18182564236473,38.763623811547085],[111.1741425442035,38.76313073807974],[111.1741420110836,38.76314050907017],[111.17396604344631,38.76352361577384],[111.17391274508769,38.7636019251155],[111.17367907999943,38.76394523199142],[111.17361314327765,38.764042106765416],[111.17324561551428,38.76461016292541],[111.17318742159878,38.764930036987856],[111.17320328438855,38.76539393099241],[111.17330927849476,38.76655131545997],[111.17340010795489,38.76753306408616],[111.17368272322933,38.76841994256499],[111.17387661599686,38.76919435098725],[111.17421709922404,38.76977036237288],[111.17463183895272,38.770418326567885],[111.17491355708033,38.7709268628501],[111.17516610135436,38.77156155549147],[111.17540271998485,38.77185846781017],[111.17578717669709,38.77217317356],[111.17633385863822,38.77250564957153],[111.17655591266197,38.7727260126676],[111.17666053907656,38.77330237261516],[111.17670633593742,38.773937373978235],[111.17684132352993,38.77472087384923],[111.17700536510321,38.77547280113986],[111.17715340644313,38.77571579527597],[111.17745018599324,38.77633690323555],[111.17779121529296,38.776962447107735],[111.17792525722922,38.77750272838842],[111.17800038923237,38.77807012346228],[111.1783116844219,38.77859211791759],[111.17862291674967,38.77908708733456],[111.17880057308165,38.77937507437738],[111.17878684100354,38.77978045917226],[111.17868489650402,38.780289571799585],[111.17865669894788,38.78080757966191],[111.1785551014293,38.7814563168193],[111.17840889407165,38.78210061788818],[111.17829251282666,38.7827358651262],[111.17802831450686,38.78337133745486],[111.1778086288961,38.78397521313233],[111.17766263586623,38.78456546421416],[111.17739828017206,38.785142382677066],[111.17717773431164,38.78554808065139],[111.1769727705217,38.786147428185735],[111.17695910372659,38.78658434046358],[111.17706304108322,38.786872441374285],[111.17716692239502,38.78713802208102],[111.17740415103033,38.78751149719259],[111.17783313116276,38.78790269629802],[111.17854249273061,38.78822590522914],[111.17917784662933,38.788580751573846],[111.17975531414346,38.78922844574763],[111.1803028710742,38.78984915893589],[111.18073275675381,38.79058715640494],[111.18102934583925,38.791095653081996],[111.18136997500497,38.791523008025415],[111.18187241661278,38.79178796504653],[111.18261106537878,38.79200751068977],[111.18330475912973,38.79208749718259],[111.1838508315947,38.791969534486114],[111.18448521175785,38.79192349437289],[111.18504581887008,38.79186405556404],[111.18569542117895,38.791863025098245],[111.18622662703899,38.79183965960023],[111.18656626932044,38.79187515010068],[111.18677363185743,38.79208200433009],[111.18677438408116,38.7923702611675],[111.18674552379309,38.792613525001954],[111.18645093055295,38.79288874133386],[111.18618553618938,38.79305130961287],[111.18594999612672,38.79321382978302],[111.18561113039867,38.793480106353954],[111.18552339158829,38.79376850365865],[111.18549491173653,38.79416039953285],[111.18553976293563,38.794394537906186],[111.18554108242276,38.794903491208814],[111.18557245868743,38.7956285901494],[111.18555992893509,38.79648437555315],[111.18550369117956,38.79754741550916],[111.18553552377854,38.79844817046678],[111.185419147447,38.7992095357275],[111.18540598519184,38.799822104191875],[111.18537864598986,38.80065539233356],[111.18533633577225,38.80140312762542],[111.18548445933915,38.801646109926395],[111.18575076292507,38.801821343853035],[111.18588425691944,38.80210938912624],[111.1858849473202,38.80237512545489],[111.18582663948999,38.80264095561325],[111.18554714483285,38.80292965729122],[111.18513457717289,38.803232081277876],[111.1848694324942,38.80350724650291],[111.18486994458311,38.80370542271299],[111.18507742023606,38.80408343219736],[111.18519644400192,38.80433997290433],[111.18537424819507,38.80465046850696],[111.18571443027415,38.804870625407595],[111.18589229655753,38.805203640201384],[111.1861439234642,38.8054014165699],[111.18655794399595,38.805652981477515],[111.18686893992788,38.80599028612088],[111.18722433178145,38.80638156703665],[111.18741711209341,38.80677310778322],[111.18741887033599,38.80744420399405],[111.18731733901723,38.80810195370408],[111.18727368776123,38.80833172867004],[111.18702326032047,38.8085978669234],[111.18680272834193,38.80887746889462],[111.18671476819178,38.8092244189429],[111.18667153863467,38.80961633763449],[111.18662834271652,38.81002176828487],[111.18652614280948,38.81042729310128],[111.18630534849646,38.81074743062999],[111.18602595309063,38.81108567711099],[111.18576081910376,38.811374356045214],[111.18562892129933,38.811707862931335],[111.18562982140321,38.81205467079154],[111.18566010775024,38.81235639177557],[111.18577875202017,38.81259942006604],[111.18598611519019,38.81278375482596],[111.18626693557843,38.812990492206055],[111.18672540926032,38.813300537479925],[111.18721378630406,38.813624045069226],[111.18739198833237,38.81407416090719],[111.18743763643967,38.81460556142604],[111.18730641412111,38.815195797745396],[111.1870564694567,38.8156556075989],[111.18686569009932,38.816038754042275],[111.18673321800006,38.81629119059124],[111.18682270450311,38.81652525622057],[111.18708867231263,38.816686975097184],[111.1873846471703,38.81690269339376],[111.18760714526226,38.81722662524069],[111.18779974537712,38.81753709266923],[111.18780063253872,38.817874892153526],[111.1877724281313,38.81837037878619],[111.18756649727945,38.81874003851479],[111.18747836970347,38.818888812336176],[111.18713869295142,38.81888935691053],[111.18682888241375,38.81888985274184],[111.18653361654474,38.8189488766773],[111.18643055803618,38.81903011337515],[111.18635670349488,38.819133823458095],[111.18635721999142,38.81933199911996],[111.18615098282886,38.819449432186076],[111.18591517125245,38.81967951222077],[111.18573912885222,38.82006263312315],[111.18565168582943,38.82047714105235],[111.18571138899297,38.82074278275637],[111.18584530479082,38.82117945875576],[111.1858462062485,38.82152626604788],[111.1858177528424,38.82193167212875],[111.18571537834171,38.82227864359142],[111.1855094618763,38.822661811468194],[111.1853772152938,38.82286920576717],[111.18539256524933,38.82309888582786],[111.18548171892303,38.823341960751456],[111.18567445173105,38.82356235098706],[111.18582310263007,38.82398999536232],[111.18595717642279,38.824485222824464],[111.18606198696048,38.82493545663154],[111.18590080710555,38.82550321802957],[111.18563632954654,38.825927015149226],[111.18541627805159,38.82655342138984],[111.18506366490168,38.827270117316665],[111.18480044508266,38.82818484691287],[111.1847442312009,38.82927040073616],[111.18473045490603,38.829788382886285],[111.18476169835257,38.830319805804336],[111.18468869101162,38.83075680947906],[111.18455741687335,38.8313470412039],[111.18416012119403,38.831915172381215],[111.18358548449113,38.832379988961954],[111.18312881741878,38.83281759381123],[111.18277526255194,38.833187475558915],[111.18211191811291,38.83373349556539],[111.18152313747719,38.83445054790907],[111.1813761770919,38.83482911212547],[111.18127379706401,38.83518959096868],[111.18109754350539,38.835514152256415],[111.1807878244579,38.835721815926114],[111.18041919159167,38.83597460975723],[111.18002066869929,38.836078816537345],[111.1796959616219,38.836196420427676],[111.17950453399098,38.83635885867235],[111.179505111,38.83658856168852],[111.17962394473946,38.836899154878694],[111.17987624449295,38.83732664642837],[111.18011383924282,38.83791630396548],[111.18011428200674,38.83809195916112],[111.18008581256045,38.838506370745634],[111.17996941307527,38.839164133583246],[111.17980893521437,38.840042659864025],[111.17960480139982,38.841024844801915],[111.17935588202633,38.841948546075145],[111.17890098898246,38.84312928991875],[111.1785340446589,38.84407568978294],[111.17835876891488,38.844805604246986],[111.17833065779273,38.845368646104575],[111.17843503581585,38.84579636586272],[111.17870148711656,38.845971614179156],[111.17898189934783,38.84597118485252],[111.17935087145833,38.84583099519477],[111.17969236871386,38.84553883964347],[111.1799598190786,38.84524289042095],[111.18012969518394,38.84492802388233],[111.18036061913216,38.84465119723369],[111.18068940320416,38.84450768647456],[111.18129704054554,38.84435068164856],[111.18165209835213,38.844365575128094],[111.18185345987698,38.84445106286249],[111.18208230580332,38.84455795812014],[111.18225609431555,38.84458628743974],[111.18252101968139,38.84450007274239],[111.18275408445703,38.84441678444464],[111.18292294048207,38.84435644229629],[111.18333418772674,38.84428429579801],[111.18380047403183,38.84428356303298],[111.18448644854062,38.844382583764],[111.18488886432831,38.844431997668025],[111.18525459904563,38.84443856874514],[111.18563845236024,38.844380758653145],[111.18604027307923,38.844201366758],[111.18628686945794,38.84410087163473],[111.18690899476299,38.844257180642906],[111.18723845717138,38.844378204929946],[111.18769011329562,38.844512153036526],[111.18793386171969,38.844584441138295],[111.18827224357175,38.84461964621435],[111.18852826473415,38.8446263838221],[111.18874729082057,38.844602799429815],[111.18894964714357,38.84473040094404],[111.18949851131701,38.8456528299429],[111.190047976859,38.846795950717635],[111.19043526762131,38.84799788503124],[111.19089670494462,38.84932580829986],[111.19128290323404,38.850108870273765],[111.19159438155695,38.85054524648956],[111.19202454541762,38.85120662608848],[111.19251362257941,38.85181836309593],[111.19280967461599,38.852002538178674],[111.19322383194452,38.85219552515732],[111.19351964328972,38.85228961912235],[111.1938592415486,38.85233409583569],[111.19430338077322,38.85256306108523],[111.19455483762741,38.85276081784408],[111.19454108434589,38.85313016748379],[111.1944238873831,38.85345464949009],[111.19414475179356,38.854067655605874],[111.19402789414654,38.85451824813698],[111.19377789294163,38.854991581398636],[111.19370549553157,38.85550965950889],[111.19370691274953,38.85603211911747],[111.19385564337927,38.85644623870886],[111.19404877320923,38.856770204692864],[111.19424156985662,38.857103178854715],[111.19437591724191,38.857521825602696],[111.19456881448636,38.857890830856654],[111.19480635801146,38.85825976131065],[111.19508791228962,38.8586601456139],[111.19525153136512,38.85898415876369],[111.19542942987448,38.8592631079771],[111.19572627463337,38.8597220168106],[111.19606665247332,38.85990610906221],[111.1962590325815,38.860081441137325],[111.19642243721549,38.86032438130371],[111.19668903683302,38.86064821910534],[111.19701513285874,38.86100348378045],[111.19725231252609,38.861232786339784],[111.19756240738442,38.861268294044294],[111.19785806233007,38.86129031345412],[111.19847874699376,38.86128025237878],[111.19887767172536,38.86127957377944],[111.1993503675642,38.86126525599288],[111.19989680781838,38.86122829021363],[111.20031065756548,38.86128613288604],[111.20070978487132,38.861357511324826],[111.20103505439747,38.86141099963881],[111.20136037406603,38.86148250286974],[111.2015965866141,38.8614911033464],[111.20187781367878,38.86163024089387],[111.20220320011327,38.86172426154394],[111.20248382595308,38.86177782309838],[111.20282378312105,38.86180425709634],[111.20323739608185,38.86177651423191],[111.20357721224288,38.861753402532926],[111.20391709250033,38.86175280961939],[111.20412356381641,38.86168488929389],[111.20443332702243,38.861477164554884],[111.20496400829181,38.86109339638569],[111.20556865818162,38.86064193595093],[111.20646826724341,38.86009987174966],[111.20726495254908,38.859702110588465],[111.20818000777155,38.859403220585065],[111.20893273544391,38.859122629811424],[111.20970025743105,38.85885551955519],[111.21037871382408,38.858543524916364],[111.21113111743958,38.85815932900634],[111.21141156304726,38.85803271029449],[111.21164777864915,38.858045794432236],[111.21176659990581,38.8581716904855],[111.21185558016998,38.85831115248389],[111.21187088971189,38.85849578786422],[111.21201918244675,38.85872522170347],[111.2121973579134,38.858954601057626],[111.21224219088472,38.859139182726196],[111.21212464989253,38.8593240593836],[111.211977505936,38.85960357319421],[111.21166820024396,38.85983383704115],[111.21147686320795,38.860144958126945],[111.21147789041987,38.86049176255987],[111.21155365902028,38.86115371002771],[111.21157043657747,38.86183378015142],[111.21172080445453,38.86263971943244],[111.2118844293521,38.863058292459066],[111.21201790216072,38.8632652331184],[111.21229918321305,38.86341335335627],[111.21250662862246,38.86355259932866],[111.21277238691225,38.86356562740449],[111.21302370291211,38.86356516929243],[111.2133340673625,38.86356460279741],[111.21352586649749,38.863528220500626],[111.21377711491822,38.863505241014956],[111.21404245463404,38.86337864373421],[111.21421971689028,38.86329724718436],[111.2145003578011,38.863350779809124],[111.214693112354,38.86351256875103],[111.21485602469983,38.86368792419659],[111.2151380462245,38.86407925085549],[111.21565696154691,38.86469984231061],[111.21605835864827,38.865509815736715],[111.21631191971399,38.86624799799871],[111.21650562333087,38.86683765950005],[111.21653665181576,38.867333038926944],[111.21655289100237,38.86781943778299],[111.21658335995245,38.868130155323314],[111.21677698024347,38.868571185286264],[111.21699968659952,38.868985137028126],[111.21725221429315,38.86937651299071],[111.21763765707594,38.86978115267421],[111.21783099646923,38.87024470112603],[111.21803987599841,38.870843339286445],[111.21820442331037,38.871545651128606],[111.21829456256269,38.8720544311217],[111.21838467789019,38.872437099940704],[111.21835659694304,38.872910069071814],[111.21813608404827,38.873338358075245],[111.21793015643206,38.873590964700156],[111.21773828794363,38.87373094556518],[111.21776820119611,38.87385700086663],[111.21778332222473,38.8739740758097],[111.21785718536297,38.87398744994502],[111.21796078527566,38.87395122490266],[111.21819669666624,38.873847193133116],[111.21853648247786,38.87379701415863],[111.21869888837936,38.87379671013991],[111.21893597409098,38.87395840872525],[111.21923240745542,38.87421457872866],[111.21938061824493,38.87439896303516],[111.21949866376991,38.87437622139356],[111.21957252686279,38.87427249131356],[111.21971937965867,38.87401548901796],[111.21971838123505,38.873691205283016],[111.21974674467583,38.873312818678585],[111.21980473302041,38.87296590406193],[111.21984884538122,38.87290726945061],[111.22001160991837,38.872906962933236],[111.2202188068047,38.87306871524248],[111.22030832280052,38.87337031222005],[111.2203095324565,38.87376215507022],[111.22035560465375,38.87433857588035],[111.22056412770048,38.87481109869614],[111.22100853613125,38.8751705757899],[111.22133367405957,38.87515644812944],[111.22159936519371,38.87513342444894],[111.22199765218149,38.87490296575657],[111.2225283336437,38.874402015532624],[111.22248288861199,38.87403277687355],[111.22227479120167,38.87369987959404],[111.22212625198144,38.87341190832842],[111.22215472873155,38.8730740566246],[111.22216881921031,38.87285783938605],[111.22240554894582,38.87301953162607],[111.22256884747678,38.87319037128274],[111.22277623373947,38.873410670250244],[111.22298361606668,38.87351386570906],[111.2232196595208,38.873454863211315],[111.22345527236516,38.8731436389049],[111.22361673233443,38.87284156405198],[111.22386808081421,38.872841082509275],[111.22398702700966,38.8731065885071],[111.22406240230916,38.87360188028276],[111.22399098521088,38.874367691581085],[111.22368270574893,38.87504838130624],[111.22322869040728,38.876341888037935],[111.22296481076202,38.876945923383666],[111.22262698045095,38.877626666458916],[111.22276180541857,38.87824795632003],[111.22297058112251,38.87879253741756],[111.22325234643048,38.87918384385066],[111.22348971431411,38.87942660379523],[111.22357849009947,38.87948498537485],[111.2237412272286,38.87947116180989],[111.22382960765484,38.8794034330124],[111.22409466305159,38.87917322260503],[111.2244186557791,38.878789763611984],[111.22478643031701,38.878244076762556],[111.2251541423964,38.877680372976],[111.2258169088314,38.876926931332285],[111.22591960636036,38.87671955035409],[111.22588956343168,38.87655746575467],[111.22577060435236,38.8762919618901],[111.22562131580717,38.87588689358086],[111.22567964795596,38.87565707865638],[111.22575350336184,38.8755533447126],[111.22582735419968,38.875562209858714],[111.22597577022174,38.87580513687955],[111.22618383509985,38.87612001162386],[111.22640584802375,38.87629073207515],[111.22662838005085,38.87651099469889],[111.22699884825168,38.87682104870982],[111.22756203966959,38.87737394018342],[111.22810992702851,38.87775570817147],[111.22828779841693,38.877858951753005],[111.22852403930978,38.877858489702945],[111.22871634515454,38.87785811323009],[111.22887868910264,38.877835275350634],[111.22904094504915,38.87778541363898],[111.22929131220394,38.87747414886268],[111.22970342482483,38.87695538317223],[111.23002675300826,38.87637823936574],[111.2301735723845,38.87612122411764],[111.23018766932827,38.875914013965925],[111.23020172145218,38.8756932919994],[111.23026011134857,38.87548599450589],[111.23037818140335,38.87535965063103],[111.23057011980208,38.875359271837425],[111.23088053517225,38.875358658559925],[111.23108723867335,38.875358249724925],[111.23122129685441,38.8756102064086],[111.2313849492537,38.875992719264325],[111.23143063037361,38.87642050535068],[111.23146183998047,38.87693839934507],[111.2314925386424,38.87729865558027],[111.23136035575729,38.87751510776713],[111.23125761339001,38.87770447772241],[111.2311250391676,38.877911922478475],[111.23109613628827,38.87810565008159],[111.23117103694165,38.878326196011365],[111.23124546173553,38.878510711126744],[111.2314670850824,38.87855531168962],[111.23171861444585,38.87860435645733],[111.23202930754367,38.878684810882326],[111.2324727716717,38.87872896855172],[111.23270897130736,38.878714986228125],[111.23290082365851,38.87857498093527],[111.2331805376005,38.87832220085974],[111.23332738624501,38.87796609450165],[111.2333851501557,38.877569630339025],[111.23329498456211,38.877087886428875],[111.23326374685887,38.87656548904441],[111.23341003930562,38.87615083205664],[111.2337340419634,38.875789866890806],[111.23414705835752,38.875559337345486],[111.23442745709862,38.87541014398557],[111.23515096810729,38.875314106132876],[111.23588991441247,38.875312615879935],[111.23693954487238,38.87539156238579],[111.23760462402639,38.87548479437919],[111.2383298748554,38.87580309800828],[111.23915839493947,38.876094161887465],[111.23973488016077,38.87618305916063],[111.24026697782104,38.876136926006474],[111.2409167870391,38.87607703576376],[111.24174410009682,38.87600776667501],[111.24239414399987,38.87591183601771],[111.24279314933386,38.87591100716242],[111.24350319507688,38.87619778247615],[111.24434689637744,38.87649778576701],[111.24520579878424,38.87702745312236],[111.24628690422972,38.877763827949245],[111.24736800116266,38.87838759363191],[111.24841880233139,38.87888980672242],[111.24921753811635,38.87908627917214],[111.24926090622841,38.87882045292167],[111.24924492896555,38.87847368201746],[111.24906383240412,38.87735258192997],[111.24885282128011,38.87622253716254],[111.24858420119436,38.87540338792832],[111.24822692249788,38.874665497790666],[111.24786965237749,38.873927606439864],[111.24700931795593,38.87297909261328],[111.24607372695857,38.87160735799936],[111.24547959110248,38.870775374432405],[111.24439369717162,38.86860673910471],[111.24348773977472,38.86723492060832],[111.24281887735046,38.86611482441974],[111.24219574366732,38.86541349873775],[111.24149888119608,38.864626746632496],[111.24075794963598,38.86400672810249],[111.24035600831851,38.86311576924012],[111.24020540304514,38.862228796183494],[111.23992188959174,38.86143217539164],[111.23937426138308,38.86110901283035],[111.23873837108799,38.86098420304973],[111.23811744048513,38.86080981557152],[111.23728946157516,38.860626837665464],[111.23680123854925,38.86051522914536],[111.2362691237245,38.86041271533034],[111.23578124947473,38.86029659785724],[111.23526340879472,38.86004541941472],[111.23487867486742,38.85987053866306],[111.23465659885858,38.859780905513],[111.23464103885456,38.85953772202562],[111.23466922911173,38.859132307453606],[111.23451642505012,38.85755171814554],[111.2344272093408,38.85735372218902],[111.23399791505388,38.857088848289386],[111.23331740560924,38.85684699478591],[111.23238620355004,38.856677700020896],[111.23154367307461,38.85653974992957],[111.2305377926327,38.85620844515879],[111.22960637483072,38.85596706494237],[111.22876385686519,38.85582909474248],[111.22846807128815,38.855762113985975],[111.22826107896068,38.85565442316313],[111.22799444044452,38.855470280746985],[111.22774260735869,38.85529962078964],[111.22772725866542,38.855114987506425],[111.22769691939034,38.854858319743975],[111.22753389539355,38.85465145430525],[111.22738563313374,38.85444455989392],[111.22722210825376,38.854192655163246],[111.22708809296194,38.8538235892959],[111.22701314658748,38.853463416425065],[111.22699692693536,38.85300404175375],[111.2270987706111,38.85253993357228],[111.2273479829688,38.85189087520712],[111.22771417547106,38.851011885067415],[111.22780151172657,38.85051627651405],[111.22787095541277,38.849151433646625],[111.2281125913258,38.84782679015329],[111.22816393963211,38.84733575532701],[111.22817307043924,38.84658807563958],[111.22836091443615,38.84533109595399],[111.22819506291614,38.84423244682046],[111.22808748494045,38.843007571746305],[111.22808394772345,38.84189959697907],[111.22807904482991,38.840363745428334],[111.22801721279734,38.83948558760097],[111.22819214043096,38.83869704722108],[111.22829138181343,38.83742672703115],[111.22839050346784,38.83612037475499],[111.22829934609791,38.835300825717304],[111.22807631984011,38.83488689371342],[111.22769097977813,38.834473277728144],[111.2272320784006,38.834127363504685],[111.22674355525233,38.833745472973135],[111.22647729178034,38.83353880559524],[111.22634328720146,38.83327332944982],[111.22612133460596,38.83294671588553],[111.22604678852359,38.8328370157497],[111.22574991877867,38.83239619797917],[111.22549807939778,38.8321342967286],[111.22543866708588,38.83207251114008],[111.22509765182569,38.83166780882169],[111.22490645675745,38.83138914711257],[111.2247118791034,38.831105551595485],[111.22417858676,38.83055258421266],[111.2238076383179,38.83000831143266],[111.2237184165246,38.829787786302],[111.2237325237133,38.82958057525377],[111.2238648110512,38.82941817780145],[111.2240861718961,38.82931416138543],[111.22446944169101,38.82908372153397],[111.2246606754377,38.82889868988692],[111.22517599680805,38.828433785610585],[111.22530060392879,38.828255503084186],[111.2256614372762,38.82773923265264],[111.22575863264376,38.82753495591995],[111.22591212998917,38.827212349183824],[111.22602822933389,38.826968339175274],[111.2262161078888,38.826473206313864],[111.22625046294475,38.826382665174094],[111.22629161536041,38.82627421284899],[111.22655509865723,38.82549901359646],[111.22659716338724,38.824805315399416],[111.22671336787191,38.824228577379486],[111.22690450014737,38.823903917970796],[111.2270514098366,38.8237054563299],[111.22715240279045,38.82352982540725],[111.22731587798903,38.823245533513386],[111.22758027022077,38.82287569032802],[111.22772709162062,38.82253760379617],[111.22754921464931,38.82238931818397],[111.22738550153755,38.82238428707435],[111.22713571180324,38.82237661081204],[111.22619134639385,38.82256310724005],[111.22536472144282,38.822659288851774],[111.2246562934569,38.822809285461084],[111.22409540596739,38.822846394715796],[111.22365250636837,38.82286976344971],[111.22319471158544,38.82284811890205],[111.22263321127112,38.82280415019961],[111.22190966919975,38.82272445464741],[111.22127396960863,38.822540996126264],[111.22075618960956,38.82220417515672],[111.22031201598759,38.82181316500472],[111.21999917211231,38.82094898511746],[111.21990862978812,38.82029157041859],[111.21962585688158,38.819607493041744],[111.21918134550863,38.819099374791705],[111.21867818846327,38.81870846883028],[111.21826422599939,38.81853809055134],[111.21802806899967,38.818619603666995],[111.21785169374651,38.81883612513383],[111.21775004154644,38.819367787726534],[111.21766264515544,38.81985438353903],[111.21748715625726,38.82036366330939],[111.21729612741339,38.82073334743114],[111.21706088193083,38.82099952119847],[111.21670648283053,38.821013691123305],[111.21614527948935,38.8209426666074],[111.2157011377192,38.82055163874781],[111.21547847503807,38.82021875300582],[111.21516645557601,38.81960678286506],[111.21472093553867,38.818751840731295],[111.21424627054297,38.818014054480734],[111.21380211814122,38.81760950716416],[111.213342666721,38.817020321609334],[111.2127353386988,38.8164314035301],[111.21203977403779,38.81581111430922],[111.21129987142098,38.81528098131648],[111.21073808127326,38.81499373915387],[111.20998411865506,38.81469332777068],[111.20924484900326,38.81437036512018],[111.20856463298689,38.81406080440787],[111.20813522297965,38.81363368882995],[111.20757289634085,38.81315275967725],[111.20720266078219,38.812779583629016],[111.20692075599175,38.81234319376823],[111.20686048622407,38.81190641100309],[111.2070219647508,38.81150977162205],[111.20731568664064,38.811058849227365],[111.20749189830114,38.810657678984484],[111.20781533236202,38.81015715832152],[111.2081529684656,38.80959355518412],[111.20843213992764,38.80909311157694],[111.20865154243297,38.808331540965014],[111.20875328642812,38.80781339712198],[111.20881052709424,38.80720975632569],[111.20889839865139,38.8069934063417],[111.20898615125675,38.806736520322794],[111.20899992730578,38.80640319824031],[111.2089840591579,38.80602038494289],[111.20908702553325,38.8057995037558],[111.20921944736398,38.80568666621641],[111.20927703019085,38.80544785002292],[111.20927658221547,38.805294714131904],[111.20942377098,38.805064745368064],[111.20962035035807,38.804870719980705],[111.20979210499438,38.8046767388318],[111.20988993790364,38.80442433795999],[111.20988921114352,38.80417661810047],[111.20988836547026,38.803888362250675],[111.20986310967903,38.80361816631801],[111.20968980935163,38.803406788422166],[111.20949242967151,38.803326070072714],[111.2092705480556,38.803231883207246],[111.20899965851203,38.803232368051276],[111.2088269795482,38.803232676788106],[111.20875305982145,38.803174256585656],[111.2085555242826,38.80303948866051],[111.20835759598656,38.802769600425705],[111.20815973470724,38.80252223183565],[111.20801109469848,38.802252255171524],[111.20788696943804,38.80200025078489],[111.20768904655144,38.80173036135462],[111.20739255668457,38.80146064656174],[111.20707138530217,38.80111440633906],[111.20672556502672,38.80082676113367],[111.20667499268004,38.800380952194466],[111.20657542443085,38.80003431837123],[111.20642669165196,38.79972830753026],[111.20627801093588,38.79944031249143],[111.20622839115339,38.799323295420315],[111.20620303405514,38.79901256241944],[111.20620254084452,38.79884141031857],[111.20620148954112,38.798476586086764],[111.20602797910541,38.79818413045152],[111.20570767068065,38.79813064645426],[111.20538653704577,38.797915018080694],[111.20494229192265,38.79766807661437],[111.2048190485409,38.797591724248655],[111.20474455970401,38.79745673398771],[111.20469503240376,38.79724513149469],[111.20469425939595,38.79697489122558],[111.20464386996993,38.796587633134855],[111.20447038337313,38.79629967906735],[111.20417376114192,38.79597140369076],[111.20395157559118,38.79576010237786],[111.20370457198511,38.79554884390016],[111.20353147598125,38.79539600855542],[111.20333363905384,38.79514412737349],[111.20308668937422,38.794950883585045],[111.2029139564189,38.79479804667628],[111.20266700906691,38.79460480198317],[111.20264148860585,38.79435712463544],[111.20254238177438,38.79416362319417],[111.20251770534487,38.794087097461414],[111.20234512735264,38.79398830777297],[111.20202463387129,38.793988862296864],[111.20180305772806,38.79398924515819],[111.20163007107222,38.793872438997674],[111.20155596395287,38.79374194997975],[111.20135873414056,38.79370175373308],[111.20093968409256,38.79370247506585],[111.2006930742264,38.793626330356666],[111.20059380956828,38.793374275111454],[111.20032264202742,38.79326213952559],[111.2000760217404,38.79318148949387],[111.19980479286792,38.79304683265375],[111.19958264582057,38.79297064375926],[111.19928687499329,38.792935116298096],[111.19903994500241,38.79274186383316],[111.19879301519401,38.79254861083845],[111.19849718403832,38.79249056132163],[111.19822602311557,38.79237842083595],[111.19810199941071,38.79214442153198],[111.19797851120448,38.79197347761923],[111.19778118868474,38.79189724322086],[111.1973869672226,38.791897909778406],[111.19699274574742,38.79189857500603],[111.19672162655152,38.79179994303831],[111.19669633696964,38.791628832404506],[111.19669564382662,38.791376607786994],[111.19662116589085,38.79110649120128],[111.19657135628532,38.790912901612096],[111.1965708244015,38.79071922911365]]],[[[111.17678854610635,38.748104138976444],[111.17708914576721,38.748422046698224],[111.17692775824126,38.74962352811903],[111.17709384449788,38.75032399833522],[111.17711337826901,38.75083878421865],[111.176920817272,38.75116582586468],[111.17676784771518,38.7514256246954],[111.17688048997579,38.752669591924274],[111.17688147812959,38.753070002512175],[111.17686476839332,38.753699246214026],[111.17679319959159,38.75429997294054],[111.17681283823705,38.75485765954935],[111.17700522664215,38.75588981172516],[111.17674444197222,38.75674541836312],[111.17660002659026,38.757432056218065],[111.17674712247502,38.75783224564222],[111.17746535141414,38.75865397413166],[111.17758398159974,38.75879341976414],[111.17774629451529,38.75886073392381],[111.1777171596914,38.759000404024995],[111.17754097391322,38.75942855726683],[111.17737948379634,38.759694541845306],[111.17720333024981,38.759992076821895],[111.17690878944138,38.760249254247675],[111.17649641809187,38.76054714541754],[111.17581870071434,38.76098956436931],[111.17554884753052,38.76116248794988],[111.1750084928163,38.761508746772115],[111.17487781238418,38.76159458068763],[111.17479068196697,38.76165180983731],[111.18241429357069,38.76228083917317],[111.19865065013965,38.767846985253186],[111.19892005520987,38.76763480156684],[111.19901526378003,38.76755981550485],[111.19920389248158,38.76738633955546],[111.19936853599899,38.767234921813206],[111.19978061163171,38.76685137388235],[111.19991278353146,38.76654036838067],[111.20002989040655,38.76624290065103],[111.20038323972906,38.765949532057306],[111.20070692679347,38.76559315660083],[111.20105986059804,38.765281770440765],[111.20142765207689,38.76488478060735],[111.20172190801013,38.76455097326294],[111.20176519505156,38.76421759866261],[111.20188217624992,38.7638795927109],[111.20205862102313,38.76359102842588],[111.2023825181354,38.76331572079968],[111.20272140844898,38.763130467330775],[111.20317756380156,38.76271079830395],[111.20344225534842,38.762480631148215],[111.2039131173212,38.762051925505155],[111.20397109588822,38.76157889863637],[111.20404400552695,38.76129951999394],[111.20417661120074,38.76127676815589],[111.2042944495102,38.76124503386976],[111.20464849000336,38.76120838209024],[111.20488420401139,38.761032311010844],[111.20525226218061,38.76074340575076],[111.20584089914311,38.76026944480714],[111.20639971072234,38.75967842808793],[111.20682595136546,38.75912367575144],[111.20732648183328,38.75864986308595],[111.20773816411405,38.75816269401437],[111.20801709446636,38.757770344985765],[111.20842947441193,38.75752639127734],[111.20896017263331,38.7572957368213],[111.20938739263616,38.75708778565023],[111.20965193807216,38.75682157204969],[111.20985807927806,38.756623023582385],[111.20987197459228,38.75633473891631],[111.20995922701417,38.755929216970955],[111.21023808588352,38.75539723681701],[111.21063509650543,38.75494611617064],[111.21106118346523,38.75435981986022],[111.2114878615405,38.75397620357528],[111.21173782181302,38.75376856430023],[111.21201805810445,38.75370950355867],[111.21241631631327,38.753686260213776],[111.21294694771854,38.753568189172704],[111.21346306446237,38.75340510162714],[111.21397865741606,38.75318796403518],[111.21452353712101,38.752907713572206],[111.21493562379202,38.75258266420233],[111.21525911059655,38.752203727825105],[111.21558191549754,38.75159958871886],[111.21583154368089,38.75128834781962],[111.21637666543062,38.7509765597692],[111.2169063581619,38.750556700303726],[111.21717047363,38.75004725086543],[111.21740451703509,38.74946128765186],[111.21759506986335,38.74899701459102],[111.21757921094066,38.7486277109025],[111.21747389260013,38.74803787451616],[111.2175898884275,38.74728998396867],[111.21767634788695,38.74664123765161],[111.21804311628837,38.745969448362054],[111.21836606307669,38.74542835763624],[111.21879152190084,38.7446753830254],[111.21871697981017,38.744513376116],[111.21842159732657,38.7443067413257],[111.21783070698872,38.74408714460265],[111.2176237534223,38.743880342964715],[111.21746033958158,38.743569866412905],[111.21734065203994,38.74298005611572],[111.21725016780816,38.74230010999566],[111.21705657612137,38.741755477285864],[111.2170255616473,38.741246575049196],[111.21696560555712,38.74091338519639],[111.21675775146187,38.74040481088622],[111.21643151144183,38.73985141469104],[111.21623808206684,38.739356324863614],[111.21601588176146,38.73897388961928],[111.21579419127667,38.73887971355395],[111.21545511795829,38.73883529824758],[111.2150863485167,38.73883597731115],[111.2148353353374,38.73879139815519],[111.21471689126922,38.73860694882895],[111.2146721973849,38.73844488433021],[111.21456848156527,38.73837751366214],[111.21424435008299,38.738400628488314],[111.21375764113918,38.7385051130904],[111.21321241229988,38.73863222276849],[111.21260836950391,38.73880447759576],[111.21204821362258,38.73899016191734],[111.21169408723908,38.73895927521897],[111.21136940784997,38.73879771613299],[111.21117669270537,38.73853232418076],[111.21089554922426,38.73814097743564],[111.21051146580209,38.737943490509345],[111.21014283281283,38.737989194452005],[111.20936190836021,38.73826984807998],[111.20877281313425,38.73864023550362],[111.20818366646574,38.738870993809165],[111.20716645215498,38.73910701257866],[111.20604678437395,38.739464813047555],[111.20497080129579,38.739768477340434],[111.20402755499441,38.7399863227846],[111.20302498339828,38.74019975958956],[111.20224403655845,38.74036325980817],[111.20119739623522,38.740630806017975],[111.19990105111336,38.741196038770894],[111.19901728081217,38.741616425213486],[111.19822193502817,38.74204115912199],[111.19724891537662,38.742299536944046],[111.19605504087261,38.74263484645199],[111.19492028058593,38.74290248416417],[111.19376963484663,38.74288187674402],[111.19266363774355,38.74302333092539],[111.1918237016771,38.74332648486019],[111.19092408807707,38.74335948607767],[111.19006940268065,38.74366265148854],[111.18918584120355,38.74419556489084],[111.18837586066316,38.74469232048209],[111.18775685725386,38.744959056367364],[111.18725593356601,38.74515803885598],[111.18663716473239,38.74537972774223],[111.1859739231524,38.745642020719615],[111.18532473986991,38.74564305170682],[111.18461664052238,38.74551805824556],[111.18399661025393,38.745392921903616],[111.18321420156344,38.74516444330361],[111.18263845102372,38.74492212455499],[111.18197401115542,38.74471597360215],[111.18128048155641,38.74451887211439],[111.18037992235352,38.74432659020894],[111.17992263070586,38.74430027051698],[111.17937620416217,38.74399032947025],[111.17890389597957,38.74385142709046],[111.17855007351679,38.74394655350879],[111.17799034880875,38.74421314718229],[111.17737111010669,38.744398755235885],[111.17713667761838,38.74495311120495],[111.17682855963228,38.74565621239732],[111.17678600157656,38.746327382914096],[111.17693489312107,38.746939710842476],[111.17692060828814,38.74727698080332],[111.17690703966377,38.747597346797036],[111.17678854610635,38.748104138976444]]]]},"properties":{"code":"SXPR-P07","name_short":"贺家山","name_full":"山西贺家山省级自然保护区","zone":"core","area_km2":39.26,"feature_count":2}},{"type":"Feature","geometry":{"type":"MultiPolygon","coordinates":[[[[111.19705553398066,38.7877909647935],[111.197055953881,38.787943501326005],[111.19684863707228,38.78828705815652],[111.19682529716626,38.78865890639319],[111.19664326326645,38.78890708515121],[111.19643720569128,38.78927924059473],[111.1961700046611,38.78956569647469],[111.1960488713531,38.789813772023244],[111.19625691904191,38.79016616426155],[111.19634289460491,38.79042342621522],[111.1965708244015,38.79071922911365],[111.19657135628532,38.790912901612096],[111.19662116589085,38.79110649120128],[111.19669564382662,38.791376607786994],[111.19669633696964,38.791628832404506],[111.19672162655152,38.79179994303831],[111.19699274574742,38.79189857500603],[111.1973869672226,38.791897909778406],[111.19778118868474,38.79189724322086],[111.19797851120448,38.79197347761923],[111.19810199941071,38.79214442153198],[111.19822602311557,38.79237842083595],[111.19849718403832,38.79249056132163],[111.19879301519401,38.79254861083845],[111.19903994500241,38.79274186383316],[111.19928687499329,38.792935116298096],[111.19958264582057,38.79297064375926],[111.19980479286792,38.79304683265375],[111.2000760217404,38.79318148949387],[111.20032264202742,38.79326213952559],[111.20059380956828,38.793374275111454],[111.2006930742264,38.793626330356666],[111.20093968409256,38.79370247506585],[111.20135873414056,38.79370175373308],[111.20155596395287,38.79374194997975],[111.20163007107222,38.793872438997674],[111.20180305772806,38.79398924515819],[111.20202463387129,38.793988862296864],[111.20234512735264,38.79398830777297],[111.20251770534487,38.794087097461414],[111.20254238177438,38.79416362319417],[111.20264148860585,38.79435712463544],[111.20266700906691,38.79460480198317],[111.2029139564189,38.79479804667628],[111.20308668937422,38.794950883585045],[111.20333363905384,38.79514412737349],[111.20353147598125,38.79539600855542],[111.20370457198511,38.79554884390016],[111.20395157559118,38.79576010237786],[111.20417376114192,38.79597140369076],[111.20447038337313,38.79629967906735],[111.20464386996993,38.796587633134855],[111.20469425939595,38.79697489122558],[111.20469503240376,38.79724513149469],[111.20474455970401,38.79745673398771],[111.2048190485409,38.797591724248655],[111.20494229192265,38.79766807661437],[111.20538653704577,38.797915018080694],[111.20570767068065,38.79813064645426],[111.20602797910541,38.79818413045152],[111.20620148954112,38.798476586086764],[111.20620254084452,38.79884141031857],[111.20620303405514,38.79901256241944],[111.20622839115339,38.799323295420315],[111.20627801093588,38.79944031249143],[111.20642669165196,38.79972830753026],[111.20657542443085,38.80003431837123],[111.20667499268004,38.800380952194466],[111.20672556502672,38.80082676113367],[111.20707138530217,38.80111440633906],[111.20739255668457,38.80146064656174],[111.20768904655144,38.80173036135462],[111.20788696943804,38.80200025078489],[111.20801109469848,38.802252255171524],[111.20815973470724,38.80252223183565],[111.20835759598656,38.802769600425705],[111.2085555242826,38.80303948866051],[111.20875305982145,38.803174256585656],[111.2088269795482,38.803232676788106],[111.20899965851203,38.803232368051276],[111.2092705480556,38.803231883207246],[111.20949242967151,38.803326070072714],[111.20968980935163,38.803406788422166],[111.20986310967903,38.80361816631801],[111.20988836547026,38.803888362250675],[111.20988921114352,38.80417661810047],[111.20988993790364,38.80442433795999],[111.20979210499438,38.8046767388318],[111.20962035035807,38.804870719980705],[111.20942377098,38.805064745368064],[111.20927658221547,38.805294714131904],[111.20927703019085,38.80544785002292],[111.20921944736398,38.80568666621641],[111.20908702553325,38.8057995037558],[111.2089840591579,38.80602038494289],[111.20899992730578,38.80640319824031],[111.20898615125675,38.806736520322794],[111.20889839865139,38.8069934063417],[111.20881052709424,38.80720975632569],[111.20875328642812,38.80781339712198],[111.20865154243297,38.808331540965014],[111.20843213992764,38.80909311157694],[111.2081529684656,38.80959355518412],[111.20781533236202,38.81015715832152],[111.20749189830114,38.810657678984484],[111.20731568664064,38.811058849227365],[111.2070219647508,38.81150977162205],[111.20686048622407,38.81190641100309],[111.20692075599175,38.81234319376823],[111.20720266078219,38.812779583629016],[111.20757289634085,38.81315275967725],[111.20813522297965,38.81363368882995],[111.20856463298689,38.81406080440787],[111.20924484900326,38.81437036512018],[111.20998411865506,38.81469332777068],[111.21073808127326,38.81499373915387],[111.21129987142098,38.81528098131648],[111.21203977403779,38.81581111430922],[111.2127353386988,38.8164314035301],[111.213342666721,38.817020321609334],[111.21380211814122,38.81760950716416],[111.21424627054297,38.818014054480734],[111.21472093553867,38.818751840731295],[111.21516645557601,38.81960678286506],[111.21547847503807,38.82021875300582],[111.2157011377192,38.82055163874781],[111.21614527948935,38.8209426666074],[111.21670648283053,38.821013691123305],[111.21706088193083,38.82099952119847],[111.21729612741339,38.82073334743114],[111.21748715625726,38.82036366330939],[111.21766264515544,38.81985438353903],[111.21775004154644,38.819367787726534],[111.21785169374651,38.81883612513383],[111.21802806899967,38.818619603666995],[111.21826422599939,38.81853809055134],[111.21867818846327,38.81870846883028],[111.21918134550863,38.819099374791705],[111.21962585688158,38.819607493041744],[111.21990862978812,38.82029157041859],[111.21999917211231,38.82094898511746],[111.22031201598759,38.82181316500472],[111.22075618960956,38.82220417515672],[111.22127396960863,38.822540996126264],[111.22190966919975,38.82272445464741],[111.22263321127112,38.82280415019961],[111.22319471158544,38.82284811890205],[111.22365250636837,38.82286976344971],[111.22409540596739,38.822846394715796],[111.2246562934569,38.822809285461084],[111.22536472144282,38.822659288851774],[111.22619134639385,38.82256310724005],[111.22713571180324,38.82237661081204],[111.22754921464931,38.82238931818397],[111.22772709162062,38.82253760379617],[111.22758027022077,38.82287569032802],[111.22731587798903,38.823245533513386],[111.2270514098366,38.8237054563299],[111.22690450014737,38.823903917970796],[111.22671336787191,38.824228577379486],[111.22659716338724,38.824805315399416],[111.22655509865723,38.82549901359646],[111.22629161536041,38.82627421284899],[111.22602822933389,38.826968339175274],[111.2256614372762,38.82773923265264],[111.22517599680805,38.828433785610585],[111.2246606754377,38.82889868988692],[111.22446944169101,38.82908372153397],[111.2240861718961,38.82931416138543],[111.2238648110512,38.82941817780145],[111.2237325237133,38.82958057525377],[111.2237184165246,38.829787786302],[111.2238076383179,38.83000831143266],[111.22417858676,38.83055258421266],[111.2247118791034,38.831105551595485],[111.22509765182569,38.83166780882169],[111.22543866708588,38.83207251114008],[111.22574991877867,38.83239619797917],[111.22604678852359,38.8328370157497],[111.22634328720146,38.83327332944982],[111.22647729178034,38.83353880559524],[111.22674355525233,38.833745472973135],[111.2272320784006,38.834127363504685],[111.22769097977813,38.834473277728144],[111.22807631984011,38.83488689371342],[111.22829934609791,38.835300825717304],[111.22839050346784,38.83612037475499],[111.22829138181343,38.83742672703115],[111.22819214043096,38.83869704722108],[111.22801721279734,38.83948558760097],[111.22807904482991,38.840363745428334],[111.22808394772345,38.84189959697907],[111.22808748494045,38.843007571746305],[111.22819506291614,38.84423244682046],[111.22836091443615,38.84533109595399],[111.22817307043924,38.84658807563958],[111.22816393963211,38.84733575532701],[111.2281125913258,38.84782679015329],[111.22787095541277,38.849151433646625],[111.22780151172657,38.85051627651405],[111.22771417547106,38.851011885067415],[111.2273479829688,38.85189087520712],[111.2270987706111,38.85253993357228],[111.22699692693536,38.85300404175375],[111.22701314658748,38.853463416425065],[111.22708809296194,38.8538235892959],[111.22722210825376,38.854192655163246],[111.22738563313374,38.85444455989392],[111.22753389539355,38.85465145430525],[111.22769691939034,38.854858319743975],[111.22772725866542,38.855114987506425],[111.22774260735869,38.85529962078964],[111.22799444044452,38.855470280746985],[111.22826107896068,38.85565442316313],[111.22846807128815,38.855762113985975],[111.22876385686519,38.85582909474248],[111.22960637483072,38.85596706494237],[111.2305377926327,38.85620844515879],[111.23154367307461,38.85653974992957],[111.23238620355004,38.856677700020896],[111.23331740560924,38.85684699478591],[111.23399791505388,38.857088848289386],[111.2344272093408,38.85735372218902],[111.23451642505012,38.85755171814554],[111.23466922911173,38.859132307453606],[111.23464103885456,38.85953772202562],[111.23465659885858,38.859780905513],[111.23487867486742,38.85987053866306],[111.23526340879472,38.86004541941472],[111.23578124947473,38.86029659785724],[111.2362691237245,38.86041271533034],[111.23680123854925,38.86051522914536],[111.23728946157516,38.860626837665464],[111.23811744048513,38.86080981557152],[111.23873837108799,38.86098420304973],[111.23937426138308,38.86110901283035],[111.23992188959174,38.86143217539164],[111.24020540304514,38.862228796183494],[111.24035600831851,38.86311576924012],[111.24075794963598,38.86400672810249],[111.24149888119608,38.864626746632496],[111.24219574366732,38.86541349873775],[111.24281887735046,38.86611482441974],[111.24348773977472,38.86723492060832],[111.24439369717162,38.86860673910471],[111.24547959110248,38.870775374432405],[111.24607372695857,38.87160735799936],[111.24700931795593,38.87297909261328],[111.24786965237749,38.873927606439864],[111.24822692249788,38.874665497790666],[111.24858420119436,38.87540338792832],[111.24885282128011,38.87622253716254],[111.24906383240412,38.87735258192997],[111.24924492896555,38.87847368201746],[111.24926090622841,38.87882045292167],[111.24921753811635,38.87908627917214],[111.24841880233139,38.87888980672242],[111.24736800116266,38.87838759363191],[111.24628690422972,38.877763827949245],[111.24520579878424,38.87702745312236],[111.24434689637744,38.87649778576701],[111.24350319507688,38.87619778247615],[111.24279314933386,38.87591100716242],[111.24239414399987,38.87591183601771],[111.24174410009682,38.87600776667501],[111.2409167870391,38.87607703576376],[111.24026697782104,38.876136926006474],[111.23973488016077,38.87618305916063],[111.23915839493947,38.876094161887465],[111.2383298748554,38.87580309800828],[111.23760462402639,38.87548479437919],[111.23693954487238,38.87539156238579],[111.23588991441247,38.875312615879935],[111.23515096810729,38.875314106132876],[111.23442745709862,38.87541014398557],[111.23414705835752,38.875559337345486],[111.2337340419634,38.875789866890806],[111.23341003930562,38.87615083205664],[111.23326374685887,38.87656548904441],[111.23329498456211,38.877087886428875],[111.2333851501557,38.877569630339025],[111.23332738624501,38.87796609450165],[111.2331805376005,38.87832220085974],[111.23290082365851,38.87857498093527],[111.23270897130736,38.878714986228125],[111.2324727716717,38.87872896855172],[111.23202930754367,38.878684810882326],[111.23171861444585,38.87860435645733],[111.2314670850824,38.87855531168962],[111.23124546173553,38.878510711126744],[111.23117103694165,38.878326196011365],[111.23109613628827,38.87810565008159],[111.2311250391676,38.877911922478475],[111.23125761339001,38.87770447772241],[111.23136035575729,38.87751510776713],[111.2314925386424,38.87729865558027],[111.23146183998047,38.87693839934507],[111.23143063037361,38.87642050535068],[111.2313849492537,38.875992719264325],[111.23122129685441,38.8756102064086],[111.23108723867335,38.875358249724925],[111.23088053517225,38.875358658559925],[111.23057011980208,38.875359271837425],[111.23037818140335,38.87535965063103],[111.23026011134857,38.87548599450589],[111.23020172145218,38.8756932919994],[111.23018766932827,38.875914013965925],[111.2301735723845,38.87612122411764],[111.23002675300826,38.87637823936574],[111.22970342482483,38.87695538317223],[111.22929131220394,38.87747414886268],[111.22904094504915,38.87778541363898],[111.22887868910264,38.877835275350634],[111.22871634515454,38.87785811323009],[111.22852403930978,38.877858489702945],[111.22828779841693,38.877858951753005],[111.22810992702851,38.87775570817147],[111.22756203966959,38.87737394018342],[111.22699884825168,38.87682104870982],[111.22662838005085,38.87651099469889],[111.22640584802375,38.87629073207515],[111.22618383509985,38.87612001162386],[111.22597577022174,38.87580513687955],[111.22582735419968,38.875562209858714],[111.22575350336184,38.8755533447126],[111.22567964795596,38.87565707865638],[111.22562131580717,38.87588689358086],[111.22577060435236,38.8762919618901],[111.22588956343168,38.87655746575467],[111.22591960636036,38.87671955035409],[111.2258169088314,38.876926931332285],[111.2251541423964,38.877680372976],[111.22478643031701,38.878244076762556],[111.2244186557791,38.878789763611984],[111.22409466305159,38.87917322260503],[111.22382960765484,38.8794034330124],[111.2237412272286,38.87947116180989],[111.22357849009947,38.87948498537485],[111.22348971431411,38.87942660379523],[111.22325234643048,38.87918384385066],[111.22297058112251,38.87879253741756],[111.22276180541857,38.87824795632003],[111.22262698045095,38.877626666458916],[111.22296481076202,38.876945923383666],[111.22322869040728,38.876341888037935],[111.22368270574893,38.87504838130624],[111.22399098521088,38.874367691581085],[111.22406240230916,38.87360188028276],[111.22398702700966,38.8731065885071],[111.22386808081421,38.872841082509275],[111.22361673233443,38.87284156405198],[111.22345527236516,38.8731436389049],[111.2232196595208,38.873454863211315],[111.22298361606668,38.87351386570906],[111.22277623373947,38.873410670250244],[111.22256884747678,38.87319037128274],[111.22240554894582,38.87301953162607],[111.22216881921031,38.87285783938605],[111.22215472873155,38.8730740566246],[111.22212625198144,38.87341190832842],[111.22227479120167,38.87369987959404],[111.22248288861199,38.87403277687355],[111.2225283336437,38.874402015532624],[111.22199765218149,38.87490296575657],[111.22159936519371,38.87513342444894],[111.22133367405957,38.87515644812944],[111.22100853613125,38.8751705757899],[111.22056412770048,38.87481109869614],[111.22035560465375,38.87433857588035],[111.2203095324565,38.87376215507022],[111.22030832280052,38.87337031222005],[111.2202188068047,38.87306871524248],[111.22001160991837,38.872906962933236],[111.21984884538122,38.87290726945061],[111.21980473302041,38.87296590406193],[111.21974674467583,38.873312818678585],[111.21971838123505,38.873691205283016],[111.21971937965867,38.87401548901796],[111.21957252686279,38.87427249131356],[111.21949866376991,38.87437622139356],[111.21938061824493,38.87439896303516],[111.21923240745542,38.87421457872866],[111.21893597409098,38.87395840872525],[111.21869888837936,38.87379671013991],[111.21853648247786,38.87379701415863],[111.21819669666624,38.873847193133116],[111.21796078527566,38.87395122490266],[111.21785718536297,38.87398744994502],[111.21778332222473,38.8739740758097],[111.21776820119611,38.87385700086663],[111.21773828794363,38.87373094556518],[111.21793015643206,38.873590964700156],[111.21813608404827,38.873338358075245],[111.21835659694304,38.872910069071814],[111.21838467789019,38.872437099940704],[111.21829456256269,38.8720544311217],[111.21820442331037,38.871545651128606],[111.21803987599841,38.870843339286445],[111.21783099646923,38.87024470112603],[111.21763765707594,38.86978115267421],[111.21725221429315,38.86937651299071],[111.21699968659952,38.868985137028126],[111.21677698024347,38.868571185286264],[111.21658335995245,38.868130155323314],[111.21655289100237,38.86781943778299],[111.21653665181576,38.867333038926944],[111.21650562333087,38.86683765950005],[111.21631191971399,38.86624799799871],[111.21605835864827,38.865509815736715],[111.21565696154691,38.86469984231061],[111.2151380462245,38.86407925085549],[111.21485602469983,38.86368792419659],[111.214693112354,38.86351256875103],[111.2145003578011,38.863350779809124],[111.21421971689028,38.86329724718436],[111.21404245463404,38.86337864373421],[111.21377711491822,38.863505241014956],[111.21352586649749,38.863528220500626],[111.2133340673625,38.86356460279741],[111.21302370291211,38.86356516929243],[111.21277238691225,38.86356562740449],[111.21250662862246,38.86355259932866],[111.21229918321305,38.86341335335627],[111.21201790216072,38.8632652331184],[111.2118844293521,38.863058292459066],[111.21172080445453,38.86263971943244],[111.21157043657747,38.86183378015142],[111.21155365902028,38.86115371002771],[111.21147789041987,38.86049176255987],[111.21147686320795,38.860144958126945],[111.21166820024396,38.85983383704115],[111.211977505936,38.85960357319421],[111.21212464989253,38.8593240593836],[111.21224219088472,38.859139182726196],[111.2121973579134,38.858954601057626],[111.21201918244675,38.85872522170347],[111.21187088971189,38.85849578786422],[111.21185558016998,38.85831115248389],[111.21176659990581,38.8581716904855],[111.21164777864915,38.858045794432236],[111.21141156304726,38.85803271029449],[111.21113111743958,38.85815932900634],[111.21037871382408,38.858543524916364],[111.20970025743105,38.85885551955519],[111.20893273544391,38.859122629811424],[111.20818000777155,38.859403220585065],[111.20726495254908,38.859702110588465],[111.20646826724341,38.86009987174966],[111.20556865818162,38.86064193595093],[111.20496400829181,38.86109339638569],[111.20443332702243,38.861477164554884],[111.20412356381641,38.86168488929389],[111.20391709250033,38.86175280961939],[111.20357721224288,38.861753402532926],[111.20323739608185,38.86177651423191],[111.20282378312105,38.86180425709634],[111.20248382595308,38.86177782309838],[111.20220320011327,38.86172426154394],[111.20187781367878,38.86163024089387],[111.2015965866141,38.8614911033464],[111.20136037406603,38.86148250286974],[111.20103505439747,38.86141099963881],[111.20070978487132,38.861357511324826],[111.20031065756548,38.86128613288604],[111.19989680781838,38.86122829021363],[111.1993503675642,38.86126525599288],[111.19887767172536,38.86127957377944],[111.19847874699376,38.86128025237878],[111.19785806233007,38.86129031345412],[111.19756240738442,38.861268294044294],[111.19725231252609,38.861232786339784],[111.19701513285874,38.86100348378045],[111.19668903683302,38.86064821910534],[111.19642243721549,38.86032438130371],[111.1962590325815,38.860081441137325],[111.19606665247332,38.85990610906221],[111.19572627463337,38.8597220168106],[111.19542942987448,38.8592631079771],[111.19525153136512,38.85898415876369],[111.19508791228962,38.8586601456139],[111.19480635801146,38.85825976131065],[111.19456881448636,38.857890830856654],[111.19437591724191,38.857521825602696],[111.19424156985662,38.857103178854715],[111.19404877320923,38.856770204692864],[111.19385564337927,38.85644623870886],[111.19370691274953,38.85603211911747],[111.19370549553157,38.85550965950889],[111.19377789294163,38.854991581398636],[111.19402789414654,38.85451824813698],[111.19414475179356,38.854067655605874],[111.1944238873831,38.85345464949009],[111.19454108434589,38.85313016748379],[111.19455483762741,38.85276081784408],[111.19430338077322,38.85256306108523],[111.1938592415486,38.85233409583569],[111.19351964328972,38.85228961912235],[111.19322383194452,38.85219552515732],[111.19280967461599,38.852002538178674],[111.19251362257941,38.85181836309593],[111.19202454541762,38.85120662608848],[111.19159438155695,38.85054524648956],[111.19128290323404,38.850108870273765],[111.19089670494462,38.84932580829986],[111.19043526762131,38.84799788503124],[111.190047976859,38.846795950717635],[111.1899300193833,38.84655055353176],[111.18949851131701,38.8456528299429],[111.18894964714357,38.84473040094404],[111.18874729082057,38.844602799429815],[111.18852826473415,38.8446263838221],[111.18827224357175,38.84461964621435],[111.18793386171969,38.844584441138295],[111.18769011329562,38.844512153036526],[111.18723845717138,38.844378204929946],[111.18690899476299,38.844257180642906],[111.18628686945794,38.84410087163473],[111.18604027307923,38.844201366758],[111.18563845236024,38.844380758653145],[111.18525459904563,38.84443856874514],[111.18488886432831,38.844431997668025],[111.18448644854062,38.844382583764],[111.18380047403183,38.84428356303298],[111.18333418772674,38.84428429579801],[111.18292294048207,38.84435644229629],[111.18275408445703,38.84441678444464],[111.18252101968139,38.84450007274239],[111.18225609431555,38.84458628743974],[111.18208230580332,38.84455795812014],[111.18185345987698,38.84445106286249],[111.18165209835213,38.844365575128094],[111.18129704054554,38.84435068164856],[111.18068940320416,38.84450768647456],[111.18036061913216,38.84465119723369],[111.18012969518394,38.84492802388233],[111.1799598190786,38.84524289042095],[111.17969236871386,38.84553883964347],[111.17935087145833,38.84583099519477],[111.17898189934783,38.84597118485252],[111.17870148711656,38.845971614179156],[111.17843503581585,38.84579636586272],[111.17833065779273,38.845368646104575],[111.17835876891488,38.844805604246986],[111.1785340446589,38.84407568978294],[111.17890098898246,38.84312928991875],[111.17935588202633,38.841948546075145],[111.17960480139982,38.841024844801915],[111.17980893521437,38.840042659864025],[111.17996941307527,38.839164133583246],[111.18008581256045,38.838506370745634],[111.18011428200674,38.83809195916112],[111.18011383924282,38.83791630396548],[111.17987624449295,38.83732664642837],[111.17962394473946,38.836899154878694],[111.179505111,38.83658856168852],[111.17950453399098,38.83635885867235],[111.1796959616219,38.836196420427676],[111.18002066869929,38.836078816537345],[111.18041919159167,38.83597460975723],[111.1807878244579,38.835721815926114],[111.18109754350539,38.835514152256415],[111.18127379706401,38.83518959096868],[111.1813761770919,38.83482911212547],[111.18152313747719,38.83445054790907],[111.18211191811291,38.83373349556539],[111.18277526255194,38.833187475558915],[111.18312881741878,38.83281759381123],[111.18358548449113,38.832379988961954],[111.18416012119403,38.831915172381215],[111.18455741687335,38.8313470412039],[111.18468869101162,38.83075680947906],[111.18476169835257,38.830319805804336],[111.18473045490603,38.829788382886285],[111.1847442312009,38.82927040073616],[111.18480044508266,38.82818484691287],[111.18506366490168,38.827270117316665],[111.18541627805159,38.82655342138984],[111.18563632954654,38.825927015149226],[111.18590080710555,38.82550321802957],[111.18606198696048,38.82493545663154],[111.18595717642279,38.824485222824464],[111.18582310263007,38.82398999536232],[111.18567445173105,38.82356235098706],[111.18548171892303,38.823341960751456],[111.18539256524933,38.82309888582786],[111.1853772152938,38.82286920576717],[111.1855094618763,38.822661811468194],[111.18571537834171,38.82227864359142],[111.1858177528424,38.82193167212875],[111.1858462062485,38.82152626604788],[111.18584530479082,38.82117945875576],[111.18571138899297,38.82074278275637],[111.18565168582943,38.82047714105235],[111.18573912885222,38.82006263312315],[111.18591517125245,38.81967951222077],[111.18615098282886,38.819449432186076],[111.18635721999142,38.81933199911996],[111.18635670349488,38.819133823458095],[111.18643055803618,38.81903011337515],[111.18653361654474,38.8189488766773],[111.18682888241375,38.81888985274184],[111.18713869295142,38.81888935691053],[111.18747836970347,38.818888812336176],[111.18756649727945,38.81874003851479],[111.1877724281313,38.81837037878619],[111.18780063253872,38.817874892153526],[111.18779974537712,38.81753709266923],[111.18760714526226,38.81722662524069],[111.1873846471703,38.81690269339376],[111.18708867231263,38.816686975097184],[111.18682270450311,38.81652525622057],[111.18673321800006,38.81629119059124],[111.18686569009932,38.816038754042275],[111.1870564694567,38.8156556075989],[111.18730641412111,38.815195797745396],[111.18743763643967,38.81460556142604],[111.18739198833237,38.81407416090719],[111.18721378630406,38.813624045069226],[111.18672540926032,38.813300537479925],[111.18626693557843,38.812990492206055],[111.18598611519019,38.81278375482596],[111.18577875202017,38.81259942006604],[111.18566010775024,38.81235639177557],[111.18562982140321,38.81205467079154],[111.18562892129933,38.811707862931335],[111.18576081910376,38.811374356045214],[111.18602595309063,38.81108567711099],[111.18630534849646,38.81074743062999],[111.18652614280948,38.81042729310128],[111.18662834271652,38.81002176828487],[111.18667153863467,38.80961633763449],[111.18671476819178,38.8092244189429],[111.18680272834193,38.80887746889462],[111.18702326032047,38.8085978669234],[111.18727368776123,38.80833172867004],[111.18731733901723,38.80810195370408],[111.18741887033599,38.80744420399405],[111.18741711209341,38.80677310778322],[111.18722433178145,38.80638156703665],[111.18686893992788,38.80599028612088],[111.18655794399595,38.805652981477515],[111.1861439234642,38.8054014165699],[111.18589229655753,38.805203640201384],[111.18571443027415,38.804870625407595],[111.18537424819507,38.80465046850696],[111.18519644400192,38.80433997290433],[111.18507742023606,38.80408343219736],[111.18486994458311,38.80370542271299],[111.1848694324942,38.80350724650291],[111.18513457717289,38.803232081277876],[111.18554714483285,38.80292965729122],[111.18582663948999,38.80264095561325],[111.1858849473202,38.80237512545489],[111.18588425691944,38.80210938912624],[111.18575076292507,38.801821343853035],[111.18548445933915,38.801646109926395],[111.18533633577225,38.80140312762542],[111.18537864598986,38.80065539233356],[111.18540598519184,38.799822104191875],[111.185419147447,38.7992095357275],[111.18553552377854,38.79844817046678],[111.18550369117956,38.79754741550916],[111.18555992893509,38.79648437555315],[111.18557245868743,38.7956285901494],[111.18554108242276,38.794903491208814],[111.18553976293563,38.794394537906186],[111.18549491173653,38.79416039953285],[111.18552339158829,38.79376850365865],[111.18561113039867,38.793480106353954],[111.18594999612672,38.79321382978302],[111.18618553618938,38.79305130961287],[111.18645093055295,38.79288874133386],[111.18674552379309,38.792613525001954],[111.18677438408116,38.7923702611675],[111.18677363185743,38.79208200433009],[111.18656626932044,38.79187515010068],[111.18622662703899,38.79183965960023],[111.18569542117895,38.791863025098245],[111.18504581887008,38.79186405556404],[111.18448521175785,38.79192349437289],[111.1838508315947,38.791969534486114],[111.18330475912973,38.79208749718259],[111.18261106537878,38.79200751068977],[111.18187241661278,38.79178796504653],[111.18136997500497,38.791523008025415],[111.18102934583925,38.791095653081996],[111.18073275675381,38.79058715640494],[111.1803028710742,38.78984915893589],[111.17975531414346,38.78922844574763],[111.17917784662933,38.788580751573846],[111.17854249273061,38.78822590522914],[111.17783313116276,38.78790269629802],[111.17740415103033,38.78751149719259],[111.17716692239502,38.78713802208102],[111.17706304108322,38.786872441374285],[111.17695910372659,38.78658434046358],[111.1769727705217,38.786147428185735],[111.17717773431164,38.78554808065139],[111.17739828017206,38.785142382677066],[111.17766263586623,38.78456546421416],[111.1778086288961,38.78397521313233],[111.17802831450686,38.78337133745486],[111.17829251282666,38.7827358651262],[111.17840889407165,38.78210061788818],[111.1785551014293,38.7814563168193],[111.17865669894788,38.78080757966191],[111.17868489650402,38.780289571799585],[111.17878684100354,38.77978045917226],[111.17880057308165,38.77937507437738],[111.17862291674967,38.77908708733456],[111.1783116844219,38.77859211791759],[111.17800038923237,38.77807012346228],[111.17792525722922,38.77750272838842],[111.17779121529296,38.776962447107735],[111.17745018599324,38.77633690323555],[111.17715340644313,38.77571579527597],[111.17700536510321,38.77547280113986],[111.17684132352993,38.77472087384923],[111.17670633593742,38.773937373978235],[111.17666053907656,38.77330237261516],[111.17655591266197,38.7727260126676],[111.17633385863822,38.77250564957153],[111.17578717669709,38.77217317356],[111.17540271998485,38.77185846781017],[111.17516610135436,38.77156155549147],[111.17491355708033,38.7709268628501],[111.17463183895272,38.770418326567885],[111.17421709922404,38.76977036237288],[111.17387661599686,38.76919435098725],[111.17368272322933,38.76841994256499],[111.17340010795489,38.76753306408616],[111.17330927849476,38.76655131545997],[111.17320328438855,38.76539393099241],[111.17318742159878,38.764930036987856],[111.17324561551428,38.76461016292541],[111.17361314327765,38.764042106765416],[111.1736984578756,38.763916760992636],[111.17391274508769,38.7636019251155],[111.17396604344631,38.76352361577384],[111.1741420110836,38.76314050907017],[111.1741425442035,38.76313073807974],[111.16759129241254,38.76270989679147],[111.16763450497598,38.76281672327031],[111.16785634443465,38.76321287617628],[111.16788652324628,38.76326676709226],[111.16795063030378,38.76339254982333],[111.16810902987129,38.763703340618626],[111.16825764068412,38.76421208495919],[111.16845112433207,38.76499551169433],[111.16843777029706,38.76558556196672],[111.16824707646035,38.76599120141635],[111.16790881152335,38.766487133677046],[111.16754105745161,38.766983107195415],[111.16732092396396,38.767411307501014],[111.16730704364342,38.76778065962824],[111.16730799038834,38.76818602291873],[111.16738278735053,38.76864983310672],[111.16742789878398,38.76902810877308],[111.16735540675441,38.76955068246667],[111.16729859222129,38.77047409406614],[111.16725519222202,38.77098311377539],[111.1671086233454,38.77135265546324],[111.16687332089637,38.77160521840322],[111.16657914458929,38.772056042924106],[111.16635874477008,38.77253378597153],[111.16637460820483,38.773015696522826],[111.16640551833899,38.77362820298263],[111.16664244564268,38.77391612442236],[111.1669680588137,38.774298503683035],[111.16735242855485,38.774586212912354],[111.16767749857203,38.774887518092584],[111.16772278592583,38.77518472015572],[111.16773823721672,38.775486469057235],[111.167724220504,38.77579726832591],[111.16757723255327,38.77614429067732],[111.16721002628069,38.77689699214477],[111.16709303896671,38.77731153156556],[111.16713808090579,38.777658278569284],[111.16739020126613,38.778130842350144],[111.16758301904761,38.77861700272781],[111.16776091505503,38.7788734779674],[111.1674813441183,38.77927473877868],[111.16703934620077,38.77957714222774],[111.16671540734845,38.77992441606163],[111.16634812044688,38.780654594261335],[111.16598086784094,38.78140278733783],[111.165702075097,38.78199321234925],[111.165334496893,38.782606282483975],[111.16521729557914,38.78309288458136],[111.16521763856821,38.7832415174164],[111.1654245929968,38.78330878524975],[111.16567598208522,38.78346156648595],[111.1658976668216,38.78367744590215],[111.16601631103306,38.783970039982],[111.16609101581172,38.78423567214778],[111.16619495830055,38.7845463030662],[111.1661957111109,38.784870592786305],[111.16619629663845,38.78512281811168],[111.16615286306367,38.78546969082216],[111.1661534798131,38.78573542819149],[111.16615423246752,38.7860597178461],[111.16615481787377,38.78631194312054],[111.1661701083063,38.78654613132602],[111.1661116771812,38.78678492837115],[111.1660389022577,38.787352540448644],[111.16587789123312,38.78787073330715],[111.16553909041421,38.7881864962629],[111.16518531186246,38.788403190603894],[111.16496499392666,38.78878634486672],[111.16474447002678,38.789237059511606],[111.16445075476223,38.789768949359136],[111.16442164672158,38.79009328082464],[111.16445195512414,38.79029141569928],[111.16476208917172,38.790484652325276],[111.16548597676035,38.790726847301364],[111.16650487952626,38.79084250484879],[111.167745120297,38.7910118844006],[111.16836559189281,38.7913217704123],[111.1688234984984,38.7914832549789],[111.16922258831754,38.791716887464794],[111.16945922564402,38.79185166554136],[111.16972498766688,38.79198189680437],[111.17016803577098,38.79209385329682],[111.17065559171195,38.79216520682139],[111.17114269142037,38.792196022683825],[111.17157078024648,38.7922179151055],[111.17188106296899,38.79231204381749],[111.17216170799281,38.792496296021156],[111.17239872228187,38.79278420466233],[111.17260574180126,38.79301360469954],[111.17282770683723,38.793175421778805],[111.17300546216956,38.79349944903294],[111.17316854771819,38.793706392920775],[111.17318391610843,38.7939630999327],[111.17318480983162,38.79433242915968],[111.17317226404259,38.79524226193832],[111.17307098811216,38.796201770350606],[111.17292621573328,38.797323487931244],[111.17286936530924,38.79821086563112],[111.17282682664259,38.79891806090745],[111.1727974921849,38.79898566470192],[111.1723557859441,38.79945023186276],[111.17206144377704,38.79986503612694],[111.17167874533325,38.8003385218155],[111.17131057477678,38.80072190439614],[111.17100150494353,38.80115023957764],[111.17076650567314,38.80156495361081],[111.17047256414897,38.80215541013161],[111.17032578781692,38.80245739384762],[111.17032636682696,38.80270061034018],[111.17040052295843,38.80287165515502],[111.17041569040191,38.803047289988754],[111.17034238236539,38.80323206187879],[111.17015112281209,38.80358815845025],[111.16998969881627,38.80393520323966],[111.16994572804697,38.804052371816255],[111.16994622020474,38.80425955618386],[111.16996149384167,38.804480231114134],[111.170065118816,38.80463772115088],[111.17009514351012,38.804858374578394],[111.1703617218381,38.805159755741926],[111.17062763169845,38.80533052060178],[111.17087905560076,38.805460769833886],[111.1711157954527,38.80561806416084],[111.17127838120838,38.80575745063729],[111.17135271542284,38.806000558846065],[111.17136785352731,38.806162681436795],[111.17139782893915,38.80636081443155],[111.17154640551203,38.806657861820604],[111.17163518887672,38.8067748359969],[111.17182724672824,38.806900666318896],[111.17193135759923,38.807107698147554],[111.1719318555616,38.807314882385036],[111.17193241848172,38.80754909064463],[111.17180074215341,38.80814831907003],[111.1715513957404,38.80873871207361],[111.17116922752605,38.80945541168821],[111.1707872141419,38.81023967002716],[111.17078835411935,38.81071709433527],[111.170715446613,38.81107301832946],[111.17046554900564,38.81159134525641],[111.17023032484875,38.81207812210612],[111.16993702813869,38.812808199838734],[111.16982042970893,38.81355603612175],[111.16955671218187,38.8143221018523],[111.16918912982074,38.814989229008496],[111.16886597877166,38.815732858978],[111.16874883209172,38.816102357425564],[111.16880854320517,38.8163995361097],[111.16886807400782,38.81662014677123],[111.16901608825545,38.81682711738384],[111.16938559127195,38.816966206694616],[111.16971085885756,38.81711436712291],[111.17015473909409,38.817510074689686],[111.17052462377043,38.8178068002778],[111.17089529730633,38.81843231644359],[111.17144353119096,38.819273763510296],[111.17163615574356,38.81947165720483],[111.17188717343494,38.81956136840292],[111.17216781973137,38.81955194714879],[111.1726108262589,38.81957381353987],[111.17309811348379,38.8196046206763],[111.17355615734901,38.81974356549773],[111.17392573901381,38.81990516029978],[111.17444369673039,38.820264708960934],[111.17485805005383,38.8206334184276],[111.17513906787445,38.820921254168475],[111.17536143478137,38.82120917726596],[111.17571669586683,38.82154194022233],[111.1760420705931,38.82186573909459],[111.17630833776093,38.82200496187019],[111.17666312865704,38.822144050208564],[111.17707692309781,38.82227854404042],[111.17765313286768,38.822462333644054],[111.17815626245248,38.822776848116874],[111.1785407032264,38.82296993361437],[111.17891000873303,38.82315403300063],[111.17916162331424,38.82332930373777],[111.17919190991533,38.82364003385028],[111.1789568750241,38.824194387071586],[111.17884028512766,38.82477107855087],[111.17859099455939,38.825384004843315],[111.17823849830184,38.82617274428686],[111.17795909387769,38.82669113091239],[111.1779455160098,38.82716407217731],[111.17812435600747,38.82787993644518],[111.17822984103985,38.82861843230426],[111.17836410824037,38.82920825190995],[111.17854278886209,38.82985655547336],[111.17866216907346,38.83024822123188],[111.17833831780838,38.83069911634004],[111.17769037793921,38.83151082408994],[111.17710122509834,38.83208823096011],[111.17637881321804,38.8326298040732],[111.17568663789207,38.83332446323563],[111.17509743669069,38.83404148392718],[111.17428648473401,38.83459668862498],[111.1738737966371,38.83494411157534],[111.17319563264881,38.835499110912515],[111.17273897992793,38.83597721095019],[111.17225276457904,38.836437336769634],[111.1720616555294,38.83673938630397],[111.17192956981202,38.83718998059054],[111.17173901061271,38.83772173263031],[111.17165165989569,38.83821730072524],[111.17171157506503,38.83858654042444],[111.17199265384693,38.838725750820146],[111.17231755803627,38.83882886392256],[111.17261328663389,38.83892301124072],[111.17293832419385,38.838931538488],[111.17332231244056,38.838908449403355],[111.17383897199602,38.83882660974224],[111.17414931750083,38.83886217946256],[111.17440060555201,38.83903295643613],[111.17462294906893,38.8392893520628],[111.17493462021126,38.839865397221125],[111.17523143315009,38.840545055666276],[111.17549878628928,38.84109864568585],[111.17555870167052,38.84145887522194],[111.17545639466344,38.84186438842118],[111.17523713329882,38.84286910816188],[111.1748119029695,38.84413987130259],[111.1745191609202,38.84513118728585],[111.1744026249589,38.84590604785363],[111.17434474517069,38.84637905330086],[111.17438992316119,38.84674831308777],[111.17449430897476,38.84704091656804],[111.17468650235269,38.84717574900595],[111.17490849737906,38.84727900857295],[111.1752926014833,38.847431568441685],[111.17586945905126,38.84765139683117],[111.17634261336029,38.8478578669972],[111.17680110121815,38.84810038935139],[111.17721539398363,38.848374504875856],[111.17791151424441,38.849067060938495],[111.1785629212313,38.84972364921809],[111.17911158641061,38.85046146314423],[111.17967458438106,38.85116772443669],[111.18016390790996,38.85191913644388],[111.18072712766995,38.85256233632783],[111.18123081985263,38.85315157797293],[111.18149708343013,38.8533808677728],[111.18145342185181,38.853624150790395],[111.18123263717327,38.8538677087431],[111.1809232841563,38.85425102700743],[111.18068813489812,38.8546522455991],[111.18048218987073,38.85507143450385],[111.18036550599024,38.855625604712635],[111.18038058446898,38.855751692957014],[111.18069194126139,38.856156570168814],[111.18069858115804,38.85616318885856],[111.18126942856226,38.85673218513003],[111.1816711306739,38.85712258233193],[111.18190815858186,38.857552331972535],[111.18212852764566,38.857904725973576],[111.18229954367652,38.85802839433118],[111.18280001231355,38.85824688124553],[111.1832640265059,38.85851309064086],[111.1839475675411,38.85879801979875],[111.18464335594304,38.85910199182632],[111.18497298808852,38.85926353877585],[111.1855063178056,38.859304652902125],[111.18578369717788,38.85941587379269],[111.18618174387605,38.85957547805765],[111.18724622340861,38.85993409474213],[111.18801492696011,38.86008149116867],[111.18841442762958,38.86030154237132],[111.18879922937742,38.86054413585342],[111.18897739456524,38.86079607053506],[111.1889634918496,38.86112037949283],[111.18906786035245,38.8615120567086],[111.18914286269447,38.86196233307685],[111.18915854278312,38.862309113969246],[111.1891006047443,38.86272807769302],[111.18892447238022,38.86324632010003],[111.18871887493951,38.86365201039801],[111.18870483843438,38.86392677564381],[111.1886909101196,38.86424207648571],[111.18875093572262,38.86461130552501],[111.18869411257222,38.86545364076857],[111.1886074890127,38.86619243257679],[111.1882709728691,38.86747660817037],[111.18821350059372,38.86807572927133],[111.18821462884222,38.86850360489222],[111.18840804729753,38.86907079357858],[111.18873454578431,38.869579215264686],[111.1890607972413,38.86999305298496],[111.18951919549005,38.87013193313511],[111.19008074882875,38.87019858009166],[111.19076071068906,38.870242511142045],[111.19117436418303,38.87021030695195],[111.19169107206889,38.870069836878976],[111.19219285737418,38.86987083744615],[111.19267982726788,38.869653844409804],[111.1929897436336,38.869477677793746],[111.19328530926252,38.86945466914783],[111.19358093692728,38.86945417951039],[111.19384701973071,38.869579849376954],[111.19399563732244,38.86980930515877],[111.19407031227196,38.87012445909272],[111.19410084363426,38.87049373398834],[111.19416078007612,38.87081792026234],[111.19427973508252,38.87112849641106],[111.19475565463468,38.87227171212321],[111.19514252533429,38.87323941970635],[111.19530563601106,38.87336525816856],[111.19551239591243,38.873387432054905],[111.19583754228063,38.87337787933189],[111.1962362746119,38.87328262667397],[111.1966938140818,38.87309719424783],[111.19712173596095,38.87288028223762],[111.1974315306904,38.87265906444312],[111.19802148946623,38.87231125997173],[111.19840493504026,38.872031363069674],[111.19890686139334,38.87175576713588],[111.19943797704966,38.8714891271322],[111.20002824340474,38.871258415169514],[111.20048578530736,38.87108197578022],[111.20120973593333,38.87101317119704],[111.20188967390486,38.87104352556299],[111.20271753064871,38.87117270664879],[111.20317615515226,38.871379092289295],[111.2036941973603,38.87171148364804],[111.20413919740848,38.87231423853065],[111.20474731974691,38.87303831292667],[111.20553333750361,38.8740097893309],[111.20590530410735,38.87500000688984],[111.20620302268678,38.87571561227327],[111.20670719442353,38.876340772247],[111.20703394686355,38.87688066929568],[111.2072873640211,38.8775873422664],[111.20726482119741,38.8782761942847],[111.20726024117178,38.87841611986169],[111.20724051000991,38.87849641281601],[111.20706829674492,38.878662727206994],[111.2070053452597,38.87903464192353],[111.20702057336041,38.87934166903965],[111.20719862140909,38.87944185200748],[111.20704346978673,38.879563678343864],[111.20681981777949,38.87966983761548],[111.20660499559224,38.879771806563205],[111.20639485322904,38.87985797865155],[111.20632186010003,38.87992245845798],[111.2063589046965,38.88007969390887],[111.20645084795363,38.88024159929693],[111.20649571628263,38.88032374881422],[111.20653668028372,38.88039874842167],[111.2064820977958,38.88050371250643],[111.20640561758108,38.88054576068383],[111.20629943754595,38.88060413680061],[111.20626338499551,38.88079010153322],[111.20619693726029,38.88100948707531],[111.20614243759695,38.881143051004244],[111.2060877575794,38.88121464791242],[111.2060454275838,38.88133865722855],[111.20604574420817,38.88144829030851],[111.20607050879487,38.881576948219816],[111.20614389296857,38.88170298187398],[111.2061869576489,38.881776943768116],[111.2060960181976,38.88196300621054],[111.20604756140017,38.88207749233931],[111.20589531382883,38.88224384714742],[111.20576791183956,38.88238305403914],[111.2057117859679,38.882482062610485],[111.20572260428573,38.882653523760624],[111.20573095774516,38.88278590567676],[111.20571765787716,38.882932505105515],[111.20565401549614,38.883068468366396],[111.20559478107735,38.883147222629574],[111.20549701152656,38.883210640234296],[111.20538477165512,38.883283443338314],[111.20527977750571,38.88335512832496],[111.20516568611649,38.88344470451778],[111.2050790066557,38.883523507631075],[111.20493743058897,38.88359883178949],[111.20478210073433,38.88366345506533],[111.20474115040062,38.8837386015804],[111.20474132482545,38.88379937681178],[111.2048510175963,38.88377058429157],[111.20497443299348,38.88374176758214],[111.20512549699441,38.88378440254577],[111.20525371168183,38.883834227964215],[111.2053940256898,38.88387931991782],[111.20551924889394,38.88391956137436],[111.2055664513793,38.883969395679266],[111.20558348068133,38.88398737433389],[111.20564335359511,38.884130269637964],[111.20565305865173,38.88432330397081],[111.20567179780592,38.88447699651332],[111.20564018203248,38.88461647856356],[111.20550353800135,38.88481692010506],[111.20544450789367,38.88496717516331],[111.20542672653285,38.88514595777189],[111.20544088079144,38.885296084053735],[111.20546868607317,38.88542116141552],[111.20550570080276,38.885567672213966],[111.20557917435953,38.88566764336961],[111.20558877643406,38.88582492721736],[111.20553100341566,38.885955693254445],[111.2055160637365,38.88598950644254],[111.20535684554008,38.886293663207724],[111.20519254264383,38.88656154118783],[111.2051109941491,38.886694498065914],[111.20505183835425,38.88680185290276],[111.20504762360694,38.88692698655466],[111.20511218662625,38.88710919877614],[111.20523622371441,38.88729488258385],[111.20533248756483,38.887366213677275],[111.20548818543223,38.88742671529505],[111.2056619947834,38.88742283406834],[111.20596361292226,38.887325776356036],[111.20611439585788,38.887268310051006],[111.20623319064221,38.88722162577366],[111.20621019546456,38.88717876528822],[111.20613697774539,38.887168169737166],[111.2060294474981,38.887150422047185],[111.20607357527004,38.88712888012224],[111.20633446572404,38.887042003798946],[111.20659028460831,38.88695681674154],[111.20725490250116,38.88674395303202],[111.2077715405876,38.886549364755915],[111.20799220378458,38.88626071862401],[111.20821284353954,38.8858414573146],[111.2084035998484,38.88542675285497],[111.20860957401474,38.885043548584335],[111.20896382973699,38.884871764756994],[111.20921486125957,38.88487131527832],[111.20949595736202,38.884929362794296],[111.20970314115387,38.88496051863321],[111.20986550746213,38.88493770715093],[111.20992424226743,38.884825002605616],[111.2099237916325,38.88467186880779],[111.20983455681119,38.88445583914663],[111.20970100953242,38.88423538503206],[111.20967076190848,38.883992225529134],[111.20989136978699,38.883690063916724],[111.21027460389323,38.88333356163162],[111.2107316254984,38.882963413058604],[111.21102713561909,38.88290432793244],[111.21135245651254,38.88293977127666],[111.21164821993929,38.883087866295064],[111.21185578833439,38.88324963247602],[111.21218082989377,38.88319049085347],[111.21243161404061,38.883108963632424],[111.21280088631414,38.88302722001313],[111.21333306938071,38.88310732029346],[111.21396884305996,38.88314218878385],[111.21472274555352,38.88317683666292],[111.21552107032197,38.88325193333623],[111.21614185642005,38.88333185725024],[111.21642326627384,38.88349347859819],[111.21666044248879,38.88379480408143],[111.21679450685852,38.88406028886484],[111.21672148181503,38.88432615799741],[111.21666282264961,38.8845784885432],[111.21670885041442,38.88502879899406],[111.21668040673508,38.885506271348355],[111.21680022846454,38.88594293286616],[111.21688943145958,38.88614094135543],[111.21706687953805,38.88622168287409],[111.21720014088574,38.88622143508366],[111.21734758928964,38.886149097416464],[111.21750963878283,38.88602268487577],[111.21776029134142,38.885779004014296],[111.21799603847018,38.885490310853314],[111.2182612041792,38.88528263346891],[111.21864492942514,38.88509725334193],[111.21911746049275,38.88497926472321],[111.21933920794486,38.88494281675837],[111.21976727022836,38.88477086152581],[111.22035776091495,38.88459859832836],[111.22078616715447,38.88453923767056],[111.22112615556729,38.884538594363505],[111.22151079351674,38.8846504643407],[111.22208889184559,38.885126785884445],[111.22272569090502,38.8855984886159],[111.22324450525677,38.886115453017815],[111.22383735208501,38.88657822569472],[111.22431115895381,38.886865569741836],[111.22465253431947,38.88730179725449],[111.22497864897986,38.88758041468036],[111.22531854828739,38.88766083052934],[111.22585114047851,38.887740872857066],[111.22659072801663,38.88801418136224],[111.22721251553799,38.888278706525625],[111.22789488774534,38.88901602539111],[111.2285912772299,38.889627202008356],[111.229509002353,38.89006678933946],[111.23032272566786,38.89030840064846],[111.23059397648275,38.8904255482046],[111.23226278165924,38.8883774699825],[111.24277729327726,38.88835371839193],[111.24296639823338,38.887765067208505],[111.24309626335395,38.88687301386579],[111.24310733032546,38.88578753752061],[111.24301435733,38.88450410342428],[111.24281925173322,38.88358119801434],[111.24281811730597,38.88324790748883],[111.24293584777976,38.883130559718204],[111.24324621989895,38.88310739383385],[111.24366010791375,38.88312905076051],[111.24407376618696,38.883083147329465],[111.24459041551458,38.882928931768134],[111.24506262461313,38.88273427156387],[111.24531431730273,38.88282382226651],[111.24537426455966,38.88308042192939],[111.24539005374619,38.883377649970136],[111.2456277111957,38.88367891548263],[111.24583532326255,38.883935204176055],[111.24614585330298,38.88395706982522],[111.246441415534,38.883920414793124],[111.24697239483352,38.883640047665175],[111.24750294920882,38.88323807215824],[111.24835764439578,38.88252913614843],[111.24930080755021,38.8817884772751],[111.2503914459799,38.880898863940935],[111.25143771374762,38.87999582398005],[111.2523353214283,38.878917441388026],[111.25305597614853,38.87791149868969],[111.25376119849642,38.876824513610664],[111.25436319755667,38.875679197451355],[111.25449347717826,38.87494927156491],[111.25475621982872,38.87400286628016],[111.25510712232894,38.87293916462408],[111.2556944920913,38.87194700769864],[111.25616409359864,38.871054193308126],[111.25684024473892,38.87002580383035],[111.25742746914489,38.86900661426315],[111.25776308868254,38.86781682635256],[111.25804039528151,38.866834348704835],[111.25815545125805,38.86599185207122],[111.25812403692633,38.865469460936495],[111.25799026382028,38.865217534153494],[111.25757610070723,38.86509233710715],[111.25677720743123,38.86481485006085],[111.2553261272698,38.863998308514965],[111.2539204631756,38.86338883279711],[111.25330726917316,38.862975798834654],[111.25296837000643,38.8627468307352],[111.25236530010312,38.862342777787106],[111.25169748698836,38.86154701549453],[111.25119274331611,38.860840978153725],[111.25080586210844,38.86006712586966],[111.25043270848182,38.85899598033698],[111.25006073115331,38.858154533708905],[111.24985185749173,38.85762351141556],[111.24956874308118,38.85696653597511],[111.24915225499376,38.856156709084566],[111.24875086566392,38.85544143199168],[111.24846836461987,38.854852012003526],[111.24806714598228,38.85418177182245],[111.24776978676331,38.85366444524872],[111.24741426480803,38.85339946400982],[111.24665986871904,38.85313532468244],[111.24599452093793,38.85290702480665],[111.24535768660122,38.85248949401123],[111.24472103507891,38.85201791153842],[111.24427642135568,38.851590963914454],[111.24374231118658,38.850993050005876],[111.24313507979328,38.8504853654779],[111.24261648918272,38.85000001357582],[111.24236393765658,38.8496222032316],[111.24217001300372,38.84912266320163],[111.242020239701,38.84847890381611],[111.24169221011775,38.84760130589167],[111.24135064334155,38.84697595810518],[111.24102361675094,38.84639111512433],[111.24069723407193,38.84599543729074],[111.23998562682861,38.84525824755122],[111.23921411187102,38.84425544075763],[111.23864997963622,38.843369308883524],[111.23812992504024,38.84242002842967],[111.2377141616096,38.841763292689244],[111.23731412016033,38.84139477886096],[111.23698782460744,38.841012602071395],[111.23658798499646,38.84070263717792],[111.2362763798895,38.840297908635655],[111.23599530778057,38.84009129319329],[111.2362010753425,38.83983865376115],[111.23706985350424,38.83904869520155],[111.2380119172636,38.838114453017994],[111.23849779407045,38.837568478836864],[111.23864390217481,38.83713129305044],[111.23864262364432,38.83674845616629],[111.23862552025044,38.836045867964444],[111.23837349020697,38.83580316679489],[111.23812197244202,38.83560550397689],[111.23791356910206,38.83516904105371],[111.23789768894085,38.834831273722706],[111.2378815529188,38.83441693895812],[111.23802651861992,38.833853644136504],[111.2380510212737,38.833430218522565],[111.23802819771757,38.83295284134637],[111.23800585379304,38.83251149512953],[111.23792042401242,38.83214684533702],[111.23791916457769,38.83176851207271],[111.23785469921553,38.83132274751451],[111.2377901001292,38.83094454313975],[111.23781035993674,38.83065174197287],[111.23772488848435,38.83027358000455],[111.23766066545782,38.8300079747115],[111.23751248541025,38.82971101209487],[111.2373645919328,38.82949962469034],[111.23715285153023,38.82913523071216],[111.23700490057813,38.82890582694405],[111.23673043744624,38.828726223414925],[111.23643523995158,38.82847910118803],[111.23630751015799,38.828051479535695],[111.23622231774344,38.82775438774729],[111.23620041834947,38.827443655925926],[111.23563163529965,38.82727815645857],[111.23504161348372,38.82700009689773],[111.23434621417103,38.826740261776266],[111.23386122200206,38.82644396947764],[111.23350297281996,38.82627803797042],[111.23312361149745,38.82614817951096],[111.2327453587043,38.82624802175081],[111.23257716259617,38.826315916756094],[111.23238787444406,38.826316293436186],[111.23202952696715,38.826118829577894],[111.23173425884563,38.82595276752749],[111.23152315690433,38.82577302594798],[111.23120729628515,38.82569257942337],[111.23078624210868,38.82557630786809],[111.23042828021326,38.8254959423941],[111.23020248614115,38.825334243401116],[111.23018723827992,38.8251811373203],[111.2300966069918,38.82497413168188],[111.23009585316997,38.82473992495898],[111.2302297864183,38.82453698090989],[111.23033386615619,38.82433859956723],[111.23042290294588,38.824162767818784],[111.23067637469417,38.823869507317184],[111.23087021432815,38.823720492265736],[111.23136254831495,38.82340423796275],[111.23172112833987,38.82334497523237],[111.23216907536019,38.82321346975923],[111.23231817744822,38.823141109278346],[111.23254219485064,38.822978519411066],[111.23257103709246,38.82266318162112],[111.23242053626376,38.82241576081484],[111.23201590843145,38.822033724577324],[111.23170096426635,38.82178662926952],[111.23144605656124,38.82152139815481],[111.23120603461224,38.821296673072254],[111.23093585732384,38.82098192695938],[111.2308605427911,38.82072534740595],[111.23082982224398,38.820572271861735],[111.23056099621716,38.82056379467099],[111.23024686126726,38.820564414177994],[111.22976829324328,38.82045726016384],[111.22921496906882,38.82037727492079],[111.22873598693288,38.820252101453484],[111.22836239398293,38.820225808239165],[111.22810780477813,38.82016775348787],[111.22785336109989,38.820042137779446],[111.22780839753963,38.81993412927195],[111.22789752240267,38.81978532319128],[111.2280910119997,38.81952821713843],[111.22829964174755,38.81928008918816],[111.22849324367793,38.819059014299135],[111.22852231704981,38.818811236959064],[111.2286256152565,38.81848224221622],[111.22886386091686,38.818157487104884],[111.22911726057139,38.8179588140393],[111.22907192129128,38.81773370246959],[111.22890663218051,38.81746828985796],[111.22889068361063,38.81720708853109],[111.22880052756203,38.817031608729216],[111.22876950948151,38.81667134864777],[111.22875360482753,38.81642365921159],[111.22872270365782,38.81609943093762],[111.22872190239801,38.81584891040961],[111.22881431313225,38.81541972149893],[111.22883781512542,38.81514797007718],[111.22885516283345,38.81485716431053],[111.22887889333187,38.81465691449804],[111.22898455757858,38.814357593314725],[111.22908287683373,38.81414289609689],[111.229204156588,38.813963904798264],[111.22934032431965,38.81367763279587],[111.22937760060724,38.813427304960605],[111.22926298224485,38.81330836094944],[111.22893522495417,38.81308051774466],[111.22887732072745,38.81303189596491],[111.2287276311829,38.81291508475515],[111.22839856182367,38.81284816829204],[111.22817380499338,38.81265943887089],[111.22794939502073,38.81257880466104],[111.22762021325353,38.81247585410909],[111.22745507068214,38.81225097502563],[111.22727487630365,38.81204414103497],[111.22721433529793,38.811787529975405],[111.22719832274106,38.81150380820722],[111.22728768316719,38.811318969811694],[111.22739134870412,38.811107079414356],[111.22743546219134,38.81083675265984],[111.22743468882018,38.810593537350485],[111.2274491982213,38.81040434046574],[111.22746331969482,38.810206136297396],[111.2275226424305,38.81007990835919],[111.22759687512726,38.80989059512622],[111.2275365497411,38.80970154395654],[111.22747600982153,38.80944493292632],[111.22749001529805,38.809210696818425],[111.22744465817559,38.808976576270155],[111.22721968563391,38.80882838144167],[111.2270544824649,38.80858098167512],[111.2270389591794,38.80833779492965],[111.22703805856723,38.8080540436049],[111.2270674054926,38.807891841956604],[111.22703680059054,38.807657692524955],[111.22697614989967,38.80736504921578],[111.22717932103922,38.80707989324402],[111.22737259965962,38.806555173016115],[111.22743194402051,38.80605931461735],[111.22744306670683,38.805725619939935],[111.22728313206939,38.80523972138358],[111.22712392486218,38.804982625348345],[111.2266715955546,38.804514776681906],[111.22639042524764,38.80420229960433],[111.2260595386668,38.803592794095294],[111.22516741027158,38.802726965638165],[111.2247029450858,38.80225118292787],[111.22394531902815,38.80181858391521],[111.2237046667156,38.801813397746905],[111.22317328747671,38.80180090179317],[111.22236164810703,38.80189703362781],[111.22141724747124,38.801988907450294],[111.22038368236487,38.801981853355926],[111.21989626043421,38.801874675115556],[111.21973365761161,38.801874981004616],[111.21951200306535,38.80174027694284],[111.21930508291017,38.80171814536892],[111.21900976523962,38.80161060271596],[111.21871393784294,38.80145351601704],[111.21808406619104,38.801167367259566],[111.21754667596906,38.80072982666448],[111.2171669469548,38.800053652116084],[111.21707993042648,38.79948180182814],[111.21719971794258,38.79870438183668],[111.21699236173328,38.79841650947148],[111.21663722905694,38.79815143091441],[111.21620358756715,38.798093681729895],[111.2159735752046,38.798044562800875],[111.21564460703736,38.797865009332845],[111.21528238254422,38.79763146789454],[111.21492061539823,38.7974294526637],[111.21472340855514,38.797402791053884],[111.21429619409079,38.797327006861856],[111.21396718286829,38.797251041327954],[111.21363876007167,38.79725164223924],[111.21340882046646,38.79722503824917],[111.21298147602747,38.79722581793314],[111.21268606702196,38.79719933183029],[111.21212742642712,38.7972003472929],[111.2119305280302,38.79727727301674],[111.21176644296355,38.797381163105],[111.21143863284591,38.79758894193472],[111.21127535877515,38.79784596675044],[111.21101330550634,38.798152714032284],[111.21098126189956,38.798386981233065],[111.21078488970029,38.79864406508769],[111.21048956693956,38.798770710153846],[111.21035798689674,38.79879797125433],[111.2100953079246,38.798771419688386],[111.20989742534667,38.79851504585329],[111.20983092168473,38.79828545998097],[111.20963304140378,38.79802908567039],[111.20927060317877,38.79759284478284],[111.20917090781924,38.79720567700161],[111.20900539932441,38.79682313086912],[111.2087413955921,38.79646328060148],[111.20870753254253,38.79607599472708],[111.20857548888414,38.79581950091161],[111.20844322430953,38.795486438851995],[111.20844254214435,38.79525223060419],[111.2084417288039,38.79497298229641],[111.2084412696651,38.79481534211674],[111.2080134943762,38.794662967411526],[111.20775060916608,38.79455984241749],[111.20745478863745,38.79451082365188],[111.2071585122059,38.79430416392954],[111.20692799725549,38.79407486686814],[111.2066320232395,38.79397179793282],[111.20636893927224,38.79392271851841],[111.20604053158957,38.79392329803276],[111.2056789548819,38.79389691083352],[111.20512062148863,38.79387086805572],[111.20429811326628,38.79353901074481],[111.20426442881414,38.79320577141299],[111.20413247178062,38.79297179243002],[111.20416432990076,38.792665462706495],[111.20416344339232,38.7923546861414],[111.20416264683116,38.79207543761949],[111.20419471118412,38.791841171979684],[111.20426223080854,38.79165479607163],[111.20432532935428,38.79148062116319],[111.20438999530532,38.79120125812209],[111.20435615726258,38.79081397056821],[111.20438778315668,38.79042656849884],[111.2043319636829,38.78825500333017],[111.20429248252331,38.78722544831186],[111.20447484296322,38.78640285922888],[111.20447458982483,38.78631423376788],[111.20453908209053,38.78585020524289],[111.20463683086187,38.78557078389334],[111.20471104357854,38.78548766435103],[111.20455986924783,38.78488687443746],[111.2046224871006,38.78442200317757],[111.20465737229406,38.78384277877243],[111.2046107368385,38.7835068015892],[111.20465567587033,38.78324931714748],[111.204645948711,38.7830419790892],[111.20454444155237,38.782684647875975],[111.20454354277005,38.78237004147165],[111.20450604315728,38.78203404907087],[111.20452341426768,38.78171941065886],[111.20457732447966,38.78140470917131],[111.20454017246456,38.78119026842997],[111.20450705486766,38.78085673290196],[111.20450255098142,38.78081137519535],[111.20452815846083,38.78018211420861],[111.20454487546371,38.77963867158338],[111.20462596235733,38.77924527013128],[111.20495407004078,38.77898728834273],[111.20542769099595,38.778507395254906],[111.2060018037785,38.7780344728395],[111.20662976431566,38.777986979842474],[111.20698330161652,38.77774764002513],[111.20719563177784,38.777622069433384],[111.20739579980999,38.77750369047222],[111.20763076934733,38.77717898222773],[111.20764463921113,38.77687718674674],[111.20767305663897,38.776507804758005],[111.20776078300788,38.77612930923499],[111.20778580525639,38.77608530258755],[111.20802482885314,38.77566492309175],[111.20843731266834,38.77542096981662],[111.20912961510963,38.77494680847356],[111.20983708817448,38.77462124922018],[111.2103671787742,38.77426447678018],[111.21048368915197,38.77412814397585],[111.21076425283985,38.77379984480117],[111.21080295885827,38.77372445925918],[111.19979142081945,38.76971999180252],[111.19768270589371,38.769004656492314],[111.19758896266426,38.769296294544375],[111.19751117234877,38.769463500118995],[111.1973901554485,38.76972361700166],[111.19736876592414,38.76976959171741],[111.197089767892,38.77017542688798],[111.19709046189857,38.770427652417105],[111.19712041873656,38.77059875572191],[111.19726788544837,38.77061201905838],[111.19751883796367,38.77059808307701],[111.19776921996183,38.77050757870665],[111.19809373659741,38.770439468411645],[111.19834465092427,38.770412018578014],[111.19858045008219,38.77038008984039],[111.1990086416783,38.77048295463264],[111.1993634462846,38.770703048300554],[111.19964466296075,38.77096830708126],[111.19991138948373,38.77132367090278],[111.20029591402333,38.771624783709136],[111.20076931659217,38.772074376129574],[111.20116913547518,38.77256913373323],[111.2016866792192,38.7729826140006],[111.20207144886979,38.773364793261344],[111.20220544968377,38.77382847817169],[111.20213267287313,38.77416190339626],[111.20182386371371,38.77457680919742],[111.20135329860136,38.775145130455655],[111.20067581217349,38.775664260769794],[111.20010192196867,38.77619672192257],[111.19973429142513,38.77667477937877],[111.19958751474344,38.77691374441274],[111.19952915266944,38.77713454216785],[111.19975138553345,38.77751700616725],[111.19998884948525,38.777944484075526],[111.2001076358501,38.77824154751852],[111.20018226558207,38.77856571071801],[111.20019756364687,38.77876386234207],[111.2001833358375,38.778948552411755],[111.20006589445126,38.77913341921007],[111.19990392845654,38.779214769107625],[111.19965326019336,38.77934131076026],[111.1994025659579,38.77945884383567],[111.19899001666003,38.77969826117709],[111.1986518223377,38.780036639583756],[111.19846070289535,38.780370263288674],[111.19818127356167,38.780762588972884],[111.19804985194017,38.781226727871136],[111.19797759521562,38.7817583269626],[111.19802326406477,38.78227621408518],[111.19811318185798,38.78279853017801],[111.1982625296326,38.783352273611406],[111.19838135535174,38.7836628505787],[111.19854388270049,38.78377967955127],[111.198691923395,38.783860500624996],[111.19887014766636,38.784319609293185],[111.19872163217715,38.784716217199545],[111.19859942769592,38.784874066232184],[111.19852620039725,38.785184969188855],[111.19842829095114,38.78541484133993],[111.19825666254211,38.78564934252392],[111.19806025436786,38.785897397555644],[111.197863695451,38.786091404071826],[111.1976429892626,38.78639805198832],[111.19739742761725,38.786691229354446],[111.1972507713197,38.78711485631348],[111.19712836110341,38.78746187356824],[111.19705547150943,38.78776827086952],[111.19705553398066,38.7877909647935]]],[[[111.19877840847337,38.76774636285631],[111.19865065013965,38.767846985253186],[111.21053636657092,38.77191966164296],[111.21015230562125,38.771503883508935],[111.20983235093873,38.77106636237178],[111.20979704584408,38.77101808471737],[111.20967755600829,38.77061293491266],[111.20975054878876,38.770243472057764],[111.21001511481778,38.7699682500558],[111.21030951009885,38.76968846972471],[111.21069220141409,38.7693544809273],[111.21111877128753,38.76890330635244],[111.21160419933508,38.7684159912547],[111.21264925370149,38.76749076447943],[111.21353182549483,38.76658834545012],[111.2144881110834,38.76569479249093],[111.21504686621078,38.76509472700946],[111.21578165019758,38.764088969307494],[111.21631043557336,38.76333581518979],[111.21672246601788,38.76297472773067],[111.21700218845729,38.76273549394323],[111.2174733808319,38.762441854748914],[111.21775292073599,38.762144066795834],[111.21784017653081,38.76175205156367],[111.2179125128539,38.76130151135726],[111.21807403660662,38.76097691822318],[111.2183091782356,38.76074226845992],[111.21867715310168,38.76044431301412],[111.21919152692458,38.759817285951534],[111.21973513798547,38.75899652722368],[111.220454375196,38.75777006969417],[111.22099681959213,38.756697079844415],[111.22127509872375,38.75600292853095],[111.22186336744498,38.75545682242849],[111.22226023518967,38.754983142356124],[111.22268765451966,38.75485621521928],[111.22299704293212,38.754693479283105],[111.22354173000876,38.75435913854058],[111.22399800306482,38.75403397282618],[111.2245866372963,38.75350136435119],[111.22501270032946,38.75294654563179],[111.2253799416982,38.75243687934511],[111.22567268335084,38.751787729839535],[111.22584890442448,38.75146760117783],[111.22611360943293,38.751277918879666],[111.22655533954511,38.75102483615504],[111.22720372755803,38.75075783807438],[111.22774862268884,38.750504550260125],[111.22838167501052,38.750052908977494],[111.22901420101208,38.74955172058763],[111.2296463556138,38.74882532634102],[111.23042567878315,38.7480355817071],[111.23071942608642,38.747607116278886],[111.2310130867639,38.747264227469024],[111.23087947240394,38.74696271916084],[111.2309664496429,38.74651214092081],[111.23125899614334,38.745714343091066],[111.23124340178481,38.74544863410031],[111.23096216910642,38.74518345023287],[111.2305629650033,38.744895978084855],[111.23013412992358,38.74455901816771],[111.22985231281724,38.74410916601582],[111.22921119671959,38.74354260708297],[111.22900782519076,38.74275648114502],[111.22922552482027,38.74231274071709],[111.22936890399092,38.74146873403291],[111.22940382151081,38.74096814999554],[111.22975141824186,38.74021784975434],[111.22994756562805,38.73970864206708],[111.23009060889794,38.738764530931945],[111.22997862588694,38.7380068269807],[111.22963941923099,38.73745707466023],[111.22941672148436,38.73705214545102],[111.22934237938229,38.73684510401081],[111.2289718085912,38.73627831730162],[111.22849909739949,38.73602701413229],[111.22801245623646,38.73602796428208],[111.22782140634878,38.73619048336115],[111.22730664545668,38.73673197405607],[111.22679180947812,38.737138340432686],[111.22617344603626,38.73742779899426],[111.22567260688324,38.737717027467],[111.22505383698643,38.73788036687333],[111.22436092620137,38.73801231681638],[111.22377111728943,38.73801344727662],[111.22294498787696,38.73795647274907],[111.22235459707547,38.737885532026205],[111.2213961788253,38.73793689581042],[111.21995097927616,38.738065737827],[111.21912496226815,38.738044768664466],[111.21872665749069,38.737905888338396],[111.21815080242423,38.737767338103296],[111.21726499858988,38.73746721486826],[111.21627575033946,38.73706818671887],[111.2152263317974,38.736376496195284],[111.21469391662936,38.73585500264249],[111.21380743914217,38.73531613838212],[111.21331859657366,38.73501702130244],[111.21244080377524,38.734291503486006],[111.21136856506122,38.73391210135926],[111.209323218209,38.73374417614038],[111.206912622148,38.73353872702432],[111.20480479660046,38.73324236531734],[111.20426768303098,38.73288746315285],[111.20379569761819,38.732769116203954],[111.20327793508613,38.73260317850253],[111.20279084013447,38.73252060532035],[111.20241081782609,38.732640434557666],[111.20189389914657,38.732772415934875],[111.20139199083803,38.732832866949195],[111.20037295859728,38.732953788593335],[111.20002292750432,38.73291863643308],[111.19953583409695,38.73283604968929],[111.19921613303568,38.73276509268089],[111.19886570577683,38.73258693327881],[111.19833277472706,38.73243291634769],[111.19767852638715,38.73242210753472],[111.19726455273262,38.73237037210647],[111.19655319623159,38.73262594881085],[111.19597321233687,38.73258796489751],[111.19114068043689,38.732909662076565],[111.18928477102071,38.733008018565194],[111.18820725934904,38.7327812086612],[111.18784340105692,38.7328519691852],[111.18648749642954,38.73330454766551],[111.18563237557233,38.73340049420868],[111.18514647536915,38.73348721693746],[111.18443356701466,38.73387380090787],[111.18367323134893,38.73402991926407],[111.1829279864139,38.73413834151558],[111.18224359719918,38.73424666326586],[111.18187868524322,38.73434256843695],[111.18155959808065,38.73450990352913],[111.18100444425689,38.734560794754934],[111.1807996339174,38.735151145695866],[111.1804918089971,38.73593983464281],[111.18050822205795,38.73660641246229],[111.18040573930334,38.73687231108347],[111.18022933932339,38.737187868404376],[111.1798033045164,38.73785512745458],[111.17943604949063,38.73845923764414],[111.17897966119244,38.73877972649224],[111.17847873483011,38.73896966342154],[111.17790368451051,38.73912818251205],[111.17715234247626,38.739363535296526],[111.17663672166464,38.73972013728988],[111.17616558661746,38.74004514145372],[111.17557646621344,38.74033428838594],[111.17511971871114,38.740519640455034],[111.1748098868512,38.740520104171125],[111.17435286238228,38.740592851845925],[111.17405798507897,38.74068337271244],[111.1738225017274,38.74080983711472],[111.17363087962138,38.74094073997545],[111.17326217461986,38.740972815523655],[111.17292289960321,38.740986830091],[111.1729828156166,38.74123896948353],[111.1729836305615,38.741576773666125],[111.17295463309205,38.741923630083065],[111.17304407861054,38.742198246066735],[111.17319205914193,38.74245025490677],[111.17347352562493,38.742904748722516],[111.17368110215031,38.74342240860934],[111.17375551979656,38.74372407072075],[111.17375643669422,38.74410241122719],[111.17381672954366,38.74450768785491],[111.17384704570019,38.74485445610823],[111.17386262383587,38.74520124625353],[111.17389308254147,38.74560656713278],[111.17399689286145,38.745872152701146],[111.17402701369059,38.746137847890246],[111.1740277680971,38.746448627460595],[111.17414623009925,38.74667815850171],[111.17425045655223,38.74696626351161],[111.17428111533424,38.747452657075044],[111.17428212272816,38.74786702973276],[111.17407599530961,38.74810154833834],[111.17394367867864,38.74823686730052],[111.17367811527942,38.74827329469548],[111.17332406799999,38.74828733238517],[111.17292627204992,38.74849510858658],[111.1724404872156,38.748887679973414],[111.17199875013503,38.74921262352831],[111.17174836371989,38.74943369090183],[111.1715722441635,38.749744730060556],[111.17144005981348,38.749938598812676],[111.17108658320177,38.75019584841542],[111.17071884852334,38.75065580068485],[111.17029260270344,38.75130500772547],[111.16985174936895,38.752012787202304],[111.16966095368849,38.75250851128443],[111.16951438140549,38.75285553680813],[111.16935380206982,38.75351336275673],[111.16895744148614,38.75434718787982],[111.16883981276747,38.754622105625074],[111.16889973546593,38.754878750575585],[111.16906227690963,38.75504966993899],[111.16916592253109,38.75524769868946],[111.16913731453272,38.75561707310809],[111.16900566513605,38.75604514931602],[111.16881490601506,38.75656339193693],[111.1686984272827,38.75717611227976],[111.16840494587251,38.75789268095973],[111.16817116126964,38.75877130906074],[111.1677316645888,38.76008712555825],[111.16764323567108,38.76051648910418],[111.1675892351953,38.760778681055946],[111.16753284308837,38.761052487858166],[111.17479068196697,38.76165180983731],[111.17485589080238,38.76160897962142],[111.1750084928163,38.761508746772115],[111.1755394624869,38.76116850144811],[111.17581870071434,38.76098956436931],[111.17649641809187,38.76054714541754],[111.17690878944138,38.760249254247675],[111.17720333024981,38.759992076821895],[111.17737948379634,38.759694541845306],[111.17754097391322,38.75942855726683],[111.1777171596914,38.759000404024995],[111.17774629451529,38.75886073392381],[111.17758398159974,38.75879341976414],[111.17746535141414,38.75865397413166],[111.17674712247502,38.75783224564222],[111.17660002659026,38.757432056218065],[111.17674444197222,38.75674541836312],[111.17700522664215,38.75588981172516],[111.17681283823705,38.75485765954935],[111.17679319959159,38.75429997294054],[111.17686476839332,38.753699246214026],[111.17688147812959,38.753070002512175],[111.17688048997579,38.752669591924274],[111.17676784771518,38.7514256246954],[111.176920817272,38.75116582586468],[111.17711337826901,38.75083878421865],[111.17709384449788,38.75032399833522],[111.17692775824126,38.74962352811903],[111.17708914576721,38.748422046698224],[111.17678854610635,38.748104138976444],[111.17690703966377,38.747597346797036],[111.17693489312107,38.746939710842476],[111.17678600157656,38.746327382914096],[111.17682855963228,38.74565621239732],[111.17713667761838,38.74495311120495],[111.17737111010669,38.744398755235885],[111.17799034880875,38.74421314718229],[111.17855007351679,38.74394655350879],[111.17890389597957,38.74385142709046],[111.17937620416217,38.74399032947025],[111.17992263070586,38.74430027051698],[111.18037992235352,38.74432659020894],[111.18128048155641,38.74451887211439],[111.18197401115542,38.74471597360215],[111.18263845102372,38.74492212455499],[111.18321420156344,38.74516444330361],[111.18399661025393,38.745392921903616],[111.18461664052238,38.74551805824556],[111.18532473986991,38.74564305170682],[111.1859739231524,38.745642020719615],[111.18663716473239,38.74537972774223],[111.18725593356601,38.74515803885598],[111.18775685725386,38.744959056367364],[111.18837586066316,38.74469232048209],[111.18918584120355,38.74419556489084],[111.19006940268065,38.74366265148854],[111.19092408807707,38.74335948607767],[111.1918237016771,38.74332648486019],[111.19266363774355,38.74302333092539],[111.19376963484663,38.74288187674402],[111.19492028058593,38.74290248416417],[111.19605504087261,38.74263484645199],[111.19724891537662,38.742299536944046],[111.19822193502817,38.74204115912199],[111.19901728081217,38.741616425213486],[111.19990105111336,38.741196038770894],[111.20119739623522,38.740630806017975],[111.20224403655845,38.74036325980817],[111.20302498339828,38.74019975958956],[111.20402755499441,38.7399863227846],[111.20497080129579,38.739768477340434],[111.20604678437395,38.739464813047555],[111.20716645215498,38.73910701257866],[111.20818366646574,38.738870993809165],[111.20877281313425,38.73864023550362],[111.20936190836021,38.73826984807998],[111.21014283281283,38.737989194452005],[111.21051146580209,38.737943490509345],[111.21089554922426,38.73814097743564],[111.21117669270537,38.73853232418076],[111.21136940784997,38.73879771613299],[111.21169408723908,38.73895927521897],[111.21204821362258,38.73899016191734],[111.21260836950391,38.73880447759576],[111.21321241229988,38.73863222276849],[111.21375764113918,38.7385051130904],[111.21424435008299,38.738400628488314],[111.21456848156527,38.73837751366214],[111.2146721973849,38.73844488433021],[111.21471689126922,38.73860694882895],[111.2148353353374,38.73879139815519],[111.2150863485167,38.73883597731115],[111.21545511795829,38.73883529824758],[111.21579419127667,38.73887971355395],[111.21601588176146,38.73897388961928],[111.21623808206684,38.739356324863614],[111.21643151144183,38.73985141469104],[111.21675775146187,38.74040481088622],[111.21696560555712,38.74091338519639],[111.2170255616473,38.741246575049196],[111.21705657612137,38.741755477285864],[111.21725016780816,38.74230010999566],[111.21734065203994,38.74298005611572],[111.21746033958158,38.743569866412905],[111.2176237534223,38.743880342964715],[111.21783070698872,38.74408714460265],[111.21842159732657,38.7443067413257],[111.21871697981017,38.744513376116],[111.21879152190084,38.7446753830254],[111.21836606307669,38.74542835763624],[111.21804311628837,38.745969448362054],[111.21767634788695,38.74664123765161],[111.2175898884275,38.74728998396867],[111.21747389260013,38.74803787451616],[111.21757921094066,38.7486277109025],[111.21759506986335,38.74899701459102],[111.21740451703509,38.74946128765186],[111.21717047363,38.75004725086543],[111.2169063581619,38.750556700303726],[111.21637666543062,38.7509765597692],[111.21583154368089,38.75128834781962],[111.21558191549754,38.75159958871886],[111.21525911059655,38.752203727825105],[111.21493562379202,38.75258266420233],[111.21452353712101,38.752907713572206],[111.21397865741606,38.75318796403518],[111.21346306446237,38.75340510162714],[111.21294694771854,38.753568189172704],[111.21241631631327,38.753686260213776],[111.21201805810445,38.75370950355867],[111.21173782181302,38.75376856430023],[111.2114878615405,38.75397620357528],[111.21106118346523,38.75435981986022],[111.21063509650543,38.75494611617064],[111.21023808588352,38.75539723681701],[111.20995922701417,38.755929216970955],[111.20987197459228,38.75633473891631],[111.20985807927806,38.756623023582385],[111.20965193807216,38.75682157204969],[111.20938739263616,38.75708778565023],[111.20896017263331,38.7572957368213],[111.20842947441193,38.75752639127734],[111.20801709446636,38.757770344985765],[111.20773816411405,38.75816269401437],[111.20732648183328,38.75864986308595],[111.20682595136546,38.75912367575144],[111.20639971072234,38.75967842808793],[111.20584089914311,38.76026944480714],[111.20525226218061,38.76074340575076],[111.20488420401139,38.761032311010844],[111.20464849000336,38.76120838209024],[111.2042944495102,38.76124503386976],[111.20417661120074,38.76127676815589],[111.20404400552695,38.76129951999394],[111.20397109588822,38.76157889863637],[111.2039131173212,38.762051925505155],[111.20344225534842,38.762480631148215],[111.20317756380156,38.76271079830395],[111.20272140844898,38.763130467330775],[111.2023825181354,38.76331572079968],[111.20205862102313,38.76359102842588],[111.20188217624992,38.7638795927109],[111.20176519505156,38.76421759866261],[111.20172190801013,38.76455097326294],[111.20142765207689,38.76488478060735],[111.20105986059804,38.765281770440765],[111.20070692679347,38.76559315660083],[111.20038323972906,38.765949532057306],[111.20002989040655,38.76624290065103],[111.19991278353146,38.76654036838067],[111.19978061163171,38.76685137388235],[111.19947393123044,38.76713682302755],[111.19936853599899,38.767234921813206],[111.19920389248158,38.76738633955546],[111.19901526378003,38.76755981550485],[111.19897266070952,38.76759337024795],[111.19892005520987,38.76763480156684],[111.19877840847337,38.76774636285631]]],[[[111.24262608271388,38.88874840968815],[111.23255844756802,38.88878863395358],[111.23104556952622,38.89062057930851],[111.2312259020263,38.890698459625824],[111.23190644035978,38.890962843277244],[111.23276388214273,38.89101968862509],[111.2335915241599,38.89099551614336],[111.23437564732872,38.891210134639],[111.23547015512911,38.8913925947003],[111.23631332998505,38.89159807315923],[111.23699407679565,38.891808379245006],[111.23774770671396,38.89183837491173],[111.23805858452462,38.89195484427902],[111.23856236563516,38.89234565990319],[111.23934096691703,38.892623311569075],[111.24017429722174,38.89257205705211],[111.24076528499944,38.89243572145713],[111.24119266988556,38.89206551545186],[111.24142706700252,38.89150654106624],[111.241632223539,38.89092961086324],[111.24192528093512,38.89014531634276],[111.24224785785228,38.88946455067863],[111.24262608271388,38.88874840968815]]]]},"properties":{"code":"SXPR-P07","name_short":"贺家山","name_full":"山西贺家山省级自然保护区","zone":"buffer","area_km2":38.146,"feature_count":3}},{"type":"Feature","geometry":{"type":"MultiPolygon","coordinates":[[[[111.30231404844453,38.91785937866132],[111.30232830713227,38.91786130635035],[111.30270976068799,38.91767789086411],[111.30285413837377,38.91755239103087],[111.30295255269118,38.91737934434059],[111.30289794946783,38.91709348575663],[111.30292777218017,38.91693253350494],[111.30301062816359,38.9166880272705],[111.30311661624879,38.91650304336877],[111.30329129546206,38.9163297983299],[111.30345263404557,38.91624794807422],[111.30354384948559,38.91617621109693],[111.30373631621356,38.916240060842014],[111.30388360201809,38.91643987714418],[111.3038480610326,38.9166902195666],[111.30406877949956,38.91693989481813],[111.30437076852269,38.916931958359534],[111.3046631462371,38.91681679598723],[111.30505583005463,38.91661557011407],[111.30541248468464,38.91655028733345],[111.30565074441246,38.91662116454515],[111.30606243359689,38.916584335621096],[111.30679389012965,38.9164179656635],[111.30719574793706,38.916223858917306],[111.3076435789147,38.91607967999338],[111.30795440737515,38.91600021022686],[111.30827491237494,38.91604226427503],[111.30880970832254,38.91625535134721],[111.30929859157015,38.91643280723163],[111.30984849124918,38.916610099137436],[111.31015454565669,38.91683570246375],[111.31076484122771,38.916869829900996],[111.31184945493054,38.91723635430571],[111.31220065310697,38.91731883198393],[111.31241435922448,38.91735401066418],[111.3129020564374,38.91725737086312],[111.31323789662405,38.917316053605305],[111.31357399957523,38.91743431801061],[111.31393381760702,38.91739541624016],[111.3142814424146,38.91735873149063],[111.31461931429914,38.917186220973264],[111.31503993214028,38.917099286907124],[111.31555286260686,38.917190851863324],[111.31590026365447,38.91710411257278],[111.31634766963627,38.91686695032473],[111.31673946117787,38.916472638530365],[111.31708130249754,38.916308275725655],[111.31721646669256,38.916087887233836],[111.31750645261765,38.915506092395354],[111.31766223868438,38.914888630588806],[111.31774157256838,38.91393358200437],[111.31775602246817,38.91378040911681],[111.31784818404823,38.91279379786557],[111.31790193925968,38.91224417213692],[111.31798820029321,38.91171247352304],[111.31809972813683,38.91054565175683],[111.31801159714918,38.909365861860685],[111.31759884341051,38.908263522009584],[111.3169191032388,38.907071826811936],[111.31602186571419,38.90606087365733],[111.3151128789822,38.905320181216034],[111.31456530471773,38.90467309107584],[111.31468244915321,38.90395214566692],[111.31543607280555,38.903130395666125],[111.31632350902511,38.90242988456926],[111.3169372452681,38.90207691312043],[111.3175309623991,38.90176002437799],[111.31833192749558,38.90122637873908],[111.31889632886579,38.900801468432874],[111.31920453916732,38.900444815117176],[111.3194643076978,38.89989012021326],[111.31956952455192,38.89909263505828],[111.3196948920172,38.89780866898569],[111.31998850508667,38.89629003659606],[111.3203143255687,38.895208197172195],[111.3207048978159,38.8945900849571],[111.32120967255943,38.894057232201405],[111.32171595259297,38.893700026874725],[111.32240856610504,38.89328825767404],[111.32325239865823,38.892704915949295],[111.323802050328,38.89222597495318],[111.32421720859264,38.8917969482418],[111.32480350395853,38.891299884947976],[111.32533339543748,38.89091557447344],[111.32615760250293,38.890305242598465],[111.32721678962379,38.88925736385644],[111.32766690236113,38.88813461894576],[111.32754164466266,38.88721166111838],[111.32747566713172,38.88649121446005],[111.32752422540189,38.88592808469459],[111.32754698929989,38.88508127839893],[111.32737190759312,38.883816159411275],[111.32699657155428,38.88254709684795],[111.32645803508541,38.88134154446666],[111.32582442156993,38.88013175068513],[111.3251434143098,38.879106747278875],[111.32448827014952,38.87822129044027],[111.32391907523488,38.87738513491309],[111.32346510406873,38.87670179189725],[111.32250055249133,38.87587122755262],[111.32082060056676,38.87482643260824],[111.31908476860384,38.87399795595738],[111.31770401565143,38.873488269027284],[111.3166181406278,38.8730453260189],[111.31578074401429,38.87260170125339],[111.31509090472761,38.87181086743378],[111.3144760356251,38.87054240761146],[111.31392793221666,38.86905757456954],[111.31305828430656,38.867321378886075],[111.31191203562794,38.86555889139086],[111.3111294600151,38.86444849904038],[111.31053546580131,38.86364386975059],[111.30984455657074,38.86240711348278],[111.30953442922265,38.86080001877127],[111.30961878820973,38.85916485386464],[111.30975246349347,38.85794392311527],[111.3098679897697,38.85735359630527],[111.31007466448268,38.85669546778675],[111.31004093544551,38.85556055600918],[111.30904679947164,38.85461285207525],[111.30765551645975,38.85422918316704],[111.30660710355775,38.85387612593029],[111.30544277204194,38.85284776601239],[111.30404826564663,38.85135608396313],[111.302826562048,38.85019272737883],[111.3020914448608,38.84950552212484],[111.30151535559817,38.84879538184875],[111.30071950526097,38.84786961354197],[111.2999433192093,38.84733563551821],[111.29873699542435,38.84723513536792],[111.29714996167948,38.84716711974098],[111.29617204971879,38.847111051619954],[111.29577667617308,38.847080525568614],[111.29529633856995,38.847221364308496],[111.29475972381312,38.847682125784054],[111.29392139321453,38.84830578768172],[111.29287309869929,38.84864621937435],[111.29214718968123,38.84842283817108],[111.291584613742,38.84746939982323],[111.29054593018864,38.84627843273387],[111.28884107811083,38.845553015606335],[111.28706207163417,38.84553488119691],[111.28589303621331,38.845925090877145],[111.28528738281497,38.846597665166655],[111.28452685096379,38.847973234852994],[111.28347187168535,38.849723344670714],[111.2829389094447,38.85058489715157],[111.28187576387211,38.854298746108014],[111.28166008902029,38.8549298231913],[111.28122136808844,38.85615145793802],[111.2808653353377,38.85698104614729],[111.28048056347502,38.85782871808103],[111.27995684244011,38.859235214536405],[111.27960278743663,38.86039358378378],[111.27910375260612,38.86112442093517],[111.27814759631664,38.86170771433467],[111.2770475089632,38.8620391189608],[111.27554969578128,38.86231290060702],[111.27380505401577,38.86263228167185],[111.27273398946495,38.862747386985326],[111.27156593264354,38.86254292605097],[111.26955133720438,38.86222330694395],[111.26764233079437,38.86202051441804],[111.26587487381666,38.861925463875075],[111.26416290460823,38.861645598195814],[111.26327585950068,38.8609900209904],[111.26307401193851,38.85975638688818],[111.26269832313679,38.858045721859],[111.26183736380256,38.856142472935176],[111.26077564060671,38.85455494392024],[111.26042971845061,38.854073789968915],[111.26001790379136,38.853489190119326],[111.25988655138472,38.85330481928169],[111.25955279933413,38.85280111563498],[111.25924109432316,38.85202261922563],[111.25871008443437,38.85102391271634],[111.25765663794292,38.85009391693327],[111.25511811771665,38.8491131166773],[111.25188637530796,38.848138261929286],[111.25029157312846,38.84769579562959],[111.24993649526961,38.84744883676202],[111.24917219476897,38.8469099914055],[111.24829705232553,38.84616869727306],[111.24771161641812,38.845507854226106],[111.24711728327779,38.84508123431834],[111.24650500300748,38.84477175289755],[111.2458420174865,38.84457947865158],[111.24516969216782,38.84439172422338],[111.24458918970875,38.843897502489305],[111.24383289218508,38.8432550132781],[111.2428735694437,38.84281562090584],[111.2421733383565,38.84256485131216],[111.24131190874523,38.84243601834258],[111.2400524298329,38.842321509663435],[111.23913542489642,38.84214773492561],[111.2387585600077,38.841716122765426],[111.2386764714677,38.84106321187877],[111.23896418696086,38.84045458485748],[111.23951805650994,38.84000305135652],[111.24007223570158,38.839646098396194],[111.2404601722681,38.83941109290119],[111.24080302478913,38.83914915510318],[111.24121050396509,38.83873394711794],[111.24149712942632,38.8382379157234],[111.24171213105824,38.8375303441255],[111.24201032392024,38.83673251985396],[111.24236499056752,38.83624535318369],[111.24297065565338,38.83569460769201],[111.24375080126829,38.83470210354657],[111.24470745067374,38.833655176496706],[111.2447160574297,38.83364615047512],[111.24475431989332,38.833258726632124],[111.24448474434935,38.83230894778101],[111.24332249051503,38.83120789493479],[111.24188321203374,38.83044070011204],[111.24108034815997,38.82991989579745],[111.2407788446214,38.82919537366305],[111.2406827005436,38.828110107702784],[111.24067361332541,38.82808310241943],[111.2402793211847,38.82694440173356],[111.2391073705891,38.82591088574797],[111.23770078094857,38.82518861165287],[111.2366938216427,38.824515055574686],[111.23577801068845,38.82343144238927],[111.23473887584422,38.82171300481941],[111.2337198810633,38.81975580475545],[111.23295101746052,38.8180187930747],[111.23252110957743,38.81660539043377],[111.23242986232131,38.81532192894719],[111.2327730229708,38.81418623484613],[111.23314613770036,38.813744097704244],[111.23348878321355,38.813338052337336],[111.23427904686787,38.81283202096907],[111.23488609539912,38.81252452927652],[111.23553080206136,38.81207283008238],[111.23640982025849,38.81132338852323],[111.23722930755045,38.81042092466463],[111.2380353568834,38.80948695421221],[111.23895227267936,38.808683367855444],[111.23980374335613,38.8082177097728],[111.24083651891827,38.80796336066398],[111.24204563627576,38.80772665332126],[111.24288011042032,38.80756277709641],[111.24346983897465,38.80726428465549],[111.24385242549597,38.80656986822345],[111.24333635304195,38.805462955795306],[111.24225037487061,38.80412301481582],[111.24147411245987,38.80297609661292],[111.24114106664432,38.80235973361887],[111.24085241043633,38.80178381430403],[111.24007667955621,38.800781013909294],[111.23874894853375,38.79972078502925],[111.23714276883346,38.798859283294945],[111.23520649762955,38.79824614554397],[111.23238860693097,38.797972534104844],[111.22886010335073,38.79775429690773],[111.22583153535186,38.797390859193925],[111.22525135790664,38.79729289045942],[111.22431054783073,38.79713255531089],[111.22309229722988,38.79682410973283],[111.2210795014495,38.79630096409229],[111.21944116498669,38.795768073044755],[111.21807849051434,38.79503196357579],[111.21636185342797,38.79404426840708],[111.21466810522584,38.79323666693848],[111.21314711509214,38.79245124593523],[111.21167000046465,38.791652213436755],[111.2101951296345,38.791483722470275],[111.20869366318318,38.79193681666049],[111.2074644791609,38.79239391248547],[111.20695503300713,38.792602001236645],[111.2066230864632,38.79262060477137],[111.20610660109463,38.79250891610792],[111.20612602352628,38.79200893444093],[111.20723377748666,38.79098005608031],[111.20886976192189,38.78966647007505],[111.2100867339183,38.78837613513405],[111.21065916237247,38.78733917686063],[111.21090566044036,38.786892832847364],[111.21170279935093,38.78535101148645],[111.21206072288567,38.78464322889783],[111.21253453936322,38.78396676268011],[111.2135205888694,38.78260024197685],[111.21436803134952,38.78155825777873],[111.2152168265124,38.78061535364504],[111.21625565169585,38.77937032106049],[111.21690661164862,38.77854937935984],[111.21717955706585,38.77807144413582],[111.21733411010028,38.77733249406252],[111.21716402417961,38.77626985633638],[111.21687653423828,38.77514888352563],[111.216780641636,38.774239244626216],[111.21682479461356,38.773500499467474],[111.21696884035947,38.77285615374336],[111.21712730817318,38.77222529311748],[111.21718273965784,38.771531567080366],[111.21726197977753,38.77062610648856],[111.21750270039244,38.76961224816891],[111.2178030279803,38.76880996838419],[111.21847339556804,38.76766919295755],[111.2194583486135,38.76605489798757],[111.22010667658985,38.76489613788529],[111.22054611461806,38.76398098711533],[111.22121272865732,38.762817681946366],[111.22191671945735,38.7618885125764],[111.22296963192733,38.760904625106214],[111.22431592125002,38.75969946668626],[111.22521528374253,38.758954568192934],[111.22595346783477,38.758408152837056],[111.22722733162752,38.7575228884495],[111.22891230447911,38.75659176512309],[111.23036350183814,38.75598086642695],[111.23127164542949,38.75576287839194],[111.2320192242138,38.75581094150032],[111.2329689518628,38.75589012550045],[111.23401343635926,38.75581147012088],[111.23482956677618,38.75549454936954],[111.23549524868102,38.75490768266458],[111.23619748379015,38.75428920985915],[111.23677592864016,38.75396374739272],[111.2375219060465,38.75396673800153],[111.23855525783205,38.75411777163142],[111.23945673999545,38.75439517995177],[111.24028195287852,38.75465472187486],[111.24118027956358,38.754738448886805],[111.24187185313482,38.75459739412989],[111.24255375823846,38.754150079430445],[111.24334527203419,38.75348183375012],[111.24385040835334,38.75285922100746],[111.24396817380892,38.752498650578055],[111.24407150014368,38.75233178469763],[111.24447642259322,38.75215978427154],[111.245430745269,38.75180646782352],[111.2466050359836,38.751340078232964],[111.2474488049755,38.750937433805994],[111.24827624688339,38.750390688027935],[111.24947039053934,38.74964947972796],[111.25058471040427,38.749115617115706],[111.25412472372133,38.749283633222646],[111.25433340394184,38.74923363470633],[111.25477346460357,38.74904800993003],[111.25516505508205,38.748677822811594],[111.2555145908618,38.748208636947815],[111.25594589762586,38.74778881567364],[111.25635709575424,38.74747713436846],[111.25687317840669,38.74704361149894],[111.2574707634608,38.74638470371937],[111.25782289205712,38.745744350698835],[111.25782021330211,38.74569931597668],[111.25779010258681,38.74512286228459],[111.2575730975972,38.74445223513343],[111.2573566980811,38.74384916713242],[111.25716444104553,38.74306137888898],[111.25679438781341,38.74210733048027],[111.2560920114037,38.74149631826945],[111.2549229453696,38.74124664572774],[111.25356976151309,38.74097033658365],[111.25250234755852,38.74059430537006],[111.25162762754992,38.740123264342486],[111.25080781866745,38.73972866808223],[111.25057374979538,38.73960305611643],[111.24977123840684,38.73932101717584],[111.24814245022473,38.73873895687457],[111.24685474433487,38.738250739523075],[111.24652061519451,38.737557817825135],[111.24666942939291,38.73651706362109],[111.24684603141199,38.73571947024709],[111.24728831175514,38.73473664786656],[111.24811446972048,38.73324855339234],[111.24869027080241,38.7320177178065],[111.24859264299072,38.7315359894698],[111.24808454767917,38.73155958912886],[111.24755899564269,38.73173185800954],[111.24696847193113,38.73182318845244],[111.24617186283332,38.731869909292875],[111.24541973869749,38.73189401095782],[111.2443607099129,38.73171156222796],[111.2429778798075,38.73131808577281],[111.24202603246543,38.73104981561808],[111.2411504571988,38.730803900771754],[111.24054604340563,38.7306114706598],[111.23987075878077,38.73039666246146],[111.23875261669346,38.730043129204866],[111.23746999692308,38.72961335011252],[111.23589970281489,38.729017486840455],[111.23491280765283,38.7285645621197],[111.23416382800177,38.72811115274468],[111.23312728313758,38.7275231899216],[111.23240542448221,38.72711475588619],[111.23160013263417,38.72679656425293],[111.2303010672219,38.7263622346553],[111.22909146977962,38.72591870713795],[111.22823708459279,38.72608702912592],[111.22763595777012,38.727020545636634],[111.2273225231223,38.72813366305607],[111.22733463383071,38.72912003268479],[111.22740117914705,38.730272947136285],[111.22709268738087,38.7319310469341],[111.22589721486437,38.73359987084877],[111.22427807560634,38.73462090904163],[111.22326738461832,38.73506874691919],[111.22218178861911,38.735588783594224],[111.22041567448561,38.73641637215456],[111.21911531370388,38.737004346088966],[111.2185847177947,38.73709091675449],[111.2182865870165,38.736915814975134],[111.21810475709972,38.73669095070962],[111.21746513101783,38.73578682355621],[111.21644676640419,38.7343068730264],[111.21591538138146,38.7335286506446],[111.2155910366451,38.73311487426272],[111.21488872983376,38.73226039280593],[111.21421389093692,38.7315725075146],[111.21370322267167,38.73085729379376],[111.21329029675847,38.72977256504309],[111.21307470684626,38.72869648329904],[111.21284858094887,38.727579883412616],[111.21246946554062,38.72625186918058],[111.21213487099843,38.72490575630279],[111.21178503523394,38.72387045149763],[111.2112930255401,38.72324077001529],[111.21075635582181,38.72281835476618],[111.20955015960962,38.72237011440043],[111.20759937299873,38.721905169652274],[111.20604308029131,38.72166019793544],[111.20582845122767,38.721624543290005],[111.20479885729728,38.72172093707451],[111.20426354448645,38.72213624934542],[111.20393447413161,38.722672809871035],[111.20343214282933,38.72319165468388],[111.20270544329892,38.72366584567384],[111.2019606524979,38.72409952661775],[111.20154358267672,38.72453263832119],[111.2013866371497,38.725077902811684],[111.20107748002103,38.72580809629997],[111.20020794439111,38.726494209014646],[111.19908640701074,38.72689698745426],[111.19837680002358,38.727078356905565],[111.19733985525411,38.727278291344774],[111.19564798631525,38.72755588377268],[111.19458396486326,38.72771530234332],[111.19380808741707,38.727716591087386],[111.19241323003304,38.72766484604087],[111.1908295747993,38.72756384776538],[111.18969828130649,38.7277008112573],[111.18904295946228,38.72817480125282],[111.18837007934243,38.72867133623984],[111.18724384026709,38.729101033076475],[111.18594705433772,38.72945892513467],[111.18506261410124,38.729595450884595],[111.18398877874519,38.729592641664304],[111.18234139778122,38.729599726673484],[111.18102554184621,38.72953421032252],[111.17994560710991,38.729391746906984],[111.17860604821978,38.7293307438775],[111.1773117234648,38.72953990175589],[111.17581179042115,38.730028607673134],[111.1741595031249,38.73053553770023],[111.17311666810137,38.730874892534544],[111.17218927237282,38.73125010072855],[111.17080437087547,38.731779109553955],[111.16960767150802,38.73211415365717],[111.1687535964095,38.7318946897011],[111.16805059914435,38.73126963524806],[111.16762625337124,38.730693722180746],[111.16723974051378,38.73031142887156],[111.16663771954613,38.72997898651472],[111.16592833248704,38.72968272611352],[111.16501382601298,38.7292651408768],[111.16394657412363,38.728681111705555],[111.16305861430068,38.72807430238705],[111.16244682347586,38.727219378274626],[111.16202234253907,38.726075930014716],[111.16184075477943,38.7250717706462],[111.16149793147348,38.72427502158808],[111.16069806360878,38.72349691683385],[111.15965575615753,38.72276417866897],[111.15883659164678,38.72201761591114],[111.15835766671933,38.72123905835954],[111.15791525247073,38.720555035291426],[111.15726441826516,38.72019108131102],[111.15699736559596,38.72048871007263],[111.1568825621959,38.72062901699913],[111.15581594096328,38.72160504876204],[111.15530651912528,38.7223922537619],[111.15505983878131,38.723160616306686],[111.1549443589562,38.723751282178924],[111.15428250024658,38.72412261852298],[111.1537588246987,38.7242390651987],[111.15324890232138,38.72481175449276],[111.15241167977064,38.725999789741586],[111.15210893685884,38.72671520921988],[111.15172951533837,38.727144717146935],[111.1515931247119,38.72739515267914],[111.15206579768919,38.72789505602805],[111.15238573460994,38.728109147323714],[111.15299539088174,38.728632702024534],[111.15334609178392,38.72900167191717],[111.1535012921031,38.729411677538074],[111.15339259571796,38.72960075563112],[111.15306916275402,38.73011014077383],[111.15269127540708,38.730534018570104],[111.15227754059572,38.73100298262349],[111.1519899738987,38.73148529346384],[111.15179283988597,38.732075584102915],[111.15163177542536,38.732728884690246],[111.15165069748251,38.73317926808835],[111.15188649092728,38.733701435155005],[111.15213971643742,38.73413800152231],[111.15206823046044,38.734493916718456],[111.15161881383591,38.7350980468842],[111.15141626949452,38.735412169736],[111.15150125866957,38.736438736084736],[111.15146595035664,38.737010801354806],[111.15135827148556,38.737897569969554],[111.15086700334696,38.73871333181959],[111.15044843003017,38.73937169226654],[111.15004879757672,38.74035893773359],[111.14972144437476,38.740988578319374],[111.14909122202697,38.74259157431637],[111.14887638885662,38.74333952402992],[111.14873365217045,38.744015316412785],[111.14868055126512,38.744582896881525],[111.14868192432988,38.74524499347147],[111.14882748293344,38.74575376814041],[111.14904519839608,38.74638856454199],[111.14906481985946,38.74718125564102],[111.14915625568368,38.747762163821065],[111.14924726987768,38.74814038936159],[111.1491219482624,38.74855041945484],[111.14894281161429,38.749185721321666],[111.14896202097633,38.749780233658576],[111.14892771988296,38.75057299302272],[111.1489828127537,38.75113593103342],[111.14896598973746,38.75168995250341],[111.14894889504004,38.75211335638862],[111.14925653559084,38.752590394818256],[111.14956365506639,38.75281520547468],[111.1501232758247,38.75293159376449],[111.1508813504242,38.75322338187057],[111.15136898422878,38.75346597086376],[111.15164034396517,38.75377639952862],[111.15221902201814,38.75439720809274],[111.15263503076939,38.75493264906079],[111.15288839391137,38.75539623635193],[111.15296138633194,38.755738449561036],[111.15270979202167,38.75627476185339],[111.15253063515848,38.75672540189576],[111.15218924528347,38.757473520969725],[111.15192251537944,38.759185410678754],[111.15162872440672,38.76001881063966],[111.1512663330607,38.76138973622231],[111.15084849101484,38.76325631505694],[111.15072248969157,38.7634973473128],[111.15023656641586,38.76410151637076],[111.14964269190227,38.76466978917125],[111.14939198280756,38.764952295230636],[111.14933260523523,38.76542732096741],[111.14899261922827,38.765894900953214],[111.14794595275406,38.766172705552435],[111.14705109283423,38.7665424024606],[111.14684976457552,38.76665061144694],[111.14614693089386,38.76706136125477],[111.1454804611147,38.767499085874114],[111.14508401627006,38.767756309678674],[111.14492217363382,38.76809431441885],[111.14519470340132,38.76896776231313],[111.14541303392667,38.76988631739341],[111.14550538351132,38.77091763008642],[111.14548863923062,38.77152569770009],[111.14554384070362,38.77214718782467],[111.14554435323952,38.772399413948655],[111.14532859953319,38.772755502307625],[111.14513138943282,38.77339081823495],[111.14498802047774,38.77380086457776],[111.14500653856744,38.77406658043946],[111.14507906124493,38.774363757594536],[111.14567592139849,38.775029614184966],[111.14638074030705,38.77555120298136],[111.14685121406114,38.77612713072393],[111.14712322336528,38.776721322700276],[111.14732310264681,38.77738766965236],[111.14748663380311,38.77786489217638],[111.14764928803939,38.77808988903884],[111.1478480694446,38.77822025503109],[111.1480284234622,38.77813444988259],[111.14835272381856,38.77792234856547],[111.14852965874434,38.77785712686205],[111.14858270700381,38.777813410731845],[111.14874985597041,38.77765219561453],[111.14897478382417,38.77746600375174],[111.14915735140657,38.77740856951544],[111.14933999937149,38.77738926884014],[111.1495838008453,38.77749382653398],[111.14967084353299,38.777555270977544],[111.14983994137002,38.77767463669299],[111.14996802210062,38.7777698086272],[111.15008983451077,38.77777918551451],[111.15020544700127,38.77773613595448],[111.15029657060326,38.7776311493235],[111.15036645568811,38.777530864245435],[111.15043621092906,38.77743076485779],[111.15050913529807,38.77735916834848],[111.15066559688533,38.77736949630407],[111.15071203622435,38.77733752076244],[111.15087460860659,38.77740636521964],[111.15113046147727,38.77744893567301],[111.15139879572244,38.77763449372639],[111.15169141825368,38.777786650968025],[111.15217282106703,38.77793856271936],[111.15239229001169,38.77805267948123],[111.15251433671672,38.77817169008541],[111.15257545555713,38.77827647977715],[111.15252768319715,38.77871985358717],[111.15250381145214,38.77894869107357],[111.15260172420521,38.77917260160811],[111.15274829394629,38.77936784869087],[111.15279122749611,38.779510796849195],[111.15277351766153,38.7797729931561],[111.1527129958997,38.779949443379564],[111.15254919164684,38.780240431118344],[111.15245219098944,38.78044552947547],[111.15239158671245,38.780583845693805],[111.1521911494436,38.78083197966],[111.15215510672805,38.781065599020266],[111.1522042710899,38.78127527383053],[111.1524059586875,38.7816134528017],[111.15264996194827,38.78180380574072],[111.15284518515212,38.78196562130763],[111.15318051066615,38.78214155332111],[111.15357686966814,38.782379372576045],[111.15377221938748,38.78259838773023],[111.1539554635655,38.782850786232764],[111.1540901521313,38.78317951718855],[111.15420044020819,38.7834892127641],[111.1542255492963,38.78383715456523],[111.15423814102752,38.78402780927129],[111.15417155959979,38.784218569345725],[111.1541170460018,38.78435687743323],[111.15406255271073,38.78450471961622],[111.15386822136162,38.7847623823965],[111.15371637595032,38.784953253519845],[111.1536131998817,38.78512022690297],[111.15357105885882,38.785349087467495],[111.15349236702349,38.78557322984736],[111.15348058432033,38.785759149516984],[111.15343838120579,38.78595941034776],[111.15335375077596,38.78625506201527],[111.1532874303153,38.78656975698556],[111.15334275497017,38.78680802277219],[111.1534953707052,38.78697466007715],[111.15367229903796,38.78711743074349],[111.15390083394503,38.78731207824871],[111.15397776194669,38.78755557326277],[111.15417303582245,38.78773168668899],[111.15430731335626,38.7878649793895],[111.15449660092824,38.78808876819117],[111.15452131184612,38.788250806071495],[111.15465586906798,38.78851280082942],[111.15490602371462,38.78871744098506],[111.15527583904094,38.78891882288392],[111.15546940857223,38.78906960566436],[111.15556136463327,38.78911793951],[111.1556640699006,38.7893134733737],[111.15561875280815,38.78948037041694],[111.1555282615597,38.78987970876996],[111.15548326852436,38.79019556816715],[111.1555902819206,38.790392054785045],[111.15579607526686,38.790499033381664],[111.15589341784866,38.79050090875986],[111.15608539577035,38.79050460613819],[111.15623758473318,38.79046865153686],[111.15655720168013,38.7904026810632],[111.15688151294665,38.79035247023747],[111.15707493395334,38.79041390307708],[111.15714362476211,38.790491271116146],[111.15716669938445,38.79059849196021],[111.15715179994928,38.79074747393401],[111.15705340109712,38.79100977975902],[111.15684850534619,38.79131393673733],[111.15674238744647,38.7915285837433],[111.1566364123504,38.791808774054175],[111.15656867231505,38.79216637340182],[111.15654648313075,38.79246432691945],[111.15628403899345,38.79343541980047],[111.15623706163849,38.79356360792928],[111.15607530216835,38.79394216280113],[111.15589288604865,38.79410811053921],[111.15570809576415,38.794282595391586],[111.15537084528154,38.79452156880334],[111.1551050474853,38.794837721181516],[111.15501414660035,38.79505234629697],[111.15501454669625,38.79523705878961],[111.1550301614021,38.79541579135832],[111.15495438391451,38.79558272928188],[111.15478738116691,38.79581533068217],[111.15468126332988,38.79603593449256],[111.1545219233781,38.796292359781134],[111.15434743163706,38.796584555145536],[111.15417292678943,38.79687079232227],[111.1539604388412,38.7971987883934],[111.15376338291618,38.7976220987445],[111.15361186819712,38.79797980624394],[111.15312666598467,38.79896358967985],[111.15262259098516,38.799883034843106],[111.15213698249966,38.80074393733536],[111.15193964178007,38.801325213565576],[111.15148980966654,38.80210049014832],[111.15131044729081,38.802681741877294],[111.15122188159762,38.80333043617926],[111.15138601506133,38.80422202054199],[111.15154999775824,38.804870387445916],[111.15164146212929,38.80541975966708],[111.15155263120928,38.80611349448899],[111.15152867160027,38.8062081253575],[111.15134551776062,38.80644179452479],[111.15127737225079,38.80662659544169],[111.1510572529354,38.806966512337326],[111.15085213540749,38.80719915695671],[111.15054827012425,38.80755109769518],[111.15046492896289,38.807753792343945],[111.15029805859011,38.8080698056852],[111.15023768837425,38.80833205520277],[111.15039492622051,38.808684866383786],[111.15013256905408,38.8091645505059],[111.14980966915472,38.81011080921854],[111.1496307160956,38.81090374598093],[111.14959603733386,38.81152534501827],[111.14945736221861,38.81198573680955],[111.1494092587572,38.8121370901125],[111.14918750804719,38.812331524581325],[111.1488835384145,38.81264770974191],[111.14876977375536,38.8128742761371],[111.1485951316058,38.81312475331288],[111.14861075909062,38.81331540381386],[111.14880906738216,38.813458153963374],[111.1490986281701,38.813535244899924],[111.149347978656,38.81368759099901],[111.14963716150352,38.81398448611809],[111.14977415416625,38.81404001626856],[111.15036617554262,38.81439044575007],[111.15067708516489,38.81447584671977],[111.15100621212898,38.814532622812415],[111.15140226944085,38.81454641050892],[111.15179850005673,38.814641231998976],[111.15235908191742,38.81466433578062],[111.1526696377854,38.8145828959339],[111.15304119296893,38.81453474203005],[111.15332141720263,38.814515307334595],[111.15361000911821,38.814498901177124],[111.15389991839136,38.81472661565748],[111.15404514280742,38.81499666523782],[111.15408166704836,38.81524884196357],[111.15419097904919,38.815717115372514],[111.15433726613034,38.816478100771704],[111.15446511857765,38.817198574131794],[111.15462944173501,38.81814419967666],[111.15470317011365,38.818792679979666],[111.15479464645746,38.81932853633666],[111.15479553376177,38.81973840029001],[111.15483237522616,38.82013470453585],[111.15493663677204,38.820106179330594],[111.1549821877032,38.8199934978961],[111.15507327520183,38.81985037464587],[111.15519489998947,38.81973998105334],[111.15531276714337,38.81965342756079],[111.15548021874801,38.819602558119584],[111.15562493078883,38.81960236544807],[111.15570507296754,38.819679717771024],[111.15577074700785,38.81976863221124],[111.15589751019284,38.81998015169968],[111.15597041574436,38.82024579109635],[111.15602817881052,38.82037478993733],[111.15600022387152,38.82055819458904],[111.15597763395981,38.82067739368837],[111.1559931268459,38.82079654193917],[111.15606213202288,38.820885826483526],[111.15617649683274,38.821058469150536],[111.15628342950636,38.82119536970334],[111.15636753086288,38.82134123937467],[111.15642439734113,38.82150180330215],[111.15644014786443,38.82153303103971],[111.15641780165737,38.821689741080135],[111.15638007018335,38.82185066944445],[111.15630799253458,38.82197887256925],[111.15620173554953,38.822151809239294],[111.15609926120817,38.822312824043756],[111.15599334040452,38.822506773975256],[111.1558927540563,38.822642663601954],[111.15585655851693,38.82278684471485],[111.15583778986625,38.82291199654856],[111.15585713653967,38.82305199409643],[111.15589940547,38.82322473222527],[111.15593390249637,38.823325980458726],[111.15598757118447,38.82348678662353],[111.15602212697723,38.823614847114555],[111.15605286063746,38.82373695389384],[111.15607605624244,38.82389482175479],[111.15609547635916,38.82406759030935],[111.15609968778719,38.824252295883696],[111.15611898980367,38.824371438954415],[111.15616115718709,38.82449651026146],[111.156157647245,38.82463355931914],[111.15626420104384,38.824594686877845],[111.15645834890053,38.824555697064646],[111.15656102136022,38.82448405838444],[111.15667486453368,38.82429621472338],[111.15682687670504,38.824147049686616],[111.15694796206579,38.82378938047727],[111.15702749528224,38.82358668687954],[111.15697399964512,38.823506319867604],[111.1568367728579,38.82344989867992],[111.15675998345155,38.8233380635962],[111.1567917622646,38.82316331583007],[111.15681674992834,38.82300304224328],[111.15691941326496,38.82292842429118],[111.15705971525085,38.82290169813578],[111.15734842466813,38.82278870941027],[111.15740987930138,38.822773291373494],[111.15756789413932,38.82259904252542],[111.15770089897649,38.82246777746046],[111.15785666052848,38.82229477256044],[111.15807730161522,38.82218424308551],[111.15821815810385,38.8221602180936],[111.1583397983226,38.82216588689244],[111.15841213547074,38.82213869450794],[111.15864723408768,38.822192423619995],[111.15862594989154,38.82229373059315],[111.15871001217691,38.82241874323144],[111.15877922959983,38.82250595851356],[111.15879266143547,38.82270117917619],[111.15881156420932,38.82311101835728],[111.1587942920414,38.82343533050664],[111.15877745985281,38.82395781842826],[111.15876034737197,38.82435419444514],[111.15888737782207,38.82467831035447],[111.15876216778925,38.82517392146021],[111.15874640518666,38.82617833654693],[111.1586043679077,38.82736308320905],[111.15853369272783,38.82811084411578],[111.15840929279608,38.82897578187558],[111.15829926042713,38.83013214951498],[111.15812819339799,38.83032786847581],[111.15809048764284,38.83050071471382],[111.15811360431562,38.83061985216134],[111.15804532287335,38.83074507118261],[111.1579848688759,38.83096561491679],[111.15796245023776,38.83116227380435],[111.15797059515162,38.83140060022648],[111.15794805783176,38.83154363279635],[111.15784162076855,38.83163911198448],[111.15774303717957,38.83184183158643],[111.15769017327531,38.83205044818888],[111.1577208674385,38.832151699968755],[111.15764496559723,38.83227692991359],[111.15758432515439,38.83241405500955],[111.15755403826189,38.83249751448714],[111.15759256093368,38.8326940901464],[111.15752409275069,38.83273589225221],[111.15743296758266,38.83286710046777],[111.15744080789318,38.83296838310367],[111.15740288913605,38.8330458940253],[111.15728121356187,38.833141392310814],[111.15722062412506,38.833302351406054],[111.15723634474654,38.833522792116604],[111.1572520392464,38.8337313161651],[111.15719134440464,38.833844608625455],[111.15707752135818,38.83404734809772],[111.15700936459889,38.83423215060564],[111.15704789982112,38.83443468606341],[111.15712466961033,38.83470271139721],[111.1571251674315,38.83492913133635],[111.15701126278239,38.835096120765805],[111.15691261976882,38.83527500626477],[111.15684439718716,38.83543001656859],[111.15682946190375,38.83556708072831],[111.1567232906326,38.835787684999794],[111.15660926730928,38.835901047752074],[111.15644955892708,38.836026389166996],[111.15640412314298,38.83615157652037],[111.15645014594703,38.836294517775706],[111.15639706636607,38.836407798676206],[111.1562600942014,38.83647948296419],[111.15606976819197,38.83653932170325],[111.15600906910198,38.83665261260278],[111.15594097328314,38.83686720737963],[111.15595670378431,38.837093606907125],[111.15601055208165,38.837331872202604],[111.15609501805423,38.837635638739336],[111.1561639345013,38.83779642404457],[111.15642331638294,38.837891387013784],[111.15644242209753,38.8379594114355],[111.15695649484437,38.8379085716335],[111.15736790213266,38.837913976925584],[111.15768774313413,38.83785396132659],[111.15812167478282,38.83771037282617],[111.15838050101247,38.837620645755436],[111.15854030093888,38.83753701043673],[111.15866952286586,38.83740574971995],[111.15892805575668,38.8371849365572],[111.15911057656035,38.83704168614151],[111.15931603143439,38.83693415420217],[111.1595366699642,38.83680276780453],[111.15978773915825,38.83665346389651],[111.15986360187428,38.836510358135726],[111.16009174884083,38.83633129278169],[111.16026667433478,38.836199967632],[111.16048720064441,38.836020911952396],[111.16075363641997,38.83593116915003],[111.16102779642148,38.835889082720186],[111.16138693651604,38.83598894162478],[111.16169423897712,38.836119132655874],[111.16205616491771,38.836370855086784],[111.16248992314904,38.83655491650605],[111.16306858624486,38.836833358093195],[111.1635383726849,38.837030877297785],[111.16408077244793,38.83718775664986],[111.16460488031812,38.83737168324266],[111.1650029502254,38.83768189751438],[111.16523895897254,38.83810493970135],[111.16529366650836,38.83841563812708],[111.16518636948585,38.8388661896172],[111.164808667465,38.8395873625809],[111.16453975533187,38.84050655687002],[111.16439799039249,38.84162374730681],[111.16423795751467,38.84278149899315],[111.16423876513281,38.84313280937893],[111.16422385296055,38.84447502032107],[111.1643535140742,38.84591611544002],[111.16432005602262,38.84701964034233],[111.16430364260933,38.84770877397029],[111.16437664950334,38.84799242262976],[111.16484713669989,38.84846017452849],[111.16496701151041,38.8485576707007],[111.16525655178613,38.84897557753942],[111.16591594549169,38.84943224895672],[111.16608874794187,38.84946168736258],[111.16647418436119,38.849638807509685],[111.1669502685323,38.84990268148951],[111.16705891669469,38.850078315010116],[111.16718890551282,38.85028844545264],[111.16751883213038,38.85060972683584],[111.16785772001407,38.85085234395713],[111.16807757278045,38.85102362972958],[111.1683610626223,38.85103752161563],[111.1688816389604,38.85099466052459],[111.1694218901414,38.85110033890668],[111.16978811669509,38.851300009364564],[111.16996677675488,38.85150203709729],[111.17027437592729,38.851619662911844],[111.17072144812353,38.85157750248467],[111.17110583135648,38.851719942519885],[111.17130740689389,38.851891248951986],[111.1716552347417,38.85204089040453],[111.17200284018561,38.85209757967449],[111.17226821975291,38.8521829895219],[111.17245135620755,38.85228997090362],[111.17269863941303,38.85245405779395],[111.1730008739305,38.8526538127164],[111.17329368801092,38.85273917958591],[111.1733486832915,38.85291434626531],[111.17394517571955,38.85317616705406],[111.17443340779958,38.853499725894274],[111.17452481442915,38.85392746793038],[111.17447412601442,38.85528324294702],[111.17456811049927,38.85676491300739],[111.17451712769548,38.85814771171351],[111.17468380373997,38.859759887743465],[111.17490331305036,38.86089005819338],[111.17534012929279,38.86224510089867],[111.17584954298445,38.86368560792739],[111.17610478290155,38.86454548294079],[111.17632338408227,38.86529281318546],[111.17703258027291,38.867129362251255],[111.1774869328908,38.868119546966234],[111.17792246194693,38.86892059154562],[111.17828536536365,38.86947402678158],[111.17844928201828,38.87008181271465],[111.1788199271436,38.870702793917246],[111.17901194681978,38.87102678569975],[111.17993605193507,38.872070286841335],[111.18069788086655,38.87315456738477],[111.1815321208409,38.87438285720301],[111.1822940448306,38.875485142586015],[111.18281973859375,38.87615991594602],[111.18303794930414,38.876713562085904],[111.18332904597,38.877460763917],[111.18361982307458,38.878081854384895],[111.18394643348945,38.87863082417702],[111.18409229736417,38.87905396705059],[111.18402176919801,38.87977471255812],[111.18406731249857,38.88057755255123],[111.18387765151837,38.88068375664354],[111.18384152817642,38.88086494852175],[111.18376913361023,38.881170131226035],[111.18384329690197,38.88155135064529],[111.18361207138197,38.881751916487964],[111.18362500513938,38.88203789778804],[111.1837236365985,38.882447678910275],[111.1838342693545,38.882781174536916],[111.18376486882828,38.88424942749541],[111.18381486133033,38.884716486113376],[111.18410900212176,38.885259426458965],[111.18476813609622,38.885439520260945],[111.18532924688392,38.88544816417219],[111.18619514695729,38.88539911951387],[111.18677390436623,38.88533531457818],[111.18750662255172,38.8854621771147],[111.18861049686852,38.885996370581566],[111.18987704090168,38.88647624165209],[111.19121563479914,38.88695598097212],[111.19255546366449,38.88788609863896],[111.19422127190997,38.88894176981229],[111.19437857893351,38.88911997194316],[111.19484335910072,38.88991337364709],[111.1952472339378,38.89039890196999],[111.1957415137894,38.890873961480935],[111.19603464337577,38.89135683689007],[111.19612014281009,38.89177024733471],[111.19612083098706,38.89202049759336],[111.1961672439252,38.892263520556895],[111.19647933534691,38.892634798134644],[111.19658991229295,38.892920613978895],[111.19670027319536,38.89312777933189],[111.19701243044436,38.89352050493893],[111.19733370020242,38.89389891513319],[111.19776448684357,38.894177037738025],[111.19839682071996,38.8945477663292],[111.19901040239594,38.89475407333401],[111.19934928746241,38.89488219659326],[111.19973322013222,38.894759989643],[111.1999616328387,38.89464519833252],[111.20035390845086,38.89464686525974],[111.20065385114296,38.89473649051159],[111.20094369619329,38.89494767781229],[111.20110714632065,38.89517259399765],[111.20130689845675,38.8954965342938],[111.20140048562595,38.895599963788584],[111.2014773438747,38.89590159591811],[111.20147843829831,38.89628893379861],[111.20171544140787,38.896536241889685],[111.20184791495232,38.89688732108614],[111.20205926619414,38.897233759690096],[111.20209766452001,38.897310299117606],[111.20230296565204,38.89755123009436],[111.20246822825003,38.897751144204655],[111.20256037522996,38.89797978591483],[111.2025975294458,38.89817515501661],[111.2027464761204,38.89846665058975],[111.20294737102718,38.898725320077304],[111.20298403408461,38.89877802190727],[111.20312441098838,38.898979810507804],[111.20320457957266,38.89928473875206],[111.20324794528678,38.89951823081813],[111.20332769361356,38.8996753932577],[111.2034807372439,38.89986579407612],[111.20361841975938,38.90004601913363],[111.2038824481216,38.90041488209511],[111.20407480968352,38.90069416099753],[111.2041423477615,38.900846576308105],[111.20406352407011,38.90101354839528],[111.20397854498232,38.901161464170194],[111.2039851134889,38.90129481545718],[111.20428008371042,38.90152215802083],[111.2044072065111,38.90173748360564],[111.2045174055776,38.90187552484977],[111.20464571399995,38.901946800179324],[111.20482928137879,38.90214191262144],[111.20505544064557,38.902298815966745],[111.20525726834126,38.902479595624435],[111.20534922447867,38.902636734234044],[111.20538031681822,38.902841646897315],[111.20537469682235,38.90300849102346],[111.20530841698533,38.90329460810302],[111.20523189626968,38.90357476369553],[111.20525895223884,38.90367783124792],[111.20554859944954,38.90380343214747],[111.20568067782953,38.90400587705818],[111.2056812106261,38.90419053783868],[111.20568180840365,38.90439771821957],[111.2059711516576,38.904541334363365],[111.20647118197576,38.90466205768417],[111.2067345369244,38.90478770210606],[111.2067881408927,38.9051344108411],[111.2067627960395,38.90546324359263],[111.20676339698777,38.90567042391412],[111.2067110988008,38.90577410720651],[111.20639555897911,38.905792681195244],[111.20621146302719,38.90579300648272],[111.20613286514566,38.90589673596123],[111.20642257509124,38.906040350295314],[111.20676493857898,38.90620188644419],[111.20692333694387,38.90640878718766],[111.20687139138056,38.90663407635842],[111.206740375897,38.90680095428512],[111.20679386385056,38.90710712762411],[111.20721489669872,38.907187452101994],[111.20758280051398,38.907209318287165],[111.20781961685832,38.907249432482644],[111.20810891604785,38.907248917186216],[111.2085295954289,38.90720763112183],[111.20881853358726,38.907207114712065],[111.20918673157882,38.9072064556076],[111.20990720287942,38.9073746584813],[111.21061180506935,38.90736623914162],[111.2117828075036,38.90725687128067],[111.21253262925957,38.907069607685955],[111.2129803611185,38.90684714113308],[111.21336585756399,38.9067079636035],[111.21389147243268,38.90658089151468],[111.2144960033453,38.90657978248176],[111.21499581772157,38.90661939866792],[111.21549551124916,38.90661847746048],[111.21604782539825,38.90674356712478],[111.21644237462365,38.90676085214414],[111.21694206909518,38.906759924742936],[111.21746777050329,38.90678146647391],[111.2180725949241,38.90675781866622],[111.21846708947041,38.90675708117893],[111.21867618759077,38.90645042170981],[111.21872834445593,38.90630619787486],[111.21880616402625,38.90595474458961],[111.21893627815443,38.90550410645095],[111.21906638949748,38.90505346813935],[111.21938146516986,38.90488623066924],[111.219696608766,38.904741511932805],[111.22014256528763,38.90449295508268],[111.22045771952278,38.904352738208665],[111.22087887685085,38.904473548704914],[111.22119458855612,38.90451348651425],[111.22166780409052,38.9045756442662],[111.2219307927261,38.904575144680514],[111.22221943379435,38.90436741430245],[111.22250821491494,38.90420472237072],[111.22274387553084,38.903875485167276],[111.22279550148157,38.903564614560274],[111.2231098920089,38.90329828154442],[111.22334632294746,38.90321675852966],[111.22371468371685,38.903274604589924],[111.22405656323104,38.90327394903669],[111.22437223656897,38.90341746904551],[111.2245569078459,38.90360177571156],[111.22468898179149,38.90378618330809],[111.2250842430141,38.904033138884856],[111.2254009376966,38.90438383549625],[111.22569112211372,38.904667023331605],[111.22590188147146,38.90489631681804],[111.22611350189965,38.90528324622374],[111.22624631204998,38.90569735161012],[111.22640540944741,38.906106901901744],[111.22643262510512,38.90639510137313],[111.2264599686184,38.90672383604507],[111.22646101319864,38.907052621704416],[111.22648835826277,38.90738135632922],[111.22648920263686,38.9076470871755],[111.22643770440047,38.90799399045717],[111.22635984763507,38.90832292904276],[111.22633466354142,38.90867428515953],[111.22633576482635,38.90902108635774],[111.22649429774079,38.909250479820756],[111.22670580548714,38.90959687261667],[111.22825426582021,38.91115672215106],[111.2297415108058,38.91259506485635],[111.23110120058793,38.91379042825813],[111.23162490516349,38.914581900120595],[111.23285793197485,38.916236958071714],[111.23385072063805,38.917564875118835],[111.23496455951731,38.91907287991452],[111.23507889802069,38.91922323776538],[111.23526057295842,38.9194615801289],[111.23562329746247,38.91985719449266],[111.23585971526062,38.92019451185537],[111.23605984497812,38.9205634296063],[111.23625987222441,38.92090081969013],[111.23667781495432,38.9215350271409],[111.23693200454751,38.921903833692895],[111.23703531507937,38.92198411908855],[111.23706370648758,38.92197319886428],[111.2376327369455,38.92203869381371],[111.23840195576193,38.92203712551814],[111.23911332380786,38.92242856632976],[111.23955842796256,38.92282054945649],[111.2401509984392,38.9230735579736],[111.24089087817578,38.9231413679751],[111.24165987351395,38.92307044430291],[111.24245806083802,38.92288389767643],[111.24309936532816,38.92265094143212],[111.24357972580273,38.92237422052013],[111.24380296014571,38.92197270858122],[111.24405776293561,38.92142073682383],[111.24415256091693,38.92099442732371],[111.2444391003499,38.92034212720409],[111.24495161058013,38.920090399410526],[111.24565628489864,38.91973800228585],[111.24603983968517,38.91931108318205],[111.24619914055394,38.91898489701566],[111.24664755180171,38.91875836216702],[111.24706318008118,38.91833137097583],[111.24751027839488,38.91772885462759],[111.24818335625679,38.917526901698984],[111.2489842428672,38.91717428070991],[111.24972112805196,38.9168719225911],[111.25045835937533,38.91666981929226],[111.25103446081792,38.9162675356608],[111.25164290488,38.915940375308395],[111.25209021550047,38.91541303663412],[111.25273055283479,38.91503567113651],[111.25346793486541,38.914883679949845],[111.25420594079442,38.91490714065635],[111.25449469016803,38.91490651158465],[111.25488022801257,38.91505606315191],[111.25539454972136,38.91533065911253],[111.25603694013346,38.91552977524719],[111.25639085202505,38.915804717565884],[111.25668086905455,38.916154996033306],[111.2569710697325,38.916555404809266],[111.25716547384762,38.91708135026932],[111.25716232544598,38.91728276938547],[111.25721785570546,38.91742903470821],[111.25724792692952,38.917680033750166],[111.25711826409115,38.91782173379143],[111.25698981071591,38.91815568308177],[111.256860990986,38.91838834233973],[111.2567779971306,38.918638774959284],[111.25682401077671,38.91882612008863],[111.25658106858214,38.91902054123227],[111.25633376895135,38.91942686058302],[111.25627817403036,38.91962895683127],[111.2564235598752,38.91975972083723],[111.25638574717738,38.919849178947075],[111.2561722523038,38.919867522805404],[111.25594479471917,38.91986405553306],[111.25579096116401,38.919886233139614],[111.25568323820852,38.92004853668397],[111.25558012436788,38.92022036214909],[111.25540382478496,38.92040188156724],[111.25532499748907,38.92054028676074],[111.25515519008438,38.92083142531446],[111.25499719205985,38.92101290320045],[111.25502194077106,38.921108182882406],[111.25501835161603,38.92124038280674],[111.25491965955536,38.92151357240134],[111.25469536103277,38.9216914104148],[111.25451781756813,38.92193437734955],[111.25419637843983,38.92233592721273],[111.2537039696835,38.92269280857587],[111.25365653188689,38.92272894307204],[111.25355875732082,38.92279671437583],[111.25333865575311,38.92291879823927],[111.25298724173159,38.92300063098312],[111.2525542757609,38.92305111163723],[111.2523572908149,38.923087569032],[111.25227663594333,38.92310575905946],[111.25199069225482,38.923155919819266],[111.25186025145356,38.92325979161643],[111.25182582212956,38.92340849546149],[111.25182644306834,38.92358414724754],[111.25180860261732,38.923939995891494],[111.25180986035984,38.924295803318024],[111.25175403812294,38.92461119850238],[111.2517173935078,38.92494907191999],[111.25164293316055,38.92539512102525],[111.25156805717351,38.9257240689074],[111.25141655561404,38.92588653657078],[111.25115138408276,38.92610779965358],[111.25114204631274,38.926116827591],[111.25092293269884,38.92621638510043],[111.2508808139954,38.926226254544446],[111.25062117104754,38.92647003856492],[111.25055831689859,38.92684615385117],[111.25059208090997,38.927322323558656],[111.25091411730077,38.92764748166816],[111.25123633461433,38.928022768941375],[111.25159073193707,38.92842305207802],[111.25175277398291,38.92887387864936],[111.25175436876611,38.929325051990595],[111.25146679987267,38.92967658675919],[111.25114704865058,38.93000312482048],[111.25063457753554,38.93027994548106],[111.25002635866421,38.930707360321094],[111.24954517805628,38.93075852127412],[111.24893545911922,38.93075982307829],[111.24822877035736,38.930560804365165],[111.24781115934628,38.93043636552402],[111.24745729451264,38.9301864621539],[111.24700698853107,38.929886631351486],[111.24662138663876,38.92973705437218],[111.24626857064753,38.9297879305641],[111.24549901421553,38.929965008977376],[111.2447301441303,38.93034260357418],[111.24405745083087,38.93069492683263],[111.24373757519875,38.93099637962381],[111.24322558160934,38.93142355807699],[111.24309811021216,38.93154869570718],[111.24292277709888,38.93162196206498],[111.24296910297794,38.93167845291131],[111.24302480676586,38.93216025644277],[111.24300861579256,38.93269625663309],[111.24317291616332,38.933105771176436],[111.24359051491,38.933600331629805],[111.24402564593144,38.933950728492064],[111.24415360072433,38.93437382928632],[111.24422794226915,38.9349276557145],[111.24422933255043,38.93533300541312],[111.24428536248891,38.935801295593926],[111.24454080279294,38.936507875725674],[111.24461479378385,38.93695811235652],[111.24476077875997,38.937381174472115],[111.2451240551929,38.937790268529305],[111.24568565478899,38.93801428363584],[111.24630093260572,38.93812558489385],[111.24698847029782,38.93818268304755],[111.24747685044932,38.9381816486552],[111.24798325080744,38.93818057393812],[111.24830876471545,38.938193393696146],[111.24899635186199,38.938263991660016],[111.24968413103734,38.93838863214008],[111.25020945639815,38.93864423042544],[111.25068075370166,38.93890895020085],[111.25109764448337,38.93917828901988],[111.25160489536249,38.939415904201134],[111.25243762303643,38.93965281373535],[111.25332414164629,38.93970944404325],[111.25406596566962,38.9397213435081],[111.25475331524909,38.93971984541854],[111.25540340507098,38.93947971739235],[111.25605445082597,38.93940622845304],[111.25677798681627,38.939445174283],[111.25732074962058,38.93952955340788],[111.2579723638182,38.939613689491416],[111.25864147781371,38.93965274402715],[111.25911179669255,38.939638189221526],[111.25970857807683,38.93960983948197],[111.26023281229284,38.93955462497146],[111.26066646012603,38.93936899694548],[111.26102693391745,38.939084444862196],[111.26173058997392,38.9385198800113],[111.2627037522464,38.93763943064268],[111.26324471990957,38.93714278130307],[111.26365949614795,38.93683107504352],[111.26402135825171,38.936830257140265],[111.26427432322986,38.93681617296167],[111.26467227749691,38.93682878306826],[111.26508878949592,38.93698547495347],[111.2653431552667,38.93725062799259],[111.26579672231975,38.93767746796176],[111.26610520875501,38.93795600779723],[111.2665946984883,38.9382521492066],[111.26704762685989,38.938408750872085],[111.26742772130028,38.938461927649534],[111.26800631028811,38.93848762413656],[111.26849458981658,38.93845947855494],[111.26914535577899,38.93831835855612],[111.26981407337789,38.938159177781436],[111.27028407013614,38.93815809045625],[111.27084489445552,38.93815679052754],[111.27118838073521,38.93815599303384],[111.27155095363113,38.938339810578306],[111.2718955254968,38.938622755008225],[111.27231300930251,38.93893255180857],[111.27258507063543,38.93919764765289],[111.27302080817923,38.93956595011492],[111.27323844628067,38.93973658952874],[111.27369053545988,38.93976255386427],[111.27423324642204,38.93973425663716],[111.2748481481908,38.939732810399946],[111.27531872400083,38.93978574836978],[111.27586140616287,38.939843017966474],[111.27629601698567,38.94000863477652],[111.276676354242,38.94012033167923],[111.2770743990395,38.94015091490181],[111.27752751918374,38.94034801055393],[111.27794367541783,38.940401067302254],[111.27812417546141,38.94028803958436],[111.27826744400743,38.939963416510274],[111.27839315506999,38.93966585859017],[111.2786274884642,38.939494150825034],[111.27907947201552,38.93949307107036],[111.27936889948967,38.93949237873073],[111.27973084543089,38.93950952755685],[111.28020137125242,38.93954893422632],[111.28063471205147,38.93939025628863],[111.28083392425951,38.939362753705375],[111.28110452510276,38.93924950456083],[111.28146572236736,38.93907748551291],[111.2818631392243,38.93895041701114],[111.28224287239037,38.93890896424407],[111.28269485208666,38.93890787050402],[111.28311073499545,38.93889335083221],[111.28379776894565,38.93890519422334],[111.28546200125146,38.938842585304236],[111.28605860179657,38.938773566098995],[111.28670959201152,38.93878548067717],[111.28708948482706,38.9387845469602],[111.2874512288591,38.93875212931899],[111.28784881518293,38.93867007914731],[111.28822825152422,38.93855654505671],[111.2886256897825,38.93843846130962],[111.28909523044177,38.93832470157077],[111.28947479111284,38.938242690502186],[111.28987235388394,38.93815612958418],[111.29027031963675,38.938168652373236],[111.29066880035515,38.938307282054275],[111.29097674932586,38.93851819866523],[111.29130419796536,38.938913726157104],[111.29212089497736,38.93960528744977],[111.29261160507616,38.94008147287825],[111.29324692378846,38.940660882917165],[111.29404615849157,38.941478583803104],[111.29453578220357,38.9418601816091],[111.29488069139623,38.942111529663926],[111.29490065406637,38.94257988569491],[111.29517357887678,38.943029586635234],[111.29557215240676,38.94318171089991],[111.29595336037897,38.94349151458759],[111.29635266940632,38.94381928668172],[111.29682500089764,38.94419641468892],[111.29760338825251,38.94449169050366],[111.29787641761534,38.94478825186921],[111.2982764410631,38.94528265997901],[111.2987306531888,38.94580395142594],[111.29916648894232,38.946239713958],[111.29965653355524,38.946535714623],[111.30021770832657,38.94677297952087],[111.30081548353724,38.94696961224635],[111.30137738650963,38.94720686966409],[111.30197463350399,38.947277388485254],[111.3026805528163,38.947302583451],[111.30387468672807,38.94735803145848],[111.30470665715114,38.94735586251231],[111.30519479474792,38.947368098888184],[111.30555701846964,38.947439213658846],[111.3058120977691,38.947407018296644],[111.30630269324915,38.947320157722906],[111.30672355008777,38.94727851740517],[111.30711780924932,38.94725496117147],[111.30743367984489,38.9472766491364],[111.30785496430543,38.94733408948762],[111.30824932090155,38.94733304869162],[111.30861791876707,38.94737711370638],[111.30895972480528,38.947394225058254],[111.30938085454096,38.94741562908268],[111.30988119046404,38.94741430181435],[111.31022291843863,38.947413394061265],[111.31082457139289,38.9476369966744],[111.31139002953338,38.94782615501274],[111.3118567942054,38.94812878172381],[111.31233203013606,38.94862205026437],[111.31273005432011,38.94890698316871],[111.31312039858817,38.949180017977135],[111.3135876269457,38.949583928264026],[111.31393269658335,38.94997028929236],[111.31410937576129,38.95023793746093],[111.31423272413272,38.950523604018926],[111.31434796893676,38.95070204268488],[111.31460475208499,38.950811118977335],[111.3149476756238,38.95091378384444],[111.31544749456394,38.95095296917393],[111.31584185233952,38.95078525839821],[111.3161834162165,38.95074379851577],[111.31644390973655,38.95063049505983],[111.31553548890491,38.94982225235468],[111.31459377380298,38.94865378005592],[111.31390077031847,38.94763776396429],[111.31316062098541,38.94671645202387],[111.31231531288766,38.94515586222166],[111.31159034871878,38.943081499343386],[111.31111716193541,38.941700062135325],[111.31062294976671,38.940782581164115],[111.30967958248773,38.93951948942375],[111.30818466017222,38.93822631987584],[111.30697631009163,38.93734673737735],[111.30666091982626,38.93692419870721],[111.30659711750673,38.93683879198664],[111.30650320577493,38.936289561379525],[111.30645371542974,38.935677159258006],[111.3064992156274,38.93519512114658],[111.30653637564185,38.934785167490446],[111.30646072008679,38.93428993567194],[111.30611663926862,38.93356120445409],[111.30532357910172,38.93251386936567],[111.3044564338445,38.93116045562724],[111.30399658386469,38.92964383412182],[111.30392641049667,38.92806314164815],[111.30416739593787,38.9266032442092],[111.30451145189222,38.92582175487289],[111.30435821392275,38.925797618033165],[111.30409472161465,38.925700156172454],[111.30396084175285,38.92561155781673],[111.30376363358907,38.92555488215135],[111.30344641898877,38.92553318753062],[111.30302285581799,38.92541718581375],[111.30285615818927,38.925368075266825],[111.30269044945126,38.925382016807475],[111.30261492665373,38.92541824396939],[111.30234525961725,38.92590086219197],[111.30216468702136,38.926149045335904],[111.30195437219552,38.92635226592605],[111.3016978147036,38.92652858213054],[111.30135084000588,38.92662856456985],[111.30080751972774,38.926656989360914],[111.3003237542213,38.926622203547865],[111.30005190421595,38.92659137515753],[111.29987008939187,38.92654680313203],[111.29953707316916,38.92636750127928],[111.29944616617354,38.92634521489854],[111.29937120999182,38.92634540714422],[111.29918973673817,38.92638190374495],[111.29905357494668,38.926395764395274],[111.29867651823919,38.92636970618317],[111.297935892318,38.92626800855761],[111.29733089748314,38.92619748830275],[111.29683235796317,38.92624830013101],[111.29666506040284,38.92629658676131],[111.29660577824706,38.9260414227479],[111.29675854794469,38.92574025095285],[111.29685989305531,38.925419156465495],[111.29687514308301,38.92497629754041],[111.29712429870166,38.92418476147621],[111.29735448124352,38.923904932219244],[111.2974582752925,38.92356236968987],[111.29773082533056,38.92324640032283],[111.29791814223212,38.9228856086163],[111.2982333929669,38.92278571738192],[111.29825340692209,38.92257398186169],[111.29844149671976,38.92222669907591],[111.29865188574767,38.9219085407479],[111.29865061240803,38.92190461748462],[111.29871405432941,38.92170440528659],[111.29888555810201,38.92149072984882],[111.29911010858599,38.92121096278631],[111.2996056855485,38.92071726354012],[111.30000161903355,38.92019790087223],[111.30023276027295,38.919938133709884],[111.30059583592892,38.91949660563187],[111.30079324990034,38.919107337221526],[111.30122234127921,38.91858788485916],[111.30178456516707,38.918171755490334],[111.30231404844453,38.91785937866132]],[[111.23437564732872,38.891210134639],[111.2335915241599,38.89099551614336],[111.23276388214273,38.89101968862509],[111.23190644035978,38.890962843277244],[111.2312259020263,38.890698459625824],[111.23104556952622,38.89062057930851],[111.23255844756802,38.88878863395358],[111.24262608271388,38.88874840968815],[111.24224785785228,38.88946455067863],[111.24192528093512,38.89014531634276],[111.241632223539,38.89092961086324],[111.24142706700252,38.89150654106624],[111.24119266988556,38.89206551545186],[111.24076528499944,38.89243572145713],[111.24017429722174,38.89257205705211],[111.23934096691703,38.892623311569075],[111.23856236563516,38.89234565990319],[111.23805858452462,38.89195484427902],[111.23774770671396,38.89183837491173],[111.23699407679565,38.891808379245006],[111.23631332998505,38.89159807315923],[111.23547015512911,38.8913925947003],[111.23437564732872,38.891210134639]],[[111.20724051000991,38.87849641281601],[111.20726024117178,38.87841611986169],[111.2072873640211,38.8775873422664],[111.20703394686355,38.87688066929568],[111.20670719442353,38.876340772247],[111.20620302268678,38.87571561227327],[111.20590530410735,38.87500000688984],[111.20553333750361,38.8740097893309],[111.20474731974691,38.87303831292667],[111.20413919740848,38.87231423853065],[111.2036941973603,38.87171148364804],[111.20317615515226,38.871379092289295],[111.20271753064871,38.87117270664879],[111.20188967390486,38.87104352556299],[111.20120973593333,38.87101317119704],[111.20048578530736,38.87108197578022],[111.20002824340474,38.871258415169514],[111.19943797704966,38.8714891271322],[111.19890686139334,38.87175576713588],[111.19840493504026,38.872031363069674],[111.19802148946623,38.87231125997173],[111.1974315306904,38.87265906444312],[111.19712173596095,38.87288028223762],[111.1966938140818,38.87309719424783],[111.1962362746119,38.87328262667397],[111.19583754228063,38.87337787933189],[111.19551239591243,38.873387432054905],[111.19530563601106,38.87336525816856],[111.19514252533429,38.87323941970635],[111.19475565463468,38.87227171212321],[111.19427973508252,38.87112849641106],[111.19416078007612,38.87081792026234],[111.19410084363426,38.87049373398834],[111.19407031227196,38.87012445909272],[111.19399563732244,38.86980930515877],[111.19384701973071,38.869579849376954],[111.19358093692728,38.86945417951039],[111.19328530926252,38.86945466914783],[111.1929897436336,38.869477677793746],[111.19267982726788,38.869653844409804],[111.19219285737418,38.86987083744615],[111.19169107206889,38.870069836878976],[111.19117436418303,38.87021030695195],[111.19076071068906,38.870242511142045],[111.19008074882875,38.87019858009166],[111.18951919549005,38.87013193313511],[111.1890607972413,38.86999305298496],[111.18873454578431,38.869579215264686],[111.18840804729753,38.86907079357858],[111.18821462884222,38.86850360489222],[111.18821350059372,38.86807572927133],[111.1882709728691,38.86747660817037],[111.1886074890127,38.86619243257679],[111.18869411257222,38.86545364076857],[111.18875093572262,38.86461130552501],[111.1886909101196,38.86424207648571],[111.18870483843438,38.86392677564381],[111.18871887493951,38.86365201039801],[111.18892447238022,38.86324632010003],[111.1891006047443,38.86272807769302],[111.18915854278312,38.862309113969246],[111.18914286269447,38.86196233307685],[111.18906786035245,38.8615120567086],[111.1889634918496,38.86112037949283],[111.18897739456524,38.86079607053506],[111.18879922937742,38.86054413585342],[111.18841442762958,38.86030154237132],[111.18801492696011,38.86008149116867],[111.18724622340861,38.85993409474213],[111.18618174387605,38.85957547805765],[111.1855063178056,38.859304652902125],[111.18497298808852,38.85926353877585],[111.18464335594304,38.85910199182632],[111.1839475675411,38.85879801979875],[111.1832640265059,38.85851309064086],[111.18280001231355,38.85824688124553],[111.18229954367652,38.85802839433118],[111.18212852764566,38.857904725973576],[111.18190815858186,38.857552331972535],[111.1816711306739,38.85712258233193],[111.18126942856226,38.85673218513003],[111.18069194126139,38.856156570168814],[111.18038058446898,38.855751692957014],[111.18036550599024,38.855625604712635],[111.18048218987073,38.85507143450385],[111.18068813489812,38.8546522455991],[111.1809232841563,38.85425102700743],[111.18123263717327,38.8538677087431],[111.18145342185181,38.853624150790395],[111.18149708343013,38.8533808677728],[111.18123081985263,38.85315157797293],[111.18072712766995,38.85256233632783],[111.18016390790996,38.85191913644388],[111.17967458438106,38.85116772443669],[111.17911158641061,38.85046146314423],[111.1785629212313,38.84972364921809],[111.17791151424441,38.849067060938495],[111.17721539398363,38.848374504875856],[111.17680110121815,38.84810038935139],[111.17634261336029,38.8478578669972],[111.17586945905126,38.84765139683117],[111.1752926014833,38.847431568441685],[111.17490849737906,38.84727900857295],[111.17468650235269,38.84717574900595],[111.17449430897476,38.84704091656804],[111.17438992316119,38.84674831308777],[111.17434474517069,38.84637905330086],[111.1744026249589,38.84590604785363],[111.1745191609202,38.84513118728585],[111.1748119029695,38.84413987130259],[111.17523713329882,38.84286910816188],[111.17545639466344,38.84186438842118],[111.17555870167052,38.84145887522194],[111.17549878628928,38.84109864568585],[111.17523143315009,38.840545055666276],[111.17493462021126,38.839865397221125],[111.17462294906893,38.8392893520628],[111.17440060555201,38.83903295643613],[111.17414931750083,38.83886217946256],[111.17383897199602,38.83882660974224],[111.17332231244056,38.838908449403355],[111.17293832419385,38.838931538488],[111.17261328663389,38.83892301124072],[111.17231755803627,38.83882886392256],[111.17199265384693,38.838725750820146],[111.17171157506503,38.83858654042444],[111.17165165989569,38.83821730072524],[111.17173901061271,38.83772173263031],[111.17192956981202,38.83718998059054],[111.1720616555294,38.83673938630397],[111.17225276457904,38.836437336769634],[111.17273897992793,38.83597721095019],[111.17319563264881,38.835499110912515],[111.1738737966371,38.83494411157534],[111.17428648473401,38.83459668862498],[111.17509743669069,38.83404148392718],[111.17568663789207,38.83332446323563],[111.17637881321804,38.8326298040732],[111.17710122509834,38.83208823096011],[111.17769037793921,38.83151082408994],[111.17833831780838,38.83069911634004],[111.17866216907346,38.83024822123188],[111.17854278886209,38.82985655547336],[111.17836410824037,38.82920825190995],[111.17822984103985,38.82861843230426],[111.17812435600747,38.82787993644518],[111.1779455160098,38.82716407217731],[111.17795909387769,38.82669113091239],[111.17823849830184,38.82617274428686],[111.17859099455939,38.825384004843315],[111.17884028512766,38.82477107855087],[111.1789568750241,38.824194387071586],[111.17919190991533,38.82364003385028],[111.17916162331424,38.82332930373777],[111.17891000873303,38.82315403300063],[111.1785407032264,38.82296993361437],[111.17815626245248,38.822776848116874],[111.17765313286768,38.822462333644054],[111.17707692309781,38.82227854404042],[111.17666312865704,38.822144050208564],[111.17630833776093,38.82200496187019],[111.1760420705931,38.82186573909459],[111.17571669586683,38.82154194022233],[111.17536143478137,38.82120917726596],[111.17513906787445,38.820921254168475],[111.17485805005383,38.8206334184276],[111.17444369673039,38.820264708960934],[111.17392573901381,38.81990516029978],[111.17355615734901,38.81974356549773],[111.17309811348379,38.8196046206763],[111.1726108262589,38.81957381353987],[111.17216781973137,38.81955194714879],[111.17188717343494,38.81956136840292],[111.17163615574356,38.81947165720483],[111.17144353119096,38.819273763510296],[111.17089529730633,38.81843231644359],[111.17052462377043,38.8178068002778],[111.17015473909409,38.817510074689686],[111.16971085885756,38.81711436712291],[111.16938559127195,38.816966206694616],[111.16901608825545,38.81682711738384],[111.16886807400782,38.81662014677123],[111.16880854320517,38.8163995361097],[111.16874883209172,38.816102357425564],[111.16886597877166,38.815732858978],[111.16918912982074,38.814989229008496],[111.16955671218187,38.8143221018523],[111.16982042970893,38.81355603612175],[111.16993702813869,38.812808199838734],[111.17023032484875,38.81207812210612],[111.17046554900564,38.81159134525641],[111.170715446613,38.81107301832946],[111.17078835411935,38.81071709433527],[111.1707872141419,38.81023967002716],[111.17116922752605,38.80945541168821],[111.1715513957404,38.80873871207361],[111.17180074215341,38.80814831907003],[111.17193241848172,38.80754909064463],[111.1719318555616,38.807314882385036],[111.17193135759923,38.807107698147554],[111.17182724672824,38.806900666318896],[111.17163518887672,38.8067748359969],[111.17154640551203,38.806657861820604],[111.17139782893915,38.80636081443155],[111.17136785352731,38.806162681436795],[111.17135271542284,38.806000558846065],[111.17127838120838,38.80575745063729],[111.1711157954527,38.80561806416084],[111.17087905560076,38.805460769833886],[111.17062763169845,38.80533052060178],[111.1703617218381,38.805159755741926],[111.17009514351012,38.804858374578394],[111.170065118816,38.80463772115088],[111.16996149384167,38.804480231114134],[111.16994622020474,38.80425955618386],[111.16994572804697,38.804052371816255],[111.16998969881627,38.80393520323966],[111.17015112281209,38.80358815845025],[111.17034238236539,38.80323206187879],[111.17041569040191,38.803047289988754],[111.17040052295843,38.80287165515502],[111.17032636682696,38.80270061034018],[111.17032578781692,38.80245739384762],[111.17047256414897,38.80215541013161],[111.17076650567314,38.80156495361081],[111.17100150494353,38.80115023957764],[111.17131057477678,38.80072190439614],[111.17167874533325,38.8003385218155],[111.17206144377704,38.79986503612694],[111.1723557859441,38.79945023186276],[111.1727974921849,38.79898566470192],[111.17282682664259,38.79891806090745],[111.17286936530924,38.79821086563112],[111.17292621573328,38.797323487931244],[111.17307098811216,38.796201770350606],[111.17317226404259,38.79524226193832],[111.17318480983162,38.79433242915968],[111.17318391610843,38.7939630999327],[111.17316854771819,38.793706392920775],[111.17300546216956,38.79349944903294],[111.17282770683723,38.793175421778805],[111.17260574180126,38.79301360469954],[111.17239872228187,38.79278420466233],[111.17216170799281,38.792496296021156],[111.17188106296899,38.79231204381749],[111.17157078024648,38.7922179151055],[111.17114269142037,38.792196022683825],[111.17065559171195,38.79216520682139],[111.17016803577098,38.79209385329682],[111.16972498766688,38.79198189680437],[111.16945922564402,38.79185166554136],[111.16922258831754,38.791716887464794],[111.1688234984984,38.7914832549789],[111.16836559189281,38.7913217704123],[111.167745120297,38.7910118844006],[111.16650487952626,38.79084250484879],[111.16548597676035,38.790726847301364],[111.16476208917172,38.790484652325276],[111.16445195512414,38.79029141569928],[111.16442164672158,38.79009328082464],[111.16445075476223,38.789768949359136],[111.16474447002678,38.789237059511606],[111.16496499392666,38.78878634486672],[111.16518531186246,38.788403190603894],[111.16553909041421,38.7881864962629],[111.16587789123312,38.78787073330715],[111.1660389022577,38.787352540448644],[111.1661116771812,38.78678492837115],[111.1661701083063,38.78654613132602],[111.16615481787377,38.78631194312054],[111.16615423246752,38.7860597178461],[111.1661534798131,38.78573542819149],[111.16615286306367,38.78546969082216],[111.16619629663845,38.78512281811168],[111.1661957111109,38.784870592786305],[111.16619495830055,38.7845463030662],[111.16609101581172,38.78423567214778],[111.16601631103306,38.783970039982],[111.1658976668216,38.78367744590215],[111.16567598208522,38.78346156648595],[111.1654245929968,38.78330878524975],[111.16521763856821,38.7832415174164],[111.16521729557914,38.78309288458136],[111.165334496893,38.782606282483975],[111.165702075097,38.78199321234925],[111.16598086784094,38.78140278733783],[111.16634812044688,38.780654594261335],[111.16671540734845,38.77992441606163],[111.16703934620077,38.77957714222774],[111.1674813441183,38.77927473877868],[111.16776091505503,38.7788734779674],[111.16758301904761,38.77861700272781],[111.16739020126613,38.778130842350144],[111.16713808090579,38.777658278569284],[111.16709303896671,38.77731153156556],[111.16721002628069,38.77689699214477],[111.16757723255327,38.77614429067732],[111.167724220504,38.77579726832591],[111.16773823721672,38.775486469057235],[111.16772278592583,38.77518472015572],[111.16767749857203,38.774887518092584],[111.16735242855485,38.774586212912354],[111.1669680588137,38.774298503683035],[111.16664244564268,38.77391612442236],[111.16640551833899,38.77362820298263],[111.16637460820483,38.773015696522826],[111.16635874477008,38.77253378597153],[111.16657914458929,38.772056042924106],[111.16687332089637,38.77160521840322],[111.1671086233454,38.77135265546324],[111.16725519222202,38.77098311377539],[111.16729859222129,38.77047409406614],[111.16735540675441,38.76955068246667],[111.16742789878398,38.76902810877308],[111.16738278735053,38.76864983310672],[111.16730799038834,38.76818602291873],[111.16730704364342,38.76778065962824],[111.16732092396396,38.767411307501014],[111.16754105745161,38.766983107195415],[111.16790881152335,38.766487133677046],[111.16824707646035,38.76599120141635],[111.16843777029706,38.76558556196672],[111.16845112433207,38.76499551169433],[111.16825764068412,38.76421208495919],[111.16810902987129,38.763703340618626],[111.16788652324628,38.76326676709226],[111.16763450497598,38.76281672327031],[111.16759129241254,38.76270989679147],[111.1741425442035,38.76313073807974],[111.18182564236473,38.763623811547085],[111.19768270589371,38.769004656492314],[111.19979142081945,38.76971999180252],[111.21080295885827,38.77372445925918],[111.21076425283985,38.77379984480117],[111.2103671787742,38.77426447678018],[111.20983708817448,38.77462124922018],[111.20912961510963,38.77494680847356],[111.20843731266834,38.77542096981662],[111.20802482885314,38.77566492309175],[111.20776078300788,38.77612930923499],[111.20767305663897,38.776507804758005],[111.20764463921113,38.77687718674674],[111.20763076934733,38.77717898222773],[111.20739579980999,38.77750369047222],[111.20698330161652,38.77774764002513],[111.20662976431566,38.777986979842474],[111.2060018037785,38.7780344728395],[111.20542769099595,38.778507395254906],[111.20495407004078,38.77898728834273],[111.20462596235733,38.77924527013128],[111.20454487546371,38.77963867158338],[111.20452815846083,38.78018211420861],[111.20450255098142,38.78081137519535],[111.20454017246456,38.78119026842997],[111.20457732447966,38.78140470917131],[111.20452341426768,38.78171941065886],[111.20450604315728,38.78203404907087],[111.20454354277005,38.78237004147165],[111.20454444155237,38.782684647875975],[111.204645948711,38.7830419790892],[111.20465567587033,38.78324931714748],[111.2046107368385,38.7835068015892],[111.20465737229406,38.78384277877243],[111.2046224871006,38.78442200317757],[111.20455986924783,38.78488687443746],[111.20471104357854,38.78548766435103],[111.20463683086187,38.78557078389334],[111.20453908209053,38.78585020524289],[111.20447458982483,38.78631423376788],[111.20447484296322,38.78640285922888],[111.20429248252331,38.78722544831186],[111.2043319636829,38.78825500333017],[111.20438778315668,38.79042656849884],[111.20435615726258,38.79081397056821],[111.20438999530532,38.79120125812209],[111.20432532935428,38.79148062116319],[111.20419471118412,38.791841171979684],[111.20416264683116,38.79207543761949],[111.20416344339232,38.7923546861414],[111.20416432990076,38.792665462706495],[111.20413247178062,38.79297179243002],[111.20426442881414,38.79320577141299],[111.20429811326628,38.79353901074481],[111.20512062148863,38.79387086805572],[111.2056789548819,38.79389691083352],[111.20604053158957,38.79392329803276],[111.20636893927224,38.79392271851841],[111.2066320232395,38.79397179793282],[111.20692799725549,38.79407486686814],[111.2071585122059,38.79430416392954],[111.20745478863745,38.79451082365188],[111.20775060916608,38.79455984241749],[111.2080134943762,38.794662967411526],[111.2084412696651,38.79481534211674],[111.2084417288039,38.79497298229641],[111.20844254214435,38.79525223060419],[111.20844322430953,38.795486438851995],[111.20857548888414,38.79581950091161],[111.20870753254253,38.79607599472708],[111.2087413955921,38.79646328060148],[111.20900539932441,38.79682313086912],[111.20917090781924,38.79720567700161],[111.20927060317877,38.79759284478284],[111.20963304140378,38.79802908567039],[111.20983092168473,38.79828545998097],[111.20989742534667,38.79851504585329],[111.2100953079246,38.798771419688386],[111.21035798689674,38.79879797125433],[111.21048956693956,38.798770710153846],[111.21078488970029,38.79864406508769],[111.21098126189956,38.798386981233065],[111.21101330550634,38.798152714032284],[111.21127535877515,38.79784596675044],[111.21143863284591,38.79758894193472],[111.21176644296355,38.797381163105],[111.2119305280302,38.79727727301674],[111.21212742642712,38.7972003472929],[111.21268606702196,38.79719933183029],[111.21298147602747,38.79722581793314],[111.21340882046646,38.79722503824917],[111.21363876007167,38.79725164223924],[111.21396718286829,38.797251041327954],[111.21429619409079,38.797327006861856],[111.21472340855514,38.797402791053884],[111.21492061539823,38.7974294526637],[111.21528238254422,38.79763146789454],[111.21564460703736,38.797865009332845],[111.2159735752046,38.798044562800875],[111.21620358756715,38.798093681729895],[111.2164324836997,38.79812416461528],[111.21663722905694,38.79815143091441],[111.21699236173328,38.79841650947148],[111.21719971794258,38.79870438183668],[111.21707993042648,38.79948180182814],[111.2171669469548,38.800053652116084],[111.21754667596906,38.80072982666448],[111.21808406619104,38.801167367259566],[111.21871393784294,38.80145351601704],[111.21900976523962,38.80161060271596],[111.21930508291017,38.80171814536892],[111.21951200306535,38.80174027694284],[111.21973365761161,38.801874981004616],[111.21989626043421,38.801874675115556],[111.22038368236487,38.801981853355926],[111.2207910873638,38.8019846343206],[111.22141724747124,38.801988907450294],[111.22236164810703,38.80189703362781],[111.2224581825257,38.801885599736266],[111.22317328747671,38.80180090179317],[111.2237046667156,38.801813397746905],[111.22394531902815,38.80181858391521],[111.2247029450858,38.80225118292787],[111.22516741027158,38.802726965638165],[111.2260595386668,38.803592794095294],[111.22639042524764,38.80420229960433],[111.2266715955546,38.804514776681906],[111.22712392486218,38.804982625348345],[111.22728313206652,38.805239720482774],[111.22744306670683,38.805725619939935],[111.22743194402051,38.80605931461735],[111.22737259965962,38.806555173016115],[111.22717932103922,38.80707989324402],[111.22697614989967,38.80736504921578],[111.22703680059054,38.807657692524955],[111.2270674054926,38.807891841956604],[111.22703805856723,38.8080540436049],[111.22703841704653,38.80816698834418],[111.2270389591794,38.80833779492965],[111.2270544824649,38.80858098167512],[111.22721968563391,38.80882838144167],[111.22744465817559,38.808976576270155],[111.22749001529805,38.809210696818425],[111.22747600982153,38.80944493292632],[111.2275365497411,38.80970154395654],[111.22759687512726,38.80989059512622],[111.2275226424305,38.81007990835919],[111.22746331969482,38.810206136297396],[111.2274491982213,38.81040434046574],[111.22743468882018,38.810593537350485],[111.22743546219134,38.81083675265984],[111.22739134870412,38.811107079414356],[111.22728768316719,38.811318969811694],[111.22719832274106,38.81150380820722],[111.22721433529793,38.811787529975405],[111.22727487630365,38.81204414103497],[111.22745507068214,38.81225097502563],[111.22762021325353,38.81247585410909],[111.22794939502073,38.81257880466104],[111.22806548501987,38.81262051768733],[111.22817380499338,38.81265943887089],[111.22839856182367,38.81284816829204],[111.2287276311829,38.81291508475515],[111.22887732072745,38.81303189596491],[111.22893522495417,38.81308051774466],[111.22926298224485,38.81330836094944],[111.22937760060724,38.813427304960605],[111.22934032431965,38.81367763279587],[111.2292041565909,38.81396390569906],[111.22908287683373,38.81414289609689],[111.22898455757858,38.814357593314725],[111.22887889333187,38.81465691449804],[111.22885516283345,38.81485716431053],[111.22883781512542,38.81514797007718],[111.22881431313225,38.81541972149893],[111.22872190239801,38.81584891040961],[111.22872270365782,38.81609943093762],[111.22875360482753,38.81642365921159],[111.22876950948151,38.81667134864777],[111.22880052756203,38.817031608729216],[111.22889068361063,38.81720708853109],[111.22890663218051,38.81746828985796],[111.22907192129128,38.81773370246959],[111.22911726057139,38.8179588140393],[111.22886386091686,38.818157487104884],[111.2286256152565,38.81848224221622],[111.22852231704981,38.818811236959064],[111.22849324367793,38.819059014299135],[111.22829964174755,38.81928008918816],[111.2280910119997,38.81952821713843],[111.22789752240267,38.81978532319128],[111.22780839753963,38.81993412927195],[111.22785336109989,38.820042137779446],[111.22810780477813,38.82016775348787],[111.22836239398293,38.820225808239165],[111.22873598693288,38.820252101453484],[111.22921496906882,38.82037727492079],[111.22976829324328,38.82045726016384],[111.23024686126726,38.820564414177994],[111.23056099621716,38.82056379467099],[111.23082982224398,38.820572271861735],[111.2308605427911,38.82072534740595],[111.23093585732384,38.82098192695938],[111.23120603461224,38.821296673072254],[111.23144605656124,38.82152139815481],[111.23170096426635,38.82178662926952],[111.23201590843145,38.822033724577324],[111.23242053626376,38.82241576081484],[111.23257103709246,38.82266318162112],[111.23254219485064,38.822978519411066],[111.23231817744822,38.823141109278346],[111.23216907536019,38.82321346975923],[111.23172112833987,38.82334497523237],[111.23136254831495,38.82340423796275],[111.23087021432815,38.823720492265736],[111.23067637469417,38.823869507317184],[111.23042290294588,38.824162767818784],[111.23033386615619,38.82433859956723],[111.2302297864183,38.82453698090989],[111.23009585316997,38.82473992495898],[111.2300966069918,38.82497413168188],[111.23018723827992,38.8251811373203],[111.23020248614115,38.825334243401116],[111.23042828021326,38.8254959423941],[111.23078624210868,38.82557630786809],[111.23120729628515,38.82569257942337],[111.23152315690433,38.82577302594798],[111.23173425884563,38.82595276752749],[111.23202952696715,38.826118829577894],[111.23238787444406,38.826316293436186],[111.23257716259617,38.826315916756094],[111.2327453587043,38.82624802175081],[111.23312361149745,38.82614817951096],[111.23350297281996,38.82627803797042],[111.23386122200206,38.82644396947764],[111.23434621417103,38.826740261776266],[111.23504161348372,38.82700009689773],[111.23563163529965,38.82727815645857],[111.23620041834947,38.827443655925926],[111.23622231774344,38.82775438774729],[111.23630751015799,38.828051479535695],[111.23643523995158,38.82847910118803],[111.23673043744624,38.828726223414925],[111.23700490057813,38.82890582694405],[111.23715285153023,38.82913523071216],[111.2373645919328,38.82949962469034],[111.23751248541025,38.82971101209487],[111.23766066545782,38.8300079747115],[111.23772488848435,38.83027358000455],[111.23781035993674,38.83065174197287],[111.2377901001292,38.83094454313975],[111.23785469921553,38.83132274751451],[111.23791916457769,38.83176851207271],[111.23792042401242,38.83214684533702],[111.23800585379304,38.83251149512953],[111.23802819771757,38.83295284134637],[111.2380510212737,38.833430218522565],[111.23802651861992,38.833853644136504],[111.2378815529188,38.83441693895812],[111.23789768894085,38.834831273722706],[111.23791356910206,38.83516904105371],[111.23812197244202,38.83560550397689],[111.23837349020697,38.83580316679489],[111.23862552025044,38.836045867964444],[111.23864262364432,38.83674845616629],[111.23864390217481,38.83713129305044],[111.23849779407045,38.837568478836864],[111.2380119172636,38.838114453017994],[111.23706985350424,38.83904869520155],[111.2362010753425,38.83983865376115],[111.23599530778057,38.84009129319329],[111.2362763798895,38.840297908635655],[111.23658798499646,38.84070263717792],[111.23698782460744,38.841012602071395],[111.23731412016033,38.84139477886096],[111.2377141616096,38.841763292689244],[111.23812992504024,38.84242002842967],[111.23864997963622,38.843369308883524],[111.23921411187102,38.84425544075763],[111.23998562682861,38.84525824755122],[111.24069723407193,38.84599543729074],[111.24102361675094,38.84639111512433],[111.24135064334155,38.84697595810518],[111.24169221011775,38.84760130589167],[111.242020239701,38.84847890381611],[111.24217001300372,38.84912266320163],[111.24236393765658,38.8496222032316],[111.24261648918272,38.85000001357582],[111.24313507979328,38.8504853654779],[111.24374231118658,38.850993050005876],[111.24427642135568,38.851590963914454],[111.24472103507891,38.85201791153842],[111.24535768660122,38.85248949401123],[111.24599452093793,38.85290702480665],[111.24665986871904,38.85313532468244],[111.24741426480803,38.85339946400982],[111.24776978676331,38.85366444524872],[111.24806714598228,38.85418177182245],[111.24846836461987,38.854852012003526],[111.24875086566392,38.85544143199168],[111.24915225499376,38.856156709084566],[111.24956874308118,38.85696653597511],[111.24985185749173,38.85762351141556],[111.25006073115331,38.858154533708905],[111.25043270848182,38.85899598033698],[111.25080586210844,38.86006712586966],[111.25119274331611,38.860840978153725],[111.25169748698836,38.86154701549453],[111.25236530010312,38.862342777787106],[111.25296837000643,38.8627468307352],[111.25330726917316,38.862975798834654],[111.2539204631756,38.86338883279711],[111.2553261272698,38.863998308514965],[111.25677720743123,38.86481485006085],[111.25757610070723,38.86509233710715],[111.25799026382028,38.865217534153494],[111.25812403692633,38.865469460936495],[111.25815545125805,38.86599185207122],[111.25804039528151,38.866834348704835],[111.25776308868254,38.86781682635256],[111.25742746914489,38.86900661426315],[111.25684024473892,38.87002580383035],[111.25616409359864,38.871054193308126],[111.2556944920913,38.87194700769864],[111.25510712232894,38.87293916462408],[111.25475621982872,38.87400286628016],[111.25449347717826,38.87494927156491],[111.25436319755667,38.875679197451355],[111.25376119849642,38.876824513610664],[111.25305597614853,38.87791149868969],[111.2523353214283,38.878917441388026],[111.25143771374762,38.87999582398005],[111.2503914459799,38.880898863940935],[111.24930080755021,38.8817884772751],[111.24835764439578,38.88252913614843],[111.24750294920882,38.88323807215824],[111.24697239483352,38.883640047665175],[111.246441415534,38.883920414793124],[111.24614585330298,38.88395706982522],[111.24583532326255,38.883935204176055],[111.2456277111957,38.88367891548263],[111.24539005374619,38.883377649970136],[111.24537426455966,38.88308042192939],[111.24531431730273,38.88282382226651],[111.24506262461313,38.88273427156387],[111.24459041551458,38.882928931768134],[111.24407376618696,38.883083147329465],[111.24366010791375,38.88312905076051],[111.24324621989895,38.88310739383385],[111.24293584777976,38.883130559718204],[111.24281811730597,38.88324790748883],[111.24281925173322,38.88358119801434],[111.24301435733,38.88450410342428],[111.24310733032546,38.88578753752061],[111.24309626335395,38.88687301386579],[111.24296639823338,38.887765067208505],[111.24277729327726,38.88835371839193],[111.23226278165924,38.8883774699825],[111.23059397648275,38.8904255482046],[111.23032272566786,38.89030840064846],[111.229509002353,38.89006678933946],[111.2285912772299,38.889627202008356],[111.22789488774534,38.88901602539111],[111.22721251553799,38.888278706525625],[111.22659072801663,38.88801418136224],[111.22585114047851,38.887740872857066],[111.22531854828739,38.88766083052934],[111.22497864897986,38.88758041468036],[111.22465253431947,38.88730179725449],[111.22431115895381,38.886865569741836],[111.22383735208501,38.88657822569472],[111.22324450525677,38.886115453017815],[111.22272569090502,38.8855984886159],[111.22208889184559,38.885126785884445],[111.22151079351674,38.8846504643407],[111.22112615556729,38.884538594363505],[111.22078616715447,38.88453923767056],[111.22035776091495,38.88459859832836],[111.21976727022836,38.88477086152581],[111.21933920794486,38.88494281675837],[111.21911746049275,38.88497926472321],[111.21864492942514,38.88509725334193],[111.2182612041792,38.88528263346891],[111.21799603847018,38.885490310853314],[111.21776029134142,38.885779004014296],[111.21750963878283,38.88602268487577],[111.21734758928964,38.886149097416464],[111.21720014088574,38.88622143508366],[111.21706687953805,38.88622168287409],[111.21688943145958,38.88614094135543],[111.21680022846454,38.88594293286616],[111.21668040673508,38.885506271348355],[111.21670885041442,38.88502879899406],[111.21666282264961,38.8845784885432],[111.21672148181503,38.88432615799741],[111.21679450685852,38.88406028886484],[111.21666044248879,38.88379480408143],[111.21642326627384,38.88349347859819],[111.21614185642005,38.88333185725024],[111.21552107032197,38.88325193333623],[111.21472274555352,38.88317683666292],[111.21396884305996,38.88314218878385],[111.21333306938071,38.88310732029346],[111.21280088631414,38.88302722001313],[111.21243161404061,38.883108963632424],[111.21218082989377,38.88319049085347],[111.21185578833439,38.88324963247602],[111.21164821993929,38.883087866295064],[111.21135245651254,38.88293977127666],[111.21102713561909,38.88290432793244],[111.2107316254984,38.882963413058604],[111.21027460389323,38.88333356163162],[111.20989136978699,38.883690063916724],[111.20967076190848,38.883992225529134],[111.20970100953242,38.88423538503206],[111.20983455681119,38.88445583914663],[111.2099237916325,38.88467186880779],[111.20992424226743,38.884825002605616],[111.20986550746213,38.88493770715093],[111.20970314115387,38.88496051863321],[111.20949595736202,38.884929362794296],[111.20921486125957,38.88487131527832],[111.20896382973699,38.884871764756994],[111.20860957401474,38.885043548584335],[111.2084035998484,38.88542675285497],[111.20821284353954,38.8858414573146],[111.20799220378458,38.88626071862401],[111.2077715405876,38.886549364755915],[111.20725490250116,38.88674395303202],[111.20659028460831,38.88695681674154],[111.20607357527004,38.88712888012224],[111.2060294474981,38.887150422047185],[111.20613697774539,38.887168169737166],[111.20621019546456,38.88717876528822],[111.20623319064221,38.88722162577366],[111.20611439585788,38.887268310051006],[111.20596361292226,38.887325776356036],[111.2056619947834,38.88742283406834],[111.20548818543223,38.88742671529505],[111.20533248756483,38.887366213677275],[111.20523622371441,38.88729488258385],[111.20511218662625,38.88710919877614],[111.20504762360694,38.88692698655466],[111.20505183835425,38.88680185290276],[111.2051109941491,38.886694498065914],[111.20519254379896,38.88656154208659],[111.20535684554008,38.886293663207724],[111.2055160637365,38.88598950644254],[111.20558877643406,38.88582492721736],[111.20557917435953,38.88566764336961],[111.20550570080276,38.885567672213966],[111.20546868607317,38.88542116141552],[111.20544088079144,38.885296084053735],[111.20542672653285,38.88514595777189],[111.20544450789367,38.88496717516331],[111.20550353800135,38.88481692010506],[111.20564018203248,38.88461647856356],[111.20567179780592,38.88447699651332],[111.20565305865173,38.88432330397081],[111.20564335359511,38.884130269637964],[111.20558348068133,38.88398737433389],[111.20551924889394,38.88391956137436],[111.2053940256898,38.88387931991782],[111.20525371168183,38.883834227964215],[111.20512549699441,38.88378440254577],[111.20497443299348,38.88374176758214],[111.2048510175963,38.88377058429157],[111.20474132482545,38.88379937681178],[111.20474115040321,38.88373860248119],[111.20478210073433,38.88366345506533],[111.20493743058897,38.88359883178949],[111.2050790066557,38.883523507631075],[111.20516568611649,38.88344470451778],[111.20527977750571,38.88335512832496],[111.20538477165512,38.883283443338314],[111.20549701152656,38.883210640234296],[111.20559478107735,38.883147222629574],[111.20565401549614,38.883068468366396],[111.20571765787716,38.882932505105515],[111.20573095774516,38.88278590567676],[111.20572260428573,38.882653523760624],[111.2057117859653,38.8824820617097],[111.20576791183956,38.88238305403914],[111.20589531382883,38.88224384714742],[111.20604756140017,38.88207749233931],[111.2060960181976,38.88196300621054],[111.2061869576489,38.881776943768116],[111.20614389296857,38.88170298187398],[111.20607050879487,38.881576948219816],[111.20604574420817,38.88144829030851],[111.2060454275838,38.88133865722855],[111.2060877575794,38.88121464791242],[111.20614243759695,38.881143051004244],[111.20619693726029,38.88100948707531],[111.20626338499551,38.88079010153322],[111.20629943754595,38.88060413680061],[111.20640561758108,38.88054576068383],[111.2064820977958,38.88050371250643],[111.20653668028372,38.88039874842167],[111.20649571628263,38.88032374881422],[111.20645084795363,38.88024159929693],[111.2063589046965,38.88007969390887],[111.20632186010003,38.87992245845798],[111.20639485322904,38.87985797865155],[111.20660499559224,38.879771806563205],[111.20681981777949,38.87966983761548],[111.20704346978673,38.879563678343864],[111.20719862140909,38.87944185200748],[111.20702057451282,38.8793416690376],[111.2070053452597,38.87903464192353],[111.20706829674492,38.878662727206994],[111.20724051000991,38.87849641281601]],[[111.20426768303098,38.73288746315285],[111.20480479660046,38.73324236531734],[111.206912622148,38.73353872702432],[111.209323218209,38.73374417614038],[111.21136856506122,38.73391210135926],[111.21244080377524,38.734291503486006],[111.21331859657366,38.73501702130244],[111.21380743914217,38.73531613838212],[111.21438314246444,38.73566609377436],[111.21469391662936,38.73585500264249],[111.2152263317974,38.736376496195284],[111.21627575033946,38.73706818671887],[111.21726499858988,38.73746721486826],[111.21815080242423,38.737767338103296],[111.21872665749069,38.737905888338396],[111.21912496226815,38.738044768664466],[111.21995097927616,38.738065737827],[111.2213961788253,38.73793689581042],[111.22235459707547,38.737885532026205],[111.22294498787696,38.73795647274907],[111.22377111728943,38.73801344727662],[111.22436092620137,38.73801231681638],[111.22505383698643,38.73788036687333],[111.22567260688324,38.737717027467],[111.22617344603626,38.73742779899426],[111.22679180947812,38.737138340432686],[111.22730664545668,38.73673197405607],[111.22782140634878,38.73619048336115],[111.22801245623646,38.73602796428208],[111.22849909739949,38.73602701413229],[111.2289718085912,38.73627831730162],[111.22934237938229,38.73684510401081],[111.22941672148436,38.73705214545102],[111.22963941923099,38.73745707466023],[111.22997862588694,38.7380068269807],[111.23009060889794,38.738764530931945],[111.22994756562805,38.73970864206708],[111.22975141824186,38.74021784975434],[111.22940382150793,38.74096814909473],[111.22936890399092,38.74146873403291],[111.22922552482027,38.74231274071709],[111.22900782519076,38.74275648114502],[111.22921119671959,38.74354260708297],[111.22985231281724,38.74410916601582],[111.23013412992358,38.74455901816771],[111.23044542890563,38.74480362337077],[111.2305629650033,38.744895978084855],[111.23096216910642,38.74518345023287],[111.23124340178481,38.74544863410031],[111.23125899614334,38.745714343091066],[111.2309664496429,38.74651214092081],[111.23087947240394,38.74696271916084],[111.2310130867639,38.747264227469024],[111.23071942608642,38.747607116278886],[111.23042567878315,38.7480355817071],[111.2296463556138,38.74882532634102],[111.22901420101208,38.74955172058763],[111.22838167501052,38.750052908977494],[111.22774862268884,38.750504550260125],[111.22720372755803,38.75075783807438],[111.22655533954511,38.75102483615504],[111.22611360943293,38.751277918879666],[111.22584890442448,38.75146760117783],[111.22567268335084,38.751787729839535],[111.2253799416982,38.75243687934511],[111.22501270032946,38.75294654563179],[111.2245866372963,38.75350136435119],[111.22399800306482,38.75403397282618],[111.22354173000876,38.75435913854058],[111.22299704293212,38.754693479283105],[111.22268765451966,38.75485621521928],[111.22226023518967,38.754983142356124],[111.22186336744498,38.75545682242849],[111.22127509872375,38.75600292853095],[111.22099681959213,38.756697079844415],[111.220454375196,38.75777006969417],[111.21973513798547,38.75899652722368],[111.21919152692458,38.759817285951534],[111.21867715310168,38.76044431301412],[111.2183091782356,38.76074226845992],[111.21807403660662,38.76097691822318],[111.2179125128539,38.76130151135726],[111.21784017653081,38.76175205156367],[111.21775292073599,38.762144066795834],[111.2174733808319,38.762441854748914],[111.21700218845729,38.76273549394323],[111.21672246601788,38.76297472773067],[111.21631043557336,38.76333581518979],[111.21578165019758,38.764088969307494],[111.21504686621078,38.76509472700946],[111.2144881110834,38.76569479249093],[111.21353182549483,38.76658834545012],[111.21264925370149,38.76749076447943],[111.21160419933508,38.7684159912547],[111.21111877128753,38.76890330635244],[111.21069220141409,38.7693544809273],[111.21030951009885,38.76968846972471],[111.21001511481778,38.7699682500558],[111.20975054878876,38.770243472057764],[111.20967755600829,38.77061293491266],[111.20979704584408,38.77101808471737],[111.21015230562125,38.771503883508935],[111.21053636657092,38.77191966164296],[111.19865065013965,38.767846985253186],[111.18241429357069,38.76228083917317],[111.17479068196697,38.76165180983731],[111.16753284308837,38.761052487858166],[111.1677316645888,38.76008712555825],[111.16817116126964,38.75877130906074],[111.16840494587251,38.75789268095973],[111.1686984272827,38.75717611227976],[111.16881490601506,38.75656339193693],[111.16900566513605,38.75604514931602],[111.16913731453272,38.75561707310809],[111.16916592253109,38.75524769868946],[111.16906227690963,38.75504966993899],[111.16889973546593,38.754878750575585],[111.16883981276747,38.754622105625074],[111.16895744148614,38.75434718787982],[111.16935380206982,38.75351336275673],[111.16951438140549,38.75285553680813],[111.16966095368849,38.75250851128443],[111.16985174936895,38.752012787202304],[111.17029260270344,38.75130500772547],[111.17071884852334,38.75065580068485],[111.17108658320177,38.75019584841542],[111.17144005981348,38.749938598812676],[111.1715722441635,38.749744730060556],[111.17174836371989,38.74943369090183],[111.17199875013503,38.74921262352831],[111.1724404872156,38.748887679973414],[111.17292627204992,38.74849510858658],[111.17332406799999,38.74828733238517],[111.17367811527942,38.74827329469548],[111.17394367867864,38.74823686730052],[111.17407599530961,38.74810154833834],[111.17428212272816,38.74786702973276],[111.17428111533424,38.747452657075044],[111.17425045655223,38.74696626351161],[111.17414623009925,38.74667815850171],[111.1740277680971,38.746448627460595],[111.17402701369059,38.746137847890246],[111.17399689286145,38.745872152701146],[111.17389308254147,38.74560656713278],[111.17386262383587,38.74520124625353],[111.17384704570019,38.74485445610823],[111.17381672954366,38.74450768785491],[111.17375643669422,38.74410241122719],[111.17375551979656,38.74372407072075],[111.17368110215031,38.74342240860934],[111.17347352562493,38.742904748722516],[111.17319205914193,38.74245025490677],[111.17304407861054,38.742198246066735],[111.17295463309205,38.741923630083065],[111.1729836305615,38.741576773666125],[111.1729828156166,38.74123896948353],[111.17292289960321,38.740986830091],[111.17326217461986,38.740972815523655],[111.17363087962138,38.74094073997545],[111.1738225017274,38.74080983711472],[111.17405798507897,38.74068337271244],[111.17435286238228,38.740592851845925],[111.1748098868512,38.740520104171125],[111.17511971871114,38.740519640455034],[111.17557646621344,38.74033428838594],[111.17616558661746,38.74004514145372],[111.17663672166464,38.73972013728988],[111.17715234247626,38.739363535296526],[111.17790368451051,38.73912818251205],[111.17847873483011,38.73896966342154],[111.17897966119244,38.73877972649224],[111.17943604949063,38.73845923764414],[111.1798033045164,38.73785512745458],[111.18022933932339,38.737187868404376],[111.18040573930334,38.73687231108347],[111.18050822205795,38.73660641246229],[111.1804918089971,38.73593983464281],[111.1807996339174,38.735151145695866],[111.18100444425689,38.734560794754934],[111.18155959808065,38.73450990352913],[111.18187868524322,38.73434256843695],[111.18224359719918,38.73424666326586],[111.1829279864139,38.73413834151558],[111.18367323134893,38.73402991926407],[111.18443356701466,38.73387380090787],[111.18514647536915,38.73348721693746],[111.18563237557233,38.73340049420868],[111.18648749642954,38.73330454766551],[111.18784340105692,38.7328519691852],[111.18820725934904,38.7327812086612],[111.18928477102071,38.733008018565194],[111.19114068043689,38.732909662076565],[111.19407273486483,38.73271450186073],[111.19597321233687,38.73258796489751],[111.19655319623159,38.73262594881085],[111.19726455273262,38.73237037210647],[111.19767852638715,38.73242210753472],[111.19833277472955,38.732432917248495],[111.19886570577683,38.73258693327881],[111.19921613303568,38.73276509268089],[111.19953583409695,38.73283604968929],[111.20002292750432,38.73291863643308],[111.20037295859728,38.732953788593335],[111.20139199083803,38.732832866949195],[111.20189389914657,38.732772415934875],[111.20241081782609,38.732640434557666],[111.20279084013447,38.73252060532035],[111.20327793508613,38.73260317850253],[111.20379569761819,38.732769116203954],[111.20426768303098,38.73288746315285]]]]},"properties":{"code":"SXPR-P07","name_short":"贺家山","name_full":"山西贺家山省级自然保护区","zone":"experimental","area_km2":108.671,"feature_count":1}}]}