{"type":"FeatureCollection","features":[{"type":"Feature","geometry":{"type":"MultiPolygon","coordinates":[[[[113.44647124462449,39.11080491552331],[113.44721878402305,39.11096628672037],[113.4479681577256,39.11112241183301],[113.44871930731833,39.11127327764603],[113.44947216864111,39.111418871967096],[113.45022668330786,39.11155918248402],[113.45098278718638,39.11169419790754],[113.4519952813556,39.11194216633026],[113.4530100821596,39.112184346850604],[113.45402713919529,39.1124207260634],[113.45504639290962,39.11265129345974],[113.45606779283227,39.11287603383821],[113.45709128171582,39.113094936645005],[113.45811680574488,39.113307990355175],[113.4591443087289,39.113515181694574],[113.46017373463172,39.113716501890586],[113.460917097086,39.113852299463254],[113.46166243971794,39.113981340144576],[113.46240966347291,39.11410360708025],[113.46315866585986,39.11421908439172],[113.46390934547804,39.1143277543787],[113.46466159995757,39.1144296047675],[113.46541532795646,39.11452461966296],[113.46617042479087,39.114612786845505],[113.46692679158258,39.114694094875915],[113.46768432252091,39.11476853246437],[113.46844291638301,39.114836087325926],[113.46920246991728,39.11489675532653],[113.46996287840165,39.114950523360115],[113.47072404086146,39.11499738634915],[113.47148585163772,39.115037337516895],[113.47224820975441,39.11507037179116],[113.47301100845911,39.11509648422496],[113.47377414799305,39.115115671526866],[113.47453752054246,39.115127931479606],[113.47541864268787,39.115220765345754],[113.47630085677922,39.11530708509614],[113.47718408139605,39.11538688343409],[113.478068239706,39.11546015206724],[113.47895325041276,39.11552688730342],[113.47983903440327,39.115587081804065],[113.48009397911389,39.11558600121718],[113.48034873566833,39.11557827236758],[113.48060301763675,39.11556390495819],[113.48085653881105,39.11554291499372],[113.48110901554737,39.115515325631435],[113.48136016561119,39.11548116720566],[113.48160970593057,39.11544047907673],[113.48185735943278,39.11539330678364],[113.48210284695853,39.11533970221609],[113.48234589197767,39.11527972621584],[113.48258622399199,39.11521344670287],[113.48282357381993,39.11514093607409],[113.48305767381815,39.11506227750248],[113.4832882634049,39.1149775576147],[113.48351508231876,39.11488687203817],[113.4837378774552,39.11479032255334],[113.48395639824605,39.11468801719222],[113.48417040015688,39.11458007106418],[113.48437964465549,39.11446660545594],[113.4845838956834,39.11434774610539],[113.48478292558978,39.114223627577985],[113.48616208756299,39.113727479312125],[113.4875379533786,39.11322582775168],[113.48891048852431,39.112718684559724],[113.4902796574947,39.11220606592465],[113.49164542228785,39.11168798268615],[113.49300774734265,39.11116444923545],[113.49436659713359,39.110635480864886],[113.49572193719892,39.11010109014362],[113.49597794000793,39.10993347701043],[113.49623951073423,39.109771162831834],[113.49650646618069,39.10961426226743],[113.49677862174693,39.109462882803115],[113.4970557892459,39.10931712840022],[113.49733777924601,39.1091771003461],[113.49762439404498,39.10904289470306],[113.4979154370058,39.108914604810174],[113.4982107067176,39.10879231960724],[113.49851000042891,39.108676122660945],[113.49881310952257,39.10856609496356],[113.49911982516377,39.108462311209685],[113.49942993618035,39.10836484524528],[113.49974322649825,39.108273762918095],[113.50005948226224,39.10818912732856],[113.50037848253179,39.10811099722823],[113.50070000848929,39.108039425921824],[113.50102383660504,39.10797446411564],[113.50134974540812,39.10791615526941],[113.50167750759164,39.10786454116931],[113.5020068967519,39.1078196563799],[113.50233768639202,39.10778153276849],[113.50266964979448,39.10775019590545],[113.50300255318596,39.10772566791299],[113.50333616953375,39.1077079653676],[113.50367026702702,39.10769710044807],[113.50400461712981,39.10769307986201],[113.50460146026005,39.10763223225253],[113.50519931471403,39.107577743164335],[113.50579806896229,39.10752962488523],[113.50639761013045,39.10748788433076],[113.50699782659598,39.10745253109353],[113.5075986066099,39.10742357116882],[113.50819983954723,39.1074010096294],[113.50880140897682,39.10738485077471],[113.50940320652134,39.1073750978326],[113.51000512027514,39.10737175230791],[113.51060703483583,39.1073748148826],[113.51120884054451,39.1073842852166],[113.51181042309031,39.10740016217181],[113.51241167149952,39.10742244093822],[113.51301247258408,39.10745111945754],[113.51361271411879,39.107486190249624],[113.51428991212033,39.10747058319529],[113.51496679155593,39.10744814097675],[113.51564324250364,39.10741886597507],[113.51631914718136,39.10738276704769],[113.51699439685598,39.107339847455734],[113.51766887371552,39.107290115161916],[113.51834246687935,39.10723357798183],[113.51901506094433,39.1071702465331],[113.51968654625192,39.10710013041117],[113.52035680746648,39.10702324203846],[113.52102573390626,39.10693959463986],[113.52169320908446,39.10684920066782],[113.52235912707191,39.10675207685169],[113.52302337151461,39.10664823924828],[113.52368583302314,39.10653770466673],[113.52434639880985,39.10642049179327],[113.52500495961905,39.10629662104124],[113.525661402733,39.10616611290133],[113.52631562012107,39.1060289895661],[113.52696750025878,39.1058852724056],[113.52761693409548,39.10573498724147],[113.52826381258403,39.1055781598974],[113.52890802780358,39.10541481527439],[113.52954947077849,39.10524498100011],[113.53018803491109,39.105068686454],[113.530558367032,39.105002518577216],[113.53092685977862,39.10493038353175],[113.53129335352413,39.10485231272186],[113.53165769220577,39.10476834017781],[113.53201971636292,39.10467850180682],[113.53237927118995,39.10458283431727],[113.53273620560674,39.10448138154281],[113.53309036388436,39.104374186519365],[113.53344159151654,39.10426129405895],[113.53378974112356,39.1041427542238],[113.53413466298713,39.1040186162278],[113.53447620527622,39.10388893473581],[113.53462472991068,39.103856361197465],[113.53477058056366,39.103817132741376],[113.53491326605223,39.103771380741705],[113.53505230758556,39.103719259720165],[113.53518723635887,39.10366094469632],[113.53531759823804,39.10359663288667],[113.53544295594102,39.10352654005456],[113.53556288560537,39.10345090148518],[113.53567698490546,39.103369972709324],[113.5357848694264,39.10328402507895],[113.53588617738059,39.10319334836609],[113.5359805660462,39.10309824813832],[113.53606771975463,39.102999042882885],[113.53614734421247,39.102896066831676],[113.53621917217906,39.10278966713575],[113.53628296109171,39.10268020211552],[113.53633849646553,39.10256803938542],[113.53638559308,39.10245355672837],[113.53642409138455,39.10233713857161],[113.53645386099504,39.10221917681087],[113.5364748052804,39.10210006980998],[113.53648684955466,39.101980215453004],[113.53648995410286,39.10186001986656],[113.53648411026384,39.10173988489682],[113.53646933728746,39.10162021718384],[113.53644568425636,39.1015014173127],[113.53641410367044,39.10107574536427],[113.53639068236798,39.100649752568586],[113.53637542253203,39.100223536147006],[113.53636832968076,39.09979718964431],[113.53636940355739,39.099370806729304],[113.53637864403407,39.09894448466859],[113.53639604854393,39.098518317177835],[113.53642161458475,39.09809239977077],[113.5364553361576,39.09766682713501],[113.5364972049543,39.09724169400666],[113.5365472115122,39.09681709514537],[113.53660534636941,39.09639312530905],[113.53667159194879,39.09596987852997],[113.53674593763532,39.095547449587876],[113.5367371306023,39.09545118221471],[113.5367368947711,39.09535467059948],[113.53674522821318,39.095258377681695],[113.53676209307237,39.09516276357894],[113.53678740876582,39.09506828933708],[113.53682105162996,39.09497540703187],[113.53686286188235,39.09488456051793],[113.53691263903552,39.09479618642942],[113.53697014401352,39.09471070873066],[113.53703510139772,39.09462853686628],[113.53710719936268,39.09455006396185],[113.537186093141,39.09447566674851],[113.53727140373971,39.09440570198912],[113.53736272249506,39.094340504578106],[113.53745961225978,39.09428038841658],[113.53756160717695,39.09422564011349],[113.53766821858304,39.094176522459755],[113.53777893606548,39.094133271703754],[113.53789322852029,39.094096094826895],[113.53801054877076,39.09406516944327],[113.53813033241204,39.09404064382505],[113.53825200820353,39.0940226366763],[113.53837498982334,39.09401123280991],[113.53849869107333,39.09400648822001],[113.53862251529152,39.094008424909106],[113.53874587280218,39.094017034110415],[113.53904735770917,39.09401289562586],[113.5393485716098,39.09400210879734],[113.53964927201368,39.09398468161484],[113.53994921893454,39.0939606274198],[113.54024817380062,39.09392996672978],[113.54054589236466,39.093892722890274],[113.54084213872314,39.0938489262719],[113.54113667598138,39.09379861177205],[113.54142926631864,39.09374182061467],[113.54171967663288,39.09367859662475],[113.5420076718387,39.093608992678526],[113.54229302496968,39.093533062377766],[113.54257550361233,39.09345086845091],[113.54285488469205,39.09336247612629],[113.54313094068078,39.09326795523422],[113.54340345236446,39.093167381729366],[113.54367220075973,39.09306083786713],[113.54393697044921,39.09294840852838],[113.54419755080099,39.09283018299386],[113.54445373025986,39.092706256869974],[113.5447053043336,39.09257672921242],[113.54495207216124,39.09244170350172],[113.54519383535839,39.09230128766819],[113.54543040270114,39.09215559579078],[113.545673834717,39.09205889075813],[113.54591302618734,39.09195595942593],[113.54614771414747,39.09184691383479],[113.54637764054863,39.091731874024624],[113.5466025556576,39.09161096615907],[113.54682221000616,39.09148432360183],[113.54703636349949,39.09135208311513],[113.54724478336598,39.09121439210898],[113.54744723921446,39.09107139974323],[113.54764351022179,39.090923263975036],[113.54783338259658,39.09077014530992],[113.54801664521962,39.0906122141016],[113.54807777168875,39.09050790454895],[113.54813123310545,39.09040106895914],[113.54817685802014,39.090292047907475],[113.54821450312068,39.09018119306004],[113.54824404706946,39.090068856501574],[113.54826539422626,39.089955397858404],[113.54827847682728,39.08984118064849],[113.5482832548874,39.08972656958173],[113.5482797104261,39.08961193068616],[113.54826785673663,39.08949763200593],[113.54824773126292,39.08938403835351],[113.54821939794066,39.089271512159144],[113.54818294722914,39.0891604143709],[113.5481384971033,39.08905109993004],[113.54808618731212,39.08894391879743],[113.54802618855089,39.08883921395184],[113.54746180186378,39.088582170601626],[113.54689356666594,39.08833033196002],[113.54632156383444,39.088083732227915],[113.5457458708108,39.08784240658309],[113.54516656727752,39.087606388354416],[113.54458373631257,39.08737570899676],[113.54399745531413,39.087150402792055],[113.54340780844302,39.086930499373096],[113.54281487761196,39.08671603022427],[113.54221874463325,39.08650702413186],[113.54214988982996,39.086422576895174],[113.54208843915988,39.086334728709595],[113.54203466675125,39.08624387346364],[113.54198881369534,39.086150418373705],[113.54195108448596,39.08605478135975],[113.54192164939407,39.08595739279446],[113.54190063952665,39.08585868660505],[113.54188814705353,39.0857591065722],[113.5418842318453,39.08565909807997],[113.54188890999224,39.08555911016731],[113.54190215935208,39.085459589102975],[113.54192392202174,39.08536098283451],[113.54195409939642,39.08526373209031],[113.54199255569885,39.08516827210389],[113.54203912022473,39.08507503076385],[113.54209358378249,39.08498442599],[113.54215570209325,39.08489686385823],[113.54222519684902,39.08481273587596],[113.54230175689997,39.084732419856984],[113.54285153092067,39.08436892828953],[113.5434071093179,39.08401084063477],[113.5439684028164,39.08365821189305],[113.54453532452109,39.0833110988147],[113.54510778619428,39.08296955277668],[113.54568569521258,39.08263363155668],[113.54626896216372,39.08230338565861],[113.54685749421006,39.081978866562764],[113.54745119973933,39.08166012752492],[113.54804998464192,39.08134721645308],[113.54820203100077,39.081149785602136],[113.54834671174974,39.080949020487594],[113.54848390817105,39.08074508853828],[113.54861350392537,39.080538158931276],[113.54873539428796,39.08032840238977],[113.54884947479749,39.08011599683474],[113.54895565353452,39.079901115408724],[113.54905384115159,39.07968393840137],[113.54914395638644,39.079464645924055],[113.5492259238175,39.07924341976017],[113.5492996773271,39.079020443289174],[113.54936515323891,39.0787959034379],[113.54942229823725,39.07856998600425],[113.54947106369134,39.07834287848316],[113.54951141142767,39.078114769940235],[113.54954330670519,39.07788584846357],[113.54956672418216,39.07765630643675],[113.54958164188385,39.0774263334662],[113.5495880506328,39.07719612157816],[113.54962367321663,39.076976453906546],[113.54965116033176,39.07675607624568],[113.5496704875263,39.07653517375399],[113.5496816394876,39.07631392868654],[113.54968460789507,39.076092524944855],[113.54967939020054,39.075871146302454],[113.54966598962794,39.075649976404875],[113.54964441866882,39.075429199593756],[113.54961469443174,39.07520900010806],[113.54957684197575,39.07498955840882],[113.54953089226038,39.07477105842861],[113.54947688538186,39.074553681196846],[113.54941486374335,39.07433760769086],[113.54934488122544,39.07412301683426],[113.54926699401504,39.073910087498696],[113.54918126855672,39.073698994727735],[113.54908777369805,39.07348991621275],[113.54888912010888,39.073334682320656],[113.5486843048839,39.073184392824906],[113.54847353092848,39.07303919635454],[113.54825700556538,39.072899236039206],[113.54803494399806,39.072764649433424],[113.54780756594481,39.07263557129222],[113.54757509316791,39.0725121291223],[113.54733775870923,39.07239444298037],[113.54709579669493,39.072282631099526],[113.54684944557215,39.072176803514765],[113.5465989493609,39.072077064737286],[113.54634455412624,39.07198351203071],[113.54608651157123,39.071896238934926],[113.54582507894011,39.07181533256664],[113.54556051321414,39.07174087284567],[113.54529307800615,39.071672931443935],[113.54502303221075,39.07161157743686],[113.5447506470944,39.071556870626125],[113.54447619023111,39.0715088645924],[113.54419993361597,39.071467607418796],[113.5439221501376,39.07143313996676],[113.54364311357863,39.07140549587611],[113.54336310098944,39.07138470331448],[113.54283478901672,39.07133757187323],[113.5423055502004,39.0712972684314],[113.54177552683133,39.071263802482854],[113.54124486697154,39.071237183398225],[113.54071371400029,39.07121741885174],[113.54018221235393,39.07120451379541],[113.53965051105386,39.07119847218339],[113.53911875440713,39.071199295373525],[113.5385870855019,39.071206982951615],[113.53805565547535,39.071221533430254],[113.53752460497878,39.071242942851335],[113.53699408264835,39.071271204383656],[113.53646423481236,39.071306311248975],[113.53636512315768,39.071322953302015],[113.53626454442379,39.071332891753265],[113.5361632400795,39.07133605462657],[113.53606196369277,39.07133241741578],[113.5359614626201,39.0713220079863],[113.53586248130759,39.07130490200013],[113.53576575337023,39.071281227591186],[113.53567199325212,39.0712511583419],[113.5355818975412,39.07121491775734],[113.53549613098654,39.07117277596679],[113.53541532854886,39.07112504247414],[113.53534008978902,39.07107207078256],[113.53527097059344,39.07101425317064],[113.53520848310974,39.0709520188922],[113.53515308859454,39.07088582802738],[113.53510519965828,39.070816169632245],[113.535065168657,39.07074356018976],[113.53503329323951,39.07066853718474],[113.53500980817054,39.070591656579616],[113.53499488856941,39.07051348643965],[113.53498864295221,39.07043460618357],[113.53499111986949,39.07035559833375],[113.53500229867193,39.070277048717045],[113.53502209852122,39.07019953996474],[113.53505037239371,39.070123645338946],[113.53508690926117,39.070049925083005],[113.5351314410183,39.069978926271055],[113.53518363642146,39.069911174834864],[113.53524310900926,39.06984717088897],[113.53530942059827,39.069787389555565],[113.53725031024352,39.06939713926859],[113.53919277181231,39.06901171002758],[113.54113678379873,39.0686311040206],[113.5412632904828,39.06860443330966],[113.54138712111667,39.06857099171449],[113.54150768191813,39.06853094168933],[113.54162439053205,39.06848447425998],[113.5417366888903,39.068431813245915],[113.54184403503497,39.06837321273664],[113.54194591453314,39.068308953240034],[113.54204183598895,39.06823934538222],[113.54213133767915,39.06816472165731],[113.54221399124233,39.068085442650556],[113.5422893990794,39.06800188898952],[113.54235719672667,39.06791446309307],[113.54241706077443,39.067823584495436],[113.54246870078596,39.06772969002219],[113.54251186962166,39.06763323176351],[113.5425463598459,39.06753467355006],[113.54257200597044,39.067434489102624],[113.5425886843567,39.0673331593323],[113.54259631436919,39.06723117231528],[113.54259486052167,39.067129018742996],[113.54258432891642,39.06702718929799],[113.54256476948727,39.06692617280392],[113.5425362783073,39.06682645617523],[113.54249899159029,39.066728518244105],[113.54225990614638,39.06654449663122],[113.5420147667021,39.06636537963544],[113.54176374165057,39.0661912887271],[113.54150699809558,39.0660223418029],[113.54124471108629,39.065858652984694],[113.54097705672352,39.065700333670485],[113.54070421552596,39.0655474897594],[113.54042637252725,39.06540022435144],[113.54014371381304,39.065258637823106],[113.5398564332856,39.065122823177155],[113.53956472259803,39.064992875267926],[113.53926878003375,39.064868880701475],[113.53893964672994,39.064668974349814],[113.53861626071141,39.06446344470152],[113.53829878385685,39.064252391845024],[113.53798736896542,39.06403592057029],[113.53768216998411,39.063814135643085],[113.53738333402444,39.063587144680476],[113.53709100832036,39.063355058899745],[113.53680533561105,39.06311799321877],[113.53652645516627,39.06287606263136],[113.53625450288312,39.06262938490664],[113.5359896124403,39.06237808056396],[113.53573191298958,39.06212227292287],[113.53570146736462,39.062042717756746],[113.53566272307528,39.06196538655241],[113.53561594385071,39.06189080490727],[113.53556144817568,39.061819479214634],[113.53549960338977,39.0617518931901],[113.53543083258027,39.061688506821305],[113.53535560047321,39.06162974947072],[113.53527441811455,39.061576021575256],[113.53518783908551,39.061527685723235],[113.53509644812122,39.06148507140529],[113.53500086896545,39.06144846853977],[113.53490174811499,39.06141812512497],[113.5347997594374,39.061394247138935],[113.53469559487333,39.06137699694087],[113.5345899632188,39.06136649149662],[113.53448357970578,39.06136280170488],[113.5343771683438,39.061365953246906],[113.53427145028205,39.0613759241379],[113.53416714506112,39.061392647401505],[113.53406496012929,39.0614160085959],[113.53396558869589,39.061445850363185],[113.53381518268769,39.06152997918273],[113.53365961980035,39.06160819952225],[113.53349928013104,39.061680318479034],[113.53333455593685,39.06174615999858],[113.53316585157015,39.06180556307499],[113.53299358222736,39.06185837907667],[113.53281816846693,39.06190447997098],[113.53264004294121,39.06194375277453],[113.53245963891777,39.06197610160405],[113.53227740409781,39.06200144647562],[113.53209378217947,39.062019724606024],[113.53190922449639,39.0620308928617],[113.53172418405266,39.06203492248491],[113.53153911568306,39.06203180359322],[113.53135447140312,39.06202154437999],[113.53117070383907,39.06200417013922],[113.53098826622715,39.061979723265566],[113.53080760551951,39.06194826430465],[113.53062916459565,39.06190986920311],[113.5304533812361,39.06186463293319],[113.53028068683896,39.06181266591811],[113.5301115042073,39.06175409678168],[113.52994624969632,39.06168906779864],[113.52978532875672,39.061617739494174],[113.52962913349695,39.061540287094125],[113.52947804957651,39.06145689947475],[113.52933244822201,39.0613677820374],[113.52912542848306,39.061159509068894],[113.5289256476508,39.06094698458707],[113.52873324854791,39.06073035953016],[113.52854837184309,39.06050978938573],[113.52837114793938,39.06028543346582],[113.5282017049898,39.0600574529319],[113.52804016546676,39.059826011769644],[113.52788664500814,39.05959127681389],[113.52774125353949,39.05935341682362],[113.52760409636429,39.059112600656874],[113.52747527214466,39.05886900541996],[113.52735487360637,39.058622803843605],[113.52732912976477,39.05846999893639],[113.52729457466533,39.05831825414635],[113.52725127826913,39.05816787774899],[113.52719933131037,39.058019177567544],[113.5271388358053,39.057872453974255],[113.52706991685072,39.05772800683924],[113.52699271547343,39.05758612938174],[113.52690738753995,39.05744710999493],[113.52681410609651,39.05731123309605],[113.52671306223414,39.057178771002484],[113.5266044597987,39.05704999755547],[113.52648852292445,39.05692517264699],[113.52636548362659,39.05680455059435],[113.52623559436873,39.056688376265406],[113.52609912004773,39.05657688705392],[113.52595633667902,39.05647030840518],[113.52580753498745,39.05636885734091],[113.52562893400976,39.05619063576955],[113.52544364566035,39.05601661324175],[113.52525183480766,39.05584694285533],[113.5250536684625,39.055681773158845],[113.52484931927248,39.05552124897653],[113.52463896661214,39.05536550958374],[113.52442279440287,39.0552146923565],[113.52420099332505,39.05506893002213],[113.52397375732352,39.05492834983446],[113.52374128363986,39.05479307447373],[113.52350377861518,39.05466322282177],[113.5232614495471,39.05453890833733],[113.52301450818446,39.05442023988094],[113.52276317072739,39.05430732171521],[113.52250765782748,39.05420025350488],[113.52224819218358,39.0540991276672],[113.52198500331889,39.05400403377159],[113.52171832168214,39.05391505506519],[113.52144837864799,39.05383226847272],[113.52117541126186,39.05375574809644],[113.52089966082995,39.05368555804202],[113.5206213652248,39.05362176339203],[113.52028702255375,39.05356653777779],[113.51995099897555,39.053517913708234],[113.51961350807052,39.053475923476924],[113.51927476312936,39.05344059128083],[113.51893498202583,39.05341194031981],[113.5185943825046,39.05338999019658],[113.5182531809314,39.053374754242114],[113.51791159351154,39.05336624129047],[113.51756983984843,39.0533644583036],[113.5172281369815,39.05336940509672],[113.51688670419473,39.05338107963796],[113.51654575824074,39.053399473648504],[113.51620551462292,39.05342457617731],[113.51586619439291,39.05345636985191],[113.515528011615,39.05349483565202],[113.5151911824718,39.05353994911055],[113.51485592180212,39.05359168038827],[113.51452244322903,39.053649997873435],[113.5141909590004,39.05371486368216],[113.51386168236145,39.05378623540839],[113.51353482072582,39.05386406897292],[113.51321058478132,39.05394831482457],[113.51288918156533,39.054038918089454],[113.51254598916935,39.05412799537913],[113.51220564533998,39.05422348998927],[113.51186835009372,39.05432534450033],[113.51153429768037,39.05443350161913],[113.51120367982226,39.05454789780472],[113.51087668818239,39.05466846771809],[113.51055351420504,39.0547951397226],[113.51023434587684,39.05492784225779],[113.50991936634941,39.055066497564745],[113.50960875749783,39.05521102431125],[113.50930270123413,39.05536134206624],[113.5090013756308,39.05551735967559],[113.50870495309044,39.05567898881019],[113.50841360695233,39.05584613481772],[113.50812750588086,39.05601870134636],[113.5078468161104,39.05619658849509],[113.50757169916868,39.05637969376318],[113.5073023141216,39.05656791020066],[113.50703881994538,39.0567611281582],[113.50678136866503,39.05695923723598],[113.50653010753547,39.05716212263412],[113.50628518362632,39.057369664153484],[113.50604673827394,39.05758174261892],[113.5052366095757,39.0580772453138],[113.50443061543565,39.05857683684723],[113.50362879201502,39.05908049581456],[113.50283117204759,39.059588201785765],[113.50203778705256,39.06009993255617],[113.50124867320142,39.06061566672219],[113.50104460240108,39.06073416937411],[113.50083518300427,39.060846858772415],[113.50062068700849,39.06095358585903],[113.50040139263339,39.06105421405182],[113.50017758749755,39.06114861107146],[113.49994955838855,39.06123665366379],[113.49971760745444,39.061318228153475],[113.49948203363964,39.06139322814046],[113.49924314198238,39.06146155610188],[113.4990012470455,39.06152312241812],[113.49875665915988,39.0615778483696],[113.49850969930283,39.061625662215626],[113.4982606887725,39.06166650121693],[113.49800995040529,39.061700313411],[113.49775781187952,39.061727053038254],[113.4961523590127,39.06205019013161],[113.49454889424348,39.062379298412495],[113.49294745507338,39.06271437086015],[113.49134807551184,39.06305539962974],[113.4897507941565,39.06340237587959],[113.48815564620803,39.06375529264366],[113.48769022033079,39.06385951417521],[113.48722241009901,39.06395703032471],[113.48675237395148,39.064047809763466],[113.4862802691442,39.06413182028985],[113.48580625883429,39.0642090331811],[113.48533050284495,39.0642794233904],[113.48485316327911,39.06434296492428],[113.48437440477174,39.064399638041884],[113.4838943838481,39.06444942227731],[113.48341326876812,39.06449230232059],[113.48293122086743,39.06452826301198],[113.48244840385502,39.06455729094502],[113.48196498275323,39.064579377190874],[113.48148112149421,39.0645945146478],[113.48099698407404,39.064602698016564],[113.48051273567532,39.06460392287599],[113.48002854054734,39.06459819113157],[113.47954456175367,39.064585503816225],[113.47906096706983,39.06456586456705],[113.47857791862528,39.06453928074638],[113.47809557861197,39.06450576151903],[113.47754122621677,39.06443780874202],[113.47698557548419,39.06437663533294],[113.47642876306685,39.06432225548275],[113.4758709267389,39.06427468246054],[113.4753122031191,39.06423392956256],[113.47475272979074,39.06420000466366],[113.47419264439935,39.0641729174411],[113.473632081001,39.06415267404866],[113.473071181669,39.06413927867134],[113.47251008042737,39.064132736568205],[113.47194891803771,39.06413304745447],[113.47138783067581,39.06414021204585],[113.47082695326922,39.064154228385384],[113.47026642876372,39.06417509254755],[113.46970639090236,39.064202801705115],[113.46914697898113,39.064237346611655],[113.46858833005122,39.06427871987208],[113.46803057873093,39.064326910543066],[113.46747386428866,39.06438190848595],[113.4669183223434,39.064443698238364],[113.46636409085595,39.0645122651915],[113.46581130426333,39.064587593012476],[113.46513784274327,39.06461129826565],[113.46446481348599,39.0646415657089],[113.463792321259,39.06467839043521],[113.46312047198514,39.06472176751551],[113.46244937033993,39.06477168934774],[113.46177912100019,39.064828148332154],[113.46110982861273,39.06489113597144],[113.46044159776326,39.06496064197075],[113.4597745330391,39.06503665603752],[113.4591087389667,39.065119166081615],[113.45844431776565,39.0652081600639],[113.45778137730444,39.06530362222594],[113.4571200162499,39.06540553790632],[113.45646034135167,39.065513892275405],[113.45580245465062,39.06562866790324],[113.45514645934445,39.06574984733775],[113.45449245507669,39.06587741050209],[113.4538405484823,39.066011338975514],[113.45319083799359,39.0661516109098],[113.4525434278178,39.066298204337215],[113.45189841636211,39.06645109651363],[113.45125590665441,39.06661026459964],[113.45061819059727,39.066784724923856],[113.44998345066506,39.066965662036196],[113.44935179076766,39.06715304498373],[113.44872332402323,39.06734684172148],[113.44809815310221,39.067547018624836],[113.44747638760585,39.067753541925505],[113.44685813133663,39.06796637707838],[113.44624349150263,39.06818548766744],[113.44563257406898,39.068410834602915],[113.44502547817211,39.06864238164182],[113.44442231087895,39.068880087873545],[113.44382317355134,39.06912391431006],[113.44322817089521,39.069373818292455],[113.4426374006949,39.06962975730851],[113.44205096760459,39.06989168690238],[113.44146896711005,39.070159564612986],[113.44089150378305,39.070433343287384],[113.44031867187243,39.070712977791416],[113.43975057121891,39.07099841747154],[113.43918729605134,39.07128961629598],[113.43862894737606,39.071586523589325],[113.43807561581465,39.07188908889465],[113.43752739776686,39.07219726163524],[113.43698438720523,39.07251098768375],[113.43644667467557,39.07283021388615],[113.4360084924692,39.07321352221223],[113.43557705003434,39.07360144951471],[113.43515242811817,39.073993923933955],[113.43473470510294,39.074390871858355],[113.43432395597522,39.07479222154834],[113.43392026250021,39.07519789661954],[113.43352369608901,39.07560782180418],[113.4331343304678,39.076021921785745],[113.43275223936857,39.07644012124726],[113.43237749400356,39.0768623386197],[113.43201016349806,39.077288498681234],[113.43165031567383,39.077718521733715],[113.43129801829645,39.07815232627826],[113.43095333579684,39.0785898344873],[113.43061633354972,39.07903096220863],[113.43028707359491,39.07947562896113],[113.42996561794662,39.079923753362806],[113.42965202616058,39.080375249579],[113.42934635676656,39.08083003539784],[113.4290486659282,39.081288026854494],[113.42875900972152,39.081749137283175],[113.42847744201053,39.08221328276477],[113.42820401538587,39.08268037580316],[113.42793878128808,39.083150328924916],[113.42768178779068,39.083623057427275],[113.42743308394105,39.0840984711823],[113.4273024193575,39.08438406609012],[113.42718037941863,39.08467197136239],[113.42706703144488,39.08496202441641],[113.42696243489308,39.08525406913573],[113.42686665019288,39.08554794397828],[113.42677972860082,39.085843489392445],[113.42670172000533,39.08614053954899],[113.42663266521366,39.08643893330897],[113.42657260378789,39.08673850685548],[113.4265215671778,39.08703909563806],[113.42647958446359,39.0873405333523],[113.42644668013845,39.08764265468785],[113.42642286948936,39.08794529542462],[113.42640816764964,39.08824828684054],[113.42640258179303,39.08855146397968],[113.42640611669118,39.08885465923211],[113.4264187702794,39.089157707830005],[113.42644053459512,39.08946044152374],[113.42647139827221,39.08976269393378],[113.42651134420032,39.09006429969863],[113.42656035180326,39.09036509352693],[113.42661839238858,39.09066490939366],[113.4266854349831,39.09096358221993],[113.42676144286808,39.091260947945074],[113.42696941797963,39.09145572352616],[113.42717036040222,39.091654932028185],[113.42736411230808,39.09185842007172],[113.4275505261334,39.092066030461034],[113.42772945533959,39.09227760237626],[113.42790076362138,39.09249297028091],[113.42806431700821,39.09271196948985],[113.42821998942249,39.09293442974922],[113.42836765933878,39.093160178908214],[113.42850721437247,39.09338904192289],[113.42863854322691,39.09362084192428],[113.42876154724216,39.09385539997778],[113.42887612993982,39.094092533499584],[113.42898220176617,39.094332059760184],[113.42907968112384,39.094573792260434],[113.42916849337168,39.09481754525515],[113.42924856832988,39.095063128401584],[113.429319845147,39.09531035386256],[113.42938226740279,39.09555902830317],[113.42943578678923,39.09580895911817],[113.42948036192531,39.096059953555965],[113.42951595951223,39.09631181869451],[113.42954254955951,39.096564357037806],[113.42949109725546,39.097003135085785],[113.42944777849308,39.0974424468751],[113.4294126052553,39.09788219940216],[113.42938558381259,39.09832230158205],[113.42936671931184,39.09876266325218],[113.4293560167456,39.09920318974852],[113.42935347898202,39.09964379185317],[113.42935910526978,39.10008437591905],[113.42937289491914,39.10052485009725],[113.42939484499182,39.10096512438532],[113.42942495127039,39.101405105203305],[113.4294632084746,39.101844701693594],[113.42950960895148,39.102283821245145],[113.42948883867695,39.10239865294434],[113.42947713016635,39.10251426023234],[113.42947452631714,39.10263020813153],[113.4294810388727,39.102746063212315],[113.42949664255379,39.10286139101374],[113.42952127858456,39.10297575777125],[113.4295548536912,39.10308873494049],[113.42959724465952,39.103199897301295],[113.42964828934117,39.10330883035009],[113.42970779798698,39.10341512375961],[113.42977554771836,39.103518378699086],[113.4298512836819,39.1036182078105],[113.42993472260663,39.10371423783639],[113.43002555040087,39.103806106968484],[113.4301234270194,39.10389347195127],[113.43022798399863,39.10397600363069],[113.43033883041721,39.104053392233794],[113.43045554946181,39.1041253483412],[113.43057770417154,39.10419160186704],[113.43070483634501,39.10425190388332],[113.43083646775749,39.10430602839585],[113.43097210478145,39.10435377224829],[113.43111123957308,39.104394955998245],[113.43147169818128,39.10466432780499],[113.43183835234457,39.10492857716859],[113.43221108222998,39.10518761467227],[113.43258976471881,39.105441356371955],[113.43297427796496,39.10568972190019],[113.43336449649628,39.10593262646304],[113.43376029043098,39.1061699916637],[113.43416153106712,39.10640173998235],[113.43456808747966,39.106627796648446],[113.43497982755157,39.10684808601693],[113.43539661584964,39.107062537016205],[113.43581831465575,39.10727107952437],[113.43624478746321,39.10747364519681],[113.43667589551161,39.10767016753868],[113.43711149547674,39.10786058195329],[113.43755144640132,39.10804482559732],[113.4379956040126,39.10822284020142],[113.43844382397084,39.10839456569827],[113.43889595746606,39.1085599466189],[113.43935185686965,39.10871892837212],[113.4398113757966,39.1088714590445],[113.4402743598649,39.109017489593825],[113.44074065930859,39.10915697088336],[113.44121012335779,39.109289858302525],[113.44168259546318,39.10941610736403],[113.44202970421395,39.10956221215758],[113.44238106334532,39.10970201453264],[113.44273648644736,39.10983544090925],[113.44309578011232,39.10996241605492],[113.4434587536109,39.110082875490086],[113.44382521034039,39.110196752158686],[113.44419495622158,39.11030398525796],[113.44456779039592,39.110404518632635],[113.4449435131872,39.1104982970055],[113.44532192282301,39.11058527144988],[113.44570281986897,39.110665393893015],[113.44608599467804,39.110738621882625],[113.44647124462449,39.11080491552331]]],[[[113.57603279641572,39.18493969234344],[113.57581336367454,39.184582371447924],[113.57558601031606,39.184228062959626],[113.57535080733008,39.18387687062713],[113.57510782358617,39.18352890364832],[113.57485713234352,39.18318426481916],[113.5745988091358,39.182843055983916],[113.5743329307788,39.18250538256005],[113.57405957851067,39.18217134446308],[113.5737788335312,39.18184104070827],[113.5734907793798,39.181514571159184],[113.57330462723873,39.181327851429224],[113.57312538203328,39.1811370811287],[113.57295319281774,39.180942413693856],[113.5727881984979,39.180744009989446],[113.57263053097154,39.18054202923338],[113.57248031995003,39.180336634293546],[113.57233768608724,39.18012799364068],[113.5722027442512,39.179916275872436],[113.57207560709132,39.17970165233631],[113.57195637466583,39.179484298259105],[113.57184514356021,39.179264388943224],[113.57174200701837,39.1790421033659],[113.5716470455956,39.17881762168391],[113.57156033644057,39.178591125928925],[113.57148195213956,39.178362800033064],[113.57141195374713,39.178132829082124],[113.5713503989121,39.17790140003666],[113.5712973383439,39.177668700008724],[113.571252813599,39.177434919012505],[113.57121686154183,39.17720024536289],[113.57118951100784,39.17696486935132],[113.5711707839272,39.17672898232051],[113.57116069651407,39.17649277753857],[113.57115925441289,39.1762564440023],[113.57116646108672,39.176020174357056],[113.57118231071685,39.175784160550585],[113.57120678817056,39.17554859293333],[113.57120191437971,39.175272796814035],[113.57120611136307,39.1749969949256],[113.57121937513558,39.174721366568335],[113.57124169712074,39.174446092042345],[113.57127306299488,39.17417135267313],[113.57131345149865,39.17389732993727],[113.57136283539666,39.17362420003782],[113.57142118408511,39.17335214195195],[113.57148845777904,39.173081336658555],[113.57156461306334,39.172811960712],[113.57164959952337,39.17254418901815],[113.57174336099968,39.172278197508405],[113.57184583671153,39.17201416221439],[113.57195695874846,39.17175225392009],[113.57207665580091,39.17149264528396],[113.57220484718373,39.17123550556767],[113.57234145105966,39.170981004056756],[113.57248637740527,39.17072930751447],[113.57263952916708,39.17048058015624],[113.57280080807467,39.17023498442201],[113.57297010658176,39.16999268205489],[113.57314731585998,39.16975383122293],[113.57333231780544,39.169518589397626],[113.57352499415566,39.16928710955025],[113.57372521390526,39.16905954403234],[113.57345160219481,39.16829267288169],[113.57268631779411,39.16745179180607],[113.57090940340257,39.16572779788345],[113.5697264142159,39.16518204687254],[113.56805583991064,39.164694692433635],[113.56667553723558,39.1637720198575],[113.56544068918707,39.16179771579807],[113.5648977348016,39.16033236766404],[113.56397053901817,39.158398924392024],[113.56280048576349,39.156518473047676],[113.56235748397945,39.154431394341515],[113.5619037136537,39.15204670617627],[113.56085164177902,39.15046148048042],[113.55963150028957,39.14864104792175],[113.55939583584029,39.14828942784959],[113.55933763619878,39.148101808024464],[113.55928831101714,39.14791265221749],[113.55924792723899,39.147722213830555],[113.55921654044462,39.14753075191666],[113.55919419105861,39.14733852225758],[113.55918091038922,39.14714578443566],[113.55917671577822,39.146952795636345],[113.55918161314074,39.146759816896285],[113.55919559564732,39.14656710862954],[113.559218643659,39.14637492882775],[113.55925072601397,39.14618353663427],[113.55929180108583,39.14599318961917],[113.55934181216166,39.14580414388086],[113.55940069312265,39.1456166512196],[113.55946836299272,39.14543096826306],[113.55954473231813,39.14524734101659],[113.55962969675622,39.1450660194132],[113.55972314242972,39.14488724548875],[113.5598249438443,39.14471125973169],[113.5599349649794,39.14453829925813],[113.56005305578901,39.14436859698835],[113.56017905910308,39.14420238059464],[113.56031280491497,39.14403987442822],[113.56047927190774,39.143868052891555],[113.56063836410605,39.14369204620435],[113.56078990924624,39.14351204640236],[113.56093374101141,39.143328249892804],[113.56106970358832,39.143140855552986],[113.56119765070736,39.14295007015451],[113.56131744072633,39.14275610036624],[113.56142894488235,39.142559157075446],[113.561532041481,39.14235945461497],[113.56162661592877,39.14215721166294],[113.56171256753541,39.14195264749074],[113.5617898015879,39.141745986640096],[113.56185823493206,39.14153745339677],[113.56191779144777,39.14132727459172],[113.56196840898191,39.141115679448575],[113.56201003003834,39.140902897987075],[113.56204261111962,39.140689163519426],[113.56206409298821,39.14049705808064],[113.5620782708889,39.14030454233031],[113.56208513246392,39.14011178404806],[113.5620846711659,39.13991895178485],[113.56207688850334,39.13972621301255],[113.5620617919251,39.13953373957386],[113.56197255518816,39.13930590327278],[113.56189206427393,39.13907610131391],[113.5618203888444,39.138844534812016],[113.56175759178855,39.13861140953194],[113.56170373031279,39.13837693406336],[113.56165885109097,39.13814131362343],[113.56162299399232,39.137904757179236],[113.56159619082845,39.13766747477368],[113.56157846416559,39.13742967665094],[113.56156983079146,39.13719157318013],[113.56157022199982,39.13699295572862],[113.56157029943729,39.13695337580611],[113.56157986602598,39.13671529355151],[113.56159852426727,39.136477538187265],[113.56162625743958,39.136240320811055],[113.56166304066859,39.13600385089657],[113.56170884214838,39.13576833806789],[113.56176361848748,39.13553399130129],[113.56182732385481,39.135301016022375],[113.56189990212047,39.135069620583046],[113.56198691299,39.13482497908856],[113.56208271813666,39.13458233878624],[113.5621872446374,39.1343418912796],[113.56230040795333,39.13410382662487],[113.56242211889517,39.13386833407837],[113.56255228121475,39.133635599447864],[113.56269079051529,39.1334058069178],[113.56283753996325,39.13317913712258],[113.56299241226625,39.132955769124365],[113.56315528432741,39.1327358812113],[113.56332602820518,39.132519645473124],[113.56350450899863,39.13230723325129],[113.56369058359434,39.132098812464875],[113.56388410759875,39.13189454745826],[113.56408492609545,39.13169459920458],[113.56429288183077,39.13149912782748],[113.56450781036384,39.13130828640405],[113.56472954026273,39.13112222636397],[113.56495789640715,39.130941092914235],[113.56519269906188,39.13076503136359],[113.56543376246006,39.13059417994935],[113.56568089836732,39.13042867246077],[113.5659339069695,39.13026864204217],[113.56619259047562,39.13011421368895],[113.56645674407095,39.129965509850315],[113.5667702584885,39.12994818074763],[113.56708428495118,39.12993788557215],[113.56739856145417,39.1299346345961],[113.567712826789,39.129938428170696],[113.56802682087019,39.129949265724626],[113.56834028559577,39.12996713763997],[113.56865296151177,39.12999202892794],[113.56896458662382,39.13002391835454],[113.56927490458216,39.130062780961865],[113.56958365755305,39.130108582821634],[113.56989059222401,39.13016128720692],[113.57019545036454,39.13022084939668],[113.5704979816652,39.13028721999494],[113.5707979356501,39.13036034510901],[113.57109506392166,39.13044016449879],[113.57138912125012,39.13052660975155],[113.57167986121387,39.13061961158249],[113.57196704405722,39.130719093357406],[113.57225043200337,39.130824969394766],[113.57252979076962,39.13093715483843],[113.57280488920696,39.131055555759275],[113.57298724533624,39.13113946489789],[113.57307549946341,39.131180073654306],[113.57334139586148,39.131310606371855],[113.5736023594208,39.13144704530992],[113.57385817333507,39.131589278217554],[113.57418353061635,39.131573720688905],[113.57450821014041,39.13155114919732],[113.57483196155864,39.13152158189116],[113.57515453699862,39.13148504136963],[113.57547568878654,39.13144155563366],[113.57579517175826,39.13139115803471],[113.57611273748293,39.131333887402484],[113.5764281446615,39.13126978781494],[113.5767411509411,39.13119890607751],[113.57705151555423,39.13112130067034],[113.5773590023257,39.1310370290737],[113.57766337181519,39.13094615424591],[113.57796439306799,39.13084874976631],[113.57826183275752,39.13074488746781],[113.57855546601054,39.13063464890436],[113.5788450645584,39.130518117508124],[113.57913040614419,39.130395382883904],[113.57941127333478,39.13026653993473],[113.5796874511118,39.13013168621342],[113.57995872472529,39.129990926472814],[113.5802248876171,39.12984436798731],[113.58048573574276,39.12969212338024],[113.58074106984944,39.12953430967256],[113.58061188330296,39.12924236549878],[113.58049056452782,39.1289483826939],[113.58037716428399,39.12865248713893],[113.58027173349261,39.12835480921275],[113.5801743173281,39.128055480320796],[113.58008495858579,39.12775463011854],[113.58000369553572,39.127452391061894],[113.57993056522459,39.127148893831226],[113.57986559670833,39.12684427198402],[113.57987153129258,39.1267062978266],[113.57988599876087,39.12656870655213],[113.57990896566892,39.1264318186003],[113.57994037886817,39.126295953044256],[113.57998016418672,39.126161423117],[113.58002823022424,39.12602854513309],[113.58008446558205,39.125897625942095],[113.5801487368488,39.12576897107849],[113.5802208964906,39.125642879183644],[113.5803007771081,39.125519643033584],[113.58038819146974,39.125399550439184],[113.58048293696874,39.125282879644665],[113.58058479225646,39.12516990210407],[113.58069352295301,39.12506088055387],[113.58080887352794,39.12495606829244],[113.58093057776341,39.12485571074963],[113.58105835043749,39.124760039367224],[113.58119189791861,39.1246692767679],[113.5813309053593,39.12458363433747],[113.58147505171425,39.12450331189232],[113.58162400158788,39.1244284960592],[113.58177740866694,39.124359359298744],[113.58193491588459,39.124296064404874],[113.58209615746779,39.12423875725515],[113.58226075794596,39.124187571335725],[113.58242833555066,39.124142625865026],[113.58278689793872,39.12392422113696],[113.58315091076616,39.12371135813335],[113.58352023377702,39.12350412096467],[113.58389472546746,39.123302591068445],[113.58427423605575,39.12310684466335],[113.5846586227301,39.122916958715315],[113.58504773565467,39.122733007645564],[113.58544142249127,39.1225550605288],[113.58583953097325,39.12238318824074],[113.58624190864182,39.12221745625947],[113.58664839492432,39.12205792934417],[113.58705883605272,39.12190466850243],[113.58747307136585,39.12175773579716],[113.5878909410992,39.12161718606868],[113.58831228202746,39.121483074236046],[113.58873693079818,39.1213554516209],[113.58916472406331,39.12123436954676],[113.58959549362774,39.12111987314307],[113.5900290736108,39.121012007489945],[113.59046529800376,39.12091081407029],[113.59090399380479,39.12081633272373],[113.59134499253724,39.12072860048983],[113.59178812325253,39.12064764996267],[113.5922332150052,39.12057351373878],[113.59268009322221,39.120506219995],[113.5931285867327,39.12044579503382],[113.5935785196486,39.12039226256365],[113.59394109192202,39.120287523068484],[113.59430041783142,39.12017619685992],[113.59465629603632,39.120058344288175],[113.59500853120778,39.119934031875744],[113.59535693148717,39.1198033260697],[113.59570130756246,39.11966629956625],[113.59604146557224,39.11952302696585],[113.59637722222205,39.11937358713807],[113.59670839204477,39.11921806260471],[113.59703479542084,39.119056537559864],[113.59735625059137,39.118889100749506],[113.59767258177745,39.118715846191016],[113.59798361663853,39.11853686692573],[113.59828918422667,39.118352262268864],[113.59858911594343,39.11816213238484],[113.59888324794939,39.117966580935],[113.59917141779806,39.11776571785433],[113.59931946819036,39.11771481336662],[113.59946369713735,39.11765763956776],[113.59960366819496,39.11759436921379],[113.59973895717032,39.117525193700814],[113.59986915446531,39.11745032391311],[113.59999386494458,39.11736998662343],[113.60011271140095,39.1172844244155],[113.60022533343354,39.11719389660928],[113.6003313897249,39.117098678309354],[113.60043055794165,39.116999057705144],[113.60052254054297,39.11689533684151],[113.60060705431835,39.116787830050974],[113.60068384652541,39.116676862692564],[113.60075268333877,39.116562771409534],[113.60081335559187,39.11644590310028],[113.6008656809212,39.11632661036751],[113.60090949927783,39.11620525522049],[113.60094467972493,39.11608220532088],[113.60097111235146,39.11595783416312],[113.60098872087822,39.115832518091146],[113.60099744998429,39.11570663748189],[113.60099727441461,39.11558057293958],[113.60098819439193,39.1154547062987],[113.60097023561624,39.115329420624114],[113.60094345596268,39.115205093757424],[113.60090793412874,39.115082103974125],[113.60075113667807,39.114779265119694],[113.60058584706515,39.114479180407486],[113.60041214350429,39.114181993946566],[113.6002301111021,39.11388784879028],[113.60003983720384,39.11359688613966],[113.59984141258144,39.11330924621764],[113.59963493374342,39.11302506821749],[113.59942049943653,39.112744489480555],[113.59919821516652,39.11246764269364],[113.59896818544348,39.11219466506791],[113.59873052368091,39.11192568460965],[113.59848534226347,39.11166083294978],[113.59823276030117,39.11140023616544],[113.59797289924084,39.111144021181865],[113.59770588497761,39.1108923103221],[113.59743184455515,39.11064522588347],[113.59715091174233,39.110402884609975],[113.59686322155564,39.1101654059196],[113.59656891227172,39.10993290375455],[113.59626812664844,39.10970548835517],[113.59596100740413,39.109483269062615],[113.59564770305857,39.109266355989874],[113.5950955187541,39.1090506872914],[113.59453958478812,39.10884094771897],[113.59398000535829,39.10863717632674],[113.5934168882221,39.10843941479304],[113.59285033862488,39.10824769945042],[113.59228046289714,39.108062064807996],[113.59170736970839,39.107882546225234],[113.59113116660242,39.10770917998909],[113.59055196204356,39.10754199606396],[113.58996986574653,39.10738102709015],[113.58938498732374,39.10722630301051],[113.58879743753934,39.10707785374432],[113.58820732593348,39.10693570743897],[113.58761476544228,39.106799890367434],[113.5870198666891,39.10667042885612],[113.58658339698258,39.10652346754291],[113.58615054352946,39.106370153631055],[113.58572145751928,39.10621054144046],[113.58529629247988,39.1060446861417],[113.5848751939814,39.105872646685974],[113.58445831336388,39.10569448189833],[113.58404579641793,39.10551025703258],[113.58363778770834,39.10532003557027],[113.58323443077134,39.10512388461959],[113.58283586920348,39.10492187308997],[113.58244224319684,39.10471407176901],[113.58205368844978,39.1045005551474],[113.58167034296478,39.10428139766607],[113.5812923436166,39.10405667469266],[113.58091982172947,39.10382646802289],[113.58055290740124,39.1035908576795],[113.58019173082225,39.1033499263858],[113.57983641996563,39.103103759616765],[113.57948709814593,39.10285244205064],[113.57914388890157,39.1025960646654],[113.57880691335643,39.102334715791336],[113.57847628929503,39.10206848743539],[113.57815213343918,39.101797474330134],[113.57783456022767,39.10152177215951],[113.57752368059573,39.10124147578463],[113.57721960339234,39.1009566864169],[113.5769224373619,39.10066750256828],[113.57663228444491,39.10037402650352],[113.57634924891822,39.100076361336114],[113.57607342937685,39.09977461300666],[113.57580492318948,39.09946888568142],[113.57554382441832,39.099159288102214],[113.57529022484286,39.09884592996142],[113.5750442127397,39.09852892012767],[113.57480587532329,39.09820837019414],[113.57457529755843,39.097884393604176],[113.57435255869592,39.097557105727695],[113.57413773897244,39.09722661740907],[113.57393091205077,39.09689304954326],[113.5737321502048,39.09655651675088],[113.57354152471235,39.09621713817629],[113.57335910222733,39.095875033064814],[113.57318494603291,39.09553032343666],[113.57301911808942,39.09518312683714],[113.57286167606102,39.09483356991079],[113.572712676224,39.09448177302729],[113.572572169175,39.09412785938204],[113.57244020675982,39.093771954842985],[113.57231682927326,39.09341418553151],[113.57212471469506,39.09286550794721],[113.57192478017274,39.09231853085189],[113.57171705026116,39.0917733212048],[113.57150155066695,39.09122994593834],[113.57127830831391,39.09068847375795],[113.57104735226854,39.09014896881759],[113.5708087095137,39.08961150161996],[113.57056241023146,39.08907613539136],[113.57030848591869,39.088542937830724],[113.57004696681602,39.08801197396182],[113.56977788672266,39.08748331143048],[113.56950127811608,39.08695701340771],[113.56921717475545,39.086433146637454],[113.56892561491671,39.0859117750613],[113.568825283171,39.08577447082473],[113.56871720472395,39.08564078556523],[113.56860159491838,39.08551098468663],[113.56847868377453,39.08538532426294],[113.56834871381145,39.0852640546889],[113.56821194331457,39.085147415204695],[113.56806864425513,39.08503564024611],[113.56791910074367,39.084928948671894],[113.56776360938916,39.08482755366244],[113.56760247907066,39.084731656421056],[113.5674360274735,39.08464144625046],[113.56726458808247,39.08455710220002],[113.56708849860335,39.08447879242065],[113.56690811013473,39.08440667216166],[113.56672378020812,39.084340883023785],[113.56653587413871,39.08428155833302],[113.56634476469944,39.084228814142264],[113.56615083116269,39.084182754655934],[113.56595445814612,39.084143472255676],[113.56575603432816,39.08411104392632],[113.56555595607529,39.084085535679144],[113.56535461801029,39.08406699735607],[113.56515242116015,39.0840554642515],[113.564949766127,39.084050959964486],[113.56474705417791,39.0840534945736],[113.56454468830246,39.08406306191191],[113.56434306757069,39.08407964329344],[113.56414259749239,39.08410320638461],[113.56394367147915,39.08413370381102],[113.56374668476509,39.0841710746521],[113.56355202869965,39.08421524636778],[113.56336009055265,39.08426612939933],[113.563171249157,39.08432362446946],[113.56298588045414,39.08438761615644],[113.5628043519169,39.08445797841978],[113.5626270235742,39.08453457097546],[113.56245424814173,39.08461724289504],[113.56228636742807,39.08470582908218],[113.5621237147745,39.08480015382117],[113.56196661274602,39.084900030827406],[113.56181537303365,39.08500526054763],[113.5616702966827,39.085115636458724],[113.56153167149036,39.08523093701943],[113.56139977120932,39.085350935594064],[113.56127485871853,39.08547539227734],[113.5611571816325,39.08560406029473],[113.56104697345576,39.08573668597677],[113.56094445226529,39.085873004285084],[113.56073040136478,39.08608483360526],[113.56052321607524,39.08630076779668],[113.56032302214857,39.08652067264822],[113.56012994752112,39.086744410298074],[113.55994411198702,39.08697184126163],[113.55976563290606,39.08720282250485],[113.55959461952811,39.08743721027058],[113.55943117988814,39.087674859026315],[113.55927541833418,39.08791561701564],[113.55912743011176,39.088159336283375],[113.5589873079662,39.088405863524656],[113.55885513999591,39.08865504463498],[113.55873101077421,39.08890672378481],[113.55861499326639,39.089160743597],[113.55850716614968,39.089416944766484],[113.55840759306123,39.08967516741637],[113.55831633757631,39.08993524986838],[113.55823345746698,39.09019702966956],[113.55815900236003,39.09046034274292],[113.55809302188459,39.09072502500974],[113.55806134793907,39.0909994548017],[113.55802095257158,39.09127318987474],[113.55797186298749,39.09154605851442],[113.55791410662108,39.091817895303386],[113.55784772011339,39.092088533719746],[113.55777274584838,39.09235780621313],[113.55768922627716,39.09262554703104],[113.55759721662025,39.092891591940024],[113.55749676982393,39.09315577765549],[113.55738794929499,39.0934179424627],[113.5572708230299,39.09367792364399],[113.55714546028081,39.09393556115439],[113.55701193736208,39.09419069839471],[113.55687033983,39.0944431785616],[113.55672075327747,39.09469284575012],[113.55656326910801,39.0949395448272],[113.55639798357635,39.09518312685622],[113.55622499861813,39.0954234400731],[113.55604442098812,39.09566033801051],[113.55585635982061,39.09589367594924],[113.55566093458319,39.09612330714139],[113.5554582615769,39.09634909301313],[113.55524846631404,39.096570893887375],[113.55503167906171,39.096788573584654],[113.55480803019006,39.09700199862455],[113.5545776605658,39.097211037997965],[113.55434070993904,39.097415561620764],[113.55409732403486,39.097615444681196],[113.55384765330088,39.09781056496585],[113.55359184825564,39.09800080206104],[113.5533300699145,39.098186038025084],[113.55306247721641,39.09836616126626],[113.55278923597037,39.09854105824173],[113.55251051225096,39.09871062260803],[113.55203883277036,39.09905009254353],[113.55156153313807,39.09938476113218],[113.55107869219206,39.09971457074346],[113.55059039355741,39.1000394681453],[113.55009671954745,39.10035939563211],[113.54959775033332,39.10067430004858],[113.5490935730531,39.10098412898816],[113.548584271418,39.10128883102056],[113.54806993251181,39.10158835194077],[113.54755064130836,39.10188264299413],[113.54702648737378,39.10217165442589],[113.54649755800203,39.10245533743239],[113.5459639405569,39.10273364501062],[113.54542572923957,39.10300652730739],[113.54488301155354,39.103273940920964],[113.54433587956211,39.10353584054992],[113.54403709178014,39.10364661112571],[113.54373452666364,39.10375097836345],[113.54342841485325,39.103848861549956],[113.54311898388555,39.103940189948176],[113.54280646248893,39.1040248936977],[113.54249108546183,39.104102910912964],[113.54217309113626,39.1041741814347],[113.54185271351933,39.10423865330563],[113.54153019368052,39.104296278018985],[113.54120577288653,39.10434701246971],[113.54087969260092,39.10439081895446],[113.54055219791623,39.10442766419618],[113.54022353184358,39.10445752126995],[113.53989394214508,39.104480366752206],[113.53956367225545,39.10449618542166],[113.5392329714823,39.104504964633485],[113.53898930537147,39.10461324942318],[113.53875033700774,39.10472771557014],[113.53851632429794,39.10484823950875],[113.53828752136722,39.10497468875139],[113.53806417532027,39.10510692826289],[113.53784652720266,39.10524481503592],[113.53763481209793,39.10538820079054],[113.53742925787571,39.105536929299404],[113.53723008766319,39.10569084083674],[113.53703751625109,39.105849768654146],[113.53685175250045,39.10601354162967],[113.53667299696804,39.10618198251824],[113.53650144200311,39.10635491065104],[113.53633727274097,39.106532137410944],[113.53618066957408,39.10671347068129],[113.5360317955117,39.106898716922146],[113.53589081674349,39.107087674418366],[113.53575788554032,39.10728013995584],[113.53563314246736,39.10747590607127],[113.5355167244363,39.10767475997625],[113.53540875787205,39.10787648640764],[113.53524991580106,39.10819668296102],[113.53508258478706,39.108514244303414],[113.5349068396853,39.10882903638615],[113.53472275400699,39.10914091978497],[113.53453040617826,39.10944976307251],[113.53432987915342,39.10975543201987],[113.53412125955037,39.110057797720735],[113.53390463498586,39.11035672674305],[113.53368010142532,39.110652092676766],[113.53344775477508,39.11094376731101],[113.53320769460566,39.11123162775787],[113.53296002148718,39.111515546604025],[113.53270484549397,39.111795403433405],[113.53237418806134,39.11202119344256],[113.53204966015036,39.11225231851547],[113.53173140384642,39.112488679253794],[113.5314195599252,39.1127301717852],[113.53111426214181,39.112976689688594],[113.530815646568,39.11322812649277],[113.53052384103533,39.11348437140283],[113.53023897572422,39.113745314473505],[113.52996117363321,39.11401083871078],[113.52969055674093,39.114280830745],[113.52942724330947,39.11455517008231],[113.52917134936118,39.11483373807828],[113.52892298620756,39.11511641348857],[113.52868226157194,39.11540307154388],[113.52844928202855,39.11569358749915],[113.52822414831725,39.115987834934096],[113.52800696111933,39.11628568562769],[113.52779781284246,39.116587006134004],[113.52759679724795,39.116891668380255],[113.5274040009462,39.117199538143595],[113.52721950708708,39.11751048127509],[113.52704339988412,39.11782436089968],[113.52687575543716,39.11814103941646],[113.52683377354437,39.11831230215605],[113.52680067641109,39.11848474195307],[113.52677651545243,39.11865808122216],[113.52676133265048,39.11883203717712],[113.52675515150504,39.11900632743055],[113.52675798168612,39.1191806707935],[113.52676981890477,39.11935478367599],[113.52679064391808,39.11952838461149],[113.52682042361958,39.119701192432125],[113.52685910985136,39.11987292539389],[113.52690663956425,39.120043305676155],[113.52696293590841,39.12021205755691],[113.52702790707744,39.12037890743793],[113.52710144865061,39.12054358469468],[113.52718344019111,39.120705823551354],[113.52727375086084,39.120865358456285],[113.52737223277832,39.121021932331516],[113.52747872660132,39.12117529104816],[113.52759306046791,39.12132518615152],[113.52771504765357,39.121471374011314],[113.52784449128836,39.1216136184214],[113.5279811819819,39.12175168885023],[113.52812489666798,39.12188536046618],[113.52827540447721,39.12201441671208],[113.52843245977331,39.12213864855585],[113.52859580911665,39.12225785524026],[113.52876518657905,39.12237184258369],[113.52894031849344,39.12248042647944],[113.52912091992393,39.12258343117148],[113.52930669813166,39.122680689179454],[113.52949735257499,39.12277204129876],[113.52969257391544,39.12285734112534],[113.52989204616753,39.12293645050614],[113.53025817370172,39.12309393647637],[113.53061993933875,39.12325742379955],[113.53097718216726,39.123426840362846],[113.53132974110963,39.12360210955573],[113.53167745845195,39.12378315199427],[113.53202017987633,39.12396988642093],[113.53235774990401,39.12416223160466],[113.53269001744604,39.12436009991614],[113.53301683480909,39.12456340185215],[113.53333805422952,39.12477204611083],[113.53365353371417,39.12498594126565],[113.53396312872773,39.125204989642235],[113.53426670172503,39.12542909521594],[113.53456411836271,39.125658154688466],[113.53485524204528,39.12589206661218],[113.5351399465044,39.12613072751394],[113.53541810065076,39.12637402862237],[113.53568958150845,39.12662186189032],[113.5359542659664,39.126874115671335],[113.53621203552872,39.12713067821852],[113.53646277612118,39.12739143228517],[113.53670637372818,39.12765626242423],[113.53694272228634,39.127925049412916],[113.53717171110526,39.128197674128806],[113.53739323856985,39.1284740127485],[113.53760720771322,39.12875394224732],[113.53781352143363,39.12903733600059],[113.53801208618701,39.129324070007094],[113.53820281394218,39.12961401294008],[113.53838561907055,39.12990703612126],[113.53856041930761,39.13020300809627],[113.53872713575312,39.13050179463468],[113.5388856942206,39.13080326410386],[113.5390360238559,39.13110728119508],[113.5391780571373,39.131413706923254],[113.53931172901135,39.131722406751116],[113.53943698119123,39.13203324148952],[113.53955375654185,39.1323460719227],[113.5396620025137,39.13266075783283],[113.53976166995542,39.13297715712523],[113.53985271443125,39.13329513030238],[113.53993509593002,39.13361453236524],[113.54000877569032,39.133935220987375],[113.54007372303626,39.134257053664314],[113.54012990597258,39.134579883415604],[113.5400904594801,39.135119339162706],[113.54004197927019,39.13565834884046],[113.53998447563673,39.13619681855597],[113.53991795560204,39.13673465988906],[113.53984243289557,39.1372717779672],[113.53975791800787,39.13780808429046],[113.53966442589079,39.13834348575676],[113.5395619715946,39.13887789196153],[113.53945057241735,39.139411210648035],[113.53933024928705,39.1399433539813],[113.53920102059605,39.14047422787564],[113.53906290846406,39.14100374536671],[113.53891593594197,39.14153181316395],[113.53876012746495,39.14205834424871],[113.53859550961998,39.142583247050695],[113.5384221113725,39.143106431747036],[113.53823996182,39.14362781211248],[113.5380490909921,39.14414729559563],[113.53784952921245,39.14466479774207],[113.5376413146384,39.14518022672031],[113.53742447991131,39.145693498022],[113.53719906210438,39.146204521637074],[113.53696509845612,39.146713212053136],[113.53672263192232,39.147219481830426],[113.53647169971666,39.14772324455339],[113.53621234608775,39.148224416353315],[113.53594461400333,39.148722909785704],[113.53566855121966,39.14921864180321],[113.53538420190112,39.14971152583299],[113.53509161500087,39.15020147969945],[113.53499084091659,39.15038407550998],[113.53488180695746,39.15056377014435],[113.53476464955608,39.150740338169825],[113.53463951683625,39.15091355750034],[113.5345065663017,39.15108320944691],[113.5343659648688,39.15124907961769],[113.534217891275,39.15141096056741],[113.5340625312948,39.15156864739882],[113.53390007899239,39.151721940437305],[113.53373074140946,39.15187064693019],[113.53355473159851,39.15201458029796],[113.53337226971419,39.152153558309514],[113.53318358773299,39.152287405681456],[113.53298892255131,39.15241595512893],[113.53278851813536,39.152539042816194],[113.53261684224114,39.15275924180262],[113.53245301965613,39.152983040478595],[113.5322971773097,39.153210267709895],[113.53214943282599,39.153440750762485],[113.5320098991466,39.153674315201805],[113.53187868218677,39.15391078404313],[113.5317558797114,39.15414997867645],[113.53164158701694,39.15439171604113],[113.53153589128128,39.15463581235089],[113.53143887156351,39.15488208309376],[113.53135060220633,39.15513034115684],[113.53127115062101,39.15538039957615],[113.5312005759377,39.155632066162454],[113.53113893391851,39.15588515149947],[113.53108626864096,39.15613946282069],[113.53104262302865,39.15639480738266],[113.53100802722845,39.156650990916404],[113.53098251023272,39.15690781917603],[113.53096609056794,39.157165096339774],[113.53095878223466,39.15742262938389],[113.53096058751414,39.157680221034305],[113.53097150875206,39.157937675814615],[113.53099153561173,39.15819479942241],[113.53102065303554,39.15845139495413],[113.53105884031453,39.158707269229176],[113.53110606742699,39.15896222746616],[113.53116229857008,39.15921607500734],[113.53122749225632,39.15946862001821],[113.53130159781338,39.15971967266312],[113.53142439256747,39.16018783024051],[113.5315561255312,39.160654513643294],[113.53169677110034,39.16111961712871],[113.53184629689387,39.16158303960238],[113.53200467158658,39.16204467724337],[113.53217185813499,39.16250442815449],[113.53234782177162,39.16296218948668],[113.53253252201041,39.16341786031474],[113.53272591839367,39.16387134061169],[113.53292796917468,39.16432252677472],[113.53313862820494,39.164771321599154],[113.53335785039066,39.16521762515417],[113.53358558600989,39.16566133760812],[113.53382178424478,39.16610236095292],[113.5340663954287,39.16654059715408],[113.53431936301907,39.16697595012651],[113.53458063152735,39.16740832105924],[113.53485014446557,39.16783761566471],[113.53512784068427,39.168263738855046],[113.53541366012006,39.16868659371656],[113.53570753833874,39.169106090634216],[113.53600941067434,39.169522133693135],[113.5363192103372,39.169934632427065],[113.53663686809058,39.1703434928201],[113.53696231600972,39.170748625329715],[113.53729548041613,39.171149941438635],[113.53763628524867,39.17154735087972],[113.53798465797291,39.171940765109525],[113.53914370358055,39.17275122949481],[113.54029804020888,39.17356576336672],[113.54144764764123,39.174384350194],[113.5425925011301,39.17520697624631],[113.54373257569732,39.17603362149476],[113.54486785002364,39.17686427123441],[113.54599830031175,39.17769890631186],[113.54614881440588,39.17798670195319],[113.54630759658869,39.178271794097455],[113.54647456649401,39.178554037675276],[113.54664964037991,39.17883329039164],[113.54683272762746,39.17910941190187],[113.54702373889879,39.179382265434555],[113.54722257656263,39.179651708995316],[113.5474291409949,39.179917609638174],[113.54764332781129,39.18017983091827],[113.54786502710088,39.18043824371547],[113.5480941310969,39.18069271435945],[113.54833052069236,39.18094311573139],[113.54857407796295,39.181189321586885],[113.54882468045118,39.181431208482145],[113.5490821998799,39.18166865220006],[113.54934650931716,39.18190153389743],[113.54961747267274,39.18212973763326],[113.54989495728634,39.18235314649112],[113.5501788179358,39.18257164833268],[113.55046891405009,39.1827851318188],[113.55076509946608,39.18299349113661],[113.55106722451337,39.18319661965016],[113.55137513620943,39.183394415299574],[113.55168868166328,39.18358677872545],[113.55200769876066,39.18377361167201],[113.55233202904542,39.1839548212077],[113.55266150827435,39.18413031452893],[113.55299597008144,39.18430000428327],[113.55333524700394,39.18446380494482],[113.55367916466868,39.18462163204111],[113.55402755242648,39.1847734082241],[113.5543802338417,39.18491905627427],[113.55473703138256,39.18505850079895],[113.55509776314805,39.18519167370765],[113.55546224835612,39.18531850598666],[113.55583030301219,39.18543893589915],[113.55620174305213,39.18555289991084],[113.55647006048393,39.18561404559198],[113.55674078819237,39.18566837629157],[113.5570136406007,39.18571583702645],[113.5572883288565,39.185756378291394],[113.55756456430085,39.185789955982884],[113.5578420563193,39.185816535949336],[113.5581205098341,39.18583608864269],[113.5583996324379,39.18584859436518],[113.55867912967126,39.18585404067154],[113.55895870727043,39.1858524205183],[113.55923807014199,39.185843735888696],[113.55951692229797,39.18582799599297],[113.55979497035791,39.18580521809189],[113.56007192232754,39.185775425722504],[113.56034748419579,39.1857386505739],[113.5606213668075,39.18569493053515],[113.56089328018051,39.185644312521674],[113.56116293690947,39.18558685059933],[113.56159671461809,39.185504484802635],[113.56203246696214,39.18542869128933],[113.56247002605987,39.18535949624465],[113.56290922872253,39.185296927554056],[113.56334990925511,39.185241007757156],[113.56379190189934,39.18519175759622],[113.56423503855373,39.185149196967],[113.56467915554731,39.18511334026679],[113.56512407996065,39.185084202099006],[113.56556964915093,39.18506179324105],[113.56601569344087,39.185046121926085],[113.56646204424477,39.185037194564636],[113.56690853284668,39.18503501397045],[113.56735499277804,39.185039581109145],[113.56780125403627,39.18505089522565],[113.56824714873477,39.18506895011751],[113.56869250783038,39.18509373961031],[113.56913716680616,39.18512525473065],[113.56986110634136,39.18545340713959],[113.57058090925837,39.185787033431126],[113.57129650264189,39.186126098367204],[113.57200782308456,39.18647057370564],[113.57271479885117,39.18682042508542],[113.57341736636133,39.18717561976778],[113.57411545737224,39.18753612421753],[113.57480900472709,39.1879019030755],[113.57549794592221,39.18827292178131],[113.57558581891402,39.18839708005632],[113.57568127825553,39.188517796908314],[113.5757841031714,39.18863479352571],[113.57589405573366,39.188747796879056],[113.57601087877897,39.188856546071435],[113.57613430145986,39.18896078591187],[113.57626403610448,39.1890602759907],[113.5763997826116,39.189154784278585],[113.57654122398992,39.18924409172831],[113.57668803326301,39.18932799122166],[113.5768398687785,39.18940628587228],[113.57699637556196,39.189478794399356],[113.57708782391062,39.18946109259113],[113.57717675650348,39.18943683988121],[113.57726239988675,39.189406247015754],[113.57734401046699,39.18936958171778],[113.57742087887394,39.189327161385826],[113.5774923369646,39.18927935473965],[113.57755776347354,39.18922657809238],[113.57761659068774,39.18916928799794],[113.5776683068906,39.189107984798696],[113.57771246280605,39.18904319897392],[113.57774867295173,39.1889754965128],[113.57777662548568,39.18890546338656],[113.57779607655561,39.18883370927555],[113.57780685568466,39.188760856642915],[113.57780887036247,39.18868753973227],[113.57780210455893,39.188614395595],[113.57778661393321,39.188542059693376],[113.57776253607486,39.188471161171194],[113.57773007864365,39.188402315011416],[113.57768952277176,39.188336120159995],[113.57764122392307,39.18827315140215],[113.57749574455889,39.18789364612501],[113.57734183982963,39.1875161597605],[113.57717955562273,39.18714080472916],[113.57700894125783,39.186767692473474],[113.57683004733845,39.186396938008315],[113.57664292889174,39.18602865084591],[113.57644764094066,39.185662940497245],[113.5762442431945,39.185299918169434],[113.57603279641572,39.18493969234344]]],[[[113.5996768877982,39.20723608783536],[113.60219294376284,39.20520698204032],[113.60389270255713,39.20346771319485],[113.60554364024725,39.2019010692299],[113.60685665131554,39.2001418189346],[113.60817632670175,39.19806788600238],[113.60899723891995,39.19696277143001],[113.60988023454092,39.19581116697362],[113.60977983123016,39.19472949766479],[113.61000827518019,39.193952373317266],[113.61205847138567,39.19226231782392],[113.61440214083844,39.189571201557264],[113.61487243236805,39.18838203035032],[113.61562655970694,39.186921160894016],[113.61589783328338,39.18645783326379],[113.6159899885945,39.18598849893591],[113.61628575313695,39.18504782472074],[113.61642088254163,39.18437709859483],[113.616459116481,39.183118685655685],[113.61662380375782,39.18227626506812],[113.61683030489493,39.181710006433796],[113.61711528030918,39.18033997658595],[113.61756759630732,39.17932906521161],[113.61868549441265,39.177445402868464],[113.61911115888599,39.17699774781842],[113.61936156214817,39.176272596437485],[113.62034686028954,39.173129056422546],[113.62073526842572,39.172048087349935],[113.62111212132328,39.17049464882653],[113.62077355779593,39.165661509950375],[113.62070384209122,39.1633838637442],[113.62030962428219,39.16040951992848],[113.62017843630582,39.15885416490257],[113.62020431877929,39.15806728007055],[113.62089662534171,39.15707770359829],[113.62099604362233,39.156816567456985],[113.62181386536358,39.15492873757236],[113.6221000743734,39.15373569236259],[113.62244951734114,39.15185591910153],[113.62242874741234,39.15081539857493],[113.62135960941545,39.15064698846084],[113.62079453584346,39.1505929891441],[113.62010645294514,39.15052269225649],[113.61990383630534,39.150670213969235],[113.61929619948468,39.150788721324126],[113.61896151751604,39.15100592844346],[113.61857861814896,39.15124327994912],[113.61837776076308,39.15143841528935],[113.61812798031585,39.15163464916451],[113.6179473462983,39.151714957235505],[113.61774048495573,39.151748199625295],[113.61750880877834,39.151772468725085],[113.61711530984113,39.15172412610006],[113.61675086094331,39.15179903112676],[113.6162686924288,39.152000482055406],[113.61598526987568,39.15194966285455],[113.61539466855423,39.15186761798298],[113.61492602400052,39.15177329956436],[113.61438681658844,39.15175681180693],[113.61411009374355,39.151886924889794],[113.6138606519923,39.15209267456285],[113.6134557343942,39.15239722065335],[113.61318112316685,39.15258447063178],[113.61296519683032,39.152703686298125],[113.61269576569683,39.15270019921564],[113.61219430055212,39.15271144747076],[113.61198919451596,39.15279229525304],[113.61179737527489,39.152901437500624],[113.61152064412963,39.15303154559247],[113.61130401022054,39.1531317119245],[113.6111334815353,39.15315459738568],[113.61092590779944,39.15316878154367],[113.61068269760631,39.1532123578397],[113.61034555045217,39.15332346656027],[113.60833799169951,39.15365437406264],[113.60681086542424,39.153736219049016],[113.604862673142,39.154018082171795],[113.60329369028607,39.15462502034941],[113.60145197967853,39.154475553311606],[113.60003836843117,39.15431650074707],[113.59832248635372,39.15425948400982],[113.59687049829957,39.15472076359129],[113.59542548875666,39.15537248719588],[113.59418317435012,39.156543882117745],[113.59426883002492,39.157209142991334],[113.59502374254663,39.15776418242704],[113.59523172759927,39.15842671567723],[113.59488927149546,39.1591015140495],[113.59517242608916,39.16014361162553],[113.59372904342618,39.16084293477466],[113.59252678494799,39.161441561907104],[113.59189770634472,39.16264693530443],[113.59199908918342,39.16374074080564],[113.59178240593774,39.16450804083476],[113.5910554130728,39.16471483785989],[113.58972549146216,39.165173312825964],[113.58915400798053,39.16628208084389],[113.58772440622526,39.167362262990096],[113.58633324423981,39.16782206147679],[113.58443701513175,39.16786415872683],[113.5829421069894,39.16706249877441],[113.58139037015809,39.166162542292255],[113.58016626915207,39.16533188013476],[113.58002882605581,39.16408398340918],[113.58052056120916,39.162464735595755],[113.58093619773447,39.16127606543478],[113.58017221523777,39.16047094479578],[113.57870060890437,39.159145370642804],[113.57652536382487,39.15740645076536],[113.57453630515391,39.1557348580588],[113.57251968959103,39.15456421349166],[113.57125653350136,39.15391302275402],[113.56990946216914,39.15347811599838],[113.56813790909774,39.15273088426876],[113.56764676761799,39.15184817882178],[113.5675199727699,39.15088595739353],[113.5668964499616,39.15014913327105],[113.56572385530502,39.14946014295378],[113.56544522726394,39.148108108770984],[113.56550971181628,39.14735611952552],[113.56649405801969,39.146655346538004],[113.56813734853436,39.14640467787259],[113.56816762715472,39.145975114227014],[113.56769082018323,39.145485246859295],[113.56688649408385,39.14482388979042],[113.5671789715896,39.14403113308986],[113.56822989459799,39.1439007414923],[113.569021629749,39.142954005919684],[113.56946984575988,39.142658189085196],[113.56998509155777,39.14168180431762],[113.56904321086053,39.14102349648277],[113.56832674867096,39.140252986290335],[113.56904750684203,39.13987967793471],[113.56930187805546,39.139302204942695],[113.56916729994317,39.138125707563546],[113.56984737077217,39.137896257913894],[113.5712849183368,39.137042480828896],[113.57121956439681,39.136507803663704],[113.57055158310456,39.13580771798714],[113.57089764048769,39.13522821813421],[113.57180565730769,39.13495798440528],[113.57294814732124,39.13482552992231],[113.57473520900469,39.13475030117325],[113.57853859348856,39.13459468751732],[113.58082743677575,39.134436774965764],[113.58217828809299,39.13372775267777],[113.5833626696563,39.13348704349408],[113.58388273799876,39.13390440410027],[113.58410272895088,39.134900280170584],[113.58429646447658,39.136432858643],[113.585273817906,39.13680432634863],[113.58685871011855,39.13682055542036],[113.58921535692451,39.13684723350254],[113.59178985542968,39.13696868487767],[113.59410753945342,39.13634523137568],[113.59626924008639,39.135224830981485],[113.59788718926293,39.13429522647949],[113.59849408793555,39.13379469126379],[113.59851138935845,39.133381197520826],[113.59874193244549,39.13299481483807],[113.59895011832953,39.132666116373194],[113.59910939302438,39.132338508902976],[113.59927076821059,39.132068039287475],[113.59958167422627,39.13187048147851],[113.59981851387434,39.13165551370753],[113.6001797257731,39.13149495513874],[113.60067794321587,39.131338755578454],[113.60087114210242,39.13083021965597],[113.6013811774159,39.130723521157186],[113.60180943294985,39.13038990286219],[113.60230824193532,39.12997845880403],[113.60300478004586,39.12961978020315],[113.60368878692316,39.12958543117764],[113.60446639655034,39.129434613729934],[113.60497220405016,39.12921362164252],[113.6055136971652,39.129296821364754],[113.60601190240538,39.12953348214852],[113.6065562091437,39.129692862048174],[113.60707325319125,39.129776600619664],[113.60738904588698,39.12971234666999],[113.60777679348229,39.12960835748478],[113.60807586192558,39.12975415697688],[113.60827922615066,39.12995928624214],[113.6087193964604,39.12994942850852],[113.6088710417332,39.13007946605631],[113.60914988076725,39.1303400882214],[113.60944965954424,39.130504930406445],[113.60979623714736,39.13061153844991],[113.61016797376583,39.130736643911135],[113.61036993958555,39.1309036753922],[113.61071507953976,39.131220611412324],[113.61351505787962,39.13248024690231],[113.61574638527598,39.13325220821279],[113.62002973547972,39.13490725719811],[113.62144039556566,39.13578530999796],[113.62379622655646,39.134406983503006],[113.6248277196205,39.13252520692552],[113.6253142567057,39.13079866971091],[113.62544458619351,39.12936608745208],[113.62682417545875,39.12697607205073],[113.627758483694,39.12495349716101],[113.62791406290741,39.121733286115806],[113.62959240521639,39.119979837831714],[113.63088000172878,39.1175918514919],[113.63122677653404,39.11458176478789],[113.63120948218788,39.111651380641305],[113.63127589623045,39.108504657365025],[113.63177321075862,39.10843044062883],[113.63201678567881,39.10840111097505],[113.6322572587685,39.10828845430672],[113.63239210653896,39.10821392533573],[113.63274815965352,39.10791995025219],[113.63277892850367,39.10751418822708],[113.63264251939357,39.107136031115495],[113.63263410002445,39.10690986135838],[113.63293257756604,39.10671249690512],[113.63319562185629,39.10638487999037],[113.63319671843033,39.10600361643356],[113.63300274308418,39.1057220717882],[113.63313513803257,39.10517104755763],[113.63323277786978,39.104918652719725],[113.63347013358914,39.10472266839653],[113.63386071016761,39.10453513335868],[113.63419150418696,39.10438468935611],[113.63454841790652,39.10411451654899],[113.63483978217155,39.10372668878201],[113.63504391373496,39.1034599705247],[113.63516589164603,39.10304023133731],[113.63514992620838,39.10261169764212],[113.63499646460392,39.10218627458451],[113.63530708864675,39.10190523378921],[113.63569631298806,39.10168198090326],[113.63598988067443,39.10135366909716],[113.63620528678607,39.10097947005236],[113.63627742890203,39.10045363267995],[113.63618329938143,39.09997921436779],[113.63584670337798,39.098988458438896],[113.63573899772217,39.098724027573326],[113.63579087911195,39.098475048622014],[113.63631938574198,39.09821528500079],[113.63658292833426,39.09806635706784],[113.63707547789997,39.097826465967024],[113.63767694711831,39.097555514175355],[113.63813211490702,39.09729740362359],[113.63846577947034,39.09706110510156],[113.63875887187493,39.09672088188955],[113.6389905018705,39.0963725212339],[113.63902943846847,39.096104771893295],[113.63896016548135,39.09588712857626],[113.63894190538075,39.09572551375944],[113.63935648704287,39.095363476941706],[113.63952771719426,39.09503554476754],[113.63950924304609,39.09454035191133],[113.6397203296441,39.09429729516837],[113.63992239263698,39.09414022113831],[113.64008353065613,39.093869702575425],[113.64007109400944,39.093536400489],[113.63994760922922,39.09317702074208],[113.63978924162554,39.09286608625511],[113.63963194128772,39.09258372113018],[113.63935968582432,39.09217052515785],[113.63911243982581,39.09200209352366],[113.63890142871355,39.09185288002882],[113.63887414705742,39.09177724989996],[113.63883358041288,39.091673327747245],[113.63880452322509,39.09155008268841],[113.63893340899688,39.09139656152954],[113.63883651634667,39.0910688372002],[113.63882382156342,39.09096070945462],[113.63882792648295,39.09082480068411],[113.63882259954818,39.090681955944866],[113.63878034572555,39.09053279972304],[113.6387739535967,39.090361386200236],[113.63874896557228,39.09018324603781],[113.63869728288665,39.090027155529],[113.63866605941287,39.089927787472924],[113.63856881901974,39.08977987636527],[113.63832387794207,39.08960671675802],[113.63818001569614,39.08943841582853],[113.63787715992648,39.08918793558166],[113.63773409829327,39.08904106107468],[113.63750908714498,39.08891033787129],[113.63726281968862,39.088701465277936],[113.63712029263426,39.08856887433655],[113.63695080515274,39.08845118981572],[113.6366851526649,39.08846710772426],[113.63657088192315,39.088388701230336],[113.63629495770299,39.08820432471348],[113.63599424212907,39.08801097679914],[113.63579959993672,39.08771038852164],[113.6356940419662,39.08750309337057],[113.6355636922363,39.08728682910325],[113.63547177193412,39.08711735065515],[113.63536221991443,39.086858043334665],[113.63523661302413,39.086755963852376],[113.63494210791693,39.08678566227758],[113.6345165866091,39.086983749741755],[113.63397070545489,39.08710331564732],[113.63347064519502,39.0872218416213],[113.63300201918477,39.08736348409684],[113.63284839149568,39.08734312746783],[113.63283864884971,39.08708124537447],[113.63284639439327,39.08687853689059],[113.63313128644339,39.08672913275379],[113.6333232058195,39.08654608929095],[113.63353128387443,39.086386508360434],[113.6335421281017,39.086267125722166],[113.63333072173843,39.08592640453896],[113.63318617157213,39.08573905130669],[113.63328290134862,39.08546284858983],[113.63339800430498,39.08526962739335],[113.63349872018144,39.08510055839932],[113.63361116436633,39.08483591472739],[113.63358570345608,39.084562473418266],[113.63345022826715,39.08420812255669],[113.63327901255349,39.083906440958266],[113.63323416819334,39.08378442274382],[113.63318444247201,39.08364912250949],[113.63295327173144,39.08337609586235],[113.63275936448075,39.0830945476701],[113.63256616832068,39.08283204443111],[113.63232480715187,39.082589691193206],[113.63213338459603,39.08237480054913],[113.63191646376013,39.082131894336236],[113.63163632779415,39.08183322945339],[113.63137443034411,39.08169617910739],[113.63105427465096,39.08163669091731],[113.63064965196415,39.08160770175161],[113.63030187531288,39.081463056122864],[113.62999075497876,39.08131758210334],[113.62973204652523,39.08126623494257],[113.62923038686489,39.081258492970704],[113.62870570597688,39.0812893936488],[113.62819005905902,39.08123430835715],[113.6279519000071,39.081077652486385],[113.62775814696204,39.08088186924374],[113.62740901585016,39.080618108528796],[113.62709055838243,39.080439433267],[113.62676187821788,39.08023239545903],[113.62654899435564,39.080180008141596],[113.62625204897353,39.08008662372487],[113.62576785747405,39.07989023562143],[113.62523705561468,39.07967345125726],[113.62466043979106,39.079457695448504],[113.6240568657499,39.0792568403084],[113.62356458035454,39.07908921815112],[113.62268971432019,39.078744350620234],[113.6224755158203,39.0786562436116],[113.62195739589787,39.07865928166235],[113.62103294348067,39.078597023900464],[113.62077930429737,39.078474217620034],[113.62010966808553,39.078222408132916],[113.61937166002019,39.0781055652052],[113.61894379379616,39.078439237176624],[113.61857465822855,39.079038456804504],[113.61817755787636,39.07954299378625],[113.61780066394277,39.079932702455174],[113.61754383534903,39.08026252689196],[113.61723813158633,39.08059344944143],[113.61622196127865,39.08145526856436],[113.61605749338833,39.08154100100954],[113.61498948835604,39.08242276724477],[113.61461877999275,39.08332451708025],[113.6144576575683,39.08392858790669],[113.614322638275,39.084246141578745],[113.61367652626656,39.08463234632614],[113.61315765418016,39.08498710108743],[113.61273727595808,39.085525500802476],[113.61231478243252,39.08600675947611],[113.61194885203462,39.08652963831021],[113.61170922693043,39.08677735417828],[113.61118219021132,39.08663260123167],[113.610906725208,39.086624476469574],[113.6103725450106,39.086564961982894],[113.60995149977138,39.08658869015354],[113.60938202816907,39.08705189057105],[113.60961283361955,39.08735399385067],[113.60981351054987,39.08782128547455],[113.61006338376221,39.088130213876966],[113.60998385314197,39.08846081621361],[113.60954446913006,39.088484953812035],[113.60912804977357,39.0881368650372],[113.60847808901764,39.087922670891544],[113.60803186283232,39.08776110107294],[113.60771499726837,39.08762522759173],[113.60712371809895,39.087509789074865],[113.60672047108002,39.087518810864516],[113.60659681524368,39.087149865519635],[113.60615428013348,39.08708828153124],[113.6056258832009,39.08718587776065],[113.60518597768579,39.087195713950905],[113.60429355026696,39.08687254644353],[113.60389917379868,39.08662402156814],[113.60342629104488,39.08673466467175],[113.60336400876423,39.08703628443219],[113.60296601480297,39.08718814121156],[113.60231870716302,39.08704533754173],[113.60180705936261,39.08709965278982],[113.60147765444512,39.08712130409531],[113.60107315164711,39.08721277427694],[113.5997067999171,39.08834039850555],[113.59791314938842,39.08945264659682],[113.59282947508443,39.08858685602881],[113.59053442317817,39.08818865643157],[113.58837397237262,39.08781376486249],[113.58740602481336,39.08764578748017],[113.58629307916895,39.0873484120887],[113.58450941554837,39.0870294727588],[113.58209708284403,39.08593922385635],[113.58097300694729,39.08529695124743],[113.57785723765346,39.08302127205643],[113.57450529741571,39.08092823391939],[113.57417339777305,39.08077530265858],[113.57376638684391,39.080587758787104],[113.57282006496911,39.08059964864009],[113.57209824763362,39.080390437694206],[113.57171131902822,39.08032502591353],[113.57132076494652,39.080258999393266],[113.57128309661363,39.080253571571824],[113.5712394569323,39.080247284863965],[113.57084197666029,39.08017950483595],[113.56983184761239,39.080084708978376],[113.56948567886356,39.08005361956842],[113.56865999909468,39.0799794607382],[113.568370841675,39.079953488266746],[113.56703883164816,39.07985357901539],[113.56580644103673,39.07972311813925],[113.56551989153755,39.07966629494934],[113.56455971554188,39.079475883849895],[113.56357968140327,39.079114700291946],[113.56301306742176,39.0786633643939],[113.5627535995413,39.077899073541005],[113.56272114909484,39.07699011754252],[113.56270091581125,39.076423280285454],[113.5623453367387,39.074778533680686],[113.56162313134918,39.073677689247525],[113.5611005529138,39.07300473275238],[113.5607371591256,39.072520877080464],[113.56059153163429,39.07232697296532],[113.55980779933054,39.07152015770533],[113.55922001824197,39.07097188645172],[113.55915694184623,39.07091304907086],[113.55843046662461,39.07041116498216],[113.55754825638545,39.069917512127496],[113.5573928451508,39.06983054781731],[113.55640828811406,39.0693793428293],[113.55547103684944,39.068918087151395],[113.55436263090152,39.068235426960584],[113.55391604062216,39.06794024697652],[113.55379541562733,39.067860517061646],[113.55312296409089,39.06741604178895],[113.55158927749943,39.06617666975621],[113.551560504287,39.06615341814473],[113.54994812947083,39.064585666713256],[113.5490299269609,39.06350703981904],[113.54853231048277,39.06281996903785],[113.54788710979254,39.062064076018125],[113.54743383409293,39.061556200077106],[113.54739436779974,39.06151197963624],[113.54693790335673,39.06108517228333],[113.54629650539871,39.06059485818361],[113.54560759187116,39.06012809367014],[113.54456120278704,39.059678135916876],[113.54352555181394,39.059329642308235],[113.54321657426124,39.05922566920611],[113.54225992100518,39.05884127586038],[113.54173364626708,39.05856006321339],[113.54123655090629,39.05828721773023],[113.54079281432479,39.057891628277794],[113.53988332666862,39.05715045493202],[113.53862181233914,39.05629536176434],[113.5379848573348,39.05588595875171],[113.53729485977782,39.05552723622561],[113.53589102574608,39.054825401861166],[113.53507025882782,39.05441505178477],[113.53475617224774,39.05426311084864],[113.53424807588,39.0540039835947],[113.53396070627943,39.053699527490146],[113.5337617926044,39.053163498894975],[113.53356559730551,39.052541855332564],[113.53336924487637,39.051915711842284],[113.53316477375019,39.051042081954385],[113.53308251966746,39.05009374789434],[113.53312266465443,39.04931837027844],[113.53307649976053,39.04857188493846],[113.5328019458316,39.04793843358084],[113.53231831961925,39.04741309107628],[113.53166551042916,39.04673832085957],[113.53147639572055,39.04599043532856],[113.53099221387588,39.04590845069731],[113.52785727293887,39.04537757000229],[113.52508895614704,39.044865700084905],[113.52119101923046,39.04352038987245],[113.51711510641816,39.04232176058227],[113.51433684014357,39.0415239087953],[113.51195537997945,39.04157525181326],[113.5097318163891,39.04090830438414],[113.50806796013167,39.04051520961938],[113.5058495112084,39.03999104384151],[113.50529490438394,39.039859996284534],[113.50325463532563,39.03918898320086],[113.50158581018067,39.03865293191857],[113.49918931677563,39.038275429099706],[113.49715417664116,39.03774716659951],[113.49494594037212,39.03750851073758],[113.49312417267404,39.03783342627345],[113.49110916483754,39.03787650529396],[113.48964370060142,39.037907813024326],[113.48781186825376,39.0379469218008],[113.48544049611888,39.03828344574225],[113.48269272175627,39.0383419987107],[113.47886080994844,39.03885245624428],[113.4757316597237,39.03849004665862],[113.47244323623744,39.03844332447665],[113.47173927883283,39.03817683085061],[113.47136543764897,39.037970303879064],[113.47114840115096,39.03787959141389],[113.47071349890916,39.03767435488912],[113.47019198664951,39.03761392234598],[113.46981356811727,39.0378372160049],[113.46873074958907,39.03749476243376],[113.46788094919621,39.0371855753605],[113.46743232965915,39.03733082855624],[113.46715755333935,39.03733664429495],[113.46659971595135,39.037110165117504],[113.46625642244913,39.036902973301785],[113.46591561752479,39.036767213469425],[113.46539328703652,39.03668294864725],[113.46465475844492,39.03653176606727],[113.46398308824634,39.03654596495577],[113.46367861035279,39.03657622820691],[113.46327840360708,39.03648937279804],[113.4626611773965,39.03631178805543],[113.46234925785495,39.03612774970074],[113.46191439271468,39.035922479959815],[113.46113679117893,39.035407764713405],[113.4600367538895,39.03524806624337],[113.45655632267601,39.03532145982484],[113.45438781795087,39.03622495768137],[113.450976460367,39.038298314910456],[113.4476503223586,39.03957267806265],[113.44596130105823,39.04111789592233],[113.44425140072816,39.042059621782535],[113.44255185079973,39.04330305939267],[113.44106771170445,39.04392113282551],[113.43919834370536,39.04475601413507],[113.4382353892309,39.04573626003137],[113.4371623243471,39.04652120909897],[113.43535474090184,39.04727383975422],[113.43359674347528,39.04769181042527],[113.43213591667582,39.04786527152906],[113.43074591811833,39.04764664582656],[113.42449313266017,39.047985366101614],[113.4227774968036,39.04808060866281],[113.4194225476224,39.04826943394651],[113.41854758478102,39.04905347907761],[113.41728289922129,39.04960393859531],[113.41637977219372,39.050003919640176],[113.4149847881206,39.05031877092975],[113.41339845514099,39.05039928202485],[113.41179590881147,39.050003537616625],[113.4102014793468,39.04984588966457],[113.40855832638,39.049081667945046],[113.4064997860852,39.04882625823599],[113.40540691392879,39.04903944407009],[113.40365190446818,39.04955221561145],[113.40293514942344,39.050043564266495],[113.4024658425813,39.051007341575385],[113.4013952396192,39.05140509240541],[113.3990857416403,39.05232361434792],[113.39884040041036,39.05235267191567],[113.39800617112384,39.05194610790812],[113.39750869200687,39.05169422789219],[113.39698712023272,39.05163346910615],[113.3965041394472,39.051810198866036],[113.39592149112933,39.05175069009268],[113.39558154232421,39.05163853446059],[113.39508729016192,39.05148189211234],[113.3945986743783,39.0514919308231],[113.3938311894255,39.05138855216748],[113.39327506358119,39.05120934363497],[113.39265947123926,39.05107900850828],[113.39198842878338,39.05111660973204],[113.39156410567352,39.051220629954415],[113.39111486471671,39.05149196065064],[113.39072669912115,39.05176203700637],[113.39043175322702,39.05207785679345],[113.38979055552262,39.05294271905526],[113.38925138847812,39.053143364279954],[113.38879940515683,39.053152627896395],[113.38833488529357,39.05315261553413],[113.38802917048075,39.05314934709812],[113.38778870684907,39.05326865084458],[113.38742544212087,39.05337140535998],[113.38711812210578,39.05332051194288],[113.3868439208332,39.05316409299462],[113.38668023153043,39.0530392364682],[113.38645164479811,39.053046326648705],[113.38293080277488,39.05285624215561],[113.37637081494665,39.051274125081626],[113.375441826951,39.051181988452164],[113.37528459455346,39.051177027614834],[113.37274103186073,39.05069388729095],[113.37173365286581,39.050726301617196],[113.3708565329796,39.05163175753174],[113.37067116491154,39.05179564739229],[113.37024367692119,39.05218118428328],[113.36985940600567,39.05257025487702],[113.36956515854754,39.052909836830054],[113.36954735747415,39.053291457026496],[113.36968225755373,39.053669972975214],[113.36975868622673,39.05389925817268],[113.36976784376807,39.054173101350905],[113.36982002524884,39.05436267005445],[113.36988986605577,39.05462336442656],[113.36983714665584,39.054874636447046],[113.3699660774687,39.05507455786709],[113.37000259191113,39.05525252997239],[113.36993818626337,39.05561126941702],[113.36978136086071,39.05594805775911],[113.36963940509497,39.056272630379425],[113.36952838821135,39.056608488007384],[113.36958694176779,39.05698855491296],[113.36971667243942,39.05721228939305],[113.36986287033697,39.05747143126372],[113.37018556884297,39.05776451859616],[113.37016725922439,39.05795341025832],[113.36940235331473,39.059756105979886],[113.36821487308663,39.06080486911135],[113.36663433360283,39.061429890975646],[113.36614459867533,39.06175266733097],[113.36391826101419,39.062107347174425],[113.36258563450953,39.06201522372298],[113.359733761261,39.061274737070256],[113.35672944951237,39.06008451681793],[113.35489254692699,39.05935653331157],[113.35466420319366,39.05950205457631],[113.35445227878732,39.060269092736945],[113.35341321304803,39.060786276624796],[113.3528856236463,39.061005428487526],[113.35290045196662,39.0614519162259],[113.35284287386996,39.062019008756494],[113.35270992421567,39.062617409318214],[113.35245847684097,39.06309905639271],[113.35216785707296,39.06355170945307],[113.35164715791332,39.06397921741533],[113.35166198000259,39.06442570532292],[113.35172288951985,39.06510954965939],[113.35173672446173,39.06552627160409],[113.35167716010605,39.06603383275941],[113.35161166583867,39.0663627978708],[113.3517380719375,39.06671767686781],[113.3525607358304,39.067101897339214],[113.35217496968306,39.06881439730314],[113.35141114712283,39.073428733141654],[113.35105445629173,39.07562960625945],[113.35084727372099,39.07670164961257],[113.3513366872725,39.078647452395586],[113.35213874967457,39.07952452256702],[113.35247971684713,39.080125269146336],[113.35297004581054,39.081080428665864],[113.35341456032185,39.08203651012803],[113.35349007496187,39.08292855651287],[113.35351976271401,39.08382152819803],[113.35345897946539,39.08475207001787],[113.35316785030524,39.085651519929705],[113.35294302378485,39.086869902519204],[113.35388000517747,39.08917795932569],[113.35392684847488,39.08933118305313],[113.35442376669121,39.090494466773656],[113.35549993728527,39.09089613167659],[113.35620749022202,39.09102479855341],[113.35707258637649,39.091293246343234],[113.35836548288805,39.09155303068937],[113.35897383889906,39.09165074492897],[113.35963656343819,39.092075356514165],[113.3600385672972,39.09221018646213],[113.36052906478756,39.092247908966094],[113.36110964405655,39.09223614704761],[113.36162831679373,39.09220180869443],[113.36202317056484,39.09212231972738],[113.3625378647319,39.09196891545262],[113.36299065031223,39.091792935246815],[113.3633501726985,39.09157118848232],[113.36379976986754,39.09129995635953],[113.36403792753414,39.090851494718265],[113.36424718525478,39.0907952900839],[113.36604482051918,39.09060391898065],[113.36686018253201,39.09138080718246],[113.36755845429262,39.09168830692847],[113.3684376801421,39.09192064040214],[113.36922524182317,39.092154829936085],[113.36996458174809,39.09231850954668],[113.37047953411162,39.09262972050734],[113.37108496583637,39.09290334509099],[113.371782072914,39.09317510060853],[113.37283748791599,39.09318935684981],[113.37299296103583,39.09372233226074],[113.37324489929148,39.09439631232315],[113.37359091433575,39.09513986069008],[113.37443635084246,39.09573026306887],[113.37537107783862,39.09624735384021],[113.37520571392034,39.0967868636866],[113.37518145931907,39.09743072709581],[113.37570366770674,39.09795622067461],[113.37680859052774,39.09807665979671],[113.37762648058121,39.09784551805355],[113.37835869456616,39.097794833443565],[113.37943219269471,39.09834480046831],[113.38027891711045,39.09897087409124],[113.38107621038105,39.099490724288025],[113.38214614796519,39.09993351128561],[113.38356434388716,39.09974511307694],[113.38400158592307,39.09992420248479],[113.38517971136287,39.10040048985101],[113.38575914299372,39.10142631162569],[113.38620143513427,39.10207253480525],[113.3868749489638,39.10277359182181],[113.38811747727664,39.1033438422275],[113.38893478190006,39.103773870587986],[113.38933288291176,39.104242276239795],[113.38954601349847,39.10489318482032],[113.38964654991115,39.1056059748136],[113.38993106517027,39.10610649211898],[113.39090424195406,39.106622665126935],[113.39130841065447,39.107269651644465],[113.39141702178281,39.10822055739572],[113.39167644060696,39.10910879386597],[113.39196501100909,39.10972836500817],[113.39236115445505,39.110137226876574],[113.39332231739104,39.110296201175224],[113.39454084311666,39.110152023611235],[113.39526370936485,39.11004780930824],[113.39640682521879,39.109934947897216],[113.3974765525692,39.10991294158856],[113.39790058633564,39.109609936177804],[113.39821870755246,39.10974635922915],[113.3986080204023,39.10995279971694],[113.39886178490929,39.10999523220004],[113.39938214294204,39.10978197740296],[113.39982628878721,39.10957624658141],[113.4002802070731,39.10942478077372],[113.40066125984029,39.10923100958365],[113.40105984490363,39.10907982706202],[113.40139762390169,39.10893942651888],[113.40188048888577,39.10874837747663],[113.40231412631815,39.10854881133152],[113.40285753438226,39.10869963852187],[113.4034659575179,39.108963498505865],[113.40397496157784,39.10918174975098],[113.4045335182292,39.10941803810862],[113.40479785854279,39.10968109310927],[113.40530494861568,39.11008400790737],[113.40668125607819,39.11071528914465],[113.4096464255444,39.11169014504759],[113.4131256456212,39.11216141838629],[113.41425704084297,39.112573216144405],[113.41472217537003,39.11287473649195],[113.41493944706306,39.11314664147009],[113.41520627419307,39.11343658071938],[113.41548337930116,39.11366911950518],[113.41574923562753,39.11393048285248],[113.41600221635684,39.11417305151281],[113.41653249203969,39.114295492437094],[113.41702446464107,39.11437106888264],[113.41754256793052,39.114456580329986],[113.41839390460481,39.114364096542786],[113.41905948663789,39.11450754603307],[113.41953018544389,39.114855194599855],[113.4198214071246,39.11532094681709],[113.42014589065069,39.115685926352285],[113.42067015365686,39.115989567670475],[113.42086577677938,39.1163429272195],[113.42102472272832,39.1166970476517],[113.4211474801992,39.11706621585766],[113.42110809761607,39.11747628103732],[113.42106630627178,39.11791142187364],[113.42133823403367,39.1183489761088],[113.42248400508066,39.119159145156026],[113.42318196489542,39.119442483907264],[113.42426508548287,39.11980715757098],[113.42541135953539,39.11978330009303],[113.42615431797351,39.11943857223562],[113.42627404852797,39.11924183320138],[113.42638977939622,39.11904879771819],[113.42655095175549,39.11884290087828],[113.4268500814071,39.11864604503786],[113.4270607792882,39.11854634377761],[113.4272900296464,39.11854156781297],[113.42745242338985,39.1183713860377],[113.42775277608933,39.11821024416194],[113.42811262277506,39.1180002059832],[113.42853891774016,39.11794366427506],[113.42911094192647,39.11812236540318],[113.42965158217368,39.11827788945862],[113.42997294094143,39.118283101240564],[113.43027287566977,39.11811004863313],[113.43056912751277,39.1178298433356],[113.43102475676996,39.11773693885458],[113.43156621786926,39.117916265588214],[113.43220306787505,39.11820082448614],[113.4328568435054,39.118532682000044],[113.43375597946972,39.11888324014557],[113.43442926702431,39.118893001309026],[113.43493484802268,39.11891817760784],[113.43545858217158,39.119026371301004],[113.43633602790021,39.11931839661568],[113.43738634154242,39.1194124571074],[113.43760613242144,39.119302642881976],[113.43785999923118,39.11912457644997],[113.43825202848569,39.118961490249134],[113.43876734812014,39.11882560629236],[113.43933200869203,39.118789957317354],[113.44010295204482,39.11897039545628],[113.44053663870471,39.11912810857333],[113.44116157475352,39.11928776939864],[113.44163167648058,39.1195024610853],[113.44436306515105,39.11960259386943],[113.44519229988694,39.11929172460974],[113.44562586969735,39.119091998445626],[113.44607993494868,39.11877746662],[113.44638332599928,39.11835172144986],[113.44666225801899,39.11792648825227],[113.4470191607957,39.117633055982594],[113.44770713436284,39.11771391609972],[113.44847440338302,39.117964669439424],[113.44912007388488,39.11823703573239],[113.44946901352034,39.11842032461663],[113.44981399454346,39.118489321073326],[113.45037046941732,39.11830605568025],[113.45088133797802,39.11821906071734],[113.45134924429702,39.118304528445904],[113.45211058651796,39.118383820437984],[113.45274107307444,39.11821804873793],[113.45315611037269,39.11819024765134],[113.45360485434456,39.11842861064165],[113.45383683007077,39.11876684855901],[113.45416463679663,39.11904588097904],[113.45495705725583,39.119315123102055],[113.45589355430266,39.119505071867586],[113.45677453159227,39.11950556032508],[113.4574929423117,39.11975728384208],[113.45840764826099,39.120023922685085],[113.45900645488307,39.12044152497058],[113.46090807567762,39.12069882401825],[113.46149053439245,39.12050877962616],[113.4621497821112,39.120466255481844],[113.4624248832523,39.12046044121934],[113.46293492004665,39.120349582328],[113.46337806704494,39.120425992959724],[113.46382519828813,39.120616693750925],[113.46433133623165,39.12092051896433],[113.46463872523012,39.12131432740164],[113.46484793932412,39.121524353905365],[113.46505416554845,39.12164866162447],[113.4653510997978,39.12174245591495],[113.46561234850034,39.1218655991511],[113.46576214253784,39.122214645728896],[113.46573790827739,39.12245500866561],[113.4659114447976,39.122694381821944],[113.46619452876034,39.12291713896576],[113.46636806800952,39.12315651133827],[113.46648808183582,39.123439906092926],[113.46705864057856,39.12348501308802],[113.4677620726133,39.123655972835195],[113.46815920183231,39.12399068432198],[113.46828421318367,39.12441693984171],[113.4684657461353,39.124884888789246],[113.46872613636502,39.12550842991231],[113.468887337897,39.12591962094106],[113.46908472635073,39.126315747984606],[113.4691929039148,39.126785250260035],[113.46916720001734,39.127100324792096],[113.4696565647007,39.1274473706988],[113.46980143185621,39.12791609536867],[113.46985509286662,39.12840104848483],[113.46992459808872,39.1288141818107],[113.46994007635837,39.129257054077],[113.47062622937675,39.129456956425535],[113.47097972659613,39.12959242646904],[113.47135656576667,39.129870369585554],[113.47151229766179,39.13012440729627],[113.47221680676945,39.1303239106562],[113.47288513462799,39.130538473595635],[113.47315192870374,39.130818746667785],[113.47348959619309,39.13102602963104],[113.47395266198392,39.13114486720742],[113.47447025919767,39.13124824786854],[113.4751856236793,39.131233049470154],[113.47574723853792,39.13102096082097],[113.4761611076355,39.13078341565482],[113.47632018370359,39.13060847335532],[113.47677497410879,39.13026215741605],[113.47695130590539,39.130110299454884],[113.47723910809297,39.12994214877444],[113.47777614586954,39.12990213397977],[113.47827161990696,39.13007268794306],[113.47875252874759,39.13017683007563],[113.47911082311064,39.13027404877803],[113.4794192022788,39.13034373528614],[113.48000549029533,39.1303121927965],[113.48045760026308,39.13029303619698],[113.48078909890364,39.13032410155901],[113.48109045765692,39.13019377886948],[113.48145897730598,39.13023358559686],[113.4820542936749,39.13045918252041],[113.48225195309308,39.13051215875808],[113.48265213941119,39.13040831873372],[113.48306823343864,39.13040898123914],[113.483438762052,39.13050592575208],[113.48387009720507,39.13059204171898],[113.4842687415289,39.13076488933526],[113.48462559237281,39.13079359469988],[113.48531744096255,39.13067971497675],[113.48581419364122,39.130712006116774],[113.48620038773663,39.13073235801312],[113.48674965319871,39.13069204081169],[113.48707780591262,39.13062784846796],[113.48760621309053,39.13051648896385],[113.48800722773679,39.13043644137191],[113.48831502359447,39.13031549346786],[113.48858562862061,39.13018104163767],[113.48905346727489,39.129913705627466],[113.4893042187466,39.12973678620392],[113.48953662700879,39.12956025915617],[113.48984189850296,39.129367877642224],[113.49022053458478,39.129173925291525],[113.49069339629588,39.12904944254674],[113.49126149160182,39.129022998319485],[113.49178010063572,39.12915487455105],[113.49192985784056,39.129237451439145],[113.49217182978042,39.12933235300868],[113.49257736781401,39.12938086338246],[113.49289119683654,39.12943133488878],[113.49307915165403,39.129555982981394],[113.4934148520554,39.129706061930236],[113.49380406862268,39.12981210505332],[113.49441540625176,39.1299705777021],[113.49467421172744,39.13002222253273],[113.49504458409966,39.13011436740115],[113.49537675990398,39.130164440087434],[113.49566872031299,39.130115294675896],[113.49616418412018,39.130234802941736],[113.49646127112857,39.130337068176345],[113.49675676571346,39.130387922077155],[113.49706347760528,39.13040994138264],[113.49748125202856,39.130458173152064],[113.49774039780483,39.130519334645314],[113.49816939312586,39.130538729051615],[113.49860074352334,39.13062478985834],[113.49876240355326,39.1306975716812],[113.49895906309034,39.13072194654138],[113.49927328995584,39.13061036270364],[113.49953523408298,39.130404587979214],[113.4998179271497,39.13009352562736],[113.49998103307009,39.1298612774677],[113.50013662646005,39.12976262639694],[113.50030040453612,39.129549425927635],[113.50045296515533,39.1293650602907],[113.50077300870207,39.12907225560768],[113.50103527873337,39.12887600230286],[113.50126255066824,39.12872815490867],[113.50155129654094,39.128588518748444],[113.50198508866418,39.12839811082379],[113.50234821037353,39.12828546866536],[113.50293078960952,39.127942888298215],[113.50342789366131,39.127814024685904],[113.5036559776467,39.12789518590599],[113.50396267988087,39.12791718822793],[113.50423303698496,39.12794950096565],[113.5045268361457,39.12795271572042],[113.50481827476025,39.12788926293037],[113.50532541833685,39.12769726547309],[113.50557713142284,39.127548885031445],[113.50583735832312,39.127295478278256],[113.50602691943777,39.127119839508204],[113.50637475963393,39.126921732640675],[113.5065660073143,39.126793713530866],[113.50684149393435,39.12662575633006],[113.50709286325694,39.126467848339075],[113.50729633523495,39.126339564068104],[113.50746805617011,39.12617860454383],[113.50760231854623,39.12608278570027],[113.50774524352822,39.12597248444823],[113.50792459608496,39.125854249123215],[113.50807694449865,39.125750892492526],[113.50821682733225,39.125554874280176],[113.50827671096422,39.12543206360073],[113.50838221135132,39.1252452464104],[113.50832621192585,39.12507993342984],[113.50844851171999,39.124905739901855],[113.50860647890566,39.124702183936556],[113.50882149356171,39.12455458685339],[113.50907572366813,39.12447762818109],[113.5094058517526,39.1244705175008],[113.50989017441074,39.124700772439276],[113.50992075540307,39.124689730808676],[113.51015668487115,39.1246045419335],[113.51079971258241,39.124372356758585],[113.51556580692345,39.12213932772815],[113.51811761013832,39.12112631889681],[113.51979829835615,39.12046357955963],[113.52014647121803,39.120538247601324],[113.52054127261437,39.120801343974264],[113.52088309786497,39.12112277195695],[113.52123154895118,39.12162991296852],[113.52146538357479,39.12201086282068],[113.5217552567958,39.12241919244788],[113.52193560566337,39.122844189884596],[113.52229172099062,39.123565609505],[113.52243081998581,39.12437750964011],[113.52269808188669,39.125014547563815],[113.5229122890813,39.12552511581499],[113.52306260114615,39.12613661806134],[113.52293474456873,39.126668363947225],[113.52306274776316,39.12704048349136],[113.52281855448808,39.12739842323347],[113.52260528590566,39.127988879862194],[113.52226733090549,39.12841112723118],[113.52199561365009,39.12868388135249],[113.52176261728742,39.12901298322387],[113.5215296176879,39.12934208560821],[113.5214399515025,39.129572773643154],[113.52133116065062,39.12995339456201],[113.52142245116485,39.13036840508933],[113.5214407165783,39.13088030769881],[113.52137151416301,39.13108434145781],[113.52110317970485,39.13128077127665],[113.52095839894015,39.131510269685975],[113.52085055744136,39.131917675207106],[113.52072530641209,39.132265888765716],[113.52063062559517,39.13261344160318],[113.52054953037369,39.13291304283386],[113.52037332562772,39.133548292174865],[113.52041790974266,39.13394048641117],[113.52037120634881,39.13434656948087],[113.52037709244046,39.134751752428365],[113.52028690750258,39.13531127424525],[113.52015748827935,39.135800160725616],[113.52010195022375,39.136301746235894],[113.52006475496857,39.13680293396451],[113.52011469094286,39.13717356785648],[113.52036334948659,39.137454121476004],[113.52035876617326,39.13784022964641],[113.52035877101754,39.138354909980464],[113.52024922073647,39.13888625639068],[113.5201386497911,39.139389032406115],[113.51971159431841,39.14079815254182],[113.51926677970226,39.141194975026046],[113.51909479439234,39.14173482026993],[113.51911814390081,39.142389577971116],[113.51925509082194,39.14301209586111],[113.51904700531195,39.143612290227146],[113.51879326750351,39.144004978511916],[113.51869134454952,39.144364598889716],[113.51875397514239,39.14504829355191],[113.51877520377315,39.14564352751678],[113.51848217467614,39.14600728006029],[113.51814774069798,39.14628257383995],[113.51762432020777,39.146621520192376],[113.51729518171075,39.14704561968529],[113.51692145496928,39.14729197269137],[113.51612834958756,39.14757717115194],[113.51564525168091,39.14797480709381],[113.51525247141556,39.14850273469486],[113.5149813109304,39.14913764302433],[113.51485081696835,39.14959795331713],[113.51456947518616,39.14994714814351],[113.51440637550071,39.150179415963386],[113.51438186651386,39.15086618359196],[113.51430232756628,39.15138258060069],[113.5142425014093,39.15176511572838],[113.51461686925254,39.15265295831908],[113.51463382673406,39.153129146253896],[113.51430829145892,39.153612729915075],[113.51390596887602,39.15400265782463],[113.5137673227471,39.15423439694077],[113.51393106200705,39.15470741869219],[113.5141471233124,39.15527462026731],[113.5143292278078,39.1555756847089],[113.51455958549778,39.15585664463119],[113.51486605189774,39.156212207783156],[113.51512494936509,39.1566069239992],[113.51519152326414,39.157101103415705],[113.51564818424391,39.157548733818345],[113.5163495062005,39.157892109908225],[113.51650129562675,39.15849428021323],[113.51719528835535,39.16021113967721],[113.51756598511109,39.161363829304186],[113.51758459820928,39.162243793281],[113.51748672135784,39.16293214697251],[113.51741263005822,39.16360092399144],[113.51753630743006,39.165008850991434],[113.51756008648623,39.16567551134483],[113.51758454703003,39.16636122110128],[113.51765250879971,39.16689349205215],[113.5175675462341,39.16725750990547],[113.51762599591116,39.167523116399835],[113.51785912512254,39.16788025753088],[113.51796447605997,39.16808766350354],[113.51785164674483,39.16835697290771],[113.51786252029034,39.168661732602146],[113.51799709943107,39.16900194066958],[113.51832743329037,39.169337917485194],[113.51863262306965,39.16965537380737],[113.51893713457501,39.169953782463566],[113.5191927089009,39.17025324888806],[113.51991368308417,39.17162168426533],[113.51994255388709,39.17270740284874],[113.51895169509028,39.17710717247764],[113.51854455328144,39.17866888417547],[113.5183933833146,39.17924872286318],[113.51909754816212,39.179976993902],[113.51957555021441,39.18050277354264],[113.5200968955624,39.18095613218953],[113.51975020753132,39.1815354970834],[113.51947743296981,39.18161288185347],[113.51920848320435,39.18179740778095],[113.51913966659502,39.1824422428024],[113.51915624858809,39.182906523079154],[113.5191779333281,39.18351365924534],[113.51915755557701,39.18422892802062],[113.51926591819037,39.184691223475205],[113.51919837637423,39.1853717716114],[113.51917544909364,39.186015613585134],[113.5189179637676,39.186521564314155],[113.51843866801444,39.187246760002644],[113.51807536238505,39.187361841429855],[113.51783816476393,39.18792185714183],[113.51780247424688,39.18820855957155],[113.51760276072133,39.188617947407046],[113.51748972905013,39.18888249463178],[113.51729638625864,39.18904155440817],[113.51690502296752,39.18922872150283],[113.51672655045468,39.18937554529757],[113.51661139126165,39.18958056862746],[113.51633900046443,39.19009874861144],[113.51608105632458,39.19059278944375],[113.51577806362094,39.191111630273966],[113.51548696811516,39.19153490248607],[113.51527150869634,39.19193271201043],[113.51517333922347,39.19218502234287],[113.51520859635355,39.19274421023295],[113.51520179151902,39.19298263335001],[113.51530844608546,39.193397311761686],[113.51525871827761,39.19372006014299],[113.51497738652952,39.19398824034287],[113.5145919340616,39.19434206477266],[113.51425067544984,39.19464727918063],[113.51386648924527,39.19503681658591],[113.51358642033871,39.19534070799735],[113.51306708098086,39.195804642987746],[113.51304836388924,39.19613863296097],[113.51292340124421,39.19649874499052],[113.51268752385445,39.19675402513956],[113.51227741159191,39.19684627085521],[113.51198884507474,39.19691206573475],[113.51173045325963,39.196965295362965],[113.51129728260962,39.19709172623517],[113.51010870439775,39.200593662001545],[113.51004987971932,39.200912965062436],[113.50995382579289,39.20148181579192],[113.50986636206696,39.202051503385725],[113.5097874987796,39.20262195199237],[113.50971724947958,39.20319308118427],[113.50965562202975,39.20376481335627],[113.51331774224023,39.20535447220093],[113.51475956011538,39.205588876148404],[113.51844676280002,39.20699840092751],[113.52040734127549,39.20829627552519],[113.52406281319509,39.20881277172893],[113.526114194239,39.20936102470551],[113.53291478624992,39.21010974757483],[113.53866908636017,39.210431180597226],[113.53940657905362,39.21053263486832],[113.54399283559393,39.21078649976142],[113.54679190483283,39.21163568759958],[113.54801555225144,39.21187149649574],[113.54816826712441,39.21190092552643],[113.54836652559428,39.21211873120908],[113.54860122709196,39.21225655866661],[113.54875812507905,39.21236034657807],[113.54886868676999,39.212453236109866],[113.5490701997224,39.212520305311955],[113.54927214494421,39.21259927912516],[113.54945620289611,39.21260716310885],[113.54968573743187,39.2126021364208],[113.54985406249024,39.21259844990086],[113.5500708811356,39.21266518302692],[113.55024092983342,39.212709113204546],[113.55054783798184,39.21272621695113],[113.5508088388527,39.212744326630656],[113.55093125669401,39.21274164437259],[113.55139075828448,39.212743488757134],[113.55169335543755,39.21264154779441],[113.55187698237742,39.212637522961046],[113.55212311224025,39.2126678691754],[113.55238325175367,39.21266216625039],[113.55256687864846,39.21265814032781],[113.55280912807005,39.21258134575147],[113.55316821624119,39.21234793752493],[113.55328672005646,39.21234533863029],[113.55361606806288,39.21211929226329],[113.55404148667756,39.212273153634534],[113.55440873908553,39.21226509631394],[113.55498943507001,39.21206173386389],[113.55525806170323,39.2120367770007],[113.55579462332744,39.2119678126294],[113.55640532348737,39.21191628184011],[113.55677257335857,39.21190821712875],[113.55704189091668,39.21190230224847],[113.55742878364448,39.21176037067255],[113.55796464902019,39.211672349456435],[113.55840188976987,39.211567432766266],[113.55891395940318,39.211498993179],[113.55925603111655,39.21147241189009],[113.55976533352035,39.21132778165736],[113.5600549782652,39.21120704172904],[113.56051600135876,39.21108253022262],[113.5607587539158,39.21102000544409],[113.56124841287215,39.21100923413672],[113.56173876405337,39.21101750769171],[113.56230989717838,39.2109731691806],[113.56272195037417,39.2108497285393],[113.56281295301845,39.21065710649706],[113.5628508348737,39.21035128174261],[113.56288455877919,39.209931178271866],[113.56302562212733,39.209605928134245],[113.56304231572093,39.20960030225758],[113.56351820186502,39.209439918383964],[113.5658025786801,39.20909175424233],[113.56768813546017,39.208305578889735],[113.57035497919081,39.20794889097683],[113.57153681517133,39.20761312940951],[113.57357152857425,39.20691540670621],[113.5760525591139,39.2068445935016],[113.57848176718139,39.206943313731166],[113.57871184047607,39.20699279273448],[113.58019294876703,39.20708337231141],[113.58268834355093,39.20848627482346],[113.5846492579657,39.20984380230865],[113.58582805212548,39.211507718054754],[113.58606935410103,39.21274137712776],[113.58655130214677,39.21385531838991],[113.58653750078562,39.21423297517112],[113.58698300066047,39.21618095975291],[113.5881489917114,39.2156520587727],[113.58948610238524,39.21440646657343],[113.59185163754151,39.212766930812215],[113.59535748683959,39.21015837181257],[113.5973162338334,39.208956684134414],[113.59795130249306,39.20882556188748],[113.59855971444087,39.20845712072944],[113.5996768877982,39.20723608783536]],[[113.55025785955483,39.07112426542038],[113.55227623854334,39.072633746693725],[113.55290779061865,39.07336334276583],[113.55313410671401,39.074044627285055],[113.55300264636392,39.07497679333465],[113.55274495428911,39.0759689119997],[113.55264189844115,39.07667170934523],[113.5526544743088,39.077529236238966],[113.552744999452,39.078513726467406],[113.55304052395628,39.07907912104798],[113.55351572903979,39.07954050005398],[113.55420492229274,39.080340308681535],[113.55475139518481,39.080742934497046],[113.55524031046505,39.08107533556197],[113.5562083533862,39.08146870770564],[113.55663249151351,39.08153088809395],[113.55815376770035,39.08149750084564],[113.56126704215174,39.08135762995691],[113.56350208480065,39.081279890007224],[113.56525279663184,39.08117920926906],[113.56691271364278,39.08142859091786],[113.56776340243898,39.082124681283766],[113.56903629336483,39.08350246445199],[113.57019568443988,39.085121014866345],[113.57065622997402,39.08601631033303],[113.57131738559156,39.08738373296205],[113.57195001420409,39.08796546383063],[113.57262099269627,39.08876079531118],[113.57336978751222,39.08917316074882],[113.57442929543188,39.089721621887605],[113.57516511357989,39.08977684631123],[113.57536597287599,39.089414990308],[113.57582532028432,39.08859469479597],[113.57573908988596,39.087905596480155],[113.57647423687925,39.08710302804148],[113.57725985699985,39.08684737717597],[113.57752526520208,39.0865794019881],[113.57830027537516,39.08687201634238],[113.57881249018011,39.08750403015997],[113.57960226967678,39.088201380977615],[113.58090849600528,39.090483742791136],[113.58141626552148,39.09183067359307],[113.5819983373875,39.092699402351634],[113.58234396824346,39.09295384703669],[113.58271928196064,39.09318380629331],[113.58355201300255,39.09337979378403],[113.58404432655293,39.09346418777262],[113.5846841829715,39.09340234025627],[113.58558769772209,39.093024879254486],[113.5862205879341,39.09277255672622],[113.58749418757817,39.092482177212005],[113.58803889431456,39.092327114160774],[113.58868221983366,39.09236047876468],[113.58939362037476,39.092582947202345],[113.59086790710683,39.0935985918709],[113.59322388402055,39.095309426581004],[113.59592659218639,39.098966352102735],[113.59704756170166,39.100347200534834],[113.5973103578742,39.100841722727026],[113.59792150706006,39.101662063136736],[113.5981223298334,39.10213413790005],[113.59947485510017,39.10482031362059],[113.60015338571402,39.106639896088346],[113.60077074981079,39.10762687527113],[113.60129733613537,39.108639704059385],[113.60187804470306,39.10946070206839],[113.60246051951071,39.11032931186025],[113.60330075019661,39.11238353628521],[113.60409481913776,39.114843853583935],[113.60420768106479,39.11624715529114],[113.60448111677375,39.11702735066709],[113.60470659341196,39.11816603124281],[113.60477312314687,39.11914147241869],[113.60444671846469,39.12024483549471],[113.60400230054991,39.120636012083544],[113.60280693727118,39.12140137864041],[113.60183765753489,39.121661305432525],[113.59993051505153,39.12220426369161],[113.59800671619561,39.12229483810487],[113.5956550083429,39.12239491693271],[113.59432153206912,39.122734379179306],[113.5933280145366,39.122912296962895],[113.59234618201022,39.12308811272842],[113.59098472855001,39.12349964207501],[113.58923899107931,39.12427711192153],[113.58703560240635,39.12508854750899],[113.58579982428273,39.125592536395104],[113.58481900720243,39.126376786258994],[113.58437444086788,39.12676789158497],[113.58403114545169,39.12741885084707],[113.58390355546223,39.12811268175618],[113.58397416721728,39.12920718305529],[113.58425005228372,39.13005885567007],[113.58505997675982,39.13188727792187],[113.58397984411606,39.131960484435936],[113.58156922697847,39.132299864538524],[113.57968883533157,39.133084942792756],[113.57793845801055,39.133409624624335],[113.57464734218988,39.1337683451415],[113.57002101232928,39.13375613502702],[113.56803592376691,39.13368554296894],[113.5678407382671,39.134376081056324],[113.56838547728557,39.135221864715504],[113.56915449495361,39.13617707308798],[113.56887763537229,39.13664066967408],[113.56748773938241,39.13678568498275],[113.56676232972768,39.137030417333364],[113.56700113090169,39.13753983165997],[113.56711187865065,39.13856674332959],[113.56646605285158,39.138981278302495],[113.56546164866243,39.139632453179665],[113.56556615192187,39.14048794551907],[113.56632481370849,39.141157467628354],[113.56702049788322,39.142114303721286],[113.56599945057091,39.14230835986917],[113.564320075427,39.14257408931476],[113.56332182225678,39.14339666902208],[113.56321031705461,39.14437128984204],[113.56361662196443,39.14544888593903],[113.56372318853909,39.1463615200486],[113.56367677253256,39.14710596130505],[113.56395708132499,39.14875819093548],[113.56431701466468,39.150580225287165],[113.56509861323794,39.15187829622001],[113.56506881685172,39.15307986196768],[113.56533673352415,39.15438924243249],[113.56645003979853,39.154707833010434],[113.56743111987856,39.155429627558],[113.5686766785779,39.155344978522244],[113.5701444860517,39.15531259694262],[113.57200005720404,39.15584349432529],[113.57331018152826,39.15753013682268],[113.57520708729497,39.16120530015077],[113.57601820656794,39.16330324262336],[113.57734109283938,39.165332668637795],[113.5790710598376,39.1664380870345],[113.58235055598735,39.16868605556007],[113.582160855543,39.16935743004598],[113.5818468770689,39.17165182583184],[113.58151153273998,39.17296487070818],[113.581204262869,39.17416795142091],[113.58084909524602,39.17701128703565],[113.58076583324754,39.178919326463976],[113.58045700860643,39.18135656722749],[113.58026868701356,39.184577440346146],[113.58050266112255,39.186788203538896],[113.58098575942131,39.18911257959567],[113.58148545534544,39.19188930581385],[113.58130615593858,39.1928463746237],[113.58069599319109,39.19290755485239],[113.58004564978026,39.1927075215375],[113.5782695078261,39.191865250544915],[113.5755091606989,39.190901763655596],[113.57250847434098,39.19006265559397],[113.56856117778547,39.1892920086008],[113.56470920322948,39.18861443891975],[113.56304069376014,39.18819845560473],[113.56032217133831,39.18837740002783],[113.55744807253684,39.18848821590135],[113.55636088372304,39.18805936782867],[113.55407193524445,39.18741859877421],[113.55286068538062,39.18694478254303],[113.55160248928419,39.18601926028362],[113.55044902113661,39.18544884362539],[113.54947568479847,39.1847791602274],[113.54903190085072,39.1843599797821],[113.54846919302203,39.18403871167096],[113.54648807739564,39.1834387084219],[113.54472715102261,39.18300065407482],[113.54346257957569,39.182742350647274],[113.5429602353352,39.18239590969283],[113.5408625613189,39.18110735618497],[113.53839933675917,39.179016594957965],[113.53676411813427,39.17781319490124],[113.53588278332417,39.17714138928067],[113.53517644362418,39.17622749216759],[113.53414627802933,39.17482025844092],[113.53218466954777,39.17219423471964],[113.5313284205058,39.170984979215056],[113.52892808027894,39.16759478211138],[113.52843261648597,39.16658095135821],[113.5281274972343,39.165753606535894],[113.52785211917676,39.16490178790092],[113.5277424591178,39.16440378757634],[113.5277449038967,39.16361742186735],[113.52719813339495,39.15945944439392],[113.5273454118541,39.15502429761519],[113.52777396288009,39.151607637044506],[113.5279428382051,39.15034110286075],[113.5281296085378,39.14957456228003],[113.52815411073254,39.14854943822846],[113.52831626530501,39.14795022659513],[113.52823369374794,39.14649852686715],[113.52774216848731,39.14131474849517],[113.52742412948683,39.13755686641557],[113.52733657477272,39.13659381166915],[113.5272727917674,39.13589220632862],[113.52725056149094,39.13441536741836],[113.52718226414979,39.13079502743391],[113.52720849245928,39.1298175191182],[113.52727550683733,39.12912506025964],[113.52735606120162,39.12795575103019],[113.52750873127133,39.1262368380445],[113.52729722843979,39.125455109848815],[113.52718764852042,39.12495710201246],[113.52689041190895,39.1243440274303],[113.52603689624613,39.12186061755688],[113.52583478351016,39.12134078784328],[113.52528794917274,39.12059015244499],[113.52508669765653,39.12009413092639],[113.524912612007,39.1195022085923],[113.5248387266252,39.119146392593194],[113.52482002024603,39.11862258575018],[113.52480981633884,39.1183368728355],[113.52435640867616,39.1176318634266],[113.52431819387898,39.11741824064782],[113.52432920454252,39.116869962182335],[113.52437247966242,39.11636863951858],[113.52441150384632,39.11574827065541],[113.52439535198937,39.11529589142525],[113.52399208149815,39.1151378337497],[113.52380260710856,39.115065312832485],[113.52281369586406,39.114686799174294],[113.52219309634243,39.11443813022612],[113.52100539517588,39.113725172680155],[113.5208058931185,39.11327676076266],[113.52021163024956,39.112908371840135],[113.51979989878114,39.11251220373362],[113.51927440812814,39.11235677266553],[113.51843397086007,39.11194604050376],[113.51738046053346,39.11156373554098],[113.51670217395692,39.11141159406929],[113.51494830774412,39.11111587585712],[113.51304164787128,39.11082342683887],[113.51067573701357,39.11051701719822],[113.50815703670013,39.110213846687415],[113.50573594516035,39.11007531871093],[113.50411366745743,39.11003871382938],[113.50279784688335,39.11001933110392],[113.50148960512144,39.110214223469605],[113.50006079343571,39.11045934272259],[113.49827532438852,39.11099802835488],[113.49457164928839,39.11265003252491],[113.49065972122932,39.11447316752073],[113.48780226250184,39.11584475745689],[113.48579631670837,39.117078973958314],[113.48483330619506,39.11752842066411],[113.48392472367894,39.117786075438545],[113.48212806780526,39.1180149909555],[113.48081793992358,39.1181620359864],[113.47923188162994,39.11829111089213],[113.47843384218729,39.11821277832392],[113.47821821487892,39.11816970907986],[113.47702282680758,39.11809981924743],[113.47367703008594,39.1177658306456],[113.46982890899406,39.11706114732728],[113.46707918307557,39.11655188353338],[113.46521092217742,39.11620583087066],[113.46269133261703,39.11587786817704],[113.46167855049335,39.11578013050183],[113.4597760809415,39.11560586022299],[113.45781331491517,39.11545665756019],[113.45602732867367,39.1151130715919],[113.45590487921672,39.115085762328825],[113.45485595311871,39.11485182234375],[113.45088919084046,39.11424431912067],[113.44796661559631,39.11375771629489],[113.44543152867854,39.1129769675973],[113.44273956354535,39.11208031229619],[113.44251870763036,39.11222314871437],[113.43901550203616,39.11096453841401],[113.43332269171376,39.10884967641218],[113.43037221023667,39.107541136019265],[113.42856686599022,39.1061788706439],[113.42643658399031,39.104257422846004],[113.42335495753136,39.101343024088195],[113.42134465170943,39.09956791008183],[113.4197566559028,39.097843563333235],[113.41936184820214,39.09743976015229],[113.41781581590789,39.095858445325995],[113.41554818608115,39.093254574697376],[113.4141865949773,39.09143609686235],[113.41333884235637,39.090113313547384],[113.41225993573882,39.08873573692567],[113.41189185760874,39.08802850548738],[113.41119391708041,39.08661324705629],[113.40980115992996,39.08387200944939],[113.40977216851103,39.083821971061674],[113.40894852243402,39.08240036366801],[113.40783973465977,39.08126164473034],[113.40703143014997,39.079967781405784],[113.40650969071004,39.07923391824822],[113.40606737167526,39.078587770281025],[113.40564908976893,39.077524127337036],[113.40538154410943,39.07639780056923],[113.40527989432043,39.075655260835575],[113.40498630760355,39.07488689633233],[113.40478021779711,39.074444365350175],[113.40437208996651,39.07367836242264],[113.40385648951504,39.07312307333085],[113.40334291755488,39.07262731105486],[113.40328655108537,39.07209233292104],[113.40373768700059,39.07187453054567],[113.40455369809746,39.072274695135015],[113.40640903422434,39.0740235333692],[113.4077565478858,39.07484657894195],[113.40904506488195,39.075520507313975],[113.41030155678779,39.07595664194641],[113.41304731536881,39.07690964148327],[113.4131657372803,39.07695074145853],[113.41467800783155,39.077191061593204],[113.41575213599093,39.07695434569106],[113.41723514883617,39.07633741836315],[113.41891145822511,39.07547341010142],[113.42090494397773,39.07423106670862],[113.42213046764715,39.07298450088785],[113.42452071429763,39.07055305499287],[113.4286766040765,39.066592036729325],[113.43050001718052,39.06468111798513],[113.43064817650793,39.06455632249675],[113.43345870293805,39.06218888920896],[113.436211037833,39.06010121691155],[113.43956483481266,39.058444100355956],[113.44288330081106,39.056830520759384],[113.44587638760353,39.05429436996996],[113.45007952633576,39.051761309833424],[113.45084910990757,39.05121614166804],[113.45252585914247,39.050923527823656],[113.45355388004755,39.05095908094137],[113.45560497326166,39.05088729467501],[113.45664586765412,39.051294271630795],[113.45800469735049,39.051880395240076],[113.4593581164563,39.05283833807949],[113.46055655664485,39.05355648762469],[113.46199718917767,39.05438388445713],[113.46340612174961,39.0548259160651],[113.46414240288637,39.05491151006149],[113.46579954932027,39.05510413814448],[113.46793696648822,39.05540202684133],[113.46908544463311,39.05573512732085],[113.4703037405585,39.0559666582954],[113.47094505440431,39.055953064485344],[113.47213207516207,39.055813518902525],[113.47377218314138,39.05552137602705],[113.47505230271031,39.0554227155308],[113.47619232353145,39.05551287701389],[113.47721008037348,39.05577718945505],[113.47823334082277,39.05619864163579],[113.47895944033239,39.056512031037016],[113.48057325228146,39.05756426205308],[113.48215827625633,39.05831684874325],[113.48290474268354,39.05868696584111],[113.48360705465564,39.05884356499636],[113.4843776561612,39.058855735601014],[113.4851680836103,39.058910368965236],[113.48643142320913,39.05885483120212],[113.48765209212294,39.058628628170496],[113.4891157297117,39.0580112059478],[113.491375522843,39.057090814911604],[113.49382474109811,39.05582320056506],[113.49555253994342,39.05489981224366],[113.49675347410955,39.05411635833832],[113.49737059064834,39.05341688693488],[113.49766645747816,39.05296734404859],[113.49804134246988,39.05215868390594],[113.49819333601756,39.05126901888175],[113.49833304965247,39.05055117993308],[113.49869330652179,39.04932822242302],[113.49903504696826,39.048620347508304],[113.50001750156659,39.04788443532888],[113.50160249702203,39.04707839769291],[113.50287282440748,39.046708002278756],[113.50493999666713,39.04657781570055],[113.50775058586586,39.046731833510584],[113.51086088967571,39.04706518902222],[113.51467803398133,39.047683447130275],[113.51673274368518,39.048234802934445],[113.51810903182323,39.04869023519142],[113.51963936310649,39.04919661566594],[113.52077790669213,39.04978880979876],[113.52241033340441,39.050637850642296],[113.52883906391463,39.05438251980405],[113.53077825823439,39.05562714250153],[113.53127034091358,39.05656957679054],[113.53198471099762,39.057745460793974],[113.53286786558425,39.05851259514461],[113.53544344789476,39.05960033709451],[113.53658843064588,39.06017160255305],[113.53855533730645,39.06115290094234],[113.54106083032181,39.06283774222605],[113.54187025041328,39.06324899528778],[113.54271961994502,39.06392147703038],[113.54399511212493,39.06539480135531],[113.54519148542387,39.066637099015914],[113.54599536821911,39.06747180698124],[113.54732351491229,39.06870566415857],[113.54861602463554,39.06979731599062],[113.55025785955483,39.07112426542038]]],[[[113.55025785955483,39.07112426542038],[113.55056799136132,39.07137490881356],[113.55015892117792,39.071050270303246],[113.55025785955483,39.07112426542038],[113.54861602463554,39.06979731599062],[113.54732351491229,39.06870566415857],[113.54599536821911,39.06747180698124],[113.54519148542387,39.066637099015914],[113.54399511212493,39.06539480135531],[113.54271961994502,39.06392147703038],[113.54187025041328,39.06324899528778],[113.54106083032181,39.06283774222605],[113.53855533730645,39.06115290094234],[113.53658843064588,39.06017160255305],[113.53544344789476,39.05960033709451],[113.53286786558425,39.05851259514461],[113.53198471099762,39.057745460793974],[113.53127034091358,39.05656957679054],[113.53077825823439,39.05562714250153],[113.52883906391463,39.05438251980405],[113.52241033340441,39.050637850642296],[113.52077790669213,39.04978880979876],[113.51963936310649,39.04919661566594],[113.51810903182323,39.04869023519142],[113.51673274368518,39.048234802934445],[113.51467803398133,39.047683447130275],[113.51086088967571,39.04706518902222],[113.50775058586586,39.046731833510584],[113.50493999666713,39.04657781570055],[113.50287282440748,39.046708002278756],[113.50160249702203,39.04707839769291],[113.50001750156659,39.04788443532888],[113.49903504696826,39.048620347508304],[113.49869330652179,39.04932822242302],[113.49833304965247,39.05055117993308],[113.49819333601756,39.05126901888175],[113.49804134246988,39.05215868390594],[113.49766645747816,39.05296734404859],[113.49737059064834,39.05341688693488],[113.49675347410955,39.05411635833832],[113.49555253994342,39.05489981224366],[113.49382474109811,39.05582320056506],[113.491375522843,39.057090814911604],[113.4891157297117,39.0580112059478],[113.48765209212294,39.058628628170496],[113.48643142320913,39.05885483120212],[113.4851680836103,39.058910368965236],[113.4843776561612,39.058855735601014],[113.48360705465564,39.05884356499636],[113.48290474268354,39.05868696584111],[113.48215827625633,39.05831684874325],[113.48057325228146,39.05756426205308],[113.47895944033239,39.056512031037016],[113.47823334082277,39.05619864163579],[113.47721008037348,39.05577718945505],[113.47619232353145,39.05551287701389],[113.47505230271031,39.0554227155308],[113.47377218314138,39.05552137602705],[113.47213207516207,39.055813518902525],[113.47094505440431,39.055953064485344],[113.4703037405585,39.0559666582954],[113.46908544463311,39.05573512732085],[113.46793696648822,39.05540202684133],[113.46579954932027,39.05510413814448],[113.46414240288637,39.05491151006149],[113.46340612174961,39.0548259160651],[113.46199718917767,39.05438388445713],[113.46055655664485,39.05355648762469],[113.4593581164563,39.05283833807949],[113.45800469735049,39.051880395240076],[113.45664586765412,39.051294271630795],[113.45560497326166,39.05088729467501],[113.45355388004755,39.05095908094137],[113.45252585914247,39.050923527823656],[113.45084910990757,39.05121614166804],[113.45007952633576,39.051761309833424],[113.44587638760353,39.05429436996996],[113.44288330081106,39.056830520759384],[113.43956483481266,39.058444100355956],[113.436211037833,39.06010121691155],[113.43345870293805,39.06218888920896],[113.43064817650793,39.06455632249675],[113.43050001718052,39.06468111798513],[113.4286766040765,39.066592036729325],[113.42452071429763,39.07055305499287],[113.42213046764715,39.07298450088785],[113.42090494397773,39.07423106670862],[113.41891145822511,39.07547341010142],[113.41723514883617,39.07633741836315],[113.41575213599093,39.07695434569106],[113.41467800783155,39.077191061593204],[113.4131657372803,39.07695074145853],[113.41304731536881,39.07690964148327],[113.41030155678779,39.07595664194641],[113.40904506488195,39.075520507313975],[113.4077565478858,39.07484657894195],[113.40640903422434,39.0740235333692],[113.40455369809746,39.072274695135015],[113.40373768700059,39.07187453054567],[113.40328655108537,39.07209233292104],[113.40334291755488,39.07262731105486],[113.40385648951504,39.07312307333085],[113.40437208996651,39.07367836242264],[113.40478021779711,39.074444365350175],[113.40498630760355,39.07488689633233],[113.40527989432043,39.075655260835575],[113.40538154410943,39.07639780056923],[113.40564908976893,39.077524127337036],[113.40606737167526,39.078587770281025],[113.40650969071004,39.07923391824822],[113.40703143014997,39.079967781405784],[113.40783973465977,39.08126164473034],[113.40894852243402,39.08240036366801],[113.40977216851103,39.083821971061674],[113.40980115992996,39.08387200944939],[113.41119391708041,39.08661324705629],[113.41189185760874,39.08802850548738],[113.41225993573882,39.08873573692567],[113.41333884235637,39.090113313547384],[113.4141865949773,39.09143609686235],[113.41554818608115,39.093254574697376],[113.41781581590789,39.095858445325995],[113.41936184820214,39.09743976015229],[113.4197566559028,39.097843563333235],[113.42134465170943,39.09956791008183],[113.42335495753136,39.101343024088195],[113.42643658399031,39.104257422846004],[113.42856686599022,39.1061788706439],[113.43037221023667,39.107541136019265],[113.43332269171376,39.10884967641218],[113.43901550203616,39.11096453841401],[113.44251870763036,39.11222314871437],[113.44273956354535,39.11208031229619],[113.44543152867854,39.1129769675973],[113.44796661559631,39.11375771629489],[113.45088919084046,39.11424431912067],[113.45485595311871,39.11485182234375],[113.45590487921672,39.115085762328825],[113.45602732867367,39.1151130715919],[113.45781331491517,39.11545665756019],[113.4597760809415,39.11560586022299],[113.46167855049335,39.11578013050183],[113.46269133261703,39.11587786817704],[113.46521092217742,39.11620583087066],[113.46707918307557,39.11655188353338],[113.46982890899406,39.11706114732728],[113.47367703008594,39.1177658306456],[113.47702282680758,39.11809981924743],[113.47821821487892,39.11816970907986],[113.47843384218729,39.11821277832392],[113.47923188162994,39.11829111089213],[113.48081793992358,39.1181620359864],[113.48212806780526,39.1180149909555],[113.48392472367894,39.117786075438545],[113.48483330619506,39.11752842066411],[113.48579631670837,39.117078973958314],[113.48780226250184,39.11584475745689],[113.49065972122932,39.11447316752073],[113.49457164928839,39.11265003252491],[113.49827532438852,39.11099802835488],[113.50006079343571,39.11045934272259],[113.50148960512144,39.110214223469605],[113.50279784688335,39.11001933110392],[113.50411366745743,39.11003871382938],[113.50573594516035,39.11007531871093],[113.50815703670013,39.110213846687415],[113.51067573701357,39.11051701719822],[113.51304164787128,39.11082342683887],[113.51494830774412,39.11111587585712],[113.51670217395692,39.11141159406929],[113.51738046053346,39.11156373554098],[113.51843397086007,39.11194604050376],[113.51927440812814,39.11235677266553],[113.51979989878114,39.11251220373362],[113.52021163024956,39.112908371840135],[113.5208058931185,39.11327676076266],[113.52100539517588,39.113725172680155],[113.52219309634243,39.11443813022612],[113.52281369586406,39.114686799174294],[113.52380260710856,39.115065312832485],[113.52399208149815,39.1151378337497],[113.52439535198937,39.11529589142525],[113.52441150384632,39.11574827065541],[113.52437247966242,39.11636863951858],[113.52432920454252,39.116869962182335],[113.52431819387898,39.11741824064782],[113.52435640867616,39.1176318634266],[113.52480981633884,39.1183368728355],[113.52482002024603,39.11862258575018],[113.5248387266252,39.119146392593194],[113.524912612007,39.1195022085923],[113.52508669765653,39.12009413092639],[113.52528794917274,39.12059015244499],[113.52583478351016,39.12134078784328],[113.52603689624613,39.12186061755688],[113.52689041190895,39.1243440274303],[113.52718764852042,39.12495710201246],[113.52729722843979,39.125455109848815],[113.52750873127133,39.1262368380445],[113.52735606120162,39.12795575103019],[113.52727550683733,39.12912506025964],[113.52720849245928,39.1298175191182],[113.52718226414979,39.13079502743391],[113.52725056149094,39.13441536741836],[113.5272727917674,39.13589220632862],[113.52733657477272,39.13659381166915],[113.52742412948683,39.13755686641557],[113.52774216848731,39.14131474849517],[113.52823369374794,39.14649852686715],[113.52831626530501,39.14795022659513],[113.52815411073254,39.14854943822846],[113.5281296085378,39.14957456228003],[113.5279428382051,39.15034110286075],[113.52777396288009,39.151607637044506],[113.5273454118541,39.15502429761519],[113.52719813339495,39.15945944439392],[113.5277449038967,39.16361742186735],[113.5277424591178,39.16440378757634],[113.52785211917676,39.16490178790092],[113.5281274972343,39.165753606535894],[113.52843261648597,39.16658095135821],[113.52892808027894,39.16759478211138],[113.5313284205058,39.170984979215056],[113.53218466954777,39.17219423471964],[113.53414627802933,39.17482025844092],[113.53517644362418,39.17622749216759],[113.53588278332417,39.17714138928067],[113.53676411813427,39.17781319490124],[113.53839933675917,39.179016594957965],[113.5408625613189,39.18110735618497],[113.5429602353352,39.18239590969283],[113.54346257957569,39.182742350647274],[113.54472715102261,39.18300065407482],[113.54648807739564,39.1834387084219],[113.54846919302203,39.18403871167096],[113.54903190085072,39.1843599797821],[113.54947568479847,39.1847791602274],[113.55044902113661,39.18544884362539],[113.55160248928419,39.18601926028362],[113.55286068538062,39.18694478254303],[113.55407193524445,39.18741859877421],[113.55636088372304,39.18805936782867],[113.55744807253684,39.18848821590135],[113.56032217133831,39.18837740002783],[113.56304069376014,39.18819845560473],[113.56470920322948,39.18861443891975],[113.56856117778547,39.1892920086008],[113.57250847434098,39.19006265559397],[113.5755091606989,39.190901763655596],[113.5782695078261,39.191865250544915],[113.58004564978026,39.1927075215375],[113.58069599319109,39.19290755485239],[113.58130615593858,39.1928463746237],[113.58148545534544,39.19188930581385],[113.58098575942131,39.18911257959567],[113.58050266112255,39.186788203538896],[113.58026868701356,39.184577440346146],[113.58045700860643,39.18135656722749],[113.58076583324754,39.178919326463976],[113.58084909524602,39.17701128703565],[113.581204262869,39.17416795142091],[113.58151153273998,39.17296487070818],[113.5818468770689,39.17165182583184],[113.582160855543,39.16935743004598],[113.58235055598735,39.16868605556007],[113.5790710598376,39.1664380870345],[113.57734109283938,39.165332668637795],[113.57601820656794,39.16330324262336],[113.57520708729497,39.16120530015077],[113.57331018152826,39.15753013682268],[113.57200005720404,39.15584349432529],[113.5701444860517,39.15531259694262],[113.5686766785779,39.155344978522244],[113.56743111987856,39.155429627558],[113.56645003979853,39.154707833010434],[113.56533673352415,39.15438924243249],[113.56506881685172,39.15307986196768],[113.56509861323794,39.15187829622001],[113.56431701466468,39.150580225287165],[113.56395708132499,39.14875819093548],[113.56367677253256,39.14710596130505],[113.56372318853909,39.1463615200486],[113.56361662196443,39.14544888593903],[113.56321031705461,39.14437128984204],[113.56332182225678,39.14339666902208],[113.564320075427,39.14257408931476],[113.56599945057091,39.14230835986917],[113.56702049788322,39.142114303721286],[113.56632481370849,39.141157467628354],[113.56556615192187,39.14048794551907],[113.56546164866243,39.139632453179665],[113.56646605285158,39.138981278302495],[113.56711187865065,39.13856674332959],[113.56700113090169,39.13753983165997],[113.56676232972768,39.137030417333364],[113.56748773938241,39.13678568498275],[113.56887763537229,39.13664066967408],[113.56915449495361,39.13617707308798],[113.56838547728557,39.135221864715504],[113.5678407382671,39.134376081056324],[113.56803592376691,39.13368554296894],[113.57002101232928,39.13375613502702],[113.57464734218988,39.1337683451415],[113.57793845801055,39.133409624624335],[113.57968883533157,39.133084942792756],[113.58156922697847,39.132299864538524],[113.58397984411606,39.131960484435936],[113.58505997675982,39.13188727792187],[113.58425005228372,39.13005885567007],[113.58397416721728,39.12920718305529],[113.58390355546223,39.12811268175618],[113.58403114545169,39.12741885084707],[113.58437444086788,39.12676789158497],[113.58481900720243,39.126376786258994],[113.58579982428273,39.125592536395104],[113.58703560240635,39.12508854750899],[113.58923899107931,39.12427711192153],[113.59098472855001,39.12349964207501],[113.59234618201022,39.12308811272842],[113.5933280145366,39.122912296962895],[113.59432153206912,39.122734379179306],[113.5956550083429,39.12239491693271],[113.59800671619561,39.12229483810487],[113.59993051505153,39.12220426369161],[113.60183765753489,39.121661305432525],[113.60280693727118,39.12140137864041],[113.60400230054991,39.120636012083544],[113.60444671846469,39.12024483549471],[113.60477312314687,39.11914147241869],[113.60470659341196,39.11816603124281],[113.60448111677375,39.11702735066709],[113.60420768106479,39.11624715529114],[113.60409481913776,39.114843853583935],[113.60330075019661,39.11238353628521],[113.60246051951071,39.11032931186025],[113.60187804470306,39.10946070206839],[113.60129733613537,39.108639704059385],[113.60077074981079,39.10762687527113],[113.60015338571402,39.106639896088346],[113.59947485510017,39.10482031362059],[113.5981223298334,39.10213413790005],[113.59792150706006,39.101662063136736],[113.5973103578742,39.100841722727026],[113.59704756170166,39.100347200534834],[113.59592659218639,39.098966352102735],[113.59322388402055,39.095309426581004],[113.59086790710683,39.0935985918709],[113.58939362037476,39.092582947202345],[113.58868221983366,39.09236047876468],[113.58803889431456,39.092327114160774],[113.58749418757817,39.092482177212005],[113.5862205879341,39.09277255672622],[113.58558769772209,39.093024879254486],[113.5846841829715,39.09340234025627],[113.58404432655293,39.09346418777262],[113.58355201300255,39.09337979378403],[113.58271928196064,39.09318380629331],[113.58234396824346,39.09295384703669],[113.5819983373875,39.092699402351634],[113.58141626552148,39.09183067359307],[113.58090849600528,39.090483742791136],[113.57960226967678,39.088201380977615],[113.57881249018011,39.08750403015997],[113.57830027537516,39.08687201634238],[113.57752526520208,39.0865794019881],[113.57725985699985,39.08684737717597],[113.57647423687925,39.08710302804148],[113.57573908988596,39.087905596480155],[113.57582532028432,39.08859469479597],[113.57536597287599,39.089414990308],[113.57516511357989,39.08977684631123],[113.57442929543188,39.089721621887605],[113.57336978751222,39.08917316074882],[113.57262099269627,39.08876079531118],[113.57195001420409,39.08796546383063],[113.57131738559156,39.08738373296205],[113.57065622997402,39.08601631033303],[113.57019568443988,39.085121014866345],[113.56903629336483,39.08350246445199],[113.56776340243898,39.082124681283766],[113.56691271364278,39.08142859091786],[113.56525279663184,39.08117920926906],[113.56350208480065,39.081279890007224],[113.56126704215174,39.08135762995691],[113.55815376770035,39.08149750084564],[113.55663249151351,39.08153088809395],[113.5562083533862,39.08146870770564],[113.55524031046505,39.08107533556197],[113.55475139518481,39.080742934497046],[113.55420492229274,39.080340308681535],[113.55351572903979,39.07954050005398],[113.55304052395628,39.07907912104798],[113.552744999452,39.078513726467406],[113.5526544743088,39.077529236238966],[113.55264189844115,39.07667170934523],[113.55274495428911,39.0759689119997],[113.55300264636392,39.07497679333465],[113.55313410671401,39.074044627285055],[113.55290779061865,39.07336334276583],[113.55227623854334,39.072633746693725],[113.55025785955483,39.07112426542038]],[[113.50333616953375,39.1077079653676],[113.50300255318596,39.10772566791299],[113.50266964979448,39.10775019590545],[113.50233768639202,39.10778153276849],[113.5020068967519,39.1078196563799],[113.50167750759164,39.10786454116931],[113.50134974540812,39.10791615526941],[113.50102383660504,39.10797446411564],[113.50070000848929,39.108039425921824],[113.50037848253179,39.10811099722823],[113.50005948226224,39.10818912732856],[113.49974322649825,39.108273762918095],[113.49942993618035,39.10836484524528],[113.49911982516377,39.108462311209685],[113.49881310952257,39.10856609496356],[113.49851000042891,39.108676122660945],[113.4982107067176,39.10879231960724],[113.4979154370058,39.108914604810174],[113.49762439404498,39.10904289470306],[113.49733777924601,39.1091771003461],[113.4970557892459,39.10931712840022],[113.49677862174693,39.109462882803115],[113.49650646618069,39.10961426226743],[113.49623951073423,39.109771162831834],[113.49597794000793,39.10993347701043],[113.49572193719892,39.11010109014362],[113.49436659713359,39.110635480864886],[113.49300774734265,39.11116444923545],[113.49164542228785,39.11168798268615],[113.4902796574947,39.11220606592465],[113.48891048852431,39.112718684559724],[113.4875379533786,39.11322582775168],[113.48616208756299,39.113727479312125],[113.48478292558978,39.114223627577985],[113.4845838956834,39.11434774610539],[113.48437964465549,39.11446660545594],[113.48417040015688,39.11458007106418],[113.48395639824605,39.11468801719222],[113.4837378774552,39.11479032255334],[113.48351508231876,39.11488687203817],[113.4832882634049,39.1149775576147],[113.48305767381815,39.11506227750248],[113.48282357381993,39.11514093607409],[113.48258622399199,39.11521344670287],[113.48234589197767,39.11527972621584],[113.48210284695853,39.11533970221609],[113.48185735943278,39.11539330678364],[113.48160970593057,39.11544047907673],[113.48136016561119,39.11548116720566],[113.48110901554737,39.115515325631435],[113.48085653881105,39.11554291499372],[113.48060301763675,39.11556390495819],[113.48034873566833,39.11557827236758],[113.48009397911389,39.11558600121718],[113.47983903440327,39.115587081804065],[113.47895325041276,39.11552688730342],[113.478068239706,39.11546015206724],[113.47718408139605,39.11538688343409],[113.47630085677922,39.11530708509614],[113.47541864268787,39.115220765345754],[113.47453752054246,39.115127931479606],[113.47377414799305,39.115115671526866],[113.47301100845911,39.11509648422496],[113.47224820975441,39.11507037179116],[113.47148585163772,39.115037337516895],[113.47072404086146,39.11499738634915],[113.46996287840165,39.114950523360115],[113.46920246991728,39.11489675532653],[113.46844291638301,39.114836087325926],[113.46768432252091,39.11476853246437],[113.46692679158258,39.114694094875915],[113.46617042479087,39.114612786845505],[113.46541532795646,39.11452461966296],[113.46466159995757,39.1144296047675],[113.46390934547804,39.1143277543787],[113.46315866585986,39.11421908439172],[113.46240966347291,39.11410360708025],[113.46166243971794,39.113981340144576],[113.460917097086,39.113852299463254],[113.46017373463172,39.113716501890586],[113.4591443087289,39.113515181694574],[113.45811680574488,39.113307990355175],[113.45709128171582,39.113094936645005],[113.45606779283227,39.11287603383821],[113.45504639290962,39.11265129345974],[113.45402713919529,39.1124207260634],[113.4530100821596,39.112184346850604],[113.4519952813556,39.11194216633026],[113.45098278718638,39.11169419790754],[113.45022668330786,39.11155918248402],[113.44947216864111,39.111418871967096],[113.44871930731833,39.11127327764603],[113.4479681577256,39.11112241183301],[113.44721878402305,39.11096628672037],[113.44647124462449,39.11080491552331],[113.44608599467804,39.110738621882625],[113.44570281986897,39.110665393893015],[113.44532192282301,39.11058527144988],[113.4449435131872,39.1104982970055],[113.44456779039592,39.110404518632635],[113.44419495622158,39.11030398525796],[113.44382521034039,39.110196752158686],[113.4434587536109,39.110082875490086],[113.44309578011232,39.10996241605492],[113.44273648644736,39.10983544090925],[113.44238106334532,39.10970201453264],[113.44202970421395,39.10956221215758],[113.44168259546318,39.10941610736403],[113.44121012335779,39.109289858302525],[113.44074065930859,39.10915697088336],[113.4402743598649,39.109017489593825],[113.4398113757966,39.1088714590445],[113.43935185686965,39.10871892837212],[113.43889595746606,39.1085599466189],[113.43844382397084,39.10839456569827],[113.4379956040126,39.10822284020142],[113.43755144640132,39.10804482559732],[113.43711149547674,39.10786058195329],[113.43667589551161,39.10767016753868],[113.43624478746321,39.10747364519681],[113.43581831465575,39.10727107952437],[113.43539661584964,39.107062537016205],[113.43497982755157,39.10684808601693],[113.43456808747966,39.106627796648446],[113.43416153106712,39.10640173998235],[113.43376029043098,39.1061699916637],[113.43336449649628,39.10593262646304],[113.43297427796496,39.10568972190019],[113.43258976471881,39.105441356371955],[113.43221108222998,39.10518761467227],[113.43183835234457,39.10492857716859],[113.43147169818128,39.10466432780499],[113.43111123957308,39.104394955998245],[113.43097210478145,39.10435377224829],[113.43083646775749,39.10430602839585],[113.43070483634501,39.10425190388332],[113.43057770417154,39.10419160186704],[113.43045554946181,39.1041253483412],[113.43033883041721,39.104053392233794],[113.43022798399863,39.10397600363069],[113.4301234270194,39.10389347195127],[113.43002555040087,39.103806106968484],[113.42993472260663,39.10371423783639],[113.4298512836819,39.1036182078105],[113.42977554771836,39.103518378699086],[113.42970779798698,39.10341512375961],[113.42964828934117,39.10330883035009],[113.42959724465952,39.103199897301295],[113.4295548536912,39.10308873494049],[113.42952127858456,39.10297575777125],[113.42949664255379,39.10286139101374],[113.4294810388727,39.102746063212315],[113.42947452631714,39.10263020813153],[113.42947713016635,39.10251426023234],[113.42948883867695,39.10239865294434],[113.42950960895148,39.102283821245145],[113.4294632084746,39.101844701693594],[113.42942495127039,39.101405105203305],[113.42939484499182,39.10096512438532],[113.42937289491914,39.10052485009725],[113.42935910526978,39.10008437591905],[113.42935347898202,39.09964379185317],[113.4293560167456,39.09920318974852],[113.42936671931184,39.09876266325218],[113.42938558381259,39.09832230158205],[113.4294126052553,39.09788219940216],[113.42944777849308,39.0974424468751],[113.42949109725546,39.097003135085785],[113.42954254955951,39.096564357037806],[113.42951595951223,39.09631181869451],[113.42948036192531,39.096059953555965],[113.42943578678923,39.09580895911817],[113.42938226740279,39.09555902830317],[113.429319845147,39.09531035386256],[113.42924856832988,39.095063128401584],[113.42916849337168,39.09481754525515],[113.42907968112384,39.094573792260434],[113.42898220176617,39.094332059760184],[113.42887612993982,39.094092533499584],[113.42876154724216,39.09385539997778],[113.42863854322691,39.09362084192428],[113.42850721437247,39.09338904192289],[113.42836765933878,39.093160178908214],[113.42821998942249,39.09293442974922],[113.42806431700821,39.09271196948985],[113.42790076362138,39.09249297028091],[113.42772945533959,39.09227760237626],[113.4275505261334,39.092066030461034],[113.42736411230808,39.09185842007172],[113.42717036040222,39.091654932028185],[113.42696941797963,39.09145572352616],[113.42676144286808,39.091260947945074],[113.4266854349831,39.09096358221993],[113.42661839238858,39.09066490939366],[113.42656035180326,39.09036509352693],[113.42651134420032,39.09006429969863],[113.42647139827221,39.08976269393378],[113.42644053459512,39.08946044152374],[113.4264187702794,39.089157707830005],[113.42640611669118,39.08885465923211],[113.42640258179303,39.08855146397968],[113.42640816764964,39.08824828684054],[113.42642286948936,39.08794529542462],[113.42644668013845,39.08764265468785],[113.42647958446359,39.0873405333523],[113.4265215671778,39.08703909563806],[113.42657260378789,39.08673850685548],[113.42663266521366,39.08643893330897],[113.42670172000533,39.08614053954899],[113.42677972860082,39.085843489392445],[113.42686665019288,39.08554794397828],[113.42696243489308,39.08525406913573],[113.42706703144488,39.08496202441641],[113.42718037941863,39.08467197136239],[113.4273024193575,39.08438406609012],[113.42743308394105,39.0840984711823],[113.42768178779068,39.083623057427275],[113.42793878128808,39.083150328924916],[113.42820401538587,39.08268037580316],[113.42847744201053,39.08221328276477],[113.42875900972152,39.081749137283175],[113.4290486659282,39.081288026854494],[113.42934635676656,39.08083003539784],[113.42965202616058,39.080375249579],[113.42996561794662,39.079923753362806],[113.43028707359491,39.07947562896113],[113.43061633354972,39.07903096220863],[113.43095333579684,39.0785898344873],[113.43129801829645,39.07815232627826],[113.43165031567383,39.077718521733715],[113.43201016349806,39.077288498681234],[113.43237749400356,39.0768623386197],[113.43275223936857,39.07644012124726],[113.4331343304678,39.076021921785745],[113.43352369608901,39.07560782180418],[113.43392026250021,39.07519789661954],[113.43432395597522,39.07479222154834],[113.43473470510294,39.074390871858355],[113.43515242811817,39.073993923933955],[113.43557705003434,39.07360144951471],[113.4360084924692,39.07321352221223],[113.43644667467557,39.07283021388615],[113.43698438720523,39.07251098768375],[113.43752739776686,39.07219726163524],[113.43807561581465,39.07188908889465],[113.43862894737606,39.071586523589325],[113.43918729605134,39.07128961629598],[113.43975057121891,39.07099841747154],[113.44031867187243,39.070712977791416],[113.44089150378305,39.070433343287384],[113.44146896711005,39.070159564612986],[113.44205096760459,39.06989168690238],[113.4426374006949,39.06962975730851],[113.44322817089521,39.069373818292455],[113.44382317355134,39.06912391431006],[113.44442231087895,39.068880087873545],[113.44502547817211,39.06864238164182],[113.44563257406898,39.068410834602915],[113.44624349150263,39.06818548766744],[113.44685813133663,39.06796637707838],[113.44747638760585,39.067753541925505],[113.44809815310221,39.067547018624836],[113.44872332402323,39.06734684172148],[113.44935179076766,39.06715304498373],[113.44998345066506,39.066965662036196],[113.45061819059727,39.066784724923856],[113.45125590665441,39.06661026459964],[113.45189841636211,39.06645109651363],[113.4525434278178,39.066298204337215],[113.45319083799359,39.0661516109098],[113.4538405484823,39.066011338975514],[113.45449245507669,39.06587741050209],[113.45514645934445,39.06574984733775],[113.45580245465062,39.06562866790324],[113.45646034135167,39.065513892275405],[113.4571200162499,39.06540553790632],[113.45778137730444,39.06530362222594],[113.45844431776565,39.0652081600639],[113.4591087389667,39.065119166081615],[113.4597745330391,39.06503665603752],[113.46044159776326,39.06496064197075],[113.46110982861273,39.06489113597144],[113.46177912100019,39.064828148332154],[113.46244937033993,39.06477168934774],[113.46312047198514,39.06472176751551],[113.463792321259,39.06467839043521],[113.46446481348599,39.0646415657089],[113.46513784274327,39.06461129826565],[113.46581130426333,39.064587593012476],[113.46636409085595,39.0645122651915],[113.4669183223434,39.064443698238364],[113.46747386428866,39.06438190848595],[113.46803057873093,39.064326910543066],[113.46858833005122,39.06427871987208],[113.46914697898113,39.064237346611655],[113.46970639090236,39.064202801705115],[113.47026642876372,39.06417509254755],[113.47082695326922,39.064154228385384],[113.47138783067581,39.06414021204585],[113.47194891803771,39.06413304745447],[113.47251008042737,39.064132736568205],[113.473071181669,39.06413927867134],[113.473632081001,39.06415267404866],[113.47419264439935,39.0641729174411],[113.47475272979074,39.06420000466366],[113.4753122031191,39.06423392956256],[113.4758709267389,39.06427468246054],[113.47642876306685,39.06432225548275],[113.47698557548419,39.06437663533294],[113.47754122621677,39.06443780874202],[113.47809557861197,39.06450576151903],[113.47857791862528,39.06453928074638],[113.47906096706983,39.06456586456705],[113.47954456175367,39.064585503816225],[113.48002854054734,39.06459819113157],[113.48051273567532,39.06460392287599],[113.48099698407404,39.064602698016564],[113.48148112149421,39.0645945146478],[113.48196498275323,39.064579377190874],[113.48244840385502,39.06455729094502],[113.48293122086743,39.06452826301198],[113.48341326876812,39.06449230232059],[113.4838943838481,39.06444942227731],[113.48437440477174,39.064399638041884],[113.48485316327911,39.06434296492428],[113.48533050284495,39.0642794233904],[113.48580625883429,39.0642090331811],[113.4862802691442,39.06413182028985],[113.48675237395148,39.064047809763466],[113.48722241009901,39.06395703032471],[113.48769022033079,39.06385951417521],[113.48815564620803,39.06375529264366],[113.4897507941565,39.06340237587959],[113.49134807551184,39.06305539962974],[113.49294745507338,39.06271437086015],[113.49454889424348,39.062379298412495],[113.4961523590127,39.06205019013161],[113.49775781187952,39.061727053038254],[113.49800995040529,39.061700313411],[113.4982606887725,39.06166650121693],[113.49850969930283,39.061625662215626],[113.49875665915988,39.0615778483696],[113.4990012470455,39.06152312241812],[113.49924314198238,39.06146155610188],[113.49948203363964,39.06139322814046],[113.49971760745444,39.061318228153475],[113.49994955838855,39.06123665366379],[113.50017758749755,39.06114861107146],[113.50040139263339,39.06105421405182],[113.50062068700849,39.06095358585903],[113.50083518300427,39.060846858772415],[113.50104460240108,39.06073416937411],[113.50124867320142,39.06061566672219],[113.50203778705256,39.06009993255617],[113.50283117204759,39.059588201785765],[113.50362879201502,39.05908049581456],[113.50443061543565,39.05857683684723],[113.5052366095757,39.0580772453138],[113.50604673827394,39.05758174261892],[113.50628518362632,39.057369664153484],[113.50653010753547,39.05716212263412],[113.50678136866503,39.05695923723598],[113.50703881994538,39.0567611281582],[113.5073023141216,39.05656791020066],[113.50757169916868,39.05637969376318],[113.5078468161104,39.05619658849509],[113.50812750588086,39.05601870134636],[113.50841360695233,39.05584613481772],[113.50870495309044,39.05567898881019],[113.5090013756308,39.05551735967559],[113.50930270123413,39.05536134206624],[113.50960875749783,39.05521102431125],[113.50991936634941,39.055066497564745],[113.51023434587684,39.05492784225779],[113.51055351420504,39.0547951397226],[113.51087668818239,39.05466846771809],[113.51120367982226,39.05454789780472],[113.51153429768037,39.05443350161913],[113.51186835009372,39.05432534450033],[113.51220564533998,39.05422348998927],[113.51254598916935,39.05412799537913],[113.51288918156533,39.054038918089454],[113.51321058478132,39.05394831482457],[113.51353482072582,39.05386406897292],[113.51386168236145,39.05378623540839],[113.5141909590004,39.05371486368216],[113.51452244322903,39.053649997873435],[113.51485592180212,39.05359168038827],[113.5151911824718,39.05353994911055],[113.515528011615,39.05349483565202],[113.51586619439291,39.05345636985191],[113.51620551462292,39.05342457617731],[113.51654575824074,39.053399473648504],[113.51688670419473,39.05338107963796],[113.5172281369815,39.05336940509672],[113.51756983984843,39.0533644583036],[113.51791159351154,39.05336624129047],[113.5182531809314,39.053374754242114],[113.5185943825046,39.05338999019658],[113.51893498202583,39.05341194031981],[113.51927476312936,39.05344059128083],[113.51961350807052,39.053475923476924],[113.51995099897555,39.053517913708234],[113.52028702255375,39.05356653777779],[113.5206213652248,39.05362176339203],[113.52089966082995,39.05368555804202],[113.52117541126186,39.05375574809644],[113.52144837864799,39.05383226847272],[113.52171832168214,39.05391505506519],[113.52198500331889,39.05400403377159],[113.52224819218358,39.0540991276672],[113.52250765782748,39.05420025350488],[113.52276317072739,39.05430732171521],[113.52301450818446,39.05442023988094],[113.5232614495471,39.05453890833733],[113.52350377861518,39.05466322282177],[113.52374128363986,39.05479307447373],[113.52397375732352,39.05492834983446],[113.52420099332505,39.05506893002213],[113.52442279440287,39.0552146923565],[113.52463896661214,39.05536550958374],[113.52484931927248,39.05552124897653],[113.5250536684625,39.055681773158845],[113.52525183480766,39.05584694285533],[113.52544364566035,39.05601661324175],[113.52562893400976,39.05619063576955],[113.52580753498745,39.05636885734091],[113.52595633667902,39.05647030840518],[113.52609912004773,39.05657688705392],[113.52623559436873,39.056688376265406],[113.52636548362659,39.05680455059435],[113.52648852292445,39.05692517264699],[113.5266044597987,39.05704999755547],[113.52671306223414,39.057178771002484],[113.52681410609651,39.05731123309605],[113.52690738753995,39.05744710999493],[113.52699271547343,39.05758612938174],[113.52706991685072,39.05772800683924],[113.5271388358053,39.057872453974255],[113.52719933131037,39.058019177567544],[113.52725127826913,39.05816787774899],[113.52729457466533,39.05831825414635],[113.52732912976477,39.05846999893639],[113.52735487360637,39.058622803843605],[113.52747527214466,39.05886900541996],[113.52760409636429,39.059112600656874],[113.52774125353949,39.05935341682362],[113.52788664500814,39.05959127681389],[113.52804016546676,39.059826011769644],[113.5282017049898,39.0600574529319],[113.52837114793938,39.06028543346582],[113.52854837184309,39.06050978938573],[113.52873324854791,39.06073035953016],[113.5289256476508,39.06094698458707],[113.52912542848306,39.061159509068894],[113.52933244822201,39.0613677820374],[113.52947804957651,39.06145689947475],[113.52962913349695,39.061540287094125],[113.52978532875672,39.061617739494174],[113.52994624969632,39.06168906779864],[113.5301115042073,39.06175409678168],[113.53028068683896,39.06181266591811],[113.5304533812361,39.06186463293319],[113.53062916459565,39.06190986920311],[113.53080760551951,39.06194826430465],[113.53098826622715,39.061979723265566],[113.53117070383907,39.06200417013922],[113.53135447140312,39.06202154437999],[113.53153911568306,39.06203180359322],[113.53172418405266,39.06203492248491],[113.53190922449639,39.0620308928617],[113.53209378217947,39.062019724606024],[113.53227740409781,39.06200144647562],[113.53245963891777,39.06197610160405],[113.53264004294121,39.06194375277453],[113.53281816846693,39.06190447997098],[113.53299358222736,39.06185837907667],[113.53316585157015,39.06180556307499],[113.53333455593685,39.06174615999858],[113.53349928013104,39.061680318479034],[113.53365961980035,39.06160819952225],[113.53381518268769,39.06152997918273],[113.53396558869589,39.061445850363185],[113.53406496012929,39.0614160085959],[113.53416714506112,39.061392647401505],[113.53427145028205,39.0613759241379],[113.5343771683438,39.061365953246906],[113.53448357970578,39.06136280170488],[113.5345899632188,39.06136649149662],[113.53469559487333,39.06137699694087],[113.5347997594374,39.061394247138935],[113.53490174811499,39.06141812512497],[113.53500086896545,39.06144846853977],[113.53509644812122,39.06148507140529],[113.53518783908551,39.061527685723235],[113.53527441811455,39.061576021575256],[113.53535560047321,39.06162974947072],[113.53543083258027,39.061688506821305],[113.53549960338977,39.0617518931901],[113.53556144817568,39.061819479214634],[113.53561594385071,39.06189080490727],[113.53566272307528,39.06196538655241],[113.53570146736462,39.062042717756746],[113.53573191298958,39.06212227292287],[113.5359896124403,39.06237808056396],[113.53625450288312,39.06262938490664],[113.53652645516627,39.06287606263136],[113.53680533561105,39.06311799321877],[113.53709100832036,39.063355058899745],[113.53738333402444,39.063587144680476],[113.53768216998411,39.063814135643085],[113.53798736896542,39.06403592057029],[113.53829878385685,39.064252391845024],[113.53861626071141,39.06446344470152],[113.53893964672994,39.064668974349814],[113.53926878003375,39.064868880701475],[113.53956472259803,39.064992875267926],[113.5398564332856,39.065122823177155],[113.54014371381304,39.065258637823106],[113.54042637252725,39.06540022435144],[113.54070421552596,39.0655474897594],[113.54097705672352,39.065700333670485],[113.54124471108629,39.065858652984694],[113.54150699809558,39.0660223418029],[113.54176374165057,39.0661912887271],[113.5420147667021,39.06636537963544],[113.54225990614638,39.06654449663122],[113.54249899159029,39.066728518244105],[113.5425362783073,39.06682645617523],[113.54256476948727,39.06692617280392],[113.54258432891642,39.06702718929799],[113.54259486052167,39.067129018742996],[113.54259631436919,39.06723117231528],[113.5425886843567,39.0673331593323],[113.54257200597044,39.067434489102624],[113.5425463598459,39.06753467355006],[113.54251186962166,39.06763323176351],[113.54246870078596,39.06772969002219],[113.54241706077443,39.067823584495436],[113.54235719672667,39.06791446309307],[113.5422893990794,39.06800188898952],[113.54221399124233,39.068085442650556],[113.54213133767915,39.06816472165731],[113.54204183598895,39.06823934538222],[113.54194591453314,39.068308953240034],[113.54184403503497,39.06837321273664],[113.5417366888903,39.068431813245915],[113.54162439053205,39.06848447425998],[113.54150768191813,39.06853094168933],[113.54138712111667,39.06857099171449],[113.5412632904828,39.06860443330966],[113.54113678379873,39.0686311040206],[113.53919277181231,39.06901171002758],[113.53725031024352,39.06939713926859],[113.53530942059827,39.069787389555565],[113.53524310900926,39.06984717088897],[113.53518363642146,39.069911174834864],[113.5351314410183,39.069978926271055],[113.53508690926117,39.070049925083005],[113.53505037239371,39.070123645338946],[113.53502209852122,39.07019953996474],[113.53500229867193,39.070277048717045],[113.53499111986949,39.07035559833375],[113.53498864295221,39.07043460618357],[113.53499488856941,39.07051348643965],[113.53500980817054,39.070591656579616],[113.53503329323951,39.07066853718474],[113.535065168657,39.07074356018976],[113.53510519965828,39.070816169632245],[113.53515308859454,39.07088582802738],[113.53520848310974,39.0709520188922],[113.53527097059344,39.07101425317064],[113.53534008978902,39.07107207078256],[113.53541532854886,39.07112504247414],[113.53549613098654,39.07117277596679],[113.5355818975412,39.07121491775734],[113.53567199325212,39.0712511583419],[113.53576575337023,39.071281227591186],[113.53586248130759,39.07130490200013],[113.5359614626201,39.0713220079863],[113.53606196369277,39.07133241741578],[113.5361632400795,39.07133605462657],[113.53626454442379,39.071332891753265],[113.53636512315768,39.071322953302015],[113.53646423481236,39.071306311248975],[113.53699408264835,39.071271204383656],[113.53752460497878,39.071242942851335],[113.53805565547535,39.071221533430254],[113.5385870855019,39.071206982951615],[113.53911875440713,39.071199295373525],[113.53965051105386,39.07119847218339],[113.54018221235393,39.07120451379541],[113.54071371400029,39.07121741885174],[113.54124486697154,39.071237183398225],[113.54177552683133,39.071263802482854],[113.5423055502004,39.0712972684314],[113.54283478901672,39.07133757187323],[113.54336310098944,39.07138470331448],[113.54364311357863,39.07140549587611],[113.5439221501376,39.07143313996676],[113.54419993361597,39.071467607418796],[113.54447619023111,39.0715088645924],[113.5447506470944,39.071556870626125],[113.54502303221075,39.07161157743686],[113.54529307800615,39.071672931443935],[113.54556051321414,39.07174087284567],[113.54582507894011,39.07181533256664],[113.54608651157123,39.071896238934926],[113.54634455412624,39.07198351203071],[113.5465989493609,39.072077064737286],[113.54684944557215,39.072176803514765],[113.54709579669493,39.072282631099526],[113.54733775870923,39.07239444298037],[113.54757509316791,39.0725121291223],[113.54780756594481,39.07263557129222],[113.54803494399806,39.072764649433424],[113.54825700556538,39.072899236039206],[113.54847353092848,39.07303919635454],[113.5486843048839,39.073184392824906],[113.54888912010888,39.073334682320656],[113.54908777369805,39.07348991621275],[113.54918126855672,39.073698994727735],[113.54926699401504,39.073910087498696],[113.54934488122544,39.07412301683426],[113.54941486374335,39.07433760769086],[113.54947688538186,39.074553681196846],[113.54953089226038,39.07477105842861],[113.54957684197575,39.07498955840882],[113.54961469443174,39.07520900010806],[113.54964441866882,39.075429199593756],[113.54966598962794,39.075649976404875],[113.54967939020054,39.075871146302454],[113.54968460789507,39.076092524944855],[113.5496816394876,39.07631392868654],[113.5496704875263,39.07653517375399],[113.54965116033176,39.07675607624568],[113.54962367321663,39.076976453906546],[113.5495880506328,39.07719612157816],[113.54958164188385,39.0774263334662],[113.54956672418216,39.07765630643675],[113.54954330670519,39.07788584846357],[113.54951141142767,39.078114769940235],[113.54947106369134,39.07834287848316],[113.54942229823725,39.07856998600425],[113.54936515323891,39.0787959034379],[113.5492996773271,39.079020443289174],[113.5492259238175,39.07924341976017],[113.54914395638644,39.079464645924055],[113.54905384115159,39.07968393840137],[113.54895565353452,39.079901115408724],[113.54884947479749,39.08011599683474],[113.54873539428796,39.08032840238977],[113.54861350392537,39.080538158931276],[113.54848390817105,39.08074508853828],[113.54834671174974,39.080949020487594],[113.54820203100077,39.081149785602136],[113.54804998464192,39.08134721645308],[113.54745119973933,39.08166012752492],[113.54685749421006,39.081978866562764],[113.54626896216372,39.08230338565861],[113.54568569521258,39.08263363155668],[113.54510778619428,39.08296955277668],[113.54453532452109,39.0833110988147],[113.5439684028164,39.08365821189305],[113.5434071093179,39.08401084063477],[113.54285153092067,39.08436892828953],[113.54230175689997,39.084732419856984],[113.54222519684902,39.08481273587596],[113.54215570209325,39.08489686385823],[113.54209358378249,39.08498442599],[113.54203912022473,39.08507503076385],[113.54199255569885,39.08516827210389],[113.54195409939642,39.08526373209031],[113.54192392202174,39.08536098283451],[113.54190215935208,39.085459589102975],[113.54188890999224,39.08555911016731],[113.5418842318453,39.08565909807997],[113.54188814705353,39.0857591065722],[113.54190063952665,39.08585868660505],[113.54192164939407,39.08595739279446],[113.54195108448596,39.08605478135975],[113.54198881369534,39.086150418373705],[113.54203466675125,39.08624387346364],[113.54208843915988,39.086334728709595],[113.54214988982996,39.086422576895174],[113.54221874463325,39.08650702413186],[113.54281487761196,39.08671603022427],[113.54340780844302,39.086930499373096],[113.54399745531413,39.087150402792055],[113.54458373631257,39.08737570899676],[113.54516656727752,39.087606388354416],[113.5457458708108,39.08784240658309],[113.54632156383444,39.088083732227915],[113.54689356666594,39.08833033196002],[113.54746180186378,39.088582170601626],[113.54802618855089,39.08883921395184],[113.54808618731212,39.08894391879743],[113.5481384971033,39.08905109993004],[113.54818294722914,39.0891604143709],[113.54821939794066,39.089271512159144],[113.54824773126292,39.08938403835351],[113.54826785673663,39.08949763200593],[113.5482797104261,39.08961193068616],[113.5482832548874,39.08972656958173],[113.54827847682728,39.08984118064849],[113.54826539422626,39.089955397858404],[113.54824404706946,39.090068856501574],[113.54821450312068,39.09018119306004],[113.54817685802014,39.090292047907475],[113.54813123310545,39.09040106895914],[113.54807777168875,39.09050790454895],[113.54801664521962,39.0906122141016],[113.54783338259658,39.09077014530992],[113.54764351022179,39.090923263975036],[113.54744723921446,39.09107139974323],[113.54724478336598,39.09121439210898],[113.54703636349949,39.09135208311513],[113.54682221000616,39.09148432360183],[113.5466025556576,39.09161096615907],[113.54637764054863,39.091731874024624],[113.54614771414747,39.09184691383479],[113.54591302618734,39.09195595942593],[113.545673834717,39.09205889075813],[113.54543040270114,39.09215559579078],[113.54519383535839,39.09230128766819],[113.54495207216124,39.09244170350172],[113.5447053043336,39.09257672921242],[113.54445373025986,39.092706256869974],[113.54419755080099,39.09283018299386],[113.54393697044921,39.09294840852838],[113.54367220075973,39.09306083786713],[113.54340345236446,39.093167381729366],[113.54313094068078,39.09326795523422],[113.54285488469205,39.09336247612629],[113.54257550361233,39.09345086845091],[113.54229302496968,39.093533062377766],[113.5420076718387,39.093608992678526],[113.54171967663288,39.09367859662475],[113.54142926631864,39.09374182061467],[113.54113667598138,39.09379861177205],[113.54084213872314,39.0938489262719],[113.54054589236466,39.093892722890274],[113.54024817380062,39.09392996672978],[113.53994921893454,39.0939606274198],[113.53964927201368,39.09398468161484],[113.5393485716098,39.09400210879734],[113.53904735770917,39.09401289562586],[113.53874587280218,39.094017034110415],[113.53862251529152,39.094008424909106],[113.53849869107333,39.09400648822001],[113.53837498982334,39.09401123280991],[113.53825200820353,39.0940226366763],[113.53813033241204,39.09404064382505],[113.53801054877076,39.09406516944327],[113.53789322852029,39.094096094826895],[113.53777893606548,39.094133271703754],[113.53766821858304,39.094176522459755],[113.53756160717695,39.09422564011349],[113.53745961225978,39.09428038841658],[113.53736272249506,39.094340504578106],[113.53727140373971,39.09440570198912],[113.537186093141,39.09447566674851],[113.53710719936268,39.09455006396185],[113.53703510139772,39.09462853686628],[113.53697014401352,39.09471070873066],[113.53691263903552,39.09479618642942],[113.53686286188235,39.09488456051793],[113.53682105162996,39.09497540703187],[113.53678740876582,39.09506828933708],[113.53676209307237,39.09516276357894],[113.53674522821318,39.095258377681695],[113.5367368947711,39.09535467059948],[113.5367371306023,39.09545118221471],[113.53674593763532,39.095547449587876],[113.53667159194879,39.09596987852997],[113.53660534636941,39.09639312530905],[113.5365472115122,39.09681709514537],[113.5364972049543,39.09724169400666],[113.5364553361576,39.09766682713501],[113.53642161458475,39.09809239977077],[113.53639604854393,39.098518317177835],[113.53637864403407,39.09894448466859],[113.53636940355739,39.099370806729304],[113.53636832968076,39.09979718964431],[113.53637542253203,39.100223536147006],[113.53639068236798,39.100649752568586],[113.53641410367044,39.10107574536427],[113.53644568425636,39.1015014173127],[113.53646933728746,39.10162021718384],[113.53648411026384,39.10173988489682],[113.53648995410286,39.10186001986656],[113.53648684955466,39.101980215453004],[113.5364748052804,39.10210006980998],[113.53645386099504,39.10221917681087],[113.53642409138455,39.10233713857161],[113.53638559308,39.10245355672837],[113.53633849646553,39.10256803938542],[113.53628296109171,39.10268020211552],[113.53621917217906,39.10278966713575],[113.53614734421247,39.102896066831676],[113.53606771975463,39.102999042882885],[113.5359805660462,39.10309824813832],[113.53588617738059,39.10319334836609],[113.5357848694264,39.10328402507895],[113.53567698490546,39.103369972709324],[113.53556288560537,39.10345090148518],[113.53544295594102,39.10352654005456],[113.53531759823804,39.10359663288667],[113.53518723635887,39.10366094469632],[113.53505230758556,39.103719259720165],[113.53491326605223,39.103771380741705],[113.53477058056366,39.103817132741376],[113.53462472991068,39.103856361197465],[113.53447620527622,39.10388893473581],[113.53413466298713,39.1040186162278],[113.53378974112356,39.1041427542238],[113.53344159151654,39.10426129405895],[113.53309036388436,39.104374186519365],[113.53273620560674,39.10448138154281],[113.53237927118995,39.10458283431727],[113.53201971636292,39.10467850180682],[113.53165769220577,39.10476834017781],[113.53129335352413,39.10485231272186],[113.53092685977862,39.10493038353175],[113.530558367032,39.105002518577216],[113.53018803491109,39.105068686454],[113.52954947077849,39.10524498100011],[113.52890802780358,39.10541481527439],[113.52826381258403,39.1055781598974],[113.52761693409548,39.10573498724147],[113.52696750025878,39.1058852724056],[113.52631562012107,39.1060289895661],[113.525661402733,39.10616611290133],[113.52500495961905,39.10629662104124],[113.52434639880985,39.10642049179327],[113.52368583302314,39.10653770466673],[113.52302337151461,39.10664823924828],[113.52235912707191,39.10675207685169],[113.52169320908446,39.10684920066782],[113.52102573390626,39.10693959463986],[113.52035680746648,39.10702324203846],[113.51968654625192,39.10710013041117],[113.51901506094433,39.1071702465331],[113.51834246687935,39.10723357798183],[113.51766887371552,39.107290115161916],[113.51699439685598,39.107339847455734],[113.51631914718136,39.10738276704769],[113.51564324250364,39.10741886597507],[113.51496679155593,39.10744814097675],[113.51428991212033,39.10747058319529],[113.51361271411879,39.107486190249624],[113.51301247258408,39.10745111945754],[113.51241167149952,39.10742244093822],[113.51181042309031,39.10740016217181],[113.51120884054451,39.1073842852166],[113.51060703483583,39.1073748148826],[113.51000512027514,39.10737175230791],[113.50940320652134,39.1073750978326],[113.50880140897682,39.10738485077471],[113.50819983954723,39.1074010096294],[113.5075986066099,39.10742357116882],[113.50699782659598,39.10745253109353],[113.50639761013045,39.10748788433076],[113.50579806896229,39.10752962488523],[113.50519931471403,39.107577743164335],[113.50460146026005,39.10763223225253],[113.50400461712981,39.10769307986201],[113.50367026702702,39.10769710044807],[113.50333616953375,39.1077079653676]],[[113.57298724533624,39.13113946489789],[113.57280488920696,39.131055555759275],[113.57252979076962,39.13093715483843],[113.57225043200337,39.130824969394766],[113.57196704405722,39.130719093357406],[113.57167986121387,39.13061961158249],[113.57138912125012,39.13052660975155],[113.57109506392166,39.13044016449879],[113.5707979356501,39.13036034510901],[113.5704979816652,39.13028721999494],[113.57019545036454,39.13022084939668],[113.56989059222401,39.13016128720692],[113.56958365755305,39.130108582821634],[113.56927490458216,39.130062780961865],[113.56896458662382,39.13002391835454],[113.56865296151177,39.12999202892794],[113.56834028559577,39.12996713763997],[113.56802682087019,39.129949265724626],[113.567712826789,39.129938428170696],[113.56739856145417,39.1299346345961],[113.56708428495118,39.12993788557215],[113.5667702584885,39.12994818074763],[113.56645674407095,39.129965509850315],[113.56619259047562,39.13011421368895],[113.5659339069695,39.13026864204217],[113.56568089836732,39.13042867246077],[113.56543376246006,39.13059417994935],[113.56519269906188,39.13076503136359],[113.56495789640715,39.130941092914235],[113.56472954026273,39.13112222636397],[113.56450781036384,39.13130828640405],[113.56429288183077,39.13149912782748],[113.56408492609545,39.13169459920458],[113.56388410759875,39.13189454745826],[113.56369058359434,39.132098812464875],[113.56350450899863,39.13230723325129],[113.56332602820518,39.132519645473124],[113.56315528432741,39.1327358812113],[113.56299241226625,39.132955769124365],[113.56283753996325,39.13317913712258],[113.56269079051529,39.1334058069178],[113.56255228121475,39.133635599447864],[113.56242211889517,39.13386833407837],[113.56230040795333,39.13410382662487],[113.5621872446374,39.1343418912796],[113.56208271813666,39.13458233878624],[113.56198691299,39.13482497908856],[113.56189990212047,39.135069620583046],[113.56182732385481,39.135301016022375],[113.56176361848748,39.13553399130129],[113.56170884214838,39.13576833806789],[113.56166304066859,39.13600385089657],[113.56162625743958,39.136240320811055],[113.56159852426727,39.136477538187265],[113.56157986602598,39.13671529355151],[113.56157029943729,39.13695337580611],[113.56157022199982,39.13699295572862],[113.56156983079146,39.13719157318013],[113.56157846416559,39.13742967665094],[113.56159619082845,39.13766747477368],[113.56162299399232,39.137904757179236],[113.56165885109097,39.13814131362343],[113.56170373031279,39.13837693406336],[113.56175759178855,39.13861140953194],[113.5618203888444,39.138844534812016],[113.56189206427393,39.13907610131391],[113.56197255518816,39.13930590327278],[113.5620617919251,39.13953373957386],[113.56207688850334,39.13972621301255],[113.5620846711659,39.13991895178485],[113.56208513246392,39.14011178404806],[113.5620782708889,39.14030454233031],[113.56206409298821,39.14049705808064],[113.56204261111962,39.140689163519426],[113.56201003003834,39.140902897987075],[113.56196840898191,39.141115679448575],[113.56191779144777,39.14132727459172],[113.56185823493206,39.14153745339677],[113.5617898015879,39.141745986640096],[113.56171256753541,39.14195264749074],[113.56162661592877,39.14215721166294],[113.561532041481,39.14235945461497],[113.56142894488235,39.142559157075446],[113.56131744072633,39.14275610036624],[113.56119765070736,39.14295007015451],[113.56106970358832,39.143140855552986],[113.56093374101141,39.143328249892804],[113.56078990924624,39.14351204640236],[113.56063836410605,39.14369204620435],[113.56047927190774,39.143868052891555],[113.56031280491497,39.14403987442822],[113.56017905910308,39.14420238059464],[113.56005305578901,39.14436859698835],[113.5599349649794,39.14453829925813],[113.5598249438443,39.14471125973169],[113.55972314242972,39.14488724548875],[113.55962969675622,39.1450660194132],[113.55954473231813,39.14524734101659],[113.55946836299272,39.14543096826306],[113.55940069312265,39.1456166512196],[113.55934181216166,39.14580414388086],[113.55929180108583,39.14599318961917],[113.55925072601397,39.14618353663427],[113.559218643659,39.14637492882775],[113.55919559564732,39.14656710862954],[113.55918161314074,39.146759816896285],[113.55917671577822,39.146952795636345],[113.55918091038922,39.14714578443566],[113.55919419105861,39.14733852225758],[113.55921654044462,39.14753075191666],[113.55924792723899,39.147722213830555],[113.55928831101714,39.14791265221749],[113.55933763619878,39.148101808024464],[113.55939583584029,39.14828942784959],[113.55963150028957,39.14864104792175],[113.56085164177902,39.15046148048042],[113.5619037136537,39.15204670617627],[113.56235748397945,39.154431394341515],[113.56280048576349,39.156518473047676],[113.56397053901817,39.158398924392024],[113.5648977348016,39.16033236766404],[113.56544068918707,39.16179771579807],[113.56667553723558,39.1637720198575],[113.56805583991064,39.164694692433635],[113.5697264142159,39.16518204687254],[113.57090940340257,39.16572779788345],[113.57268631779411,39.16745179180607],[113.57345160219481,39.16829267288169],[113.57372521390526,39.16905954403234],[113.57352499415566,39.16928710955025],[113.57333231780544,39.169518589397626],[113.57314731585998,39.16975383122293],[113.57297010658176,39.16999268205489],[113.57280080807467,39.17023498442201],[113.57263952916708,39.17048058015624],[113.57248637740527,39.17072930751447],[113.57234145105966,39.170981004056756],[113.57220484718373,39.17123550556767],[113.57207665580091,39.17149264528396],[113.57195695874846,39.17175225392009],[113.57184583671153,39.17201416221439],[113.57174336099968,39.172278197508405],[113.57164959952337,39.17254418901815],[113.57156461306334,39.172811960712],[113.57148845777904,39.173081336658555],[113.57142118408511,39.17335214195195],[113.57136283539666,39.17362420003782],[113.57131345149865,39.17389732993727],[113.57127306299488,39.17417135267313],[113.57124169712074,39.174446092042345],[113.57121937513558,39.174721366568335],[113.57120611136307,39.1749969949256],[113.57120191437971,39.175272796814035],[113.57120678817056,39.17554859293333],[113.57118231071685,39.175784160550585],[113.57116646108672,39.176020174357056],[113.57115925441289,39.1762564440023],[113.57116069651407,39.17649277753857],[113.5711707839272,39.17672898232051],[113.57118951100784,39.17696486935132],[113.57121686154183,39.17720024536289],[113.571252813599,39.177434919012505],[113.5712973383439,39.177668700008724],[113.5713503989121,39.17790140003666],[113.57141195374713,39.178132829082124],[113.57148195213956,39.178362800033064],[113.57156033644057,39.178591125928925],[113.5716470455956,39.17881762168391],[113.57174200701837,39.1790421033659],[113.57184514356021,39.179264388943224],[113.57195637466583,39.179484298259105],[113.57207560709132,39.17970165233631],[113.5722027442512,39.179916275872436],[113.57233768608724,39.18012799364068],[113.57248031995003,39.180336634293546],[113.57263053097154,39.18054202923338],[113.5727881984979,39.180744009989446],[113.57295319281774,39.180942413693856],[113.57312538203328,39.1811370811287],[113.57330462723873,39.181327851429224],[113.5734907793798,39.181514571159184],[113.5737788335312,39.18184104070827],[113.57405957851067,39.18217134446308],[113.5743329307788,39.18250538256005],[113.5745988091358,39.182843055983916],[113.57485713234352,39.18318426481916],[113.57510782358617,39.18352890364832],[113.57535080733008,39.18387687062713],[113.57558601031606,39.184228062959626],[113.57581336367454,39.184582371447924],[113.57603279641572,39.18493969234344],[113.5762442431945,39.185299918169434],[113.57644764094066,39.185662940497245],[113.57664292889174,39.18602865084591],[113.57683004733845,39.186396938008315],[113.57700894125783,39.186767692473474],[113.57717955562273,39.18714080472916],[113.57734183982963,39.1875161597605],[113.57749574455889,39.18789364612501],[113.57764122392307,39.18827315140215],[113.57768952277176,39.188336120159995],[113.57773007864365,39.188402315011416],[113.57776253607486,39.188471161171194],[113.57778661393321,39.188542059693376],[113.57780210455893,39.188614395595],[113.57780887036247,39.18868753973227],[113.57780685568466,39.188760856642915],[113.57779607655561,39.18883370927555],[113.57777662548568,39.18890546338656],[113.57774867295173,39.1889754965128],[113.57771246280605,39.18904319897392],[113.5776683068906,39.189107984798696],[113.57761659068774,39.18916928799794],[113.57755776347354,39.18922657809238],[113.5774923369646,39.18927935473965],[113.57742087887394,39.189327161385826],[113.57734401046699,39.18936958171778],[113.57726239988675,39.189406247015754],[113.57717675650348,39.18943683988121],[113.57708782391062,39.18946109259113],[113.57699637556196,39.189478794399356],[113.5768398687785,39.18940628587228],[113.57668803326301,39.18932799122166],[113.57654122398992,39.18924409172831],[113.5763997826116,39.189154784278585],[113.57626403610448,39.1890602759907],[113.57613430145986,39.18896078591187],[113.57601087877897,39.188856546071435],[113.57589405573366,39.188747796879056],[113.5757841031714,39.18863479352571],[113.57568127825553,39.188517796908314],[113.57558581891402,39.18839708005632],[113.57549794592221,39.18827292178131],[113.57480900472709,39.1879019030755],[113.57411545737224,39.18753612421753],[113.57341736636133,39.18717561976778],[113.57271479885117,39.18682042508542],[113.57200782308456,39.18647057370564],[113.57129650264189,39.186126098367204],[113.57058090925837,39.185787033431126],[113.56986110634136,39.18545340713959],[113.56913716680616,39.18512525473065],[113.56869250783038,39.18509373961031],[113.56824714873477,39.18506895011751],[113.56780125403627,39.18505089522565],[113.56735499277804,39.185039581109145],[113.56690853284668,39.18503501397045],[113.56646204424477,39.185037194564636],[113.56601569344087,39.185046121926085],[113.56556964915093,39.18506179324105],[113.56512407996065,39.185084202099006],[113.56467915554731,39.18511334026679],[113.56423503855373,39.185149196967],[113.56379190189934,39.18519175759622],[113.56334990925511,39.185241007757156],[113.56290922872253,39.185296927554056],[113.56247002605987,39.18535949624465],[113.56203246696214,39.18542869128933],[113.56159671461809,39.185504484802635],[113.56116293690947,39.18558685059933],[113.56089328018051,39.185644312521674],[113.5606213668075,39.18569493053515],[113.56034748419579,39.1857386505739],[113.56007192232754,39.185775425722504],[113.55979497035791,39.18580521809189],[113.55951692229797,39.18582799599297],[113.55923807014199,39.185843735888696],[113.55895870727043,39.1858524205183],[113.55867912967126,39.18585404067154],[113.5583996324379,39.18584859436518],[113.5581205098341,39.18583608864269],[113.5578420563193,39.185816535949336],[113.55756456430085,39.185789955982884],[113.5572883288565,39.185756378291394],[113.5570136406007,39.18571583702645],[113.55674078819237,39.18566837629157],[113.55647006048393,39.18561404559198],[113.55620174305213,39.18555289991084],[113.55583030301219,39.18543893589915],[113.55546224835612,39.18531850598666],[113.55509776314805,39.18519167370765],[113.55473703138256,39.18505850079895],[113.5543802338417,39.18491905627427],[113.55402755242648,39.1847734082241],[113.55367916466868,39.18462163204111],[113.55333524700394,39.18446380494482],[113.55299597008144,39.18430000428327],[113.55266150827435,39.18413031452893],[113.55233202904542,39.1839548212077],[113.55200769876066,39.18377361167201],[113.55168868166328,39.18358677872545],[113.55137513620943,39.183394415299574],[113.55106722451337,39.18319661965016],[113.55076509946608,39.18299349113661],[113.55046891405009,39.1827851318188],[113.5501788179358,39.18257164833268],[113.54989495728634,39.18235314649112],[113.54961747267274,39.18212973763326],[113.54934650931716,39.18190153389743],[113.5490821998799,39.18166865220006],[113.54882468045118,39.181431208482145],[113.54857407796295,39.181189321586885],[113.54833052069236,39.18094311573139],[113.5480941310969,39.18069271435945],[113.54786502710088,39.18043824371547],[113.54764332781129,39.18017983091827],[113.5474291409949,39.179917609638174],[113.54722257656263,39.179651708995316],[113.54702373889879,39.179382265434555],[113.54683272762746,39.17910941190187],[113.54664964037991,39.17883329039164],[113.54647456649401,39.178554037675276],[113.54630759658869,39.178271794097455],[113.54614881440588,39.17798670195319],[113.54599830031175,39.17769890631186],[113.54486785002364,39.17686427123441],[113.54373257569732,39.17603362149476],[113.5425925011301,39.17520697624631],[113.54144764764123,39.174384350194],[113.54029804020888,39.17356576336672],[113.53914370358055,39.17275122949481],[113.53798465797291,39.171940765109525],[113.53763628524867,39.17154735087972],[113.53729548041613,39.171149941438635],[113.53696231600972,39.170748625329715],[113.53663686809058,39.1703434928201],[113.5363192103372,39.169934632427065],[113.53600941067434,39.169522133693135],[113.53570753833874,39.169106090634216],[113.53541366012006,39.16868659371656],[113.53512784068427,39.168263738855046],[113.53485014446557,39.16783761566471],[113.53458063152735,39.16740832105924],[113.53431936301907,39.16697595012651],[113.5340663954287,39.16654059715408],[113.53382178424478,39.16610236095292],[113.53358558600989,39.16566133760812],[113.53335785039066,39.16521762515417],[113.53313862820494,39.164771321599154],[113.53292796917468,39.16432252677472],[113.53272591839367,39.16387134061169],[113.53253252201041,39.16341786031474],[113.53234782177162,39.16296218948668],[113.53217185813499,39.16250442815449],[113.53200467158658,39.16204467724337],[113.53184629689387,39.16158303960238],[113.53169677110034,39.16111961712871],[113.5315561255312,39.160654513643294],[113.53142439256747,39.16018783024051],[113.53130159781338,39.15971967266312],[113.53122749225632,39.15946862001821],[113.53116229857008,39.15921607500734],[113.53110606742699,39.15896222746616],[113.53105884031453,39.158707269229176],[113.53102065303554,39.15845139495413],[113.53099153561173,39.15819479942241],[113.53097150875206,39.157937675814615],[113.53096058751414,39.157680221034305],[113.53095878223466,39.15742262938389],[113.53096609056794,39.157165096339774],[113.53098251023272,39.15690781917603],[113.53100802722845,39.156650990916404],[113.53104262302865,39.15639480738266],[113.53108626864096,39.15613946282069],[113.53113893391851,39.15588515149947],[113.5312005759377,39.155632066162454],[113.53127115062101,39.15538039957615],[113.53135060220633,39.15513034115684],[113.53143887156351,39.15488208309376],[113.53153589128128,39.15463581235089],[113.53164158701694,39.15439171604113],[113.5317558797114,39.15414997867645],[113.53187868218677,39.15391078404313],[113.5320098991466,39.153674315201805],[113.53214943282599,39.153440750762485],[113.5322971773097,39.153210267709895],[113.53245301965613,39.152983040478595],[113.53261684224114,39.15275924180262],[113.53278851813536,39.152539042816194],[113.53298892255131,39.15241595512893],[113.53318358773299,39.152287405681456],[113.53337226971419,39.152153558309514],[113.53355473159851,39.15201458029796],[113.53373074140946,39.15187064693019],[113.53390007899239,39.151721940437305],[113.5340625312948,39.15156864739882],[113.534217891275,39.15141096056741],[113.5343659648688,39.15124907961769],[113.5345065663017,39.15108320944691],[113.53463951683625,39.15091355750034],[113.53476464955608,39.150740338169825],[113.53488180695746,39.15056377014435],[113.53499084091659,39.15038407550998],[113.53509161500087,39.15020147969945],[113.53538420190112,39.14971152583299],[113.53566855121966,39.14921864180321],[113.53594461400333,39.148722909785704],[113.53621234608775,39.148224416353315],[113.53647169971666,39.14772324455339],[113.53672263192232,39.147219481830426],[113.53696509845612,39.146713212053136],[113.53719906210438,39.146204521637074],[113.53742447991131,39.145693498022],[113.5376413146384,39.14518022672031],[113.53784952921245,39.14466479774207],[113.5380490909921,39.14414729559563],[113.53823996182,39.14362781211248],[113.5384221113725,39.143106431747036],[113.53859550961998,39.142583247050695],[113.53876012746495,39.14205834424871],[113.53891593594197,39.14153181316395],[113.53906290846406,39.14100374536671],[113.53920102059605,39.14047422787564],[113.53933024928705,39.1399433539813],[113.53945057241735,39.139411210648035],[113.5395619715946,39.13887789196153],[113.53966442589079,39.13834348575676],[113.53975791800787,39.13780808429046],[113.53984243289557,39.1372717779672],[113.53991795560204,39.13673465988906],[113.53998447563673,39.13619681855597],[113.54004197927019,39.13565834884046],[113.5400904594801,39.135119339162706],[113.54012990597258,39.134579883415604],[113.54007372303626,39.134257053664314],[113.54000877569032,39.133935220987375],[113.53993509593002,39.13361453236524],[113.53985271443125,39.13329513030238],[113.53976166995542,39.13297715712523],[113.5396620025137,39.13266075783283],[113.53955375654185,39.1323460719227],[113.53943698119123,39.13203324148952],[113.53931172901135,39.131722406751116],[113.5391780571373,39.131413706923254],[113.5390360238559,39.13110728119508],[113.5388856942206,39.13080326410386],[113.53872713575312,39.13050179463468],[113.53856041930761,39.13020300809627],[113.53838561907055,39.12990703612126],[113.53820281394218,39.12961401294008],[113.53801208618701,39.129324070007094],[113.53781352143363,39.12903733600059],[113.53760720771322,39.12875394224732],[113.53739323856985,39.1284740127485],[113.53717171110526,39.128197674128806],[113.53694272228634,39.127925049412916],[113.53670637372818,39.12765626242423],[113.53646277612118,39.12739143228517],[113.53621203552872,39.12713067821852],[113.5359542659664,39.126874115671335],[113.53568958150845,39.12662186189032],[113.53541810065076,39.12637402862237],[113.5351399465044,39.12613072751394],[113.53485524204528,39.12589206661218],[113.53456411836271,39.125658154688466],[113.53426670172503,39.12542909521594],[113.53396312872773,39.125204989642235],[113.53365353371417,39.12498594126565],[113.53333805422952,39.12477204611083],[113.53301683480909,39.12456340185215],[113.53269001744604,39.12436009991614],[113.53235774990401,39.12416223160466],[113.53202017987633,39.12396988642093],[113.53167745845195,39.12378315199427],[113.53132974110963,39.12360210955573],[113.53097718216726,39.123426840362846],[113.53061993933875,39.12325742379955],[113.53025817370172,39.12309393647637],[113.52989204616753,39.12293645050614],[113.52969257391544,39.12285734112534],[113.52949735257499,39.12277204129876],[113.52930669813166,39.122680689179454],[113.52912091992393,39.12258343117148],[113.52894031849344,39.12248042647944],[113.52876518657905,39.12237184258369],[113.52859580911665,39.12225785524026],[113.52843245977331,39.12213864855585],[113.52827540447721,39.12201441671208],[113.52812489666798,39.12188536046618],[113.5279811819819,39.12175168885023],[113.52784449128836,39.1216136184214],[113.52771504765357,39.121471374011314],[113.52759306046791,39.12132518615152],[113.52747872660132,39.12117529104816],[113.52737223277832,39.121021932331516],[113.52727375086084,39.120865358456285],[113.52718344019111,39.120705823551354],[113.52710144865061,39.12054358469468],[113.52702790707744,39.12037890743793],[113.52696293590841,39.12021205755691],[113.52690663956425,39.120043305676155],[113.52685910985136,39.11987292539389],[113.52682042361958,39.119701192432125],[113.52679064391808,39.11952838461149],[113.52676981890477,39.11935478367599],[113.52675798168612,39.1191806707935],[113.52675515150504,39.11900632743055],[113.52676133265048,39.11883203717712],[113.52677651545243,39.11865808122216],[113.52680067641109,39.11848474195307],[113.52683377354437,39.11831230215605],[113.52687575543716,39.11814103941646],[113.52704339988412,39.11782436089968],[113.52721950708708,39.11751048127509],[113.5274040009462,39.117199538143595],[113.52759679724795,39.116891668380255],[113.52779781284246,39.116587006134004],[113.52800696111933,39.11628568562769],[113.52822414831725,39.115987834934096],[113.52844928202855,39.11569358749915],[113.52868226157194,39.11540307154388],[113.52892298620756,39.11511641348857],[113.52917134936118,39.11483373807828],[113.52942724330947,39.11455517008231],[113.52969055674093,39.114280830745],[113.52996117363321,39.11401083871078],[113.53023897572422,39.113745314473505],[113.53052384103533,39.11348437140283],[113.530815646568,39.11322812649277],[113.53111426214181,39.112976689688594],[113.5314195599252,39.1127301717852],[113.53173140384642,39.112488679253794],[113.53204966015036,39.11225231851547],[113.53237418806134,39.11202119344256],[113.53270484549397,39.111795403433405],[113.53296002148718,39.111515546604025],[113.53320769460566,39.11123162775787],[113.53344775477508,39.11094376731101],[113.53368010142532,39.110652092676766],[113.53390463498586,39.11035672674305],[113.53412125955037,39.110057797720735],[113.53432987915342,39.10975543201987],[113.53453040617826,39.10944976307251],[113.53472275400699,39.10914091978497],[113.5349068396853,39.10882903638615],[113.53508258478706,39.108514244303414],[113.53524991580106,39.10819668296102],[113.53540875787205,39.10787648640764],[113.5355167244363,39.10767475997625],[113.53563314246736,39.10747590607127],[113.53575788554032,39.10728013995584],[113.53589081674349,39.107087674418366],[113.5360317955117,39.106898716922146],[113.53618066957408,39.10671347068129],[113.53633727274097,39.106532137410944],[113.53650144200311,39.10635491065104],[113.53667299696804,39.10618198251824],[113.53685175250045,39.10601354162967],[113.53703751625109,39.105849768654146],[113.53723008766319,39.10569084083674],[113.53742925787571,39.105536929299404],[113.53763481209793,39.10538820079054],[113.53784652720266,39.10524481503592],[113.53806417532027,39.10510692826289],[113.53828752136722,39.10497468875139],[113.53851632429794,39.10484823950875],[113.53875033700774,39.10472771557014],[113.53898930537147,39.10461324942318],[113.5392329714823,39.104504964633485],[113.53956367225545,39.10449618542166],[113.53989394214508,39.104480366752206],[113.54022353184358,39.10445752126995],[113.54055219791623,39.10442766419618],[113.54087969260092,39.10439081895446],[113.54120577288653,39.10434701246971],[113.54153019368052,39.104296278018985],[113.54185271351933,39.10423865330563],[113.54217309113626,39.1041741814347],[113.54249108546183,39.104102910912964],[113.54280646248893,39.1040248936977],[113.54311898388555,39.103940189948176],[113.54342841485325,39.103848861549956],[113.54373452666364,39.10375097836345],[113.54403709178014,39.10364661112571],[113.54433587956211,39.10353584054992],[113.54488301155354,39.103273940920964],[113.54542572923957,39.10300652730739],[113.5459639405569,39.10273364501062],[113.54649755800203,39.10245533743239],[113.54702648737378,39.10217165442589],[113.54755064130836,39.10188264299413],[113.54806993251181,39.10158835194077],[113.548584271418,39.10128883102056],[113.5490935730531,39.10098412898816],[113.54959775033332,39.10067430004858],[113.55009671954745,39.10035939563211],[113.55059039355741,39.1000394681453],[113.55107869219206,39.09971457074346],[113.55156153313807,39.09938476113218],[113.55203883277036,39.09905009254353],[113.55251051225096,39.09871062260803],[113.55278923597037,39.09854105824173],[113.55306247721641,39.09836616126626],[113.5533300699145,39.098186038025084],[113.55359184825564,39.09800080206104],[113.55384765330088,39.09781056496585],[113.55409732403486,39.097615444681196],[113.55434070993904,39.097415561620764],[113.5545776605658,39.097211037997965],[113.55480803019006,39.09700199862455],[113.55503167906171,39.096788573584654],[113.55524846631404,39.096570893887375],[113.5554582615769,39.09634909301313],[113.55566093458319,39.09612330714139],[113.55585635982061,39.09589367594924],[113.55604442098812,39.09566033801051],[113.55622499861813,39.0954234400731],[113.55639798357635,39.09518312685622],[113.55656326910801,39.0949395448272],[113.55672075327747,39.09469284575012],[113.55687033983,39.0944431785616],[113.55701193736208,39.09419069839471],[113.55714546028081,39.09393556115439],[113.5572708230299,39.09367792364399],[113.55738794929499,39.0934179424627],[113.55749676982393,39.09315577765549],[113.55759721662025,39.092891591940024],[113.55768922627716,39.09262554703104],[113.55777274584838,39.09235780621313],[113.55784772011339,39.092088533719746],[113.55791410662108,39.091817895303386],[113.55797186298749,39.09154605851442],[113.55802095257158,39.09127318987474],[113.55806134793907,39.0909994548017],[113.55809302188459,39.09072502500974],[113.55815900236003,39.09046034274292],[113.55823345746698,39.09019702966956],[113.55831633757631,39.08993524986838],[113.55840759306123,39.08967516741637],[113.55850716614968,39.089416944766484],[113.55861499326639,39.089160743597],[113.55873101077421,39.08890672378481],[113.55885513999591,39.08865504463498],[113.5589873079662,39.088405863524656],[113.55912743011176,39.088159336283375],[113.55927541833418,39.08791561701564],[113.55943117988814,39.087674859026315],[113.55959461952811,39.08743721027058],[113.55976563290606,39.08720282250485],[113.55994411198702,39.08697184126163],[113.56012994752112,39.086744410298074],[113.56032302214857,39.08652067264822],[113.56052321607524,39.08630076779668],[113.56073040136478,39.08608483360526],[113.56094445226529,39.085873004285084],[113.56104697345576,39.08573668597677],[113.5611571816325,39.08560406029473],[113.56127485871853,39.08547539227734],[113.56139977120932,39.085350935594064],[113.56153167149036,39.08523093701943],[113.5616702966827,39.085115636458724],[113.56181537303365,39.08500526054763],[113.56196661274602,39.084900030827406],[113.5621237147745,39.08480015382117],[113.56228636742807,39.08470582908218],[113.56245424814173,39.08461724289504],[113.5626270235742,39.08453457097546],[113.5628043519169,39.08445797841978],[113.56298588045414,39.08438761615644],[113.563171249157,39.08432362446946],[113.56336009055265,39.08426612939933],[113.56355202869965,39.08421524636778],[113.56374668476509,39.0841710746521],[113.56394367147915,39.08413370381102],[113.56414259749239,39.08410320638461],[113.56434306757069,39.08407964329344],[113.56454468830246,39.08406306191191],[113.56474705417791,39.0840534945736],[113.564949766127,39.084050959964486],[113.56515242116015,39.0840554642515],[113.56535461801029,39.08406699735607],[113.56555595607529,39.084085535679144],[113.56575603432816,39.08411104392632],[113.56595445814612,39.084143472255676],[113.56615083116269,39.084182754655934],[113.56634476469944,39.084228814142264],[113.56653587413871,39.08428155833302],[113.56672378020812,39.084340883023785],[113.56690811013473,39.08440667216166],[113.56708849860335,39.08447879242065],[113.56726458808247,39.08455710220002],[113.5674360274735,39.08464144625046],[113.56760247907066,39.084731656421056],[113.56776360938916,39.08482755366244],[113.56791910074367,39.084928948671894],[113.56806864425513,39.08503564024611],[113.56821194331457,39.085147415204695],[113.56834871381145,39.0852640546889],[113.56847868377453,39.08538532426294],[113.56860159491838,39.08551098468663],[113.56871720472395,39.08564078556523],[113.568825283171,39.08577447082473],[113.56892561491671,39.0859117750613],[113.56921717475545,39.086433146637454],[113.56950127811608,39.08695701340771],[113.56977788672266,39.08748331143048],[113.57004696681602,39.08801197396182],[113.57030848591869,39.088542937830724],[113.57056241023146,39.08907613539136],[113.5708087095137,39.08961150161996],[113.57104735226854,39.09014896881759],[113.57127830831391,39.09068847375795],[113.57150155066695,39.09122994593834],[113.57171705026116,39.0917733212048],[113.57192478017274,39.09231853085189],[113.57212471469506,39.09286550794721],[113.57231682927326,39.09341418553151],[113.57244020675982,39.093771954842985],[113.572572169175,39.09412785938204],[113.572712676224,39.09448177302729],[113.57286167606102,39.09483356991079],[113.57301911808942,39.09518312683714],[113.57318494603291,39.09553032343666],[113.57335910222733,39.095875033064814],[113.57354152471235,39.09621713817629],[113.5737321502048,39.09655651675088],[113.57393091205077,39.09689304954326],[113.57413773897244,39.09722661740907],[113.57435255869592,39.097557105727695],[113.57457529755843,39.097884393604176],[113.57480587532329,39.09820837019414],[113.5750442127397,39.09852892012767],[113.57529022484286,39.09884592996142],[113.57554382441832,39.099159288102214],[113.57580492318948,39.09946888568142],[113.57607342937685,39.09977461300666],[113.57634924891822,39.100076361336114],[113.57663228444491,39.10037402650352],[113.5769224373619,39.10066750256828],[113.57721960339234,39.1009566864169],[113.57752368059573,39.10124147578463],[113.57783456022767,39.10152177215951],[113.57815213343918,39.101797474330134],[113.57847628929503,39.10206848743539],[113.57880691335643,39.102334715791336],[113.57914388890157,39.1025960646654],[113.57948709814593,39.10285244205064],[113.57983641996563,39.103103759616765],[113.58019173082225,39.1033499263858],[113.58055290740124,39.1035908576795],[113.58091982172947,39.10382646802289],[113.5812923436166,39.10405667469266],[113.58167034296478,39.10428139766607],[113.58205368844978,39.1045005551474],[113.58244224319684,39.10471407176901],[113.58283586920348,39.10492187308997],[113.58323443077134,39.10512388461959],[113.58363778770834,39.10532003557027],[113.58404579641793,39.10551025703258],[113.58445831336388,39.10569448189833],[113.5848751939814,39.105872646685974],[113.58529629247988,39.1060446861417],[113.58572145751928,39.10621054144046],[113.58615054352946,39.106370153631055],[113.58658339698258,39.10652346754291],[113.5870198666891,39.10667042885612],[113.58761476544228,39.106799890367434],[113.58820732593348,39.10693570743897],[113.58879743753934,39.10707785374432],[113.58938498732374,39.10722630301051],[113.58996986574653,39.10738102709015],[113.59055196204356,39.10754199606396],[113.59113116660242,39.10770917998909],[113.59170736970839,39.107882546225234],[113.59228046289714,39.108062064807996],[113.59285033862488,39.10824769945042],[113.5934168882221,39.10843941479304],[113.59398000535829,39.10863717632674],[113.59453958478812,39.10884094771897],[113.5950955187541,39.1090506872914],[113.59564770305857,39.109266355989874],[113.59596100740413,39.109483269062615],[113.59626812664844,39.10970548835517],[113.59656891227172,39.10993290375455],[113.59686322155564,39.1101654059196],[113.59715091174233,39.110402884609975],[113.59743184455515,39.11064522588347],[113.59770588497761,39.1108923103221],[113.59797289924084,39.111144021181865],[113.59823276030117,39.11140023616544],[113.59848534226347,39.11166083294978],[113.59873052368091,39.11192568460965],[113.59896818544348,39.11219466506791],[113.59919821516652,39.11246764269364],[113.59942049943653,39.112744489480555],[113.59963493374342,39.11302506821749],[113.59984141258144,39.11330924621764],[113.60003983720384,39.11359688613966],[113.6002301111021,39.11388784879028],[113.60041214350429,39.114181993946566],[113.60058584706515,39.114479180407486],[113.60075113667807,39.114779265119694],[113.60090793412874,39.115082103974125],[113.60094345596268,39.115205093757424],[113.60097023561624,39.115329420624114],[113.60098819439193,39.1154547062987],[113.60099727441461,39.11558057293958],[113.60099744998429,39.11570663748189],[113.60098872087822,39.115832518091146],[113.60097111235146,39.11595783416312],[113.60094467972493,39.11608220532088],[113.60090949927783,39.11620525522049],[113.6008656809212,39.11632661036751],[113.60081335559187,39.11644590310028],[113.60075268333877,39.116562771409534],[113.60068384652541,39.116676862692564],[113.60060705431835,39.116787830050974],[113.60052254054297,39.11689533684151],[113.60043055794165,39.116999057705144],[113.6003313897249,39.117098678309354],[113.60022533343354,39.11719389660928],[113.60011271140095,39.1172844244155],[113.59999386494458,39.11736998662343],[113.59986915446531,39.11745032391311],[113.59973895717032,39.117525193700814],[113.59960366819496,39.11759436921379],[113.59946369713735,39.11765763956776],[113.59931946819036,39.11771481336662],[113.59917141779806,39.11776571785433],[113.59888324794939,39.117966580935],[113.59858911594343,39.11816213238484],[113.59828918422667,39.118352262268864],[113.59798361663853,39.11853686692573],[113.59767258177745,39.118715846191016],[113.59735625059137,39.118889100749506],[113.59703479542084,39.119056537559864],[113.59670839204477,39.11921806260471],[113.59637722222205,39.11937358713807],[113.59604146557224,39.11952302696585],[113.59570130756246,39.11966629956625],[113.59535693148717,39.1198033260697],[113.59500853120778,39.119934031875744],[113.59465629603632,39.120058344288175],[113.59430041783142,39.12017619685992],[113.59394109192202,39.120287523068484],[113.5935785196486,39.12039226256365],[113.5931285867327,39.12044579503382],[113.59268009322221,39.120506219995],[113.5922332150052,39.12057351373878],[113.59178812325253,39.12064764996267],[113.59134499253724,39.12072860048983],[113.59090399380479,39.12081633272373],[113.59046529800376,39.12091081407029],[113.5900290736108,39.121012007489945],[113.58959549362774,39.12111987314307],[113.58916472406331,39.12123436954676],[113.58873693079818,39.1213554516209],[113.58831228202746,39.121483074236046],[113.5878909410992,39.12161718606868],[113.58747307136585,39.12175773579716],[113.58705883605272,39.12190466850243],[113.58664839492432,39.12205792934417],[113.58624190864182,39.12221745625947],[113.58583953097325,39.12238318824074],[113.58544142249127,39.1225550605288],[113.58504773565467,39.122733007645564],[113.5846586227301,39.122916958715315],[113.58427423605575,39.12310684466335],[113.58389472546746,39.123302591068445],[113.58352023377702,39.12350412096467],[113.58315091076616,39.12371135813335],[113.58278689793872,39.12392422113696],[113.58242833555066,39.124142625865026],[113.58226075794596,39.124187571335725],[113.58209615746779,39.12423875725515],[113.58193491588459,39.124296064404874],[113.58177740866694,39.124359359298744],[113.58162400158788,39.1244284960592],[113.58147505171425,39.12450331189232],[113.5813309053593,39.12458363433747],[113.58119189791861,39.1246692767679],[113.58105835043749,39.124760039367224],[113.58093057776341,39.12485571074963],[113.58080887352794,39.12495606829244],[113.58069352295301,39.12506088055387],[113.58058479225646,39.12516990210407],[113.58048293696874,39.125282879644665],[113.58038819146974,39.125399550439184],[113.5803007771081,39.125519643033584],[113.5802208964906,39.125642879183644],[113.5801487368488,39.12576897107849],[113.58008446558205,39.125897625942095],[113.58002823022424,39.12602854513309],[113.57998016418672,39.126161423117],[113.57994037886817,39.126295953044256],[113.57990896566892,39.1264318186003],[113.57988599876087,39.12656870655213],[113.57987153129258,39.1267062978266],[113.57986559670833,39.12684427198402],[113.57993056522459,39.127148893831226],[113.58000369553572,39.127452391061894],[113.58008495858579,39.12775463011854],[113.5801743173281,39.128055480320796],[113.58027173349261,39.12835480921275],[113.58037716428399,39.12865248713893],[113.58049056452782,39.1289483826939],[113.58061188330296,39.12924236549878],[113.58074106984944,39.12953430967256],[113.58048573574276,39.12969212338024],[113.5802248876171,39.12984436798731],[113.57995872472529,39.129990926472814],[113.5796874511118,39.13013168621342],[113.57941127333478,39.13026653993473],[113.57913040614419,39.130395382883904],[113.5788450645584,39.130518117508124],[113.57855546601054,39.13063464890436],[113.57826183275752,39.13074488746781],[113.57796439306799,39.13084874976631],[113.57766337181519,39.13094615424591],[113.5773590023257,39.1310370290737],[113.57705151555423,39.13112130067034],[113.5767411509411,39.13119890607751],[113.5764281446615,39.13126978781494],[113.57611273748293,39.131333887402484],[113.57579517175826,39.13139115803471],[113.57547568878654,39.13144155563366],[113.57515453699862,39.13148504136963],[113.57483196155864,39.13152158189116],[113.57450821014041,39.13155114919732],[113.57418353061635,39.131573720688905],[113.57385817333507,39.131589278217554],[113.5736023594208,39.13144704530992],[113.57334139586148,39.131310606371855],[113.57307549946341,39.131180073654306],[113.57298724533624,39.13113946489789]]]]},"properties":{"code":"SXPR-P03","name_short":"臭冷杉","merged":true,"area_km2":236.695}}]}