{"type":"FeatureCollection","features":[{"type":"Feature","geometry":{"type":"MultiPolygon","coordinates":[[[[111.08910996659128,35.038318789045306],[111.08924884113655,35.0380324960432],[111.0891091898464,35.03760331315551],[111.08917802087585,35.036902095413026],[111.08973427034972,35.036458089452445],[111.09095063216944,35.035112087553514],[111.09173237258419,35.034081212409944],[111.09388637510156,35.03121765672114],[111.09487661818268,35.03002919419025],[111.09584953677613,35.02892659428007],[111.09664659660692,35.0278759991241],[111.09868802563471,35.02570407343228],[111.09939735052498,35.024880694833804],[111.09794669318967,35.024011376185335],[111.09711929113762,35.02305806972897],[111.09539357627014,35.022451282113934],[111.0939870778341,35.02209463991269],[111.09273985561994,35.0215709152136],[111.09231892030148,35.02107040152826],[111.09244850767213,35.02029520082498],[111.09409800276697,35.017694360681],[111.094879282161,35.0164416646112],[111.09503756557447,35.01543986978534],[111.09294599078957,35.01465209353532],[111.09138668873128,35.013874835996674],[111.09004556659622,35.01324240001712],[111.08939589641318,35.01293760949719],[111.08889437002897,35.01237322555602],[111.08867288782146,35.011933986718404],[111.08805046797372,35.01154917862243],[111.08758058004166,35.012173059036385],[111.0866946263381,35.011563117366656],[111.08502550303325,35.01069252967022],[111.08341020822743,35.00943440583925],[111.08122404355974,35.00770728855167],[111.08040266964943,35.007215585242534],[111.07827269315717,35.00592338847295],[111.07545117366531,35.003975252215874],[111.07334349558896,35.00150384269939],[111.07165456052542,35.000474558785214],[111.07080716405929,35.00016877862058],[111.07041730965719,34.99980267963264],[111.0672811006122,34.9981559894004],[111.06318029365879,34.99626550613108],[111.06188093254507,34.994999295589814],[111.059209855137,34.9948479918089],[111.05880179081008,34.99484819013882],[111.05809713658255,34.995108010818456],[111.0571137840797,34.99469635920552],[111.0564648343135,34.99504772572311],[111.05566709752817,34.994819139867786],[111.05188224182537,34.9932486643132],[111.05221569815002,34.99260744956447],[111.04964489548789,34.9912866908303],[111.04908475759457,34.99132541491556],[111.0486580914317,34.991203477885605],[111.0477119807907,34.99088331737313],[111.04689564868093,34.990456253765196],[111.04643798367722,34.990102198966575],[111.0425503538955,34.98891742542763],[111.04056280260566,34.986606000361455],[111.03889354889357,34.98646345071352],[111.03804160990744,34.98654957848701],[111.0363028132471,34.98640701408566],[111.03461609457422,34.986049764822134],[111.03348576699236,34.985663720939456],[111.03223389226252,34.9856640597372],[111.03086021647235,34.98542115250978],[111.02983436691892,34.98539278991618],[111.0288258609105,34.98523562726595],[111.02809556485913,34.9851213206687],[111.02656541319276,34.984835472437844],[111.02320952894208,34.98413498673928],[111.02211405534754,34.98374883018566],[111.02072739569556,34.983429549741274],[111.0176483875896,34.9815373446145],[111.01714765025208,34.98147636186779],[111.01659131720872,34.9816138122186],[111.01620181313785,34.981354382766305],[111.01638716986874,34.980865921011876],[111.0162201332387,34.98020960617804],[111.01455091846428,34.97930926228492],[111.01317855457106,34.979034673654176],[111.01197304169426,34.978347933776504],[111.01052644804375,34.97747803938806],[111.00718829981986,34.97578401614762],[111.00455491424441,34.973479330551505],[111.00342373628794,34.97296040289955],[111.00112433246028,34.971601979138626],[110.99977068704943,34.970380890319625],[110.99941837580134,34.969968770085636],[110.99960380528768,34.969739815587666],[110.99991903128931,34.96980087081946],[111.00058916043551,34.96954132917037],[110.99984503466283,34.9680415198348],[110.99831532023222,34.966705936494584],[110.99646113972905,34.966190746805346],[110.99520957884401,34.96588543063736],[110.9937262974002,34.96502678051051],[110.99235894919039,34.96397732342925],[110.99126968160776,34.96359565786009],[110.99029628261266,34.96342386760209],[110.98969369526586,34.96338565856426],[110.98800187104976,34.962927592223764],[110.9867736228474,34.96227875753145],[110.98485029041605,34.96065676513917],[110.98304274888665,34.95981702264709],[110.98067903559543,34.958977165945754],[110.97965940968443,34.95861448672265],[110.97931174327783,34.95876706480925],[110.97889461286725,34.95867159447612],[110.97808356980194,34.95832801778762],[110.97629946081793,34.95701118772101],[110.97428365282138,34.95573244268686],[110.9720824892546,34.954529938585594],[110.9712715753485,34.9540145995748],[110.97090079833922,34.95399543158797],[110.96913982154294,34.95334628888125],[110.96770332542432,34.95263996809466],[110.96703138408711,34.95241083169237],[110.96675344063732,34.95206732254259],[110.96666142638807,34.95038828773736],[110.96351062701508,34.948765611328504],[110.96154166197212,34.94727679004142],[110.95968851364233,34.94601693111556],[110.95880880070648,34.94439486407084],[110.9581602863533,34.94384133216707],[110.95730313483529,34.943497599165376],[110.95614538025397,34.94290969199988],[110.95583418890509,34.94259953470693],[110.95578362731344,34.94236698243557],[110.95603742558902,34.941675435560796],[110.95602323722801,34.94112689007041],[110.9557989287554,34.94084061305218],[110.95542974291331,34.94067353132284],[110.95483625840042,34.94021420693836],[110.95446713334361,34.93994576072742],[110.95435144917913,34.939647597127546],[110.95437332289379,34.93937333508345],[110.95456169271094,34.939164721622056],[110.95472116894622,34.938830886472175],[110.95497470778554,34.93861037210004],[110.95493856319194,34.938503035301345],[110.95474315912206,34.93834197756797],[110.95403379112035,34.93798396746989],[110.95343299187265,34.937703505626104],[110.95278158634802,34.93729781048798],[110.9515647841942,34.9364045019646],[110.95086992401978,34.93605315659282],[110.94907079824127,34.935025927498295],[110.94693100758245,34.93349100376756],[110.9455414549903,34.93267759264891],[110.9443190923867,34.93133764278875],[110.94261012312039,34.93019206509658],[110.94128324623752,34.929340475767404],[110.94010203452747,34.928920145340506],[110.93902611685469,34.92867061995987],[110.93521788057753,34.9281763917186],[110.93327214810019,34.9278433517601],[110.93263280741111,34.92777431185041],[110.93114637122586,34.92806511293581],[110.93011535805748,34.928179002254716],[110.9288643990434,34.928130577265755],[110.92805373347122,34.92793930281156],[110.92691887392843,34.92759518994082],[110.92639773878254,34.92747085709394],[110.9257838875281,34.92740370483653],[110.92518166329843,34.92728885757079],[110.92336362316054,34.926724872443685],[110.92170792430265,34.925998787751745],[110.92070077864679,34.92539712284284],[110.9205155438569,34.92530160275349],[110.92036531591384,34.92493898974384],[110.92042347976839,34.92468145170911],[110.92062076395459,34.92429044588698],[110.92048200107865,34.9240518588095],[110.92011151889017,34.92387989835257],[110.91933568191017,34.92366950871752],[110.91873361626695,34.92343061028556],[110.91825899254408,34.92316317628222],[110.91769169063745,34.92291475659356],[110.91611696371369,34.92241760622548],[110.91493606745676,34.92191117229011],[110.91444965410966,34.921863131712946],[110.91398609773833,34.92211084125979],[110.9132794268246,34.922243896843916],[110.91293204218815,34.92215778969033],[110.91217962732837,34.921737493969495],[110.91091778266707,34.92114510366816],[110.91061695187145,34.920858686297045],[110.90954102282458,34.919741725239334],[110.90753880930782,34.91840463561462],[110.9070063738838,34.91810849328883],[110.9063348605853,34.917898100303184],[110.90576787189227,34.91743974865391],[110.9046812759516,34.91562632387969],[110.90421923250496,34.91457657380472],[110.90340937119858,34.91386044181151],[110.9026221468455,34.91360223701356],[110.90158036669894,34.913153023656655],[110.89584640738826,34.91322742523116],[110.89381966189065,34.913249521403564],[110.8873903231771,34.91453161753005],[110.8861729925062,34.915460621725174],[110.88486787156808,34.9170334718392],[110.88367916036478,34.918153275096],[110.8822882078758,34.91893897517443],[110.8811872286171,34.919414897518884],[110.8801159196566,34.919389995353995],[110.87662387551491,34.93102513009749],[110.88971514764336,34.938685183985584],[110.89198439263609,34.93973660521552],[110.89339681775239,34.94046288100194],[110.89253374144127,34.94168989089255],[110.89895641056752,34.94460022303562],[110.90015347723735,34.94509161919802],[110.90770935486886,34.948484233957025],[110.91283366664207,34.95092067484326],[110.92177991250043,34.9555058792622],[110.92151849596097,34.95624504672534],[110.93231889210243,34.96202313188055],[110.94242600379904,34.96703674068387],[110.9545330380832,34.97295655115214],[110.96232652164171,34.97669194789236],[110.96255064974059,34.97695789028501],[110.96238807212582,34.97764470487592],[110.96234142248913,34.97827431622568],[110.9642185850235,34.97938149902429],[110.96637388041103,34.980717683881174],[110.96822800060097,34.98174847934008],[110.97029092837406,34.98324583964064],[110.97099938427576,34.98228526144296],[110.97169470356745,34.98268609612116],[110.98167310027459,34.98927045492448],[110.97985737774012,34.991404307765016],[110.98309446128793,34.993938062706974],[110.98833590998765,34.99709970016278],[110.98927490223411,34.997443218510234],[110.99254396434219,34.999546978252035],[110.99352353463539,35.000009641602446],[110.99721015659533,35.0028717074902],[111.00043326273142,35.005323452381774],[111.00160842714074,35.00630837155292],[111.00464803099686,35.007872407138905],[111.00715832078389,35.01011219080645],[111.0123997862917,35.013946741024085],[111.01696908374412,35.0173423309063],[111.01954383741217,35.01928804623526],[111.01998464970852,35.01993667548548],[111.02193320069135,35.021348217040334],[111.02455444670002,35.02283591077684],[111.03053951688604,35.02602081626062],[111.03580582691242,35.02880497146681],[111.0363859399605,35.02933902195894],[111.03926279972198,35.03071184207829],[111.04401915093186,35.03305697626084],[111.04805622325091,35.0346390338455],[111.04981964593726,35.03542057826871],[111.05109570136145,35.035782555760754],[111.05193079391407,35.03578220123992],[111.05320685187539,35.036125077034136],[111.05761550575333,35.03784020836196],[111.06000558277255,35.03883117733078],[111.0625345860091,35.039402282196875],[111.06402342851909,35.03967698019347],[111.06470410138157,35.03845058623687],[111.06581730335125,35.03808747959135],[111.06843903491142,35.03856301292962],[111.07372941476152,35.039990866427665],[111.07570182340268,35.04060019250349],[111.07565565622272,35.0408482523449],[111.07544741319813,35.04143984221506],[111.07556359990708,35.04164964293178],[111.07693265961548,35.04201129116531],[111.07674751592972,35.04248839454046],[111.08144490798219,35.04335957043106],[111.08216440569203,35.043683434003064],[111.08296564203496,35.04422582394614],[111.08323489904046,35.04379635441838],[111.08360848363566,35.04330241896826],[111.08381691011378,35.04294453677036],[111.08398196964987,35.04271547023116],[111.08413829046287,35.04245063657794],[111.08435553748325,35.04221437818297],[111.08487733999367,35.04204945531594],[111.08532959712626,35.04193466143366],[111.08555571084757,35.04186295451217],[111.08572076226038,35.04163388557746],[111.08592040049265,35.04120445908766],[111.08600706514544,35.040889588159565],[111.08620676880828,35.04052455367869],[111.08640649973093,35.04018813755318],[111.08691935924114,35.039808569086354],[111.08724973540224,35.03962230754686],[111.08747571796893,35.03943612131042],[111.08777097237012,35.03894938430019],[111.08817088972168,35.03872014181111],[111.0888665915941,35.0385049910939],[111.08910996659128,35.038318789045306]]],[[[111.80750234604794,35.06732155914648],[111.8073605462914,35.06720291929075],[111.80606044959819,35.06635729178512],[111.80411286715935,35.06415709626358],[111.80395606864201,35.06236474127967],[111.80451123116782,35.05982359875422],[111.8049091990741,35.05781769764271],[111.80493968634646,35.05619580809579],[111.80495034284064,35.054917465687886],[111.80584067657772,35.05107673890383],[111.80574859439668,35.04878790700902],[111.80537271618803,35.045947675350305],[111.80440759538945,35.04215741365715],[111.80399288245682,35.04008058143544],[111.80332266807707,35.037967282140855],[111.80251723816527,35.03625552524788],[111.80047509944984,35.03378877755112],[111.79834958498331,35.032276480064034],[111.79463241377626,35.02926735467442],[111.79272396169564,35.028593001797],[111.78802986539155,35.02766963644538],[111.7832140060126,35.02855936128619],[111.77770965586495,35.03023554079606],[111.77585797771742,35.03064804920848],[111.77390703161228,35.03037432533864],[111.77193003345565,35.02979547523177],[111.77113053484659,35.028636750381615],[111.77081953450661,35.02762754907962],[111.77070778227949,35.025605903871465],[111.77028989564211,35.02309015139852],[111.76950652685605,35.02116815828032],[111.76807743705837,35.01963182453644],[111.76589423818321,35.0180477686648],[111.76441082029179,35.017513373569145],[111.76229253666791,35.0160385454772],[111.76166562678445,35.015956626634484],[111.76081328611816,35.01594766378341],[111.75874799583504,35.016432795229335],[111.75775928436636,35.01672515498821],[111.75560646745295,35.01715354273446],[111.75254804434665,35.01745872940598],[111.75059193320048,35.017713677830756],[111.75050061214732,35.017813945883546],[111.748848328419,35.0178241522813],[111.74704720161458,35.017405977909874],[111.74582951859797,35.01738961826334],[111.74371236387277,35.01728336769508],[111.7429846615458,35.016953944100536],[111.74062809910711,35.01601440244131],[111.73908342678477,35.015093722074255],[111.7374769643382,35.013744122017954],[111.7361945241623,35.0129649024236],[111.73517191142884,35.0120648523713],[111.73536200241327,35.0106327816202],[111.73561048400725,35.00924805349407],[111.73565564190717,35.00781685999636],[111.73517994961898,35.00648421618694],[111.73450168529652,35.005237318152204],[111.73411821358975,35.005139473774484],[111.73222182774232,35.00505076314095],[111.7276832063943,35.005092366814544],[111.72354076501036,35.00470216183349],[111.7204805370619,35.00476329275645],[111.71585197707188,35.00446156471921],[111.71277287006727,35.004350901964344],[111.71171184704141,35.00432850867085],[111.70969315213343,35.0041686174362],[111.70805432578473,35.003691674042315],[111.70676601644283,35.00352747043752],[111.70294704312278,35.0023047425077],[111.70079692693659,35.00100072313394],[111.699747780636,35.0002062856008],[111.69927383617679,34.9996867288739],[111.69835660727473,34.999184030296476],[111.69672164419849,34.99914334277495],[111.69505728747943,34.99973956416356],[111.6945024158634,34.99992876006539],[111.69262266774051,34.9997320157014],[111.69131964634869,34.99987538120057],[111.68990340180257,35.0000656431272],[111.6893691809222,34.99995420345884],[111.6889956592323,34.99965106014878],[111.68826797298235,34.998586762435515],[111.68681568827627,34.99682063706586],[111.68555052784309,34.99524422815257],[111.68458537172637,34.99349440178406],[111.68322186740146,34.99123167529554],[111.68147003381229,34.989657959300104],[111.680260762418,34.9892068431885],[111.6778288296578,34.98948755252101],[111.67645887575937,34.989228086073766],[111.67502251467776,34.989350554754594],[111.67351629027961,34.98943523663209],[111.67216984432432,34.98921374960906],[111.66936308002413,34.989019386774736],[111.66581696962237,34.98913428084315],[111.66303463365004,34.98909227012612],[111.66214301630886,34.98870341571436],[111.6620914803311,34.98882055956225],[111.66173435678361,34.989632317515536],[111.66184753834467,34.990126360225325],[111.66226474749128,34.99011454595519],[111.66266031248375,34.990293638329824],[111.66300943564156,34.99046344479827],[111.66338058968229,34.99049003563066],[111.66408750625351,34.99046709169901],[111.66449420513527,34.99058888054246],[111.66501620210995,34.990633719828914],[111.66534238019686,34.99083226352713],[111.66578455275717,34.991039709408575],[111.66585618621032,34.991296883949666],[111.66577798155679,34.991659815196286],[111.66565178801196,34.99182267962858],[111.6653755986062,34.99207222189294],[111.664916025324,34.9925803354106],[111.6644230461129,34.99290022429054],[111.6642161301787,34.99311599555578],[111.66401083110388,34.99353208927764],[111.66389177545634,34.993861854360595],[111.66399829741547,34.99413314824767],[111.66405323400242,34.99447627172889],[111.66372506033515,34.99474994282345],[111.66346608910779,34.99498030741787],[111.66324143137147,34.99515324652477],[111.66291175121971,34.99524090298996],[111.66265185454937,34.99535679685826],[111.66239218662926,34.9955013072103],[111.66225515634945,34.99575962209668],[111.6620148344208,34.99614728422725],[111.6621891777154,34.99620356992387],[111.66236190717542,34.99605953528944],[111.66263896375722,34.99591493009156],[111.66291452044297,34.99558431180262],[111.66315553014496,34.995282499891125],[111.66358861298295,34.99507980264493],[111.66428251401345,34.994875677872756],[111.66443646045163,34.99456003064793],[111.66459144785759,34.99437316071456],[111.66457163121564,34.99407277447046],[111.66439509380075,34.99374462590759],[111.6646001601053,34.993299915441916],[111.66482469422849,34.9931126644429],[111.66522426152514,34.99306754822411],[111.6656575592683,34.99289346163512],[111.66616075313073,34.99276191742774],[111.66669930109674,34.99270172362247],[111.6670800837571,34.99248499292038],[111.66735410128639,34.99196835138999],[111.66763148489774,34.991866661373095],[111.66782076919755,34.991622362106675],[111.66769719969271,34.99139409271817],[111.6674672162453,34.990908840911494],[111.6674116873428,34.99049417635209],[111.66747937599311,34.990264855120536],[111.6678290909306,34.990506190165085],[111.66795254317685,34.990720150053015],[111.66832092770439,34.99111878425233],[111.66839094175417,34.99117563540117],[111.66858231655218,34.991188890787896],[111.6687522311203,34.9907014385214],[111.66888934800339,34.99045742492504],[111.66937664921795,34.99051197663795],[111.66970746875931,34.99056738968786],[111.66996967203127,34.99073765458295],[111.6700934800165,34.99099453862735],[111.67011261727765,34.9912090728866],[111.67047774615487,34.991207056949776],[111.67064975026749,34.99097715788015],[111.67080506701619,34.99083320654352],[111.67127451746218,34.99083061176285],[111.67146741094433,34.99102987579123],[111.67145212738153,34.99128752761959],[111.67147196831102,34.99158791350232],[111.67161048106954,34.99151560070832],[111.67183616449695,34.991471423682626],[111.6720620805031,34.991455864138054],[111.67211283782656,34.991283871629584],[111.67228612444985,34.99121136554939],[111.67248806783891,34.99109934967004],[111.67274794669666,34.99098462832264],[111.67305844095881,34.990857700787416],[111.67335571378717,34.99088586316106],[111.67361725144966,34.99097384556612],[111.67397350887158,34.99112688569969],[111.6742844584785,34.99123247898839],[111.67428657070856,34.991490035397035],[111.6740454382612,34.991770405815856],[111.67407427508162,34.99210651364489],[111.67411069286389,34.99230664208521],[111.67430289253872,34.992420048720184],[111.67447741099421,34.99249778088451],[111.67464282686372,34.9925254800452],[111.67486005100042,34.99250996358317],[111.6748524737224,34.99264594386133],[111.67487285602304,34.99301071760284],[111.6747795143087,34.99329026776319],[111.6746678462818,34.993455445705216],[111.67446048661638,34.99361400019095],[111.67398707715812,34.99419615609856],[111.6738933803607,34.99443277921693],[111.67385378120409,34.99490520584184],[111.6737962063494,34.995306185630405],[111.67391991714945,34.99554875778087],[111.67416786681787,34.99609828846232],[111.6742748950267,34.99642680762554],[111.67425950218643,34.996670151014186],[111.67409654323372,34.99694293305568],[111.67391490464084,34.99705841546303],[111.67362041549507,34.99719598799924],[111.67342257335865,34.99744749855064],[111.67377186722894,34.99763158084095],[111.67406923128522,34.997844569627425],[111.67428106244019,34.99822974409283],[111.6742824709441,34.99840144756745],[111.67430244174128,34.99871614097189],[111.6745996936895,34.99891481989017],[111.67501714069222,34.99892680847337],[111.67527714934084,34.99882519763229],[111.67589902584572,34.998320911109786],[111.67601886301904,34.99809129514413],[111.67585965959364,34.99776306815582],[111.67559601047473,34.99742111312165],[111.67536643342244,34.996993111371104],[111.6754141314317,34.99644909376004],[111.67544585067168,34.996076875439044],[111.67526891307189,34.995705817911976],[111.6750900981503,34.9951058226361],[111.6752788972496,34.99480427722372],[111.67603902172296,34.994199055929954],[111.67664394151328,34.993752098202314],[111.67724814749072,34.99321928484512],[111.67776776871351,34.99297312701392],[111.6785343528898,34.99315486539756],[111.67911345957799,34.99379554539306],[111.67948238363417,34.994251378621534],[111.67948604982566,34.994694946486064],[111.67981843080302,34.99493634351928],[111.68060515003454,34.99544706936298],[111.68093978817498,34.9959603275587],[111.68108031614429,34.996131250507986],[111.6818831370864,34.99648447628594],[111.68187144616986,34.99717138694056],[111.68161323082144,34.997487641281445],[111.68154806642984,34.998017450846675],[111.68186129816984,34.998044310086684],[111.6824354762083,34.99808401186455],[111.68304633385705,34.99835245219962],[111.68345007848309,34.99880807685031],[111.68357358395932,34.999022020853104],[111.68418373872774,34.99920460374242],[111.68449959614385,34.999546246301904],[111.68478187086001,35.000031169455525],[111.68490550090394,35.00025942043561],[111.68550710094493,35.000358776186125],[111.68595075942146,35.000384888195185],[111.68630003359793,35.00056178011426],[111.68650168022675,35.00076096919822],[111.68700769894372,35.000965590716],[111.6874086660638,35.001084950411645],[111.6877574662734,35.00120460344678],[111.68811484382879,35.00130989684441],[111.68840194491439,35.00132973312618],[111.68893339511365,35.00145550180865],[111.6893338872744,35.00151761958994],[111.68963016465094,35.00159463815613],[111.69029540312667,35.00212029909689],[111.69056716218093,35.00238347486119],[111.69063696065517,35.00241169685835],[111.69091056052824,35.001859232834626],[111.69092674675441,35.00171604790833],[111.69109991784288,35.001629206617935],[111.69144680060978,35.001519911618416],[111.69179398244609,35.00144638802716],[111.69203809465114,35.001523697081126],[111.69237041822882,35.00175075032042],[111.69279832518275,35.0019701021445],[111.69333914495951,35.00217449846117],[111.69376621117202,35.00229368706342],[111.69405446476573,35.00244944110813],[111.69434386897322,35.002741126520924],[111.69451782337073,35.00274728545535],[111.69483059294254,35.0027168773436],[111.69538802383116,35.0028281589089],[111.6956324462083,35.00294123297618],[111.6959474565563,35.00317552958626],[111.69612329164744,35.003403469488205],[111.69644760674618,35.003709258651206],[111.696753928146,35.00394360295987],[111.69719158411246,35.0042845126124],[111.69730577155717,35.00441979437985],[111.69749220198004,35.00384635346835],[111.69769115041593,35.00372358152558],[111.69787380344569,35.00372968563705],[111.69811768378669,35.00377836551773],[111.69854555557318,35.003990542960786],[111.69884270188372,35.00416769840284],[111.69920971333853,35.004380222941236],[111.69943663298079,35.00447908099501],[111.69968988183503,35.00460640411968],[111.69983806114641,35.00464847803361],[111.70008139788868,35.00463276574666],[111.700533656578,35.004644465579844],[111.70096098977731,35.004792245300344],[111.70112012277866,35.00509897554655],[111.70116579527209,35.005356277886165],[111.70127950229099,35.00543432229776],[111.70165344851755,35.005439315358714],[111.70197571419881,35.005501843374546],[111.70218451674718,35.00551494563217],[111.70221874730433,35.005450355399226],[111.7024715141324,35.00552043912939],[111.70266402808114,35.005662417432596],[111.70276095777645,35.00581210385193],[111.70278734910077,35.00584772329527],[111.70291801986895,35.005875585711124],[111.70306534611836,35.00581749524886],[111.70327268013656,35.005658892502005],[111.70349740318859,35.00550018862099],[111.70370626828537,35.005520441984544],[111.70409797255682,35.00556825268957],[111.70463767781295,35.00563666711844],[111.70505595954423,35.005741557638835],[111.70547430373546,35.00585360043297],[111.7056405549245,35.005974262546104],[111.70648941001272,35.00609572329929],[111.70698999176044,35.00616435493718],[111.70763344705894,35.00633112356065],[111.70783234392523,35.006539832633386],[111.70785922766916,35.00696895336841],[111.7079911949438,35.00748331558138],[111.70790403492144,35.008132509187156],[111.70776745687891,35.00842902967902],[111.70787278676109,35.008542889773615],[111.70803493589943,35.00852286495789],[111.70817323850765,35.008426662840705],[111.7084039621798,35.00829176399097],[111.70854234732015,35.00820510095112],[111.70862078845151,35.0078898399634],[111.70868631953236,35.00742202273472],[111.70879847005283,35.00698255135144],[111.70898075676276,35.00660944645466],[111.70908435842033,35.00652298595854],[111.7094548552251,35.00646358383739],[111.70993647857256,35.00651800502866],[111.71067982258178,35.00667105659122],[111.7110168604497,35.00676447805305],[111.71113423967778,35.00693073102612],[111.71110822724795,35.007274304608615],[111.71109993618275,35.00765593245459],[111.71110327954766,35.00804226210451],[111.71118621032383,35.008246875798754],[111.7112646253126,35.0085993765006],[111.71129156912423,35.009033265853276],[111.7113427758499,35.00959102542711],[111.71142632831366,35.00986718054466],[111.71154988304217,35.01007632487924],[111.71151687645806,35.010281616977075],[111.71151306283387,35.01051058696072],[111.711676948955,35.01069087658786],[111.71181719296044,35.010818836597096],[111.71187967933747,35.010670608667034],[111.71192920811072,35.010365054374],[111.71198527668963,35.010145317835715],[111.71203472212429,35.0098302248949],[111.7119754290482,35.009677941254175],[111.71190930689797,35.00940645336894],[111.71189564728992,35.00916804675087],[111.71203759431594,35.00882379216529],[111.71209300136185,35.00852774321545],[111.71213491113637,35.00801236569311],[111.7122189286856,35.00767322069852],[111.71246662126724,35.00749051741354],[111.71265696448498,35.00737969567246],[111.71274677525084,35.00704051628093],[111.71276805936662,35.00682098353992],[111.71285964937046,35.00668689229626],[111.71316604863296,35.0065896980778],[111.7135822136616,35.00644892974279],[111.71388948130149,35.006451892952434],[111.71421426439643,35.006469060485344],[111.71452061971367,35.00636709312864],[111.71472901232703,35.006332478108526],[111.71498406701915,35.00633097599647],[111.71530296976657,35.006338637081754],[111.71566265829934,35.0063699049992],[111.71595344986511,35.00647789354992],[111.71615087156266,35.00651488701215],[111.71640522094876,35.00643230078809],[111.71665393917247,35.00636882542849],[111.71712897834595,35.006332631670176],[111.71730950983374,35.00642696017978],[111.7175322430062,35.0067070585352],[111.71781861603348,35.00697247106238],[111.71815678728655,35.007194648355636],[111.71834799759675,35.00718397691179],[111.71850943227511,35.00708285709525],[111.71858191188275,35.00675331608422],[111.71860810145051,35.00643358814758],[111.71871673765227,35.006261234425565],[111.7189245428208,35.00615983947954],[111.7192718434411,35.00610054482504],[111.71969512776914,35.006112344875255],[111.71997925007767,35.00612019989145],[111.72007783538383,35.00612438417152],[111.7202562376722,35.0059754642185],[111.72048726882106,35.0058786978723],[111.72076550970921,35.00587704598991],[111.72125293328453,35.005931387810016],[111.72136899310766,35.00594500717932],[111.72157154159659,35.00590564517717],[111.72177992876028,35.005871018105275],[111.72212806531496,35.0059071055385],[111.72234254268763,35.0059058293687],[111.72246939878792,35.00582875911091],[111.72272302636459,35.00566507782964],[111.72319789047519,35.005609782354135],[111.72377789288285,35.00564448336974],[111.724351762432,35.00564106012793],[111.7249608322185,35.00568512108978],[111.72558183344103,35.00576726574509],[111.72580840864417,35.0058231482483],[111.72647034710563,35.00627350590875],[111.72651598356437,35.00651768182726],[111.72672701090264,35.006617775298125],[111.72690821194603,35.006622652755716],[111.72720397516989,35.006471826380675],[111.72758076142644,35.006469568424656],[111.72793691902811,35.006592638769696],[111.72823648439564,35.00687106394613],[111.72863527562608,35.00689848127118],[111.72916560393365,35.0070503138065],[111.72952985957473,35.00726872502469],[111.72968995845015,35.00734527127518],[111.7299401341321,35.007773042882036],[111.72990010038973,35.00816082480447],[111.72971277991405,35.0089358408982],[111.72955912213192,35.00925872116982],[111.72934421447849,35.009539042181665],[111.72910296599821,35.00979090296194],[111.72899328942117,35.010170755351524],[111.72906285342155,35.01017033752038],[111.72911564781126,35.010142117986895],[111.72919289068038,35.01002717983578],[111.72929228581636,35.0099586140382],[111.72936562490068,35.00989378222322],[111.72954302410638,35.009796128474406],[111.72993570990664,35.00946107854449],[111.73025905305597,35.009151486061775],[111.73072586625399,35.00884102816565],[111.73113225359658,35.0085810154738],[111.73163543454113,35.00844920118319],[111.73188785226962,35.00847629748203],[111.73201143420961,35.008683035566236],[111.73210514431432,35.0094408584279],[111.73197073404606,35.00997110886207],[111.7317828753349,35.01035859011517],[111.73160256414764,35.01061724335148],[111.73106567045798,35.01087088876329],[111.73083305475028,35.011115545953636],[111.73047261280477,35.011654311342014],[111.73055988606372,35.0116895590975],[111.73081180543268,35.011659423522815],[111.73120196140954,35.011528291469745],[111.73152274331277,35.01141903940991],[111.73194761622841,35.011280539853644],[111.73266800899319,35.01112594714006],[111.73284204795073,35.01113920546321],[111.73308737421333,35.01134520717544],[111.73321019703164,35.011563396607826],[111.73339200064152,35.01195937808355],[111.73344746428957,35.01232750473087],[111.73357572358171,35.01256998578852],[111.73373911761058,35.01285160479901],[111.73384132411766,35.013097820525296],[111.73415982738346,35.01338207757221],[111.73456755023048,35.0135942486759],[111.73507736649579,35.013877346120005],[111.73547011990314,35.01403594529315],[111.73580485029854,35.014188932495856],[111.73613399003392,35.01452677926222],[111.73645706246306,35.014995829886836],[111.73677160823357,35.01532184026699],[111.7370785895627,35.01561212184276],[111.73747306894363,35.01596149292245],[111.737765079005,35.016198204187546],[111.7380129138228,35.016357675825425],[111.73836252667813,35.016552300775736],[111.73851545936678,35.016634840261766],[111.73856806230162,35.01684319559875],[111.7384984358782,35.01715961367768],[111.7385364385961,35.01735613382385],[111.73844565951791,35.017738264063915],[111.7380142761446,35.018122465938006],[111.73777039866721,35.0184041700909],[111.73707875850447,35.01886149644668],[111.73672478015712,35.01898885121155],[111.73681201147761,35.0190181321537],[111.73709432325278,35.01898064486683],[111.73735521383233,35.01897906005038],[111.73760204018924,35.01902525715093],[111.73815248950542,35.01898613743515],[111.73839818966168,35.01890713526242],[111.73860770843339,35.0188343143615],[111.73902594020568,35.018599243955194],[111.7393360569846,35.01843041518168],[111.73947305032056,35.018352072134086],[111.73970473700868,35.018326812171026],[111.73986948379756,35.01811117008936],[111.73998076081669,35.01759178442949],[111.74014609527305,35.01744172186668],[111.74052250185473,35.01739172873134],[111.7406963175258,35.017378744012255],[111.74120526358487,35.01756046320906],[111.74138053349165,35.0177084469989],[111.74154082620564,35.0178028616852],[111.74164255131164,35.0178320505978],[111.74183113141942,35.01784878453063],[111.7422445270095,35.01788202990809],[111.7425926998189,35.017915672977146],[111.7427741419582,35.01794437404015],[111.74294876726351,35.01802081264675],[111.74307926534496,35.01802597616286],[111.74338309543553,35.01796449358098],[111.74362127129437,35.01785571555498],[111.74382483110755,35.01792601404545],[111.74397047048726,35.01800262972724],[111.74405142918744,35.01813926279612],[111.74401794814126,35.018443538220794],[111.74398333390087,35.018622614314864],[111.74402735565008,35.01868196633738],[111.74424476424909,35.018680633280916],[111.7445202561691,35.018690867541316],[111.74470164549305,35.01871360356742],[111.74520893158903,35.01871048968027],[111.7457242227286,35.01879079440747],[111.74663128347947,35.01891638521312],[111.74724911929542,35.01911529538584],[111.74778772991394,35.01936835089267],[111.7480142325,35.019569667774974],[111.74817491651348,35.01970580658275],[111.74834813922529,35.01962723111621],[111.74861464837257,35.01944672273221],[111.74885390851955,35.01945717062382],[111.74897721611968,35.019468333703024],[111.74920100271974,35.01937155848769],[111.749343550283,35.01910834381389],[111.74982005390126,35.01890864952835],[111.75024086716833,35.018959708241994],[111.7505526505723,35.01897566689603],[111.75168560170191,35.01912987917647],[111.75262297377337,35.01892374194372],[111.75316057290824,35.018748696203986],[111.753611074209,35.01855988087914],[111.75468625995977,35.018209780190304],[111.75543387549571,35.01817650997336],[111.75578133122637,35.01813141971785],[111.75630086611766,35.01788492765896],[111.75720382308344,35.01772189659671],[111.7578151312898,35.01799710943777],[111.75795518674724,35.018252606823076],[111.75810095072028,35.01834112867988],[111.75826149598848,35.01846806382942],[111.75850347286388,35.01830199611892],[111.7588505967886,35.018221126238046],[111.7593035287616,35.018296993179185],[111.75959242466463,35.01850266789898],[111.75969929449826,35.01877387328804],[111.75985834249374,35.019044750980186],[111.7600082986325,35.01927275843207],[111.76022809189679,35.01952894619319],[111.7604471579088,35.01970643824231],[111.76100465632658,35.01980310740812],[111.76138981898258,35.020072565801506],[111.76161798280788,35.02029292555433],[111.76203700603274,35.02046200468626],[111.7622311838085,35.020768432324054],[111.76219872195342,35.02101904646469],[111.7620201441264,35.02145659665621],[111.76176302849592,35.021866020728055],[111.7615209152942,35.02201778674857],[111.7611050013002,35.02218495051057],[111.76072340807174,35.02230181675273],[111.76028956681107,35.022411853304035],[111.76004698685618,35.022513537456284],[111.76006590297305,35.022677973556405],[111.75952908867201,35.02293889969454],[111.75890490521216,35.02315744114532],[111.75861040441828,35.02328806507348],[111.75841275628983,35.02354686472032],[111.75827664641567,35.023876825311824],[111.75811371803272,35.02412825347407],[111.75778416012503,35.02423047556038],[111.75759401648479,35.02436044533355],[111.75741342743692,35.02458336395922],[111.7573368697982,35.02476986113215],[111.7573818722592,35.02493413481888],[111.75771986574374,35.02480324229597],[111.7582753479593,35.02467814497608],[111.75882345326514,35.02469618277733],[111.7591285740646,35.02477297514596],[111.75957059625132,35.0246056538012],[111.76006559320378,35.02452385469912],[111.76058813680848,35.0245992805134],[111.76093727388746,35.02473302832029],[111.76115456503412,35.02471735663106],[111.76135359901942,35.024608789445026],[111.76166522822069,35.02444943343987],[111.76254945702809,35.02413623438468],[111.76300063012732,35.024018925836565],[111.76329486034636,35.023859675060066],[111.76356193545095,35.02358612088071],[111.76395042961515,35.02327602983993],[111.76424505478154,35.023159701192455],[111.76443724941478,35.023251500320114],[111.76441535536281,35.02370237570612],[111.76431418971409,35.02404643265203],[111.76428253103529,35.02438289592628],[111.76440641593943,35.02467306851735],[111.76447865577857,35.024958795465515],[111.76460543122953,35.02549697465534],[111.76460203108941,35.02575456012638],[111.76458752386412,35.02606468236654],[111.76459554276566,35.0263031169492],[111.76456877253662,35.026541771619705],[111.76451912160414,35.02681395740549],[111.76454966576343,35.02698070524534],[111.76469073108659,35.02718491358488],[111.76473353893451,35.02742312887958],[111.7646831762823,35.02761900443184],[111.76464423267525,35.02779572909259],[111.76462290534373,35.0279961915999],[111.7649430941683,35.02813249504804],[111.76497935045137,35.02828966682144],[111.76480271542935,35.02862465978024],[111.76456207721314,35.02893620689511],[111.76445364210328,35.02912290829297],[111.76443151470144,35.02923752113634],[111.76464069655108,35.029283899999065],[111.76501758424433,35.029281524498764],[111.76545249991601,35.029283551748556],[111.76578973390566,35.02938158755815],[111.76609200133477,35.029460764280856],[111.76642945940563,35.02958264573958],[111.76668565333384,35.02969550072634],[111.76694229348328,35.02985604824777],[111.76700790179905,35.03005119162258],[111.7670271235009,35.03024662817843],[111.76692993324987,35.030395103744574],[111.76668211761958,35.03055883907154],[111.76643970004096,35.030679612949825],[111.7660815361292,35.03082496600261],[111.76581030246193,35.03096499945307],[111.7656389302579,35.03124272358653],[111.76538646796666,35.031530498893105],[111.76489675585078,35.031872236201906],[111.76459183568346,35.03213172172585],[111.76432839218737,35.032486339717366],[111.76409216266215,35.03264999679177],[111.7639021430917,35.03279428450246],[111.7636593598424,35.03287689826029],[111.76346265300381,35.032925832885056],[111.76342874927289,35.03302143978774],[111.76347075840813,35.03317380664864],[111.7634896177007,35.03333108820434],[111.76349754581072,35.03355998416902],[111.76351707066428,35.0337888062513],[111.76361077921845,35.033888380977714],[111.76386409813925,35.033691228519956],[111.76408320190916,35.03355629763037],[111.76437759703856,35.033411352170866],[111.76469447459267,35.0331899487357],[111.76486169932537,35.03308873122513],[111.76511590181482,35.03298696506969],[111.76535288613123,35.0329043849831],[111.76563050403664,35.03282631890198],[111.76622338964928,35.03235514578819],[111.7665751821729,35.03214782592744],[111.76673085054514,35.032051448809064],[111.76707278208252,35.03203020882418],[111.7671310784372,35.03206322812152],[111.7673988775571,35.032176007227754],[111.76760954019159,35.0323797726185],[111.7678777882059,35.03254024459057],[111.76808015518782,35.032476958055234],[111.76822337678206,35.032290033309174],[111.76822136835062,35.03207540915853],[111.76830522095513,35.03174099896668],[111.76849380156696,35.03144408326242],[111.76868398847849,35.031318866236646],[111.76900794053361,35.031235728984555],[111.76931530138405,35.03123854973216],[111.76953648964131,35.03132777169991],[111.76976307571378,35.03137403218494],[111.76998863206755,35.031310594471286],[111.7702084799501,35.0312567324711],[111.77051601882957,35.031278628839175],[111.77076004509405,35.03132954576061],[111.77088805803373,35.031376429333925],[111.77109059893539,35.03133221558535],[111.77126918524212,35.03120706825035],[111.77156808604552,35.03104767320273],[111.77171422765518,35.031051607543894],[111.77198729007064,35.031107107277606],[111.77204675385386,35.03126412911476],[111.77211295857212,35.03152127151443],[111.77223598138998,35.03165404085743],[111.77249209982146,35.03175734403523],[111.77283083372912,35.03201275069776],[111.77308218936928,35.03222578631062],[111.77350008347022,35.03226604991935],[111.77392917084076,35.03226331388145],[111.77431240999185,35.03231810555657],[111.77459190708979,35.032440333951435],[111.77466450357554,35.03275944063583],[111.7746788466739,35.03305030041425],[111.77478596599471,35.033340567805396],[111.77494909507666,35.033728256739444],[111.77476084802093,35.034058567927275],[111.77510370597066,35.033981256115446],[111.77542030040236,35.033886223889034],[111.77559290633847,35.03374202958953],[111.77561535002903,35.03335554044489],[111.77559525087185,35.033069487551764],[111.77556200316707,35.03277278630641],[111.77582967271637,35.0325635933536],[111.77609040230729,35.032540462150685],[111.77645179818207,35.03258465437861],[111.77687863069931,35.03264989043556],[111.77697328969904,35.03254196599239],[111.77697146150759,35.03234880484445],[111.77728530516094,35.03196402655694],[111.77760464472438,35.03170083952882],[111.77802893094145,35.03149779289802],[111.77841016790147,35.031341525222864],[111.77896107420705,35.031191321286514],[111.77918191257776,35.031089739960144],[111.77947273767208,35.03103063547685],[111.77969945162947,35.03108999299988],[111.78004925836761,35.031288071622214],[111.7802508333862,35.03144775313454],[111.78037851281083,35.03161148612551],[111.78056160473193,35.031656813623755],[111.7806812283117,35.031430675905874],[111.7806885317123,35.03128396034043],[111.78075094021624,35.03098664507995],[111.78087093658684,35.030799855002854],[111.78103085487788,35.03069508489067],[111.7812829129278,35.03067557584413],[111.7815617106841,35.030723862151774],[111.78181873082025,35.03076871067497],[111.78204527528958,35.03081017851288],[111.78221371854634,35.03068746551883],[111.78232127884291,35.030565144832586],[111.78248122778471,35.030463949179385],[111.78267685364581,35.030455533508714],[111.78289904975973,35.0304970269034],[111.78315219859823,35.030591980189456],[111.78328851101993,35.03074850037795],[111.7835323838098,35.03078269865991],[111.78359693256233,35.03071073628836],[111.78379475527396,35.03047693560228],[111.78397045851649,35.03020392817022],[111.78415673648573,35.03012760151614],[111.7844297837103,35.03002925073954],[111.78481743610278,35.03009113475713],[111.78510979266714,35.030192984379674],[111.7853837286104,35.030187634201724],[111.78565369318449,35.03022165934798],[111.78574641949973,35.03036772748315],[111.78579593357875,35.03054269324036],[111.78596235024958,35.030663242669554],[111.78615325034974,35.03061550177765],[111.78634712873357,35.03042464931261],[111.78649330692947,35.030248415548286],[111.78666067977586,35.030014808494776],[111.78685955589289,35.02989189179433],[111.78718920044868,35.02980032182209],[111.78779449559099,35.02988224805911],[111.78817876221099,35.03004430759093],[111.78835857054537,35.03020053950422],[111.78877207855163,35.03023720157884],[111.7890587506056,35.03019956500837],[111.78939014898972,35.0302904189241],[111.78969894308885,35.030291987141595],[111.79009029526996,35.03028586213473],[111.7903658839167,35.03045219881886],[111.79063232790783,35.030572091129905],[111.79079053711953,35.03074276903906],[111.79070590457151,35.030986574922515],[111.79052224870459,35.03133476670238],[111.79015176380938,35.03170206131563],[111.78987540163436,35.03190776476324],[111.78963742153648,35.03203451830579],[111.78944206804053,35.03207156218751],[111.78929523962766,35.032179835617924],[111.78957904960748,35.03229603886065],[111.79002746227519,35.03234320179746],[111.79034013101845,35.032294661438826],[111.7906873485084,35.032220853869084],[111.79109082513833,35.03211806069852],[111.7914610739018,35.03217765185985],[111.79176130522953,35.03204214208443],[111.79202278712798,35.0314966904306],[111.79230865698884,35.031075091079245],[111.7927029453181,35.03107251590416],[111.79338788995422,35.03114435477581],[111.79380675557722,35.03128470627792],[111.79406483662935,35.031588277524236],[111.79435734053588,35.0318534660441],[111.79479922159304,35.03197458454216],[111.79525510171412,35.03234363382366],[111.79544462730956,35.032752584531636],[111.79549480407233,35.033143370609615],[111.79532491497217,35.03356421710854],[111.79508433346824,35.033871053527086],[111.79491342473023,35.03418697291163],[111.794812005887,35.0344928979041],[111.79453616569616,35.034752267520275],[111.79438697073411,35.03491541411209],[111.79445803177624,35.03506757869592],[111.79467995056781,35.03522829516148],[111.79470536062315,35.035457073933564],[111.794673524135,35.03576254209762],[111.79472360809129,35.036143789054265],[111.79465817886413,35.03657349010431],[111.79454497456042,35.03686041223083],[111.79455832606077,35.037041573296804],[111.79474388683644,35.03704035799056],[111.79545849837663,35.03657778482742],[111.79619441485303,35.03567339713853],[111.79628287597913,35.034928745505155],[111.79647082944764,35.034576939657185],[111.79678200951923,35.03437456924134],[111.7969479733475,35.03440865621331],[111.79715277630034,35.03459809837787],[111.79725013090216,35.0349194122369],[111.7971898755971,35.03543254999466],[111.79697038626114,35.035970581570936],[111.79702448294532,35.036316028431045],[111.79732340512842,35.03649292798671],[111.79756463100762,35.036700016345904],[111.79769075130964,35.036997292758905],[111.7976937062727,35.03730134124597],[111.79796421865267,35.03753804649036],[111.79806240385825,35.03779496355338],[111.79826538528525,35.03809411867418],[111.79816246704875,35.03824504140745],[111.79805112791746,35.038424636329154],[111.79813985043883,35.0386029161562],[111.79846398570493,35.03883688337558],[111.79878102543464,35.03923545003279],[111.7987415716748,35.03965067213359],[111.79856175885642,35.03994519118025],[111.798251467014,35.0402405684875],[111.79779274037325,35.04047968557359],[111.7976296935065,35.040709702533164],[111.79777868165729,35.040823194977925],[111.79817109183487,35.040920778089564],[111.79851124127046,35.04101154809398],[111.79874965436207,35.041374859425176],[111.79870177903085,35.041818755494326],[111.79856510695855,35.042077217800646],[111.7985061653498,35.042277932842886],[111.7986130563111,35.04253479191432],[111.79869559214563,35.04297067451102],[111.79872586682208,35.043399747096],[111.79861598430908,35.04372957834914],[111.7986175857074,35.04389412129711],[111.79869024100954,35.04420844199671],[111.79881460253524,35.044472340664775],[111.7988710454374,35.044908394786496],[111.79888308711969,35.045251733078516],[111.79872093943199,35.045574753603944],[111.79861801292293,35.04572567575261],[111.79862010187496,35.04594029785781],[111.79868287571367,35.04613305669569],[111.79862351387393,35.046290846919185],[111.79818319803928,35.04663716129188],[111.79706607554125,35.047166786747056],[111.79590252823633,35.047396215643694],[111.79556879967299,35.047294145864456],[111.79556440483155,35.04729529956531],[111.79556300096324,35.04729418389096],[111.79531131206103,35.0471353755114],[111.79515389327493,35.047050553220906],[111.7950057290373,35.04702290559077],[111.79484182997382,35.04716707011592],[111.79460039944863,35.0473904424417],[111.79440190888894,35.04755629580278],[111.79417690495796,35.04767939577507],[111.79394292366847,35.047773936328284],[111.79376893717411,35.04777507484306],[111.79352494068759,35.04773374352494],[111.79314962586795,35.04760741705214],[111.7930983988414,35.04770791501198],[111.79318725833971,35.047900506181435],[111.79319050904778,35.04823674761923],[111.79311373658443,35.04839464900895],[111.7928207229918,35.048682744522196],[111.79259661206274,35.04889884479417],[111.79231981906281,35.04906520721868],[111.79212069817275,35.0491666705813],[111.79226907264685,35.04921578319746],[111.7925471102484,35.049178194448416],[111.7928160328726,35.04909773800401],[111.79307701687793,35.04909603213231],[111.79332018707701,35.04905151466359],[111.79358061620043,35.048992574934836],[111.79383276148744,35.048976616382504],[111.79405853222772,35.04893221219305],[111.79421463659716,35.04888110790312],[111.79439670185839,35.04881552544421],[111.79467397479296,35.04869923757832],[111.79507262222421,35.0485392261536],[111.79530764458154,35.048551994513375],[111.79564740653996,35.048599848160265],[111.79600512277361,35.048704819441696],[111.79614507756314,35.048782600301244],[111.79638859118658,35.048773847976285],[111.79672445900788,35.04857934853326],[111.79698314188707,35.048480742034556],[111.79715951993687,35.04842711671783],[111.79753614489684,35.048388868705224],[111.79795368417658,35.04838302241618],[111.79832406914694,35.04844855344728],[111.79850863558711,35.04864051075874],[111.79863192411031,35.04879352202819],[111.79868694172175,35.049082917364],[111.79854246673709,35.04959863619917],[111.79808220429216,35.049983239022765],[111.79798384132766,35.05030583876071],[111.79804438994594,35.05056777269057],[111.7981501783585,35.05100827200977],[111.79790797863662,35.05145106055531],[111.79808522074711,35.051783772033254],[111.79827742769648,35.052164081258304],[111.79809183290064,35.05246340718035],[111.7971644335194,35.052529125412086],[111.79660160697286,35.05255716979506],[111.79660039212513,35.05256130773882],[111.79659580679653,35.05255720788308],[111.79620414550651,35.052642749844395],[111.79591910354125,35.052676815539485],[111.79554515003728,35.052693578278316],[111.79541520734703,35.05275166583499],[111.79539947271968,35.05292347718111],[111.79544394328704,35.05302334943751],[111.79555724896424,35.05304406925945],[111.79581824535889,35.05304235822525],[111.79602704201332,35.05304098827551],[111.79617646734879,35.053197406944335],[111.7962468264952,35.053286400089874],[111.79639869484913,35.0533247288628],[111.79646481244858,35.05341372628883],[111.79655302736573,35.05353835118308],[111.79660592105016,35.05360954905795],[111.79684064539677,35.053590121130426],[111.79709750181105,35.05360989736665],[111.79734195531877,35.05365905101555],[111.79761785944837,35.0538076970067],[111.79768421066358,35.05392054091286],[111.79758410155007,35.05406428955949],[111.79748094816284,35.05426767853081],[111.7974075683554,35.054476039110575],[111.79785421563496,35.05447787215967],[111.79823771257341,35.054546894400595],[111.79849973501322,35.05465010272818],[111.7985197814257,35.05492184174178],[111.79823098648862,35.05504775404652],[111.79772188072467,35.05518465450848],[111.7971140333397,35.05530789197284],[111.79637356913051,35.05551308123826],[111.79590408593049,35.055549550162965],[111.79580915479035,35.055550887756795],[111.79580908725968,35.055551045033916],[111.79580335440126,35.05555092580974],[111.79526440121279,35.055680142154536],[111.79516980870942,35.055795234027194],[111.79498904728976,35.05599674553088],[111.79472218396104,35.05629182891767],[111.79456717369553,35.056457398485406],[111.79442949490978,35.05661569947051],[111.79426827683093,35.05703887142958],[111.79407984869408,35.05734774863993],[111.79405561866777,35.05754107905571],[111.79413475271772,35.05762641503802],[111.79423853340691,35.05756134526475],[111.79434141317638,35.05740327239329],[111.79456457194085,35.057087012415565],[111.79491761020631,35.05670550976379],[111.79539369566996,35.05645198172565],[111.79566326369194,35.05643590498962],[111.79608957495527,35.05643310793385],[111.79646424115762,35.056487883906655],[111.79693460991857,35.0565420309107],[111.79744966191035,35.05671750894789],[111.79777108439878,35.05666531403652],[111.79788288951477,35.056665294343695],[111.79835477446056,35.05674088867911],[111.79859037799048,35.056810882978894],[111.79873974548845,35.05696014381837],[111.7987247835771,35.05721065037792],[111.79858780716678,35.05744049654487],[111.79835477844958,35.057635202194696],[111.79841714329008,35.057785035990555],[111.79882682723984,35.05786103872849],[111.79904656723589,35.05808853570475],[111.79920498626612,35.058273508861774],[111.79901615594017,35.05853946968165],[111.79870398526676,35.05864884329278],[111.79836578172613,35.05876554142247],[111.79792386755545,35.0589544669208],[111.79765575301892,35.05912078341971],[111.79729172238459,35.059266267],[111.79697056749208,35.059347076627475],[111.7967103851183,35.05943463981866],[111.79647755474289,35.059650804286754],[111.7962001793744,35.05975994300406],[111.7959670689752,35.05994748973844],[111.79578588295874,35.060106077686996],[111.79541231190147,35.06016576426063],[111.79513486287402,35.0602677461624],[111.79505014521469,35.06050440061544],[111.79512231730772,35.06076864435406],[111.79542091631446,35.061052866227364],[111.79557098006501,35.06127367231433],[111.7956534511879,35.061702401191816],[111.7956551865455,35.06188125260392],[111.79536359194628,35.06231958969172],[111.79521637124557,35.06239210008978],[111.7948427893484,35.062451784130445],[111.79468742127058,35.06258158355174],[111.79483609903504,35.062659309344106],[111.79508988143665,35.06280789023463],[111.79536273181076,35.06312805434391],[111.79544435780934,35.06342006837149],[111.79544973601767,35.06342097680808],[111.79535388203495,35.06363529608292],[111.79540395484698,35.063879244623706],[111.79550099153062,35.06416478861268],[111.79548932421318,35.06445700698326],[111.79542528055447,35.06458263090258],[111.7955494134846,35.064671248131056],[111.79574570925166,35.06472361927252],[111.7959409635604,35.06466867930466],[111.79607647304125,35.06443526845676],[111.79606245090409,35.063737796770425],[111.79608867527226,35.063451444273],[111.79628103163715,35.06309841941727],[111.79642210957635,35.06269207122824],[111.79666626073376,35.06244602239825],[111.7970252620966,35.06207997690647],[111.79719701844095,35.06184632657591],[111.79721622028514,35.061583868603456],[111.79723663916963,35.06144660656707],[111.79728698717115,35.06140454068519],[111.79738768412417,35.061320409754025],[111.79758298720874,35.0612714292474],[111.79797202632014,35.06101250019901],[111.79849888124592,35.060758626034044],[111.79871593400686,35.06070949962984],[111.79884644320225,35.06070864017895],[111.79915688189232,35.06056946743374],[111.79958292062952,35.06038779787575],[111.80011829588514,35.060265025078444],[111.80031487472974,35.06034719810847],[111.800389824292,35.06059711053643],[111.80042939355451,35.06093668865993],[111.8003746476658,35.06127092673793],[111.80047807639228,35.061466993223426],[111.80059845114486,35.061913354670494],[111.8005366300036,35.06226552573925],[111.80051639107779,35.062420673359455],[111.80081454354533,35.06250813659135],[111.80085330048203,35.06276424996073],[111.80083352785188,35.06296709185616],[111.80099484932273,35.06315085079539],[111.80122090553424,35.06328052310802],[111.80131129415106,35.063625727443515],[111.80127917563104,35.0640492467046],[111.80120824059237,35.06421069167807],[111.8013472883429,35.064340939330535],[111.80152276658889,35.06448883144192],[111.80169859522198,35.06467249440133],[111.80179682068427,35.06507726584029],[111.80170599828655,35.06542962901864],[111.80171534711954,35.06564420233951],[111.8017537598532,35.06586454501953],[111.80176966070175,35.06600752997639],[111.80179292962258,35.06616239009134],[111.80196695478409,35.066161239547014],[111.80226325568687,35.06605792486138],[111.8027839867516,35.06591735168954],[111.803169225108,35.06601019492832],[111.80348906255577,35.066249242649],[111.80373423993652,35.066405017046336],[111.80403186140744,35.06658429102614],[111.8042195002503,35.06678814311222],[111.80425631685102,35.06699299419437],[111.80422347441528,35.067254870952475],[111.80430298176434,35.06731463636713],[111.80446875204078,35.06735884927246],[111.80465199634527,35.06741009998157],[111.80488796360709,35.06751346680997],[111.80507518521247,35.06767439292434],[111.8052890507908,35.0678899921554],[111.80570443284043,35.068244958390885],[111.8059884764034,35.06851732629074],[111.80604047363727,35.06864001851897],[111.80607121382369,35.06868056572452],[111.80612292048016,35.068629188041776],[111.806147818462,35.06858812503062],[111.80616835860279,35.0685753814234],[111.80750234604794,35.06732155914648]]],[[[111.80750234604794,35.06732155914648],[111.80616835860279,35.0685753814234],[111.806147818462,35.06858812503062],[111.80612292048016,35.068629188041776],[111.80607121382369,35.06868056572452],[111.80609934216749,35.06873489198092],[111.80591574137567,35.06903865319168],[111.80553493539202,35.06925104982499],[111.80509433614421,35.06928259391126],[111.80466108378648,35.069471484620415],[111.80443470344535,35.06945867753144],[111.8042267532947,35.06955068032399],[111.80408851050922,35.06965175773812],[111.80394544824017,35.06985303225193],[111.8038425241569,35.07000634512366],[111.80385080422373,35.070259082600714],[111.8038704511704,35.070487894299895],[111.80384294275885,35.07064070637129],[111.80367115473949,35.07087078856006],[111.8034871050513,35.071034176678744],[111.80339559574037,35.071168333014434],[111.80351409766342,35.07142034118407],[111.80366665906061,35.07159580506459],[111.80376144192674,35.07179550480098],[111.80374553377796,35.07194823723862],[111.8035265367146,35.07209754999664],[111.80331352623851,35.072265897816195],[111.80325696274495,35.072414131365754],[111.80332915016712,35.07267598440422],[111.80338351146295,35.07289503085046],[111.80345405003688,35.07307045689308],[111.80338616349545,35.073247384016106],[111.80322587757398,35.07346784862122],[111.80292004084163,35.073636813205546],[111.80282267720516,35.07376623883604],[111.80275549048879,35.074014704999904],[111.80257868360067,35.07432590174016],[111.80238363090746,35.074551367904526],[111.80211928406361,35.07481067779987],[111.80213809065565,35.074953642364804],[111.80200081413123,35.075154876239424],[111.80192118034572,35.07531757139678],[111.80199140508428,35.075379112137306],[111.80227754450301,35.07556800660039],[111.80248288566186,35.07580036146151],[111.80260204452243,35.07611913826561],[111.80259997911214,35.07650072598176],[111.80248763876793,35.07687826993717],[111.80250634877325,35.07701169703042],[111.80262383030309,35.07715878014806],[111.80274902622448,35.077501367165304],[111.80312449200676,35.07792337973239],[111.80324258147098,35.07813246327137],[111.80309695557682,35.07872510254612],[111.80345449462204,35.07924143366071],[111.80359556130988,35.07942651506524],[111.8037465596772,35.079736733979786],[111.80377119115782,35.08002990410808],[111.8038440898099,35.080219168545185],[111.80386446491363,35.08144704759142],[111.80370916593381,35.081484638062946],[111.80328010239222,35.081516097692614],[111.80312934593921,35.081526635129386],[111.80295753369482,35.081756717133665],[111.80227439943133,35.08191386629609],[111.80176485368267,35.082022169565185],[111.80031585727818,35.08218436988165],[111.79992160217417,35.082215589725394],[111.79945679101722,35.082151880920726],[111.79865602794918,35.082147616772716],[111.79822714670895,35.08219813874841],[111.79750909482047,35.08234595028146],[111.79703314615425,35.082330000805236],[111.79678983448555,35.08236975897127],[111.79620908044375,35.082316335671564],[111.79557141678434,35.082377756935166],[111.79517836310775,35.082532963656185],[111.79480851498168,35.08268801791403],[111.79406558017672,35.08266426754395],[111.79381269544031,35.08291394629214],[111.79309536527187,35.08313804362802],[111.79252658158285,35.083122683622776],[111.79214254103462,35.08301072077146],[111.79183088940289,35.08318446450529],[111.79096062753511,35.08379588894853],[111.79026492830015,35.083857661832475],[111.78963535807317,35.083556504828444],[111.78902936928037,35.083293347575314],[111.78863372778932,35.08318144997123],[111.78856630714324,35.083410831958474],[111.78894094444384,35.083751809942974],[111.78926861970892,35.08403585811133],[111.78922477523618,35.08430324346614],[111.7891098355631,35.084418462786864],[111.78857860781899,35.08468901949996],[111.78783776658335,35.08488462026105],[111.78704958662608,35.084985133884686],[111.78686391697374,35.08498633704804],[111.78640340341569,35.085370897588696],[111.78600976848149,35.085468843294606],[111.78577914347666,35.0856229667036],[111.78548327893432,35.08623539928191],[111.78474533869228,35.086736221628804],[111.7838871457148,35.08679900688985],[111.78349404593888,35.086954178011695],[111.78315010236105,35.087395207276636],[111.7827573639498,35.08758853018564],[111.78227050984547,35.08764890634777],[111.7819932701902,35.08778424641338],[111.78185674545739,35.08807130458439],[111.78169682574493,35.088339436522595],[111.78158514710582,35.08879804246994],[111.78130971975116,35.089124155363095],[111.7804610857804,35.0898734473465],[111.77950797687139,35.09033269543691],[111.77858534502134,35.09094675488385],[111.77835607279539,35.09124633025193],[111.77840140663034,35.091436824363726],[111.77863441942554,35.09153072261297],[111.77928392871627,35.09118075029355],[111.77981885535,35.0909865232861],[111.78071264558498,35.09089245009231],[111.78080777333669,35.09067708576291],[111.78122709569529,35.09053129684261],[111.78161100622083,35.0904751649393],[111.78204693911697,35.09054985948482],[111.78230873792275,35.0906197155175],[111.78253273354927,35.0905288381222],[111.78272720491259,35.090384494966486],[111.7830311565188,35.09031098849963],[111.78329244227582,35.09032718527583],[111.7835173494505,35.090331693627135],[111.7838212990348,35.090258187000366],[111.78413895731343,35.09010111865557],[111.78447300221006,35.0901406918218],[111.78485793554616,35.09019185942065],[111.78503012707709,35.08999399726794],[111.7853256201635,35.08979533363227],[111.78570815185444,35.08959610981494],[111.78632174924225,35.08928806567936],[111.78670111557108,35.08907226377852],[111.78680576685117,35.08888566781427],[111.78724437141403,35.08863479981277],[111.78761719342606,35.08878500819208],[111.78804377923784,35.08914783396836],[111.78826235942965,35.08962380934133],[111.78849744378479,35.089932307855925],[111.78846634383086,35.090469096328],[111.78835350381833,35.090803703799814],[111.78820099279444,35.091086104706264],[111.78809802566624,35.09124059682023],[111.78797861390171,35.09149535630118],[111.78805524581148,35.09177030616832],[111.7881140584749,35.0920024427464],[111.78819393213489,35.09222180468086],[111.78841535093134,35.092315758494465],[111.78840209339525,35.09214413662005],[111.78839860566211,35.091781665347725],[111.78839640225202,35.09155273915215],[111.78887776150066,35.090920011909354],[111.78929178016723,35.09052620866845],[111.78933627074376,35.09032559336051],[111.78931960877658,35.089801041258255],[111.78933886670583,35.08939072377357],[111.78948771031169,35.089179890122],[111.7897646671648,35.08901591906995],[111.79014643171811,35.08888942182487],[111.79049246250905,35.08866776022764],[111.79106128672638,35.088683130141526],[111.7915272329398,35.08886133643899],[111.79173814921911,35.089069823107906],[111.79198646544874,35.089545168421296],[111.7920350979871,35.08977379309004],[111.79215317593855,35.0899828862793],[111.7922608514119,35.090316058253755],[111.79235618389782,35.09057299697242],[111.79239330682435,35.09081123644881],[111.79252013322126,35.0907245530705],[111.79264653688746,35.09029445979014],[111.79266849503465,35.08986504739575],[111.79258503808336,35.08933616078968],[111.79254496337886,35.088792683542756],[111.7925408809886,35.08837059521161],[111.79266634213249,35.08811340854322],[111.79275268812202,35.0880412992221],[111.79291506130956,35.08803069684235],[111.79314803424307,35.088119796664316],[111.79336369304275,35.08821854911129],[111.79341420503452,35.08804174238726],[111.79349298997413,35.08778843409672],[111.79354391830044,35.08765455004207],[111.79360617457046,35.0874919742523],[111.7938490409433,35.087404530858784],[111.79398115367069,35.087265346092146],[111.79423395968404,35.08700612870607],[111.79437298581408,35.08698137212751],[111.79470335536827,35.086786793628164],[111.79469467554863,35.08678243754935],[111.79509266216233,35.08654218193546],[111.79552993163243,35.08615774119098],[111.79571349998677,35.08618832341348],[111.79607363895397,35.086332774494686],[111.79624167072717,35.08645687377591],[111.7963829565057,35.08644104136335],[111.79647576493107,35.08628839902916],[111.79656625557146,35.08589728967619],[111.79669503787119,35.085714599895184],[111.79684218274963,35.085555639690845],[111.79688416277637,35.08539736956925],[111.79690075839568,35.08523926535465],[111.79695709826872,35.08506599445287],[111.7970430291029,35.0849521509266],[111.79714358184391,35.0848501341562],[111.79731692169206,35.08477446894667],[111.79758448640072,35.0846922213954],[111.79772983127918,35.08472107715905],[111.7979536962994,35.084883565344256],[111.79797993599898,35.08487757271195],[111.79809265173951,35.08496134513568],[111.79833140382422,35.08534611614078],[111.79857997872766,35.08584529041739],[111.79878161975671,35.08599420767089],[111.79891014614702,35.085785880424204],[111.79898401078502,35.08532750633758],[111.79904763715483,35.08471180480015],[111.79915938490306,35.08456797691479],[111.79932299969678,35.08438803822862],[111.79949734397917,35.08441550553486],[111.79982743730366,35.08434893961981],[111.80010446997731,35.0841968666049],[111.80051337924,35.084179859059105],[111.80087975254537,35.08426329437475],[111.80124675512272,35.0844111143992],[111.80147499593747,35.08460993082382],[111.80160750400276,35.0848093806006],[111.80167052750087,35.08502359659746],[111.80178541815795,35.085201699006454],[111.80207199737298,35.08513541289114],[111.80238384321932,35.08498310802581],[111.80265427530435,35.08504570641731],[111.80288315334411,35.08530890768164],[111.8030865548991,35.08563666628026],[111.80335305490723,35.08618579570054],[111.80350339659846,35.086428052385166],[111.8035441080632,35.086141602556374],[111.80371291206495,35.0856038978856],[111.80384177617718,35.08543133654812],[111.8042494978432,35.085292699172406],[111.80451084924631,35.0853167212807],[111.80505101179496,35.0853703723001],[111.8056390749205,35.08513876196366],[111.80609201983897,35.08517391001906],[111.80634928683199,35.085372525989385],[111.80666711247316,35.08582829649631],[111.80700683428655,35.08615037153799],[111.80727862755697,35.08664460581948],[111.80725889486797,35.08699769199385],[111.80719114662884,35.08718892962248],[111.80734416887091,35.08740731411758],[111.80739401184175,35.08759744886851],[111.80733361603357,35.087946035863254],[111.80718277878971,35.08853847396189],[111.80722523058175,35.08872420803395],[111.8073995362635,35.08874689604563],[111.80765885989011,35.088563924014984],[111.80775561828126,35.08837249201344],[111.80793527509236,35.087760780731564],[111.80815864943098,35.08746357520726],[111.80853981567479,35.087279787361226],[111.80888682383204,35.087163001048005],[111.80922265197547,35.0870892164665],[111.8095922560051,35.08691027328166],[111.80914444117477,35.086808330201514],[111.80873781149563,35.086763344052066],[111.80843411607063,35.08656504552162],[111.80832755783076,35.08635112164109],[111.80833704429466,35.086136424125236],[111.808404178358,35.085883185864084],[111.80837880361261,35.085663950846424],[111.80822096970562,35.085545761978295],[111.80804497290548,35.0853513801737],[111.80804276323002,35.085127220797936],[111.80800540966159,35.08486990995855],[111.80787625754208,35.08471814114507],[111.80770540975223,35.08445694960854],[111.8076739550828,35.08420913551778],[111.80771882053874,35.08405143832518],[111.80765292901224,35.08384201453773],[111.8075868038674,35.0836087418932],[111.80764907404182,35.083450929699225],[111.80777030549315,35.0833881162817],[111.80807130636896,35.083314566035114],[111.80857061148326,35.083344625162304],[111.80890236192823,35.08344734484287],[111.80907128153892,35.08351299100177],[111.8092169449336,35.08357402583384],[111.8093963368727,35.08352513233938],[111.80971460234608,35.08343715400606],[111.80995805293256,35.08341167958061],[111.81031801410232,35.08343312147268],[111.8105451425983,35.08351745795323],[111.8108885502176,35.0836248641456],[111.81115704959299,35.08378523657162],[111.81147649386627,35.08381648761959],[111.81190636691002,35.08386607535725],[111.8122782661933,35.083920819814544],[111.81259096297818,35.08385671890175],[111.81254327030986,35.08372825863882],[111.81249538752242,35.08358072096332],[111.81234221608459,35.08334803510643],[111.81218975794418,35.08318688903512],[111.81169445972255,35.0829755711093],[111.81137982807567,35.08284412427434],[111.8110940189865,35.0826934105693],[111.81087198546997,35.082537496238274],[111.81059844451191,35.082453471500095],[111.81037183559053,35.08242159773277],[111.80998829480048,35.08236215522582],[111.8095984317365,35.08225028758652],[111.80941725134376,35.082117947264386],[111.8093056480146,35.081980371537696],[111.80928579408643,35.081732483073885],[111.80925499418898,35.08155144075523],[111.8089468803326,35.08149149243086],[111.80871471108934,35.08148350030045],[111.80834334039334,35.081481206509466],[111.80802890789039,35.08136883182565],[111.80771915232744,35.081141952190826],[111.80746274041506,35.08102918864146],[111.80696577853446,35.08064615499297],[111.80685324212723,35.08041318972937],[111.80663364367338,35.07991383766659],[111.80654464398509,35.07971410479132],[111.80650744201358,35.079471100095205],[111.80650457661278,35.079180169854524],[111.80651486644557,35.07904655151012],[111.80642082020253,35.07892316592189],[111.8060371533501,35.07884940369741],[111.80572825580114,35.07870836583024],[111.80561067381417,35.07855174758385],[111.80540438161262,35.07822401289171],[111.80529241547782,35.078048280128044],[111.80505211060577,35.07780185171675],[111.80498174096343,35.07772600587104],[111.80492863562075,35.07763573389324],[111.80488072341255,35.077483422340364],[111.80488544801413,35.07737368871057],[111.8048840428249,35.0772306091717],[111.80488179454804,35.077001682443154],[111.80483954419623,35.07683502447978],[111.80479158691136,35.07667794326696],[111.80482414785759,35.07644878370528],[111.8048795391017,35.076181316109775],[111.80487729309984,35.075952387524175],[111.80489127830093,35.07560410910009],[111.80495888129694,35.075398566392835],[111.80521372474963,35.07535394639185],[111.80534234139154,35.075453255762284],[111.8055360872333,35.07568568149848],[111.80555040855013,35.075962227057765],[111.80558199595222,35.0762243482102],[111.80571122393769,35.076385658191874],[111.80600902374441,35.0765792352629],[111.80629059563387,35.07689216064771],[111.80669849276397,35.0770706951446],[111.80721105099228,35.07727237843427],[111.80751881990402,35.07729894794423],[111.80759292443918,35.07716490453573],[111.80753883084654,35.07697447783322],[111.80732612138004,35.07658478310436],[111.80718439376626,35.07633293539725],[111.80704870365645,35.07610489322103],[111.80700536932791,35.07582854275151],[111.80707390754272,35.07571838436751],[111.80736945509575,35.07568302874587],[111.80761241247575,35.075609867047014],[111.80784334385339,35.07549385768089],[111.80791117546266,35.07531215774523],[111.80784571398368,35.07514565634839],[111.80758225027847,35.0749041596996],[111.80733661828401,35.07470546924965],[111.80727695910407,35.07453892979295],[111.80732229125773,35.07442892482446],[111.80759199785821,35.07412663979625],[111.80817586721459,35.07391288552361],[111.80858172805634,35.07388633251736],[111.80893155104825,35.07406047603938],[111.80930373355383,35.07414861743994],[111.80948380575887,35.074098861267714],[111.80956214257597,35.07387820189547],[111.80959865366403,35.07346299938553],[111.80947688217101,35.07336782113434],[111.80941520244953,35.07297612750755],[111.80936209656831,35.07288586012218],[111.80939992586117,35.072604197923205],[111.80943308695309,35.07243703907899],[111.80954250934883,35.07235522401115],[111.80976998304511,35.072477714710416],[111.80997425223026,35.07260036175553],[111.81026153350648,35.07290370107945],[111.8105090073329,35.073288391335154],[111.81082680766387,35.07374415126157],[111.8110791928048,35.07403818294881],[111.81125370414883,35.07408471290105],[111.81137548778199,35.07407912738908],[111.8114734025821,35.07400693009003],[111.81148877611025,35.073801731471455],[111.81153306223787,35.07358679867666],[111.81160659132665,35.07339552056348],[111.8116336610344,35.07319978433679],[111.81166624885596,35.072975392670415],[111.81160559276245,35.07270869952804],[111.81142626414425,35.07217569678078],[111.81137735304858,35.07192323369994],[111.81154469025459,35.07183148956209],[111.81183413786285,35.07176754726365],[111.8122236690411,35.071850792851],[111.81237026020816,35.07200720962165],[111.81246077687156,35.07235955785876],[111.81248073427764,35.072616983431736],[111.81263397891692,35.07285920986443],[111.81286358580698,35.07319631686895],[111.81311945978177,35.07325660848197],[111.81350225096733,35.07324450070059],[111.8139458132039,35.07335376950914],[111.81417083382094,35.07322824892939],[111.81422186065467,35.07310866520223],[111.81433532862785,35.07285034234314],[111.81450019999053,35.07251059128355],[111.81470762315097,35.072366106495984],[111.81511238406675,35.07222983591007],[111.81560406512529,35.07208344327704],[111.81602165837782,35.07207109262905],[111.81620896066343,35.072236769664734],[111.816456840123,35.072659602295175],[111.81664680556659,35.07309236055264],[111.81692212837953,35.073357607937126],[111.8173469235676,35.0736790807466],[111.81740779043261,35.073964849907654],[111.81744554942406,35.074260312770924],[111.81733094805314,35.07440417666353],[111.81733142472885,35.074451868809994],[111.81752895682706,35.074479154961175],[111.81776063198797,35.074439437427706],[111.81804975040099,35.07434209413598],[111.81830682085275,35.07452160685841],[111.81837424632097,35.074301745680614],[111.81829131192582,35.074130598950134],[111.81802121148226,35.07380808437757],[111.81789063118772,35.0735132477084],[111.81772334229116,35.07302787061579],[111.81777926131058,35.07281762889355],[111.81789290687848,35.0725783802659],[111.81800769516308,35.072453595055805],[111.81847217733068,35.072488618663854],[111.81893837304119,35.072695336204184],[111.81992233665265,35.0736235389322],[111.8199912602159,35.07365409979321],[111.82067240752905,35.07423709088882],[111.82081215868932,35.07443289156555],[111.82088611060986,35.07457548246284],[111.82112828435298,35.07486002135178],[111.82136759318774,35.074858400797474],[111.82159204024639,35.07482110804996],[111.82185322271447,35.07483126038162],[111.82207922305298,35.074948971458674],[111.82240165237155,35.075280661731306],[111.82260655739776,35.075464094582344],[111.82282027278521,35.07580248161676],[111.82287474505357,35.076171761597806],[111.82303925728127,35.07666549543054],[111.82321501668788,35.07691157793698],[111.82319935256434,35.076932251948364],[111.8233382219491,35.07725967102421],[111.82333689076633,35.077268171586994],[111.82333680205402,35.077267963078384],[111.82325746695749,35.077730972957944],[111.82299171511417,35.078133427806975],[111.82234340886893,35.07857424921204],[111.82213670272074,35.07879028503102],[111.82205988608855,35.078941049240115],[111.82209401921205,35.079026919251284],[111.82209489606967,35.079015522172796],[111.82227418280357,35.07911068420232],[111.82256638646794,35.079265775418904],[111.82281044487888,35.07930227613061],[111.8228060096861,35.07931351979261],[111.82277773135979,35.079309288784216],[111.8224038100117,35.079389449481525],[111.82175233202366,35.07951548997983],[111.82147693170046,35.079824998507654],[111.82140491765004,35.08012683036933],[111.82156893530214,35.08047448730071],[111.82161869739751,35.080808025322725],[111.82161764268861,35.08081208128676],[111.82161747090288,35.080810914314405],[111.82149832996276,35.08109119537366],[111.82124247769531,35.081615203308665],[111.82108611002707,35.08189496901072],[111.82114377012563,35.08205134766823],[111.82123057609319,35.08207587384948],[111.82134160859746,35.08210724559709],[111.82170132719197,35.08210480771731],[111.82178444617492,35.082089785172535],[111.82247077346489,35.08196572264156],[111.8225237659809,35.08195614430819],[111.82292980465523,35.08194384881674],[111.82311661556393,35.082057051929546],[111.82311457415818,35.08206766553778],[111.82311401152825,35.082067325045145],[111.82301763618658,35.08244739439713],[111.82279192291465,35.08337185250713],[111.82277311136261,35.08358872789683],[111.82284433526283,35.08383320607247],[111.8232287093883,35.08397368749367],[111.82407705839358,35.08409193498543],[111.82443611203581,35.084285190372036],[111.82453211361104,35.08433686215887],[111.82512661690971,35.08459991832536],[111.82531799180462,35.08468034484166],[111.82566271748966,35.08482521374616],[111.8259742034321,35.08464184580268],[111.82623587749192,35.08450143628602],[111.82642436368093,35.08440029521581],[111.82680681905822,35.08434999191478],[111.82731971615532,35.08457543820662],[111.82757722226701,35.08479308400484],[111.82778696657749,35.08487750395388],[111.82831958425055,35.08479211000082],[111.82847055582026,35.08476790430657],[111.82888792244812,35.08472689477998],[111.82937780870063,35.084971567317226],[111.8293764889514,35.08498277096814],[111.82937387698544,35.08498146747096],[111.82923502607657,35.085331211648935],[111.82924807062035,35.08563360170796],[111.82959702056522,35.08599076862776],[111.82983306730472,35.08638026487257],[111.82998837257601,35.08681800942542],[111.83002647146229,35.087142083455724],[111.83021475389836,35.087398353633894],[111.830400910445,35.08744477591632],[111.83074682507055,35.08722300366351],[111.8311404108407,35.0871249124743],[111.83126593049874,35.08691418899504],[111.83140141119712,35.0865412283331],[111.8317444130496,35.08603329385162],[111.83197407918028,35.085793237719564],[111.83208190785214,35.08612637331698],[111.83221536984321,35.086697812495366],[111.83225115298063,35.08679296001017],[111.83256214765464,35.08656188341901],[111.83281492477747,35.086312125471956],[111.83310425907635,35.08623382433865],[111.8333585870158,35.08613668178355],[111.83349492811038,35.085849568053135],[111.83363301415734,35.08573414797088],[111.83366307309313,35.08526651639394],[111.83381130668388,35.085007938009326],[111.83420449060918,35.08487168245338],[111.83466399596007,35.084410635221985],[111.83501114770121,35.08431285296254],[111.83561952460055,35.084795165611645],[111.83591332737991,35.08515563260757],[111.83633224960822,35.085267214801924],[111.83664994671011,35.08569428985807],[111.83685794754157,35.08560700209563],[111.83707618843829,35.0853860929636],[111.8374444060222,35.08507829171665],[111.83780296684488,35.08496134496549],[111.83824500148727,35.0850632210923],[111.83856075509428,35.08529952107273],[111.83866695201607,35.08547049326011],[111.8386634461644,35.085476576299904],[111.83856077409916,35.08571780923761],[111.83851009280055,35.08586840278965],[111.83849913526011,35.08608216588777],[111.83886053226345,35.08624183402847],[111.83944202299823,35.08636181947707],[111.83958313165526,35.08654208977238],[111.83987353560182,35.08656869792561],[111.84016296371183,35.086499918194946],[111.84050810332722,35.08657166850931],[111.84065142632434,35.086601462840385],[111.84097772077625,35.0867327514066],[111.84150139066598,35.08687220653277],[111.84174694734075,35.08705174845099],[111.8419437504234,35.08713679690316],[111.84222488976167,35.08725829341311],[111.84228012808481,35.08736285150475],[111.84239058950436,35.08757193796586],[111.84245371167667,35.088067541261374],[111.842524813528,35.088210134486694],[111.84293215363407,35.088321775922715],[111.84323652649404,35.08857721932474],[111.84346045277388,35.08890953505374],[111.84394962043869,35.089077838670036],[111.84445157759465,35.089360520080746],[111.84461443921879,35.089397542919166],[111.84497231830356,35.0892138033039],[111.84532016526109,35.08918276132092],[111.8453853436021,35.089170615669914],[111.84560598576473,35.08912949673128],[111.8458665028078,35.08907044204451],[111.84600465143488,35.0889621614886],[111.8460728753694,35.08882575127602],[111.8462063398827,35.08868530923343],[111.84640913678118,35.08851576384749],[111.84661691215376,35.088406996546944],[111.84676446511908,35.08836661836062],[111.84685444714799,35.088230054858776],[111.84697883559123,35.08805390130478],[111.84712951906786,35.087895450943925],[111.8474715285263,35.08772135551301],[111.8477453916436,35.08769082368117],[111.84791138599276,35.08775047530766],[111.84803567876327,35.087985703099505],[111.84809436692477,35.08807700272375],[111.84810015043368,35.088076281762504],[111.84809448925097,35.08808892474839],[111.84813188996189,35.08824696218449],[111.84816471680462,35.08833496980841],[111.84826089921665,35.08837722312916],[111.8483271817507,35.08833383326223],[111.8484013767928,35.088214074536594],[111.848487053353,35.0880823107397],[111.84865118503167,35.08796192158474],[111.84883053595865,35.08791058432056],[111.84894867050616,35.08783105707112],[111.84897929534857,35.087706832261254],[111.8490520576405,35.08744876405588],[111.84916034829311,35.08725960565383],[111.84929829062628,35.08713224512028],[111.84945455716456,35.087092992409865],[111.84961674756387,35.0870656235761],[111.84979438304367,35.08712876846634],[111.84997229313981,35.0872181445691],[111.85010225623759,35.08725210529594],[111.85026324570916,35.08729718803846],[111.85032999766537,35.087299104879214],[111.85046838380691,35.08721466606709],[111.85053606412184,35.08711789796178],[111.85052787258128,35.087108470656204],[111.8505359403296,35.087105974147924],[111.85070410114092,35.086826432917064],[111.85085759928906,35.086632662773795],[111.85106118368181,35.086345057880294],[111.8513494905249,35.08594620163639],[111.85171761833163,35.08541132578064],[111.85195311575684,35.08506816666188],[111.85217319530923,35.0848052433687],[111.85252062430384,35.08451280786316],[111.8527999362785,35.084365847583555],[111.85303372123475,35.0843050583679],[111.85324422143812,35.084236803634894],[111.85341321465198,35.0837491133791],[111.85346611244618,35.08347973350764],[111.85348857809313,35.08299249926113],[111.85375446249088,35.082337189849866],[111.85407975176481,35.08181500983511],[111.85445969185083,35.081526156049144],[111.85489313870733,35.081360931625966],[111.85558681764098,35.08127455664199],[111.85607735950822,35.08157635217115],[111.85661372066251,35.08182058442042],[111.85719231036687,35.08166386977299],[111.85784671250869,35.08209804709588],[111.85826804405013,35.0824384785996],[111.85905347437087,35.082640396500196],[111.85995241424808,35.08415082601276],[111.85995992291849,35.08486621553822],[111.86016800198587,35.08534170146831],[111.86211848264826,35.08597174950785],[111.86497059562744,35.08680997159817],[111.86677356459818,35.087202512872935],[111.87068240288443,35.08781840725925],[111.87219149741892,35.08785525659946],[111.87325066421471,35.08787148168131],[111.87454357631599,35.08804102604337],[111.87548835825272,35.08821306798406],[111.87469639975681,35.088767287927844],[111.8741188387473,35.08902185809755],[111.87284638946123,35.08941259375713],[111.87208252525473,35.089883130027076],[111.87112842460235,35.09020001153094],[111.86966546139156,35.09041322266938],[111.8685220061481,35.09065990012386],[111.86741083827118,35.091216358900226],[111.86687940676588,35.091720970815715],[111.86630394377512,35.09217819639657],[111.86567878112159,35.09205149751954],[111.86473435131603,35.09191514906674],[111.86419711190557,35.09187128261606],[111.86340190073204,35.09212735311839],[111.86326719350214,35.09173481655998],[111.86280098117392,35.09154735307415],[111.8621328102101,35.091468635998865],[111.86148178093747,35.09164020142717],[111.86080624763645,35.09224119993235],[111.86045085031472,35.09293531777836],[111.85979692482213,35.092832640196306],[111.85946624166506,35.09364039326682],[111.85915334710113,35.09423881231357],[111.85847352404448,35.09443441236496],[111.85754108940272,35.09405944159615],[111.85750171740032,35.0947330325564],[111.85738465247628,35.09519174214661],[111.85704131831336,35.095489887624716],[111.85673546628149,35.095479756847126],[111.85617749609754,35.09539784619921],[111.85573718062278,35.09546772836133],[111.8556512856799,35.095475944552895],[111.85563103806649,35.09561378257369],[111.85530892617247,35.096027435404054],[111.85475286020943,35.09631355947598],[111.85436482165676,35.09666686060969],[111.85409008776865,35.09703367196273],[111.85379518094369,35.097135912641804],[111.85339567111558,35.097224576646404],[111.85302294575114,35.097377443153164],[111.85269716786999,35.097859081817504],[111.85238618995876,35.09809020942541],[111.8516790397813,35.09873192343864],[111.85116040684284,35.09908613350033],[111.85052994794049,35.09956990411407],[111.85001599867253,35.09953773644211],[111.84952512116041,35.099212072715964],[111.84916519012951,35.09892126474342],[111.84918329115621,35.098148459545925],[111.84905764616923,35.09778446287068],[111.84899978202101,35.09724113136185],[111.84900873478257,35.09642546393998],[111.84894231786355,35.095896500865344],[111.84903421030491,35.09552382760786],[111.84922073186634,35.09504317398573],[111.84954511976956,35.09453306200079],[111.8495625188358,35.09442549908851],[111.84958655477287,35.09422500613595],[111.84956721626821,35.09403912671087],[111.8489786620463,35.09369220429948],[111.84836962461033,35.09372031578394],[111.84863198246533,35.0938377201525],[111.84906941090547,35.09404928912068],[111.8491350276757,35.09452528189534],[111.84895001416018,35.09485629144944],[111.84860320498943,35.094989882565805],[111.84787606263853,35.09622314845278],[111.847676292879,35.096546493324894],[111.84734460046239,35.09673959761233],[111.84722310318986,35.0968541843967],[111.84725563878987,35.09711582650019],[111.84731112158318,35.097430233719514],[111.84729615321129,35.09766643408664],[111.84692252733625,35.097733434228346],[111.84617882016718,35.097429697159285],[111.84579382738012,35.09723921386033],[111.84551403025856,35.09711954014957],[111.84532377047287,35.09717939236225],[111.8452218265073,35.09742335371553],[111.84541384077195,35.09747209493778],[111.84573627819498,35.097505619229615],[111.84604248523983,35.097653727315226],[111.84620017188557,35.09774992598032],[111.84623207824792,35.097819986706526],[111.84634869708465,35.098082761860645],[111.8469625525447,35.098517282000294],[111.84733442847495,35.098841400372905],[111.84744154793661,35.099098212658845],[111.84751466532806,35.09943395989245],[111.84686903090535,35.0998558130635],[111.846655605064,35.10026272147066],[111.84619467861663,35.10058788822651],[111.84570312887605,35.100758254384516],[111.84516768466989,35.10089315238937],[111.84498289417549,35.10126408605274],[111.84459387970277,35.10152912582034],[111.84426252762401,35.10175799152421],[111.84403273239472,35.101986147520904],[111.8437895316021,35.1023217138214],[111.84353206756927,35.10268122729231],[111.84213591279422,35.103776020971],[111.84176395867236,35.10429133929954],[111.84149221633318,35.104674795086055],[111.84082726331692,35.10491788857676],[111.84005878606281,35.10497091303979],[111.83957669335402,35.10465230317973],[111.83935205030264,35.10510220341686],[111.83938353471667,35.10543851588193],[111.83901937850058,35.10671690933594],[111.83876578803233,35.10745795501876],[111.83827469128079,35.10909494577541],[111.8378800180654,35.11023045862281],[111.83691664123677,35.11109564258442],[111.83582204567273,35.11190210682195],[111.83553805243528,35.112512189352394],[111.83541403372412,35.113156941802636],[111.83527525756669,35.11377794917521],[111.83497662111786,35.11437620743937],[111.83442911234356,35.11476154742188],[111.83363103151999,35.11476703693099],[111.83338228712009,35.11456604009747],[111.83297113786163,35.11409190548284],[111.8326943463569,35.11398648990335],[111.83256569404202,35.11417815898975],[111.8325250734529,35.11446461422839],[111.83245603744308,35.114810884226195],[111.83250296528405,35.115144436734305],[111.83270890628279,35.11541727458868],[111.8330017885446,35.11567759087714],[111.83301909032387,35.11595172348978],[111.83273069598839,35.116132565771466],[111.83254266198826,35.116193477046586],[111.83231303427429,35.11644545804902],[111.83241594643152,35.11657591612585],[111.83269335083904,35.11674094854186],[111.83288563213885,35.11709734782487],[111.83278624065954,35.11731266439711],[111.83268696777711,35.11753990200749],[111.83219553132076,35.11773406234836],[111.8317760426732,35.11786810649125],[111.83118132858552,35.11789603272844],[111.83064272186584,35.117732788978714],[111.83007303974262,35.11736704748234],[111.82936641520246,35.11709166977756],[111.82876475058892,35.11714944149744],[111.82837422118656,35.117277314463735],[111.82773694153981,35.11740090824756],[111.82742294245713,35.11792174634152],[111.82761986827666,35.11802175777773],[111.82805472127448,35.117971091927274],[111.82852603122822,35.11793806048962],[111.8290201957383,35.11801218730629],[111.82954513646706,35.11825899980178],[111.82974309107408,35.11846035387789],[111.82970250776356,35.11889466525993],[111.82892483923682,35.11948664881638],[111.82851096584179,35.119890127612315],[111.82806124959973,35.12019368558964],[111.82704149473709,35.12095901660083],[111.82652681310779,35.12155634213227],[111.82593935357889,35.12201823045565],[111.82588014984157,35.12190416274326],[111.82543900854733,35.12248429254463],[111.82502107714069,35.123064259136264],[111.8248381127595,35.12334214164971],[111.82449826887371,35.12360678253106],[111.8242408933494,35.123990101729056],[111.82393525064184,35.12419250482776],[111.82348875246788,35.12424323521772],[111.82308202436042,35.12420784009329],[111.82273262600022,35.12410051291886],[111.82258424093028,35.124354309839454],[111.82239617709794,35.12470376662299],[111.8221504958007,35.12509654176457],[111.82180660434331,35.125537676417366],[111.82154120278487,35.1257016426992],[111.82145109965633,35.12597889240663],[111.8212993906678,35.12648072738012],[111.82103674733146,35.12664959334493],[111.82068017898276,35.12670845435565],[111.82057457014209,35.12656672185444],[111.82043444632016,35.12648777993458],[111.81958948594246,35.12617154789174],[111.819460662419,35.12635127865487],[111.82035131575468,35.126881834048355],[111.82060078441093,35.12715439830141],[111.82036112065869,35.127859537342125],[111.81991707531733,35.12844682141709],[111.819054768954,35.1292992570181],[111.81836254809684,35.129745122193555],[111.81777346486403,35.13034529873938],[111.8166758042173,35.130889281138955],[111.81621327632199,35.13108318045433],[111.81580761202588,35.131157457021445],[111.81574046536285,35.13170164431896],[111.81611448970351,35.13194714674411],[111.81681266916605,35.13209506746289],[111.81727768056425,35.1321491696985],[111.81726017736773,35.13272164019282],[111.81810475961923,35.1335744687431],[111.8185665352929,35.1333042541994],[111.81969658506549,35.13251440008918],[111.82057423659211,35.13203150168198],[111.8211538264339,35.13193218244658],[111.82182725989078,35.131927617491854],[111.82277782128756,35.131768541437516],[111.82342323078707,35.13128719542672],[111.82471998894525,35.13091589069156],[111.82639988871645,35.13054195468307],[111.82697837820608,35.13091003966685],[111.82722423179688,35.13110868368277],[111.82850853532132,35.13065633792292],[111.82925003045438,35.12992151661217],[111.82997627444098,35.129401429404986],[111.83061847833307,35.12918239723293],[111.83135197674596,35.12937768973046],[111.83159957950556,35.12974802109354],[111.8317262915064,35.13021934122691],[111.83233206608834,35.12984315404305],[111.83300662327571,35.12938063744149],[111.83357521955774,35.12877575773767],[111.83488041033665,35.12696386378488],[111.83553780561937,35.12653006955919],[111.83573039800405,35.12662890397064],[111.83611531796008,35.126460267896014],[111.83644239031214,35.12595684253035],[111.83660977279744,35.125719594126494],[111.83674148222765,35.12540031368484],[111.83693209331479,35.124880302602335],[111.83707283851606,35.124593154963065],[111.83716956789374,35.124259805159944],[111.83713024192114,35.12399177994362],[111.83712200814743,35.12372498659178],[111.83722118794792,35.123205606429174],[111.8375336180812,35.12267759705084],[111.83780584282464,35.12247539268822],[111.83785907008068,35.122145922148334],[111.83824546609692,35.12161382578296],[111.83859154924994,35.12139679747402],[111.8389838431998,35.12144058866453],[111.83917620410311,35.12151795500862],[111.83929485630662,35.121642224855506],[111.83954948858036,35.121830400909786],[111.83979504633537,35.12200040533895],[111.8400055833921,35.12215157528058],[111.84020657032299,35.12250313213271],[111.8404193629662,35.122873686156424],[111.8406542008277,35.12312961589313],[111.8407859267836,35.12351980905831],[111.84083638390503,35.123910565884145],[111.84121044586647,35.12415599151354],[111.84149339613855,35.12457375139585],[111.84171839944271,35.12500145181554],[111.84176945097605,35.12544944125551],[111.84193729089942,35.1259633918261],[111.84221927257666,35.12628576683689],[111.84261480029137,35.1263593306148],[111.84306759239537,35.126356180838975],[111.84335450043865,35.12602985231809],[111.84350976459714,35.125322871536646],[111.84352895103498,35.12493163041725],[111.84333798094003,35.124427381763375],[111.84305413613798,35.12392377971427],[111.84273782436375,35.12364934187666],[111.8425354507204,35.12316425048168],[111.84236957620676,35.12284106997013],[111.84204068023476,35.122471326104524],[111.84175871382074,35.1221489511755],[111.84166250251188,35.1218252866749],[111.84162286688976,35.12135814003871],[111.84195873752415,35.12112766121779],[111.84224452375267,35.12097543256336],[111.84249606744098,35.120880676763214],[111.84289622172352,35.120842122546044],[111.84286021297508,35.120727903764625],[111.84211185724224,35.12077603058375],[111.84152812230838,35.12074431460505],[111.84114413453945,35.12066112542256],[111.84086389343531,35.12050567475824],[111.84060380174927,35.12027886941372],[111.84051194226447,35.120150395084565],[111.84038695889772,35.11985077548834],[111.84043530627434,35.11947125775565],[111.84126402770674,35.1187715312232],[111.8423953321642,35.117862218717],[111.84286372302097,35.11768725504737],[111.84307991503583,35.11754266494007],[111.84356350431433,35.11715296211927],[111.84404022444954,35.11694216567221],[111.84422040581653,35.11668335143442],[111.84502494039079,35.11617693688256],[111.84554444632543,35.11589429207918],[111.84628116403988,35.11556720095301],[111.84648678873467,35.115243817211216],[111.84699809402446,35.11501130423226],[111.84758879122329,35.11487839728708],[111.84811065113998,35.11482466449227],[111.8485188840449,35.11472880165541],[111.84900547444424,35.114632386840036],[111.84952107553991,35.114814787784084],[111.85012258487933,35.114843124059014],[111.85039021194763,35.114623036881895],[111.85067566216696,35.114442172608584],[111.85096252114366,35.11439723404412],[111.85116841997784,35.11452099068582],[111.85139284235895,35.114734084023674],[111.85152891490932,35.1148582935145],[111.85190825327777,35.115193552873755],[111.85227258668517,35.11562025661692],[111.85271311390754,35.11555992376819],[111.85266111547055,35.11502609427186],[111.85252339721897,35.114722610927195],[111.85233522073543,35.11446190342837],[111.8523656743452,35.1140419613089],[111.85211733345514,35.113604905342775],[111.85192713290776,35.11317697721136],[111.85245465046215,35.11255322023597],[111.8534882381738,35.11147755428264],[111.85371820906367,35.111266073954205],[111.85416080206899,35.11140604442685],[111.85460409368585,35.111612780867816],[111.8550148546646,35.11203914839513],[111.85537749612669,35.11230368900745],[111.85581740459939,35.11218611384307],[111.85566111542083,35.11167209844018],[111.85552894034069,35.11124376722619],[111.85512908948438,35.11075055008086],[111.85479978897885,35.11034268511622],[111.85464470284145,35.109943131673354],[111.85481652766542,35.109722520388615],[111.85509361849046,35.10957747680837],[111.85546257188327,35.109336393594006],[111.85588946098984,35.10908536051354],[111.8564580316224,35.10906226716953],[111.8572684634579,35.1088562146777],[111.8576846390531,35.10869110302749],[111.85819326787235,35.10848718025167],[111.85863155087469,35.10821697749595],[111.85902090207951,35.10770864077166],[111.85930198136323,35.10794513049814],[111.85942266028829,35.10838307892939],[111.85964650825682,35.10869628486961],[111.86001684698984,35.10858872671433],[111.86023267771135,35.10813885351858],[111.8604386057867,35.10785121438934],[111.860597498986,35.10750667600114],[111.86057237900836,35.10732560893123],[111.86046390284189,35.10694480962375],[111.86054274493127,35.10671531052714],[111.86081290919445,35.106465372649104],[111.86096674779098,35.10619241112014],[111.86148665933744,35.10595977535999],[111.86219838736054,35.10575439240583],[111.86294237090102,35.10530552487798],[111.86362032536228,35.1052005373441],[111.86400607463717,35.10545534721929],[111.86473792332316,35.105507363637],[111.86519422533998,35.105847520127696],[111.86536105455473,35.10680502088529],[111.86555686035243,35.10775616455221],[111.86565491024514,35.10824811190593],[111.86578178283308,35.108719395745716],[111.86578662535742,35.10917724508512],[111.8657740545188,35.109635216055565],[111.86556965617453,35.1100659395919],[111.86534799556306,35.11051109644729],[111.86520945912149,35.110583627655515],[111.86463804838051,35.11088818991908],[111.86438079962407,35.111262054721294],[111.86400211983819,35.11167970958229],[111.86377848349557,35.111938860765385],[111.86381496910255,35.11209599764201],[111.86438563473976,35.11171990133408],[111.86464787263724,35.111818193371626],[111.86537614699083,35.111526819954435],[111.86603976658581,35.1117080946918],[111.86632502022286,35.11233564281322],[111.86677727738699,35.112289483817975],[111.86666436005295,35.111663983805336],[111.86675715510924,35.11083460170142],[111.8669756781908,35.110230876349405],[111.86728749885904,35.10953109153679],[111.86732774277081,35.109220778767416],[111.86748418743498,35.108921560900775],[111.86767066328387,35.108717516743724],[111.86769696408597,35.108460963525154],[111.867816374708,35.10809046255235],[111.8681116650067,35.10788564228417],[111.86825384950912,35.10761037116114],[111.86812716995912,35.10729529120374],[111.86810867842755,35.106919817769956],[111.86808974349258,35.1065026130959],[111.86785020583832,35.10580677444654],[111.86775172732516,35.105413986503244],[111.86772585920743,35.1050266410533],[111.8677877972486,35.10471021123671],[111.868065808307,35.104199761998],[111.86957292718361,35.10402202415119],[111.87010030449362,35.10449520004356],[111.87091303839824,35.104513210593844],[111.87166494788991,35.10426932839661],[111.87244841132882,35.10426369257656],[111.87346248275479,35.104113301178344],[111.8737312723095,35.10482680652176],[111.87449514517976,35.10570367285398],[111.87502765807773,35.10665375205681],[111.87533211703536,35.10798704170032],[111.87551770253465,35.10905886177442],[111.87690738773978,35.11145746357766],[111.87767545123079,35.112715849004225],[111.87832694420933,35.11392737546291],[111.87972813000218,35.1146803489177],[111.88082319981253,35.116651777149315],[111.8810982588871,35.11793756806361],[111.8814005495671,35.119056222986835],[111.88185130205122,35.12048382159485],[111.88209248206745,35.12131674505353],[111.88225251216345,35.122698760459855],[111.88267093510892,35.12381656658174],[111.88311890610225,35.124981851263044],[111.88364598085063,35.12540727163203],[111.88452599870747,35.12625937717878],[111.88497530330154,35.12754388296864],[111.88517035463073,35.12947413983363],[111.88540385881328,35.13066482901072],[111.88556432065138,35.13100706588297],[111.88603656396565,35.13118962552852],[111.88608147079205,35.13211936586198],[111.88610493227951,35.1326772356284],[111.88596885754677,35.1329787131116],[111.88599433475002,35.13372258032272],[111.88659781789565,35.13476270340302],[111.88658846623719,35.13550682684305],[111.88631786005621,35.13625285859629],[111.88602704053017,35.136741481668636],[111.88599949492821,35.137414194217214],[111.88634174161655,35.138456227524365],[111.8868950326017,35.139682728996874],[111.88714586402708,35.140324784735405],[111.88731008061558,35.141010400676784],[111.88736932088153,35.14165385857552],[111.88777677432425,35.14228045710326],[111.8884700826372,35.1435631584696],[111.88891089381998,35.14437743903856],[111.88939522889272,35.14507122561292],[111.89079825016314,35.14593374834322],[111.89135909248975,35.14624441501639],[111.89182925169992,35.14622664772724],[111.8925073473672,35.146107183836804],[111.89325027093412,35.145543671237405],[111.89331431956705,35.145028085750646],[111.89345904903362,35.143925249274254],[111.89428136794393,35.14266001694181],[111.89535394044088,35.14197958894356],[111.89661401397794,35.14092573608607],[111.89667945036449,35.13895065237067],[111.89798244292287,35.137052254823956],[111.89753712056799,35.13615410596182],[111.89652087645827,35.135078935475505],[111.89629054203775,35.13419349850612],[111.89645916605922,35.13368667676391],[111.89726889887733,35.133404050004486],[111.89856365999043,35.13287934331966],[111.89904638651633,35.1324274227975],[111.898985266304,35.13109239672461],[111.89908221104012,35.130404858868005],[111.8997151202353,35.12988504751084],[111.90001478785204,35.12968250083872],[111.90028829252354,35.129213052360896],[111.9001787612639,35.12875598498498],[111.89966266421679,35.12828286149398],[111.8997120081201,35.12749074559958],[111.90003708624373,35.12653823171166],[111.90066011268583,35.12565123144958],[111.901258041724,35.125122133196115],[111.90145711332585,35.12474862641571],[111.90114520258878,35.12436461022502],[111.90097799279678,35.12394136080142],[111.90116487498217,35.12351547970892],[111.90121485917452,35.12331001557588],[111.90119303238846,35.12290953345937],[111.90139251948227,35.12257418038662],[111.90153548050911,35.12237756422584],[111.90137507622607,35.12204488672516],[111.90142274715036,35.12162957912896],[111.9016815372431,35.1214082530446],[111.90210955253826,35.121266750394966],[111.9023612724303,35.12093100692044],[111.90252802527402,35.12078667780764],[111.90273420226633,35.12053235338406],[111.90236239617425,35.12050650580857],[111.90164922660466,35.12058335702717],[111.9011259247473,35.12050616628366],[111.90078690047062,35.12029405505888],[111.90067167972353,35.11984657113946],[111.9009371376419,35.11917685593871],[111.90097989744541,35.118842667369925],[111.9009584946612,35.11848033766364],[111.90101829938982,35.11811263626232],[111.90107340290758,35.11784513072834],[111.90081861666087,35.1173748359807],[111.90072005727714,35.11676021104542],[111.90071995638941,35.11622363313441],[111.90083257546458,35.11590800373175],[111.90102038725342,35.115567968854215],[111.9012412341393,35.115065520173616],[111.90150068732933,35.11490619454381],[111.90227221562603,35.11486229621393],[111.90284296779943,35.11503452189167],[111.90319817793635,35.11513680551857],[111.90357608020165,35.11519122426249],[111.90381996038434,35.115198945662534],[111.90400872466316,35.1152094625576],[111.90423028509932,35.115298430355644],[111.90440551686035,35.11539728668922],[111.90477386737047,35.115637786301754],[111.90497012236212,35.11566911151611],[111.90515282092109,35.11545907821479],[111.90542715152412,35.11525134179211],[111.90571860106198,35.115000845829634],[111.90601801476382,35.1149127576038],[111.90628319869191,35.114878578823756],[111.90650164382069,35.11494849005136],[111.90689121003541,35.11513874316864],[111.90709335640325,35.115308936211015],[111.90742023592115,35.11534226144344],[111.90775578487695,35.115371942595594],[111.90792575376358,35.11538855552086],[111.90849390752844,35.11519470870811],[111.9088573431449,35.11499166140343],[111.90888920026894,35.114822101820685],[111.9086925759345,35.11467881918078],[111.90838988195263,35.11470327238682],[111.90833054919717,35.11469512737039],[111.90792242952531,35.1147341524982],[111.90753780435472,35.1146252952542],[111.9074169105209,35.11457925648792],[111.90715240980634,35.11443931591133],[111.90690684678978,35.11429083448475],[111.90652986897565,35.11405755786483],[111.90602122136877,35.11398981885537],[111.9058004028578,35.11370529391049],[111.90588363646708,35.11335887736542],[111.90625733048222,35.113034137727794],[111.90616776340612,35.11280825128836],[111.90586305419492,35.11281052881621],[111.90531418206155,35.11304118545806],[111.90498269494505,35.11324636859414],[111.90481107882368,35.11347420310885],[111.90455187282757,35.11365499816414],[111.9040446778897,35.113718402171244],[111.90359486414198,35.113721756161794],[111.90305746325879,35.113678064555515],[111.90234581215081,35.11362374327034],[111.9021265821612,35.113482288279535],[111.90157270476762,35.113259854865625],[111.9010346514903,35.113156538924905],[111.90071188700648,35.11283699124489],[111.90082219323638,35.1123115162279],[111.90115211423864,35.11196327009604],[111.90154203995212,35.111793433777066],[111.90159837143256,35.111638005186165],[111.90142215429299,35.11144853237639],[111.90107247557641,35.11131996814785],[111.90075155747829,35.111167341826906],[111.90063154489113,35.11081051413512],[111.90072943928868,35.11047591557681],[111.90091973313244,35.1101213697371],[111.90095873311876,35.11005600932906],[111.90100052625168,35.10997047623252],[111.90111133778427,35.10975502085727],[111.90116349574913,35.109668780624496],[111.90093534886903,35.10962287638662],[111.90065674725608,35.10962303858102],[111.90046378994816,35.109599670210805],[111.9002418619541,35.109475401072444],[111.90014592558443,35.10940743221936],[111.90007121897567,35.1092642618878],[111.90001693870991,35.10907865308568],[111.9000147887783,35.108883114845185],[111.90001290215938,35.108711423817205],[111.89994706906158,35.10853066876922],[111.899846361104,35.10834540272805],[111.8997155865443,35.10806496665133],[111.89965545374653,35.10787462853693],[111.89964206492165,35.107712561602256],[111.89969220255657,35.107521407789775],[111.899830386775,35.1074202191936],[111.90001014066213,35.107404576159404],[111.90025969645265,35.107402723105274],[111.90046340025226,35.107453675627],[111.90065544292764,35.10749994641065],[111.90086996557335,35.107479273939056],[111.90097855682737,35.107325838475454],[111.90114539106929,35.107191050208456],[111.90137141441701,35.10716075259244],[111.90166222582721,35.107215826108835],[111.90186603396121,35.10727631426408],[111.90203339101652,35.107189215641036],[111.90220022320565,35.10705442504842],[111.90246022778719,35.10694756054811],[111.90257456552054,35.106789311054484],[111.90269454563683,35.10661671353658],[111.90277484838516,35.10653026301295],[111.90280877619249,35.10644892675088],[111.90249596406997,35.1065037223651],[111.90197997329393,35.106555257468685],[111.90169560045847,35.10655737392801],[111.90128354854639,35.10656043815568],[111.90103378650295,35.106543214586345],[111.90087656564238,35.10649668741076],[111.9006896469579,35.106388377320926],[111.90051417571088,35.10626567058925],[111.90031026616487,35.10619564210519],[111.89992116904617,35.10617468202224],[111.8996771598366,35.10615264580549],[111.89935665549581,35.10603578529479],[111.8991117563755,35.10593267000761],[111.8989772270078,35.10583827457245],[111.89874900514846,35.10566826344853],[111.89869473258798,35.10548265024296],[111.89886674239237,35.10529059315656],[111.89943751311749,35.10494294759383],[111.8999508208159,35.10464819417582],[111.90055965548555,35.104376375391034],[111.90076182474502,35.10428842412706],[111.90087341010212,35.104210090507465],[111.90106374591369,35.10403577742453],[111.90124405056436,35.10393904758289],[111.90128678826267,35.10386718498888],[111.9012243069205,35.10379312303093],[111.90097789474821,35.10381582311669],[111.90060182493204,35.10392295184889],[111.9001060584549,35.10403096730863],[111.89979449048438,35.10406607334678],[111.89946555869822,35.10408616237077],[111.89896082391924,35.10410421485561],[111.89879566364448,35.10412690194773],[111.89856564595274,35.104189418934645],[111.89845271633209,35.10421172021026],[111.89836143048922,35.104223127051824],[111.89824391252728,35.104223997859904],[111.8981525089433,35.104224675983],[111.8978430456502,35.10418761805568],[111.89759373586303,35.10407857268439],[111.8975225266005,35.10393601013037],[111.89752052791373,35.10375358757623],[111.89759608748625,35.10349904860245],[111.89778089358086,35.10328304906282],[111.8980750185457,35.10311274088754],[111.89830899167502,35.103014422633976],[111.89840349177544,35.1028992543116],[111.89869078795623,35.1025036329352],[111.89894004640371,35.10221203064842],[111.8992022846444,35.101913178617906],[111.89948738214271,35.10171431946052],[111.89972566507343,35.10161239003785],[111.89995547805208,35.10153198550429],[111.90020104609643,35.1013012225944],[111.90042335838646,35.10093469687043],[111.90059066230566,35.10071166738681],[111.90068354122229,35.10044984213703],[111.90070368974929,35.10030302705061],[111.9005660922235,35.100060799069205],[111.90047932124153,35.10008648616557],[111.90027724153738,35.10031334843482],[111.90004500625314,35.100569055095924],[111.89984664453681,35.100738655460844],[111.89918207734341,35.10112992363287],[111.89889086035123,35.101167853433225],[111.89816550578794,35.10130916362376],[111.89794478908091,35.10142526940808],[111.89772917057233,35.10160930277216],[111.89753472285307,35.101739522812984],[111.89724805256837,35.10179530192837],[111.89706552397669,35.101821693464636],[111.89693475668774,35.10180477411069],[111.89682959376265,35.10174116375844],[111.89676223239383,35.101552068960586],[111.89676403647434,35.10131953934837],[111.89675294274494,35.10110141285579],[111.89669926661364,35.100969452171256],[111.89661970800684,35.10085914897631],[111.89644859539446,35.1007352123168],[111.89636359276481,35.10052478430767],[111.89635685173427,35.10030662736222],[111.89638069380723,35.10009897373084],[111.89646978129075,35.09988725846551],[111.89658133592305,35.09973976986319],[111.89682290950122,35.09954123607631],[111.89712941459882,35.099310029407825],[111.89727182552832,35.09919808115346],[111.89726637451399,35.09909795929326],[111.89715258826892,35.099041567754725],[111.89693925120771,35.09903599150312],[111.89662153390626,35.09903834074485],[111.89646881295178,35.09900369899539],[111.89623312637039,35.09894462961996],[111.89612761537266,35.09884882292016],[111.89603947542135,35.098749314863575],[111.89595823817243,35.098485202406934],[111.89600823464485,35.09828093197955],[111.89607073913946,35.098026488414945],[111.89593460712574,35.09791660190946],[111.89572444845356,35.097803684804376],[111.89561439264372,35.09769002698658],[111.89559549757283,35.09755423228701],[111.89559812768763,35.09739681607344],[111.89565761166519,35.09726402154824],[111.89605370481792,35.096867601425124],[111.89612694928243,35.09679909247412],[111.8960735869663,35.09669574904806],[111.89589417279073,35.09660764574861],[111.89571095214203,35.09656965007924],[111.89557105743903,35.096513448079385],[111.89545727704379,35.09645705394495],[111.89533902713347,35.096389960554504],[111.89522908890811,35.0962870336285],[111.89517040046177,35.09609429719333],[111.89521145725402,35.095868630509095],[111.89533936228601,35.09562443645747],[111.89555861903997,35.09537598924116],[111.89563958710646,35.09521799520163],[111.89556042898609,35.09514345934691],[111.89507233515995,35.095086249937225],[111.89474985310544,35.095049282597536],[111.89447073341637,35.0949976840531],[111.89425419349651,35.09493703812102],[111.89416551334574,35.094787448268086],[111.89418896917518,35.09454402654377],[111.8942826041872,35.09435016789441],[111.89426332166265,35.094178603688306],[111.89420594437341,35.09370683709223],[111.89429079590482,35.0935058866216],[111.89445359246122,35.09326858992997],[111.89464359288169,35.09313125461516],[111.89481634249204,35.09300835496617],[111.89483218805123,35.09286515065805],[111.89468289272513,35.092744628465994],[111.89467122013754,35.09247284669629],[111.89483448251427,35.092278471983796],[111.89480704443066,35.092157048721],[111.89469798749967,35.09173574522659],[111.89466710958939,35.09129955520176],[111.89475925515274,35.09096977087238],[111.89479949247375,35.0906689886529],[111.89476240997185,35.09046178550761],[111.89470925228603,35.09037632405864],[111.89458969859699,35.089790545108194],[111.89457654259732,35.08938283966687],[111.89462610670753,35.08913922594197],[111.89489310075778,35.088879695390666],[111.89505494869803,35.088556551962185],[111.895182216781,35.088255127046644],[111.89534531228706,35.08804644506394],[111.89559685149221,35.08796588934746],[111.89575366756273,35.08797903963085],[111.89600606462969,35.08797717479132],[111.89614367437274,35.08782591469604],[111.89631461265493,35.08753847539447],[111.89632935786074,35.08729511742513],[111.89637860139811,35.08702288530137],[111.8964633638376,35.086814780868615],[111.89659956374977,35.086534750942974],[111.89648516823287,35.08642112659322],[111.89618745903478,35.08625877546118],[111.89598580139766,35.08612433390199],[111.89601826642301,35.08590946139341],[111.89618127918287,35.085693624990604],[111.89639611654441,35.08544163225773],[111.89666419031586,35.085282251336274],[111.89692355846618,35.08512293602318],[111.89715728628721,35.085006736754224],[111.8970860962161,35.08486417503346],[111.89694496771783,35.08469351419698],[111.89669940517958,35.084523622813165],[111.89658540493618,35.0844457694898],[111.8963761434626,35.08441154267762],[111.89621941133169,35.084405549105384],[111.89619244029377,35.084327047637295],[111.89630401399486,35.084183136329],[111.89648599267997,35.0841102450417],[111.89655303323299,35.08387365326182],[111.89675132050252,35.08370048304803],[111.89705482676106,35.083598076591585],[111.89743806595776,35.08362385728521],[111.8976652832988,35.08370802832881],[111.89791743188847,35.083684698904534],[111.89852333777526,35.08337972607594],[111.89914664563356,35.083074619401486],[111.89963251231949,35.08293508117366],[111.8998321285091,35.08288352108905],[111.89998767814221,35.0827822033684],[111.9001431488245,35.082673733957485],[111.90029830576088,35.08253664754943],[111.90049556083959,35.082270471260735],[111.90066686243041,35.08201879428141],[111.900891873957,35.08190265079961],[111.90125573495489,35.081749705608566],[111.90153107349438,35.08146148202948],[111.90153599752115,35.08111803387758],[111.90181696441678,35.080550744773895],[111.90207622987849,35.08038426538899],[111.90228012682883,35.07993201961533],[111.90273552732911,35.07939920426588],[111.90347034312484,35.07895015961061],[111.90391266480663,35.078810927894565],[111.90425221461732,35.07882270420632],[111.90475445829071,35.07885592355364],[111.9050465447143,35.07903558525552],[111.90512057834917,35.079172159726284],[111.90510821466103,35.07936601790647],[111.90526274839537,35.07956757150875],[111.90541965268879,35.079655830365546],[111.90555895822976,35.079791916278005],[111.9055492319177,35.079896324518614],[111.90548861112984,35.079989189063575],[111.90543586622034,35.08013863273592],[111.90529253826622,35.08029471497713],[111.90524730981555,35.0804679499183],[111.905116205757,35.08074616324832],[111.90500221323937,35.08093183506217],[111.90488449467333,35.08110859425049],[111.90478411762444,35.0812136788319],[111.90455685833544,35.08132268967743],[111.9043795077897,35.08135382227234],[111.9043114357596,35.08142885484501],[111.90425462708507,35.08186748670137],[111.90421279115331,35.08201982918163],[111.90413139724014,35.08220227908161],[111.90401393699062,35.082402882052975],[111.90399085632411,35.08261172437682],[111.90403222431932,35.08274556042783],[111.90415468236964,35.082998033667394],[111.90428047310621,35.08322365104362],[111.90430486202752,35.08346194826041],[111.90423055414873,35.08362944001174],[111.90412393901155,35.08382698147803],[111.90400173245663,35.083926264944424],[111.90364761348212,35.08404218210977],[111.90358332773194,35.084132092285564],[111.90335849189671,35.08446167858858],[111.90307833942305,35.084708206757256],[111.90286276815941,35.08489165318962],[111.90278041490294,35.08498765887881],[111.90281028045189,35.08506494300631],[111.90292678009631,35.085105809060195],[111.90318483467054,35.08515754533926],[111.90353684643698,35.0851787712206],[111.90367487406891,35.08519860848661],[111.9037224437377,35.085237006748976],[111.90375636142733,35.08535301321862],[111.90374415829935,35.08556177433409],[111.9037101326928,35.085764736672395],[111.90367201739159,35.08592599418322],[111.9035179944818,35.0861000418309],[111.9033308706189,35.086232599691506],[111.90316145313957,35.086326272599415],[111.90308239949164,35.086392442337264],[111.90308192676272,35.08667862336339],[111.90305465710875,35.08683681918663],[111.90292215823833,35.086989838126854],[111.9026310829245,35.087233464968094],[111.90257137417488,35.0874097899925],[111.9025627938286,35.087618522175966],[111.90251847320076,35.08787521977959],[111.90242351584214,35.08814421615296],[111.90223460013567,35.088443721378795],[111.90220288158596,35.08852742614934],[111.90219841875039,35.0887808445249],[111.90212574433079,35.08909737242615],[111.90197609102128,35.08933994630416],[111.90180653434788,35.089421694647875],[111.90164354054296,35.08944079284234],[111.90140818216241,35.089475333242255],[111.90131085914099,35.08952971572519],[111.90124600801141,35.08956895054514],[111.90123585007943,35.089634607864824],[111.90129436735319,35.0896788879801],[111.90156027816946,35.08978422727101],[111.90180080686059,35.08988975475456],[111.90201324403928,35.09007895677291],[111.90217121805243,35.09026260585445],[111.90231528972771,35.09053252549601],[111.90230147571822,35.090747439087316],[111.90224238001603,35.09097980231586],[111.90209963031558,35.09119072693973],[111.90156979619135,35.09155715548033],[111.90143121731938,35.091620192055196],[111.90147256944039,35.09168665886549],[111.9017164319556,35.091699154144536],[111.90191413698169,35.09173583972206],[111.9020840899055,35.09188720327214],[111.90236098132544,35.09173728483211],[111.90262114660796,35.091649495585315],[111.90279469457084,35.091600506826154],[111.90303459558535,35.091779967268145],[111.9032632590656,35.09199289535627],[111.90360876389343,35.09227649725703],[111.90379095599992,35.09248500079262],[111.90387941633197,35.09261312087791],[111.9040610845639,35.09277393124154],[111.90411462422138,35.092892771832865],[111.90419654554097,35.09295416620749],[111.90426047917624,35.09296322999176],[111.90427720218274,35.09290109908669],[111.90413546447147,35.09267798601456],[111.90391756145482,35.09238866458191],[111.90383369483567,35.09215081103351],[111.90384804870006,35.091874066491215],[111.90373902586464,35.091459924178245],[111.90370848719176,35.091321832562905],[111.90372452739153,35.0911977042094],[111.90390413961114,35.091172517903026],[111.90389037635943,35.09097706581124],[111.90375355462331,35.090672832650775],[111.90375556766374,35.09032940578226],[111.90362971935096,35.08996785337646],[111.90358193244339,35.08984419977651],[111.90371792631149,35.089547471008785],[111.90379125357175,35.08935613955434],[111.9037839765593,35.0892226461645],[111.90372928347261,35.088998882679206],[111.9037096144147,35.088793935714754],[111.9038748283406,35.08851606744577],[111.90408803830273,35.08838092933465],[111.90441866074876,35.08836892488198],[111.90456878203929,35.08830102986347],[111.9045024286874,35.08807258474561],[111.90448191655923,35.08779132930129],[111.90450829405037,35.087552653611354],[111.904603773345,35.0872657648091],[111.90471707741546,35.087016901723246],[111.90492479571263,35.08691041771273],[111.90514480338594,35.08686585055297],[111.90535863833391,35.08678794104181],[111.90538627901968,35.086663723083376],[111.90530098926469,35.086297100414555],[111.90536766334462,35.08602950634341],[111.90564273873935,35.0857174263405],[111.9058146377188,35.08552058930378],[111.90584844768975,35.085429713186116],[111.90582418596068,35.08533450373885],[111.90584786856937,35.084852597178774],[111.90610658524885,35.084636032621376],[111.90652232339589,35.0844516790771],[111.90665513455949,35.08439345151195],[111.90681220916103,35.08443043395408],[111.90701053222867,35.084524342257225],[111.90747348538963,35.08493583378502],[111.90777245105895,35.085210232844545],[111.90845319094977,35.08537684022316],[111.90885527781742,35.085531224021565],[111.90932145122675,35.08570897513273],[111.90954815552453,35.08574543000484],[111.90965190513518,35.08568264821083],[111.90946817631232,35.085335844583916],[111.9090574294747,35.08492396941973],[111.90892682264825,35.08465785227044],[111.90882496236252,35.08436767026426],[111.90867811519915,35.08420660221035],[111.90859493129102,35.08403075191307],[111.90848231575131,35.083816962356906],[111.9084976578308,35.083630833170915],[111.90866996979217,35.083472143307624],[111.90877276401113,35.08332351662083],[111.90880609485434,35.0831897182211],[111.90874463823106,35.08288015384003],[111.90870064029689,35.082575229331034],[111.90873871523522,35.082346002869514],[111.9087474610224,35.082088377982224],[111.90883210878104,35.081873112000935],[111.90892941390301,35.081753142705104],[111.9090268807648,35.08164748167311],[111.90918774225419,35.081503186454405],[111.90929718414228,35.08143082257859],[111.90950135542879,35.081529452884396],[111.9096717781287,35.081723727632635],[111.90987258679657,35.08204178575143],[111.90999527157246,35.08211717824395],[111.91015213020985,35.08213508041522],[111.91044063324917,35.08198982635081],[111.91069537961594,35.08194021582849],[111.91095081823934,35.081952605825236],[111.91112018352858,35.08205149573931],[111.91126623583921,35.08214102000709],[111.91144060823517,35.08216832679086],[111.91165527268942,35.082166714014434],[111.91186429754107,35.08217945191498],[111.91202781028402,35.082273614705585],[111.91215698855014,35.082410960589016],[111.91242371328362,35.082394645277056],[111.91283995678835,35.08225796308748],[111.91315266807949,35.08220314389705],[111.9133794184554,35.08224436209064],[111.9136822811656,35.082347012621575],[111.91410687599293,35.08243920419247],[111.91427683136385,35.08259054902892],[111.91448745553755,35.08274635767071],[111.91467255540984,35.08295482499504],[111.91470817056458,35.083328058317434],[111.91474276845135,35.08350367689308],[111.91492201546406,35.083642431181794],[111.9150866255352,35.08376937464447],[111.91509244857991,35.083966076976346],[111.91506197660344,35.084160071598085],[111.91508815560643,35.08433923091212],[111.91522661717174,35.08439780449285],[111.9154447889446,35.084449816557964],[111.91577986903846,35.084578449946385],[111.91588420206517,35.084828064438675],[111.91592931538314,35.084970813647296],[111.91615520970026,35.08506449952577],[111.91627996974677,35.08519471947925],[111.91633260353802,35.0853612573148],[111.91648597257328,35.08545549241235],[111.9167249738548,35.08542387511504],[111.91689783155611,35.08531525204395],[111.91705785563605,35.085355775334904],[111.91710417247144,35.08560582927186],[111.91733925853308,35.08587234124072],[111.91765258739944,35.08600113300658],[111.91789486146446,35.08626162715461],[111.91781741961084,35.08647088411581],[111.91776273813278,35.08676939701359],[111.91782590171641,35.08722799381141],[111.91778525848939,35.08748466700092],[111.9177298406059,35.08771760548403],[111.9175589799872,35.0880050738088],[111.91748160356043,35.08822028962053],[111.91757742587235,35.08835669118486],[111.9177819058676,35.08848034475515],[111.91800954787986,35.08872902736111],[111.91799858439238,35.089045094363506],[111.91779951172099,35.08940432239407],[111.91765120810096,35.08976316496616],[111.91756777904895,35.0900857417082],[111.91754822493715,35.09028263571418],[111.91764498374063,35.09050249868215],[111.9177794092801,35.090847275751756],[111.91792707678711,35.091078676802255],[111.91811752510725,35.09124416931948],[111.91823571277092,35.09143405979791],[111.91828170396303,35.09165430395384],[111.91841225147206,35.0917820945201],[111.91856108556225,35.09159972216387],[111.9186371827692,35.09114126445824],[111.918573227706,35.090871552706645],[111.91849216934895,35.09062891664248],[111.91842851620244,35.09038614867223],[111.9185914778819,35.090170283965634],[111.91923353236938,35.0899865571185],[111.91948545217053,35.08994172020638],[111.9200419141322,35.08988741933147],[111.92018004343505,35.089786209892765],[111.92009841903335,35.08949349946589],[111.9201486313397,35.08931425841809],[111.9202166518677,35.089170653295014],[111.92043335234413,35.08909031151925],[111.92073676485364,35.08898069098421],[111.92091027006093,35.08892929180061],[111.92086586846607,35.08885093206467],[111.92070034359722,35.08883788044241],[111.92053401377346,35.088753288895816],[111.92037308608973,35.08863288681111],[111.92028971179774,35.088442735915585],[111.92024007931776,35.08815693745644],[111.92031884542268,35.08793693774709],[111.92049087614399,35.0877543869301],[111.92068654037948,35.087609814252076],[111.9209521003668,35.087488556906784],[111.92122867345347,35.087314751560776],[111.9212791781191,35.087161740117196],[111.92109147025562,35.08698192209088],[111.92088673451818,35.08683561837422],[111.92062822587711,35.0865514052693],[111.92048970602761,35.08635928909583],[111.92045861998658,35.086174703585115],[111.92050012611243,35.08599552930834],[111.92057010568571,35.085768442219376],[111.92063995198384,35.08552943058725],[111.92063888016207,35.08543404816892],[111.92032166382435,35.084959496191935],[111.92010645477643,35.08452590186129],[111.9201266733659,35.084388622627635],[111.92048976359163,35.08442760212579],[111.92083102981128,35.08446078396187],[111.92120936247049,35.084565226391945],[111.92158883712334,35.084771011815896],[111.92186650986835,35.08495372351897],[111.92203378619334,35.08499418419266],[111.92250580036006,35.08504425392405],[111.92273136638877,35.08510811756666],[111.92295055297589,35.08524953838171],[111.92301750458263,35.08539807821761],[111.92288131803724,35.085542203767574],[111.9228833997988,35.085727010292366],[111.92295068639034,35.08590535731128],[111.92301810759832,35.08609562606232],[111.9231461065841,35.08651199204226],[111.92318324043389,35.086589216542926],[111.92337167497976,35.08657585622719],[111.92358871597659,35.08652650662445],[111.92411748384387,35.086462860276406],[111.9244439858348,35.086472294268745],[111.92461220952518,35.08659621362439],[111.92473799240095,35.086815848721145],[111.92486330593707,35.08699375205413],[111.9249090418366,35.087190150085064],[111.92499339914076,35.087594922240555],[111.9250774207109,35.08796988537009],[111.9252887598792,35.08805770278277],[111.92554985886152,35.08805571092894],[111.92581068720773,35.08802987048322],[111.92593989009666,35.08790964423357],[111.92616954872906,35.08769325920077],[111.92645743287592,35.087494313058265],[111.92687566043016,35.087276486654744],[111.92719973685696,35.08707130160214],[111.92730657092308,35.08689758516379],[111.92716681269043,35.08672575804687],[111.92713598131914,35.08656501802381],[111.92713436107132,35.08642194333912],[111.92718330802082,35.08626059690021],[111.92721801875204,35.0861232039939],[111.92730444344167,35.086068884193296],[111.92751550890976,35.0861328533697],[111.92758219951321,35.0862575451941],[111.92752586540617,35.08640702459831],[111.92746987076734,35.08658631377476],[111.92753005114088,35.086776637996905],[111.9275461770035,35.086919599898415],[111.92780244971794,35.08713227207041],[111.92807268736293,35.08729713931287],[111.92815631851589,35.08763633392601],[111.92832569745855,35.08786159194583],[111.92851541662131,35.08796149202497],[111.92883480475244,35.08798289591107],[111.929147148216,35.088022235320885],[111.92945257377042,35.088091438435065],[111.92970790678025,35.08822064513198],[111.92980408863207,35.0883868428903],[111.92977859563746,35.08869706244193],[111.92967420019886,35.0890853923088],[111.92963352356209,35.08933610797095],[111.92975072202954,35.089436562053315],[111.92993929499555,35.08943511682232],[111.93009831791531,35.08938620142094],[111.93034430277629,35.089330656295544],[111.93053267447085,35.08931132300096],[111.93074341315908,35.08934547837383],[111.9309396455535,35.08937974295401],[111.93102586895115,35.08930753788716],[111.9310742666123,35.089098496761466],[111.93118421333361,35.08856107294528],[111.93133353744982,35.08829759951273],[111.93152800722618,35.08817686514053],[111.93171440861279,35.08798464942047],[111.93176951444353,35.0877278607865],[111.93204172678549,35.08742766920305],[111.93223646373684,35.08733078173236],[111.9325971945025,35.08716107251163],[111.93271899604383,35.08702896964131],[111.93266537998412,35.086778978255055],[111.93248175704183,35.08657768416171],[111.93220269892912,35.086275768080114],[111.93211268363521,35.08601413253981],[111.93213254213028,35.0858470436767],[111.93238543081392,35.08576163171838],[111.93284735208651,35.08556133394837],[111.93324488141305,35.08543903629235],[111.93354826263663,35.08532938501099],[111.93394701296138,35.08531438979357],[111.93455717509296,35.08539315717101],[111.9347700795302,35.0856180697903],[111.93482574623134,35.08604690428805],[111.93476509967842,35.086452787176164],[111.93464101199493,35.087020132884454],[111.93455278210061,35.087551430098124],[111.93448988693541,35.08776058431948],[111.93457732743424,35.087795681445336],[111.93470780704217,35.087788713383716],[111.9350909072079,35.08767248317747],[111.93557472756821,35.08748392894186],[111.9357765771557,35.087375054546975],[111.93578648598057,35.08760749670242],[111.93578243348617,35.08788774043515],[111.93589936154478,35.08796434417199],[111.93613097134518,35.0879208237982],[111.93641294025149,35.087841140321984],[111.93671503183748,35.0876182138278],[111.9370380614911,35.087323578166625],[111.93722547198712,35.08722077795544],[111.93749609224723,35.086783460147316],[111.93778312515956,35.086512951794305],[111.93803505409939,35.086344067013236],[111.93829539562314,35.086276471091665],[111.93863681000768,35.08632152430978],[111.93873896147397,35.08637439143912],[111.9386535709669,35.08651814030862],[111.93864104583218,35.08669113474009],[111.93868633630885,35.0868457965255],[111.93866731285048,35.08708442196439],[111.93860401876222,35.08725780938815],[111.93836679806834,35.08744446658816],[111.93802756234189,35.08759017923286],[111.9378601534585,35.087708330633745],[111.9378568381996,35.08787208721246],[111.93785706600501,35.08787206291721],[111.93785692010213,35.087879241329176],[111.93784277636843,35.08826857255213],[111.93780852551802,35.08869809990703],[111.93768161939947,35.08901745240593],[111.9374136165415,35.08917692105833],[111.9372537514993,35.089278317985446],[111.937277226685,35.0894283772361],[111.9373068569455,35.089735787957274],[111.93735307665322,35.08997152382553],[111.9372892319876,35.09009722006387],[111.93705612026837,35.09026357205503],[111.93693508991136,35.090336053041895],[111.93701478689614,35.09072105715924],[111.93702537306551,35.09088552462436],[111.93697617785674,35.091150617833016],[111.93681375424494,35.0914094311778],[111.93660732380569,35.091625655774536],[111.93641805189176,35.091820286867424],[111.93646410460552,35.09204171660628],[111.93657092198771,35.09224836836092],[111.93662535235521,35.09244111702451],[111.93659266469226,35.09262738300843],[111.93637135426582,35.09306551022897],[111.93626944385534,35.093288080823115],[111.9363137830102,35.09335928406745],[111.93640073955089,35.09335145596165],[111.93651323305978,35.09329335363855],[111.93667713273496,35.093163308435464],[111.93689349953017,35.09305432182872],[111.9371450919042,35.09298083359214],[111.93731826612692,35.09290079635182],[111.93744759580656,35.09279247979556],[111.93760172422918,35.09256950352605],[111.93767809200376,35.092397208073905],[111.93777762444694,35.091967175189296],[111.93792345594207,35.0917800345987],[111.93807962941358,35.09173589881697],[111.93847014654486,35.09163271664234],[111.93869472013256,35.09148073484993],[111.93881370076721,35.09122941016549],[111.9389333356283,35.09103531735929],[111.9392100454279,35.09087577612135],[111.93977249518817,35.09058524436172],[111.9401710506004,35.09042475918463],[111.94043905195313,35.09026528268701],[111.94030693922689,35.09013037345812],[111.94014871632328,35.08999566743787],[111.93999796757097,35.08975358837177],[111.93994221570114,35.08944638359472],[111.94016497429516,35.08913701594005],[111.94052599848568,35.0887407256878],[111.94093094759646,35.088379865441425],[111.94119737813196,35.08808446827964],[111.94146545322813,35.087932146409436],[111.94169986387635,35.0878802428615],[111.94193567257398,35.08794995510126],[111.94208395662203,35.08797742116632],[111.94231828692136,35.08791836590753],[111.94260376556016,35.08776590538192],[111.94284704440274,35.08772824107819],[111.94296059710244,35.08776312907965],[111.943197643054,35.08794014592829],[111.94342623346662,35.08813868962469],[111.94375155163503,35.08842233428197],[111.94390131969956,35.08857856476315],[111.94404968790766,35.088613179792226],[111.94424854388451,35.08849716354614],[111.94446554900222,35.088445392003464],[111.94468436765774,35.08855100221711],[111.94506257135059,35.08889146558404],[111.94525701521357,35.08914750803014],[111.94535622227521,35.08944721847578],[111.94543096648695,35.08989020540967],[111.94543575645828,35.09030512238574],[111.94549028766657,35.090505020025894],[111.94531114714701,35.09082120834135],[111.9453058302464,35.09111457977239],[111.94528252622567,35.09135800913947],[111.94516339921192,35.09159503166981],[111.94493104241756,35.091825783650435],[111.94463775879437,35.09205700898864],[111.94449185987747,35.09223700511699],[111.94447634997515,35.09240167685563],[111.94461028606393,35.09269396246808],[111.94464052279677,35.09305144494984],[111.9444438837415,35.09336061532304],[111.9441142105136,35.09345618911147],[111.94382805788719,35.09355142412812],[111.94355093523818,35.093675206256556],[111.94362180145143,35.09378196951676],[111.94379827039799,35.09398807166853],[111.94391430672036,35.094237571583704],[111.94390956092269,35.09458101975364],[111.94386950272825,35.09488181348945],[111.94376071988238,35.09526184249489],[111.94358098462516,35.09552795412367],[111.94329663688208,35.095780568178675],[111.94326420939166,35.09598829883924],[111.94324163979954,35.096296111896464],[111.94319229821683,35.09654689712524],[111.94324724268112,35.09678256605067],[111.94352448250315,35.09710891282734],[111.9436491448653,35.097351189172535],[111.94368808213935,35.097708604824575],[111.94360689302916,35.09821719587428],[111.94344612656285,35.09861909232892],[111.94309443715724,35.09907255343594],[111.94322920603825,35.09943637746125],[111.94347433245062,35.09955609423222],[111.94358773705592,35.099576674034104],[111.94373348799711,35.099382372574034],[111.94395452433662,35.098922773173385],[111.94432518640207,35.09860509454838],[111.94464592538147,35.098488125514734],[111.944800705738,35.098322370449665],[111.94494595520023,35.09808514394198],[111.94516937798204,35.09783300017561],[111.94519276517549,35.09759672244759],[111.94514602385254,35.0973180666359],[111.94509837473045,35.096960720293296],[111.94502527486284,35.096660806568295],[111.94513545704449,35.096402390730496],[111.9452547548471,35.09617967559185],[111.94539187286576,35.09599259235176],[111.94533684027651,35.09574977216789],[111.94534929364539,35.09532041523204],[111.94541545872531,35.09501941479291],[111.94550864060132,35.09479690121805],[111.94563837519367,35.09472434654509],[111.9457773085145,35.09469464659604],[111.94605616314205,35.094721088141974],[111.94628246751805,35.09471932206418],[111.9464993212271,35.094653240321385],[111.9465759211093,35.094502399149256],[111.94659693571913,35.09443784695764],[111.9466820742099,35.094272631380306],[111.9468283025613,35.09412124635448],[111.9469785549911,35.09394121438054],[111.94708458107753,35.09370071513985],[111.94715761172795,35.09361786967369],[111.94727511285055,35.09361695169343],[111.94754153180216,35.09369714573485],[111.94772132442667,35.09381378642592],[111.94787501014714,35.093930632752844],[111.94816857664173,35.09410004194698],[111.94835765634002,35.09426669219154],[111.94855059184917,35.09439038355302],[111.94881282696842,35.0944849142582],[111.94909251401619,35.094582888748214],[111.94933410992233,35.09477416248016],[111.94954872398755,35.09489053044361],[111.94965677918242,35.094825294218175],[111.94973278940545,35.094624377988936],[111.94976482776389,35.09438445333415],[111.94974003903059,35.09412351502944],[111.94959804044943,35.09388853274185],[111.9494356913385,35.093399729141254],[111.94925896206382,35.09317217401301],[111.9492087696753,35.09297224427461],[111.94920905944768,35.09262167884147],[111.94915435075849,35.09240747404101],[111.94892233450419,35.09229124417853],[111.94866449983745,35.09220025655944],[111.94841474639126,35.0920555464407],[111.94840467664618,35.091937577438244],[111.94839771431909,35.09171226845887],[111.9485112777484,35.09137154624744],[111.94879762924319,35.09091858157856],[111.94908152874146,35.09063018540879],[111.94930413120224,35.09031007308731],[111.94934454061718,35.09004146748687],[111.94937330237819,35.08989457823437],[111.94932452129949,35.08981626164475],[111.94911932831441,35.089760631920306],[111.94871391432116,35.08970299397325],[111.94849989390688,35.08963670015231],[111.94828405415134,35.08941302669212],[111.94835844915266,35.08907261174679],[111.94859460305888,35.08879532221509],[111.94863588291928,35.08860183114702],[111.94846645998315,35.0882525931139],[111.94842282422547,35.08786659636564],[111.94859572674811,35.08776508192176],[111.94882118209192,35.08769177407876],[111.94915094973938,35.08760692080918],[111.94927598527275,35.0875057800904],[111.94941283233217,35.087297231928204],[111.94948399170177,35.08705342428666],[111.94951726990239,35.08692080905985],[111.9494290354679,35.08681775980673],[111.94924581497527,35.08677984592039],[111.94911912181189,35.08673791102512],[111.94894427481505,35.08667131396318],[111.94876092838946,35.08662266820816],[111.94859055681647,35.086566765925696],[111.94840277844938,35.08651100045322],[111.94824063365527,35.08641389579912],[111.94812956680337,35.0863432195778],[111.94803541045957,35.0862294870747],[111.94789439439475,35.086077963084],[111.947695914068,35.085974583659585],[111.94748577228594,35.085866525196984],[111.94730967057058,35.085691424602395],[111.94721540583696,35.08556815262023],[111.94704997270405,35.08531188656878],[111.94704273822353,35.08518793557327],[111.94723227170974,35.085019518235484],[111.94751535490572,35.08491237563273],[111.947624928801,35.08485428408689],[111.94779478571292,35.084991275321734],[111.94796989251637,35.08508052876186],[111.94808029522238,35.085093974184645],[111.94821965180589,35.08510242416216],[111.94845078985186,35.08501953293324],[111.94873387138722,35.08491238751083],[111.94906922303241,35.08480960215797],[111.94927847778598,35.08484135206314],[111.94954652767267,35.08493941431879],[111.94987989132,35.08516574254546],[111.9500678208067,35.08535982332767],[111.95022132693742,35.08558756057308],[111.9504169968903,35.085948514232555],[111.95069798350438,35.08616094476925],[111.95085585608902,35.086264637686476],[111.95088674755355,35.08642656149541],[111.95076065248784,35.08656109736542],[111.95063533179413,35.08676240282805],[111.95071319545237,35.08697165487467],[111.950884886428,35.087266021681096],[111.95104331505819,35.087417405528626],[111.9510961978299,35.08747422595894],[111.95128125582026,35.087420307936064],[111.95141901146432,35.08729044806918],[111.95164341028021,35.08712652287857],[111.95180851115644,35.08685336033314],[111.95212407729696,35.086545629159914],[111.95230305408293,35.08646791090811],[111.95254729347204,35.08651368803086],[111.95266797134491,35.08641257807591],[111.95268973764823,35.086288399652865],[111.95265856540092,35.086102630296296],[111.95261584307534,35.08592172149464],[111.95243487400634,35.0858277510523],[111.95224224427325,35.08572910388352],[111.9521070236873,35.08557753842279],[111.95201860962132,35.08545899231698],[111.95196975653889,35.08524951511992],[111.9519098511661,35.085087820245924],[111.9517214758972,35.08485558720598],[111.95166124113922,35.084665277603804],[111.95167565635344,35.08440760719184],[111.95179694061895,35.084358958749256],[111.95209361153714,35.084423404605],[111.95232077401704,35.08449793440839],[111.95246593100627,35.084506333954906],[111.95268523886982,35.0844044473993],[111.95289305279196,35.084312193136974],[111.95342157877923,35.08435573598245],[111.95366525728792,35.08435381883979],[111.95414509365109,35.084202188393675],[111.95429455258792,35.08408177013538],[111.95449259299244,35.08414698809825],[111.95467842025009,35.08415983377858],[111.95485738825784,35.08408211095561],[111.95501226004623,35.08392826310126],[111.95530609801452,35.083749475678026],[111.95549030938865,35.08362401503861],[111.95573900996555,35.08355528018068],[111.95594140664996,35.08349644861627],[111.95615746433336,35.083613985428556],[111.95628766503062,35.0838323599589],[111.95638411450663,35.08414162276261],[111.95640033623391,35.08453737066746],[111.95625879701576,35.08483896985389],[111.95602414714892,35.085117453886355],[111.95590648017657,35.08547610235487],[111.95586903598402,35.08574826233871],[111.95579672764352,35.086015929101045],[111.95560201721476,35.08623686406163],[111.95558020085853,35.08635627714603],[111.95578432934875,35.08644528866514],[111.95593623840743,35.086534714236365],[111.95616368621239,35.08663308091261],[111.9563903016393,35.086659911744526],[111.95677412537628,35.08673319822382],[111.9570526793873,35.08673576704129],[111.95717948860599,35.08666322409979],[111.95722970250846,35.08649112299991],[111.95716314772878,35.08625793865918],[111.95706647198446,35.085929600008384],[111.95697665775974,35.085691830196474],[111.95705543385631,35.08548134691273],[111.95718726223741,35.08534198948446],[111.9573897747608,35.085292693327894],[111.95762140646313,35.08525270922479],[111.95781777954275,35.08517484458989],[111.95797984293412,35.08514017553639],[111.95803591009651,35.08497279856575],[111.95805688712126,35.084781848788765],[111.95804149165008,35.0844576402554],[111.95807306798409,35.08418075524279],[111.95823624729587,35.083745434115215],[111.95856142861422,35.08327067630446],[111.95888270064269,35.082958111845336],[111.95922366441177,35.08284094467708],[111.95960786675732,35.08294760544465],[111.95948329936795,35.08321091903293],[111.95934065364833,35.08341713759646],[111.95934830072602,35.08357447596942],[111.95946768628555,35.083859705644436],[111.95967594519708,35.084301627983535],[111.95979421892447,35.08449147497919],[111.95975589638412,35.08468733124871],[111.95975818473231,35.08488286426539],[111.95972538594108,35.08505482946979],[111.95958234785986,35.08522766711333],[111.95933398071048,35.08532502436426],[111.95909164071327,35.08544141093564],[111.95876840656808,35.08558705563748],[111.95863607720662,35.08568349299754],[111.95858056884373,35.085898562252865],[111.95865856121735,35.086117346797394],[111.95882391924067,35.08636405760891],[111.95901879128986,35.08665346046448],[111.95919419273014,35.08676654342823],[111.95960569138417,35.086725130714846],[111.95992396542044,35.08665106770661],[111.9602608175517,35.08667701673196],[111.96051851155103,35.08688006906705],[111.96070675058522,35.0870979761236],[111.96107927685533,35.08724622068472],[111.96146210079874,35.087233647877234],[111.96167978079215,35.08699344218379],[111.96192402764137,35.08703920029509],[111.96208950823558,35.08729544429079],[111.96197548444009,35.08746805356535],[111.96189649309838,35.08765946411243],[111.96202638066828,35.08784921480936],[111.96222730310278,35.0880761645507],[111.96233319799485,35.08819933139597],[111.96233510394036,35.0883614829933],[111.96214208749461,35.08872550226442],[111.96189059851366,35.08905182833817],[111.96177757874666,35.08931028261124],[111.96192944463672,35.08939493015375],[111.9621499296302,35.08939318073994],[111.96245119729934,35.08935263385485],[111.96268216513558,35.089255407455],[111.96330734556716,35.08912643489343],[111.96359711879927,35.08909551433007],[111.96386480739241,35.08916015963447],[111.96386817324336,35.08944630676111],[111.96379165570553,35.08984756095268],[111.96380550424026,35.090038231939694],[111.96396774506117,35.09001786379903],[111.96411568415228,35.0897686695435],[111.96433358741612,35.089547538496795],[111.96454010907647,35.089345574176505],[111.96480566141773,35.089228991150065],[111.96493140107299,35.08906582389113],[111.96492881693129,35.08884644446018],[111.96500757640733,35.08863595639023],[111.96537880209665,35.088623462573736],[111.96584454955517,35.088753301203056],[111.96574483335213,35.08915473867579],[111.96572443565411,35.08939338128586],[111.96585478362401,35.089621282616434],[111.96610084037093,35.08981964387729],[111.96639297682579,35.089989019350575],[111.96675429397304,35.09011968758335],[111.96721914996299,35.0901732162429],[111.96734781481828,35.09025804200279],[111.96707234579655,35.09051779609142],[111.96674921798578,35.09067299808727],[111.96635634829177,35.09081921816912],[111.96616053277094,35.090944786739875],[111.96592212093522,35.09139502572651],[111.96585451681942,35.091567270502146],[111.96562500932158,35.09178849844343],[111.96549904430991,35.0919325870963],[111.96568584428299,35.09202649307051],[111.96604818078092,35.09224300557543],[111.96631880622678,35.09255564066906],[111.96641535740953,35.09286966186575],[111.96662525906942,35.09295384257781],[111.96700867363184,35.092988940994374],[111.96736944069588,35.093071916149434],[111.96752041788665,35.0930802510815],[111.96762655374741,35.09322248952152],[111.96756007641461,35.093490117083206],[111.96758700615248,35.09380469193442],[111.96760176591928,35.09407167024836],[111.96781426423117,35.09437522787172],[111.96805144131517,35.09480259509958],[111.96813549519294,35.0950404011081],[111.96810338700126,35.09526959863274],[111.96796536328519,35.09537562935958],[111.96771072335542,35.095434897162214],[111.96727005952532,35.09546703252171],[111.96687491692263,35.09542248804352],[111.96678342536364,35.0955376868687],[111.9668441563061,35.0957661419225],[111.96687130840169,35.096099795216226],[111.9668981229115,35.09640483409997],[111.9666702927658,35.09676913684073],[111.96638127948371,35.096866832647855],[111.96623254618551,35.09704926288759],[111.96623659764055,35.09739263910061],[111.96616977727068,35.097631650545566],[111.9659297728825,35.09794835437774],[111.96557112351945,35.09804660126763],[111.96521190788148,35.098097157989756],[111.96515624058691,35.09829792158254],[111.96487126929243,35.0987389910223],[111.96452624161294,35.099008831570245],[111.96430775163974,35.099182275683084],[111.96388473752309,35.09972936758704],[111.96346916861944,35.09992345528789],[111.96305404643206,35.10015569291756],[111.96276602829704,35.10033922349088],[111.96266460213478,35.10059758705796],[111.96270244881826,35.100854842847674],[111.96299304895622,35.10089069063557],[111.9633609650852,35.10059205457981],[111.96368368808962,35.10039870711491],[111.96400753249144,35.10030074070508],[111.96436495902984,35.10009757495802],[111.96451336709369,35.09988653524375],[111.96468543136616,35.099713461098546],[111.96491676368179,35.0996448463538],[111.96519440580543,35.09956632286362],[111.96549424594528,35.099401768957705],[111.9658405106307,35.09923684717709],[111.96611893709165,35.099225089088854],[111.96671308743444,35.099411137169966],[111.96707557237453,35.09963718449284],[111.96757755414046,35.09988119668812],[111.96796100155781,35.099916292421334],[111.96840089825906,35.09981738857525],[111.96894310341246,35.099536420837715],[111.96968260191663,35.09925387281818],[111.97034311770116,35.09916273587392],[111.97069343842139,35.09934117518629],[111.97103385303377,35.099662779865284],[111.97117844001077,35.10010995935542],[111.97107873760379,35.10051140297619],[111.97078003692468,35.10077135043521],[111.97059874908605,35.101144828977276],[111.97057881454704,35.10142162300022],[111.97061384660432,35.10192882227216],[111.97049571160362,35.10224455999462],[111.97076007542644,35.10251430882762],[111.9711483445726,35.10295476674022],[111.97155555318753,35.10352385270326],[111.97190867163918,35.103935972710694],[111.97213601798423,35.1040200026872],[111.97216811883143,35.10379080724402],[111.97186892626057,35.103521340833176],[111.97172795049178,35.10337938218079],[111.97155130761358,35.10316616842977],[111.97141033524922,35.10302421296821],[111.9711806175637,35.10273987953984],[111.97089782446977,35.102384427235116],[111.97078912724507,35.10202758022574],[111.97097655768889,35.10168267018679],[111.97121807920126,35.10149472385577],[111.97166817193316,35.101276485782684],[111.9720300287895,35.1009587939125],[111.972478754796,35.10062609474639],[111.97271874224711,35.100309379263415],[111.9727279704224,35.10010898502298],[111.97234114831643,35.099301262214304],[111.97208674158811,35.098647486126254],[111.9717902305699,35.0981132885382],[111.9712048569821,35.09768871893452],[111.9705352738363,35.0975032966868],[111.96977709995734,35.097187419486865],[111.96968652892213,35.09689004423881],[111.9699134149794,35.09644704701117],[111.970186218792,35.09620638359218],[111.97025126537626,35.0955738963152],[111.97021773295786,35.09519260040114],[111.970157165878,35.09497845431655],[111.9701409638205,35.09483549678968],[111.97059306732757,35.0950345854418],[111.97097334651914,35.09529386666745],[111.97161587797848,35.09564643518522],[111.97224008913301,35.09567720292595],[111.97297992493668,35.09567126780574],[111.97351610352707,35.09561926734185],[111.9740528497159,35.095614957153565],[111.97444254269362,35.0954448913459],[111.9740191567089,35.095221740105416],[111.97361056483189,35.095022315809665],[111.97315901990372,35.09487092849783],[111.97237340474342,35.09468644926144],[111.97199538810169,35.09461793775206],[111.97158765266906,35.09449004236561],[111.97138229950919,35.09430090433201],[111.97127721907194,35.094003650009206],[111.97120030629041,35.093634624548514],[111.97079172685673,35.093435189575935],[111.97049934085021,35.093246747716755],[111.9705383385424,35.09286486935757],[111.97065184487559,35.09264933078277],[111.97058929962498,35.09226826526049],[111.97023536382265,35.09178221817751],[111.97017451699081,35.0915442260271],[111.96986847963238,35.09142743448202],[111.96943330454101,35.091430915642896],[111.96927097889345,35.091444136159396],[111.96895151064457,35.0914180734538],[111.96854038759626,35.09149290102704],[111.96833781388528,35.091537445605454],[111.968094846726,35.09160139074127],[111.96787463793913,35.091626996090596],[111.96759561790667,35.09158629656892],[111.96751883556585,35.09147243910996],[111.96759832091665,35.091323949502645],[111.96780055755113,35.09125079265392],[111.96817669734172,35.09116193659351],[111.96854691869581,35.091063588819004],[111.96878458893515,35.091042612557565],[111.969021920496,35.090993018738565],[111.96923057833882,35.0909722716702],[111.96946745677683,35.09088452658159],[111.96996419772304,35.09068977279354],[111.97022405783362,35.09058276131596],[111.97036798510489,35.09048621860876],[111.97032561786229,35.09033870148628],[111.97000316047033,35.09005987688065],[111.96977478367198,35.0898852304085],[111.96965684697106,35.089726390178626],[111.9692719535536,35.08956491887909],[111.96905225413853,35.0893878158296],[111.9685293776088,35.08933475944616],[111.96773644800984,35.089262392313586],[111.9674937141221,35.08899999116223],[111.96735290393052,35.0888691550767],[111.96750004316782,35.08855318926868],[111.9679637646844,35.088511331439115],[111.96843861017956,35.08830602571764],[111.96884996613457,35.08812984258388],[111.96977738814671,35.088044924387454],[111.97077078827579,35.08801908730248],[111.97124882815842,35.087961601297536],[111.97149428618191,35.08786424303473],[111.97152962992693,35.0877864557203],[111.97123768791208,35.08763378449332],[111.97071514633035,35.08760815760845],[111.97040912638617,35.087491368902434],[111.970037690545,35.08736317642081],[111.96963682071231,35.087199448134726],[111.96944001451276,35.087117555376985],[111.96901894173386,35.087085147565475],[111.96862829291837,35.087171736230765],[111.96833825870024,35.087180015101836],[111.96785902484741,35.08713614678377],[111.96724058773188,35.08697414608084],[111.96700716792681,35.086862731833584],[111.96675769631685,35.08662027864811],[111.96637859620868,35.086456365910934],[111.96600710301735,35.08632220004826],[111.96562117226958,35.08619411028721],[111.96537853928322,35.08591583146984],[111.96537587105422,35.0856892987841],[111.96543875463946,35.08548608878638],[111.965335111439,35.08530805552861],[111.96504255867356,35.08510171621265],[111.96495398400796,35.08497125550093],[111.9650453876161,35.08472608907277],[111.96514641613602,35.08451017604724],[111.96497870488166,35.08431118907122],[111.96491466826457,35.08404698788186],[111.96495599157547,35.083860645832864],[111.96518927805349,35.083715700737365],[111.9654140335279,35.08358513349003],[111.96532355177922,35.083292524092066],[111.96534763614973,35.08312062680299],[111.96544134083007,35.08294817792552],[111.9658491015921,35.082837615093],[111.96638807345188,35.08278323864772],[111.96687508268563,35.08275073835917],[111.96707423133246,35.08266329974511],[111.96700190739163,35.08243493670155],[111.96698180192787,35.08220615629986],[111.96716109222531,35.08191139937246],[111.96722826387656,35.08170338525956],[111.96713118695311,35.08158968916999],[111.96681578607715,35.08141334666638],[111.96614510408583,35.0813686107943],[111.96578687050604,35.08124984114142],[111.96547290555259,35.08119510610371],[111.9650611935837,35.080969443490375],[111.96468446265193,35.08075780974811],[111.96444705566044,35.08055222243821],[111.96432042275241,35.08014543007498],[111.96432769659286,35.08002374795351],[111.96414183148751,35.07976051308286],[111.96365223186818,35.07957123758945],[111.9635452809927,35.07935745511486],[111.96346435358619,35.079136312837605],[111.9632795024064,35.078958922718215],[111.96311197544775,35.07877423907034],[111.96333461641335,35.07846483289419],[111.96358395007248,35.078205292905295],[111.9636949752567,35.07802555378548],[111.96376249042338,35.07784615675925],[111.96400379374299,35.077643915873196],[111.9642557321403,35.07760614183347],[111.96448324982182,35.07771164825143],[111.96484146711964,35.077830422998055],[111.96523457776055,35.077956073685286],[111.96545347931517,35.07806879887678],[111.96554294496447,35.07827556326391],[111.96556262374706,35.078468575583],[111.96568622631301,35.07861783460717],[111.96589617359281,35.078709169656626],[111.96619306129251,35.07879265511902],[111.96656868994012,35.07891128595387],[111.96684910322733,35.07907360144203],[111.9669985594829,35.07920118873282],[111.96715739323571,35.079385934449014],[111.96716930545769,35.079657706904776],[111.96721475899389,35.079821894348214],[111.96746940728075,35.08001303009305],[111.96796771972245,35.08020222141492],[111.96839565762497,35.08032758456199],[111.96871755939236,35.08031785781571],[111.9688385463159,35.08024534838011],[111.96882832219491,35.08011665110835],[111.96839869509719,35.07984821813189],[111.9681264728665,35.07964291337385],[111.96805423559273,35.07942170579752],[111.968128582334,35.079084856673994],[111.96826460771553,35.07881190497093],[111.96819338395746,35.07867653991455],[111.96790469042439,35.07855006732489],[111.96759366559962,35.07825206567298],[111.96756848900543,35.07808533163046],[111.9674622067441,35.07792878251523],[111.96724017576122,35.07779700481698],[111.96704107195349,35.07764119653849],[111.96692318794858,35.07748474034487],[111.96696126526098,35.0772698052973],[111.96708078501749,35.07707329918696],[111.96717186107273,35.076924715388905],[111.96710630394368,35.07677738076123],[111.96703449306814,35.076591940039826],[111.96695744361635,35.07645423661915],[111.96697287897899,35.07628717855714],[111.9671746291528,35.07617586993132],[111.9674525829636,35.07613072525633],[111.96773115813525,35.076138044000935],[111.96806763201032,35.07613535666376],[111.96828791191616,35.07611929123453],[111.96846696186134,35.0760510865705],[111.96861661023748,35.07594973039441],[111.96864950205499,35.07578730163005],[111.96860584975259,35.07553009128823],[111.96857408150387,35.075296636046026],[111.96859508725836,35.07511045397064],[111.96875019924165,35.074980435920864],[111.96912057498801,35.07490116483067],[111.96939902991303,35.0748989401803],[111.96945304623873,35.07505113387564],[111.96947321384687,35.07528468161633],[111.96945834786133,35.07549943190541],[111.96944551595503,35.07588587161254],[111.96952910288853,35.076085525320835],[111.96964721651774,35.07626105466169],[111.96981134510312,35.07640283071163],[111.96991644336991,35.0764592244933],[111.9700490843072,35.07639138957622],[111.97021557146137,35.076242201179646],[111.9705146392726,35.07602040598621],[111.97073919577086,35.07587552376479],[111.9709107465717,35.07566428703545],[111.97103605603868,35.075467730719396],[111.97105041046301,35.07521006042621],[111.97116034992864,35.07518533182229],[111.97125616388122,35.075437351811196],[111.97136369457125,35.075698817513405],[111.97144329332669,35.07605112905821],[111.97153319566972,35.07629365738181],[111.971674575669,35.07647376722971],[111.9718834231837,35.07647209454459],[111.97223775432079,35.07650741021447],[111.97259259513922,35.07658564918914],[111.97287884076583,35.07675028799275],[111.97317601009843,35.07685760324684],[111.97323260821824,35.07673790971408],[111.97306699981051,35.0764721419816],[111.97296121782085,35.07635852213308],[111.97281194020509,35.076002000810604],[111.97279699831952,35.075720714452785],[111.9729111542665,35.07556240341626],[111.97325167117216,35.075411813678464],[111.97340643525007,35.07525317627284],[111.9734146941632,35.074971702843584],[111.97351554772602,35.07467041042457],[111.97361224202635,35.07450746817009],[111.97388478154633,35.074495741066485],[111.9741593059968,35.07465093141622],[111.97449558649893,35.07512041808632],[111.97466057061877,35.07533372535198],[111.97481901882905,35.075485078088654],[111.97499356729803,35.075526599692985],[111.9752647479164,35.075400409991005],[111.97538492714821,35.07526112752182],[111.97563730877545,35.075067974443826],[111.97574181948606,35.07502454677331],[111.97588534267071,35.07499429795319],[111.97613761095265,35.07498511291067],[111.97653814578187,35.075003351560525],[111.9768526882346,35.07510813213235],[111.97719333932086,35.075212703302604],[111.97738631435777,35.07533992620841],[111.97747623118,35.07558245169852],[111.97754055792907,35.075868106395795],[111.97741344351873,35.07615530598805],[111.97704437843072,35.07658754254104],[111.97689055706414,35.07682487720839],[111.97695522397956,35.07713914746526],[111.9772272876489,35.07733012237277],[111.97756952532605,35.07764831841705],[111.97767923766975,35.07796930861221],[111.9776947252814,35.07809187236634],[111.97773354527466,35.07830618964661],[111.97765064996089,35.07865265112869],[111.97760294388294,35.078909401919354],[111.9776198673819,35.07911197117539],[111.97788889530787,35.07916942386942],[111.9780709735378,35.079233536868436],[111.97813837604001,35.07941185067331],[111.97812636206629,35.07962061822226],[111.97831483969591,35.079613135519594],[111.9786197049217,35.07963452198539],[111.97879289584678,35.07956158048089],[111.9790949798463,35.079350472982725],[111.97931125454164,35.07924141192587],[111.97928039452133,35.07908665009104],[111.97914011614115,35.07887911400164],[111.9789426099441,35.07873762116849],[111.97869312895257,35.07849519419564],[111.97861804786206,35.078281169884285],[111.97875056209124,35.0778389135601],[111.97879840643978,35.07759408664894],[111.97867867673264,35.077285029872414],[111.97855283595304,35.077071416011485],[111.9785565979203,35.07677925025179],[111.97882149132191,35.076490937506925],[111.97915413995302,35.07641074605812],[111.97960352529934,35.07638923083896],[111.97994299587265,35.07627320936079],[111.97982461810268,35.07607742242622],[111.97953945652706,35.075882980854075],[111.97934813818732,35.07565200890192],[111.97927134756287,35.07529490940415],[111.9792675724829,35.07497895710789],[111.97927937057624,35.07475230602715],[111.97919092754192,35.07463377999449],[111.9792032222054,35.074448860858425],[111.97939054915145,35.074345994796424],[111.97960162265981,35.07440987055512],[111.97991471841513,35.074514658470214],[111.98012686317331,35.07466795343178],[111.98035265454227,35.07474959665417],[111.98060688305797,35.07478331308108],[111.98072190917593,35.07469891461765],[111.98081425003605,35.07453719440121],[111.98088441040346,35.074339881646196],[111.98099814910563,35.0741481786187],[111.98118504487508,35.074009542319885],[111.9814741727282,35.0739296957841],[111.98172071894818,35.07392770200213],[111.9820837161101,35.073960533000054],[111.98235344548999,35.07407758764657],[111.98259431262224,35.07420680190062],[111.98278470723058,35.07436026931189],[111.98294609867335,35.07451397239976],[111.98324455005691,35.07460694581647],[111.98354057090253,35.07449722978937],[111.98389517441348,35.0744347341833],[111.98413389750665,35.07438509983364],[111.98414014825907,35.07430158173424],[111.98404394710197,35.074141388107336],[111.98392542189369,35.07393368180741],[111.9838870163617,35.073755134078795],[111.98388487175755,35.07357629305369],[111.9843160842494,35.07325084617791],[111.98457598473846,35.07315334717641],[111.9850513468611,35.07288119616032],[111.98538383108286,35.07278906542707],[111.98566684571713,35.07280465235875],[111.98591424758035,35.07287418414433],[111.98626956053269,35.07287129595293],[111.98657985893752,35.07274357051685],[111.9870045953176,35.07248374919131],[111.98714796960502,35.07234545797657],[111.98706562099237,35.072131496176986],[111.98701909883769,35.07188147357631],[111.98715457326736,35.07168958614303],[111.9874212881514,35.07155625195332],[111.98778326984818,35.07150560865874],[111.98807310072799,35.071485362629915],[111.98828869351145,35.07132263255639],[111.9884899284316,35.07117194278402],[111.98877185705034,35.07109810081016],[111.98914051506993,35.07099970263578],[111.9895528182921,35.070912870885664],[111.9899810645605,35.070945149529976],[111.99019895864556,35.070973180245446],[111.99023643802052,35.07107422662076],[111.99031857544824,35.07127030023615],[111.99039963398792,35.07137695566617],[111.99058206428539,35.071470856720495],[111.99077470301351,35.07180911658152],[111.9907481488782,35.072012038262045],[111.9906292716502,35.07237669012596],[111.99064871714832,35.072566161371206],[111.99073217302701,35.07285042136723],[111.99065626209844,35.073289843251466],[111.99051004568237,35.07367260328851],[111.99005091383958,35.07408653526092],[111.989553748782,35.07423368131292],[111.98912699915148,35.07444702399089],[111.98886382949925,35.074754422405135],[111.9887875606891,35.07516522799162],[111.98888176085117,35.075278929226],[111.98913678472863,35.07525777012306],[111.98956468904213,35.07513980984386],[111.98995801703124,35.07504120779253],[111.99036329054307,35.0749711258275],[111.99067528554836,35.074863647810666],[111.99125124766451,35.074515530665934],[111.99181814136479,35.07437734795219],[111.99224776909087,35.0744024505835],[111.99257367127069,35.074485636708054],[111.99285489696244,35.07471227413212],[111.99298082462973,35.07498831519332],[111.9929826738116,35.074987014761135],[111.99304259370741,35.075168138581695],[111.99286901091618,35.07544619572017],[111.99272083614675,35.07566680952445],[111.99259609767128,35.07590630788264],[111.99277568036857,35.07636271586276],[111.99277926112816,35.07665840160949],[111.99301547464202,35.0769998762659],[111.9933058846939,35.07702611494164],[111.9938609585295,35.0768689401694],[111.99411667673964,35.07690500175185],[111.99446822763856,35.07718829287915],[111.99454108355657,35.07745479147424],[111.99454490449914,35.07776955074342],[111.9943399910593,35.07809556226038],[111.99436770921814,35.0784673606152],[111.99430225842605,35.07881130673326],[111.9939807336405,35.0790905773852],[111.99354225397897,35.07929449297945],[111.99413828367045,35.07964255533526],[111.99492786396075,35.07968377506521],[111.99544105924274,35.079898964806524],[111.99552621873379,35.08022259578052],[111.99561161289091,35.080565302188155],[111.99556983580818,35.080947212057666],[111.99543558003192,35.0813584972511],[111.9954284974641,35.08173058079467],[111.99539890120977,35.082160084148],[111.99558895791587,35.08252101138708],[111.99603092997727,35.08260323386368],[111.99634526457872,35.08268650354517],[111.99648889779455,35.08316585719943],[111.9967121906299,35.08363501625419],[111.99693563224652,35.084116097235906],[111.99722731769502,35.08424486033366],[111.99747621621928,35.084433595490815],[111.997676167607,35.084771783025815],[111.99769502753286,35.085129345340846],[111.9976396939915,35.08535039246153],[111.99735054390055,35.08543027689521],[111.9968136506066,35.08541680502042],[111.99599972072336,35.08528636871839],[111.99530277044701,35.08523247164602],[111.99486763158279,35.08523604354045],[111.99472316285514,35.08528492506544],[111.99464577671829,35.08548230275156],[111.99445764951585,35.085519617563854],[111.99396643984038,35.0856846190009],[111.99358466604991,35.085902378502446],[111.9930510960015,35.086163112315646],[111.99261086374028,35.086345575767744],[111.99227122617638,35.08644970957873],[111.99204842065092,35.0866184669817],[111.99237442227307,35.08658598891118],[111.99295295705376,35.086444128736474],[111.99328613592643,35.086405628087945],[111.99384443126512,35.086389127916064],[111.99427362698442,35.08649292544009],[111.99466082993634,35.08672226433977],[111.99498073418252,35.0867852227178],[111.99545990544006,35.086823022864195],[111.99584486789064,35.086867558044595],[111.99628103025847,35.086947442162256],[111.99649476270636,35.0872258983967],[111.99660695908022,35.0875051861281],[111.99675519897852,35.08776629427835],[111.99678783756876,35.088064124364216],[111.99671915433593,35.088380671433164],[111.9968591297878,35.08855837846396],[111.99707867250638,35.08886168934469],[111.9971678351534,35.089135904835864],[111.9971134265323,35.08949135927333],[111.99696120777948,35.089857482037694],[111.99693744945263,35.09005084451512],[111.99693039879499,35.09018683467312],[111.9970201336389,35.09040788094506],[111.99701421506975,35.09063687024382],[111.99693832391876,35.090837813377775],[111.99696626066304,35.090987827045296],[111.99712449114502,35.09111530152143],[111.99739673726492,35.091313384951114],[111.99746070918297,35.091563261577974],[111.99739317167536,35.09173552103458],[111.99732615759538,35.09195070075641],[111.99709420827806,35.09220301046322],[111.99685320964974,35.0924267771237],[111.99659427825318,35.09260776339949],[111.99667661452249,35.09293618666403],[111.99681039036493,35.093199797334236],[111.9968140459371,35.09350024851577],[111.99659236393302,35.09388125114494],[111.99663727540167,35.09399534997344],[111.99666025517254,35.09445303847189],[111.99662100061374,35.094803925239],[111.99638886932436,35.0950419238614],[111.99652195261437,35.095248307342366],[111.99652578369971,35.095563066397794],[111.99642629697892,35.0959716802964],[111.99635074572244,35.09620123984684],[111.99651081245247,35.096478942201536],[111.99661804622926,35.096707001166024],[111.99675922566757,35.0968632339664],[111.9969056279541,35.09673325378128],[111.99705960088339,35.09651020369659],[111.99705646544436,35.096252672079714],[111.99710241766334,35.095737182932666],[111.99724428668016,35.095235213311646],[111.99730059776705,35.09485557089307],[111.99730581647539,35.094569353504504],[111.99747501362917,35.09416732094442],[111.99767937105038,35.093793614009336],[111.99788581951398,35.09359159240928],[111.99816259409916,35.09344622820197],[111.9982551962477,35.09318791009831],[111.9984606825111,35.092907198246095],[111.99858905759321,35.09272728338124],[111.99885642605594,35.09252476017279],[111.99886225117028,35.092288619668814],[111.99876498927695,35.092117984791194],[111.9987350404361,35.09180344174964],[111.99885861521618,35.091230076440326],[111.99885494913029,35.09092962265679],[111.99871264237244,35.090680393847684],[111.99850897714077,35.090395897560974],[111.99848773384113,35.09008128266473],[111.99846579206286,35.08970943856864],[111.99848180323926,35.08959483595279],[111.99862618529706,35.089300319312514],[111.99892770370067,35.08897745568732],[111.99891241734238,35.08897995210562],[111.99892761426891,35.08897030171925],[111.99898889374678,35.088827530160785],[111.99912970036726,35.08847819233356],[111.99928506016869,35.087895026626185],[111.99940537562048,35.08729306942054],[111.99958498790488,35.08679555533068],[111.99984768758294,35.086449981488364],[111.99999656028298,35.08628658854895],[112.00027610051582,35.086370134784104],[112.0004443785146,35.086845702553575],[112.00046436986365,35.08753235420761],[112.00044251367703,35.08784923345213],[112.00086047432441,35.08857552521265],[112.00122193723882,35.08895172131556],[112.00152344420032,35.08940710786531],[112.00136192959717,35.08972323436774],[112.00134010445474,35.090073975184964],[112.00175248463012,35.090342434811575],[112.00218271163304,35.09064651628487],[112.00225540242434,35.090896315515955],[112.00221494670338,35.09114705271338],[112.00226082942005,35.09133983951747],[112.00269923987474,35.09160092410691],[112.0027884641774,35.09177904644853],[112.00279205499365,35.09207234316883],[112.0026988564919,35.092280589400126],[112.00298721152559,35.09237121000128],[112.00337025417446,35.09237519538189],[112.00378002359736,35.09242903846043],[112.00404279661328,35.092562794704286],[112.0045067161448,35.09277358298325],[112.00479823525994,35.0931217276528],[112.00493238843889,35.09341394387784],[112.00502363749963,35.093756595750285],[112.00505413918427,35.09411405960944],[112.00468154660648,35.094253079708025],[112.00447563994936,35.09449803100283],[112.00441848620197,35.094806141939216],[112.0043608922901,35.09507848301447],[112.00419005976674,35.09534460913809],[112.00407075052622,35.09555307258196],[112.0042219620534,35.09581652851946],[112.00433941092038,35.09616611935435],[112.00440402440661,35.096466064031944],[112.00459224827034,35.09690807288748],[112.00489864514883,35.09704861935129],[112.00540426957993,35.09710881592401],[112.00592765410092,35.097197480881746],[112.0063832541763,35.09743694753908],[112.00673352941739,35.097605743822],[112.00691798399266,35.097740142962536],[112.00692211927554,35.098076361859036],[112.00691113241069,35.09859872011026],[112.00680246198112,35.09896449096794],[112.00638967025252,35.09937571481313],[112.0064699428619,35.09953244433031],[112.00664367839177,35.09950238491667],[112.00689240835,35.09919983782919],[112.00713392643733,35.099018974420375],[112.00735821446663,35.09885255947275],[112.00746943349915,35.098694242074444],[112.00749114459055,35.09833634439909],[112.00751338361694,35.09802136863964],[112.0075367689231,35.097799392481754],[112.00748287264233,35.09766390760754],[112.00734826203107,35.09733592850345],[112.00729163753995,35.096978680742914],[112.00714911952585,35.09671515566703],[112.0067347548534,35.09628933920432],[112.00622465090862,35.09586431318534],[112.00592476397416,35.095544856826876],[112.00618869526515,35.09506332845226],[112.00656990625063,35.09491707748425],[112.00689089083717,35.09482855944917],[112.0068971325162,35.09462818704305],[112.00670063842716,35.094222022901775],[112.00667153632342,35.09397901578851],[112.00719217704456,35.0938459145064],[112.00737354527082,35.09372993890737],[112.00719542584213,35.09340231906192],[112.00748888474783,35.093199561154044],[112.00780054357949,35.093061038996304],[112.00779016820317,35.0929251923687],[112.00740685695686,35.09289976003151],[112.00673448364691,35.09272648746062],[112.00638115423777,35.09230731450214],[112.00646563937549,35.0920991378515],[112.00669606114913,35.09172520142171],[112.00631302053412,35.09172122560819],[112.00555160569333,35.09138413541596],[112.00517077322826,35.090850718873114],[112.0050343404648,35.09037251031128],[112.00467162665333,35.08989617674825],[112.00462363464081,35.08953170274421],[112.00474153126197,35.08920877965154],[112.00457327664971,35.08897408219997],[112.00438603589362,35.088610761659695],[112.00444301060716,35.08828834435156],[112.00436170203754,35.08804577064913],[112.00434984005845,35.0877883140535],[112.00455678445911,35.08762920437074],[112.00498314461265,35.08761851745371],[112.00528669894904,35.08753014826255],[112.00493620802756,35.08733988571285],[112.00461174131601,35.08714225271191],[112.00454731069132,35.08685661282788],[112.0046190577156,35.08631944629143],[112.00450979768407,35.085926861705154],[112.00437460763895,35.085548801182945],[112.00443044044266,35.08513338744056],[112.00455387861818,35.084552864367645],[112.00478630662722,35.084343462924],[112.00548181917274,35.084280462632684],[112.0059864865739,35.08426912296527],[112.0063757362137,35.08407272586116],[112.00688629200452,35.08383239475528],[112.00751964854229,35.08366973757373],[112.0077255184389,35.08342477949786],[112.0083594874511,35.08331219399672],[112.00880375991593,35.08334427039348],[112.00923641962679,35.08314034740699],[112.00962468409661,35.08286525091201],[112.00983845510963,35.082555835671485],[112.01029478433553,35.08233084528426],[112.01036480600473,35.08212755696599],[112.01044624451342,35.081673770529335],[112.01078757399226,35.08112242636742],[112.01092775966417,35.08072776789351],[112.01158919417912,35.08025722036377],[112.01165803340328,35.07995854866872],[112.0117929123496,35.079134675406614],[112.01189046179984,35.07881191586595],[112.01206155986156,35.07857201040657],[112.01229641076941,35.07879660412991],[112.01253303404705,35.079164268588045],[112.01271090648666,35.07947280516941],[112.0127290956136,35.07977075066008],[112.0124806988337,35.08079827938996],[112.01266432244009,35.081571800191284],[112.01284750641992,35.082309549849214],[112.0128268995082,35.08298938438331],[112.01261375551721,35.08334888065351],[112.0126778152341,35.08383722408843],[112.01310323605881,35.084456098661875],[112.01302275452133,35.084986191766355],[112.01321916901885,35.08538519214696],[112.01343316792541,35.085798356396594],[112.01369726344663,35.086039395896755],[112.01399599122281,35.08626583489127],[112.01429578677717,35.08657811784464],[112.01440500475384,35.08696353881374],[112.01460036775376,35.08727669459551],[112.0148131391734,35.08758970343326],[112.01509252195562,35.08765890814418],[112.01545982225403,35.08779891927214],[112.01570350647653,35.08779687909897],[112.01533159647013,35.08728488304029],[112.01532627465633,35.0868556675509],[112.01535665397718,35.08649769552645],[112.01542255342366,35.08619666178414],[112.01520960725034,35.08586934600589],[112.01469527484853,35.085100985410165],[112.01439424334121,35.08468855241002],[112.01426549929798,35.084131590836655],[112.01429464165355,35.083673470657175],[112.01442502681874,35.08295694691591],[112.01449555690718,35.08250265348927],[112.01419861155807,35.08195067608774],[112.01405602737938,35.081564342944354],[112.014159936343,35.08116998425316],[112.01449360014844,35.081173155455424],[112.01507486332949,35.08125772034341],[112.01538810020344,35.081368375184354],[112.01586842853408,35.08150147669545],[112.01628334482442,35.081623200025234],[112.01660324423428,35.08168610055877],[112.01677277664834,35.08190527065679],[112.01685513878851,35.082113247929456],[112.01714455198022,35.08205716308104],[112.0174569074064,35.08209627742373],[112.01777007652507,35.082200964358805],[112.01808317453383,35.08229968792338],[112.01790557081532,35.082015007234],[112.01762444074761,35.08157021978569],[112.01730298573058,35.08138213406417],[112.01700987333003,35.08114015311941],[112.0167088468767,35.080844581146245],[112.01629423079808,35.080746703914436],[112.01579947674023,35.08061968623661],[112.0152310959778,35.08040385459465],[112.0147781587862,35.08013935800468],[112.01448648115196,35.079426365131546],[112.01448138671284,35.07901503298044],[112.01471663479872,35.07868515875356],[112.01508803798914,35.07822297932824],[112.0155951511919,35.07759272996931],[112.01602055906181,35.07739242287929],[112.01599636425235,35.07719588110663],[112.01599370257385,35.07698127215119],[112.01622523622754,35.07693759902356],[112.01656568990556,35.07690493695056],[112.01683362728559,35.076872881099206],[112.01718074039343,35.07679246433045],[112.01743284223335,35.07665322391727],[112.01777706542296,35.07634031440253],[112.01816798057298,35.076283375313324],[112.01814474486696,35.0761643307229],[112.01763506814711,35.07600167378927],[112.01701121889495,35.075989021415275],[112.01627741474985,35.07588189756417],[112.0159775180728,35.07567574230152],[112.01557292890226,35.07521409955723],[112.01537558743927,35.075090550046795],[112.01556916051935,35.07491007133482],[112.01598167695212,35.0748410348154],[112.01674743564664,35.07471895372208],[112.0174083182443,35.07467763925025],[112.01794107116103,35.074830563938676],[112.01807994156135,35.07480078205776],[112.01818169620688,35.07458529828466],[112.01803083542285,35.074350471194435],[112.01774092854822,35.07413111940747],[112.01738167802722,35.073933812794785],[112.01691099528097,35.07387337090446],[112.01675152843802,35.07364576992762],[112.01643374956046,35.07328356163388],[112.01570789165368,35.07299631446836],[112.01534714556313,35.072677390450956],[112.01544225504274,35.07192538816281],[112.0155006849792,35.07172457688623],[112.01574531101261,35.07110010072356],[112.01594100511231,35.0707407457197],[112.0165840969143,35.07067096707464],[112.01686813137889,35.07041818353945],[112.01732716282747,35.070242630650455],[112.01717480594722,35.06988619007871],[112.01730212701212,35.06962756599838],[112.01743876811628,35.06941894388221],[112.01794840060185,35.06911418472545],[112.01821733384745,35.06904753743124],[112.01828543179205,35.06892534186868],[112.01851831620122,35.06875883690515],[112.01913652960305,35.06878941525585],[112.01933434038418,35.06860174022853],[112.01967926571585,35.06834843836849],[112.01976289279659,35.06807586965884],[112.01959463949397,35.067841191346574],[112.01935242147658,35.06725657240449],[112.01947112161045,35.067005171402045],[112.0198530662556,35.06693041581063],[112.02006063812429,35.06682851138385],[112.01998081834455,35.066707557054265],[112.01968986736257,35.06640236797893],[112.01949391421711,35.06603914374476],[112.01934128944812,35.06566124557571],[112.01942616040434,35.065488828063955],[112.01964332102314,35.06545838461225],[112.02001771532836,35.06547669972591],[112.02058396927168,35.0655291720453],[112.02063385831397,35.06534273863835],[112.02063091852301,35.065106669475625],[112.02074011029708,35.06479095837997],[112.02102758277206,35.06481715662359],[112.02132536482775,35.06497204684083],[112.02172942391789,35.065276279254974],[112.0220122144209,35.06562446051037],[112.02232829109401,35.06585073576874],[112.02256633227722,35.06609913047703],[112.02263161038245,35.066449142994934],[112.02272794158783,35.06649841189676],[112.0231614628606,35.066373131605836],[112.02359801614577,35.066491071779],[112.02381785985777,35.066675227836114],[112.02407178915757,35.06680186159115],[112.0242535241161,35.06672162961906],[112.02446961000041,35.06660533456512],[112.02451123873541,35.066454741194825],[112.02450676800169,35.066097062310234],[112.02489499122242,35.06582907326882],[112.02555948380835,35.06538703954281],[112.0259388201091,35.06510481200926],[112.0257715412323,35.06494883134324],[112.02499700950058,35.06494107188276],[112.02463149782845,35.06493700471343],[112.02450897383612,35.06488080475041],[112.02432420672454,35.064717815965665],[112.0239553861306,35.06444906650344],[112.02373996622514,35.0639214622601],[112.02340541898909,35.06360949525823],[112.02324488265037,35.06329605937172],[112.0233211336217,35.06313086479726],[112.02364126201682,35.062985076298055],[112.02376864055755,35.06273359874317],[112.02405423481812,35.06260956570457],[112.02474030856344,35.0625036087378],[112.02506868334484,35.062321975952564],[112.02533731992399,35.0622338541032],[112.02559761306742,35.062174418371065],[112.02576130734444,35.062044253722],[112.02595846029443,35.06180649502149],[112.02626996645503,35.06166792548325],[112.0264675658444,35.0614659321567],[112.02667520508855,35.061371168852766],[112.0270668038117,35.06137500820259],[112.02759885903623,35.061477815183984],[112.027807306133,35.0614474328358],[112.0278751145978,35.06130377022818],[112.02785466572112,35.061060695835224],[112.02791359389005,35.06090280172845],[112.02823630651964,35.06096445611004],[112.0285139923787,35.0609048667121],[112.02869481138895,35.06075309148518],[112.02888522674787,35.060672778128904],[112.02914542241469,35.06060618094432],[112.02937072678876,35.060532727312946],[112.02939404461509,35.060310743182846],[112.02955226298303,35.060438179744175],[112.02985120908511,35.0606860424171],[112.03003507912001,35.06077748785694],[112.03035725230514,35.060796215590315],[112.0307498383625,35.06087873291845],[112.03094339859126,35.06104879194847],[112.03122351264768,35.06118234213896],[112.03155447819948,35.061208144828896],[112.03184965459798,35.061155553764465],[112.0322766837984,35.061209155149484],[112.03237004340953,35.06102234706564],[112.0325841241513,35.060748660102895],[112.03286843294306,35.06052445412654],[112.03266616847536,35.06035447408974],[112.03257655653263,35.060147759362955],[112.03258999303637,35.059832853847425],[112.0324060334395,35.05973425922526],[112.0318492307352,35.059738998186965],[112.03153396224758,35.059577128595905],[112.03106710570584,35.05912322068736],[112.03096771965119,35.05883073659568],[112.03105121019584,35.058551009249264],[112.03152358564718,35.058060494840895],[112.03150393791596,35.05788180485226],[112.0312763928063,35.05777642346365],[112.03098867044729,35.057728789078766],[112.03056973115721,35.05762503481375],[112.0303598580182,35.05754096658845],[112.02999320934686,35.05744391812806],[112.02981024519698,35.0574240092912],[112.02991194724926,35.0572085150791],[112.03007373694919,35.056928121662736],[112.03031310560723,35.056589834046726],[112.03082548857988,35.05651393715481],[112.0311464769964,35.05643966619592],[112.03161454897023,35.056299753808865],[112.03211570696136,35.05602362388207],[112.03243434983142,35.05576335675605],[112.03254402253633,35.055490558379745],[112.03262795595201,35.05524659518921],[112.03268660074745,35.055067236090935],[112.03258649378404,35.054717526039845],[112.03229751995902,35.05456974464573],[112.0321996658834,35.05439887222228],[112.03224835082034,35.05411943829774],[112.03251398207948,35.053795233186314],[112.03264131960715,35.053543745754475],[112.03292587513984,35.05334100256822],[112.03311464844013,35.05313191709617],[112.03325545770639,35.05325949731255],[112.03374288964122,35.05327680583414],[112.0342383912397,35.05324396596715],[112.03501190590156,35.053180134280296],[112.03543826418645,35.05318364944965],[112.03579683116263,35.05333082915053],[112.03577497752639,35.053667271254746],[112.03580532163937,35.054003265824214],[112.036138156996,35.054179283047745],[112.03655582055887,35.054182867608304],[112.03686944982418,35.054215958012975],[112.03708829416918,35.05432140247801],[112.03746462961332,35.054497043191645],[112.03768537384246,35.05475271210885],[112.03792451400987,35.05508692054234],[112.0383061999619,35.05568461834264],[112.03812640603356,35.05591509543028],[112.03788444666205,35.056045945416145],[112.03759065143197,35.05620585539163],[112.03775014025305,35.056433428294774],[112.03825797913075,35.05668663947397],[112.03861774522863,35.05692680704768],[112.0390797357965,35.05699439472167],[112.03927276075923,35.05712151771193],[112.03925046862805,35.05742219122783],[112.03936719090272,35.057707365990034],[112.03920534117901,35.05798061730803],[112.03885055148501,35.058133898176564],[112.0383635440618,35.058152377678915],[112.03835692806081,35.058316981832036],[112.03822080921586,35.05856139634022],[112.03796298193446,35.058814005172486],[112.03755589686018,35.058960572374886],[112.03761887897069,35.059124585618626],[112.03802106622413,35.05927853807994],[112.03857786364189,35.05927377265509],[112.03920416786801,35.059261254471366],[112.0395959363293,35.05927936050218],[112.0397889675528,35.059406483416936],[112.03983555249869,35.05964933239248],[112.03934182947984,35.059825266221125],[112.03891697971618,35.05994337589106],[112.03850119045866,35.06009002533678],[112.03832057254955,35.060256120921565],[112.03856671100684,35.06045433368855],[112.03923027296162,35.06063466433359],[112.03991024091675,35.060736150693984],[112.0403201425228,35.06081133198562],[112.04040904959163,35.06096081099398],[112.04024556266879,35.06110530014434],[112.03993417168869,35.061251058188695],[112.03964027148372,35.061403818421084],[112.03958190877067,35.061604639600276],[112.0397231088757,35.061760823779565],[112.03965604658524,35.06196172136099],[112.03950198033893,35.062163362795815],[112.03925112408038,35.06227998056104],[112.03902682251633,35.06243214475652],[112.03893284221091,35.06256888289179],[112.03890184598058,35.06286962886135],[112.03881792411347,35.06311359500097],[112.03856742753582,35.0632588280059],[112.03809887586293,35.06336300061241],[112.03768261517499,35.063473876047546],[112.03743274903205,35.06366918246338],[112.03765252274138,35.06384616100801],[112.03804666653038,35.06405026300006],[112.03838752401545,35.06416896978034],[112.03844108628442,35.06427582633465],[112.03821922241414,35.06462113163911],[112.03848123459301,35.06469758841562],[112.0388643279773,35.06471576904087],[112.03913513155818,35.06479930289268],[112.03938192178649,35.06504759014716],[112.03948315968205,35.06548313495233],[112.03940286471564,35.06601324391866],[112.0395630132514,35.066290890210794],[112.03972525057667,35.06673306743558],[112.039773561668,35.067111832484734],[112.03930952632372,35.067573687183945],[112.03885907560232,35.06773494173587],[112.03854929170014,35.06800946081889],[112.03840626894639,35.06839701756892],[112.03809828951144,35.068814607712206],[112.03797647265904,35.06950246439922],[112.03769938301959,35.070985782143985],[112.03755725689923,35.071444875271546],[112.03733518848337,35.07177587202863],[112.03678700878179,35.0717805606211],[112.03640306747398,35.071697990524974],[112.03601241541237,35.071772870843176],[112.03572726256614,35.07193270170298],[112.0349066904145,35.07241904818648],[112.0342498110605,35.07277521412165],[112.03382533690477,35.07292907484397],[112.03320862161235,35.07302018071491],[112.03267954793952,35.07316062007128],[112.03219316777654,35.07323630328169],[112.03170723692357,35.07334775511646],[112.03139398605515,35.07335041785561],[112.0312735150452,35.073458758344614],[112.031414089348,35.07356487790608],[112.0316675124215,35.07364857234282],[112.03200885067906,35.07380306509747],[112.0323495616374,35.073907478437164],[112.03301921759659,35.073873159896756],[112.0333935632288,35.0738842799361],[112.03371705162581,35.07400314556242],[112.03413454337736,35.073985277640745],[112.03439333089007,35.07380421219268],[112.03479052965545,35.07355757568043],[112.0351632477119,35.073439926853084],[112.035520999985,35.07351557062535],[112.03591500821679,35.073705370635594],[112.0361785839528,35.0739034421702],[112.0363226001322,35.07428139049154],[112.03630990174084,35.07465352411955],[112.03634913989973,35.07500374981682],[112.03631015546618,35.075361797751064],[112.03590307632699,35.075515517117296],[112.03501758294274,35.07568762688879],[112.03473976317262,35.075740078793075],[112.03471636620141,35.07595490839606],[112.03504122094526,35.076181073676985],[112.03539073593576,35.07629256055958],[112.03555814797707,35.07645568085916],[112.03518285912384,35.07705984847925],[112.03481383045705,35.07747079477231],[112.03446774250294,35.07763114088986],[112.03437328517984,35.07773210869949],[112.03474945281393,35.077886293642756],[112.03522905316798,35.07796089736587],[112.03578624810149,35.077977601619565],[112.03596263704331,35.078162107768456],[112.03608354306142,35.07877634739225],[112.03584531048968,35.079207641396394],[112.03576326279939,35.07960183023627],[112.03551506023639,35.07993304761225],[112.0349439726444,35.08019547830677],[112.0347549628367,35.08039025797471],[112.03445562481195,35.080807763084984],[112.03409401266518,35.08111848273869],[112.0338098167129,35.08135699896391],[112.03405528587251,35.08149799067277],[112.03437154985527,35.08173138711735],[112.0344270133348,35.08198847006852],[112.034317856662,35.082304191160844],[112.0338884242145,35.082758575172726],[112.03356242312306,35.083133379063234],[112.03350529461011,35.08343434565073],[112.03368151117208,35.08360454880206],[112.03418616970677,35.0835930918748],[112.03427418732726,35.083671036364244],[112.03422540405812,35.083943316932675],[112.0340250281061,35.08461753184357],[112.03411684123934,35.084995928123774],[112.0342878791892,35.08544518995969],[112.0342138917923,35.085789229557754],[112.03388372666434,35.08583497060215],[112.03330009917427,35.085797020204204],[112.03272715918617,35.0859163681722],[112.03234504910456,35.08598401059546],[112.03200645244009,35.08605128417915],[112.03201659530214,35.08616566556989],[112.03256893049775,35.08648290770681],[112.03278059417856,35.086702889342426],[112.03281793153643,35.08690289068009],[112.03311491213546,35.086986213209215],[112.0337526604769,35.08717394319236],[112.03398218623994,35.087429541970494],[112.03397019681968,35.087858901567905],[112.03372885975051,35.088046972912494],[112.03346204615488,35.088285340082564],[112.03323338018582,35.08878808940762],[112.03308939623432,35.089104106853256],[112.0326913085605,35.08928635605394],[112.03203023018487,35.0893206008007],[112.03135156384437,35.089340683996554],[112.03110913579712,35.08944290779929],[112.03086715943243,35.089580897075415],[112.03089434843609,35.089666516658006],[112.03129568653209,35.08974180061935],[112.03168024654562,35.08986730786115],[112.0318999918979,35.09003714114464],[112.0320750457957,35.09011434813552],[112.03243966513287,35.09026863958169],[112.03244194931358,35.090449862057405],[112.03231730659354,35.09068939999963],[112.03213403933091,35.09088174263775],[112.0320546123678,35.09102550329271],[112.03237953575398,35.09102273706713],[112.0330394247337,35.09089311015612],[112.03341004443207,35.090832718013196],[112.03379419242128,35.09092483347519],[112.03403013478757,35.091228072338275],[112.03398997780944,35.091724444365155],[112.03410831160787,35.09190467969196],[112.0344484550415,35.09218794792776],[112.03473251034099,35.092624321495485],[112.03473576271332,35.09288185026412],[112.03461256799461,35.093235848350886],[112.03466260410906,35.09352159294672],[112.03467746176152,35.093779020839676],[112.0344972052984,35.094209816822776],[112.03466220471635,35.09440872972611],[112.03450154139612,35.0945531851398],[112.03403722515802,35.094547607456605],[112.03364386188257,35.0946463528808],[112.03319271160903,35.094764668630894],[112.03327659574926,35.09497381241319],[112.033419463597,35.09525876626566],[112.03327533823808,35.09579418220239],[112.0332105217836,35.09617629721518],[112.03373299320188,35.09619092259721],[112.0342426587972,35.09611026297558],[112.03459189589502,35.096193134757236],[112.03457169785786,35.09643178438287],[112.03444741532991,35.09669993991479],[112.034578205783,35.09694683707689],[112.03489359675491,35.09710631052628],[112.03501230223796,35.097315157524484],[112.03503924794126,35.09761063662433],[112.03506547274411,35.09784889082818],[112.03501142654736,35.0981641413787],[112.03470820264914,35.09896801002519],[112.03430489854496,35.09920038911163],[112.03405427422322,35.09957455079218],[112.03399913697402,35.099803959572384],[112.03370268619288,35.10022620463482],[112.03319612587711,35.100554852395994],[112.03279196859594,35.10072046049151],[112.0325030276342,35.100818311843426],[112.03252804135846,35.10096118580911],[112.03296822069127,35.10089066088808],[112.03352421823038,35.100800069740835],[112.03406933084098,35.100766805315835],[112.03456741586164,35.10068624381988],[112.03508521597846,35.1003288793563],[112.03541924943475,35.10012570438831],[112.03573368920432,35.10020887076053],[112.03594597195168,35.10047414997323],[112.03602127672433,35.10092184192061],[112.03588454249517,35.10112333191425],[112.035701382767,35.101325217488096],[112.03584197904992,35.10142894409112],[112.03624999728284,35.101568543134306],[112.03651027794444,35.101957420592115],[112.03659562633698,35.102281018347846],[112.03653988864964,35.10246273733563],[112.03658800359996,35.10259587148285],[112.0369358222492,35.102564280030265],[112.03714811406792,35.10282955867405],[112.03723298263517,35.10311500452996],[112.03715548555536,35.10341137818553],[112.03737769517855,35.10354302418813],[112.03739522173942,35.104010285772375],[112.0372164097292,35.10455554282923],[112.03756713862755,35.10475286102845],[112.03782719305083,35.105122658166586],[112.03791267117893,35.1054557931871],[112.03789490082958,35.10588520307583],[112.03844161671297,35.105975911818724],[112.03881726123657,35.10630655918086],[112.03942673772033,35.10676874686863],[112.0399303057717,35.107117374579715],[112.03998254797382,35.10757479892597],[112.03985984245404,35.10796695365498],[112.03972589066582,35.10838781970985],[112.03952035874538,35.108656675013364],[112.03920782016105,35.10872612796131],[112.03887109977123,35.10871947647469],[112.03848843335028,35.1087513722246],[112.03869917434425,35.10889265153031],[112.0391422951978,35.109051017671305],[112.03947068191972,35.10931529467133],[112.03968421032285,35.10967594858514],[112.03959583791375,35.110029651240694],[112.03928837848859,35.110499701427564],[112.03888660778695,35.11085608838728],[112.03848338030488,35.11109801932521],[112.03877356132872,35.11109553380941],[112.03909856586294,35.11109274818211],[112.03934655671813,35.111424488536464],[112.0397682975639,35.11172611945744],[112.04004241683684,35.11228657117062],[112.04016467259505,35.1127720128502],[112.04032078443375,35.11318085297131],[112.04030265905584,35.11358164615067],[112.04030738857155,35.11395362907666],[112.04038201459112,35.1140404297153],[112.040467149539,35.11434494845581],[112.04036680170157,35.11467013744824],[112.04022026635303,35.11501480088889],[112.04029233838673,35.115204962020094],[112.04082775336478,35.115314835327325],[112.04140790315276,35.115290773086926],[112.04184960789448,35.1153346712138],[112.04190241373955,35.11583501789554],[112.04191790720559,35.116140134084944],[112.04213411319712,35.11625274148748],[112.04225165120964,35.11636620058476],[112.04239295236688,35.116522378534405],[112.04245874051614,35.116674437841944],[112.04244840132618,35.117043274634014],[112.0432134304992,35.1170173430312],[112.04331110395735,35.11704050614216],[112.04244849247162,35.117050429391085],[112.04269532022778,35.11724713006218],[112.0432618243424,35.11728994924863],[112.04348190933644,35.11747883513437],[112.0437157448784,35.11760798472106],[112.04440015791415,35.11779286960157],[112.04478153479144,35.11811152336601],[112.04535063504427,35.11835701511174],[112.0456293760752,35.11859308775556],[112.04612410164312,35.118696132827196],[112.04671902721527,35.118690995561494],[112.04699884335722,35.11901052193484],[112.04723390941555,35.119235041885005],[112.04806222670891,35.11932327176767],[112.04900403386335,35.11920781001006],[112.04921526899253,35.11870518347001],[112.04915187855399,35.118288400255956],[112.04907519846334,35.11796712170936],[112.0488945038794,35.11745596294252],[112.04863094122408,35.11697918041202],[112.04862969529252,35.11697919479665],[112.04863084845313,35.11697202657969],[112.04852409854865,35.11686178736611],[112.04836723695759,35.1165113917869],[112.04818968087172,35.11624464479364],[112.04796186345577,35.11559428275883],[112.04796782525202,35.11492650110634],[112.04718782628856,35.114074729048326],[112.04664716040027,35.113781305124576],[112.04627832464888,35.11330753683292],[112.04627573353339,35.11310485428277],[112.04646069684085,35.11281708904738],[112.04619709101969,35.112628581318596],[112.04597259455083,35.11209395033894],[112.04598375347501,35.11183152886254],[112.04618444076596,35.111639016349145],[112.04613817252601,35.11142478810128],[112.0458457058501,35.111248454808155],[112.04548054253037,35.11106082522202],[112.04512821487927,35.11074191986507],[112.04486142277567,35.1103030401897],[112.0447847688755,35.10998175987831],[112.04472155770733,35.1095768936661],[112.0447589981423,35.10909961886518],[112.0450465849426,35.10889443657179],[112.04499925266427,35.10859674964817],[112.04458981780073,35.10834987765859],[112.04452661129177,35.10794501388315],[112.04443514880563,35.10760001106891],[112.04432644133014,35.107040529861045],[112.04424796787713,35.10657617887959],[112.04405282243673,35.106065135052326],[112.04381079862361,35.10571795008993],[112.04340688768444,35.10533390354263],[112.04333848661834,35.10509005516529],[112.04326237693333,35.10481050161503],[112.04307821800784,35.10459149446386],[112.04289238836905,35.104241340846734],[112.04271601530175,35.104064000705876],[112.04257667235017,35.10394596124923],[112.04260401819732,35.10381456550734],[112.0425206591508,35.1035350719467],[112.04242180449222,35.10317820729708],[112.04234968952768,35.10264225793952],[112.04237035555722,35.10198626917314],[112.0425109536852,35.10163330936304],[112.04248410507627,35.10123408989515],[112.04235848627351,35.10048396970005],[112.04241594075846,35.09998267659966],[112.04245215081427,35.09962062140707],[112.04245297639238,35.09962043043925],[112.04247843071809,35.09953479638801],[112.04242008154334,35.099206200890144],[112.04227486545328,35.098740036866005],[112.04234182984868,35.09852960100083],[112.04270293392166,35.09863142717921],[112.04293710954593,35.09879157614363],[112.04330125353046,35.0991318476983],[112.04362888229994,35.09933888693952],[112.0439775373478,35.09937404321918],[112.04445300128393,35.09934133015152],[112.04446241644744,35.09916954444451],[112.04396951158041,35.09874453388138],[112.04378127095181,35.09854583416634],[112.04368538774737,35.09830818450508],[112.04347248054827,35.09799522746799],[112.0432949960138,35.09772966113781],[112.04346518609665,35.09742294621476],[112.04350929824328,35.09724132592981],[112.04326352127502,35.09708127693353],[112.04300808639722,35.09707393429428],[112.04265810569711,35.096933858684295],[112.04233000350294,35.09668866520328],[112.0420237786833,35.096338351312866],[112.04184630361942,35.09607278263576],[112.04148917256376,35.095369961124696],[112.04122836062348,35.09498247575164],[112.04122734977337,35.09497395615788],[112.04102751903835,35.094775349644834],[112.04086250363228,35.09457644660075],[112.04073163884541,35.09432478531837],[112.0406294832916,35.09404902947401],[112.04055651931066,35.093787331424494],[112.04069450600235,35.093685988028206],[112.04093240310522,35.09368394575973],[112.04125256633398,35.09376227734776],[112.0417122277117,35.093858489594105],[112.04221263152237,35.09396388761343],[112.04263529753433,35.09388870958061],[112.04329239624984,35.09353965280835],[112.04362033468145,35.09331743058398],[112.04387393655162,35.093181699915654],[112.04389036609919,35.09297176757306],[112.04373952288495,35.09290525914431],[112.04366265266094,35.09280913188458],[112.04321777168987,35.092734262009536],[112.04267154842111,35.09290350993869],[112.04238437689821,35.09290955838604],[112.04163260272533,35.09265846313759],[112.04072489447006,35.09246593823489],[112.04025345510175,35.0923555138584],[112.0402338668818,35.09218398066465],[112.04064963252414,35.09202301817599],[112.04132613470235,35.09183119558378],[112.0412371001135,35.091674567427596],[112.04067590325086,35.09135028705289],[112.04041134995498,35.091080693531175],[112.04049347615505,35.09069365726345],[112.04078611384308,35.09043359003186],[112.04133912098641,35.090114053297874],[112.04156394851171,35.08999765279838],[112.04138788366956,35.089841769587366],[112.04115960224784,35.08968633541225],[112.04103430251885,35.089415548186125],[112.04114719279424,35.089166562828375],[112.04136451703671,35.08891668045393],[112.04120966507307,35.08860322274888],[112.04124144482711,35.0883644724478],[112.04151812358843,35.088219009861724],[112.04191156626392,35.08812977801971],[112.04220312285386,35.08824174164163],[112.04264650265223,35.0884287101831],[112.04305568102782,35.0886636673145],[112.0435573292657,35.088869211220924],[112.04404652210461,35.08900808605403],[112.04432416953809,35.08893892073907],[112.04429816569348,35.08871974743404],[112.04412082315316,35.08846371920164],[112.04395447636942,35.088159900009124],[112.04355641659575,35.087886694652425],[112.04321637871486,35.08761298785416],[112.04295514249398,35.0871478199942],[112.04235897857559,35.08680954018425],[112.04203237443643,35.086678800741204],[112.04202958188961,35.086459426429016],[112.04220145536546,35.086286246053426],[112.04210340808963,35.085876907205375],[112.04219211355179,35.08555181662304],[112.04249137837353,35.085358462581695],[112.04283936627402,35.085345930646625],[112.04301135498565,35.08518228860566],[112.04306487945944,35.08482888039868],[112.04335156705861,35.084559320407095],[112.04326864145897,35.08442648807818],[112.04293080681467,35.08432446356328],[112.04266356169374,35.08429814587641],[112.0424879320984,35.08417564697946],[112.04218309047981,35.08393025215821],[112.04207368621714,35.08354008985962],[112.04207004579112,35.08325394752778],[112.04218037824775,35.08280466285409],[112.04199266364101,35.08264411325947],[112.04179346830155,35.082493197067734],[112.04170933583524,35.08226498272985],[112.0419743897049,35.0821196208206],[112.04190222467744,35.08191991888321],[112.0415042002399,35.08164670588026],[112.0412462671706,35.08143906027996],[112.04106931286556,35.08121164155177],[112.04107788575796,35.080973090271904],[112.04107364546363,35.08063925953535],[112.04116428784675,35.08046677703303],[112.04147695879708,35.08041639771367],[112.04176848709658,35.080528363011496],[112.04211900202775,35.08071613187456],[112.0424700006576,35.080942052942895],[112.04256525303767,35.08113201469424],[112.04289292822729,35.081348596352],[112.04343669099894,35.081219911260035],[112.04379480451155,35.081092820133996],[112.04432890550703,35.081116839277485],[112.04474819357476,35.081237235632976],[112.04496045437602,35.08150250203061],[112.04508942599591,35.081606320411716],[112.04508711567922,35.08142509748808],[112.04486167217016,35.08103593767975],[112.04474089694517,35.08066495391053],[112.04383319628363,35.08046291025742],[112.04346032630198,35.08034211215389],[112.04343262552243,35.079989404278464],[112.04312464022486,35.07949602314422],[112.04273749997824,35.07916548382768],[112.042742669654,35.078659867910645],[112.04303322206515,35.078695524715336],[112.04359233465875,35.078862416755],[112.04405741345036,35.07893472819818],[112.04441770529836,35.0789793207783],[112.04490319358452,35.07883205106224],[112.04527691251872,35.07901961360232],[112.04598565059355,35.07908981525249],[112.046530245902,35.07902788173975],[112.04691264590069,35.07898642353649],[112.04723776600444,35.079002695351974],[112.04777063550308,35.07893131707056],[112.04817623976143,35.07888965619493],[112.04872022151665,35.078780023019114],[112.04894189187344,35.078873496950294],[112.0492215768504,35.07896646851556],[112.04980073168788,35.078885142168666],[112.04989624282621,35.07909417589188],[112.05024627838314,35.0792437688629],[112.05088320364662,35.07914286054748],[112.05104967903094,35.079456208154866],[112.05157290387687,35.07953752263013],[112.05233929574106,35.0795785701598],[112.05277055679558,35.079727451750685],[112.05319998163503,35.079733261471596],[112.0539307114442,35.079707833498446],[112.0547758704311,35.079557399617514],[112.05499688826957,35.07949917872341],[112.05502992701408,35.07936735183303],[112.05514462774714,35.07901483027598],[112.05522855787726,35.07856117432729],[112.05525803762174,35.07827631085315],[112.0552981611942,35.07788860070353],[112.05505560840137,35.07789415070079],[112.05411531545788,35.077864170663034],[112.05318527775772,35.07772916621892],[112.05199815111217,35.07745329704035],[112.05135659063014,35.07719176743823],[112.0506108585823,35.076950215190756],[112.04985267038678,35.076641991835864],[112.04864505351705,35.07657612675404],[112.04817998461021,35.076503835419274],[112.04778391872665,35.07638325002663],[112.04768805266421,35.076145599710394],[112.04729101416181,35.07594871077373],[112.04678943911185,35.07574318154164],[112.0465422599424,35.075468680694364],[112.04615622359536,35.07522399602146],[112.04587564191502,35.07505948077083],[112.04542060383702,35.07486308488494],[112.04502491461392,35.07477110403369],[112.04455979801855,35.074694027486906],[112.04418670936337,35.07455415490149],[112.04409255702511,35.07445003555666],[112.0440617289891,35.07430721443828],[112.04412310997496,35.07411590512366],[112.04417856895513,35.073915105379],[112.04415317884077,35.07374362050033],[112.04393611199177,35.07355470750047],[112.04360907195041,35.073385818795785],[112.04333436358719,35.07322601856539],[112.04318165859719,35.07307947496263],[112.0431912569615,35.07292199824261],[112.04329184907648,35.072620650358324],[112.04328416724125,35.072472860964645],[112.0436038826645,35.07252257602452],[112.04402306579159,35.07263820746687],[112.04441367052202,35.0727874694147],[112.04480391188689,35.07290811446514],[112.04512839620386,35.07287670333545],[112.04521871773589,35.07268037244604],[112.0450589313197,35.07243373291806],[112.04482355280817,35.07217343506586],[112.04447167452504,35.07187598540417],[112.04433497273915,35.07161960735257],[112.04446693240601,35.07150400219739],[112.0447442784932,35.07141576058243],[112.04503707836344,35.07117475989623],[112.04524891138985,35.0709535373508],[112.0455465967495,35.07064095003981],[112.0459795833438,35.07047505242416],[112.04640401327956,35.07054770324569],[112.04718332255632,35.07069837257512],[112.0477712704172,35.07085545829436],[112.04827819392733,35.0710275499983],[112.04862361508785,35.07081947352339],[112.04866568961869,35.07048047251418],[112.04810064204241,35.070299343342555],[112.04769135985644,35.070050094280674],[112.04737067589595,35.06992408609794],[112.04693550134144,35.06991830398753],[112.04644745147245,35.069860512440705],[112.0462022404667,35.069738620587664],[112.04588717837477,35.06959825236604],[112.0453692769391,35.06947393856616],[112.04502521135177,35.06933381717151],[112.0449074359235,35.069196516020774],[112.04485829520385,35.06898231033678],[112.04505387553553,35.068851846119465],[112.0451913267056,35.06871234477876],[112.0453989952897,35.06861993239006],[112.0455753475644,35.06834654913776],[112.04566316821328,35.06795468949385],[112.04601975917646,35.0677131355183],[112.04593966760935,35.067346572729114],[112.0460567926459,35.06697830721333],[112.04625108825378,35.06674769275478],[112.04675897244897,35.06654298884694],[112.04700705194045,35.06643591826822],[112.04704126882656,35.066162564668616],[112.04702754202528,35.06576919570599],[112.04704211318025,35.0655472869922],[112.04727382960778,35.06529488375236],[112.04738066864927,35.065143719774234],[112.04749561204432,35.064945984694624],[112.04728291532122,35.064643761362746],[112.0472837479022,35.06436831370164],[112.04733637122594,35.06406022177611],[112.04748909513445,35.06375484358677],[112.04776929851035,35.063552102594386],[112.04813110201857,35.06326637951075],[112.04800192889199,35.06303140424559],[112.04773318787244,35.06276901486299],[112.0474731025171,35.06250297455974],[112.04745969784213,35.06213464319089],[112.04756909969291,35.061843947463814],[112.04785263902748,35.06156248028429],[112.0476404070778,35.061296025028206],[112.0474588112035,35.06104361420807],[112.04720107281868,35.06062015762633],[112.04728309436533,35.06022953898739],[112.04747798564914,35.05982005973336],[112.04819532143475,35.05978166744867],[112.04880573773079,35.05988728229142],[112.04919164954894,35.060127192784066],[112.04970705460913,35.06028728151198],[112.05018509678771,35.060247373498804],[112.05066460488162,35.06032191706379],[112.05133340492753,35.06023027178918],[112.05180384857948,35.060276273324384],[112.05208206534688,35.06025955099263],[112.05230697881599,35.06015743953231],[112.05250561226731,35.06004124631156],[112.05253848253419,35.05989071964908],[112.05226621266284,35.0596927604167],[112.05182031464238,35.059524926036865],[112.05152250027001,35.0593701120965],[112.05092842894011,35.05918209296474],[112.05059545176812,35.05899896437497],[112.05054150980001,35.05886350130534],[112.05072274104052,35.058747460807545],[112.05105232626121,35.05866590809189],[112.05121606522098,35.058542867344364],[112.05104829226178,35.05835115337934],[112.0507752072868,35.05808880813426],[112.05047785717443,35.057969760109344],[112.04987665936036,35.05790342280788],[112.0493105334516,35.05785824142101],[112.04877151389827,35.057891520234],[112.04829357495072,35.05793857728359],[112.04782342276089,35.0579140235648],[112.04762086034053,35.057722605283246],[112.04789650915731,35.05750559391992],[112.0485537565354,35.0571922771343],[112.04929817743518,35.05689251214185],[112.04991292251448,35.056658254744086],[112.05052830541119,35.05647406804152],[112.05114972451162,35.056082350371824],[112.05135594735333,35.055880242241365],[112.05110301791058,35.05583235404077],[112.05079908580203,35.055877913787626],[112.05047156887652,35.05584855534768],[112.05033553465847,35.055756726723565],[112.05011672020677,35.05565488347071],[112.04984410465909,35.05576813578525],[112.04954538835767,35.05588161333439],[112.04915857958487,35.055909999290165],[112.04892305119394,35.05586195512013],[112.0487513050913,35.055698891875686],[112.04861009987512,35.05554271636058],[112.04816097130605,35.05580057851147],[112.04786770137014,35.05599985503964],[112.04702323796336,35.056300474862056],[112.0466660057662,35.05626063238667],[112.04625145121747,35.0561604701022],[112.04612330212342,35.056004181755135],[112.04593188048912,35.055662423696965],[112.0458004001756,35.05524502769849],[112.04561950995638,35.05504626613304],[112.04559891831533,35.05479604236652],[112.04561303289118,35.054538364712315],[112.04538008459214,35.05435078174118],[112.04504763623342,35.054206982931476],[112.04507031666493,35.05393849943903],[112.04529715830839,35.053646794447836],[112.04570037128622,35.053199749672146],[112.04577666008609,35.05304169467703],[112.04565418684382,35.05298909376385],[112.04532352348758,35.05298478989565],[112.04457918959828,35.05294827453985],[112.04434752114527,35.0528608408119],[112.04446689748288,35.05267022304825],[112.04472921649148,35.05243187032735],[112.04478266299262,35.052188162421466],[112.04495418609844,35.05199351767177],[112.04522941420657,35.05174432330713],[112.04570146583002,35.05157928020727],[112.04624214721912,35.05133852521264],[112.04703684800715,35.050749783408484],[112.04758557746243,35.05057214755547],[112.04773598373868,35.050427761549116],[112.04745121156641,35.050269248817244],[112.04699223208146,35.05009435322132],[112.04606252084469,35.04995928688476],[112.04571699711114,35.05015304838501],[112.04500199056685,35.050367878287624],[112.0440266948734,35.050638603025114],[112.04383134623585,35.05067009275194],[112.04354893136126,35.05069636983316],[112.04336663873924,35.05061447252585],[112.04333438364156,35.05035838527993],[112.04346160680466,35.050100925411385],[112.04362731860172,35.049449646551025],[112.04335930198236,35.048897492149614],[112.04330143325598,35.04833756404737],[112.04262078744141,35.04840303675836],[112.04224687018416,35.04864472878271],[112.04206066680405,35.04882518467002],[112.04197829826003,35.04918957322973],[112.04180863601013,35.049530862383456],[112.04148831421125,35.04942629847404],[112.04126139916139,35.04925534796452],[112.04095648563266,35.04922219214667],[112.04116979420026,35.048892455876036],[112.041471226445,35.04865138946854],[112.04204200568006,35.04849744021743],[112.04228604724138,35.04830456019219],[112.0423616187697,35.047976002488085],[112.042408955487,35.04770730639989],[112.04217825497501,35.04723829567682],[112.04123287641896,35.04700793561971],[112.04084158882151,35.04702321619055],[112.04051516288187,35.04700813055106],[112.04000064358875,35.047024468034955],[112.03972480908645,35.04699702109988],[112.03972249094444,35.046756670970886],[112.04003165272269,35.046439229314046],[112.04048143644305,35.04623505011108],[112.041401485404,35.04606975884208],[112.04198935120043,35.045778536503285],[112.0418601249973,35.04519298983514],[112.0418004858556,35.04460684629732],[112.04138314584516,35.04462473805064],[112.0404364848602,35.045434149072705],[112.03964420186298,35.046070523716494],[112.03876492151439,35.046707638196345],[112.03856438894873,35.047001257559536],[112.03770067671687,35.04749514386437],[112.03692231632617,35.04785951854009],[112.03575285423503,35.04779557963885],[112.03464590194046,35.047399613883734],[112.03338527179265,35.04631335591604],[112.03271387931588,35.04596135482351],[112.03257790787794,35.04667794810444],[112.03163194164988,35.04985776190875],[112.03084790774439,35.05208227794065],[112.0297896746437,35.05325980970675],[112.02838373073942,35.05446413064003],[112.02492122849083,35.05587661073882],[112.02155035521615,35.057669787384526],[112.01816365649353,35.060536157498085],[112.01668431163226,35.06286180617831],[112.01581481287391,35.065253875859774],[112.01595386959274,35.06711284320449],[112.01577245939657,35.068044823792206],[112.01362488723697,35.06889269641418],[112.01088371177673,35.06959285468752],[112.00961926839233,35.0696129253702],[112.00720229153012,35.06931823249246],[112.00592180091414,35.06897591175104],[112.00445958564231,35.06800549748248],[112.0038460410011,35.06717113281883],[112.00274643394995,35.06643617634009],[112.00207030739378,35.06617466819966],[112.00154639737677,35.066026369613624],[112.00048713075037,35.06591593798278],[111.99906862163955,35.06614226136506],[111.99784384995964,35.06679623846627],[111.99083255878725,35.06866615800426],[111.98844565978646,35.06917451757656],[111.98364047284427,35.070000566967565],[111.98146388411183,35.06991088341257],[111.97823959160954,35.0695315207684],[111.97618913331162,35.069071082966005],[111.97324516718176,35.067866573985754],[111.97156438252361,35.06799929138698],[111.9703528686899,35.06856941619473],[111.96880005395666,35.06971460783492],[111.9646572247582,35.073849475463426],[111.96361029476638,35.07485941015521],[111.96328036761797,35.075172055890306],[111.96065523864578,35.07766114014741],[111.95917324073305,35.0786864079765],[111.95514852708287,35.08059023608459],[111.95335710210121,35.081212455304836],[111.95062757320183,35.0822474220054],[111.94729791076425,35.082821981317544],[111.94451525127263,35.083034471374866],[111.94062886027505,35.083136224046186],[111.93728308181342,35.083579472570314],[111.93414871908325,35.0834844189106],[111.93107712098974,35.08380614159546],[111.92758404993123,35.084059468376786],[111.92591653991923,35.08411990940741],[111.92424553217309,35.0838703297246],[111.92229035306633,35.08285975142277],[111.92069113458247,35.08125024056588],[111.91978750033039,35.07957581514324],[111.91753528108704,35.07663572044644],[111.9153353887284,35.07447024980951],[111.91315808615609,35.0730200099283],[111.91114568875022,35.07204545177583],[111.91038969351027,35.07188419223874],[111.9090599415352,35.07229958425644],[111.90806268510096,35.0726170790649],[111.90607882464387,35.074217815080225],[111.90298482458125,35.07643491269692],[111.90044923577123,35.07800389018019],[111.89872486101198,35.07948333762057],[111.89682363469593,35.080713663816226],[111.89472142111987,35.08081266170539],[111.89303372031755,35.08034813980897],[111.89128426328664,35.07953825396617],[111.88920669581925,35.07789606251032],[111.88692590437697,35.07623147603092],[111.88328432464418,35.07345590100318],[111.88098837602332,35.0717078392324],[111.87890335599651,35.07068557314039],[111.87706344108595,35.07087775325924],[111.87522949810389,35.07163029652564],[111.87271781911288,35.07275733388373],[111.8701085995923,35.07426659132068],[111.86620368002497,35.075331938098806],[111.86376101330568,35.07614827416579],[111.86198458975869,35.07687635825601],[111.86098733886254,35.07721731586612],[111.85907520999552,35.07745743475927],[111.85686264220726,35.076709946699005],[111.85457709932615,35.075915236042825],[111.85209177579144,35.07543191270527],[111.8484898357177,35.07496828040858],[111.83621466161486,35.072779374085904],[111.83012895471478,35.07222974756664],[111.82471472864617,35.07152261942474],[111.82015533901625,35.07042790077758],[111.81502127782076,35.069871072875856],[111.81088279474245,35.069078433014674],[111.80817795249602,35.067760983082984],[111.80775886385992,35.067488402114954],[111.80759298619434,35.06738051367127],[111.80750234604794,35.06732155914648]]],[[[111.66184753834467,34.990126360225325],[111.66173435678361,34.989632317515536],[111.6620914803311,34.98882055956225],[111.66214301630886,34.98870341571436],[111.66212729894482,34.98869656092772],[111.6597959158475,34.98706845052145],[111.6589043102089,34.98573775463122],[111.65850579633386,34.98518662276413],[111.65830874058673,34.98373767864974],[111.65920147519688,34.982320980476665],[111.66122662484908,34.9804783732968],[111.66253911762554,34.979383708485564],[111.66505195927344,34.977671929038074],[111.66753718285013,34.97542603428818],[111.66927918575438,34.97301247513421],[111.67027942222613,34.970602986249865],[111.67077765264818,34.969169299532794],[111.67103476985133,34.9665921935206],[111.67107925139048,34.96352020346702],[111.67168318109748,34.96084578169542],[111.67269998671105,34.957653931665845],[111.67331755324386,34.95665839248795],[111.6747403693767,34.95495244922681],[111.67550225057938,34.95319292977131],[111.67560754493586,34.95190449813486],[111.6753445972239,34.95092338257786],[111.67403754637927,34.949776351021946],[111.67282352747591,34.94866694738032],[111.67077525120067,34.947543698880004],[111.66716681430931,34.945464856934755],[111.66268663709026,34.94300908006469],[111.65837934575931,34.940409104025534],[111.6547825250689,34.939713070831324],[111.6515983757338,34.939920983792966],[111.6493409520156,34.94012386346464],[111.64435407509215,34.94023229894242],[111.64203442535715,34.93988684352417],[111.6398937143714,34.939272099512145],[111.6382547579319,34.93799883160289],[111.6362845311642,34.9360118030397],[111.63343486971208,34.932628193882834],[111.63124405469499,34.93016524710304],[111.6279258195564,34.92812783701104],[111.625522707929,34.92588887018846],[111.62516694035713,34.92492401337843],[111.6249727544712,34.92493568011396],[111.62439105734747,34.92497062446227],[111.62367048402615,34.9251673818714],[111.62367493522696,34.92517767977987],[111.62374126902006,34.925313075694206],[111.62388807219651,34.92555443790775],[111.62456750678247,34.92656215227295],[111.62533860573146,34.9274358358296],[111.62690053543015,34.92872518085373],[111.62820361790787,34.92948162410306],[111.62885480356005,34.92981214372865],[111.62927397188486,34.93009616275262],[111.62944975595728,34.93036236294627],[111.62940546400714,34.930629703140305],[111.62936051717772,34.93081118894167],[111.62947714826821,34.9309155209945],[111.62979047296014,34.93099021486854],[111.63031295064978,34.931149679902575],[111.6305575811777,34.931329663485315],[111.63100190279697,34.93187111726448],[111.63152723852494,34.932402609012506],[111.63188968362172,34.93283954874119],[111.63207713808217,34.93311522348248],[111.63217236666799,34.93344861600149],[111.63217302535467,34.93353446937849],[111.63249867862667,34.933704488061046],[111.6327785842663,34.93395106168807],[111.6329552673603,34.934331727270184],[111.63293356581926,34.93452263328943],[111.63295768563098,34.934646523186835],[111.63327212734565,34.934864296152675],[111.63342418064663,34.93505429732305],[111.63352931314,34.93516822454298],[111.6339239640378,34.93527110210581],[111.63426077031704,34.93538381961911],[111.63451832870084,34.935735441915114],[111.63476445194775,34.936106202758545],[111.634917613688,34.93643929017769],[111.6348961367534,34.936658813900536],[111.63507114434329,34.93682007343973],[111.63532760730517,34.93702860475982],[111.63607580192355,34.93809650844198],[111.63670231401798,34.93859405842069],[111.63732708093642,34.93886504687835],[111.63790896416927,34.93920780466769],[111.63837574982459,34.939646561307335],[111.63861002267997,34.939979217509816],[111.63937951752924,34.940237510107494],[111.63945340093532,34.940427913921944],[111.63948347189316,34.940570850373796],[111.63921130419105,34.940953868118974],[111.63901033486806,34.94118149176449],[111.63914103015394,34.941228502162744],[111.63957442825206,34.94109505163076],[111.64010937473012,34.940984913045],[111.64061591472641,34.94094646926926],[111.64113739951031,34.94096756760974],[111.64161618482822,34.94108428510806],[111.64186281808189,34.941142604438916],[111.64234030474881,34.94109238271722],[111.64302200697378,34.94123187097293],[111.6435010758381,34.94138435318253],[111.64402321652136,34.94148890723105],[111.64427013241281,34.941582994724115],[111.64472136491898,34.941878714373],[111.64481160937132,34.94230751844946],[111.64499939203341,34.94224689849219],[111.64525724328804,34.94188779343821],[111.64573360918091,34.94169446967343],[111.64634226316356,34.94175085501168],[111.64700912231496,34.94184270186762],[111.64732844639317,34.941936397443804],[111.64749506766861,34.941947433714446],[111.64766150147928,34.94193462225206],[111.647835129049,34.941915809622486],[111.64800885033846,34.94190892049683],[111.6481536098703,34.941902185650164],[111.64824068162896,34.94192557045664],[111.64833602652351,34.942080080513996],[111.6484023160781,34.9422228213267],[111.64843969090994,34.94237167811848],[111.648476361825,34.942431105423914],[111.6486495676853,34.94235863340014],[111.64877933100112,34.94228639314821],[111.64895244234494,34.942201996948576],[111.64906809953413,34.94217752964629],[111.64925517377125,34.94202747368358],[111.64940689207444,34.941984926499046],[111.6497036047839,34.94196545315367],[111.64992824285864,34.94198810093581],[111.6501961359773,34.94198666739621],[111.6502387308889,34.94187911845764],[111.65021578626714,34.941724222413306],[111.65018593047681,34.941611098677356],[111.65015640526988,34.941539709391485],[111.65032974787363,34.94148512197631],[111.65043078326143,34.94144284482961],[111.65074202106307,34.94142925376362],[111.6511621930486,34.94145681336829],[111.65139378787264,34.941443647507334],[111.65185749625225,34.94148289550054],[111.65228495670043,34.941516374683125],[111.65254593811012,34.94155670930378],[111.65280076582104,34.94173420843879],[111.65283786483099,34.94184729168289],[111.6528966860616,34.941960259070335],[111.65296989216347,34.94206122395834],[111.65308654167504,34.94216195525239],[111.65330446054163,34.94225021761301],[111.65347917523592,34.9423685230617],[111.65371238093142,34.94255806079074],[111.65390924404153,34.94272990687507],[111.65403360873725,34.94289021873334],[111.65428825433658,34.94304386625804],[111.65452080054048,34.94314993443546],[111.65491410713605,34.94343996540365],[111.65509786832148,34.94378478661635],[111.65533430745185,34.94437973782224],[111.6553720764339,34.94457628808874],[111.65547557913041,34.944844031803456],[111.65549886674694,34.945040661053596],[111.65547175444478,34.945273334973635],[111.65542249415304,34.9454524688575],[111.65565986795703,34.945254432973336],[111.65579634831468,34.945116564346506],[111.65580259237159,34.94499132297183],[111.65574371748261,34.944872395703],[111.65570618588383,34.94470565533644],[111.65577707297345,34.9445144803338],[111.655876968649,34.94432911033579],[111.65597695885184,34.94415566488423],[111.65602631327712,34.94398845538299],[111.65612625526568,34.943809047492145],[111.65623244015109,34.943504398099854],[111.65633323625715,34.94343230629789],[111.65665205389458,34.94346039529949],[111.65708743190278,34.94357728619156],[111.65773345241553,34.94377650666987],[111.6580961434868,34.94385801474117],[111.65850990047409,34.94398694187067],[111.65883867903885,34.94435481956924],[111.65898501592024,34.94454481812087],[111.65929707607117,34.94463255888936],[111.65946408603963,34.94469127533648],[111.65961800014477,34.94492296724572],[111.65969188567107,34.945107396637376],[111.6599798858838,34.9449031148507],[111.66042122627232,34.94485898096656],[111.6607412942179,34.94504207015236],[111.66109799698475,34.94527861951773],[111.66139730371732,34.94558106587139],[111.66149411403687,34.94591442536457],[111.66175367537053,34.94577587980373],[111.66212980662543,34.94572613234946],[111.66243386510725,34.94571851204999],[111.66271658645073,34.94575870612931],[111.66299974000412,34.94585255668272],[111.66340579208955,34.94592188698663],[111.66380450988085,34.945979331776684],[111.66401530626551,34.94607953789337],[111.66395432171394,34.946598587405326],[111.66392776159678,34.94689684551367],[111.6640588163038,34.946985563111504],[111.66488996304096,34.946790224453345],[111.66520139331622,34.946657886522836],[111.66556713548975,34.946756048800715],[111.66584627874025,34.94689045827162],[111.66615154773753,34.94703187889959],[111.66663024784268,34.947129418442906],[111.66709139754796,34.94720558904889],[111.66755272314381,34.94730322035612],[111.66810140256625,34.94745760738322],[111.6683636971012,34.94765649665393],[111.66878117392127,34.947704281704084],[111.6691464016675,34.94773804390294],[111.66942665894628,34.94800837813042],[111.66954147659543,34.948236695960844],[111.67004747841878,34.94848432079026],[111.6706259071265,34.949089278331634],[111.67095900876251,34.94944517439914],[111.67099574704612,34.94968823127066],[111.67094501157727,34.94986022421978],[111.67127636700124,34.95000148768861],[111.67167875493566,34.950328379388814],[111.67176973306921,34.95082870502198],[111.67194994129335,34.95161472527767],[111.67207661429501,34.95222932876395],[111.67206495834837,34.95293055380422],[111.67180905916318,34.9535186542687],[111.67148235636941,34.95394974316925],[111.6716788978086,34.95460688824381],[111.67177023136328,34.955150140119805],[111.67185046273897,34.95539772596119],[111.67182309215045,34.95559343919469],[111.671749026365,34.95574648210093],[111.67169253434724,34.955923277085354],[111.67164226255443,34.95615250540454],[111.67155167123052,34.956410575082714],[111.67145482006457,34.95661144239417],[111.67131123300369,34.95676486933281],[111.6713487149668,34.95709854795768],[111.67137989904778,34.95737025353019],[111.67141186025658,34.95773735110202],[111.67138491692023,34.95798552955753],[111.67133394297551,34.958128905338],[111.67128884032947,34.95828178782409],[111.67119719676698,34.95841107909831],[111.6712448275794,34.95856821909408],[111.67102299194447,34.959191902732016],[111.67086785109774,34.95970551293332],[111.67067003297315,34.96031475396025],[111.67060004299356,34.96061325256382],[111.67047231020818,34.96093591829121],[111.67028479584954,34.96103234959494],[111.66996741033154,34.961189118978446],[111.66959150472144,34.96127466320862],[111.66925837287276,34.961276499402246],[111.66978096208717,34.96141671248402],[111.66982577271048,34.961583408595445],[111.67003078154298,34.961856540542726],[111.67007568999472,34.96203516020019],[111.66989040472292,34.9624058404653],[111.66974682420125,34.962561651369654],[111.66996661037558,34.962870475355665],[111.67021488291081,34.96311951985751],[111.67017589605402,34.96366826043123],[111.67057372583008,34.9643878452499],[111.67060536124393,34.96545474524908],[111.67015464291295,34.96595762906437],[111.66996530689285,34.96618762278785],[111.66969815919363,34.96646812979832],[111.66956971564046,34.96670494214303],[111.66941409237205,34.966805965392254],[111.6690578783791,34.96682223759895],[111.6684570374222,34.96668245336992],[111.66850124786927,34.966775220290344],[111.66869326346095,34.96687432938041],[111.66887722769262,34.96705218267382],[111.66897405074587,34.96720189823371],[111.66917580655978,34.967429736607315],[111.66934268209324,34.96764345678231],[111.66934704652576,34.96818003450284],[111.66937071373077,34.9689526089041],[111.6692337483472,34.969210932946204],[111.66899126658949,34.96931958932888],[111.66856586002092,34.969379168898115],[111.66875980060058,34.96971437121279],[111.66877035303385,34.96994326294852],[111.66872244904567,34.970465818254645],[111.66835400848241,34.97111892263319],[111.66787847544057,34.971429189757934],[111.66740143107882,34.97155344201095],[111.66732750075225,34.9720832947706],[111.66734761096926,34.97241945433129],[111.66691900540529,34.973158740936796],[111.66604015877998,34.974115135999845],[111.66484774770126,34.97499454090936],[111.66405375601072,34.97570004389824],[111.66339513008741,34.97594690282606],[111.66301245296157,34.97592037451634],[111.66235013556388,34.975709348502306],[111.66224802086008,34.97598178275567],[111.66207659951242,34.97628321410252],[111.66178360383113,34.976599617033884],[111.66145819854265,34.976669359390414],[111.66129399749057,34.976968365276605],[111.66110720251963,34.97716017369346],[111.66094823115534,34.97720873670228],[111.66072425916325,34.97728150245953],[111.66068233080817,34.97747252186384],[111.66055348065703,34.97766401503474],[111.66033723058685,34.97779635983492],[111.66011330428927,34.97787508675849],[111.66002748267681,34.97801268441677],[111.65986984811812,34.97822818075997],[111.6596249067324,34.97839645452728],[111.65924085753521,34.97838065351653],[111.65801835751927,34.978051014621336],[111.65751483939987,34.97813244409813],[111.65713283950763,34.9781917487785],[111.65717692934835,34.97827021205199],[111.65741247703275,34.978376257250936],[111.65765694570767,34.97851087204508],[111.65800509377466,34.97856622355998],[111.65833637220585,34.97868605732776],[111.65849397878722,34.97882829637768],[111.65860132196141,34.97920691166384],[111.65858634333951,34.979507489387764],[111.65857125005819,34.979793757632784],[111.65857239568363,34.97993684505546],[111.65844481585998,34.980288115996586],[111.658124512287,34.98045441036953],[111.6574387803891,34.9805797546252],[111.65710983892787,34.98075324724188],[111.65715678817801,34.98118942816542],[111.65717794580519,34.98166152203791],[111.65719784605871,34.98197621989621],[111.6570160445747,34.98207021390657],[111.65655459232397,34.981979699895376],[111.65627528791912,34.98183811625808],[111.65589241412256,34.98179010251493],[111.6557969661528,34.981812082298816],[111.65592975161071,34.982111860546546],[111.6559755542897,34.98240495535574],[111.65607419769641,34.98278361969655],[111.65611920225264,34.98297655267538],[111.65625948520075,34.983126042252955],[111.65636579631382,34.983375881359386],[111.65633325123753,34.983655089397665],[111.65630877230177,34.983855552895065],[111.65629287015734,34.9840416599443],[111.6565117332259,34.98423365284181],[111.65664435396606,34.98451196773238],[111.65674992537133,34.984668799447576],[111.65683845439375,34.98486865078349],[111.65689164103523,34.98499714740013],[111.65695500609128,34.9853116099614],[111.65701762859243,34.98553306552165],[111.65707121500432,34.985711642428534],[111.65686389734084,34.985877321947406],[111.65651726216545,34.986015135282706],[111.65573637070725,34.986205376329806],[111.65435199776063,34.98630347125038],[111.65385351838746,34.98629661763213],[111.65335481279071,34.98626114393537],[111.65282148606686,34.98624493354542],[111.65247315728372,34.986170489170355],[111.6519635422453,34.9862209243291],[111.6517087722828,34.98625091138204],[111.65180270853529,34.98640303982416],[111.65237224594343,34.98660031206398],[111.65267360729074,34.9865986924121],[111.65331155664627,34.98665249800777],[111.65363678225974,34.98673660348442],[111.65379920516226,34.986754808146564],[111.65408836857101,34.98667693478101],[111.65433192810087,34.98669470159197],[111.65501685051882,34.98682456183012],[111.65531874355383,34.986889709467945],[111.65580685229577,34.98704924661091],[111.65651557100084,34.987255286582645],[111.65662133619783,34.98743596648678],[111.65691148985032,34.98748209443632],[111.657214760136,34.987718941679944],[111.65732006995574,34.98784238584941],[111.65754167192549,34.98801289767272],[111.65775092016354,34.988088080976425],[111.65786919659726,34.988383166181535],[111.6578944394598,34.98864059705168],[111.6580920215728,34.98870630292208],[111.65856916693745,34.988942204979416],[111.65913980828502,34.98927299257807],[111.65945537084083,34.98959562320441],[111.65989576140328,34.989583691170644],[111.66026683292677,34.98960075286538],[111.66058140486122,34.989799371696755],[111.66107000099413,34.99001612232364],[111.6615014108947,34.99032857753868],[111.6617214160165,34.990298759392076],[111.66184753834467,34.990126360225325]]],[[[111.11897344479347,34.76490593144249],[111.11795927501467,34.76305852119086],[111.11712556370225,34.761061863599245],[111.11560624543151,34.759572671420216],[111.11437675037178,34.75864963320623],[111.11238832932119,34.7574589688757],[111.1097865491275,34.756775645563394],[111.10906397404942,34.75668685696909],[111.1045484249951,34.75654175251237],[111.09790168349687,34.756428026169985],[111.09439817986046,34.756788546787725],[111.08847395296506,34.75673336981358],[111.07698605823452,34.75587659960294],[111.07290376308491,34.7553722924734],[111.06621981963237,34.753736400105176],[111.05512859160979,34.750909697471705],[111.05129877672044,34.74921203288757],[111.03857057874067,34.74484937877528],[111.03607083898098,34.74395575538054],[111.03082576437171,34.74172718511112],[111.02592779457756,34.739867995096404],[111.0197151513874,34.736685129968265],[111.0166812504534,34.73517108226948],[111.01279511215454,34.73312041593641],[111.00957368907679,34.73163005970024],[111.00726243046866,34.73062850185136],[111.00522567624245,34.72968651318033],[111.00314562438733,34.72845828758077],[111.00049205068768,34.72715174841932],[110.99957485757497,34.726430272301876],[110.99865768039979,34.72570878919356],[110.9971988983739,34.72451027932024],[110.99677283049121,34.72405114718151],[110.99565350904909,34.7231030562752],[110.99355935788708,34.72139765549418],[110.99171800911782,34.72000825368649],[110.99063489443611,34.71917340871818],[110.9885481642064,34.717479846239684],[110.98720517077534,34.7165376184045],[110.98389104311738,34.714700737217804],[110.98178277591381,34.71357946664372],[110.97860600899124,34.71201674187085],[110.97538610526668,34.7102273462397],[110.97236129304294,34.708431945593155],[110.97032552265645,34.7073701187935],[110.96803713275712,34.706212789278794],[110.96591487113315,34.70504950112925],[110.96379982437963,34.70403524339513],[110.96288300011796,34.703772611656184],[110.96129476539181,34.703426284014405],[110.96052946410617,34.70339622562333],[110.95987241381737,34.70346756273409],[110.95928027497517,34.703676058469306],[110.95807409670829,34.70455215681051],[110.95750344732612,34.705070707964445],[110.95641968828319,34.70648943190769],[110.95620283628197,34.70695443907199],[110.95553070772814,34.7081586478746],[110.95509687950926,34.70927946236629],[110.95495921938895,34.710149956067646],[110.95480727655719,34.710722311863115],[110.95454695994765,34.71140791738286],[110.95439499669372,34.71201008540277],[110.95430247124698,34.712328955463505],[110.95407667944042,34.71310708969124],[110.95385874595999,34.71365036707564],[110.95367739363017,34.7141024489654],[110.95364634543937,34.71417984619791],[110.9536172998815,34.71425225208779],[110.9535849090896,34.71473172434262],[110.9529817733554,34.723658697618724],[110.95284293830169,34.72571330081383],[110.95281696871818,34.726097610205926],[110.95300839275792,34.726047781360705],[110.95338974232278,34.72599068653584],[110.95354580706481,34.72586195428203],[110.95368459593733,34.72563304270196],[110.9536154094195,34.72537543082719],[110.95377168773902,34.724860320897],[110.95408382140019,34.72458854324629],[110.95453455458694,34.72441698916598],[110.95475994496073,34.724288281174225],[110.95477737051685,34.724116563604795],[110.95500297570639,34.72358716758662],[110.95541945373158,34.722642842371236],[110.95569692454713,34.72234242756253],[110.95569707721702,34.72205622169194],[110.95583589074592,34.72175575693679],[110.95616542697812,34.72131225689581],[110.95637352761578,34.72108336699377],[110.95644302572926,34.72075425551599],[110.95647782441078,34.72049668309197],[110.95642591213694,34.72033925141042],[110.95637017606427,34.72000452968074],[110.95641198203003,34.720045202516104],[110.95719305941586,34.7206292233032],[110.95782534238816,34.721307535237266],[110.95843625507378,34.72161444143922],[110.9584753251993,34.72166514818453],[110.9585215871327,34.721876802239194],[110.9585102878154,34.7220663283385],[110.95844288357702,34.72254293273499],[110.95851192529369,34.72281408494629],[110.95870057139273,34.723008824291995],[110.95900928400596,34.723045320865005],[110.95934058685684,34.72297209649413],[110.9596866412386,34.72281300189366],[110.960056440603,34.72268237116566],[110.96138722075551,34.7218878536582],[110.96176399690984,34.72158009718697],[110.9622000002745,34.720985202739605],[110.96244860505766,34.72067988679262],[110.962852322981,34.72047795075976],[110.96362776727219,34.71939650628561],[110.96400221662634,34.71864883036273],[110.96406964601712,34.71757110531281],[110.9639589343086,34.71716281525545],[110.96370220979014,34.716499961466845],[110.96366368406359,34.71642084989443],[110.96354470722255,34.71623468530511],[110.96337325803243,34.71603223860679],[110.96325936104881,34.715872787199146],[110.9631934922934,34.71580994336253],[110.96299407554359,34.715616517245714],[110.96299665005984,34.715561787068495],[110.9626155803486,34.71511805122023],[110.96171459373855,34.714702773057056],[110.96113569360705,34.714523233991194],[110.96099709902177,34.71442397156934],[110.96094671331416,34.71428562262419],[110.96120689317664,34.71379915572289],[110.96147280603118,34.71339855176359],[110.96185406106335,34.713408211512544],[110.96233916621189,34.71370410855326],[110.96262794936146,34.713818680365854],[110.9628705397764,34.71388553576913],[110.96325183940843,34.71379978964933],[110.96356379797042,34.713761722373704],[110.96391040655323,34.713742745049686],[110.96439564773006,34.713742887811655],[110.96464981361447,34.713762042300544],[110.96491555775411,34.713723958146474],[110.96475385047646,34.713628509963726],[110.96459213246446,34.71356168183575],[110.96406071593526,34.71347566362061],[110.96357551814715,34.71338011802295],[110.96336759236043,34.71330373375242],[110.96328678267761,34.71316060625115],[110.96349483378768,34.71295078433441],[110.96399166030712,34.71286507044248],[110.96467327336966,34.712932052121076],[110.96533176499113,34.71303718347774],[110.96568053105366,34.7130459214805],[110.96577584768696,34.71308173039698],[110.96590132966594,34.71308540193117],[110.96598803340483,34.71307061393256],[110.96601439926222,34.71306093726983],[110.96604103981508,34.71322581281122],[110.96616416929952,34.71331854160295],[110.96668339432227,34.71343762694238],[110.96703873950527,34.713478971039166],[110.96719354329545,34.713475141194344],[110.96733937135212,34.713505272674695],[110.96775412319523,34.7136900438573],[110.9685411090544,34.714132685654455],[110.96892752324129,34.7145183652108],[110.96922219638091,34.71467848274698],[110.96947209119712,34.71463557825373],[110.96958307324466,34.71457607675149],[110.96968336571308,34.71454932218963],[110.96986753531293,34.71456487961122],[110.96987986129494,34.71456759595063],[110.9699755818012,34.71468887036103],[110.9702066481999,34.714698467772756],[110.97021281266049,34.71464096642679],[110.9702628534938,34.71465199317222],[110.97052076835428,34.7148144558165],[110.97108074404065,34.715213273498094],[110.97110632071872,34.71522555157592],[110.97113019578427,34.71523701345488],[110.97146108875307,34.715383560467906],[110.97155082275923,34.71544359567193],[110.97173419473648,34.715548296576685],[110.9724144509044,34.715923828667336],[110.97264776227895,34.71605262557808],[110.97311604043426,34.716359473210986],[110.97327903021264,34.71641716965313],[110.9734995289167,34.716498540819266],[110.97374376095912,34.716611777587374],[110.97411941669962,34.716929373376196],[110.97443710507233,34.71733696407219],[110.97477215157187,34.717596160357616],[110.97491145582863,34.717745539982],[110.97543619960737,34.717881748613735],[110.97576149816453,34.7179239229474],[110.97600977026272,34.7179841025647],[110.97611811711299,34.7180410281269],[110.97622810539995,34.71818026666248],[110.97631383910202,34.71832147089832],[110.97668297780034,34.718929438039254],[110.97690602603137,34.71919857486467],[110.97719942578557,34.719401249763024],[110.97746924309456,34.71950521354173],[110.97747740754681,34.71950713238251],[110.97765887390811,34.71972375390357],[110.97776242645092,34.71988106250691],[110.97792093557909,34.719953040378314],[110.97810411352432,34.719967468293426],[110.97826672453108,34.719885833709476],[110.97838538785885,34.719774907423854],[110.97866728092734,34.71949331134843],[110.97880669286882,34.71936753729744],[110.97885475553768,34.719149676600644],[110.97865451225448,34.71902569121477],[110.97848031873339,34.71902457705819],[110.97837156503913,34.71890479264761],[110.97814053368947,34.71871394764308],[110.97807125942407,34.71852313141637],[110.97806646682798,34.71841564640898],[110.9785544290079,34.71857060174237],[110.97951108392975,34.71886135161652],[110.97972356361258,34.718924374249696],[110.98026662268754,34.71908544623779],[110.9808515620088,34.71928011309743],[110.98212538780511,34.71994133518754],[110.98429697170822,34.72104520936253],[110.98511829068426,34.72148593433309],[110.98583020363208,34.72191030093358],[110.98622360452984,34.72222459984471],[110.98639408802887,34.72240872508303],[110.9865843322959,34.722503499436364],[110.98683582378399,34.72269398077425],[110.98711936347853,34.72285310261442],[110.98818951765084,34.723661995318956],[110.98878625919117,34.724240204625026],[110.98904444444295,34.72446720587959],[110.9895958214214,34.72495198163876],[110.98967328054968,34.725050164153394],[110.98970685173305,34.72512346811378],[110.98977146770916,34.725200407414384],[110.99018849509216,34.72565307477167],[110.99035293682508,34.72583012761689],[110.99115668134671,34.726695496274914],[110.99156855992521,34.727176014228036],[110.99177711250026,34.72733503786993],[110.99184223591843,34.72738493967015],[110.9922948137944,34.72774231972305],[110.99274313159523,34.72811635252714],[110.99372040123568,34.728817889412916],[110.99372662439919,34.728822356288184],[110.99449620250253,34.729471062487065],[110.9952975067454,34.72994685481773],[110.99608679314117,34.73049544762851],[110.99684859376833,34.731148497822495],[110.99748912513435,34.73174605543444],[110.99814829752704,34.73230279346093],[110.99845404561766,34.732667191744234],[110.99850639252281,34.732823281029404],[110.99850639153782,34.73287803076709],[110.99845406558751,34.733060696300115],[110.99827620008514,34.733307883957686],[110.99801364713677,34.73371084310512],[110.99788614788349,34.73399138633213],[110.99789831650628,34.73419225873441],[110.9980886569067,34.73432077052679],[110.99881911389191,34.73432548883178],[110.99902308144908,34.734319324905535],[110.99958611753067,34.734293516775644],[110.99976430811606,34.73429351725077],[110.9998252194315,34.73430846024132],[110.99990949218724,34.7344117769215],[110.99993510839467,34.73458880828316],[110.99989735403918,34.73474457863768],[110.99985617759761,34.73481952199126],[110.9997112232564,34.73502318380192],[110.99921032376437,34.73549850362458],[110.99904799602115,34.73562129697476],[110.99865700677354,34.73576562639401],[110.9982396724763,34.73594507901349],[110.99794093106917,34.73615406827513],[110.9977352905374,34.73643686434336],[110.99777234340803,34.73668151021815],[110.99795233470428,34.73679703158081],[110.99821204670768,34.73679703566992],[110.99836361509644,34.73670845049751],[110.9984520477264,34.73669308870846],[110.99856307814794,34.736740287653454],[110.99887005959921,34.73687469930178],[110.99918983204783,34.73689798379004],[110.99940067306035,34.736754711105704],[110.99946383554132,34.73659835785072],[110.99954743151476,34.73640359772313],[110.99968174539184,34.73623735237759],[110.99991750406333,34.73611673971001],[111.00012402655334,34.73600718797472],[111.00021459064388,34.735984543209646],[111.00042586192822,34.736009408398886],[111.0005483826058,34.73599455156171],[111.00055059704775,34.73599370601726],[111.00072294448059,34.73592788593597],[111.00089840915528,34.73586585246395],[111.00100574597319,34.73583365460888],[111.00109137216359,34.7358305142165],[111.00114653170193,34.73594335290162],[111.00117382905508,34.736023771263426],[111.00116779857372,34.73604417051654],[111.00115803677711,34.73605299012917],[111.0009964692143,34.73613295766424],[111.00091529490747,34.736367330892826],[111.00101750908496,34.73652190873608],[111.0011125068718,34.73658735479179],[111.00113571994217,34.73662498987215],[111.00113572042507,34.73666028507346],[111.00111515625807,34.73677440536136],[111.00106335820011,34.73690869885549],[111.0010502638005,34.73710099042353],[111.0011312159216,34.73712426983649],[111.0009889903886,34.7371294434367],[111.00091098371493,34.737243926506025],[111.00093698833257,34.73741564909468],[111.00102366294016,34.737379872741975],[111.00117100923177,34.737308320103665],[111.00131835651938,34.737315473188254],[111.00166505801833,34.73740133123627],[111.00180373974945,34.73750865532446],[111.00194242242884,34.737594514581644],[111.00199443258838,34.73783063323294],[111.00213311085444,34.73771614933484],[111.0023324584892,34.7375444220018],[111.00222844214876,34.73730830534773],[111.00224576994871,34.73705072084429],[111.0024711136581,34.73668580440665],[111.00272245504179,34.73627080210743],[111.00296514249088,34.73631372759595],[111.00325117217767,34.73645682294151],[111.00349387339385,34.7368074164238],[111.00355456303599,34.7372224124734],[111.00359792247932,34.73773042495529],[111.00359793023291,34.73790930231667],[111.00329456940648,34.737973707614074],[111.00312989073025,34.738095348991315],[111.00293920833396,34.73820983528313],[111.00293921188111,34.73831000764398],[111.00308656163128,34.73833146866786],[111.00327725116641,34.73839586039621],[111.00326858960291,34.73856042789204],[111.00309524645357,34.73881086195303],[111.00277455077656,34.7390255235573],[111.00267921280302,34.7392044030153],[111.0027485581088,34.73931172840267],[111.0030085803221,34.7390970692921],[111.00344196345421,34.7390755922489],[111.0036673161094,34.73893248308971],[111.00390999033837,34.738496013184616],[111.0041093287306,34.7381740257764],[111.0042133220874,34.73783057669001],[111.00443866882885,34.73764453583142],[111.00456867939718,34.73760159987925],[111.00478537012437,34.73766598737486],[111.00494140805014,34.7380380477493],[111.0051494532597,34.73842441579273],[111.00522748294459,34.73876785796868],[111.005071481928,34.73902544957755],[111.00514083106377,34.73914708368349],[111.00531419926057,34.73939035026185],[111.00537489479697,34.73972663845639],[111.00523622956952,34.74001284871927],[111.00523624807724,34.74030620841591],[111.00533161782909,34.740671115233866],[111.00514960774572,34.74091439792459],[111.00510975184226,34.74117985393905],[111.00496241234154,34.7414231339689],[111.00464604759527,34.74167357586217],[111.00454203868489,34.74178806125905],[111.00463305349727,34.74180594564555],[111.00477173778707,34.74176301007693],[111.00513146073915,34.74181308115333],[111.00537851183121,34.74202414652189],[111.00575125419407,34.74231033450733],[111.00594195545042,34.742381875703565],[111.00605030157077,34.74232463008936],[111.00600695578649,34.74224592549645],[111.00588993011536,34.74214575981733],[111.0057555703085,34.74204917168613],[111.00534814969707,34.741655659241545],[111.00531346139404,34.74139092127223],[111.00545213124208,34.741144063461284],[111.00549979183955,34.74094729533375],[111.00552578019654,34.740714753432336],[111.00603280218078,34.740074345645105],[111.00651817233828,34.73975591852127],[111.00685187028114,34.73963784004855],[111.00712925116349,34.739795236770554],[111.00754534440335,34.7402567172749],[111.00786607928683,34.74053574659437],[111.00804376933944,34.74052857950129],[111.00817379591312,34.74063232091112],[111.00847721418695,34.74106160688602],[111.00861158667632,34.74125478569667],[111.00858994172076,34.74149448341582],[111.008464282849,34.74174849936739],[111.0085293017203,34.74183793390435],[111.00855531802304,34.741966723621054],[111.00865066735923,34.74197745011547],[111.00879801675264,34.74192019837545],[111.00907104423939,34.741798541390075],[111.00935273971537,34.74168046086824],[111.00967200475152,34.741644660303955],[111.00994939254186,34.74175911943454],[111.01014588040668,34.741883125345474],[111.01019213082141,34.742054844137904],[111.01015751418042,34.74250323403673],[111.01018065827407,34.742741736566],[111.01040024103186,34.742684476835585],[111.01057937322089,34.742622450806905],[111.0108914279453,34.74266535350971],[111.01131907762381,34.742856117541024],[111.01153291513236,34.743037360753114],[111.01163117706406,34.74320907403001],[111.0115618598795,34.7434094242826],[111.01114223916609,34.743856657719675],[111.01115672744848,34.74416671113072],[111.01093282770326,34.744381385121386],[111.01073059403116,34.744578168979714],[111.01060782006228,34.74478090760215],[111.01043446957814,34.74490017431365],[111.01030445342651,34.74496577460357],[111.01005165457087,34.74518044848672],[111.00973382788307,34.74527587622665],[111.00955324192496,34.745305703232084],[111.00948101911266,34.74542496060212],[111.00937991039635,34.745615771368705],[111.00945937340848,34.74564557882923],[111.00950994811429,34.74572308810312],[111.0094883010458,34.745931780522135],[111.00953164644139,34.745961590742354],[111.00965444143527,34.745901954761905],[111.01013840329186,34.74571707540949],[111.01031899992428,34.7457587978479],[111.0104851554903,34.74585418557168],[111.01054297997277,34.74613442251311],[111.01059355598868,34.74621193133056],[111.01073799385527,34.74593763965305],[111.01115688777794,34.74535923029868],[111.01155414004536,34.74503125077884],[111.01178525116254,34.74472713594269],[111.01205971909897,34.74454226901234],[111.01237750650576,34.74422025660762],[111.01259419379079,34.744100982644106],[111.01271701032827,34.74421425963033],[111.01274597342767,34.74466145086851],[111.0126593435709,34.74500729020958],[111.01273883280686,34.745204047773335],[111.01287608524132,34.74522788404647],[111.01314334167571,34.74512649067202],[111.01362726773286,34.74479849499441],[111.01396678486859,34.74485808285189],[111.01448695360638,34.74526944069901],[111.01481931959141,34.74572255779947],[111.01499273982314,34.746014704314604],[111.01515169682813,34.7462174124611],[111.01518064211662,34.746491687870765],[111.01513010730876,34.74666460926189],[111.0152023667759,34.746783852863835],[111.01546962982312,34.74670630510992],[111.01583803090183,34.74665855725936],[111.01614867355339,34.746777768164854],[111.01629317248192,34.74690296351601],[111.01640155578228,34.747040088461006],[111.0165748973918,34.74689696260046],[111.0168349340891,34.746807487936],[111.01700832824126,34.74692671554006],[111.01745435460539,34.74731581121139],[111.01764219521944,34.747417148033705],[111.01771447313513,34.74760794041499],[111.01788784708617,34.747619840872964],[111.01832109173145,34.7478801230569],[111.02019254745187,34.7488193149787],[111.02169835979188,34.74957497297906],[111.02170365375194,34.74961854580812],[111.02159369878432,34.74989685553262],[111.02143489112298,34.750364646942884],[111.02137692248287,34.750548079981144],[111.02133208994499,34.75063889153451],[111.02103251748262,34.751064237417395],[111.0209554855509,34.75121407578385],[111.02092998491601,34.75131666541584],[111.02092109318723,34.751340148043326],[111.020875114634,34.75136810176801],[111.02074192815083,34.75139375641352],[111.0203070459553,34.75145185143099],[111.01990094144497,34.751588946985706],[111.01985696171663,34.751806849093384],[111.01989281943301,34.75201356595926],[111.02015736170277,34.75209052087839],[111.02039011709591,34.752090482130164],[111.02070977457471,34.75206352620309],[111.0208999226933,34.752036219445316],[111.02115507106802,34.75190666292835],[111.02138630048273,34.751839871466345],[111.02164208518339,34.751747525345806],[111.02183842856833,34.75153567093835],[111.0220470634189,34.751292635654245],[111.02230947311928,34.75101065601298],[111.02255872906973,34.750734757410484],[111.0228143586494,34.750480685890885],[111.02310971926963,34.75026598755218],[111.02311918287795,34.75023589002839],[111.02318046373408,34.75017970635819],[111.02331692030229,34.75006359176321],[111.02334989580203,34.75001305631507],[111.02491997106654,34.75040731946998],[111.02494200995643,34.75042838926846],[111.0249511749271,34.750460555483336],[111.02498845436764,34.75066982252229],[111.02498258009955,34.75079412510259],[111.02495915306956,34.75087492241828],[111.02492444446654,34.75089825918925],[111.02483931946641,34.75092079676818],[111.02467773513382,34.75099799571435],[111.02461318105897,34.751148204349384],[111.02460421811627,34.751252051593134],[111.02463276389797,34.751404837478084],[111.02483931762625,34.75152017642805],[111.0250546252324,34.75153353464033],[111.02532888944783,34.75150583044291],[111.02560214035097,34.75142980249828],[111.02573632551513,34.751361023784995],[111.02601485909425,34.751197169309265],[111.02613324446206,34.751113754462864],[111.02620662134503,34.75108127494034],[111.02626003598017,34.75106556790208],[111.02635089519818,34.75107289575406],[111.02661363891606,34.75113774900139],[111.0267511676675,34.75120687494051],[111.0267857487403,34.75122271340846],[111.02677864260548,34.75123748925137],[111.02670848686239,34.75138976086889],[111.02664378035233,34.75153091403309],[111.02663949838556,34.751691762610875],[111.02661469980391,34.751911866926925],[111.02656437077678,34.7520595963605],[111.02669012395623,34.752222476237186],[111.0269200324228,34.75225929281872],[111.02709297446727,34.75225925446671],[111.02735764156078,34.75222845145948],[111.02769056496305,34.75213999917116],[111.02786018491086,34.75204054464771],[111.028069329111,34.751853576310296],[111.02830630638904,34.75164962920021],[111.02848839818253,34.75137912818651],[111.02858034863911,34.751398126611576],[111.02873999477194,34.75143735491131],[111.02901618151321,34.751508796391406],[111.0291931563342,34.75159248703114],[111.02926899321169,34.75164718233757],[111.02935788701936,34.751699517235224],[111.02947925564337,34.75175437179334],[111.02960999699413,34.75180555066374],[111.02997030153409,34.752003581182485],[111.03007779238769,34.75208965383758],[111.03024218311333,34.752190019621764],[111.03051586040982,34.752329194635],[111.03094132429939,34.75249281403319],[111.0311505023436,34.75256269108186],[111.0314742555339,34.75266431417446],[111.03170495597955,34.75280426471195],[111.03183241674446,34.75292507674557],[111.03196627563368,34.753178775215595],[111.03194793244425,34.75341901027954],[111.03193475842818,34.753506153108944],[111.03192191877453,34.75375272189247],[111.03193795879619,34.753941011701755],[111.03192654165774,34.75398187335838],[111.0318359720003,34.75422922236422],[111.03185521538956,34.754466144738416],[111.03200192222067,34.7546043318014],[111.03216244265933,34.75469252589738],[111.03226189001812,34.75471436803763],[111.03247241658487,34.754819273408835],[111.0325311986806,34.75490191070745],[111.03253124971324,34.75503203965853],[111.03245884199956,34.75512954031987],[111.0322268940802,34.75525921256684],[111.03219238736457,34.75545886994497],[111.03233425991584,34.755629754158356],[111.03245553380697,34.755701904883416],[111.03252205366935,34.75575677007513],[111.03266092413986,34.75578689170731],[111.03290258829324,34.75579029531487],[111.03329516575121,34.75575568677279],[111.03354173727104,34.75575416331435],[111.03358659286792,34.75574919494564],[111.03367317981099,34.75573520623965],[111.03375206160936,34.75570323628482],[111.03380655898579,34.75567393854873],[111.03383811262225,34.75565277887289],[111.03396072522705,34.75557415085695],[111.03402035150575,34.75553981536213],[111.03406000374467,34.755510902057345],[111.03408353723944,34.7554896436013],[111.03411615698143,34.7554638196087],[111.0343471157992,34.75528025807545],[111.03437350871747,34.755291131666425],[111.03441052072306,34.75532236983093],[111.03472327087947,34.7555863294317],[111.03487695020709,34.755716033163],[111.03562395896728,34.75634191777484],[111.03568989983401,34.756423424657804],[111.03569542672504,34.756467341101555],[111.0357011465052,34.75651277908441],[111.03566378833652,34.7566567990182],[111.03568530532398,34.756886397792435],[111.03570212515682,34.75699245027659],[111.03569636683116,34.757037716745025],[111.03565089711493,34.75709668830884],[111.03552374388298,34.75717105291337],[111.03531892908849,34.75728041591057],[111.03520290803955,34.75741861547413],[111.03517751234058,34.75757962173216],[111.03521387580132,34.757747214836904],[111.03529106488863,34.7578744170204],[111.03541537901938,34.75795978590746],[111.0356008825889,34.75793933359688],[111.03600139366542,34.75779764072227],[111.03620103709117,34.757713134763776],[111.0362394874917,34.75770268218616],[111.03634894919048,34.75764847335375],[111.03642115755436,34.757602358598206],[111.03642258071777,34.75764464105279],[111.03640566383169,34.75772548540334],[111.0364050209579,34.75775387309504],[111.03640090057338,34.75782486290622],[111.03639822219334,34.757831766776434],[111.03633138918927,34.757867091726006],[111.0358270443281,34.758091242964475],[111.03556054799103,34.75819199339401],[111.0353608917143,34.7583069527516],[111.03519829103381,34.75842963885775],[111.0350816081645,34.758549042978146],[111.0349362866402,34.75873087668492],[111.03489790012055,34.75882718270411],[111.03486288107298,34.758952524261574],[111.03482206091508,34.75917644666829],[111.03480749397939,34.75938795081273],[111.03480279482578,34.759517339155536],[111.03484944134003,34.75961341258652],[111.0349682682955,34.7596917506033],[111.03512403855326,34.75970026925304],[111.0352775852089,34.75964502466421],[111.03532732487766,34.75961889523089],[111.03631212481208,34.758800778573665],[111.03633981436158,34.75881133314407],[111.03641545716295,34.7588335747003],[111.0364643779679,34.758834924809484],[111.03663424704443,34.75883487382363],[111.03677189065449,34.75882720723113],[111.03697580953684,34.75878890457374],[111.03710446481084,34.758741695973676],[111.03723250106428,34.758627303748334],[111.0373667667982,34.758483234752305],[111.03739017207688,34.75847073660097],[111.03742728220399,34.758476550171956],[111.03754660125199,34.75853269529776],[111.037685796328,34.75861154271043],[111.03767330500744,34.75870415748811],[111.0376333847374,34.75890120294882],[111.03763347004778,34.759089216432486],[111.03767771466524,34.75927945988701],[111.03777142966192,34.75937898358512],[111.0379298031384,34.75950845206089],[111.0380484262068,34.75966013921434],[111.03814667820284,34.75980480967561],[111.03819920605795,34.759919642111335],[111.03822181936168,34.7599798074418],[111.0382274420971,34.7600173335547],[111.0382093800531,34.760068292836536],[111.03806891378225,34.76027705319584],[111.03795097669114,34.76046164112666],[111.03766802725916,34.76090449425388],[111.0375541066681,34.76117072655487],[111.03752505907815,34.76132080011748],[111.03752137623863,34.76145664687549],[111.0375549730082,34.76162939343599],[111.03764985960102,34.76175856088545],[111.03771219949492,34.761829191192966],[111.03775629073404,34.76186605817739],[111.03780164941645,34.761906115774586],[111.03786909957867,34.76194402201097],[111.03797250383299,34.76198559479135],[111.03805708141043,34.7619980485293],[111.03821705074431,34.76199488402517],[111.0382637179235,34.76195370067333],[111.04079637784886,34.76241507010255],[111.04078994391836,34.76250313365133],[111.04066540705028,34.762748284558775],[111.04057824880982,34.762919853599186],[111.04046634511263,34.76317142088049],[111.04045024848133,34.76329786640778],[111.0404484487196,34.76331200395283],[111.04043241039277,34.763585024614166],[111.04047104640846,34.76373331675586],[111.04055917936081,34.7638238520442],[111.04070763711131,34.76389198940124],[111.04100483977143,34.76390063614149],[111.04125762349166,34.76382493436235],[111.04127565050385,34.7636157450787],[111.04126854110099,34.76340799305551],[111.0412883320816,34.76329758601183],[111.04129080581227,34.76328378175074],[111.04141674553496,34.763026119861294],[111.04156591921381,34.76274798048774],[111.0415927655019,34.76269792275509],[111.04164359862419,34.76244604359979],[111.04164348677854,34.76222331389646],[111.04159837782963,34.76192084383759],[111.04158780182024,34.76184564028033],[111.0415859613886,34.76183268030988],[111.04158260589709,34.761767293439604],[111.04158784052674,34.76173986328133],[111.04160400987926,34.761679695265336],[111.04161946385962,34.76163711958033],[111.04163143368628,34.7616189059274],[111.04164375108999,34.761605519252036],[111.0416879010814,34.761573501974596],[111.04170885037544,34.76155946331549],[111.04176031838566,34.76153797748492],[111.04180015241728,34.76152268026127],[111.04185087263414,34.76151292751627],[111.04191666383349,34.76149849841079],[111.04195496557162,34.76149009751782],[111.04204568271338,34.761452625796686],[111.0421206233742,34.76139436824081],[111.0421641562506,34.76133074365312],[111.0422131600593,34.761234582242174],[111.04222328399754,34.76115675743925],[111.04222325858808,34.76110684949108],[111.04222538913244,34.76104157070154],[111.04221145914187,34.76095510422028],[111.04218828745786,34.76088136897337],[111.0421815647768,34.76085385368741],[111.0421196634819,34.760708729541875],[111.04211722493127,34.760705353670026],[111.04210189049971,34.760588837053724],[111.04209731285788,34.760476983360896],[111.04210278839338,34.76043618685099],[111.0421850066753,34.760474118049494],[111.04239652872383,34.76052885897237],[111.04270948981964,34.760599539838296],[111.04356812726672,34.760710904327645],[111.04369254773353,34.760714716918486],[111.04369258159007,34.76077898086385],[111.04369399247732,34.76094423478049],[111.04368014636195,34.76117750441663],[111.04366213513069,34.76145601954907],[111.04366219704521,34.761573619525514],[111.04374608079912,34.76172562361174],[111.04394284403284,34.76175800113461],[111.04406674747995,34.76172934442436],[111.04408680711673,34.76172729184402],[111.0441779616225,34.761694046031764],[111.04434081201055,34.761595721375],[111.04451944261668,34.761394646113104],[111.04477812734383,34.761028546363804],[111.04482942124821,34.760984088441354],[111.04490163429023,34.76092172421149],[111.04496219624272,34.760861738578235],[111.04502876996746,34.760795798622325],[111.04507820152666,34.760771878309185],[111.04510984915318,34.760756563200374],[111.04513406636796,34.76075176138217],[111.04519374999155,34.760770206614616],[111.04521198059192,34.76074350793167],[111.04525460502721,34.760743492097916],[111.04532300319147,34.76074876880484],[111.04532307788882,34.760885452727784],[111.0453120816711,34.76097869057534],[111.04528566412824,34.76120270208831],[111.04528929117436,34.76154403289054],[111.04533735993604,34.76170790195112],[111.04547557107527,34.76178381747865],[111.04563640892165,34.76185167740502],[111.04582874288798,34.76189389072202],[111.04599727024731,34.76183064223052],[111.0460891835647,34.761701691072055],[111.04610427264912,34.76154522790542],[111.04614016417194,34.761424458445575],[111.04618904721882,34.76132557229736],[111.04624519062027,34.76125439839427],[111.04641780746555,34.761145311514774],[111.04660482039024,34.7610234475773],[111.04670592847775,34.760946406032105],[111.04680520068723,34.760841052441855],[111.04688714624997,34.760753370548144],[111.04705965485485,34.76055887515195],[111.047129296452,34.76046889111484],[111.04716196326117,34.760452710616875],[111.04740637054617,34.76039583262664],[111.04764514317455,34.76037237735962],[111.04806092640425,34.76028029717361],[111.04856046264602,34.76014501324058],[111.04861375257067,34.76013184117572],[111.0486484266147,34.76012327015745],[111.04875082366631,34.76009795882535],[111.04896640099994,34.76005036394037],[111.04914393267488,34.76003767165361],[111.04942726560736,34.75996307452625],[111.04969048520192,34.75984999706029],[111.05003233627953,34.75960672633752],[111.050119403627,34.75949999767039],[111.05027922080934,34.75930141857043],[111.05044970400864,34.759264379959276],[111.05045519172738,34.75911942768856],[111.05057490754926,34.759009620330446],[111.05116909238626,34.758593627660645],[111.05140900057043,34.758366452802235],[111.05219771952136,34.75770759352768],[111.05261276440048,34.75732771003684],[111.05273919816807,34.75725179549481],[111.05281206825956,34.7572374538806],[111.05285935064327,34.75724314385735],[111.05289575048076,34.75724928835163],[111.05303197223091,34.7573116325651],[111.05390304682966,34.756919760044184],[111.05408139735756,34.75684265918277],[111.05408390120247,34.75683839706103],[111.0541430303312,34.75681179603866],[111.05546674178554,34.75621627064601],[111.05628755014249,34.75584698535598],[111.05637463952175,34.75580156850952],[111.05661796329892,34.75578836701011],[111.05692935342317,34.75579849441306],[111.05717752272298,34.75583374894572],[111.05745030842972,34.755872499686454],[111.05799494720674,34.755999043311526],[111.0582504774544,34.75609899243897],[111.05869457044102,34.7562621371498],[111.05925266490533,34.75644933418419],[111.05972189151838,34.756570371123665],[111.06105141066269,34.75681573443223],[111.06143283557938,34.756896705509455],[111.06216197238449,34.75699490119279],[111.06255357130404,34.757108144290996],[111.06276304883632,34.75725479839189],[111.0629917976351,34.757422272158685],[111.06337536025097,34.75762606613135],[111.06367993770388,34.75781187904462],[111.0639118773759,34.75801952204608],[111.0640086027113,34.75826714608192],[111.06412627363223,34.75850957223639],[111.06418843249408,34.75871972428626],[111.06437030397359,34.75902519853547],[111.06465241642864,34.75940642955679],[111.06509111305684,34.7597333253005],[111.06553173865217,34.760107050723654],[111.0657447814134,34.760295505504004],[111.0659966241206,34.76037522686807],[111.06645223855307,34.76039846104088],[111.06689188339978,34.76043667034229],[111.0672892429031,34.76045866687693],[111.06743859657246,34.760467267620065],[111.06765350468343,34.76051777479409],[111.06767312087503,34.76053020076941],[111.06772235843678,34.76064073601853],[111.06782048415869,34.761032438906355],[111.06803559977797,34.76122730749368],[111.06836184683989,34.761283755499896],[111.06866139466554,34.76129902555896],[111.06893433571209,34.76112997432739],[111.06899727271299,34.76096522874594],[111.06903128508692,34.76095644226997],[111.06926000833737,34.76100708480037],[111.06934753199631,34.76106113813891],[111.06935538831965,34.76119524944599],[111.06936818924956,34.76150550055105],[111.06936848299829,34.76185668226843],[111.06942066103845,34.762326396175716],[111.06945815366443,34.762653744760904],[111.06945826495964,34.76278662279617],[111.06953079152265,34.762989448331666],[111.069636694293,34.76328947811732],[111.0696369280834,34.76356788285251],[111.0696371864108,34.76387550252844],[111.06961975644586,34.76406405855521],[111.06961799940659,34.764363876682154],[111.06962644314616,34.76462167476086],[111.06976086560219,34.76493872665074],[111.07000382121572,34.7651627969442],[111.0703482502435,34.76528214901155],[111.07077116931528,34.76533896459886],[111.0710420379215,34.76537709188897],[111.07118656094094,34.76537700748032],[111.07128993826534,34.76573512996728],[111.07141159757862,34.76591039799994],[111.071633732844,34.76595096653834],[111.07197437244352,34.76584725222252],[111.07197413648444,34.76557541353151],[111.07185469109052,34.76498093575004],[111.07173343411054,34.76441667980665],[111.07148557348084,34.764212582232446],[111.07130080716783,34.76419576283343],[111.07119208925485,34.76416714512108],[111.07117195519243,34.76413583711395],[111.07111296191441,34.76358816711649],[111.0712608876732,34.7635868898606],[111.0712908256555,34.76358335229738],[111.07129993396076,34.7635867209731],[111.07158370997593,34.763539745622445],[111.07186003916327,34.76342560842205],[111.07202861224508,34.76315638855952],[111.07206705028175,34.76310510305244],[111.07215230310538,34.7629913557587],[111.072228666614,34.76285500790488],[111.07229588528432,34.76269491034939],[111.07257957008771,34.76178404925775],[111.07258380394552,34.76153842097719],[111.0725748892352,34.76144279208251],[111.0725609878517,34.76135660040508],[111.0725332780669,34.76126420437334],[111.07250902619988,34.76119274442816],[111.072478563104,34.76102931552239],[111.07244315459104,34.760887410017716],[111.07242762160978,34.760842505167645],[111.07240542813042,34.76079021264217],[111.07237035070845,34.76073957556364],[111.07249866176511,34.76017952525937],[111.07240635274427,34.76008524309518],[111.07228741052222,34.760058707483594],[111.07220986353522,34.76005084264227],[111.0719588274119,34.76005422554052],[111.07156323461852,34.7599624039736],[111.07589521685145,34.75879282210488],[111.07613816473437,34.758818516829855],[111.07640689037432,34.75876447069601],[111.07673883552057,34.75861972662998],[111.07703736371684,34.75864545032667],[111.07734025869031,34.75872605251379],[111.07755634422274,34.75882867684733],[111.07775508837416,34.75900655060778],[111.07801938456196,34.759348468246145],[111.07803689269613,34.759371119600324],[111.07831983057595,34.75965998603142],[111.07877491179059,34.759915848677],[111.07920434043075,34.76010141292701],[111.07956764628801,34.7602191645819],[111.07994350827487,34.7602877849929],[111.08000165962025,34.760302125332274],[111.08000326822821,34.760302961693455],[111.08001745897568,34.760312178390215],[111.08018597191067,34.760446223889446],[111.08024597574526,34.76047848760339],[111.08026424570474,34.76049515902001],[111.0803046843743,34.760535740370415],[111.08038124740489,34.760604507764995],[111.08601130914987,34.76356709222476],[111.0858684899244,34.763510114321356],[111.08560771465477,34.763546143740456],[111.08550471040363,34.76369082343103],[111.08543033609746,34.76374427925633],[111.08536676389213,34.76378541048467],[111.085360239055,34.76378596943118],[111.08535384997145,34.7637857665838],[111.08535384203391,34.7637780549566],[111.08501990742008,34.763720107443774],[111.08471490936743,34.76367067892184],[111.08466312123358,34.76365892979967],[111.08461473146504,34.763645240244706],[111.08452569179398,34.76361228854531],[111.08453164845736,34.763606205245566],[111.08461206594106,34.763456522975424],[111.08464615527419,34.76337608285732],[111.08465702065696,34.76332930611769],[111.08465982210417,34.763273383785226],[111.0846470506128,34.7632259329912],[111.08462609327563,34.763176136985976],[111.08459306756656,34.763135252670196],[111.0845451338374,34.76309286701873],[111.08447164266103,34.76305794930317],[111.08439460472079,34.76303254035897],[111.08430380927284,34.763014515395085],[111.08424124986485,34.76299997284215],[111.08368629082673,34.762831642455424],[111.08309390738681,34.762693315351925],[111.08309679082824,34.76267022625641],[111.08202682430627,34.76242836652221],[111.08161506266093,34.762386204427834],[111.0813440969852,34.762453435953184],[111.08097107417782,34.76257203090055],[111.08062223126123,34.76316913565314],[111.07959343149051,34.765570587440536],[111.07984232735393,34.765633739183166],[111.08046676581452,34.76580505004053],[111.08073304004331,34.76619601884319],[111.08097604728229,34.76643436002152],[111.08143894324635,34.766911057258774],[111.08211007143667,34.767521173702775],[111.08354465368578,34.76855052983035],[111.08398257272319,34.7695467725774],[111.08417071325474,34.769814958544096],[111.08448877280938,34.76993995232356],[111.0847491861121,34.77022001205191],[111.0850823457877,34.77097493834495],[111.08508500858372,34.771007478544306],[111.08524148339013,34.77110080638693],[111.08766618987775,34.77273228364873],[111.08809409522864,34.77299451243475],[111.08817776430975,34.77310269940426],[111.0878468210075,34.7737884309299],[111.08758329953005,34.77425659395722],[111.08758363179012,34.774571054706186],[111.08825808879608,34.77490401243865],[111.0892982298722,34.775448633465636],[111.08952075208994,34.775576008751905],[111.09130347192311,34.77569488150233],[111.09244995107518,34.77577255850153],[111.09530747740878,34.775966115606565],[111.09531546070883,34.77596670429133],[111.09627010041008,34.776043003505364],[111.097973513415,34.776179128607275],[111.09857834876684,34.77622474509869],[111.0992046831791,34.77627197984201],[111.10062875067594,34.776379363233666],[111.10150476304061,34.77643787887546],[111.10372777265293,34.776567013338116],[111.10379360514528,34.776574179375665],[111.10420577000673,34.776641821100135],[111.10482447319671,34.776696773012596],[111.10585745159462,34.776719229485],[111.10586787089731,34.77671953862468],[111.10647668366761,34.77674237148053],[111.10690494225291,34.776741996170486],[111.10740910905618,34.77670870841019],[111.10798992196348,34.776628306594525],[111.10828786449898,34.77658441791342],[111.1088408501827,34.776502955988754],[111.10920451441055,34.77639911980951],[111.11104755054627,34.77577291818942],[111.1112250074492,34.77571262272096],[111.11145536230511,34.775668797029454],[111.11168690061602,34.77562944624916],[111.11191949462837,34.775594591223445],[111.11215301658811,34.77556425189509],[111.1123814906679,34.77545534213023],[111.11261283756015,34.775350643398845],[111.11284694265166,34.775250207171695],[111.11308369242123,34.77515408311641],[111.11332296897619,34.775062318201144],[111.11392248916191,34.77480625674269],[111.11451950394621,34.774546241971024],[111.11466827854095,34.774439760048594],[111.11469317719484,34.77442297295518],[111.1147024975508,34.77441718789849],[111.11572514500786,34.77379637286697],[111.11574485513317,34.773784951212406],[111.11575701026497,34.773778424217994],[111.11856507138371,34.77231387766309],[111.11973951482508,34.77170131088441],[111.12038303562893,34.771355103774084],[111.12023976919144,34.77096784526568],[111.1202238701289,34.77071075074985],[111.11988294199291,34.76928752691904],[111.11922971647967,34.767260895478664],[111.11926429986241,34.766187599756094],[111.11897344479347,34.76490593144249]]],[[[111.1000588290956,34.7865962629503],[111.10014292352339,34.78655656129645],[111.10031176642175,34.786556422275254],[111.10065320696415,34.78654851716156],[111.10136910297679,34.78661574463951],[111.10172834455848,34.78660890608668],[111.10188982963929,34.78660583151202],[111.10224664950363,34.78650745750043],[111.10246821139698,34.78637567907241],[111.10260904428472,34.78620458460459],[111.10273522869565,34.78599602421222],[111.10315910123434,34.785566396693966],[111.1034334625584,34.78539503297714],[111.10378317241452,34.78521374204137],[111.10412798493799,34.78510813527659],[111.10427137804838,34.78510407244866],[111.10440437366913,34.785144735758685],[111.10463470411159,34.785133227038386],[111.10622574964094,34.78505371979909],[111.10633058523517,34.78489377676597],[111.1063885227027,34.78480538387935],[111.10651566187816,34.784567517302946],[111.10691363161129,34.78423991423374],[111.1090371308672,34.78308202269334],[111.1092752843352,34.78295215860603],[111.10951253089121,34.78282278884211],[111.1095576033688,34.782878389939114],[111.10984176742578,34.78287813296338],[111.11004427125441,34.78281901104299],[111.1100418187674,34.78269829033326],[111.1100417427491,34.782691232321206],[111.11004174811627,34.7826886921284],[111.11004330061844,34.78240648737536],[111.11004347797655,34.78239688984726],[111.11005231457939,34.78211477765143],[111.11005273885758,34.782105185308126],[111.11006885528163,34.781823291870005],[111.11006937924084,34.78181554283035],[111.1100695275758,34.7818137092175],[111.1100929162667,34.78153216254201],[111.11009383548769,34.78152259408825],[111.11012448561385,34.78124152218196],[111.11012565067138,34.781231971533416],[111.11016354812423,34.780951502404555],[111.11016478025269,34.78094310099918],[111.11016496011423,34.780941974067126],[111.1102100885985,34.78066223392175],[111.1102117464331,34.780652733304656],[111.11026408310168,34.78037385015635],[111.11026725524596,34.780358668347326],[111.11031889520666,34.780134469266315],[111.11031966978351,34.78013117298916],[111.11032174224117,34.78012293037012],[111.1103804629853,34.779899921016096],[111.11038367499013,34.77988844759043],[111.11044943623916,34.779666779427146],[111.11045222979293,34.77965776453928],[111.11045300994468,34.779655379587155],[111.1105257670517,34.77943520408121],[111.11052970027964,34.77942388503954],[111.11060940313581,34.77920535275989],[111.11061369370927,34.779194122630585],[111.11070028892908,34.778977383246705],[111.11070162283914,34.77897408555647],[111.11070493357747,34.778966249243304],[111.11079836012766,34.778751450627674],[111.11080335558059,34.778740419963675],[111.11090355133531,34.778527708186004],[111.11090780036385,34.77851896058207],[111.11090889432367,34.77851678897624],[111.11101578951217,34.778306310112214],[111.1110160368594,34.778305825826365],[111.11111151534686,34.778118437133074],[111.11111775189535,34.77810667066844],[111.11121966233169,34.77792160346954],[111.11122630217962,34.77790998716701],[111.11133456060782,34.777727391157406],[111.11133505983821,34.77772655148265],[111.11134159939756,34.777715935836824],[111.11145611967592,34.77753595890989],[111.11146355086262,34.777524673590314],[111.11158423811018,34.777347461843846],[111.11158708283595,34.777343335258465],[111.11159205624287,34.77733635644462],[111.1117188133931,34.777162053273656],[111.11172701192609,34.77715113591233],[111.11185973645199,34.77697988381492],[111.11186540765213,34.77697271685384],[111.11186830774855,34.77696916351138],[111.11200689165794,34.77680110048309],[111.11201583026651,34.776790586255224],[111.11215085678982,34.7766364676324],[111.11226592617511,34.77648762251727],[111.11227193101918,34.77648002525361],[111.11227620534588,34.77647481383112],[111.11240634564669,34.776318490053235],[111.11241714737547,34.77630597743829],[111.11255366895591,34.776153404708865],[111.11255938058873,34.776147136389106],[111.11256498124362,34.776141202597046],[111.11270772373398,34.77599255771924],[111.11271953348941,34.77598068054347],[111.11090349873459,34.77679672197294],[111.11056149659288,34.77691292359713],[111.10960596462924,34.777237577153635],[111.10957661419172,34.7772467457356],[111.10915764211263,34.777366372242724],[111.10911675089893,34.777376588590805],[111.10907501823179,34.777384137487786],[111.10817630749122,34.7775165145562],[111.10792681521417,34.77755105740547],[111.10756658881766,34.7776009306629],[111.1075197842637,34.777605705344],[111.10697062300935,34.77764196451123],[111.10696193296194,34.77764248054521],[111.10692763341576,34.77764340037352],[111.10646514486065,34.77764380660876],[111.10643976366578,34.77764334203786],[111.10582347133727,34.777620228858545],[111.1056580318803,34.777616631677894],[111.10479686090531,34.77759790995531],[111.10477359909913,34.77759740355029],[111.10475425796963,34.777596700864244],[111.10472952850553,34.77759497159076],[111.1040646244261,34.77753591580347],[111.10401890233308,34.77753022637947],[111.10361666371683,34.77746421346104],[111.10268681149817,34.777410198836996],[111.10142232076663,34.77733673246987],[111.1006268419991,34.77728359697015],[111.10053496137719,34.777277459419274],[111.09904132295205,34.77716483485722],[111.09787113634411,34.777076586095205],[111.09725167436171,34.777027087274774],[111.09521411491012,34.77686424803354],[111.09469346364884,34.776828985981325],[111.0935822366418,34.7767537197411],[111.091214771953,34.77659333104971],[111.09092728690891,34.776574162951874],[111.09054929079667,34.77654895894025],[111.0895262903018,34.776480741853376],[111.08909511764539,34.77714527032603],[111.08891479438265,34.77748343502614],[111.08894191903852,34.777634571881144],[111.08905150530035,34.777753753629014],[111.08919873646987,34.77780866107033],[111.08930303936366,34.77784912669384],[111.08953626491483,34.77797072408014],[111.08969676155652,34.778055690596396],[111.0898412171059,34.77812721059706],[111.08983594322909,34.778134883736605],[111.08965910672366,34.77842128940676],[111.08961023759846,34.77849740039094],[111.08949406605196,34.778667460449334],[111.08947860863576,34.77878414478299],[111.08953649097822,34.77889999997717],[111.08968285226301,34.77899590656073],[111.08978176641318,34.77903732041832],[111.08987277397107,34.779078510171374],[111.09005715154673,34.77916710028295],[111.0901599815569,34.77921849231295],[111.09052149260152,34.77941847086945],[111.09057635232362,34.77944694094655],[111.09067818890655,34.77949441842608],[111.09096833126657,34.77962215974309],[111.09105813039552,34.77966312144983],[111.09114468079011,34.7797063489774],[111.09126592880952,34.77977179647572],[111.09131500747243,34.77980128554593],[111.09210961766348,34.78019772089268],[111.09242580823431,34.780373510603184],[111.09284755839735,34.78055983229055],[111.09285057637736,34.78056314269124],[111.09285059448167,34.78057930145443],[111.09285063136905,34.780612224731485],[111.09282184984536,34.780668728483],[111.09281008845551,34.780691816394835],[111.0927888324077,34.78071631234264],[111.09274268943871,34.780803044758045],[111.09269956775083,34.78086291176762],[111.09264326500444,34.78095143487949],[111.09260845994505,34.781017567575766],[111.09256939364,34.78117045844076],[111.09272997655563,34.78129003339449],[111.09286258903268,34.78134442738362],[111.09308767857927,34.78142839179486],[111.09318340684074,34.7814656605958],[111.09367354298946,34.7816607536765],[111.09374523943194,34.78169048035196],[111.09387256117901,34.78174217576818],[111.09491829390939,34.78206611422174],[111.09535883747172,34.782205410889084],[111.09667192466713,34.782620588429154],[111.09710040475397,34.782768324701195],[111.09712060828211,34.78278328650059],[111.09709460026373,34.78290186769456],[111.09706085985891,34.78304164822013],[111.09706110361994,34.78324975595766],[111.09736968391445,34.78339782567919],[111.09938936016601,34.78394686164589],[111.09984621464044,34.78406977252056],[111.10098715232584,34.78437671597048],[111.10099391593958,34.784391538636164],[111.1010416102794,34.784509101263865],[111.10104169393222,34.784577701579195],[111.1009609574509,34.78472786587848],[111.10081043535693,34.7848330802855],[111.10050662805028,34.78501474756948],[111.10033971356634,34.78514853535371],[111.099904257242,34.785536749801885],[111.0998480300493,34.785576311257884],[111.09954220082258,34.785791493279795],[111.09935457896455,34.78590647779361],[111.09914274099471,34.78597546541841],[111.09881884832258,34.786105862432116],[111.09871811958794,34.786208471979435],[111.09855177978743,34.786377919495806],[111.0984551381638,34.78664173181543],[111.09850219726304,34.786885846417825],[111.09908721746093,34.78711558119052],[111.09939869052943,34.78720088141059],[111.0996587676184,34.78708711305414],[111.09978719154215,34.78689004874625],[111.09984950207638,34.786797808170554],[111.09993176931023,34.78667602714489],[111.1000588290956,34.7865962629503]]],[[[111.34014337156124,34.83820605895093],[111.33973784653134,34.8379849578526],[111.33965777127976,34.837922281632636],[111.33964868457335,34.83784523262486],[111.33978050758776,34.83740978926912],[111.33980909919637,34.837207702490666],[111.3397199133321,34.837061980333544],[111.33971732345539,34.83705880201105],[111.33977770790264,34.836992878781786],[111.33996157524061,34.83710892177859],[111.34030615241197,34.83732576951082],[111.34055572356036,34.837489119944024],[111.34072052039492,34.837642694559634],[111.34071254883054,34.8377165985],[111.34105433204134,34.837866987029194],[111.34127222998582,34.837789325882746],[111.34143419432634,34.83760116434308],[111.34153383505152,34.83752310265384],[111.3416475934942,34.83751106318375],[111.34182646379926,34.83754454174146],[111.34209633405393,34.83765476461807],[111.34269088023444,34.83806751069786],[111.34341986736985,34.83858547988476],[111.34366657099841,34.83868623592465],[111.34379746556594,34.83867756865117],[111.34397116021542,34.83866606700035],[111.34408790489613,34.83847203640516],[111.34407733231753,34.83824909195615],[111.34379403901657,34.83785338067824],[111.3436125100692,34.83759981271844],[111.34331338465782,34.837161021012015],[111.34300691228195,34.83686847288532],[111.34271054689587,34.83673311894749],[111.3424750116903,34.83665304098939],[111.342348577114,34.8365454422539],[111.34229783978661,34.83645131098797],[111.34228593985644,34.83632482366621],[111.34228548299208,34.83621444104517],[111.34229040322089,34.83612742025672],[111.34233616400383,34.83603222600697],[111.34238472840633,34.83598656581481],[111.34255879029051,34.835933862063825],[111.34274686035775,34.835904260295436],[111.34317425628278,34.83593658030165],[111.34347922484378,34.83597567154206],[111.34371706217259,34.836030931771454],[111.34378654965721,34.836051848056435],[111.34418670457578,34.83617229314669],[111.34447247075664,34.83626553206446],[111.34476503474035,34.83628596552843],[111.3450274777714,34.836285221451185],[111.34520663725151,34.836136599291265],[111.34520576336159,34.835927243920935],[111.34506178725108,34.835792617853656],[111.34454840920029,34.835644168002524],[111.3440220194174,34.83549922677736],[111.3437839837825,34.835434601225096],[111.34357366937287,34.83537750204646],[111.34316025935063,34.83528236221308],[111.3427258259358,34.835243081511564],[111.34238944258915,34.83527784124658],[111.34185417991189,34.83536888829422],[111.34157571840797,34.83545859743952],[111.3413070978509,34.835642126035424],[111.34128661662302,34.83565342127957],[111.34116771682177,34.83572425797481],[111.34101494800312,34.83576406137741],[111.34075203361256,34.83585273621601],[111.3406117907125,34.83587580013999],[111.3404446634427,34.83586693575691],[111.34020804994621,34.83581195234317],[111.33996668588709,34.835753867399],[111.33959628017016,34.83559280551101],[111.33955262084314,34.835566018719405],[111.33953562890628,34.83551763740336],[111.33947525821642,34.835259110614494],[111.3394668142928,34.83518859222766],[111.33950651340807,34.83516950691897],[111.33961116945554,34.835121683845145],[111.3399422940373,34.83504761649521],[111.34065308105313,34.83490320929984],[111.34096855062185,34.83476304619876],[111.34121486611656,34.834607076374084],[111.34172165059539,34.834362893553795],[111.34190935214248,34.83427296956017],[111.34204011936502,34.83417223800495],[111.34213512631604,34.83403911403066],[111.3422324525304,34.83398096211661],[111.34236679595838,34.833942038331664],[111.34240845172191,34.83392320707452],[111.34254610486825,34.83388076101037],[111.34272274060837,34.83380972696391],[111.3429975161312,34.83368878928025],[111.34329946447481,34.83355589020711],[111.34373809915127,34.833337363112626],[111.34377522106162,34.83332649907562],[111.34415089449695,34.83321655287087],[111.3445105812898,34.833152625916846],[111.34466163082918,34.833155654943],[111.34478281522254,34.83319703747239],[111.34505063503954,34.83332660922214],[111.34530940523095,34.83333919861271],[111.34555942674454,34.8332482276358],[111.34570151239575,34.83310353915757],[111.34595136781287,34.83281892765171],[111.34616411337507,34.83255196522427],[111.34638722791335,34.832215888495476],[111.34681137401276,34.83174408660402],[111.34692685531266,34.83157279189472],[111.34691861364773,34.83149144577434],[111.34702816718428,34.83139677177593],[111.34694746202082,34.83077451934551],[111.34724590116919,34.83032013874888],[111.34723135424315,34.82995527704748],[111.34720079961764,34.829698866434455],[111.34691411589043,34.829684248638344],[111.34486544228842,34.82957977037743],[111.34468587714059,34.829570610808474],[111.34345606476282,34.83061369598129],[111.34345573066591,34.83061405928849],[111.34255767739104,34.83158930511979],[111.34105654092956,34.83229947893448],[111.33948572456605,34.832952589614735],[111.33828332511696,34.833165818102046],[111.33696382117292,34.83303592106771],[111.33432205008798,34.83208921351492],[111.33114401412251,34.83011359428303],[111.32961092289825,34.828629523121705],[111.32691691669996,34.82611824053775],[111.3227413387425,34.82336279635651],[111.3202143913815,34.82207203606012],[111.31629810868671,34.82046048342881],[111.31321775285956,34.819609853406206],[111.31219991686073,34.8196506293945],[111.31062724688095,34.81980729400678],[111.30724797883045,34.81943427486344],[111.30432815689221,34.81816325427008],[111.30126912752728,34.81675894827991],[111.29820896523114,34.81501112711947],[111.29283011319691,34.811742430423934],[111.28928131374457,34.80907971613455],[111.28719517302314,34.80788261635806],[111.28629240386252,34.80771302350151],[111.28478858541014,34.80765931173637],[111.28370239773416,34.80796712959928],[111.27859507551503,34.809467170194914],[111.27635453630475,34.810483520884645],[111.27132026475729,34.813185131999134],[111.26649332528855,34.815714360605924],[111.26145690507533,34.81793856720212],[111.25771459115965,34.81975915108064],[111.25223599648248,34.82129703212531],[111.25057320106546,34.82144489580223],[111.25019716038872,34.82142181931747],[111.24938601556752,34.820970334649104],[111.24802367714906,34.8199475694472],[111.24648593641156,34.81828119310025],[111.24515097172568,34.816709788854915],[111.24346658219882,34.81430431827866],[111.2431458896556,34.81342250784193],[111.2423909508076,34.81237461231484],[111.24128673169506,34.810540353413316],[111.23962735416804,34.80670377363391],[111.2389564450093,34.804677837118234],[111.23782157397795,34.802175801803564],[111.23639750399651,34.79962661686382],[111.2353918788667,34.798206149870865],[111.234140271112,34.7964381443672],[111.2335816999297,34.79564908659612],[111.23163841301584,34.79343473981831],[111.22966942635392,34.792341365614256],[111.22637023342125,34.79110733944191],[111.22391138894072,34.790563334038275],[111.22174352619462,34.79071040362205],[111.22012488214934,34.790832592144845],[111.21764024617444,34.791457163223065],[111.20989924018708,34.794213523815635],[111.20732984051403,34.79569663613113],[111.19724797676952,34.799219360137506],[111.18927348634243,34.801640884460404],[111.1849680884677,34.80288770977413],[111.18124200338232,34.80465822366416],[111.18005664613909,34.80473153360067],[111.17546250025664,34.80631235084279],[111.17190841490736,34.80753377878811],[111.17075236586143,34.80782160694524],[111.16451312940869,34.811169214256374],[111.16018052657299,34.81375080356689],[111.15968956191361,34.814085350015915],[111.1578399745169,34.814707864697525],[111.15480464846877,34.81530801602199],[111.15277145201364,34.81519610573379],[111.15017803639161,34.813930509487456],[111.1466690560736,34.81162610120724],[111.14419064971084,34.8098641562158],[111.14144519443778,34.80744420814412],[111.14050648696784,34.80636726997185],[111.13962489514853,34.804851417452824],[111.13796724893325,34.802630476276406],[111.13676135755206,34.80078106719052],[111.13546318535253,34.79904622855621],[111.13380569022753,34.79677752807135],[111.13305781485433,34.79557153006575],[111.13102928907472,34.79260438542671],[111.13082627246037,34.79219915072248],[111.1299064651464,34.79007031528355],[111.12882801092078,34.78813959696089],[111.12781956303846,34.78658085732881],[111.1266372884119,34.78475039795884],[111.1259765307413,34.78366351402829],[111.12509029215987,34.78256254824139],[111.1241168193564,34.781103911076734],[111.12317717692855,34.77904420640761],[111.12211206333518,34.77713487576357],[111.1216063168949,34.77523213314446],[111.12095649050289,34.77350974130204],[111.12069293343892,34.772264461591234],[111.12033291591251,34.77245814747127],[111.12032644941281,34.77246157293543],[111.1168943304674,34.774251647520764],[111.11635699231232,34.77453188977333],[111.11536754595419,34.775132551762674],[111.11418720627047,34.775977346827595],[111.11384439933175,34.77629000945426],[111.11384335951003,34.776290955110646],[111.11369494356525,34.77642555082906],[111.11355819995515,34.776558386729874],[111.11342702174501,34.776694990616996],[111.11330156167377,34.776835203716765],[111.11318196483164,34.77697886365683],[111.11306336411347,34.77713227947771],[111.11305736038621,34.777139875877104],[111.11304552182159,34.77715394445246],[111.11290575230284,34.77731347694811],[111.11277592645501,34.77747092140357],[111.11265158953925,34.77763135424019],[111.11253284190522,34.77779464467648],[111.11241978062542,34.77796066013077],[111.1123124984025,34.7781292662222],[111.11221108138312,34.77830032587116],[111.11211561243644,34.778473700197736],[111.11202327497001,34.77865492650023],[111.11191926280638,34.77885973367945],[111.11182423947129,34.779061469496455],[111.11173563572267,34.77926518515985],[111.11165351259253,34.77947074000656],[111.11157792456349,34.77967799608295],[111.1115089250203,34.779886810027016],[111.11144655970301,34.78009703938422],[111.1113908721683,34.78030854170106],[111.1113423099941,34.78051938935086],[111.11129229499922,34.78078591693151],[111.11124870544407,34.78105614252436],[111.11121210111465,34.781327072024006],[111.11119642174734,34.78147087020789],[111.11162333767477,34.781479204301256],[111.11170056989553,34.781438554445685],[111.11213955479667,34.78114240819554],[111.1122550404645,34.7810373607825],[111.11287942769802,34.781036783421804],[111.11334198837368,34.781074514153],[111.11358490955142,34.781150608775434],[111.11358538028739,34.78149405118437],[111.11371271487356,34.781598873274255],[111.11416365104054,34.78158891154158],[111.11470693027219,34.781464379616835],[111.11501921761504,34.781530865409245],[111.11533158621297,34.781654591093385],[111.1156320195948,34.78151120461489],[111.11603674269398,34.7815298997669],[111.11641851562106,34.7816726367417],[111.11653409049919,34.78163436564604],[111.11695181285953,34.782042066371844],[111.11745125697618,34.78255035775484],[111.118135398581,34.78324660587332],[111.11939227118432,34.78443047792791],[111.12044167540323,34.78527702369956],[111.12190927791909,34.7865764842623],[111.12217627659042,34.78681919103079],[111.1223948709168,34.78689616856342],[111.12296853590497,34.787092558455306],[111.12391646060506,34.78764794107036],[111.12453067944509,34.7882769448706],[111.12481834448974,34.78899491323072],[111.12481864460742,34.78919411100593],[111.12485346417843,34.78938368683426],[111.12477651442904,34.78951093542319],[111.12468597667045,34.78962605944008],[111.12462629942583,34.78967445257002],[111.1246253128797,34.789675252232875],[111.12457798868901,34.78966313609497],[111.1241447130704,34.790212779626984],[111.12374178800069,34.790859039410016],[111.12347965480313,34.79144396348234],[111.12305874268752,34.79232538819628],[111.12288998807932,34.792593246975244],[111.12276963680112,34.79279225270462],[111.1226310777454,34.79297148972718],[111.12241471288397,34.793139427223174],[111.12225716333487,34.793286583575956],[111.12216739572253,34.79335264996285],[111.12201115352399,34.79347252250175],[111.12196100239571,34.79367006343076],[111.12197162449804,34.79378212010629],[111.1219988347374,34.7939267192042],[111.12212285124365,34.79402868891322],[111.12214547252142,34.794088101804654],[111.12219353225358,34.79419661978771],[111.12219371973313,34.794303705699],[111.12220286766447,34.79439838186962],[111.12220720405072,34.79444095757553],[111.12224189239043,34.79489879290125],[111.12222581913429,34.79514721869112],[111.12218419489149,34.79545944239706],[111.12220907803818,34.79582067314267],[111.12226173309611,34.79648317777282],[111.12224341613519,34.7968166865165],[111.1221318932427,34.79708841582243],[111.12199108013985,34.797253611149664],[111.12189008965109,34.79739968442645],[111.12186812825887,34.797422365233224],[111.12182075217328,34.797449768738765],[111.12168304927357,34.79744862648265],[111.1214577813436,34.79742657487604],[111.12127130866277,34.797496658174644],[111.12112276838417,34.797668490079204],[111.12092718221854,34.79797940336116],[111.12075451393864,34.798349437972085],[111.12074568499001,34.79867133760253],[111.12125518260042,34.79947495782499],[111.12185708715162,34.800146433599906],[111.1219907038079,34.800421741634906],[111.12249466691675,34.80075810947749],[111.12256982316954,34.800980125583784],[111.12257837702832,34.80119017668293],[111.12223434616806,34.80232326251503],[111.12196486691094,34.802924949604666],[111.12185076143622,34.80330961798445],[111.1219850192374,34.80356712595483],[111.12226268957916,34.80369268081812],[111.12236749372259,34.803804186504266],[111.12259335754537,34.80391420186649],[111.12289158759035,34.803995812378666],[111.12300419198202,34.80399808465676],[111.12398354544983,34.80421790882272],[111.12471131767097,34.80437538642343],[111.12479740657842,34.80442152347103],[111.12479650495489,34.804423676966934],[111.12477977672643,34.8044518479138],[111.12474856998853,34.804465853591815],[111.12463456289224,34.80449485794524],[111.12454914928043,34.80452058334265],[111.12446501750678,34.80454775683923],[111.12435874654459,34.804581945153664],[111.1242296114697,34.80462075211405],[111.12405490442003,34.80469867709236],[111.12387074568562,34.804767530618136],[111.12382184632494,34.80479008592729],[111.12376824890973,34.80482002044416],[111.12371263530467,34.804864679744654],[111.12366044119734,34.80491376237784],[111.12364364041744,34.804936120036345],[111.12361068356685,34.804892965978574],[111.1234806007852,34.80481274889828],[111.12330275576363,34.80475244358803],[111.1230928861143,34.804731648642004],[111.12275045745119,34.8047545721719],[111.1222814667231,34.80485678845937],[111.12185654833425,34.8049234801528],[111.12153338507497,34.80494098691885],[111.1213465982343,34.804898428364005],[111.12106194047558,34.804846594942205],[111.12086220182736,34.804906676058],[111.12049691034903,34.80504206165825],[111.12000054276311,34.805271780214355],[111.11987909172267,34.8053279875501],[111.1194461723147,34.80556645081755],[111.11936569634368,34.805782904632444],[111.1193658809188,34.805910929241264],[111.11962467613805,34.80678990384535],[111.11975544268157,34.80739311785624],[111.11977466440608,34.80754963173075],[111.11990738316196,34.80765874127373],[111.12055117869845,34.80780174782899],[111.12114638018754,34.807889426562824],[111.12153229330903,34.808026927955176],[111.12180259426894,34.80836706575724],[111.1219392200847,34.80866636781887],[111.12198033864088,34.80870017009281],[111.12199743033736,34.80874536053274],[111.12198253640905,34.80881955709498],[111.12188980239334,34.809028373568516],[111.1217531054171,34.80944190926039],[111.12171449781798,34.809566260579636],[111.12167382279856,34.80959650123008],[111.12104932804239,34.80978133549281],[111.12035002307744,34.80999708143339],[111.12021710957214,34.81017679461247],[111.12019355384604,34.810379916588104],[111.12016958109335,34.81087329147087],[111.12014743512432,34.81114732781622],[111.12010714571153,34.811250673776776],[111.1200627875342,34.811295459076426],[111.119933460933,34.81133138523565],[111.11958087854927,34.81143859717786],[111.1194052628933,34.81152395655134],[111.11933566549872,34.811729725860594],[111.11936192013998,34.81189584002679],[111.1194340969327,34.81220818463917],[111.11964334542039,34.81276292263233],[111.11990285606377,34.81299309839451],[111.1201359751124,34.81305131232287],[111.12030853973442,34.81300668787068],[111.12064016977125,34.812822459166426],[111.12097551984203,34.812511870623155],[111.12103381704178,34.81246372870556],[111.12105414936043,34.812434780410584],[111.1236975281056,34.811061619928694],[111.12451371908608,34.81068089965353],[111.12493220144543,34.81042020637896],[111.12946357133191,34.80806596555174],[111.12949763981973,34.80816096688613],[111.12943246514668,34.809439227209154],[111.1293186775992,34.81046632382138],[111.12938246693155,34.81061465077179],[111.12926915131263,34.81113631484839],[111.12923040434987,34.811515396498386],[111.1291264239151,34.81253264237328],[111.1289716022698,34.81324702202302],[111.12880076548214,34.814378225956105],[111.12876323891479,34.8151991276528],[111.12876753633114,34.815277693617475],[111.12878494096144,34.81559589099047],[111.12886514040107,34.81576614283764],[111.1290342946021,34.81612523226058],[111.12907744908209,34.81618052134542],[111.12926977546832,34.816426924913465],[111.12957348113446,34.816816021784845],[111.12972173177317,34.816982213609215],[111.1297464315955,34.81701227994094],[111.12968667194356,34.81711640961142],[111.12968655897811,34.81711825581917],[111.12967824627465,34.81726866941494],[111.12974592916603,34.81742941778638],[111.12985894792108,34.81753981096261],[111.12991076452734,34.81759150017767],[111.13001352917189,34.81769082042005],[111.13010818878631,34.817752229637264],[111.13017109036886,34.817793075546575],[111.13026201593958,34.81785136435137],[111.13039542140369,34.81790808959769],[111.13052005114933,34.81793635308532],[111.13057452359094,34.817948706152535],[111.13061746006981,34.81798719262957],[111.13078012470885,34.81813297416131],[111.13091874355355,34.81821316773716],[111.13100371060061,34.8182719158025],[111.13106733185107,34.81830976328215],[111.13109258320685,34.81833209103859],[111.1313531275553,34.81853445414879],[111.13147467635287,34.81866116923155],[111.13159420278167,34.81881153846255],[111.13174125080164,34.81895421219021],[111.13185956553576,34.81909950842999],[111.13200106782006,34.81931851649656],[111.13207774138672,34.81941471464101],[111.13216018590131,34.81951815109511],[111.13228237986888,34.81967002749073],[111.1324485997455,34.8198314459378],[111.13272979266152,34.82002327042472],[111.1330382992089,34.82021125954388],[111.13322672595338,34.82035782264163],[111.13341413445659,34.820487998938916],[111.13362860733761,34.820593033764155],[111.13381179076717,34.82068775354412],[111.13403981790799,34.82076541135666],[111.13416364865552,34.82080038206297],[111.13438221780542,34.82090402466811],[111.13458916041985,34.82099474902457],[111.13481916123874,34.82160991796717],[111.13473388137572,34.82193208409372],[111.13456002004278,34.822278883593235],[111.13432131402637,34.82259827317534],[111.1342446683451,34.82281441647698],[111.13422401537201,34.82314506703623],[111.13422825316175,34.82335388273961],[111.13419393851233,34.8235652270483],[111.13396245291119,34.82405485246732],[111.1338313712605,34.824332104190745],[111.13418967452537,34.824418578296495],[111.13431415587114,34.82448999115625],[111.1345602246721,34.824632819690976],[111.13485676201864,34.82481124340731],[111.1348559900428,34.824632705858896],[111.13490601248431,34.824271249522646],[111.13494250037292,34.82419230695177],[111.13514298096769,34.823997445950084],[111.13554950210276,34.82369715452654],[111.1356517463482,34.82354764017989],[111.13566676449702,34.82333776103877],[111.13563992286942,34.82317719866904],[111.13572067549171,34.82311582002613],[111.1362243632184,34.82277260276547],[111.13628883824889,34.82272466124056],[111.13631731214755,34.82271952736781],[111.13648649501017,34.82273440565249],[111.13663211691316,34.82273424221092],[111.13680043003514,34.822641515346135],[111.13681904654071,34.82255642033971],[111.13682711042979,34.82251956257552],[111.13812772989603,34.82201724132471],[111.13821163147793,34.82199222569329],[111.13921172859183,34.821694030701046],[111.13963094139356,34.82161007535112],[111.1394724195342,34.821932232356104],[111.13888067907749,34.82261263557951],[111.13818766399511,34.82326930145232],[111.13808675628934,34.82346021631695],[111.13833298910089,34.8236984367495],[111.13836256815357,34.82409192931709],[111.13821871637647,34.82454524357365],[111.13833478353652,34.824771687024885],[111.13855265762967,34.82534383984378],[111.13848099032029,34.825725521897176],[111.13871264909427,34.82589220875765],[111.13887202215591,34.82607090243315],[111.13872812977516,34.82650036682865],[111.13874299181768,34.8267388499002],[111.13880173731,34.82727540925406],[111.13900409700582,34.82721555277136],[111.13926422264342,34.82710793002371],[111.13929378841316,34.82748949652226],[111.1391220953127,34.82858679496297],[111.13909359261507,34.828837252214875],[111.13928157485823,34.8288251124257],[111.13959898825185,34.828383522929755],[111.13998927159628,34.82827574923199],[111.14024988449064,34.828454324490224],[111.14033724122972,34.82880004893053],[111.14048242528116,34.82913378180233],[111.14036723642273,34.82943204009376],[111.13993400741832,34.82980221463855],[111.13993431001451,34.82998108965588],[111.14013707954496,34.83015973161784],[111.14052534103088,34.83055996400903],[111.14072857988788,34.83101287933429],[111.14081608347513,34.831442077957675],[111.14098999574483,34.831656526909036],[111.14153992731406,34.831870538707804],[111.1423932623118,34.831905317969834],[111.14265366451286,34.831952712680796],[111.14307284431304,34.831821044910384],[111.14370918320093,34.831820294885546],[111.14421583990992,34.832093971080994],[111.14453403122805,34.83210551818673],[111.14545955486928,34.83206864003497],[111.14585020535009,34.832163572773105],[111.14653010167228,34.832258155309795],[111.14689212568368,34.83252006882512],[111.14745632872975,34.83261478671443],[111.14794420299847,34.833158769667115],[111.14824536472864,34.83334920300964],[111.14866219331047,34.83352041422249],[111.14903246814649,34.833539041263805],[111.14951816808151,34.83340488468982],[111.15007342519876,34.833346961632145],[111.15042017883326,34.83315573342671],[111.15067454462182,34.833060018219584],[111.1510328004278,34.8330327156473],[111.15126944065179,34.832929118563705],[111.15164293788354,34.83276560523316],[111.15189474286942,34.832581152530324],[111.15204414625542,34.832424743007685],[111.15214656856033,34.832347352636795],[111.15217670133609,34.83232458416076],[111.15257929933556,34.83218291500503],[111.1530023603469,34.83200796496465],[111.15339100024413,34.83179884934853],[111.15345856133739,34.83176249602084],[111.15365538621161,34.831656589122964],[111.15421939873892,34.83123773240288],[111.15460761640979,34.83092971099385],[111.15478676410206,34.83082545085835],[111.15525161778943,34.830554910430045],[111.1556142206215,34.83021080808305],[111.1560544963165,34.82973194285094],[111.15609896161568,34.8296835802744],[111.1561255082545,34.82965350770286],[111.15644485835813,34.829291739367335],[111.15693677197773,34.82864819209399],[111.1570145569215,34.828576346884624],[111.15706937687689,34.82848845737231],[111.1571385614957,34.8283739108787],[111.15717454858071,34.8283143282106],[111.15718474168939,34.82829045748156],[111.15718726421507,34.82828618335233],[111.15721927893942,34.82821521471198],[111.15756719883369,34.827685753586465],[111.1574293096427,34.827523191007565],[111.15775250028766,34.827131631643475],[111.15847974792315,34.82629116555523],[111.15964681955006,34.82556459933617],[111.16070976997989,34.8248476990455],[111.16107963708554,34.824675489850215],[111.1615543331351,34.82519118709184],[111.16278648273416,34.826371340326176],[111.16320296724291,34.82637078236041],[111.1637844096554,34.82614034659537],[111.16375586903919,34.82543332052428],[111.16370507908441,34.82417509602008],[111.163894893389,34.82405484860691],[111.16420130352152,34.8239733447747],[111.16421794630223,34.82361557226563],[111.1640263829046,34.82327238955798],[111.16369614063285,34.82300094428743],[111.16328216423437,34.82279877558161],[111.1627951412913,34.82221748693392],[111.16271284918001,34.821549795615006],[111.1634233417443,34.81813351573702],[111.16369997063832,34.817627522710396],[111.16429994369119,34.81684443228249],[111.16456533617578,34.81651017266867],[111.16447207526998,34.816147778019],[111.16460999411386,34.81569921059507],[111.16479095998062,34.81554947228392],[111.164942159647,34.81554926742342],[111.16519946040803,34.815548918374596],[111.16538087520995,34.815581882576424],[111.16565479283399,34.815567400215315],[111.16583871890482,34.81540149945066],[111.16592379692496,34.815272453053566],[111.16593673843842,34.815225884811646],[111.1662095874467,34.81490795663237],[111.16663257983731,34.814692478453956],[111.16710972352777,34.8149095974772],[111.1673263115517,34.81476023643169],[111.16755311758737,34.8143217869549],[111.16797279870991,34.814344525112816],[111.16808201659398,34.81425832032002],[111.16846934397063,34.814120182691646],[111.16878129361788,34.81397924135838],[111.16897350073556,34.81389239960944],[111.16960223739967,34.81407139580938],[111.16981912455591,34.81407109332034],[111.17010812288505,34.81398125268819],[111.17029509756125,34.813528866569435],[111.17029246946379,34.813501999221735],[111.17052576666188,34.81350261448239],[111.17069503486626,34.81341986480946],[111.17265117358895,34.81314740057998],[111.17276704908234,34.81314723611692],[111.17289774308294,34.81313464258358],[111.17294802899623,34.81314211141695],[111.17350713767998,34.8131413154871],[111.17385494068475,34.812668106241496],[111.17452540984091,34.81246680544024],[111.174791351331,34.812418723824514],[111.17499820644872,34.8127100208874],[111.17513503308177,34.81264786473263],[111.17553181271752,34.81259174815283],[111.17602974038967,34.812549986785065],[111.17645158541887,34.8124927636759],[111.17665707014706,34.81235371062103],[111.1768015462568,34.81230008414752],[111.17692571796584,34.81232642224849],[111.17703930457463,34.81237726782979],[111.17717118378265,34.81253426914373],[111.1774326346133,34.812908069709366],[111.17762425558645,34.813111690836685],[111.17785773548096,34.813175450849435],[111.17811649798205,34.813151373399286],[111.17822606975739,34.81289406781303],[111.17821320434341,34.812709142613144],[111.17808963769751,34.81242094179258],[111.17795345868394,34.812197475996825],[111.17794920180864,34.812139576554344],[111.17797061695497,34.812041521420134],[111.1780581958286,34.8119178920359],[111.17814419667253,34.81188384070264],[111.1781740566541,34.81188379698546],[111.17827925644576,34.81206718708474],[111.17847799965857,34.81242159240802],[111.17862440687301,34.812601883092],[111.17890490506974,34.812697718149046],[111.1791842400056,34.812512876904144],[111.17926295957739,34.812288962544606],[111.17931773294396,34.81209452886995],[111.17935223284094,34.811972060258576],[111.17950882428913,34.81160866393863],[111.17970282724602,34.8112930103205],[111.17974409556983,34.8113586675643],[111.17984137262353,34.81141194770145],[111.17984083534009,34.81141567041712],[111.1799430617877,34.811632569788905],[111.17997106728947,34.81169198897543],[111.18004394247718,34.811954076065696],[111.1800189843783,34.812235083335494],[111.18009234870425,34.81243033912811],[111.18033551831991,34.81253009137294],[111.1809448526892,34.812303026727385],[111.18140614327935,34.8120485912666],[111.18159797352497,34.811872291353794],[111.18172302225538,34.8116306178777],[111.18172480870005,34.81162491469387],[111.18174537691608,34.81146279335279],[111.18176229552365,34.81132942882603],[111.18177714830712,34.81131345619151],[111.18184067705157,34.81128715909264],[111.18220763213247,34.81122084062096],[111.182283695028,34.811199818502836],[111.18238456311728,34.811171939995994],[111.18247588657373,34.81117180308769],[111.18257321454207,34.81117165710222],[111.18268476377733,34.811157699921104],[111.18284651517384,34.81113671554211],[111.18296237348244,34.81111968503523],[111.18305249865969,34.81111097708758],[111.18318176329329,34.81109372068294],[111.18328687493137,34.811044688864875],[111.18327675701202,34.81112531629194],[111.18333800097142,34.81127027170668],[111.18351620756994,34.81151403817569],[111.18352336962552,34.81152886548207],[111.18353686895273,34.811559180267984],[111.18355602223401,34.81162162719311],[111.18355638337535,34.81162775533384],[111.18355409047832,34.81163173130562],[111.1835467387788,34.81163982082966],[111.18353145969701,34.811651204342944],[111.18348272942214,34.811674501751945],[111.18344664194112,34.811698685999666],[111.18276296725574,34.81201419858994],[111.18266704897972,34.812202903116294],[111.18266737127183,34.81234894723839],[111.18260339945266,34.81250807175981],[111.18252886526056,34.81270589788781],[111.18254113852167,34.812872677226366],[111.1826700136888,34.813040165859086],[111.18280540093298,34.81311796692937],[111.18300748163925,34.81315234581666],[111.18324456505977,34.81317719334066],[111.18357677108555,34.81312299204562],[111.18372245224784,34.81312277218119],[111.18405503889423,34.81320655768976],[111.18408316182102,34.8132258008074],[111.18408731730683,34.81323713966208],[111.18407791648532,34.81328613377607],[111.18397090334221,34.813418948847705],[111.18362259492513,34.813671675815],[111.18341819606594,34.81388459413738],[111.18338416806618,34.81396955729741],[111.18333748736198,34.81413028675198],[111.18332509176376,34.814188878113086],[111.18331767009457,34.814449236171946],[111.1832890394439,34.814643542944154],[111.1832220725514,34.81474747443996],[111.18315464769545,34.81482184396509],[111.18293810195644,34.814965588449894],[111.18227273843999,34.8152522444639],[111.18205329891431,34.815371553595206],[111.18199262761162,34.815580346745286],[111.18207235800863,34.81581955793879],[111.18223387418122,34.8159382147355],[111.18243522155369,34.81598398134448],[111.18263366699631,34.81590184020549],[111.18300896699266,34.81569160764308],[111.18352067938402,34.81549874844275],[111.1834891188742,34.81553444947883],[111.1833762762199,34.81568104720972],[111.18334147905885,34.8157531736229],[111.1832962592871,34.815879664391865],[111.18328628464606,34.815964043205796],[111.18329174663118,34.81606190548129],[111.18332855173215,34.81617429542114],[111.18341260866214,34.81624797072234],[111.18348376820707,34.81627717997047],[111.18351167672937,34.81628705789125],[111.18355556543392,34.81630411305813],[111.18361410812683,34.816310916004966],[111.18371241670482,34.816312568634366],[111.18378768467805,34.81628799613632],[111.18387959185713,34.816254357314456],[111.18395762627262,34.81617430060017],[111.18400542654079,34.816069308806526],[111.18405903318192,34.81596013558659],[111.18407448572216,34.81594189292905],[111.18408098016542,34.81593841087613],[111.18408459804442,34.8159359932319],[111.18410064977263,34.815938004329],[111.18411981095036,34.81594291686222],[111.1841349773495,34.8159675213128],[111.1842335393968,34.816092547208875],[111.18429622528066,34.81621998635279],[111.18433513574288,34.81638778962407],[111.18436415465182,34.81657861092424],[111.18436164896117,34.81672310969446],[111.18434731440469,34.81697243321164],[111.18435933149044,34.817154253541545],[111.18455977533442,34.817306167910054],[111.18478832029207,34.81732797316895],[111.18505046418402,34.81725191682091],[111.18517843510786,34.81702070092528],[111.18517805441824,34.816850563256175],[111.18517746716084,34.81658810358017],[111.18507319601572,34.81624141892745],[111.18495557203146,34.81594675855939],[111.18466524658115,34.81551795926081],[111.18444106204271,34.81506595677943],[111.18437915129746,34.81484461038973],[111.18438277266694,34.814834463145864],[111.18440242084975,34.814798559082604],[111.18440642787895,34.81479422894947],[111.1844263164521,34.81477939676436],[111.18447230950011,34.814755210741254],[111.18466471886363,34.8146500047606],[111.18481662074585,34.81455243635145],[111.18487803835076,34.81449142490516],[111.18493242087489,34.81441496044119],[111.1849662421256,34.81434668766761],[111.18504160469477,34.81421433001726],[111.1851175003924,34.81411227148372],[111.18515652788976,34.81409074323631],[111.18528824527795,34.81407606610565],[111.18561832128034,34.8140891626149],[111.18583070633596,34.81395250838901],[111.18587582562495,34.813719218706154],[111.18578111260791,34.81352082610007],[111.18548298514301,34.81340835772083],[111.18539217749266,34.8133680841114],[111.18536075765482,34.813304823279765],[111.18534342076624,34.8131098684875],[111.18536748523566,34.81259005470481],[111.18535434221769,34.81239124538431],[111.18519595712064,34.81208722830507],[111.18512199298542,34.81197452310896],[111.18505821163512,34.811877332769235],[111.18502836647708,34.811678158477235],[111.18499988611075,34.81148808633561],[111.18501092961772,34.8113827082568],[111.18504983000851,34.811376751182955],[111.18512797810381,34.81137842161743],[111.1852422251576,34.81138086274609],[111.18590135944258,34.81148025029657],[111.18599457309499,34.81149430506397],[111.18673262252418,34.81160067688189],[111.18717526394266,34.81166447016743],[111.18747322136228,34.811680944478354],[111.18761905545503,34.811560305795396],[111.18768451214358,34.81143015395988],[111.18768428147158,34.81132841760002],[111.18788558764022,34.8113476206708],[111.18820981114024,34.81134711964021],[111.18841568761184,34.81129456524957],[111.18852276401046,34.81117274424212],[111.1885561973791,34.81097252988207],[111.18855593390457,34.81085686137803],[111.18857166890493,34.81078642967393],[111.18858873461343,34.810672629075206],[111.18859728024798,34.81060311712849],[111.18875128829696,34.81069398294136],[111.18903022868756,34.81074381798197],[111.18924513199511,34.810743483964224],[111.18947076710961,34.81070991410165],[111.18967429644451,34.81064333619842],[111.18968825015567,34.81070027724207],[111.18968889570567,34.81098199024835],[111.18967049695404,34.811232193499755],[111.18963572841888,34.81146007089349],[111.18948326792369,34.81177845824935],[111.18944771452688,34.81184328259687],[111.18939771861783,34.811921300811406],[111.18928175038727,34.81207895752347],[111.18915379024769,34.812266381985324],[111.18910828226562,34.81236007762769],[111.18906948638713,34.812446313573965],[111.18904597362584,34.8125045658415],[111.1890234603635,34.81257312326875],[111.18900436376198,34.812656585600344],[111.18898697277314,34.81272788886944],[111.1889382946527,34.812866526434625],[111.18889593101483,34.813006896600115],[111.18888767165993,34.81308259717373],[111.18888429105625,34.813149602388094],[111.18888600655093,34.8132092775419],[111.18889226983244,34.8132703923979],[111.18891127411729,34.81335563983945],[111.18892015457291,34.81342372573588],[111.1889209677076,34.8134759097719],[111.18891955751324,34.81351026377455],[111.18891281296627,34.81351221678287],[111.18890106951757,34.81351477157997],[111.18889177257333,34.813515616210125],[111.1888840931374,34.81351595263812],[111.18880684447453,34.813507979667996],[111.18868624377772,34.813510098453534],[111.18861509777908,34.813520163918945],[111.18854255740061,34.81353465742376],[111.18848942698605,34.81355498539083],[111.18844618245343,34.813576802477776],[111.1883658471414,34.81363120883815],[111.1882756659792,34.813689775060155],[111.18822989071144,34.81373015600602],[111.18818934775207,34.813773577409336],[111.18815119273206,34.813826074102415],[111.18811444422691,34.81387517029526],[111.18808405295236,34.813920205716755],[111.18805608148286,34.81397054128367],[111.18803957503376,34.81400879376248],[111.1880257997277,34.81404505260815],[111.18801092643719,34.81409690933384],[111.1880003512926,34.814148561106734],[111.187992845282,34.81421565558917],[111.18798890858392,34.81428790963189],[111.18799793222917,34.81434666487686],[111.18801926391521,34.81441172539137],[111.18805742546327,34.8144624833715],[111.18810390897599,34.81450220153465],[111.18816750380051,34.814534109550934],[111.18824897449782,34.81455413454496],[111.18831982336481,34.814550452633014],[111.18836628963699,34.81454409879024],[111.18842084572587,34.81453135493238],[111.18848050858703,34.81450920324367],[111.18852181052812,34.81448460830895],[111.1885611344333,34.81445533089966],[111.18859914168611,34.81441136074335],[111.1886189909634,34.814391166351584],[111.18867348146664,34.814349712594556],[111.18871384028333,34.81431515758192],[111.18871742369487,34.81431401174168],[111.1887260918443,34.81431201970453],[111.18891599968161,34.81428924837513],[111.18908630104654,34.81425897684417],[111.189093648864,34.814258413763525],[111.18910034191379,34.814258772038926],[111.18916608242633,34.81426963820712],[111.18926687370009,34.81427972599508],[111.18932299958895,34.8142725067331],[111.18936064942565,34.814266483523674],[111.1894123341772,34.81425335878772],[111.18945586035355,34.81423851242105],[111.18952081951932,34.8142131429585],[111.1896079587041,34.814171300801384],[111.18965481876815,34.81412945105699],[111.1896871295591,34.814093935643726],[111.18972675100046,34.81403594299767],[111.1897679120901,34.81397496787778],[111.18979941462558,34.81391542572595],[111.18982560997456,34.81385648046502],[111.18984151400355,34.813806601404416],[111.18985175858427,34.81375906762453],[111.18986071263551,34.813697355785514],[111.18986844665403,34.81363456956604],[111.18987922171226,34.81349574831952],[111.18988606836324,34.813366326787225],[111.18987499803936,34.81325874191145],[111.18987246647835,34.81315189368219],[111.1898746971191,34.81311898695203],[111.18988009883086,34.813090552574515],[111.18989017185095,34.81305594346327],[111.18989247331996,34.81304962639959],[111.19004729976281,34.812820761094855],[111.19018537754906,34.81268247917184],[111.19047251855373,34.81244843246846],[111.19080245545292,34.81207365661862],[111.1909837863522,34.811863596106555],[111.19108165555633,34.81167193707714],[111.19109746274017,34.81136568354292],[111.19101449344977,34.81108875289868],[111.19100882205014,34.81096030189155],[111.19104537315117,34.8106740153459],[111.19111976149742,34.81039043307947],[111.19117257800018,34.81026231115172],[111.19124401917708,34.810084746440964],[111.19128355450079,34.8099690252949],[111.19130548583902,34.809959061788796],[111.19132854223126,34.80995922565338],[111.19146404556388,34.80991011374648],[111.1916513759722,34.80990981886217],[111.19213199579697,34.80993296096315],[111.19257884503439,34.809956121260896],[111.19278593981923,34.80997746144203],[111.19279859828323,34.80999499003556],[111.19281216578096,34.81006167016809],[111.19280972408382,34.810139504471394],[111.19276652084378,34.81026087113703],[111.19265675673533,34.81055362186847],[111.19249253180976,34.810942809439005],[111.19248423860368,34.81116037690149],[111.19251930474216,34.81132892380984],[111.19251853993222,34.81134688380561],[111.1924168717115,34.81140906339998],[111.19196242392005,34.81164919285012],[111.19185679862015,34.811824124735196],[111.19191131045037,34.81203182812242],[111.19211198042406,34.81212046979467],[111.19250424910376,34.812150633010056],[111.19285914464707,34.81218766705162],[111.19285236867897,34.812197157013735],[111.19262948213094,34.81231727132258],[111.19238240802213,34.812553959493286],[111.19220679771051,34.81281966334526],[111.19210112455531,34.81300500135701],[111.19204767520172,34.81317044838931],[111.1920373810904,34.81318051354795],[111.19186869277544,34.81327483270811],[111.1913876877809,34.81346925530193],[111.19121335452336,34.81359545266077],[111.19120090507445,34.81368411411921],[111.19116384035898,34.813717106246315],[111.19121773000444,34.81392062921985],[111.19088258059534,34.81385695163751],[111.19069368617616,34.813841683168505],[111.19045840228864,34.813964664066305],[111.19040809782516,34.81415289667028],[111.19046350815007,34.814341584896184],[111.19060684484536,34.81447046840808],[111.1908421953917,34.81468208484208],[111.19110465166965,34.814798966107],[111.19126974584324,34.814790703099476],[111.19145905727427,34.81475516117941],[111.19146162051774,34.81475431252585],[111.19146580645815,34.814839766745116],[111.19147750083313,34.81517075301046],[111.19156015457456,34.815633775945805],[111.19157143141342,34.815829962499116],[111.1917401356346,34.816085462581746],[111.19193999950993,34.81619090078501],[111.19219500756714,34.816253506754826],[111.19257317982132,34.816212248986474],[111.1927379292915,34.815889618135884],[111.19273653193125,34.81528957305525],[111.19275278973768,34.81471690008569],[111.192834235319,34.8143230913754],[111.19293615851588,34.814148996582574],[111.19304444505025,34.814051048072294],[111.1932863987758,34.81398415530339],[111.19346289190774,34.81397781375236],[111.19359697246581,34.81398262315925],[111.1936713227159,34.814019225557345],[111.19382299782474,34.814297519523656],[111.19397720879431,34.81459690131802],[111.19425959072375,34.814636908789105],[111.19446273781823,34.81461266090732],[111.19477016515323,34.81444120794719],[111.19510377917192,34.814232869825254],[111.1953038444826,34.8139925351472],[111.19563854948368,34.8135225101668],[111.19576686628041,34.81316272529463],[111.19573187933757,34.81292634549544],[111.19555087390674,34.81279261765832],[111.19521482709875,34.81277238875248],[111.19455746834258,34.81275766327472],[111.194148182511,34.812722055072406],[111.1942165046116,34.81263117320956],[111.19438519034686,34.81231173638743],[111.1944097992601,34.812291376598814],[111.194558645164,34.812287909858654],[111.19513480216976,34.81230856885312],[111.19547452393762,34.81227103606936],[111.19584839724473,34.81228510625521],[111.19625132137176,34.81233343608922],[111.19660095919973,34.81231624610801],[111.19679355420445,34.812315934792615],[111.19716155655746,34.812333177088966],[111.19716920788647,34.81233073719601],[111.19714183206005,34.81234961289556],[111.19705370866676,34.812544443850136],[111.1970365595115,34.81271074199944],[111.19709717158622,34.81307176016426],[111.1971228576034,34.81349376291832],[111.19712125905302,34.81352056711087],[111.19712786253189,34.81357602733916],[111.19712094020974,34.81358769647951],[111.19710439172773,34.81361247237943],[111.19708675315998,34.813634786491015],[111.19706535197055,34.81365866342733],[111.19702720033305,34.813696416734984],[111.19698708706069,34.813731065146854],[111.19687506702391,34.813808054620296],[111.19673969041757,34.81390996425646],[111.19668676478703,34.81395362754447],[111.19663113971615,34.81400474982581],[111.19658692808973,34.814053444176004],[111.19654835015594,34.814099633408055],[111.1964695156984,34.81420090063695],[111.19638541635733,34.81430959220407],[111.19635362594781,34.81436056952079],[111.19631997696816,34.81440995974161],[111.19625909849856,34.81452236091027],[111.19620260191004,34.814619684321606],[111.19616141980688,34.81468375978128],[111.19611696937719,34.81474956398833],[111.19608528651169,34.81478933113447],[111.19604976741961,34.81482915763612],[111.19595787258164,34.81492063913548],[111.19586405724472,34.81501722743408],[111.1958185652053,34.815074428354585],[111.19577742970996,34.81513070461393],[111.19575338802046,34.81517436969],[111.1957290215864,34.81522353658303],[111.19571446383608,34.815280232488796],[111.19570694594645,34.81533137971408],[111.19570509552968,34.81539932639812],[111.19570373795788,34.815450133798514],[111.1956996390801,34.815475936013435],[111.19569399001168,34.81550667954135],[111.19568211863196,34.81554483815064],[111.19566772093371,34.81558651631618],[111.19565080118312,34.815626123491434],[111.19563180421687,34.81566596927147],[111.19555912076152,34.81580104506253],[111.19547882299355,34.81594662814484],[111.19542856694639,34.81605151028283],[111.19538662442265,34.81614867470718],[111.19530119138516,34.81630779515746],[111.19521204498774,34.81646639778301],[111.19518144541453,34.81651270807657],[111.19514291406092,34.81656648934008],[111.19510976239862,34.81662305633251],[111.19510906958129,34.816624507810296],[111.19508196174087,34.81668136437127],[111.19505925191656,34.81674000227071],[111.19505066837252,34.8167621672518],[111.19502461257618,34.81684527925096],[111.19499579194367,34.81694809055606],[111.19497247547338,34.81704945528615],[111.19496491823404,34.817123596552314],[111.19496359120072,34.817134677894316],[111.19494493139182,34.81713883444062],[111.19490061627135,34.81714703253271],[111.19478814248959,34.81716033714904],[111.19464984046412,34.817178071039706],[111.19456145499363,34.81720053127997],[111.19447852838798,34.81722643692985],[111.19442591649155,34.817249659270345],[111.19437660862431,34.81727330538066],[111.19432463984472,34.81730418321628],[111.19427043238966,34.817336855703125],[111.1942201448535,34.81737437238965],[111.19417237570528,34.81741567726321],[111.1941092346909,34.817480388283265],[111.19405244386708,34.81754039731031],[111.19397555228066,34.817624559153],[111.19390289892293,34.81771045300985],[111.19386776125816,34.817764310481415],[111.1938400919613,34.817819506355406],[111.19381607795863,34.81787902766926],[111.1937911049391,34.81794257529514],[111.19377480554004,34.81800497062347],[111.1937595344579,34.81806821974838],[111.19374395597842,34.8181640489743],[111.19373051948943,34.818259287067946],[111.19371991141706,34.81837588043507],[111.19371275505387,34.81848265737234],[111.1937129704693,34.818608770406065],[111.19371316169268,34.8187245479247],[111.19367119762835,34.81886671728284],[111.19364918904989,34.819006638301964],[111.19364957038728,34.819169597036435],[111.19378584778833,34.81929163630716],[111.19393697226411,34.819335317557076],[111.19414551234419,34.81933498498943],[111.19429379340535,34.81923684361992],[111.19440368277738,34.81908018898617],[111.19445064818008,34.8187946216252],[111.1944700478963,34.81866468232004],[111.19447509891347,34.81860939897045],[111.19448080894657,34.818584782290515],[111.19448950363312,34.81855116388022],[111.19452840861011,34.81842791248176],[111.19456904796074,34.8182962364342],[111.19459910473807,34.81821436029325],[111.19463090994464,34.81812815728979],[111.19466351447066,34.818051878409115],[111.19469532988525,34.817986794474656],[111.19471257535314,34.81795933250557],[111.19471599833294,34.817954541449204],[111.19480214887062,34.817914232276955],[111.19510337526039,34.817883346036815],[111.19521175552656,34.8178806915304],[111.19520298668093,34.81793276195025],[111.19520102812895,34.818005105843376],[111.195201121705,34.81806887404708],[111.19520912700568,34.81811893896272],[111.19522118208417,34.81816813563327],[111.19524816438948,34.81822561302818],[111.19531054314724,34.81829146267708],[111.19538836509429,34.81832343689743],[111.19545742428633,34.81833548057699],[111.19551486793024,34.818332237865086],[111.19555783624308,34.81832509726395],[111.19560753772133,34.818310168470035],[111.19565627829363,34.81828825257986],[111.19570668733905,34.818255939843624],[111.19574958714772,34.818224482885654],[111.19579365918622,34.81818632746143],[111.19584746708468,34.81813494530586],[111.19588356390784,34.81807534825763],[111.19591358005964,34.81802583513207],[111.1959509930497,34.817954350870444],[111.19598180334754,34.81788436455577],[111.19600451548742,34.81782638812602],[111.19602304606636,34.81776117020074],[111.19602878003448,34.81772011351513],[111.19603438704333,34.817678064582516],[111.19603430695898,34.81762210796272],[111.19602657305673,34.81756960435023],[111.19599270232598,34.81742814675412],[111.19596116830766,34.81728381349355],[111.19596005966844,34.81726428625793],[111.19595914974246,34.81724974619698],[111.19596017759186,34.81724161653872],[111.19596179369992,34.817233119059686],[111.19596646607428,34.817221023643086],[111.19597565509048,34.81720307441452],[111.19598465120265,34.81718859321551],[111.19598912953116,34.8171827151269],[111.19602612712352,34.8171478485301],[111.19606910817859,34.817106688559804],[111.19612752562301,34.81706504667983],[111.19620986156696,34.817004204957975],[111.19625222427271,34.81696738530143],[111.1962914019442,34.816929647725445],[111.19636773547894,34.81684510672374],[111.19644202857108,34.816764393645094],[111.19646808504365,34.816728218602826],[111.19649003259325,34.816696512163794],[111.1965180895898,34.81664806931113],[111.19654232516574,34.81658800625272],[111.19654718942384,34.81654354181179],[111.19654713780626,34.816490511109706],[111.1965333347287,34.816456603473064],[111.19652633538145,34.8164336703162],[111.19650201002678,34.81639284062413],[111.19649517046486,34.81637781526742],[111.19670040321033,34.81593549223103],[111.19695044633718,34.815433583473066],[111.19719911917596,34.81511289025945],[111.19731228044543,34.81487168625275],[111.19731621237729,34.8148682301843],[111.19740785318545,34.81486336086883],[111.19758718217756,34.81486306980806],[111.19759685981316,34.81499235762145],[111.19758634882034,34.81524422747986],[111.19756401595056,34.815551907429125],[111.19762559386318,34.81588116063922],[111.19766319128132,34.816076925252474],[111.19778295452566,34.81629781830441],[111.19793554339286,34.81653247733572],[111.19799968269821,34.816684203583634],[111.19813639849411,34.81683774245314],[111.19841622424622,34.8172340307275],[111.1985393087769,34.81754435083377],[111.19857656275572,34.8176358479238],[111.19856789900085,34.8177062251215],[111.19849987608086,34.81791519970409],[111.19846353326255,34.81818451965405],[111.19853547650446,34.81846824502987],[111.19862836068172,34.81872748816478],[111.19870638113557,34.81891380810919],[111.19891053995893,34.81910930281485],[111.19913805828152,34.81940808197818],[111.19926554062774,34.81955454142756],[111.19971586657336,34.81985372960156],[111.1998957610837,34.820038279681924],[111.19994614420813,34.82013119699346],[111.1999295848987,34.82028468535504],[111.19993015707433,34.82052150328724],[111.20017865651518,34.82100284058846],[111.20032747353673,34.821358980878365],[111.20050650478557,34.82153856015771],[111.20059834210744,34.82154505486367],[111.20062146975678,34.821550729855616],[111.20078512619578,34.821576815265836],[111.20087150348876,34.82159356508071],[111.20089978420884,34.82163359589071],[111.20095672613625,34.8217163655927],[111.20099764529304,34.82178263442106],[111.20101986701248,34.82181130845587],[111.20113290952594,34.821956946917844],[111.20128347439808,34.82221364066132],[111.20151330487087,34.822546343072254],[111.20156077128644,34.82262157256933],[111.20174998803672,34.82282859719224],[111.20196561095459,34.82293471826078],[111.20219705885225,34.82293433384955],[111.20241906307412,34.82278404256087],[111.20243941705726,34.822630260969554],[111.20238565583969,34.82214654496132],[111.20230752479428,34.821378685209964],[111.20227297749086,34.821132729458185],[111.20226380974617,34.82093898883164],[111.20215131656086,34.82066274726153],[111.2018660795408,34.82053278345954],[111.20161589474255,34.820464522692724],[111.2014995522812,34.82040276163337],[111.20141221027629,34.82028334796743],[111.20134633940172,34.82008810559792],[111.20137087250578,34.81995145928028],[111.20142105199857,34.819710832717],[111.20135886247974,34.81952439821165],[111.20115682555421,34.81937365184557],[111.20092621987037,34.81931705664946],[111.20089904159379,34.81930219042927],[111.20087018760854,34.81926161609805],[111.20084631347225,34.819138615065796],[111.20083483837983,34.81885423604338],[111.20072967247243,34.818378232437645],[111.20070277337098,34.81832915996096],[111.2006877312358,34.81825028448279],[111.20061960051711,34.8180885885914],[111.20043010982168,34.81793608687911],[111.20002956834449,34.817832615277915],[111.19992458138954,34.81778701158961],[111.19988129779676,34.81776425993462],[111.19985657341516,34.81774868634677],[111.1998368177284,34.81771766256239],[111.19979779136398,34.817591642116724],[111.19977932225521,34.81755067637624],[111.19977426747795,34.81748608973056],[111.19981927659435,34.81738156960213],[111.20002355579246,34.817337931194004],[111.20021076378765,34.81723945088471],[111.20032228130788,34.81712807767747],[111.20033437784723,34.81711599691358],[111.20035296893023,34.81685646965931],[111.20015903091563,34.81667144837639],[111.20010640268099,34.816604381784764],[111.20005413991649,34.81651529315152],[111.20003553452737,34.8164775871608],[111.20004546045861,34.81634618419696],[111.20007665773147,34.816192449005975],[111.20007905649663,34.81595765689569],[111.2000076486964,34.815761082359984],[111.19994103194485,34.81562565328877],[111.19977897060114,34.815427222796885],[111.19963069153671,34.81533352221063],[111.19945582868353,34.81528397997623],[111.19937412262303,34.8152693001223],[111.19933480824326,34.815252996747255],[111.19906980731231,34.81517916168132],[111.19892393219101,34.815137441455526],[111.19892972647945,34.815129883583744],[111.1989306153589,34.81512909429907],[111.19896774331535,34.81511070704814],[111.19906192327544,34.81506266565891],[111.19909651423623,34.81500560035246],[111.19911809790766,34.81496999272998],[111.19913006900316,34.81491037287466],[111.19913250597028,34.814894775411204],[111.19913252990285,34.814894728498786],[111.19914134903331,34.81487743405422],[111.19914627788407,34.81487042834914],[111.1991528456825,34.81486230131282],[111.19916345881654,34.81485245768202],[111.19916824369544,34.81484875767873],[111.19918995689191,34.814837479763035],[111.19922279547957,34.81482303230298],[111.19923482855738,34.81481916809175],[111.19925001571875,34.814815205869536],[111.19937259435837,34.81479413116074],[111.19951869965543,34.8147669098071],[111.19956249919768,34.81475003842175],[111.19959681550601,34.814737907762776],[111.19964958136914,34.81471181284307],[111.19970124257917,34.8146763603828],[111.19974098297513,34.814634223689524],[111.1997723935077,34.81458245468006],[111.19978218218203,34.81454171655158],[111.1997890917638,34.814507233520004],[111.19978898387546,34.81446253822768],[111.1997820679346,34.81442329501828],[111.19975921148833,34.814339392422795],[111.19973392448863,34.81425238394982],[111.19969936641633,34.814148365770805],[111.19966222796043,34.81404933750822],[111.19965498449852,34.81401881596005],[111.19964864845446,34.81398477472239],[111.19964857016812,34.81398358408929],[111.1996484921304,34.813951231740006],[111.19964935389038,34.81395053533962],[111.19964934554757,34.81394707664622],[111.19965019635836,34.81394637215111],[111.19965007415118,34.813895708647564],[111.19966986976799,34.81388026567504],[111.19970107879364,34.813865574673656],[111.1997035797475,34.81386477642771],[111.19975392586969,34.81386114674585],[111.19981427731258,34.81385812078365],[111.19991503825092,34.81386075866774],[111.20002327972414,34.81387754350787],[111.20011866367759,34.81388665586998],[111.20012526186414,34.81388800434364],[111.20023339421911,34.813940521937745],[111.2002540844325,34.813949291051934],[111.20028204140993,34.81397056517017],[111.20031171817185,34.81400019161252],[111.20034135172322,34.814030019132815],[111.2003911893171,34.814093499035394],[111.20043982864006,34.81415363035278],[111.20044770583473,34.81416589817529],[111.20045593459791,34.81418162412499],[111.20047471431899,34.81422826725064],[111.20049428587762,34.814284595610836],[111.20057671876239,34.81454359324552],[111.20066478120884,34.81483784915788],[111.20069120661935,34.814894887304725],[111.20072083460087,34.81494746720187],[111.2007516584142,34.81498791305443],[111.20078283556508,34.81502576946914],[111.20082154386061,34.8150642858977],[111.20085916242617,34.81509782022208],[111.20097057511857,34.815187882627804],[111.20107329194803,34.81527509642464],[111.20113531611257,34.815320880140476],[111.20117688785564,34.815347964559024],[111.20126931792919,34.81543022121951],[111.2013517546457,34.81549793568954],[111.20137658762089,34.81552416255244],[111.20140138134491,34.81555266823686],[111.20140444272565,34.81555713325664],[111.20140557837787,34.815559396617545],[111.20140697502542,34.81556381211095],[111.20140760115396,34.81556644499144],[111.20140873722453,34.815590438616454],[111.20140997774956,34.81561648367514],[111.20140845724696,34.81562989104387],[111.20140554863968,34.81564688561335],[111.20139158331682,34.815695287343765],[111.2013756900024,34.81574415919279],[111.20136736358586,34.815763903010144],[111.20135695610223,34.81578363945371],[111.20128542628025,34.81589490692343],[111.20119448476534,34.81603898798336],[111.20117501910546,34.8160796538758],[111.20115749408798,34.81612416557249],[111.20114854744776,34.81616352866111],[111.20114310880426,34.81619953901901],[111.20114085833598,34.81625350648006],[111.20114340970999,34.81630895783459],[111.2011508576568,34.81635135049735],[111.20116051555803,34.816394606661156],[111.20117980995374,34.81644936869899],[111.20119910532455,34.8165049708446],[111.20123783176336,34.81660002886666],[111.20127309333206,34.81669232618263],[111.20130420650263,34.816762380877904],[111.20134354117893,34.816838687652556],[111.20144301058376,34.81698591596512],[111.20153265187784,34.817138458049385],[111.20161095950647,34.81725664722881],[111.20168710426348,34.81736988850248],[111.20174069570992,34.817442618155134],[111.20179714546276,34.81751444884547],[111.20184752495835,34.81756799639202],[111.20189503834152,34.81762097086986],[111.20193514104476,34.81765776742757],[111.20197858787532,34.81769345419524],[111.20201315846717,34.817715289315665],[111.20204079637278,34.81773230979619],[111.20208425735368,34.81775540472556],[111.20213302245882,34.817776591560225],[111.20220160008468,34.81779845125578],[111.2022478560341,34.81781530733999],[111.20227022751514,34.81782591578824],[111.20229072488209,34.81783713399605],[111.20234722313393,34.81787351014313],[111.20241976306285,34.81792039073439],[111.20244625437127,34.8179409131988],[111.20279927247962,34.81824672401002],[111.20310501091306,34.81848471050902],[111.20317114389249,34.818521989622006],[111.20322575822193,34.81855686495193],[111.20326801250307,34.81859566761002],[111.20341294589134,34.81875426528628],[111.20351446981677,34.81883845923479],[111.20357318662884,34.81890443695071],[111.20360831679248,34.8189880658255],[111.20373235166015,34.81917772905995],[111.20391154187747,34.819374620978984],[111.20396320032897,34.81945513381875],[111.20402498893212,34.819531131622206],[111.20408001924436,34.81959731357569],[111.20414551998441,34.8196684248652],[111.20421702602623,34.81973689392727],[111.20430879756364,34.81981217962207],[111.20439095567633,34.819876278694174],[111.20443166603408,34.81989976319694],[111.20447106863388,34.81992481292546],[111.20451175136846,34.819941524266284],[111.20454531720009,34.819953761249096],[111.20459503604144,34.81996557173865],[111.20465530879149,34.819975407499534],[111.20469916688768,34.81997533372279],[111.20474454976986,34.819975257364455],[111.20479189783931,34.81996807368355],[111.20482939444462,34.81995961485079],[111.20487419227564,34.819945745179254],[111.20491602892601,34.81992962064791],[111.20498580743082,34.81989648092351],[111.20505746881975,34.81985789979007],[111.20509983718497,34.81981113813825],[111.20512665846236,34.819771127187956],[111.20514542706003,34.81972043640285],[111.20515449600447,34.81966356568907],[111.20514905454957,34.81961978895825],[111.20513692691371,34.81957024547262],[111.205105696029,34.81952323199114],[111.20508130065106,34.81948621441491],[111.20502706619668,34.81942611247358],[111.20476599444186,34.8190879488937],[111.20437217683529,34.8185226969055],[111.20413368281534,34.81819705691444],[111.20380670834774,34.81797498507221],[111.20358505829854,34.81786133966712],[111.20342128665544,34.817705709553266],[111.20322581853286,34.817505194234414],[111.2030103876396,34.81728419674191],[111.20278340514018,34.81714449903056],[111.20260520186952,34.816910583767346],[111.2025106611393,34.81679422956523],[111.2024990358883,34.816737452951735],[111.20254362637962,34.81664968608905],[111.20273441070897,34.81643038733625],[111.20282275237395,34.81605323400051],[111.20286946221681,34.81577983635321],[111.20292179634222,34.81564957663444],[111.2029424807948,34.81563564782179],[111.20298173890835,34.815613494216784],[111.20307921058141,34.81558117472071],[111.20321244996813,34.81555683868992],[111.20335638924871,34.81549722782594],[111.20343600576226,34.81536533400136],[111.20339124151538,34.815206941144204],[111.203231433144,34.815105599539315],[111.20303642210088,34.81505573463603],[111.20275144444862,34.81501136741767],[111.20248840894531,34.81497608618002],[111.20245040485106,34.814966152789985],[111.20243466088463,34.81496137627606],[111.20243119774858,34.8149602408536],[111.20197682202324,34.81470280351769],[111.2019530173459,34.814669756808996],[111.20195300474965,34.81466459446031],[111.2019934083751,34.814547161234216],[111.20197029591743,34.814415712860175],[111.20191187531572,34.81430399902928],[111.20185735139849,34.81411121317876],[111.201864310082,34.81378532690245],[111.20182704315188,34.8136736004594],[111.20176043541481,34.81356436367122],[111.20162808781416,34.81349196731567],[111.2014543402365,34.81330184500369],[111.20110545870537,34.81274181220756],[111.20070911980483,34.811941917664754],[111.20070900395933,34.811894141350805],[111.20080104256037,34.811801943882294],[111.20092634883198,34.81170889276839],[111.2013881078295,34.81147510878284],[111.20161904579439,34.811340443393235],[111.20183251425745,34.81195411885107],[111.20194130002524,34.81217695337122],[111.20208615915129,34.812318860644154],[111.20229072978856,34.812389788869424],[111.20250379880449,34.81244792693219],[111.20255782126264,34.81246690092551],[111.2026428851341,34.81253483553639],[111.20290531464089,34.812702348818306],[111.20334180989195,34.81285683476941],[111.20371149038188,34.81303617830929],[111.2042046585094,34.81326201916795],[111.20432588761949,34.81331555317765],[111.20439827367262,34.81338981048795],[111.20452964703544,34.81383133521427],[111.20464061274754,34.81426308946008],[111.2047400629475,34.81444783992338],[111.20491724187745,34.814532615760285],[111.20512766872669,34.81450557409947],[111.20527907811571,34.81435678549059],[111.20530590566084,34.814261440562696],[111.20534103749686,34.8141365821016],[111.20533998718157,34.81371321906779],[111.20530415321718,34.813554939806416],[111.20525575599726,34.81334117384685],[111.20516907951783,34.81310976873044],[111.20501839200294,34.81285639138689],[111.20465662883302,34.812589466587575],[111.2043147503354,34.81239144168947],[111.20369340823747,34.81204294474178],[111.20350722778733,34.81186698113092],[111.20345227812383,34.811764621522734],[111.20343707496332,34.811715960013174],[111.20344154647549,34.811612035350834],[111.20349508462027,34.81145014373211],[111.2035224600684,34.81130380459629],[111.20351951048232,34.81115853566649],[111.20351447780372,34.811026605669895],[111.20351231651239,34.81099347256779],[111.20358811461297,34.810955071027955],[111.20380186392944,34.810865836953575],[111.20414776148907,34.81069083170256],[111.20431481217018,34.81050318794666],[111.20440441945505,34.81022397546411],[111.20434668987025,34.809957542705476],[111.20432423581188,34.809746675776076],[111.20435951848818,34.80957594451109],[111.20440434246474,34.80942972456518],[111.20445764594821,34.80924892940014],[111.20460421458361,34.80901584349401],[111.20470775725389,34.808895855767645],[111.20474106131994,34.80887564151124],[111.20485720583775,34.80885549514387],[111.20492157332352,34.80884284455348],[111.20529225997775,34.80875950730986],[111.20537193444227,34.80874159526934],[111.20571465458293,34.80862279559596],[111.20583811637557,34.80850018257803],[111.2058680455572,34.808343007191866],[111.2058801412056,34.80831163208684],[111.20589978766505,34.80828995058691],[111.205911119896,34.80828119765204],[111.20594076994182,34.808270664983006],[111.20625498967794,34.80818844795851],[111.20662021897526,34.80810177439139],[111.20671508000999,34.808083734727404],[111.2067151477685,34.80808373461231],[111.20675427571928,34.80809925622281],[111.206838670102,34.808159488343954],[111.20698839792227,34.80821471283859],[111.20720191969228,34.808203912045386],[111.20747386910932,34.80811717476226],[111.20762493719538,34.80810095043976],[111.2077586893576,34.80810859508105],[111.20794956032906,34.808101118185135],[111.20809700697122,34.808011613938476],[111.2082087082272,34.807909437358944],[111.20827904621267,34.80784475621369],[111.20836783070513,34.807800006969835],[111.20856510773,34.807702873823644],[111.20858794501756,34.807688752855576],[111.20898051111281,34.807509800290944],[111.20928925315089,34.80732219919525],[111.20972970807055,34.806978982625985],[111.20978021982188,34.80679886144266],[111.2097316899817,34.80663536440169],[111.20947980654576,34.80630280923341],[111.20927875376313,34.80612974456636],[111.20907774340282,34.80608869371352],[111.2088742782834,34.80609383499894],[111.20843861525475,34.80629236037836],[111.2083967247835,34.80631144917045],[111.20789978384622,34.80646259125132],[111.20717225920934,34.80678428144863],[111.20667189599071,34.806896541112884],[111.20628783249201,34.806893027337054],[111.2059447953119,34.806872822727264],[111.20576746101814,34.80682443754024],[111.20549187417792,34.80666787845598],[111.20528686496128,34.80658382632404],[111.20518643031274,34.80654264982251],[111.20511745066509,34.806487843184094],[111.2049655531759,34.80622941871769],[111.20479316592852,34.80575596735924],[111.20479066611534,34.8056762535419],[111.20479509051829,34.80567381949987],[111.2052841293223,34.80548051920467],[111.20528702690626,34.80547937403279],[111.20545333302472,34.805364673762085],[111.20554076622686,34.80519998177386],[111.20554237373935,34.805041917648616],[111.20566943403568,34.80497492289484],[111.20550708411558,34.80480347666907],[111.20514806598429,34.80461328084762],[111.20513605144542,34.80443204097256],[111.20532089313731,34.80434586901072],[111.20559811996445,34.80420230025817],[111.20713390194518,34.803207532343535],[111.20761889825381,34.802901424269336],[111.20752585916556,34.802696472361035],[111.20766974218576,34.80242195107908],[111.2079584337741,34.8022425821695],[111.20823272743672,34.80208708763579],[111.2086954414605,34.802122070244415],[111.2087670955827,34.80187152101158],[111.20880965461384,34.80154947126235],[111.20882338943886,34.8012632470398],[111.2089964806683,34.80110792437269],[111.20941488409906,34.80077330361126],[111.20976088040504,34.8003911062498],[111.20971687604634,34.800140755678896],[111.20971627205748,34.79990225507134],[111.20981686387296,34.79966358094035],[111.20991784807214,34.79957993162934],[111.21006238325319,34.79956775748324],[111.21043780007726,34.79938823292008],[111.21198034463637,34.797704122977024],[111.21261409225775,34.796796713259965],[111.2127728634428,34.796701034917966],[111.21348111848081,34.79666401947997],[111.21426118968914,34.79644799832339],[111.21441983480456,34.79630461806126],[111.21456368393646,34.796030088463894],[111.21504073045564,34.79602924655309],[111.21537318567245,34.79601673304261],[111.21563323757917,34.795956647827325],[111.2160523969343,34.79593205404726],[111.21619751624236,34.79614644767992],[111.21632765115538,34.79615814122353],[111.21651473678799,34.7958358315755],[111.21677419428373,34.79554916887489],[111.21713559064835,34.79554852468012],[111.21729513633048,34.79575096560126],[111.21736772917671,34.795870086413565],[111.21746866980068,34.795774506113176],[111.2175258051465,34.795512052689524],[111.21765556210146,34.795380644601366],[111.21791545345768,34.795260929125064],[111.21823310404255,34.79511725909406],[111.21844934335938,34.794890295061656],[111.21889715616977,34.79477024006259],[111.21899862969401,34.79487738320001],[111.21894172119265,34.79522331214451],[111.21882689349586,34.7955335708706],[111.21888540990983,34.79579581696495],[111.2188861032384,34.7960581670216],[111.21864145451146,34.79647598368063],[111.21857008663734,34.79682193833949],[111.21865698058977,34.79688140701778],[111.21888812024432,34.79682136679413],[111.21926360008223,34.79667759008679],[111.21953794883318,34.796557845122095],[111.2196673246792,34.79628333564142],[111.21992591767102,34.79567468995492],[111.22022796935327,34.795101741163265],[111.22043038139002,34.79511329952471],[111.22064769475104,34.79529178187051],[111.22093757386725,34.79557745777695],[111.22121306312748,34.79588700867397],[111.22158910893586,34.79595787505915],[111.2217913635778,34.795909806678274],[111.22208051336904,34.795921204199814],[111.22241312818988,34.79596829683091],[111.22284635600961,34.79580055398641],[111.22340978255421,34.79566834499687],[111.22367011618134,34.79571556775127],[111.22380109563919,34.795771970771696],[111.22397545649078,34.79610078146839],[111.22413218020135,34.796322298740066],[111.22435806135921,34.79645782891342],[111.22427155882338,34.79654384866384],[111.22371658276288,34.79659495514251],[111.2233006149617,34.79673166446023],[111.2232747877982,34.79680326226224],[111.22350039856006,34.79683862338635],[111.22362188721752,34.79685986553887],[111.22344876158596,34.796988973534866],[111.22327592584628,34.797225407275576],[111.22326748317683,34.79731128308009],[111.22350155706681,34.79726792285581],[111.22371810959903,34.797160200278256],[111.22406470752178,34.797030771768455],[111.22442880765738,34.79695855051227],[111.22473225001647,34.7969079054889],[111.22499245979137,34.796907424746884],[111.22507956473892,34.79704320912186],[111.22490636438356,34.797143699517235],[111.22459440236882,34.79725160120635],[111.22429992346903,34.797409554984554],[111.22418797954838,34.79771027277394],[111.22414515304115,34.79791069297076],[111.22398939273238,34.798046925135054],[111.2239378150405,34.79821874065273],[111.22393820198313,34.798361840742935],[111.22386104602761,34.79869826937441],[111.22373999920661,34.79884159184971],[111.22378363919887,34.798941682709525],[111.22392232377645,34.79890565243403],[111.22417342007516,34.79874062411034],[111.2245544870793,34.798525270438425],[111.22477111918576,34.798446165657516],[111.22503080887007,34.79825249988878],[111.22533394410583,34.798087372933985],[111.22578472588904,34.797993522712815],[111.22616644958475,34.79802143377],[111.22645317348237,34.798199776622255],[111.22678358006817,34.798492517493855],[111.2271397556614,34.79869219457416],[111.22739188609127,34.79890637403505],[111.22768697526494,34.798970218236995],[111.22804280043908,34.799041102433655],[111.22820786004768,34.79913380782801],[111.22803481567782,34.79929154283593],[111.22748889107785,34.79948575032916],[111.22669438964643,34.799709038425924],[111.22656756334416,34.799852375349204],[111.22681079933317,34.7999854834228],[111.22721566323627,34.80001334803458],[111.22775949418742,34.80010773232541],[111.22807196854464,34.80018346689626],[111.22803808626955,34.8004792714944],[111.22806147982682,34.80057462845039],[111.22832698427335,34.80039286958286],[111.2287428621233,34.80022036813215],[111.22880071480786,34.800229799014055],[111.22905560057588,34.800391500468294],[111.2294380764669,34.80068652111517],[111.22953115528244,34.800886686800894],[111.22982132290583,34.80125820088842],[111.23001841316996,34.8014295490405],[111.23019198904919,34.80156695456728],[111.23021653096578,34.80165849324411],[111.22966386015459,34.802147509622635],[111.22975075109653,34.80220100837912],[111.22995314861444,34.80220062612271],[111.23043765707591,34.802271260035795],[111.2305570935841,34.8023306594152],[111.23068748932644,34.802431775001466],[111.2308407511806,34.80295618626748],[111.23077967353142,34.80308747711382],[111.23056299028406,34.803150494355584],[111.23026372574478,34.80341043089781],[111.23009100945254,34.803688015087],[111.22984532749909,34.80372127263472],[111.22935746024955,34.803746043464486],[111.2291409732847,34.80388060813006],[111.22913416501649,34.804032664488865],[111.22910910426725,34.80411916861241],[111.22880573875605,34.80420619628694],[111.22908468340113,34.80480311524713],[111.22906868073387,34.805289687676286],[111.22915637663193,34.80563296333216],[111.22903552687035,34.805847841747244],[111.22907066032086,34.80600518610519],[111.22933125534195,34.80613348512376],[111.22950546182236,34.80639073814627],[111.22933315798308,34.80682036383359],[111.22865740213014,34.80713645633176],[111.22829389241109,34.80743764983201],[111.22824294805972,34.807838426439],[111.22826219241443,34.80852527246441],[111.2286656629783,34.81012723872298],[111.22856330118438,34.81075707250666],[111.22825249627526,34.81130143719401],[111.22820131384286,34.81161635387733],[111.2281681507478,34.812174507165814],[111.22771802290065,34.81253310058832],[111.22671321794624,34.81309306782539],[111.22615928602053,34.81356632951548],[111.22593470271825,34.81392449779164],[111.22595217057598,34.81396739494444],[111.22647242323215,34.813866257848616],[111.22683663331111,34.8138083391024],[111.22716586779421,34.81365031462629],[111.22797973894713,34.813062081835945],[111.2284298549116,34.812766278729576],[111.2284278013262,34.81282412147844],[111.22837850173909,34.81305622490787],[111.22821600049153,34.813401717937786],[111.22815880402301,34.81367886503594],[111.22815944115261,34.81390999673238],[111.2281807351308,34.81418903741101],[111.22819398270984,34.814741567884575],[111.22807203862172,34.81611899709041],[111.22789304719831,34.817566925488386],[111.22784656280386,34.818269275195775],[111.2279842700797,34.818597825633454],[111.22821890494663,34.81882695183107],[111.22860981969372,34.81906936915759],[111.22874668939082,34.81916292414089],[111.22878239301055,34.819206340927046],[111.22872684422074,34.81926925816126],[111.22866219525037,34.819340263677205],[111.2286342147405,34.819358865426814],[111.22857149874923,34.81940556981472],[111.22850509271125,34.81946181258589],[111.22843546436154,34.81952084311458],[111.22834875350023,34.81961615036801],[111.22826788526203,34.8196954069481],[111.22817631861444,34.819771637680155],[111.22807974154478,34.81986262746956],[111.2280376726632,34.819923316976336],[111.22801114934758,34.819957177584676],[111.22796958765089,34.82000243401668],[111.22792769055269,34.82004617850039],[111.22792066511984,34.82005196607843],[111.22791293146567,34.82005777932067],[111.22790602849335,34.82006199461344],[111.22789741761864,34.82006639969613],[111.22786450194859,34.82007996533198],[111.22783310989888,34.82009152067099],[111.22780607491451,34.8200983868342],[111.22778004432291,34.82003651697059],[111.22774054856232,34.819984164127774],[111.22769820714453,34.81993638763552],[111.22764794385691,34.81989512509958],[111.22759507594458,34.819855863131274],[111.22758697335438,34.81985153079752],[111.22746914545108,34.81977381541793],[111.22738038755922,34.819721332793776],[111.22737697173007,34.81971931191101],[111.22726076439974,34.81963136051758],[111.22707280896273,34.81954603442161],[111.2268407813707,34.81948890060839],[111.22671861522409,34.81947058634426],[111.2265345295638,34.81947092921353],[111.22651087209137,34.81948935476496],[111.22650462293797,34.819490451693255],[111.22645218437779,34.819501946699525],[111.22630011731913,34.81955480152654],[111.22610277543687,34.81961926029568],[111.22603479757151,34.819649355702154],[111.22596238483025,34.819690521383286],[111.22591414716128,34.81974025418772],[111.22587939967488,34.819797581530125],[111.22586497296288,34.81986456848726],[111.22586346205108,34.81992691896361],[111.22589438092754,34.820080694010635],[111.22592916006754,34.82025911267484],[111.22597541713412,34.820395390830996],[111.22601144436217,34.82051720505162],[111.22609246190697,34.82073353839991],[111.22617464078218,34.8209778942896],[111.22621905734448,34.821091159215285],[111.22626063063524,34.821197499388305],[111.22632412763905,34.82133106454225],[111.22638824234804,34.82145740913744],[111.22642790320836,34.82150623759616],[111.22647237653038,34.821554144859576],[111.22655957704102,34.821617778734065],[111.22665643048182,34.821698953981524],[111.22674813980994,34.82174370655099],[111.22682904500972,34.82178353677593],[111.226904987075,34.82181354635405],[111.22693239576436,34.82182553443471],[111.22694504754504,34.821841312509804],[111.22695394704857,34.821853581192194],[111.2269606339922,34.8218681688155],[111.22696878521806,34.82188897612257],[111.22697724089711,34.8219243387886],[111.22698408478917,34.821964259272534],[111.22699071386994,34.822037040964666],[111.22700069942478,34.822128420541205],[111.2270154377529,34.82218835556584],[111.2270337782039,34.8222388875959],[111.22706181445328,34.822303047935385],[111.22709220900744,34.82237137467798],[111.22713701099707,34.82245348768341],[111.22719018096515,34.822539728815805],[111.22722475274409,34.82258511141227],[111.22726271588219,34.822628722708394],[111.22729903256004,34.82266067556147],[111.22733552961714,34.82269063685765],[111.22738289823154,34.822722112021175],[111.2273886434806,34.822725705110514],[111.22742881644069,34.82275082976794],[111.22756090192753,34.822819664852226],[111.2276796559203,34.8228851327441],[111.2277327334696,34.82290690876117],[111.2277924712775,34.82292554350099],[111.22786125471747,34.822938755531716],[111.2279080615148,34.82294908362483],[111.22793557887344,34.822958269698844],[111.22795807480323,34.82296712264],[111.22804869776849,34.8230171161314],[111.2281514149129,34.82307115222334],[111.22823560600222,34.82312852573774],[111.22828279203456,34.82315779154078],[111.2285086257555,34.82338006927722],[111.22859415312304,34.82348292864211],[111.22860009248635,34.82359432600152],[111.22860033112048,34.82368069658458],[111.22857828473767,34.82371200511493],[111.22847242860126,34.823825933578426],[111.22842576406755,34.82401066633412],[111.22841205050426,34.8241862149713],[111.22857247255855,34.824394462335945],[111.22881752997455,34.82454976754806],[111.22918253039502,34.82465189232963],[111.22991208756903,34.824791888950415],[111.23031523419839,34.8248617715278],[111.23072880912896,34.824918501295286],[111.23098709089766,34.82495392957686],[111.23137982113829,34.82495318333511],[111.23174306944385,34.82496579314475],[111.23190810866758,34.82498561971186],[111.23197463707653,34.825024126281825],[111.23205484774233,34.82512529506035],[111.232178997808,34.825328715758104],[111.23223825422603,34.82559973050745],[111.2322386014417,34.825723422685975],[111.23223448862298,34.82572674410786],[111.23222118591656,34.825739391898296],[111.23210658562132,34.825788438883656],[111.23197020707238,34.82587220891093],[111.23185912264252,34.82597183139891],[111.2317884326309,34.82611106847658],[111.2317505902743,34.82626886961378],[111.23181783276713,34.826470196889694],[111.23183132538395,34.82651355317891],[111.23191651605842,34.82678729855011],[111.23209694276618,34.82717929080154],[111.2321917423838,34.82735246842188],[111.23226703258148,34.82742071802707],[111.23235785442736,34.82750304763851],[111.23239610993224,34.82751782704505],[111.23271845123845,34.82764235766137],[111.23297835728805,34.82772953823404],[111.23338117929354,34.827881794344734],[111.23372090235225,34.82801019834691],[111.23373322998654,34.82801994861363],[111.23335532346357,34.82812992630807],[111.23327686746809,34.828145167211055],[111.2332317211169,34.828153937916504],[111.23322407763592,34.82815542276303],[111.2330269093775,34.82819372364101],[111.23291054305511,34.828257960745766],[111.23285278003455,34.828289846790746],[111.23273654899559,34.828496294745534],[111.23273698255689,34.828650399245134],[111.23274650477487,34.82875676590391],[111.2327531230438,34.82883069109465],[111.23281211468147,34.82888873875829],[111.23284934144388,34.828925369173035],[111.23289834029246,34.82897358444958],[111.23290192640505,34.82897416800563],[111.23314882587826,34.82901435933973],[111.23337618080393,34.82900915498703],[111.2336952611719,34.82900184954786],[111.23404676301946,34.82894916811391],[111.23426402798336,34.82891660490354],[111.23458529050524,34.82883320342434],[111.23460967729135,34.82882687269639],[111.23484744961569,34.828765144460306],[111.2351645011227,34.828630566831116],[111.23536713117478,34.828502486281884],[111.23613724752984,34.828015696641856],[111.23662311911922,34.827605871096296],[111.23672588598032,34.82748767708234],[111.23681345222437,34.8273869655996],[111.2368317779189,34.82732980239412],[111.23689599888556,34.82712946868226],[111.23700598907978,34.826562097609916],[111.23696972807602,34.82628930887066],[111.23681759176853,34.82611260129095],[111.23680385036269,34.82609663978843],[111.23661876142208,34.8260081572609],[111.23642798968302,34.82598888467819],[111.2366536202963,34.82574231331602],[111.23681093100171,34.825601499559276],[111.2368363561621,34.82545233666883],[111.23683600333526,34.825329084409574],[111.2366564873385,34.82506584706673],[111.23625016992227,34.82476897597569],[111.23602429744916,34.82457314654149],[111.2358645152865,34.82437404176332],[111.2356234605637,34.824008925227346],[111.23536480104283,34.82378310061201],[111.23512956482642,34.82367008182309],[111.23498438960043,34.823608166110596],[111.23482097381596,34.82353916882089],[111.23461978784793,34.823451303785184],[111.23448800482646,34.82336433498519],[111.2344384127534,34.82333505459677],[111.23439591848737,34.82328507051741],[111.23434665479071,34.8231860674224],[111.2342638059372,34.822945254704834],[111.23416764496949,34.82275696188975],[111.23408023529073,34.82261376668442],[111.23392728482082,34.822472358734075],[111.23372498860749,34.82234349292105],[111.23354670041128,34.822247647009235],[111.23343941073814,34.822188990108245],[111.23326143685497,34.82217415985516],[111.23300147860772,34.82217956611885],[111.23296506049999,34.82218760970334],[111.23293207978462,34.82219088546305],[111.23278440651406,34.82221202755134],[111.23263505699578,34.822237658969534],[111.23249240547776,34.822268649793294],[111.23235819282087,34.82229824698389],[111.23218868016873,34.822343727487926],[111.23209622678273,34.822354538687996],[111.23201966638382,34.82227638126102],[111.23201869414939,34.822275035511105],[111.23197630729173,34.82220338414319],[111.23185363530452,34.82205123866556],[111.23183764590367,34.82202705012145],[111.23183568357368,34.82199184128457],[111.23183900559474,34.82195172683521],[111.23202292232652,34.821619828708975],[111.23224183930836,34.82101174616095],[111.23236079745584,34.820574212010925],[111.23236275166303,34.82056870428455],[111.23244416226132,34.820516689908686],[111.23250387219973,34.82041788792387],[111.23256653153989,34.82031421086731],[111.23257512774227,34.82016310500527],[111.23260743779826,34.81994563364313],[111.2326371705006,34.819841761682525],[111.23265613646971,34.81982294459076],[111.2327561060076,34.819764738800636],[111.2328807368279,34.81968450941139],[111.23296242553505,34.81964085380598],[111.23302924398703,34.81960283788837],[111.23303943562779,34.81959863133054],[111.23304588626685,34.81959652861135],[111.23305591430612,34.819594776898555],[111.23306437545716,34.81959359967874],[111.23307624903713,34.81959357693472],[111.23308666779477,34.81959355697648],[111.23322077072565,34.819609670472836],[111.23334368025445,34.81961349566516],[111.23338787080033,34.819606205057404],[111.23348558938062,34.81959500778864],[111.2336115903327,34.8195892700542],[111.2337961485177,34.819577754339775],[111.23387322835538,34.819572757536264],[111.23397054599647,34.819557417779286],[111.23406352184746,34.81954277316942],[111.23413683009433,34.8195267574359],[111.23420999414775,34.819508079177616],[111.23430222433785,34.81947563662528],[111.23438846137756,34.81944397444873],[111.23443775267963,34.81942193561878],[111.2344839774433,34.819400858170575],[111.23460837164353,34.81933472277916],[111.23469211687346,34.81926549091443],[111.2348219298356,34.81913922636784],[111.23489412478328,34.819058871648146],[111.23496793026797,34.818954877963165],[111.23503464391119,34.818839686221786],[111.23506540503723,34.81874275701617],[111.23511776971007,34.81850233782923],[111.23515029607398,34.818146997708],[111.23518356601319,34.81795301984752],[111.23519105643722,34.81771379966323],[111.23516728937325,34.81758664252269],[111.2351543595262,34.81749871263388],[111.23513193971687,34.81743560963042],[111.235099735997,34.81737504225733],[111.23504126965963,34.81729833451854],[111.2349593965092,34.81722077234569],[111.23490306588825,34.81717863301568],[111.23477604419045,34.817075977036716],[111.2346053967462,34.816881160355386],[111.23443493487713,34.81668983512412],[111.23425756422662,34.816509055900916],[111.23419817953726,34.81642211492357],[111.23405089729766,34.81629873052405],[111.23386957031599,34.8161723835516],[111.2337932270845,34.816101560592244],[111.23369198317523,34.81603758202674],[111.23355721697736,34.81593740136851],[111.23344115916602,34.815835465683215],[111.23339607945509,34.81577711476574],[111.23339641403109,34.81577638308192],[111.23357667416279,34.81556477955249],[111.23372445269779,34.81534638113234],[111.2337981647229,34.815239736333595],[111.23383897689185,34.81516830152867],[111.23385498705323,34.81516761092964],[111.23396196058864,34.815179422870436],[111.23432956709058,34.815290231428015],[111.23474284510849,34.81541773859914],[111.23498262786916,34.81550102562292],[111.23512903337043,34.8155285701799],[111.23538582970279,34.81549984699582],[111.23549109762904,34.81532531637286],[111.23550530428528,34.81514328824179],[111.23535565079086,34.8149592307837],[111.2350368866784,34.81469776334551],[111.23485260049645,34.81455164210979],[111.23480749192139,34.81448591553446],[111.23480409227076,34.814480723672474],[111.23477569515838,34.81440533599182],[111.23474378589577,34.81432321975538],[111.23473922452709,34.81430688511898],[111.23473754824452,34.814297365874275],[111.23473754635275,34.81429669883569],[111.23473967105619,34.81429360831455],[111.23474672414382,34.81428442377905],[111.23479948603647,34.81422974530761],[111.23487574524763,34.81414994698209],[111.23496211593068,34.81404110733782],[111.23500293698311,34.81398952924131],[111.23503602880545,34.8139907651589],[111.23510702322427,34.813991926038376],[111.23512022163469,34.813993012874825],[111.23514715284783,34.81402747846821],[111.23518257101485,34.81410736044031],[111.23542915634735,34.81450497619913],[111.23551470785223,34.81463690392723],[111.23557378731816,34.81476941016758],[111.235647979238,34.81490911189789],[111.23575422547957,34.8152112555582],[111.23581974591578,34.815396816890654],[111.23591821749218,34.81568653601528],[111.23601648709455,34.81596382682141],[111.23601655542747,34.815964025900065],[111.2360164468744,34.81596658701112],[111.23601005588345,34.81601132817995],[111.23600089575623,34.816071961135606],[111.23600105823127,34.81612893882728],[111.23600549782978,34.81618025549261],[111.23601353215098,34.81623535921165],[111.23602407312723,34.816291757897936],[111.23604100816333,34.81635085291067],[111.23606712954734,34.8164106142674],[111.23612302124153,34.81650077733092],[111.23616723571399,34.816582974753956],[111.23623372786874,34.81674448256292],[111.23628170368038,34.81681714024847],[111.23662444507904,34.81752510254805],[111.237054182188,34.818215456598175],[111.237415029795,34.81861702969106],[111.23787025657089,34.81901911039247],[111.23793983452995,34.81905186761711],[111.23800109129849,34.819099059994784],[111.23809132086936,34.81917581590556],[111.23817029844254,34.81924328133166],[111.23818814494749,34.81926057595824],[111.23979508111283,34.82066011151702],[111.24056193667235,34.82125962189942],[111.24116065596591,34.8218032219472],[111.24127905401146,34.8219087583308],[111.24128308360537,34.82193481272421],[111.2412834053505,34.822045149725945],[111.2412918401712,34.82221519336321],[111.24134052046949,34.82242895293575],[111.24152345935802,34.82262894116263],[111.24178350920779,34.82262842466852],[111.24194157891812,34.8226449045631],[111.24212875443924,34.822633513420776],[111.24217345780207,34.822634959547166],[111.24217407501244,34.82284583707476],[111.24215567957117,34.8231644128753],[111.24216925471252,34.823367629677655],[111.24216943652034,34.82342974616594],[111.24210491653677,34.823552072891054],[111.2420599275393,34.82361419722534],[111.24205593256735,34.82361652990159],[111.2419594730966,34.82371786322108],[111.24187773294554,34.82380835031964],[111.24177616338285,34.82394092108683],[111.24167268275752,34.82406301039914],[111.24157222422816,34.824195204701205],[111.24148288398685,34.824313785440054],[111.24147010434183,34.82438898452265],[111.24148635187449,34.824468283281014],[111.24153296395424,34.82451925003954],[111.24157892965658,34.824556972792585],[111.24166058824841,34.82458564933165],[111.24174373483277,34.824592330337964],[111.24180020745283,34.824582887656916],[111.24184318265603,34.82457314186495],[111.24188161520472,34.82455863214037],[111.24192223368675,34.82454179242782],[111.24196357776721,34.8245166601196],[111.24198437380409,34.824505755006186],[111.24203868734872,34.824483941997066],[111.24211283858364,34.82445246787366],[111.24217408651529,34.82441790142331],[111.24222829810223,34.82438444866717],[111.24228530474129,34.82434391878489],[111.24232852265258,34.824311856211295],[111.24241712620004,34.824260488815575],[111.24250622573531,34.82420309716655],[111.2425618807495,34.824163957113086],[111.24262918106525,34.82412316226534],[111.24269710737389,34.824076680958996],[111.24275756845027,34.82403713551101],[111.24284355128192,34.82397757113221],[111.2428932024225,34.823937212489405],[111.24290405367627,34.82398007254971],[111.24294454650449,34.82411530277355],[111.2429587850248,34.82417704954954],[111.24292857886101,34.82464553758573],[111.24289256283049,34.82491866089589],[111.24285656880878,34.82500795217477],[111.24277744760151,34.82528474275808],[111.24282545605465,34.825457973013734],[111.24291260842618,34.8255334117269],[111.24296437540562,34.82559868557434],[111.24313623275887,34.825709927370994],[111.24331478793587,34.82578208496365],[111.24353636855989,34.825884698532725],[111.24370450991047,34.82585355628227],[111.24387469281027,34.82578301553938],[111.24397236220851,34.82568865970289],[111.24397807672669,34.825687819851005],[111.24404904284802,34.825634815437176],[111.24407860310293,34.8256100720226],[111.24410811468222,34.82558069276473],[111.24413462590955,34.825547328993466],[111.24415489322384,34.82551617807986],[111.24417086400211,34.82548779138532],[111.24418431383695,34.82546118371623],[111.24419623193575,34.82543559320227],[111.24420718496184,34.82541042467961],[111.24421749930191,34.82538515377613],[111.24422734821947,34.825359226680575],[111.24423677450963,34.82533195823817],[111.24424522736292,34.82530375879333],[111.2442496609875,34.82528634553487],[111.2442555808596,34.82525732548574],[111.24425985431549,34.82523009262518],[111.24426307519863,34.82520585364597],[111.24426557750283,34.825186290803764],[111.24434963106502,34.82518482309606],[111.24443405657063,34.82520491262258],[111.24458413190902,34.82524121083105],[111.24462547790237,34.82525422153826],[111.2446454192604,34.82526818569418],[111.24465415167522,34.82527764732609],[111.24467323271797,34.82532597031792],[111.24472952034229,34.825505588557235],[111.24481654378292,34.82565063096847],[111.2448273840906,34.82566832269398],[111.24483045681905,34.825673118303065],[111.24484048336267,34.82569027442663],[111.2448533839219,34.825713411005786],[111.24487242173025,34.82574483718504],[111.24490342577471,34.825785821225345],[111.24495373993294,34.82583055228821],[111.24501464069814,34.825863002882684],[111.2450814073448,34.825880009551874],[111.24509435665576,34.82588193320836],[111.245102904231,34.82588726223064],[111.24516159849365,34.825912840366385],[111.24522267105188,34.82592723083176],[111.24527301235933,34.825933099370495],[111.24531549414945,34.82593491298445],[111.24535285208943,34.82593474751256],[111.2453869516767,34.82593355558925],[111.24541897592829,34.82593179454822],[111.24543117157235,34.825930962286755],[111.24544966230731,34.82592970087461],[111.24547948014917,34.825927405227844],[111.24550873028157,34.82592498181824],[111.2455376085053,34.825922475321356],[111.24556624388778,34.82591991251919],[111.245594726115,34.82591731035754],[111.24562311424447,34.82591467863279],[111.24565145528794,34.82591201995428],[111.24567978532083,34.825909335150655],[111.24570814258325,34.825906617834775],[111.2457365674882,34.82590385710818],[111.24576511027057,34.82590103664399],[111.24579364738186,34.8258981476777],[111.24580195908896,34.8258972889721],[111.24583083564647,34.825894228044056],[111.24586021660865,34.82589096056921],[111.24596958606827,34.82587799001422],[111.2459888218218,34.82585965978457],[111.24612737465101,34.82582957727296],[111.24624483320923,34.825699869690055],[111.24637702370694,34.82553322587486],[111.24651588513315,34.82536591577806],[111.25386107168713,34.82584596744867],[111.2540165676522,34.82570249237384],[111.2540278293152,34.825694074064344],[111.25403625813252,34.82568724634099],[111.25411257695542,34.82564016966914],[111.25419215359592,34.825590740683694],[111.25442644095479,34.825405266173455],[111.25463580546842,34.82523683938868],[111.25466959791466,34.82521271192766],[111.25472107005578,34.8251814101089],[111.25482191470809,34.825094785620365],[111.25492541415454,34.825015562340894],[111.25495763162537,34.82498197603698],[111.25498746166375,34.824954043841586],[111.25501881551222,34.824914776865526],[111.25505628526021,34.82486239331597],[111.25510144850529,34.82472749781346],[111.25512327083749,34.82463272956856],[111.25513493435,34.82460157504086],[111.25521568397468,34.824657586737615],[111.25536743771374,34.8247923629906],[111.25538658420544,34.82482059270874],[111.25539140842666,34.82487984464184],[111.25543211856974,34.82515447898493],[111.25542918232381,34.82543271862354],[111.2554726546152,34.8256225653648],[111.25562105076003,34.82578649709815],[111.25579297984375,34.82585380882093],[111.25584955641754,34.82585701965368],[111.25593945368314,34.825888588017044],[111.25609855741793,34.825796909219484],[111.2561841775265,34.82570604118968],[111.25620570244105,34.82567439436492],[111.25625683991461,34.825580666617604],[111.2562999150134,34.82548923007998],[111.2563103581105,34.82546472228103],[111.25634730213953,34.825364565817345],[111.25637010787506,34.82525914247025],[111.25637729669452,34.8251580742696],[111.25637934558547,34.82506119942326],[111.25637767242311,34.82497419380368],[111.25637536523456,34.824890353455054],[111.25645321535634,34.82489291704022],[111.25648778089307,34.82489271617714],[111.25661357475722,34.824887225471095],[111.25674623404507,34.82486964580984],[111.25687658493312,34.8248176578886],[111.256953860774,34.82470079413968],[111.25698554870111,34.824579377185444],[111.25698869116428,34.8245427130554],[111.2569833076498,34.824430098207344],[111.25696404580178,34.82434164331823],[111.25696005237081,34.82432674970186],[111.25692062186508,34.82420415246166],[111.25683981617321,34.824110940067555],[111.25676561918279,34.82405214198899],[111.25673828279709,34.824038307200006],[111.25670603113136,34.82400908404925],[111.25677002847455,34.823920683285046],[111.25688274674913,34.82386144829766],[111.25693921002275,34.82384162432611],[111.25696418175345,34.82384059085796],[111.25708049641254,34.8238571104038],[111.25723247160126,34.823913893289756],[111.25749560217042,34.82405662515889],[111.25761477554792,34.82415946493285],[111.25765612354944,34.82422915344358],[111.25766748480144,34.82429712156572],[111.25763329197444,34.82443027310454],[111.25763329775502,34.824431778440925],[111.25759506967685,34.824509294697044],[111.25752674916681,34.82462882699171],[111.25751054417509,34.82466788587543],[111.25749563935324,34.82470850594506],[111.25748528342248,34.82476509381287],[111.25748475692535,34.824823872027196],[111.25749569083322,34.82487080404302],[111.25750958564959,34.82491201217056],[111.25753146798615,34.8249518747164],[111.25756487283014,34.82499983093064],[111.25764345976643,34.82506169210721],[111.25775167491155,34.82510406426162],[111.25786826198389,34.82509934533797],[111.25797602257231,34.82509755025058],[111.25804853099844,34.82509978881737],[111.25814422121645,34.82509615417159],[111.25823345931965,34.82507727233733],[111.25828567523035,34.825059532697146],[111.258335807948,34.8250376852425],[111.25839171530052,34.82500141742566],[111.25843048551613,34.82496709876913],[111.25847199587079,34.82492220529041],[111.25849205132867,34.82489884690773],[111.25849282764835,34.824898216076775],[111.25850203224475,34.82489282774458],[111.2585303786536,34.82487954027868],[111.2585405795922,34.82487432109361],[111.25858135038835,34.824884872846],[111.25864053882997,34.82490588681664],[111.25870440404668,34.82493578138399],[111.2588672059029,34.82494214066407],[111.25904350725573,34.824913815519956],[111.25919227355573,34.8248353647921],[111.25924796631263,34.82468716942141],[111.25923361680438,34.82438877140999],[111.25924738038925,34.82429016969486],[111.25929340120992,34.82427528495599],[111.25942464242719,34.82421800836401],[111.25955875905395,34.824082224720286],[111.25957390852909,34.824035976394335],[111.25970187170816,34.82418578657995],[111.25991000717691,34.824238069896815],[111.26012827308314,34.82422861010381],[111.26073380000847,34.824075610886446],[111.26099783229219,34.824061005375945],[111.2611594575499,34.82398183868401],[111.26120633560153,34.82398173805158],[111.26129338237513,34.823997135555814],[111.26136837083385,34.824062221883736],[111.26153669744123,34.824247923948974],[111.26173401453953,34.82480255315263],[111.2618350051638,34.82508781930662],[111.26189283223688,34.825238917444416],[111.26209636813753,34.82538489454825],[111.26234061953018,34.82544835263806],[111.26260298974051,34.825447786621595],[111.26278871998235,34.825311034407136],[111.26287534954727,34.824941041792925],[111.26284914532708,34.82432196485235],[111.26273582041985,34.823783518408476],[111.26260610920356,34.82340959761991],[111.26246768790246,34.82325294702741],[111.26254328064849,34.823258991017916],[111.26261605160572,34.82324454216889],[111.26266548496316,34.823234831875745],[111.2627172797046,34.823215932935106],[111.26276288179345,34.82319693376934],[111.26281457629311,34.8231681709133],[111.26285812973738,34.82313501414066],[111.26290505997427,34.823086815497916],[111.26293946425473,34.82304540265273],[111.2629865636784,34.822976868784465],[111.26303223641968,34.8229131055204],[111.26309720556974,34.822791366218944],[111.26316738090597,34.82266552143187],[111.2632190480916,34.822516993087206],[111.26326727306395,34.82238634525424],[111.26328905923387,34.82233143400356],[111.26330827738055,34.822289114645585],[111.26333906241557,34.82223547562594],[111.26336401156432,34.82219181067424],[111.26341354458044,34.82212332815394],[111.26346783380482,34.822055300439644],[111.2635435560722,34.8219732932363],[111.2636227975527,34.82193853550181],[111.26369742312706,34.821878794419305],[111.26376879972828,34.821805249883624],[111.2638191201185,34.82175488736668],[111.26384722385988,34.82173671806904],[111.26391387585686,34.821703227779835],[111.26393693737333,34.821694002337765],[111.2640244401715,34.82166484759153],[111.26404995337113,34.82165801004246],[111.2640742180921,34.821652822969035],[111.26461506056737,34.82152735117043],[111.2647170048802,34.8214955964102],[111.26459727359163,34.821646427806854],[111.26452199537263,34.82188469623667],[111.26465773901752,34.82207001417445],[111.2648416419192,34.822136887783216],[111.26503592686277,34.82213646472692],[111.26506547945337,34.82216627566495],[111.2652074350882,34.8224230474561],[111.26523691986024,34.822575889662964],[111.26522159632542,34.82260495917123],[111.26515093861252,34.822655690187375],[111.26492176813946,34.82274695020549],[111.26469025063783,34.82295892583615],[111.26460424420875,34.82327279422023],[111.26459533178304,34.82354710524202],[111.26462099445538,34.82372286332177],[111.26477135836923,34.82391643679929],[111.26489366137663,34.824066744188336],[111.26497948195122,34.82430485486054],[111.26517286302463,34.82457504468951],[111.2653961004166,34.82467252726594],[111.26572635134902,34.8246990117683],[111.2658745049737,34.824555823344795],[111.2659496428783,34.82440767978541],[111.26604093539405,34.82428877492064],[111.26621645789959,34.824174512744456],[111.26621565062982,34.823923620713565],[111.26606674839282,34.82382192527029],[111.26587900374885,34.82374102433863],[111.26579361193244,34.82370607590011],[111.26577202842621,34.82367734565384],[111.26573862768575,34.823584671114915],[111.26573820404805,34.823583118917156],[111.26587841002944,34.82352497027037],[111.26625387813698,34.8234256227818],[111.26664081554264,34.82328911196199],[111.2669089840744,34.82310112069436],[111.26711116763991,34.82288432504779],[111.26712702297877,34.82266601919293],[111.267084001764,34.82259559391233],[111.26702144237053,34.82248804380565],[111.26693826523753,34.82240747743163],[111.26693435449299,34.82238689157882],[111.26696629419828,34.822248040064565],[111.26717593737807,34.82221557275067],[111.26739534808596,34.82207014278928],[111.26739519467424,34.82202267055466],[111.26748535621412,34.8221656824242],[111.2676508492353,34.82228775652229],[111.26792391753678,34.822343374435874],[111.26820099910366,34.822333980670265],[111.26844366015044,34.82232738536994],[111.26846037001873,34.822336512199],[111.26852140654243,34.82241650893209],[111.26860918786785,34.822586215849306],[111.26863815915625,34.822734828947944],[111.26865012688319,34.822757947032514],[111.26865350577047,34.82277450111033],[111.26866316269418,34.822823525305154],[111.26868786526036,34.82289660545616],[111.26869601175639,34.822959483090656],[111.2687210370347,34.82306526644196],[111.26874485544329,34.823165948689585],[111.26876945852936,34.82325613322294],[111.26880828422911,34.82335385633769],[111.26883502120351,34.823410417293495],[111.26886568625471,34.82346547593242],[111.26892312987891,34.82354108152352],[111.26904882106254,34.82359869916199],[111.26919418222006,34.82360078348733],[111.2692913420173,34.82360235146189],[111.26938105090136,34.82359337858652],[111.26946940540418,34.823584733150945],[111.26954163827827,34.82357082039517],[111.26960994348735,34.823549472487734],[111.26968260068591,34.82351820123041],[111.26975144344732,34.82348372667643],[111.26982558696427,34.82341586936902],[111.26985094584373,34.823344605642944],[111.26985870022115,34.823298703262054],[111.26985773340117,34.82324223501063],[111.26984904013294,34.82318693949813],[111.26983540816805,34.82313293313158],[111.26982835021252,34.82310748045221],[111.26982253737114,34.82293323078027],[111.26984647319179,34.82262039692182],[111.26989619825133,34.82218476493802],[111.26983149150345,34.82169326516802],[111.26968723724059,34.82090191209825],[111.2696169791172,34.820221235375044],[111.26962148915538,34.82009111904336],[111.27013400077325,34.82006735426021],[111.27048017032057,34.81997448489403],[111.27072361335094,34.81988467537163],[111.27092263355647,34.81965559238106],[111.27135604155505,34.819333898845166],[111.27157056235987,34.81925407841485],[111.27158085097423,34.81925405545096],[111.271594007567,34.8194351637733],[111.27156534288869,34.819943453476604],[111.27177024927116,34.821062312191465],[111.27190840098137,34.822266968468114],[111.27197351265785,34.822544554332815],[111.2721686115975,34.82285213759462],[111.2722032133003,34.82295291582512],[111.27219704104395,34.82319425049425],[111.27213414346481,34.82385111693669],[111.27218197643748,34.82410277986348],[111.27215905287247,34.82426718089928],[111.27204277270022,34.824448727221025],[111.27179480385182,34.82486016208837],[111.27156983449217,34.82556820407274],[111.27157063410199,34.825811800901576],[111.27176301730691,34.82598522906733],[111.2720167182925,34.82600788232263],[111.27242810386873,34.82595478939194],[111.27267243288343,34.82574272899154],[111.27281586530523,34.825467369610585],[111.27296547457405,34.82514283892503],[111.27304012176003,34.82484737536504],[111.27323450912972,34.82415450145256],[111.27332839158458,34.82381265228683],[111.27343320251347,34.82359104226978],[111.27345651314741,34.82321020438922],[111.27336182434802,34.8228540363251],[111.27339232050994,34.82261332209159],[111.27342613128363,34.8224240580704],[111.27349597515587,34.82209266312935],[111.27352712589145,34.82192715529825],[111.27362577767364,34.82173260920317],[111.27363938527786,34.82150787151324],[111.27362563023924,34.82119352884898],[111.27360542137839,34.82110612074296],[111.27361447609609,34.82086674992247],[111.27363278439627,34.820735432415375],[111.27365574035177,34.82066990982973],[111.27372170868466,34.82059179969395],[111.27380348336983,34.8204512351565],[111.27383754510082,34.820399122105215],[111.27389831326305,34.82025260230942],[111.27395881186013,34.819985766039075],[111.27396480757572,34.819806614199194],[111.27391111226031,34.81965574496909],[111.27384960199578,34.819441802043606],[111.27373590939389,34.819273355102844],[111.27369079891146,34.8191794849297],[111.27366439426018,34.81909344284999],[111.27366062274865,34.81901262399205],[111.2736781880889,34.818909298593404],[111.27368497120038,34.81885437504407],[111.27368431181768,34.81865499796408],[111.27360190179147,34.81835696186304],[111.27359418603514,34.81816450360638],[111.27361350181857,34.81811954847605],[111.27382834884422,34.81788623626725],[111.27414754583361,34.81771841920499],[111.27463436354391,34.81754518783018],[111.2746546707137,34.81753767023181],[111.27469255385111,34.81752369313263],[111.27476964437382,34.8175189804895],[111.27506633450116,34.81749266963044],[111.27536368340405,34.81739405560775],[111.27552874061416,34.81774509815552],[111.27582433769855,34.81793045808805],[111.2759800733297,34.81780131465038],[111.27597907119633,34.817500807694955],[111.27609957689755,34.81721433400703],[111.27618537931671,34.8169279389624],[111.27642820417661,34.81689876788698],[111.2766884268244,34.81688386660331],[111.27693177809265,34.81701210242131],[111.27677666758184,34.817327275324104],[111.27689855875613,34.81745578831729],[111.27722838232721,34.81749796770678],[111.2776624103695,34.8175685281248],[111.27769668202255,34.81743965960417],[111.27753931809919,34.81708226826661],[111.27767745815936,34.81688161360419],[111.27807663663113,34.81690932167504],[111.27852801461225,34.816979839366375],[111.27871916844094,34.817065261567116],[111.27861607152705,34.81736600780672],[111.27865440734044,34.81765354542365],[111.27856304954945,34.81782181650014],[111.27850614477182,34.817974328678964],[111.27846098684391,34.817981767680614],[111.27838509381587,34.81852935213359],[111.278350091956,34.8188435625223],[111.27833646304464,34.81888711090854],[111.27831432360362,34.81890686900462],[111.27821763022085,34.81897286127309],[111.27805135197634,34.819143471104304],[111.27802078890052,34.819382647157084],[111.27809530299477,34.81978594374296],[111.27814005181588,34.82011403364884],[111.27821658165026,34.820398991570286],[111.2784981422423,34.82089131757106],[111.27872801180872,34.821345878797764],[111.27890719092525,34.82167332136992],[111.2789608110279,34.8218863251253],[111.27898746884786,34.82215674714915],[111.27900564832726,34.82235857536637],[111.27911696673605,34.822495347297355],[111.27962575341526,34.82291768575694],[111.27964667601084,34.82295196501389],[111.27975854797319,34.823043707134055],[111.27980554409258,34.823082246847086],[111.27982233825321,34.823101016059965],[111.2798469700469,34.82313633778981],[111.27987707721728,34.82319431277263],[111.27987987502667,34.82320548106658],[111.27989647823284,34.823304794936185],[111.27992323781025,34.823385189262744],[111.27993741075215,34.823439469967596],[111.27994534178958,34.82349815397778],[111.2799537701931,34.82356233001008],[111.27996581506646,34.823617292562346],[111.279979466506,34.82369090510952],[111.27999287875093,34.82372257578874],[111.27999633062215,34.8237406338218],[111.28003001893123,34.82383958113414],[111.28005554864711,34.82392533530943],[111.28008254767215,34.82399886032815],[111.28013686848011,34.82408041796104],[111.28018484613365,34.82413614236401],[111.28024709104173,34.82420061447927],[111.28031367822668,34.82427036780957],[111.28040378320298,34.82433809823348],[111.28051524231743,34.82441688738077],[111.28067796656127,34.82448655943622],[111.28082647242489,34.82454346322864],[111.28095510499993,34.82459429849701],[111.28097874284086,34.82460189143608],[111.2811019329708,34.824656885583295],[111.28122035351608,34.82470721684078],[111.28130521892224,34.82475295178106],[111.28140296636894,34.824805035214034],[111.28144259235575,34.82483071744935],[111.28147039757293,34.82485030286884],[111.28153185176575,34.8249048886259],[111.28158726219573,34.824949177159766],[111.28165448845012,34.825021515298516],[111.28172385080757,34.82509033837914],[111.28174325192232,34.82511749517132],[111.28177517658172,34.8251738005555],[111.28183068837649,34.82522657547491],[111.28187498734644,34.82525984288717],[111.2819184763415,34.82528925594667],[111.28201627265153,34.82533613405061],[111.28212842450755,34.825343151082784],[111.28222953438167,34.82532278548785],[111.28227780546106,34.825304335307884],[111.282285924161,34.82530342588261],[111.28231105246039,34.825303076423964],[111.28231909243034,34.82531977794022],[111.28232827236086,34.825330988151954],[111.28240891314454,34.82587022551189],[111.28243622134488,34.82623011315972],[111.28246397512457,34.826553948036],[111.28248446859331,34.82673405173068],[111.28264334710065,34.82688282025193],[111.28289976281087,34.82688222428697],[111.28310588592281,34.826796700832354],[111.28318474190154,34.826599935225005],[111.28318323865481,34.82616077220544],[111.28316028517392,34.82528882487071],[111.28308363421912,34.824464915674156],[111.28303849047694,34.82424543556596],[111.28295038053443,34.82402172500891],[111.28285874976335,34.82377389733915],[111.28274473439933,34.823559062585474],[111.28261484375973,34.823342969272076],[111.28256393221692,34.823156660556364],[111.28250524599312,34.822941904367376],[111.28238156090917,34.82266709771437],[111.28235517260472,34.82253885643242],[111.28235548165628,34.822524998400745],[111.28242807508536,34.82247736728234],[111.28246382423188,34.82229139994996],[111.28243734590178,34.82209995950529],[111.28240096334312,34.82193603402124],[111.2823614733129,34.82182334714936],[111.28231056151559,34.82174960767799],[111.28227133747366,34.82166035851804],[111.28221368339243,34.82142623843348],[111.28220421424389,34.82138778297257],[111.28219172041801,34.82121529542508],[111.28220604629342,34.82112275718921],[111.28229242141009,34.820966981317554],[111.28254424624096,34.820592717031786],[111.2826506652386,34.82044709646515],[111.2827049720682,34.82025064580388],[111.2826975444253,34.82003551809893],[111.2826378151988,34.819951973897425],[111.28263496983561,34.81995096011489],[111.28257718305547,34.81965839685821],[111.28277852218015,34.819335954833676],[111.28313875573281,34.81896544219026],[111.28323733110176,34.81872075041501],[111.28327981257361,34.818458301646785],[111.2834023120995,34.818338766607646],[111.28356861958108,34.81834434104328],[111.28387284756101,34.81851058206862],[111.28403217072511,34.818587723111285],[111.2844296715357,34.81854505673842],[111.2847697023998,34.81860984864962],[111.28508826999183,34.818740278038355],[111.28519675991404,34.818751948503284],[111.2852326625495,34.81868031430423],[111.28518135525448,34.818477710046416],[111.28523876250156,34.818352362904875],[111.28539030227424,34.81826853281241],[111.28572302013758,34.81830948890017],[111.28625821677669,34.81836189349905],[111.28665734723465,34.81837287855062],[111.28688871984247,34.81837710348401],[111.28705645297227,34.81837670788763],[111.28716033142706,34.81830968297726],[111.28712539673087,34.818242985619825],[111.28691691210264,34.81816715712342],[111.28651147822131,34.818005932305894],[111.28599651488676,34.817949904475476],[111.28585148982856,34.817826225237226],[111.28595513782919,34.81769242118129],[111.286151508884,34.817610869892185],[111.28639419894077,34.81754351910373],[111.28693155790619,34.81738675147376],[111.28732485819896,34.81738582338896],[111.28786900394465,34.81751809686616],[111.28882972050631,34.81768753993455],[111.2896058259957,34.817990975435194],[111.29026555602178,34.81809434334814],[111.29108800798134,34.818416737947565],[111.29149405754866,34.81874966570886],[111.29191103839861,34.81890130568411],[111.29215507575776,34.81921553970851],[111.29210759443625,34.81940561875571],[111.29195256268716,34.819727965919725],[111.29200939921648,34.819853042053865],[111.29208332149187,34.81990294945183],[111.29212734570153,34.82008529647096],[111.29216234103404,34.82016749459591],[111.29220555706065,34.82012088367268],[111.29227437066888,34.819952575509056],[111.29234288177109,34.81969840909468],[111.29250272957087,34.81951199452969],[111.2929849452252,34.819197803919],[111.2934617629012,34.81909529261789],[111.29393179381871,34.819118007474906],[111.29427177067743,34.819164885426545],[111.29431563813455,34.81930191745528],[111.29396230142747,34.81956512136589],[111.29368090430857,34.81972678751259],[111.29366722648504,34.81994743335552],[111.29366103400291,34.82023961022724],[111.2936617322732,34.820436371052196],[111.29369082109669,34.82048400054308],[111.29385694291913,34.82043589974953],[111.29382000962805,34.820215376131365],[111.29391258168066,34.81981566561341],[111.29420133618935,34.819689755247936],[111.29481590658874,34.819694230503764],[111.29512696592434,34.819741176117354],[111.2956622626955,34.819817389358874],[111.29610378322182,34.81995345289162],[111.29629225441971,34.82009013128788],[111.29633627518356,34.82026889908226],[111.2961278630593,34.82062119367638],[111.29599123875933,34.82083021329782],[111.29600599719546,34.820913652084684],[111.29633800474431,34.820751856439166],[111.29675619566059,34.820428863132435],[111.29686458132235,34.82041071123706],[111.29705273484511,34.820457951721444],[111.29716905751997,34.82063654265931],[111.29737285004062,34.82101168129823],[111.29746681933948,34.82100548969869],[111.29752324493472,34.820611826793275],[111.29752338699181,34.820598135893654],[111.29757911414082,34.82061646941906],[111.29761344637107,34.82065161869764],[111.2977349360926,34.82091825387906],[111.29792108458338,34.821108834960114],[111.29807142736786,34.82121438733061],[111.29829141965475,34.821282830073564],[111.29853675069468,34.8213046841913],[111.29890859384186,34.821297642603426],[111.29920973751524,34.82133548708944],[111.2994090837971,34.821391405770214],[111.29951673175948,34.82144647992107],[111.29954467071416,34.8214921827186],[111.29961029995125,34.82174269032165],[111.29961104200461,34.82194762486495],[111.2996095427687,34.82195710683669],[111.29950683251325,34.8220252319493],[111.29937794978107,34.8221649767548],[111.299221958744,34.82245138638096],[111.29901478665927,34.82292955498858],[111.29880245420337,34.82335028841692],[111.29859778994957,34.8236114421624],[111.29843391190147,34.82377317777582],[111.29821934845147,34.823943919859516],[111.29786141469508,34.8242985450733],[111.29763914370649,34.824511895493174],[111.29766412592849,34.8247311075161],[111.29785321071148,34.82488599294027],[111.29835377020255,34.824772967898475],[111.29858310055779,34.82478290127474],[111.29875951116631,34.82485504305276],[111.29897601633299,34.824887942533586],[111.29922215359306,34.82483320986202],[111.29938909143827,34.82466020623177],[111.29948881367606,34.82445993808103],[111.299737364462,34.824233959372556],[111.30011474686901,34.8237985688546],[111.3001483464045,34.82378053628693],[111.30020653372323,34.82383296178453],[111.3004182162414,34.82394322740876],[111.30069739661235,34.82385617230195],[111.30107753709763,34.82356659231296],[111.30124445005306,34.82327202986498],[111.30130373915622,34.82300227270524],[111.30130495226526,34.823000114440745],[111.30147967652496,34.823143228628155],[111.30179259506833,34.82341302048625],[111.301881856172,34.82352263888915],[111.30211922621488,34.8235220496986],[111.30229038321805,34.82352162457209],[111.30243814144237,34.82337461675639],[111.30247649214533,34.82314853730158],[111.30241674879457,34.82283483088546],[111.3022757944118,34.82242909800969],[111.30214292403481,34.822231240523955],[111.30177778699199,34.82175475964129],[111.30169169473491,34.82162360770192],[111.30175206445985,34.82162211309933],[111.3021340928131,34.821690223531135],[111.3028476933048,34.82196946169804],[111.3032955819314,34.822159099670856],[111.303651842603,34.822302823552185],[111.30379417972377,34.82244330562475],[111.30383892280669,34.82261100493596],[111.30390923766787,34.822966241735905],[111.30392617463367,34.823153641255864],[111.30391676694862,34.82332309199236],[111.30380735283117,34.823639879282275],[111.30373255379303,34.824110583322664],[111.30364686641573,34.82431107951324],[111.30352242538143,34.82452925513102],[111.30345868737122,34.82473534281999],[111.3034507302728,34.824867555522694],[111.3034558842482,34.824955173661714],[111.3033926255976,34.82507152974406],[111.30296679369839,34.82556479677052],[111.30286732410431,34.82578286442713],[111.30288692025806,34.82609454670413],[111.3030184598838,34.82626681205512],[111.3033235104974,34.82638750088864],[111.30362057996487,34.8264003566848],[111.30388015363299,34.82638952094681],[111.30402768847985,34.82621472872153],[111.30402705002132,34.82604099354469],[111.30404743356979,34.825894403017884],[111.3040684994397,34.825859422734354],[111.3041207031453,34.825825756386145],[111.30423491557275,34.82579406859779],[111.30434777396906,34.82575387933417],[111.30449873421185,34.82557390479353],[111.30484552197684,34.82501561205433],[111.3048557840539,34.82499781514176],[111.30484703481528,34.82511113285492],[111.30504460035154,34.82528449525417],[111.30526140790529,34.82529883547152],[111.30548476037424,34.82519072193687],[111.30561784779675,34.82504971624599],[111.30571901220789,34.824892261563484],[111.30585354314641,34.824581934768176],[111.30585287309195,34.82440067922163],[111.30586276231564,34.824377018619074],[111.30595103531756,34.82431790067055],[111.30609392597287,34.82422574668026],[111.30618560878072,34.82402239967419],[111.30604569421166,34.82384540745244],[111.30572959098535,34.82364799489738],[111.3056276545106,34.82352116008195],[111.30561010622479,34.82348656315968],[111.30561775824496,34.823429860875294],[111.30571652803955,34.82324432799187],[111.30583664503025,34.82278431393689],[111.30586826727853,34.822539663351634],[111.30591377173589,34.82247547164876],[111.3059515516771,34.82245126406019],[111.30610282715247,34.822408402137754],[111.30673883032233,34.82237513943103],[111.30685865014753,34.82237977249223],[111.30686056632915,34.822443443833045],[111.3068940957749,34.82276748297509],[111.30701167885128,34.82291622377544],[111.30726163016209,34.82300029425343],[111.30769127579612,34.823026844656276],[111.30804353291919,34.82301143798908],[111.30826526101995,34.82297254145282],[111.30844199759085,34.82293298787703],[111.30839403091811,34.823110344656804],[111.30831873040206,34.82337011945085],[111.30830147787194,34.82348177875805],[111.30835251817132,34.82360667610584],[111.30849937630185,34.82373327664647],[111.30852514931655,34.82376176239856],[111.30854000302102,34.82382940132294],[111.30855569659383,34.82401408375713],[111.30858858505431,34.8244025717065],[111.3085811812311,34.82458948057909],[111.30852671569191,34.8247997361978],[111.30839285036998,34.82527635359162],[111.30838617989743,34.82549884803056],[111.3084813910506,34.825636658610016],[111.30856349270871,34.825770928289764],[111.30868342173625,34.82595729507975],[111.30866361998392,34.82597840754178],[111.30850025907253,34.8260587341143],[111.30837149895393,34.82629406486257],[111.30839187525291,34.82650387194466],[111.30854570841069,34.82667180390849],[111.30878080248425,34.826804106060074],[111.30903715593776,34.82684115280805],[111.30924470964534,34.826767234862935],[111.30938800073173,34.82664843410655],[111.30957545390102,34.82641519025769],[111.30966776890466,34.826116638154204],[111.30976549201448,34.82573751636121],[111.30975970903886,34.82552399009955],[111.3097259907009,34.82538727965242],[111.30968173758178,34.825228502575534],[111.30968662415783,34.825117051260825],[111.30974435538775,34.82501863764959],[111.30984017812231,34.82485549718254],[111.3098727147618,34.824687798981984],[111.30990419595922,34.8242223099111],[111.30991947484607,34.82398583697252],[111.30995745154547,34.823920327973],[111.31002851789968,34.8238171118053],[111.31011870783361,34.823680992441574],[111.31021430151057,34.823593805525526],[111.31030376860056,34.82344521512223],[111.31033253399251,34.823270592774115],[111.31035553755804,34.8229170192356],[111.31030382427394,34.82266611790941],[111.31019149192025,34.82251292028155],[111.30993002651356,34.82227203613125],[111.3098312586675,34.82211050887264],[111.30981784326079,34.822040100013595],[111.30983441359253,34.8220002562676],[111.30992059941381,34.821994962754566],[111.31009542579561,34.82199451730993],[111.31032480024137,34.82203539533996],[111.31063712883147,34.82214558566083],[111.31067670440073,34.82214645813163],[111.31095624510132,34.822240939627854],[111.31119138402687,34.822332870399094],[111.3114279854442,34.82246473012069],[111.31162379338876,34.822604515357924],[111.31176515724849,34.82273681210407],[111.31190120571769,34.82288210073876],[111.31200698045309,34.82296005527465],[111.31219583808846,34.8230090390334],[111.31233125660286,34.8230198472713],[111.31249591224048,34.82303079390198],[111.31265613480151,34.82302304574378],[111.31280437839749,34.822986702251974],[111.31290993252057,34.82295056753089],[111.31303809793518,34.822921077392735],[111.31307447903312,34.822924313574084],[111.31322795297797,34.82298132364376],[111.31333311765725,34.823045895431626],[111.31340359817003,34.82312522954532],[111.31342259441467,34.82315629260624],[111.31342285521316,34.8232251403479],[111.31340009435269,34.82336433174142],[111.31337003523484,34.823580671542445],[111.31338530969208,34.8236192583041],[111.3133790482509,34.823678067668006],[111.31337630702714,34.823777408650955],[111.31337989329711,34.823962357786755],[111.31337719691382,34.82408883454222],[111.31337919946994,34.82414482465523],[111.31337816719025,34.824303445724766],[111.31336895842388,34.82437776413216],[111.31334665612752,34.82442138376406],[111.31331433655282,34.82451721962628],[111.3132920142371,34.82456596198249],[111.31326821737264,34.82461068065429],[111.31324924638729,34.82466489220993],[111.31322480932091,34.82475937998083],[111.31321572652719,34.82480811978528],[111.31321055638841,34.82485380276811],[111.31320523494024,34.824905429101534],[111.31320516278133,34.82495191382949],[111.31320450398613,34.82499849381336],[111.31320787879945,34.825048841200406],[111.31321694811513,34.82509845731035],[111.31322728149503,34.825137502095814],[111.31324105642747,34.8251809945645],[111.31325950614801,34.82521426478369],[111.31327481987907,34.82523573106733],[111.31329258114184,34.82525807802874],[111.31331641766059,34.82528209136362],[111.31335154220501,34.82531000845044],[111.31340857446877,34.825349076259506],[111.31345404724259,34.825376915278845],[111.31351058168022,34.82539852862031],[111.31356570573205,34.82541400520163],[111.31359481819601,34.82542257013102],[111.31362261849269,34.825428423404986],[111.31364375500169,34.825433072448135],[111.31383044378035,34.825489788767406],[111.31394214401887,34.82550150008882],[111.31405608818656,34.82548751458129],[111.314200137803,34.82545744498123],[111.31441688826587,34.82532048087253],[111.31460019363695,34.82511777057414],[111.31477326680529,34.82486309344406],[111.3149622183955,34.82455530384947],[111.31526835320746,34.82418913554948],[111.31533895592814,34.82412025381588],[111.31540537054306,34.82415421876524],[111.31619780926535,34.824945872198555],[111.3162437997057,34.82499799717829],[111.31623803917233,34.82505465371575],[111.31618483645828,34.82520247542279],[111.316232958138,34.82541034045547],[111.31655874676085,34.82562214268015],[111.31695474368519,34.82584227580454],[111.31737007016396,34.82612367975082],[111.31792610833482,34.82662750304186],[111.31837566708808,34.82700327039334],[111.31874966611801,34.82727186687516],[111.31899083055129,34.82750048262315],[111.31925177083308,34.82776157135503],[111.31957996598688,34.82792864309055],[111.31981084140172,34.82805117812493],[111.32006264682764,34.82823218672402],[111.32063513618176,34.828743984700104],[111.32109153910103,34.829136958622406],[111.321209670722,34.829172001648004],[111.32096483360053,34.82938356461957],[111.32039238582105,34.83006308604926],[111.32016140980765,34.83025770505404],[111.31976287691828,34.83051671783079],[111.31971338252835,34.83055921749236],[111.31967246704471,34.83062143893877],[111.31965301797943,34.8306903771175],[111.31965583821395,34.83074888973751],[111.31966963744965,34.83081367251762],[111.31968701081965,34.83086415955643],[111.31972172546222,34.830918915137524],[111.31976924494279,34.83096668903233],[111.31982586983035,34.831004343249965],[111.31988666868962,34.83103129311424],[111.3199499561225,34.83104903217042],[111.32001859249881,34.831058285731764],[111.32009484401125,34.831056522093625],[111.32015524735922,34.83104960442467],[111.32021376432698,34.831037724055435],[111.32027048144693,34.83102092763385],[111.3203119172593,34.83100449772937],[111.32038793346068,34.830976429766004],[111.32044063367117,34.830957252419886],[111.32055403857493,34.83092094348696],[111.32059184890377,34.83089933726469],[111.32119279738849,34.83072650979603],[111.32153166067087,34.830656903377715],[111.3219001018742,34.830598069756576],[111.32190738869599,34.83064630712035],[111.32195315448598,34.83091786546255],[111.32195400158989,34.83113550170977],[111.3219547729604,34.83133367864985],[111.32188984635366,34.83151149455835],[111.32172470231754,34.83176804808233],[111.32151545260885,34.83204129024928],[111.32145882356049,34.8322113769825],[111.32145950830576,34.83238756258409],[111.32156422938053,34.83253743889702],[111.32172572749923,34.832622377510866],[111.32194707929965,34.83261219197784],[111.32212657393558,34.832485389654074],[111.32227741781726,34.83233596743259],[111.3226938634448,34.83199398428798],[111.3229196602762,34.83177231685386],[111.32310473954952,34.83158131291945],[111.32313710236559,34.83154829148266],[111.3231621305177,34.83151628016337],[111.32337765636251,34.83127081235308],[111.3234645725362,34.8311590380108],[111.32347570723815,34.83117233205041],[111.323521544523,34.83121733532516],[111.32359591130198,34.831299085032406],[111.323737537171,34.83146727789882],[111.32376265855716,34.83150299946777],[111.32377796660498,34.83153626107845],[111.323788233611,34.83157445956952],[111.32379389505911,34.83162523678298],[111.32381062912114,34.83180074957575],[111.32387625279105,34.83199431171797],[111.32399335411006,34.832158492503105],[111.3242059423815,34.83234883346026],[111.32437095771978,34.83254617319063],[111.32454377583618,34.83271977415022],[111.32490912645127,34.83289790865714],[111.3253227165648,34.83311995923065],[111.3256355880639,34.83327349195114],[111.32617552916622,34.8334331216915],[111.32689855780472,34.833625936301516],[111.32738491231198,34.83371747834171],[111.32763823927039,34.83370332757255],[111.32783749408162,34.8336592962711],[111.32797730166602,34.83367287585021],[111.32803799170773,34.83369438104039],[111.32823766465386,34.8337651344173],[111.32845655944524,34.83389409774874],[111.3285713327296,34.83397921827544],[111.32852805335651,34.833969362940785],[111.32842315788778,34.83395429708237],[111.32834657961055,34.83394872490193],[111.32827845977845,34.83394925668431],[111.32820980381877,34.833954909843825],[111.32811928755059,34.833970425586806],[111.32798495477763,34.83400272904885],[111.32785812714187,34.83404475179516],[111.32770439414489,34.83410307845284],[111.32762537633889,34.834142099386234],[111.32755451539064,34.83419722620726],[111.3275169524443,34.834237325295014],[111.3274712986383,34.834304243057446],[111.32739818121743,34.83448313938311],[111.32739117237375,34.83449663331782],[111.3273869866459,34.8345019430288],[111.32738176189243,34.834506584892075],[111.32736814894365,34.83451513257211],[111.32722210250282,34.83459146509082],[111.327164732102,34.83462466662785],[111.32711993253166,34.834656161331615],[111.32707667902118,34.834683299888844],[111.32701404456752,34.83473833937307],[111.32689686602917,34.834870995575336],[111.32678787567069,34.83501007019078],[111.32673774007269,34.8350956290042],[111.32668104745485,34.835186252359016],[111.32665789141122,34.835223577631936],[111.32663584136911,34.83525417456417],[111.3263822038597,34.83549283198056],[111.32633674699062,34.83554301784255],[111.32629731426614,34.83560467230186],[111.32626999194474,34.8356706327193],[111.32625692073339,34.835732335443765],[111.32622498992829,34.836009109352375],[111.32622281054317,34.83605276201785],[111.32622670661242,34.83610119295151],[111.3262368754923,34.83614900131978],[111.32625374866873,34.8361972045489],[111.32627919292038,34.83624595086749],[111.32631386687355,34.83629258928099],[111.32635685351853,34.836335235605816],[111.32640703770109,34.83637194038728],[111.32645644746461,34.83640133324477],[111.32654335572782,34.83644175594939],[111.32659957006136,34.83646147465715],[111.3266960103958,34.83648608269133],[111.32682347336647,34.83650413974243],[111.32704502763451,34.836469435230214],[111.32718393462123,34.83635424194003],[111.32727185911122,34.83624887393531],[111.32756300929952,34.835904852390996],[111.32773192122853,34.83563165281664],[111.32787541198344,34.83540587490889],[111.32795229628007,34.83534961303064],[111.32811095163738,34.83531542317198],[111.32833719768018,34.83536802073794],[111.32867767478666,34.835503184268134],[111.32872100630804,34.83552017671048],[111.32873476306317,34.83558465563241],[111.32878071150063,34.83576160300131],[111.3288407737755,34.83586674071322],[111.32896854891328,34.83597879023984],[111.32932369591484,34.836087421846095],[111.32990005719947,34.836302497858675],[111.33014639956197,34.836362657995885],[111.33033252677478,34.836355181267216],[111.33040506532983,34.83632838387998],[111.33045131920372,34.836408675968215],[111.33050222873327,34.836744042379976],[111.33050271733369,34.83686629917077],[111.33059176468669,34.837053133367846],[111.3307999164932,34.837255927498944],[111.33100414197979,34.83743760938637],[111.33132663739727,34.83770909736295],[111.33159974358725,34.83785123988396],[111.33186488606758,34.83783370838317],[111.33214691742029,34.837599809869126],[111.33247930978224,34.836999941623134],[111.33249130961892,34.83684118989269],[111.33250604671436,34.83662582801116],[111.33250347133739,34.83652557746565],[111.3325235704919,34.83652467340531],[111.33268619717798,34.83656963780696],[111.33290630897534,34.836648102152644],[111.33302854686073,34.8367503678956],[111.33318574368614,34.836963480568066],[111.33340178782083,34.83707636888722],[111.33348471189348,34.83708804189994],[111.33356323871294,34.8370907282142],[111.33364286207164,34.837084199138495],[111.33372059000956,34.83706853589232],[111.3337877330812,34.83704640523427],[111.33394210130709,34.836984831332344],[111.33401350156049,34.836945684809336],[111.33407305211485,34.8368887320348],[111.33410185050752,34.83684780138973],[111.33413018333816,34.83678878988522],[111.33416385187138,34.836652557702386],[111.33417576001085,34.83662153838228],[111.33419167520107,34.83658977521259],[111.33421295600266,34.8365558285253],[111.33430935856715,34.836416901803545],[111.33434194304873,34.836362556840605],[111.33436756754637,34.8363024611224],[111.33437922261653,34.83626377154194],[111.33438960327615,34.83620353383251],[111.33439868003089,34.83607606229462],[111.33439274636771,34.835934778361],[111.33439163094008,34.83589630686523],[111.33438111096969,34.83581771095058],[111.33436557052184,34.83575390913018],[111.33435796049496,34.83570524980466],[111.3343532227077,34.83560446980004],[111.33435267091241,34.835540184189746],[111.33435590523224,34.83547757469676],[111.33436290442792,34.83541517569871],[111.3343740340365,34.835350923781164],[111.33438900559936,34.835277559839604],[111.3344005540196,34.835242813279066],[111.33444467158637,34.83514736146311],[111.33450198368236,34.83508713712064],[111.33454314899602,34.83505700991895],[111.33460219695594,34.83504838154698],[111.33489685146424,34.83504757073463],[111.33521324090677,34.83507461846079],[111.335432066637,34.83510917178109],[111.33558154733262,34.835156371601215],[111.33575049482167,34.835242722210964],[111.33590941818886,34.835337279590064],[111.33595745242012,34.83543026002032],[111.3360249953524,34.83563939805471],[111.33603113101834,34.83575922346417],[111.3360230928507,34.83581019203242],[111.33600976678419,34.83583644162431],[111.33593823411832,34.83591787988258],[111.33585170284341,34.83605715021915],[111.33583605712259,34.8362113539556],[111.3358969599679,34.836317938888506],[111.33595009138676,34.83637590197424],[111.33603732081328,34.83648939188081],[111.33623426232094,34.83667070200694],[111.33625114769976,34.83670377736214],[111.3362455637449,34.83671113742278],[111.33604420421817,34.83686315916492],[111.3358834747892,34.837103405815284],[111.3358095973829,34.83728806371882],[111.33579062366317,34.83744985559594],[111.33572336028293,34.83759445038876],[111.335652792833,34.837725315988024],[111.33557660072361,34.83779594553789],[111.33547589223116,34.837857512351164],[111.33521450412759,34.83798707935268],[111.33481681302901,34.83832994392821],[111.33477009260383,34.83835149613675],[111.33456343491244,34.838323012498215],[111.33435249405731,34.838401915301034],[111.33395637089914,34.838787619091384],[111.33376781630976,34.83897804397913],[111.33364695434726,34.83911053460072],[111.33357594386149,34.83923840393099],[111.33356398673415,34.8393867056305],[111.3335402361089,34.83946207748327],[111.33344359003713,34.83959494858941],[111.33333072324808,34.83971853996479],[111.33327419056302,34.83990750071138],[111.33344506076884,34.84006729899862],[111.33370531263407,34.84005833568976],[111.3339463287886,34.839931049833716],[111.33416970763975,34.839714893161194],[111.33430182592843,34.839581249754886],[111.33440910702365,34.839524014216686],[111.33481921457442,34.839398557532775],[111.33497718358726,34.83935512755595],[111.33496562768161,34.83936597349681],[111.33488778514649,34.83945207700716],[111.33481794127444,34.839594679957386],[111.33483011461139,34.83975601091229],[111.33488501778292,34.83994117538179],[111.33494116573534,34.8401010556767],[111.33501736773123,34.84019411838553],[111.33523259768374,34.8404688820404],[111.33525526928749,34.840502239028275],[111.33525564726791,34.840595462759644],[111.33527598771398,34.840778400265314],[111.3353587701642,34.84095284388749],[111.33546570369872,34.84109856708845],[111.33556232715381,34.84122747233758],[111.33560716774396,34.84130405520612],[111.33568200873758,34.84154293285601],[111.33576239979979,34.84169294127242],[111.33596583143189,34.841762116501954],[111.33614796089145,34.8417365931255],[111.33633597968372,34.84161181969728],[111.33639339535128,34.84134680390272],[111.33633526513094,34.84100799166033],[111.33627470326584,34.840780056698925],[111.33622156033846,34.84049820007231],[111.33613987363286,34.84026874956292],[111.336039643658,34.840097889953924],[111.33603794277158,34.840077247142894],[111.3360446920986,34.84006980545374],[111.33619483345556,34.839873042734986],[111.33631463666312,34.83967397679632],[111.33643551832157,34.83949639356737],[111.33643454194319,34.83925641694183],[111.33642658862145,34.83911650620471],[111.33642576827013,34.83891487026531],[111.33644876946133,34.83888304485],[111.3365525296073,34.83879160625096],[111.3366810762662,34.83867165432116],[111.33681108029394,34.838515831433085],[111.33692691970168,34.838415382904664],[111.33715386126173,34.83834391924463],[111.3374438401696,34.838251650825235],[111.33749693557668,34.83821128386958],[111.33750688467103,34.83828286905176],[111.33757319188146,34.83847699488556],[111.3376860239556,34.8385342767959],[111.33779999886615,34.83863656963842],[111.3378486102296,34.83870363775919],[111.3378683833764,34.838772405780716],[111.3378660167242,34.83884231967984],[111.33780462842748,34.83896429120349],[111.33769258512213,34.83909710747454],[111.3376532905446,34.83924661670482],[111.33764645787265,34.83926947358842],[111.33763912121329,34.8392987624714],[111.33763289678161,34.83933028013775],[111.33762882494395,34.839363648716834],[111.33762788789988,34.83938344069407],[111.33762831416202,34.83941447117127],[111.33763028172164,34.8394432988512],[111.33763288782386,34.83946946291898],[111.33763581501876,34.83949420548605],[111.33763895595817,34.8395182795209],[111.33764231060144,34.839542210540905],[111.33764596507127,34.83956647334577],[111.33764998943028,34.83959082255968],[111.33765116665502,34.83959745360944],[111.33765552129609,34.83962075718153],[111.33765971396464,34.839642681156796],[111.33766329074858,34.839662374970544],[111.33766586437044,34.839678974352154],[111.33766725449983,34.8396924951261],[111.33766750763255,34.83969986608744],[111.33766718462824,34.83971447329899],[111.33766609157148,34.83972952523637],[111.33766416120079,34.83974515008531],[111.33766337797259,34.83974986478807],[111.3376594906432,34.83977005255662],[111.33765462015128,34.83979498983591],[111.33765002774709,34.83982457487204],[111.33764806420615,34.8398451971841],[111.3376467293046,34.83987438557509],[111.33764659127714,34.83990189674064],[111.33764713248421,34.83992787363767],[111.33764816721046,34.839953422801685],[111.33764974857434,34.83997950407807],[111.33765218733151,34.840007251469075],[111.33765593326713,34.840035701028995],[111.33765773553202,34.84004626586329],[111.3376634030194,34.84007379516611],[111.33766993599198,34.840100419762855],[111.33767670190244,34.84012545273841],[111.33768376395172,34.840149913402676],[111.33769134194316,34.84017461691397],[111.33769987791715,34.84020045082714],[111.33770982257643,34.84022747879164],[111.33771838661683,34.840248135875214],[111.33772959404735,34.84027302040426],[111.33774074853798,34.84029645201959],[111.33775173359197,34.840318817746],[111.33776266176699,34.84034064008402],[111.33777363830652,34.84036225676709],[111.3377847933055,34.840383933347404],[111.33779632144089,34.84040595412727],[111.33780855340422,34.84042871210076],[111.33782132323134,34.840451457762356],[111.3378224342251,34.84045337826814],[111.33783581072792,34.84047582748488],[111.33784948518425,34.840497880157166],[111.33786820529308,34.840527431094884],[111.33800895719011,34.84081451508104],[111.3380327171638,34.84092204936801],[111.33800443947807,34.84113836607851],[111.33798204220155,34.84129012157769],[111.33791688980912,34.84143929074459],[111.33775362425177,34.84170533764136],[111.33755614889341,34.84202316200438],[111.33722359643853,34.84235309593416],[111.33708811578643,34.84256406767351],[111.33705552136999,34.84285642567661],[111.33713301193748,34.84312888032616],[111.33727582435198,34.8432995938244],[111.33749880014861,34.843385850605046],[111.33773351381646,34.84338519913358],[111.33796415142771,34.843297338948325],[111.33812557173471,34.843177547517314],[111.33830403878864,34.842997325391046],[111.33845389295315,34.84273043806355],[111.338638580072,34.842373928191655],[111.33899908065008,34.84163053883359],[111.33918168410463,34.841092671903844],[111.33923093845779,34.84075887715379],[111.33923005053256,34.84054244949571],[111.33918488344358,34.84034354325909],[111.33903891387959,34.84011874489535],[111.33903514701171,34.840036777415726],[111.3390486990893,34.83996253174664],[111.33917393006111,34.839789255018275],[111.33951888408396,34.839142402266084],[111.3396399380397,34.83892744866653],[111.33965568813261,34.83891764791626],[111.33988127307107,34.83889434306317],[111.3401882341414,34.838835078674464],[111.34039880428422,34.83872272389743],[111.3404362495168,34.83846890602715],[111.34014337156124,34.83820605895093]]],[[[111.6249727544712,34.92493568011396],[111.62516354681749,34.924914808860755],[111.62507331959915,34.924670105086896],[111.62420338166993,34.92297651513163],[111.62349706508552,34.92147287232031],[111.62252877921316,34.919016599481864],[111.6222459302513,34.918369349640656],[111.6214543773142,34.917839178378394],[111.62036631748434,34.91792105484762],[111.61902346814144,34.918004220672486],[111.61770392250217,34.918106332669986],[111.6168226046581,34.91795817375973],[111.61575399586052,34.91754384697992],[111.6152843417972,34.91668765368704],[111.61508395857985,34.91466625362885],[111.61569856006975,34.91236884437613],[111.61623985016845,34.90925377393274],[111.61601470881985,34.90818169934608],[111.61517843713035,34.90668343177922],[111.614689579955,34.905183401342626],[111.61357819589983,34.90171894642849],[111.61313148961659,34.900039825490765],[111.61220161448661,34.897611883835154],[111.61114286658757,34.8953634519017],[111.61009422726654,34.89447437010007],[111.60748444690576,34.89384350917275],[111.604704446443,34.893678500476206],[111.60084137791617,34.893840752904886],[111.59866585344007,34.8932075548205],[111.59591587319355,34.89118194723167],[111.59252020130685,34.889910680913935],[111.59138628270094,34.88920072161564],[111.58985858729226,34.888063373630956],[111.58750149278703,34.88628608476682],[111.58688455206766,34.88500119701966],[111.58603152550815,34.88103438653276],[111.58583503869536,34.87781566307525],[111.58561241408202,34.8770297045686],[111.58503441856254,34.875100682861095],[111.5850176936627,34.87273966885064],[111.58505425740633,34.87177359016646],[111.58490529310073,34.86912701814693],[111.58466244444747,34.865479218186294],[111.5831655546117,34.86248137084563],[111.58228039609695,34.860052965064234],[111.58057474670807,34.858200858436504],[111.57852675188244,34.857030067053856],[111.57739215742896,34.8561411030055],[111.57737891057855,34.85424512842226],[111.57602289995559,34.85271326374888],[111.57401576781044,34.85114868377473],[111.57023295662975,34.84924658968873],[111.5681380279984,34.8479279729986],[111.5670616905195,34.847062486012206],[111.56489095405108,34.844794953161326],[111.56394641041001,34.84415539666897],[111.56274397164412,34.84387477128225],[111.56129800586113,34.84394107595052],[111.5601720182251,34.84426823663633],[111.55887519499422,34.84500161429634],[111.55574382058661,34.84610111849756],[111.5547054451267,34.846559000659965],[111.55390232161132,34.84758819272371],[111.55350354813206,34.848520142105116],[111.55356651687276,34.84928304272769],[111.55296633915948,34.850382853296026],[111.55230653375448,34.85122058625956],[111.55121164632385,34.851893341645955],[111.54994474469635,34.85280536052087],[111.54818345821307,34.853338002607686],[111.546016327041,34.853753194295315],[111.5433271599629,34.85397988331951],[111.54205544568173,34.854176354564395],[111.54066737693857,34.854277932033106],[111.53857961917701,34.8546735587897],[111.5381290359983,34.85479003092988],[111.53769487913951,34.854763332032825],[111.53727612861314,34.85443605862032],[111.53558992069229,34.85407144237695],[111.5348782149056,34.854074574545685],[111.53298325908985,34.853639291085734],[111.5323567838627,34.85339876916663],[111.53000622467249,34.85229287432464],[111.5282512972206,34.852028623384875],[111.52540272439056,34.851754767780314],[111.52396054191884,34.851532033045835],[111.52076330268848,34.85101630325992],[111.51985780385986,34.850562264147975],[111.51811303723007,34.849138731857856],[111.5162504039846,34.84828806529693],[111.5156936246446,34.84807578030888],[111.51450387705232,34.84656398199524],[111.51335119668896,34.84542406893354],[111.51186558138907,34.84377039400839],[111.51086759237806,34.84237223025095],[111.51008276414451,34.841760202365],[111.50915953934152,34.84122029778304],[111.50863701015327,34.84092197783481],[111.5081153640689,34.84076675013762],[111.50710959631066,34.840914045519234],[111.5064683889442,34.8410741248641],[111.50523176700287,34.8413149020183],[111.50475695975642,34.84125009429328],[111.50391049623924,34.84095786792727],[111.50245923534636,34.840152981802355],[111.50209904214401,34.83990643222088],[111.50148215973955,34.83930796540527],[111.5011289689416,34.83834629085302],[111.50119206899329,34.836825612801675],[111.50082707329317,34.83626068532688],[111.49841957080008,34.833534931880706],[111.4979967746676,34.832492045982654],[111.49632020689056,34.83073878819106],[111.4947188574729,34.82994395986234],[111.49206050449052,34.82941096694536],[111.4898023331921,34.82904802324193],[111.48778805727576,34.828841468196934],[111.48643515780849,34.82896136440158],[111.4852566282935,34.82922364794908],[111.48411095675247,34.829170972652165],[111.48164541642863,34.8289518010316],[111.4802022486672,34.828470971097296],[111.47950545716844,34.8280158038661],[111.47839136710543,34.827419175439864],[111.47764385640858,34.82719315465564],[111.47646178034093,34.82684004373712],[111.47062852902822,34.82640483270992],[111.46833898193167,34.82659969582185],[111.4662930129845,34.826908062005884],[111.46343238871775,34.82739121801967],[111.4620846623746,34.82740397647931],[111.46118149451505,34.82726430460698],[111.45973502146995,34.827202999923216],[111.45887961661434,34.82733024831392],[111.457836016704,34.82794473457161],[111.45681682895014,34.828792847537294],[111.45487826597261,34.82971594329204],[111.45275221114262,34.83126933941921],[111.45161449526164,34.83235754067236],[111.4510150258933,34.8336154559911],[111.44903555054285,34.83450351344741],[111.4479189190099,34.83528274789893],[111.44687522417259,34.836180951943916],[111.4456497575093,34.83690094050204],[111.4436278513747,34.83744495131075],[111.44279623879362,34.837447981271595],[111.44174752280112,34.837421981292735],[111.43993760535405,34.83704098240332],[111.4386370627593,34.83725436436527],[111.43556512642084,34.83753371191821],[111.43278039839399,34.837424402357215],[111.43187475746622,34.83709968675116],[111.42987713384461,34.835377653053314],[111.4283641873579,34.833619414142674],[111.42830621533997,34.833595768136334],[111.4281880489236,34.83311918788356],[111.42763392621214,34.83223869480421],[111.42580398392569,34.830742575713906],[111.4253105689731,34.83041040423013],[111.42415131296505,34.82996130503632],[111.42313753926598,34.82967863712792],[111.42163171735008,34.82932611747509],[111.42003829185212,34.82880693323678],[111.41783751242593,34.8282898154646],[111.41636198102438,34.82819947535031],[111.41529184594982,34.828203133007996],[111.41352959727297,34.82861458310182],[111.41150678640466,34.82897918900197],[111.4108408509561,34.828838340506294],[111.41005863403556,34.82857863132002],[111.409507922006,34.828341988215925],[111.40739234201236,34.82749049645634],[111.40637595997296,34.82665915124642],[111.40466535852374,34.825806258195335],[111.40324540246243,34.825238575605525],[111.4010375370933,34.82321863498609],[111.39853586875425,34.82022177096441],[111.39719960283732,34.81898594656194],[111.39627132715826,34.818392725985916],[111.39456088757997,34.81751583888554],[111.39291194434459,34.81740192449639],[111.39172480337534,34.817095703684096],[111.39047837012181,34.81647961302728],[111.38914598630016,34.81603073243071],[111.38741099407109,34.81606011902224],[111.38614025288464,34.8164219073157],[111.38547657004638,34.81673406023567],[111.38437633201207,34.81645134156303],[111.38307334147363,34.816097702461626],[111.3820629578537,34.816482477630515],[111.38038951666074,34.81732246731743],[111.3793796521177,34.81782646798463],[111.37729791435825,34.8179283409526],[111.3748993570821,34.81831735327346],[111.37319430513159,34.818584943863776],[111.36900270085036,34.81897932634442],[111.36868522393739,34.81912338839754],[111.36747282665019,34.819627903925465],[111.36646296005986,34.82015564779349],[111.36481715371141,34.82075684153236],[111.36305281608493,34.82071441927753],[111.35998780188423,34.820842775658825],[111.35868711714828,34.82101356601788],[111.35615415659446,34.821326958606164],[111.35299288895311,34.82222148052279],[111.34964832769431,34.82355910054629],[111.34660435711157,34.82597951406419],[111.34516974087985,34.82818159999098],[111.34468587714059,34.829570610808474],[111.34486544228842,34.82957977037743],[111.34691411589043,34.829684248638344],[111.34720079961764,34.829698866434455],[111.34730290640562,34.829718843936355],[111.3473114895676,34.829627629001315],[111.34733751843144,34.829351033996424],[111.34756519618043,34.828467938088984],[111.34776597428159,34.82804812171622],[111.3482676322006,34.82699916056175],[111.34892723904865,34.82611136054191],[111.34907213529083,34.82591633279408],[111.34959055232787,34.82521854792754],[111.35043068294654,34.82474759406116],[111.35160007141465,34.8240920493729],[111.35172992719706,34.824019252565414],[111.35189399847624,34.82393639885744],[111.35228129410837,34.82381344616353],[111.35247339066825,34.823784362184135],[111.35282342920763,34.82371859618121],[111.35384895931003,34.823441344234254],[111.35477315585138,34.823140528932164],[111.35499813137396,34.82298826563135],[111.35511200191513,34.82291119683576],[111.35510747481788,34.82290671024147],[111.35516824807641,34.82287702720348],[111.35544222818139,34.82269735345738],[111.35584665733937,34.822588846560436],[111.35614991543567,34.82249255917949],[111.35656870097873,34.82236015851998],[111.35677078666035,34.82227609071946],[111.35714577731757,34.8220484164192],[111.35750692426755,34.82196388129213],[111.35821501414014,34.821854473898334],[111.35890977906286,34.82200745074459],[111.35950280642949,34.82204147486435],[111.35993630352051,34.821968644307965],[111.36080308846397,34.8217752769039],[111.36198950690462,34.82192677810458],[111.36301634367288,34.82195949366845],[111.3640285627577,34.82195646939536],[111.36430148322381,34.82206603480193],[111.36548499198288,34.82181826185759],[111.36624177187983,34.821342804356675],[111.3668322322266,34.820928899366116],[111.36779571417584,34.821154949926665],[111.36942593362151,34.82147055375746],[111.37098062347256,34.82145055900488],[111.37186933068676,34.821508901704206],[111.37375772485139,34.82128853099275],[111.37527471562578,34.8214373903472],[111.3765514908003,34.82135712653822],[111.37729066721612,34.82109534973504],[111.37889807759832,34.82046453301041],[111.38028315060646,34.819788598884834],[111.38142878652653,34.819372886795776],[111.38274148019734,34.8190634854858],[111.38386879706692,34.818693600260595],[111.38530783105475,34.81769689517595],[111.38634200822104,34.81720592871926],[111.38728920574103,34.81691671836449],[111.38829486013117,34.81676087416063],[111.38885329306089,34.81682348528634],[111.38914005948345,34.81692273786617],[111.38933092295952,34.81692212731331],[111.38944407553777,34.8170004703413],[111.38974782368375,34.81702096289878],[111.39026991258244,34.81734841795286],[111.39133901473232,34.817767127543085],[111.39189527610506,34.81797998653696],[111.39249274361443,34.818465021212816],[111.39302331894024,34.81923525021376],[111.39418609701343,34.820490762806024],[111.394826614425,34.821385440951055],[111.39504886820126,34.82189987734011],[111.39535911395413,34.82238858709787],[111.39559218901698,34.822745577150826],[111.39644717887735,34.82312439295638],[111.39753297131297,34.82338319871543],[111.39807787787772,34.8236294549921],[111.39828620087825,34.82364785318845],[111.39888729869816,34.823550484988715],[111.39941990554715,34.8236441366493],[111.39967556262036,34.82388179633008],[111.4000592574669,34.82428121294253],[111.40039608362048,34.82455676318904],[111.40088371849274,34.82491767508501],[111.40117436671575,34.82521245524543],[111.40116390876804,34.82544144845898],[111.40093355170575,34.82565208655155],[111.40107311651768,34.82580426629316],[111.4015235093356,34.82564060143531],[111.40214933062533,34.82586749315785],[111.40260218210877,34.82620943303742],[111.4030198654724,34.82645608878263],[111.40337900973294,34.82655983790383],[111.40387600335399,34.826462789264696],[111.40468591259683,34.82647917793202],[111.40559028938254,34.82688638417098],[111.40597388732597,34.82725716261634],[111.4063827553557,34.82747349046434],[111.40654610882783,34.827664348225916],[111.40674062042123,34.82788381482467],[111.40776113676367,34.82837647484389],[111.40833122241868,34.82902327847454],[111.40884215090904,34.829403159754406],[111.40910376311294,34.82952245956082],[111.4091839595129,34.8296265450186],[111.4093037281509,34.82973473567728],[111.40971696280428,34.829951571093964],[111.4100956162448,34.830193563477025],[111.41037822191987,34.830314244603066],[111.4106516714374,34.830338364594404],[111.41124540541466,34.830207569594066],[111.4118997336027,34.83004794709103],[111.41248451847869,34.82986351417236],[111.41293088116353,34.829761830905774],[111.41367622097853,34.829584002522544],[111.41431781118818,34.82948165018102],[111.4147542910693,34.82942888585509],[111.41576124304109,34.829511308108486],[111.41675595424098,34.82946020525073],[111.41738054585073,34.829429443661205],[111.41795905392122,34.82943699798243],[111.41844467032521,34.82937808884164],[111.41903295264022,34.8293751896581],[111.41914025657485,34.82942688580549],[111.4198000132081,34.829728359472426],[111.42028800500158,34.83013689102967],[111.42092480117947,34.830230089113805],[111.421788049644,34.83060469397061],[111.42184081913823,34.83062759315663],[111.42250085704373,34.830739781403075],[111.42329035568075,34.83128081281716],[111.4237069901884,34.83156287164688],[111.42403339183089,34.83178384111777],[111.42430104665031,34.83195656617265],[111.42513617374438,34.83249548644887],[111.4259773570354,34.8327234220833],[111.42610939676251,34.832759199533136],[111.42611364206947,34.83275800473112],[111.4261151807898,34.83275917927348],[111.42720711302984,34.83360440305537],[111.42922765622743,34.8364731604071],[111.42992905684804,34.837853970983105],[111.4304800141072,34.83811437005485],[111.43088758746255,34.838613772921924],[111.43164402374516,34.839445832934196],[111.43288960874371,34.839775303496864],[111.43404754605537,34.83993812517029],[111.43459777793373,34.84005540922876],[111.43534874069736,34.83983807665151],[111.43601191280315,34.8394302552004],[111.43696572797609,34.83928373386787],[111.43748753851507,34.83949650643045],[111.4381232879995,34.839374969630605],[111.43855667712333,34.83927800843962],[111.43936534768437,34.83903659294498],[111.43991558082797,34.839153852954446],[111.4410149069433,34.83917372241303],[111.4421715756551,34.83909797405242],[111.4440510149552,34.83894802905045],[111.44457309661281,34.83920846944636],[111.44535474860241,34.839324858815495],[111.44630648562932,34.83879667596148],[111.44800421305831,34.837144801722815],[111.44860867374646,34.83659403010777],[111.44892762956451,34.836735952186956],[111.44933167835862,34.83656751157074],[111.44947487906121,34.836304635141566],[111.44996271579497,34.83558733878828],[111.45134799160849,34.83500981279176],[111.45276282574395,34.834551409706435],[111.453686190591,34.83414252337281],[111.45461901406436,34.83370648964713],[111.45484616260421,34.83332296996241],[111.45530721650651,34.833006428286254],[111.45551389462373,34.83271945700375],[111.45599834476914,34.832450524391625],[111.45637877148289,34.832201060936924],[111.4568968698701,34.83174120041179],[111.45743857620047,34.8313671080072],[111.45795761527714,34.83107895762479],[111.45864987222993,34.83073291330444],[111.45934207038316,34.83037732486862],[111.46022064452606,34.83024998551834],[111.46071828064323,34.83027672226884],[111.46109953386939,34.830179878341156],[111.46178115991756,34.83000557474054],[111.4621405512843,34.83013776844704],[111.4629152091732,34.830048964164206],[111.46388514987328,34.82971137268728],[111.46457822750078,34.82951792987437],[111.46483024670422,34.82960868450475],[111.4654104291908,34.82927443986014],[111.46620652810424,34.82960471531539],[111.46656404139344,34.82940300717206],[111.46704875897444,34.82919126930362],[111.46773138884556,34.829198186249656],[111.46787005544765,34.829169033650544],[111.46818193536421,34.82908197473833],[111.4684368329163,34.8291477727305],[111.46880704263029,34.829146346697286],[111.46935030143153,34.82905839296037],[111.46977846513462,34.829075820272315],[111.47042649582131,34.82910193559265],[111.47135180293924,34.82906019431322],[111.47195306762735,34.829000624507],[111.472785329287,34.828873374176084],[111.4732827979208,34.82887143991102],[111.47363019571031,34.828927326726614],[111.47389683057914,34.8290216878586],[111.47415074809275,34.828915759545225],[111.4743247760552,34.82900094023112],[111.47463713988859,34.8289997219762],[111.4747752561015,34.828875164202046],[111.47533035015074,34.82883483688148],[111.4760246006402,34.82885120229351],[111.47634864331363,34.82886901383991],[111.47680055020992,34.82899126241337],[111.47697463493195,34.82908597946842],[111.47726347657772,34.82901806662372],[111.47763357507849,34.82899753518061],[111.4780041154688,34.82905331862895],[111.47830540722792,34.82913799350389],[111.47848758058765,34.829114694421946],[111.47901538386719,34.82910665465064],[111.47987060752726,34.829449105540945],[111.48035004803472,34.8298288102637],[111.4802503413584,34.83009155118021],[111.48071316391449,34.830496525788284],[111.48133967869487,34.8307993248381],[111.48263621749497,34.83092774721209],[111.48434903157381,34.83101633847317],[111.48536724245828,34.83103136024873],[111.48682553616682,34.83112093271428],[111.48805087138399,34.83094430516802],[111.48943907258518,34.83091964824311],[111.49048008194127,34.830877295887674],[111.49187020972282,34.83117696033081],[111.4923360484465,34.831690229684334],[111.49413593969832,34.831462322518774],[111.4947623959976,34.83174597251998],[111.49544117664567,34.8320723369964],[111.49591231274171,34.83249971196657],[111.49641885015826,34.833041419755034],[111.49671610846183,34.833412262245446],[111.49732161994,34.833552721873104],[111.49947128083126,34.83551362837318],[111.50015374560327,34.83644096295848],[111.5005407535297,34.837297960426504],[111.50068184750278,34.8376694344003],[111.50057988125333,34.83802759989749],[111.50020065937579,34.83845845395538],[111.50034175387702,34.83882992915045],[111.50064121670542,34.83955849732107],[111.50049410097398,34.83987410790599],[111.5007843384849,34.84003389804628],[111.5011331534298,34.84031269534004],[111.50138054621601,34.84056209785994],[111.50155558842869,34.84080583547619],[111.50192566887725,34.84101299362206],[111.5022954625032,34.84117245269507],[111.50254206412012,34.841290682366974],[111.50266543878058,34.841361721712026],[111.50265747072885,34.841478617782485],[111.50257769346614,34.84167928514113],[111.5028673683765,34.84174486686788],[111.50380541511902,34.84187454310324],[111.50421178914466,34.84210181624945],[111.5045136785407,34.842272282873616],[111.50505978060191,34.84264207081787],[111.50513142105804,34.84300428898485],[111.50479883320081,34.84349220280343],[111.50451130457391,34.84377959118655],[111.50423493728063,34.84400015461321],[111.50392368110353,34.84419224178417],[111.50413312442448,34.84438217114166],[111.50445758238125,34.84445714519274],[111.50481885105557,34.844875400437935],[111.50529647687246,34.84539810974725],[111.50565647131515,34.84560649069712],[111.50618886743413,34.845623356027424],[111.50642111172009,34.84575594704478],[111.50628441790485,34.84610949119375],[111.50605398313692,34.846272627159976],[111.50600874839012,34.84644453361493],[111.50627419074068,34.846328950191094],[111.50653992352161,34.84626106494677],[111.50698457264498,34.845884772396765],[111.507251171866,34.84572267640003],[111.50697361065907,34.84527665201844],[111.5065736201632,34.844914611419014],[111.50638383512744,34.84462920541375],[111.50632367908759,34.84425382411763],[111.50635848736431,34.84403306926972],[111.50652368920133,34.843847546916585],[111.50690018712814,34.843917527557444],[111.50749485148405,34.84418335691473],[111.50805379981051,34.84452088068661],[111.50869880305679,34.844738794750675],[111.5091202409715,34.845059001314375],[111.5093827981252,34.845415647291325],[111.50974462117567,34.845449905999224],[111.51001275838577,34.84553821828066],[111.51027381202091,34.84565040876425],[111.51028214744763,34.845829246396676],[111.5102830675173,34.84597830243326],[111.51040010678084,34.84619245846751],[111.51071105052752,34.846185190536374],[111.51102981641337,34.84627328795614],[111.5118215139518,34.84681850130229],[111.51217747833697,34.84707338625999],[111.51273554065666,34.847261832071524],[111.51315634079815,34.84747470446619],[111.51347578083812,34.847670116087464],[111.51375219934086,34.84792533215258],[111.5139496578182,34.84827628021318],[111.51401574957512,34.848436986157914],[111.5143124967414,34.848471506194194],[111.51471045915271,34.84849963450137],[111.5150586136131,34.84865914588477],[111.51557363258647,34.84890142255387],[111.51579190538446,34.84910918133014],[111.51593748285796,34.84925762455124],[111.51620560276902,34.84933996039674],[111.51640169574607,34.849470300497615],[111.51648248233376,34.84966671713715],[111.51675750032635,34.849695360732355],[111.51706182044711,34.84978350357684],[111.51738854871527,34.84998483649421],[111.51758483284483,34.850144985611536],[111.51771722051183,34.85049620422825],[111.51789836830648,34.85054909471813],[111.51823866909511,34.8506072696045],[111.51852916533777,34.85079682835602],[111.51865387729812,34.85107652967198],[111.5188658289663,34.85142740763455],[111.51901804885158,34.85148041984458],[111.51953201113305,34.85154977438836],[111.51987310469072,34.85173315101371],[111.52014224957533,34.85197645880353],[111.52066371064709,34.85208751364384],[111.52132191661107,34.85209065588409],[111.52256671818239,34.852210524370655],[111.52320379331711,34.852303184254254],[111.52362475910056,34.85253390562472],[111.52434071708231,34.85251889652547],[111.52483283946218,34.852564472825485],[111.52525290274522,34.852652095519076],[111.5252908089109,34.852926202884866],[111.525075987177,34.85326698688894],[111.52536586399538,34.85335517115715],[111.52560405124895,34.853276630415536],[111.52601498845115,34.85306616980662],[111.52633246778909,34.85294554841892],[111.52690358396227,34.852901339222065],[111.52739570989873,34.8529469051155],[111.52775761079788,34.85298707237569],[111.52810611375176,34.853194243530076],[111.52820158743879,34.85342040007695],[111.52793645148873,34.85380910651611],[111.52751162123815,34.854109069941785],[111.52722322295779,34.85425341825801],[111.52712302880786,34.85442080023749],[111.52732615586594,34.854515317557464],[111.52742117238336,34.85466992778523],[111.52748051896158,34.85490220421866],[111.52761173832207,34.85506261996465],[111.52797231538504,34.85489410748863],[111.52821636472638,34.85460089049894],[111.52872760719096,34.854240925538434],[111.52939249031365,34.85415455890394],[111.529696801764,34.854236708162],[111.53007983412843,34.85418733945335],[111.53046363142684,34.85425721490739],[111.53078195112106,34.85426775148179],[111.53096958235378,34.85420134539653],[111.53120853304578,34.85424203906807],[111.53139080923077,34.85446781385566],[111.5317380998425,34.85448418313846],[111.53201237107463,34.85439354759251],[111.53225020923088,34.85426133465068],[111.5322660184883,34.854469949314506],[111.53244025925642,34.85457054718689],[111.5327003337266,34.85452170937433],[111.53306893757656,34.854478357157475],[111.533474475606,34.854554090497],[111.5338014933511,34.85479115113855],[111.53399774232865,34.85493934908726],[111.53445364395992,34.85497312087162],[111.53475846594388,34.85513276580674],[111.53499142300059,34.85536427495362],[111.53507879684759,34.85545332659992],[111.53529555119346,34.8554165983317],[111.53553392785764,34.85536784996238],[111.53584517367473,34.855402253415264],[111.53612087446908,34.85553221059916],[111.53633093918141,34.85557898330233],[111.53664179892405,34.85555376299629],[111.53699679204827,34.855641632062124],[111.53736652388687,34.85577117117194],[111.53773524705427,34.855745691481324],[111.53816848498349,34.85563049008798],[111.53848731574254,34.855718514810974],[111.53890036896198,34.855835932916584],[111.53913287274489,34.85599588724253],[111.53911300205345,34.856276207844196],[111.53884017107664,34.8565874611906],[111.53864643571522,34.85682681482078],[111.53871304880944,34.857059053350454],[111.53903231238567,34.85721266077001],[111.53923351544374,34.857009047826395],[111.53946283147268,34.85668009945409],[111.53994953319335,34.8558909036592],[111.54106915357576,34.85565935670373],[111.54145261496517,34.85567553727792],[111.54208144742846,34.85560714899214],[111.54279129046702,34.85575900590722],[111.54307494066022,34.85599623496461],[111.54340140326232,34.85614383607398],[111.54387846332281,34.8560940046447],[111.54434266859195,34.85628868692184],[111.54495220267114,34.85658407674558],[111.5454017496732,34.85674900803307],[111.54572794262177,34.85685486787319],[111.54600307260777,34.856895370029605],[111.54613971222855,34.856775508845324],[111.5462830319075,34.85657214333658],[111.54631761980521,34.85633349266508],[111.54616230026042,34.85581546257241],[111.54618843334765,34.85539201522286],[111.5462667740604,34.8552068287037],[111.54639625505801,34.85509892386481],[111.54654036096956,34.85501480306086],[111.54684327175153,34.85488226924269],[111.5470450812621,34.85477403847142],[111.54727629460676,34.85473722383928],[111.54776741519515,34.85462768963107],[111.54796965663769,34.8545850423721],[111.54921871293655,34.85424551408719],[111.54966627266869,34.854112319043026],[111.54976848597045,34.85409299904231],[111.55045226508065,34.85368692412484],[111.55080672416896,34.853782308040714],[111.55087891175774,34.85373716394184],[111.55150720488786,34.853591219766955],[111.55178224701967,34.85361978390915],[111.5521589454965,34.85370751022518],[111.55251374723393,34.85376552225738],[111.55279558468148,34.853728467154774],[111.55308417505847,34.853619832816676],[111.55339446389745,34.853511098163004],[111.55366109746834,34.853377563200745],[111.55370408668125,34.85333783520346],[111.55379749785774,34.85321114400178],[111.55432512332588,34.853155078718736],[111.55466521902355,34.853177377123814],[111.55506317600769,34.8531994114168],[111.55508772308981,34.853128575383444],[111.55497787101125,34.85286633489608],[111.55495220356214,34.852830249470834],[111.5548565375812,34.85258622793208],[111.55485896502867,34.85258247788939],[111.55483103114364,34.85251579425551],[111.55497158389298,34.85234887254766],[111.5558063057528,34.85135753049302],[111.5551514224846,34.85089603212691],[111.55557287494905,34.850645710496075],[111.55582317846388,34.850497042529355],[111.55582565966778,34.85042341730337],[111.55559872945757,34.85001901124953],[111.55538570500977,34.8495310679223],[111.55523737240276,34.84898320454479],[111.55519145560858,34.848607783735225],[111.55523024375631,34.84792193099967],[111.55515873585965,34.84772154010966],[111.55509274715641,34.847520735481076],[111.5554226891794,34.847450707264144],[111.55548639685361,34.84729470998533],[111.55607694712175,34.84692234276931],[111.55674101805933,34.84672850828486],[111.55755643603106,34.84645646495297],[111.55825496861006,34.846012043302764],[111.55893959436344,34.84565115580482],[111.55948716914475,34.8453445556841],[111.56000698287717,34.84521099122998],[111.56050412992737,34.84493443132594],[111.56127604501393,34.84465063907784],[111.56174447906402,34.84461985650062],[111.56243991095421,34.84478835960663],[111.56277884922223,34.84528286352715],[111.56327029757973,34.84608193439768],[111.56357186613826,34.846185475606],[111.56396594113649,34.8462790477475],[111.56401339696575,34.84645054448943],[111.56398063588449,34.84673689164508],[111.56417760970264,34.84677413672492],[111.56463981245284,34.84667659411163],[111.56512639593876,34.84676019265916],[111.56552106163043,34.84693961536621],[111.56587081562483,34.847319581641585],[111.56610387749728,34.847556992479724],[111.56631438580744,34.84788036713417],[111.56632955256775,34.848404986985116],[111.56649305807095,34.84862364113567],[111.56685315193013,34.84882230015773],[111.56728307065796,34.849077870736686],[111.56756269064032,34.84935322096202],[111.56765716359028,34.849629434796846],[111.56787761721834,34.84971426400731],[111.56840005187105,34.84995985914581],[111.56864483218249,34.8502162898992],[111.56961101438688,34.85104173357179],[111.57030684501471,34.851257889052626],[111.570541247811,34.85168608112387],[111.57072863984651,34.85200955531797],[111.57111190289652,34.852208092767064],[111.57222421279752,34.85240320101194],[111.57304768608064,34.85266643797454],[111.57321128398623,34.85289462268059],[111.57320275576501,34.85333349444774],[111.57356255511893,34.85348443492781],[111.5738881029667,34.8537023153961],[111.57401784999603,34.854054676339594],[111.57435397870631,34.85412940732725],[111.57448260107486,34.854319595993864],[111.57471849383397,34.85495764936122],[111.57497653994277,34.85545249923222],[111.57507297003598,34.856005352835446],[111.57511034425397,34.85638676830077],[111.5754359730001,34.8566141834596],[111.57583316865406,34.857146532231134],[111.57616073132101,34.85765059046168],[111.5765451650641,34.8580112818],[111.57699784118613,34.85819993089698],[111.5774860378917,34.85850288686434],[111.57790420036584,34.8587203164201],[111.57841675058691,34.859194870044576],[111.5787090847538,34.85962276993449],[111.57874534059015,34.859842012420316],[111.57879350455052,34.86010889787058],[111.57932620632482,34.860154060072766],[111.57970919304235,34.860304872427825],[111.57967641358114,34.86058168271502],[111.57966751792858,34.86096331692696],[111.57999264261863,34.861114403244926],[111.58065815587884,34.86194119011492],[111.58085785483132,34.862359987446204],[111.58133894754931,34.86329258793757],[111.58162054319536,34.86383500974069],[111.58182213292481,34.86452091070057],[111.58182461883749,34.864873871271804],[111.58157268018971,34.86525666795986],[111.58171237389112,34.86537047685524],[111.58207566930928,34.86600790481303],[111.58209006612338,34.86640850697098],[111.5822781436378,34.86681781692348],[111.58250121321711,34.867265119142274],[111.58252819638858,34.86780875782541],[111.582590104467,34.86838084815436],[111.58247875741947,34.86905950112411],[111.58247305297053,34.86948166403453],[111.58258898316618,34.869917553699786],[111.58264636874048,34.87066853658485],[111.58249197724987,34.87093400537766],[111.58224189189148,34.871171312319774],[111.58200851162871,34.871315526531205],[111.58133229439741,34.87144754882329],[111.58088143098949,34.87152840634217],[111.58020430539445,34.87153163932656],[111.57885998908986,34.87171691781977],[111.57820132572334,34.87187745818131],[111.57759409560354,34.87194473749644],[111.57754501132145,34.87237426137339],[111.57823940613915,34.87235665152981],[111.5789258222101,34.87243924317302],[111.57940378940604,34.8725085149171],[111.58008016930087,34.872397967250286],[111.5808527453176,34.87238712377165],[111.58163500936581,34.87251932590498],[111.58199285428937,34.872789497792496],[111.58197391942139,34.87379841971095],[111.58196406953046,34.87486453688058],[111.58202796599475,34.875307830921315],[111.58210150342987,34.87588702031703],[111.58207757671676,34.87618763791703],[111.58185236001121,34.876260263414075],[111.58144220893733,34.8759617233976],[111.58084267752862,34.87589304062704],[111.58021851088156,34.876024807252],[111.57952438599726,34.87608535665711],[111.578925959769,34.87617406546671],[111.57858973401015,34.87651194325816],[111.57814034299335,34.87680742888542],[111.57780346059913,34.87705229452607],[111.57771909649966,34.877403282193534],[111.57806636569953,34.87740163157769],[111.57894999446135,34.87712554395014],[111.57959966436691,34.87691495864626],[111.58023201809972,34.8767116068179],[111.58064823457109,34.876638071396066],[111.58096142753148,34.87672958834293],[111.58111991191781,34.87704364347058],[111.58135678552772,34.87739309775487],[111.58181853031245,34.87761984359854],[111.5821489402296,34.87768981036305],[111.58244573439868,34.8779173434938],[111.58269977758124,34.87823809293108],[111.58270199921976,34.878552894696874],[111.58261649338806,34.87873932965838],[111.58267862945898,34.87893221225427],[111.58285469143296,34.8792748005884],[111.58296982985868,34.87959621520189],[111.58274596816607,34.87986201710358],[111.5825383066828,34.87996317960603],[111.58200073053354,34.88006592243281],[111.58155113116712,34.880332802555515],[111.58124932518042,34.880627593492655],[111.58096437864808,34.880850754777335],[111.58148510123208,34.8808196463604],[111.58198861184324,34.88081008188894],[111.58250019689186,34.88071461882925],[111.58306427884855,34.88067614160994],[111.58336885781709,34.88077484780551],[111.5834569426262,34.8809532959231],[111.58336295685682,34.88116839100517],[111.5834567557438,34.882155306932056],[111.58361047324293,34.88302030216143],[111.58395313170905,34.88359104310371],[111.58404339745792,34.88407713713088],[111.58440398529798,34.88472649309268],[111.5847098477879,34.885004060290136],[111.58514808175124,34.885581491254634],[111.58561302879676,34.886251805686214],[111.58601522363043,34.88664338204538],[111.58633166336503,34.88718562233243],[111.58659611064444,34.88774242208561],[111.58662465090805,34.8880928703278],[111.58647877130858,34.888336837807856],[111.5860398573604,34.88888987566617],[111.58563632902793,34.88953575341129],[111.58524010811887,34.88998841461394],[111.58505888067873,34.89014669285331],[111.58495666076313,34.89042622243472],[111.58530373060283,34.89038877772425],[111.5857011716157,34.89010782579753],[111.58637483984788,34.889596586368924],[111.58693735221962,34.889329144409814],[111.58728482264964,34.88934892997681],[111.58799891591335,34.88963882600782],[111.58846089950826,34.88988700830556],[111.58863644807626,34.89015088652182],[111.58862178663368,34.890530162212386],[111.58836404811275,34.890917769817165],[111.58818338452697,34.8911547533057],[111.58803755525867,34.891405876572755],[111.58836787363332,34.89145436267573],[111.58889693499826,34.891365943148315],[111.58939887243335,34.89112740130424],[111.58970130032333,34.89091844520996],[111.59027428407947,34.89090135480363],[111.59109111165091,34.89098324332714],[111.5923540681555,34.89152086110485],[111.59316366104159,34.89180310501854],[111.59402448276181,34.89196346239672],[111.59486758045139,34.89207381687356],[111.59516554619121,34.89245156278312],[111.59530736834078,34.89285153733316],[111.595898195356,34.89289872592704],[111.59638673630502,34.89321114140921],[111.59690861788297,34.89333021143587],[111.5975262754727,34.89348458250722],[111.59823211903229,34.89382454189701],[111.59864210830011,34.89408009609444],[111.59902578976012,34.89430000448397],[111.59941763748287,34.89444832418044],[111.59983579626982,34.89463228591247],[111.60021828649748,34.894687636484726],[111.6007481363704,34.894706482711044],[111.60198228999519,34.894850628316426],[111.60269475593273,34.89490433646557],[111.60360772931894,34.89506436612918],[111.6043980362127,34.895074748511625],[111.6050185236242,34.89506097852187],[111.60520570218115,34.89522193394226],[111.60553304207659,34.89545283488579],[111.60595484955516,34.8957369250719],[111.60634030319605,34.89599734546629],[111.6067098829049,34.89606704936981],[111.6070142053219,34.89611919103866],[111.60743531899215,34.89630788179318],[111.60784933065857,34.89651449359633],[111.60843838048356,34.8969050597237],[111.60870113567798,34.897207823279516],[111.60892770959508,34.89751076750457],[111.60917392692198,34.897533382518944],[111.60936278004799,34.8976278335443],[111.60969759713795,34.897888496952106],[111.60985154734554,34.8981560287525],[111.60997019652717,34.898542984765534],[111.61000121503793,34.89882305845614],[111.60986508528818,34.899008574183746],[111.60943821380678,34.89902263962846],[111.609170898383,34.899083603282904],[111.60854503760308,34.89939558655319],[111.60786963719934,34.899663693590796],[111.6074101737654,34.8997733125528],[111.60716017997788,34.9000249786885],[111.60670955700864,34.90015601542868],[111.60621202036721,34.9002061962848],[111.60551778475265,34.900276434710165],[111.60512424564801,34.90029747413877],[111.60492747711058,34.90030799382119],[111.60512495701366,34.900394458267286],[111.60524828875423,34.900435579918515],[111.6053210055719,34.90048291616065],[111.60544411768143,34.900494228241506],[111.60554534556768,34.90048179869375],[111.60574012418402,34.90039735577791],[111.60598586764083,34.90035439509963],[111.60617402278037,34.900353456874484],[111.60628231113898,34.90031714277091],[111.60647015938157,34.900274468987774],[111.60671572559005,34.90020765808918],[111.60690361721167,34.900170946054615],[111.60715685861423,34.900163718670065],[111.60735229426868,34.90016870488771],[111.60808175820723,34.90029622834997],[111.60857368037937,34.90026991758378],[111.60889192052178,34.90024447412376],[111.60929805805087,34.90036168520483],[111.60970454812657,34.90052659240438],[111.61012586792825,34.90073912213882],[111.610128425362,34.90108492389234],[111.60995712236407,34.90140774863194],[111.60980046770305,34.90175435015103],[111.60980434604357,34.90227901512755],[111.60982322802634,34.9028751518288],[111.60998640839126,34.903410942568044],[111.60996045782205,34.903816510832094],[111.60985425797895,34.90401051145103],[111.60952905551923,34.90420026349848],[111.6092882983736,34.90443282876711],[111.6088721450996,34.90453031091957],[111.60789807230887,34.9043443926078],[111.6069022487721,34.90434936929684],[111.6061392736243,34.90452489150593],[111.60560760287794,34.904661097580124],[111.6045700729762,34.90529588421757],[111.60401663258823,34.90562298676312],[111.60309208278068,34.905875610836674],[111.60223979231188,34.90650945829075],[111.6014554360408,34.906933089880944],[111.60085440203238,34.90708869798641],[111.60004271040928,34.90694007297844],[111.59950948825079,34.906866386371284],[111.59858158717665,34.90666108620936],[111.59781705111233,34.90662669022201],[111.59698207169795,34.906459079736194],[111.59624000785851,34.90632916583325],[111.59565692801411,34.90604223021995],[111.59501678317827,34.90706621892155],[111.59514281114372,34.90768091379325],[111.59592744825947,34.90809204727855],[111.59806923304687,34.90863160345632],[111.6007982662134,34.908920600190115],[111.60147004494763,34.90893635688255],[111.60232724295648,34.90897027054658],[111.60309208123948,34.90904279462498],[111.60346124613773,34.908850167996704],[111.6041752915799,34.908312396988855],[111.6047738097727,34.90781335483211],[111.60541737850447,34.907142371573954],[111.6057865294188,34.90694973706397],[111.60615764049221,34.90702420473313],[111.60652861301324,34.90707959245177],[111.60701566360854,34.90717255743503],[111.60750285580718,34.90728460015497],[111.60817532533645,34.90739571299992],[111.60859247823016,34.907431783796426],[111.60901005519099,34.9075250895334],[111.60938145354152,34.90763770397835],[111.609984591336,34.90776823479039],[111.61054042282522,34.907765443775794],[111.61100375664233,34.90778219387512],[111.61148996747086,34.907760669915646],[111.6119291508016,34.907643982427054],[111.6121827734617,34.90749007009794],[111.6123441827742,34.9073938594737],[111.61255431862884,34.90762175357971],[111.61255729428356,34.90802240616313],[111.61242159387064,34.90846191659298],[111.6119457648285,34.90898565851222],[111.61149598402154,34.90923595493567],[111.61148539360568,34.90936956375872],[111.61150058154294,34.909856012086834],[111.61137631194204,34.9102763842593],[111.61125133405336,34.910601363309944],[111.61120635629844,34.91078284330058],[111.61132527064332,34.911201992079896],[111.61132986722352,34.91182204995122],[111.61132132706952,34.91223229954067],[111.6111623120462,34.912652846132424],[111.61105978415208,34.912882314577026],[111.6112198112361,34.91311812800259],[111.61237181416797,34.91311232848349],[111.61234242131545,34.914663806448246],[111.61229146440375,34.914993927975765],[111.61292058787126,34.915496360240915],[111.61336115841534,34.91556091502889],[111.61351029070352,34.91536936842348],[111.61359277643527,34.915559745755424],[111.6134914584786,34.91595138504679],[111.61343610897902,34.916295093075746],[111.6134486121617,34.91641904604284],[111.613554615988,34.91665700375417],[111.61337088059162,34.91686780451498],[111.61314131616751,34.917145613916524],[111.61324717816187,34.91736449221797],[111.6134284462607,34.917535371804206],[111.61377095153324,34.91784368203592],[111.61427181392705,34.91803194493067],[111.61464904881201,34.9181433216661],[111.61564570328724,34.918666933413235],[111.61632063061748,34.91909279852818],[111.61665870284759,34.91938681356785],[111.61661394658266,34.919596913768174],[111.61593327685317,34.91995333435554],[111.61506708286774,34.92028207071627],[111.61382334326649,34.92046007393818],[111.6130057763333,34.92032110562464],[111.61239498031193,34.91995213823304],[111.61224323788247,34.91989888331595],[111.6122363947502,34.92026002763347],[111.6122453047028,34.92046908878237],[111.61237513284833,34.92050218485266],[111.6126463222005,34.920762520179046],[111.61306855064139,34.92108235541926],[111.61338891013054,34.92133115480987],[111.61388226278886,34.92215016679082],[111.61459387556665,34.922833426973405],[111.61495067778553,34.92291986385801],[111.61521814303748,34.922675248160694],[111.61548544534885,34.92240916820987],[111.61599788946626,34.9223994163401],[111.61687462567022,34.92231626667131],[111.61752551572518,34.922234257750304],[111.61792653684977,34.92242539765465],[111.61814380427926,34.92243860193668],[111.6183944214902,34.92226561267779],[111.61880262668026,34.92225638033263],[111.61938617327742,34.92246089509846],[111.61967945590138,34.922667483480495],[111.6200151345726,34.922543544455],[111.62024270433525,34.92248275969715],[111.62057179427381,34.922445305605436],[111.62110936729248,34.92221599164674],[111.6214427713789,34.92227092949084],[111.6214334640501,34.92247667573417],[111.62143955622646,34.922804571674],[111.62148712434444,34.92287289429644],[111.62162101755278,34.92286922854975],[111.62197879359645,34.92279585005919],[111.6223260474451,34.92276724169533],[111.6226928629719,34.922932306398025],[111.62294844775651,34.92322613042384],[111.62313450029428,34.92341895072127],[111.62360020365614,34.924215509929],[111.623631404433,34.92499044763568],[111.62367048402615,34.9251673818714],[111.62439105734747,34.92497062446227],[111.6249727544712,34.92493568011396]]],[[[110.73121157458061,34.65501161365968],[110.73178919673556,34.654898402921965],[110.73225081628483,34.65495665831862],[110.73264353219794,34.65490027824554],[110.73319830712309,34.654710688346455],[110.7335906549532,34.65476878798302],[110.73396064579336,34.65459787133587],[110.73456104741547,34.654580099222656],[110.73490691262533,34.654733495509056],[110.73536907820905,34.65462001672782],[110.73571536902844,34.65463984837331],[110.73615389871344,34.65469803895142],[110.73666151859281,34.654813619876165],[110.73733107154699,34.65483414464435],[110.73908113123645,34.65482785826914],[110.74058113531834,34.65487104718142],[110.74164905396815,34.65487331452321],[110.74196632175776,34.654945537445855],[110.74211004412345,34.65513664749042],[110.74239867258434,34.655137257594674],[110.74251463940001,34.65497054751652],[110.74286121341062,34.65489972684898],[110.74322802185677,34.65519449268422],[110.74322874658255,34.655195074732205],[110.74318749979673,34.648615801402826],[110.74318749545914,34.648615085656374],[110.73719369301597,34.642692102806436],[110.73001919176193,34.63386121098418],[110.70483313214731,34.608044048431466],[110.70209736710297,34.606415544015874],[110.7002538910148,34.60567165381115],[110.69748792042628,34.60478234796344],[110.69549881947216,34.60444348964209],[110.69376872505555,34.60427220269541],[110.67576035274914,34.60656305569511],[110.6686018613961,34.60773636139645],[110.65786483323207,34.60923317359204],[110.65070766990588,34.60997611712372],[110.64562919958689,34.61029538362581],[110.62624255471988,34.61057144499211],[110.6182831847492,34.610022084497444],[110.60963160468184,34.60946999493295],[110.59625049720722,34.608663225199436],[110.58801201872481,34.60629831604738],[110.58306253154075,34.603896433399335],[110.57385591295932,34.59923758783737],[110.56349842349555,34.59424002840679],[110.54686788955877,34.58688108892103],[110.54122523748646,34.58509505481718],[110.53725327594587,34.58369671687641],[110.5342592429792,34.582778999623436],[110.53131759418605,34.58281544175936],[110.5299309970141,34.583239420923604],[110.52553391754,34.585655180241375],[110.51667965861263,34.59077218428462],[110.51019800027586,34.59441934483788],[110.50857812902227,34.59522375480314],[110.50568128705338,34.59735861224417],[110.50029096831743,34.60162977006557],[110.5002507434583,34.60168275004774],[110.49624849732402,34.60425303022712],[110.4912995386924,34.60695146403173],[110.48660811525244,34.609936987317816],[110.48044603739987,34.61277296776884],[110.47524138526146,34.61468258580047],[110.47107549876911,34.61652493477711],[110.46731874825399,34.617518260328225],[110.46350365223452,34.61859866574424],[110.45807753626474,34.618956289438614],[110.4559420691569,34.619042186571875],[110.45450116755988,34.61879724726138],[110.45213679003669,34.61859584870655],[110.450062800949,34.618109506768505],[110.44793208902881,34.617479769901394],[110.44636799240591,34.6162443824056],[110.44190278209264,34.610976928855976],[110.43756252191368,34.604374257899124],[110.43321451791466,34.59901161898984],[110.42698515473673,34.59365193212712],[110.42390169409911,34.591192731630166],[110.42037962585151,34.58962576844771],[110.41569455718836,34.58942454797974],[110.40949041911612,34.58993132268529],[110.40356948691637,34.5911546797043],[110.39417722911298,34.593791597505536],[110.38550717438865,34.59619291895267],[110.38024217120825,34.59831283291264],[110.37194752393297,34.60069362656364],[110.36778249761934,34.602217624795394],[110.36139250044047,34.604989155615065],[110.35226720598313,34.607157094604815],[110.35275401567313,34.6077112946559],[110.35348484127991,34.60825139249097],[110.35348467893974,34.60825180087589],[110.35387506034105,34.60840417367068],[110.3538769048839,34.60840489556182],[110.35408039770668,34.608484467010975],[110.35493624250607,34.60881912068766],[110.35631926553376,34.60902676786131],[110.35784229540094,34.6090347937183],[110.35960916621563,34.60884373801354],[110.36303925884783,34.60843238574517],[110.36577551862693,34.608217677526845],[110.36851284545655,34.60785980901046],[110.3704189895306,34.60755483477145],[110.37381716043166,34.606770949174845],[110.37589804069823,34.606237820709204],[110.37611467915731,34.60617934192243],[110.37808316081642,34.60564794938067],[110.37892923139107,34.60542175080858],[110.37941870039161,34.6052908866537],[110.38033221205156,34.60495917799344],[110.38065539868352,34.604841822082285],[110.38092516592626,34.60474358028268],[110.38092658490321,34.60474334770386],[110.38175133491139,34.60442644623024],[110.38175219752333,34.6044261152717],[110.38175279555784,34.60442588573478],[110.38175312302378,34.604425095042934],[110.38233910210181,34.603012461050575],[110.38285118365353,34.60202525834226],[110.38402707164144,34.60098178053351],[110.38617178103975,34.59958541226278],[110.38760752214164,34.59849550353546],[110.38853587908005,34.59776079440821],[110.3905753054456,34.59693623161944],[110.39263058763947,34.595908983687174],[110.395391465424,34.59501637599643],[110.39788198435669,34.5946113068303],[110.40138018270791,34.59444963248344],[110.40642718473084,34.59438485256262],[110.40642732853678,34.59438486407923],[110.41064300114468,34.59470341794887],[110.41410115883153,34.595107641925985],[110.4199306419818,34.59668577613921],[110.42644083916153,34.59892272315059],[110.43024939629385,34.60084860796811],[110.4330461791681,34.60312743438237],[110.43690908203011,34.60773654710223],[110.43790078211919,34.61039448894562],[110.43894822422973,34.61187375159977],[110.44086592457036,34.614339156497714],[110.44126627482963,34.614865701396894],[110.44301866081545,34.61597083668255],[110.44465569770158,34.617075421781614],[110.44865428919988,34.61881079392882],[110.45323082518863,34.6204293749387],[110.45323151002441,34.620429365388325],[110.45447152163523,34.620411077958885],[110.4553958032963,34.62024825489114],[110.45539600985403,34.62024834956154],[110.45539652293988,34.620248258103935],[110.45689235812775,34.620922741604865],[110.46055182179717,34.62163064219476],[110.4609037600396,34.62166302228405],[110.46178178318894,34.62149788666685],[110.46694950544406,34.62052581949192],[110.4677339125157,34.62037824856944],[110.46871581882871,34.62013592495674],[110.481922134031,34.61687583976502],[110.48540087207782,34.616016804627925],[110.48706676354513,34.615336924410535],[110.48767055638574,34.61472888762935],[110.48792896040639,34.61462342196749],[110.48901249102647,34.61418118147367],[110.49276973555585,34.612195096140724],[110.49325822519062,34.611936863889575],[110.49628244184348,34.61033808211388],[110.49818567520242,34.60853328203384],[110.49859552468435,34.60807909806554],[110.50011155394196,34.60639901754328],[110.50011239463932,34.60639808530379],[110.50041946578843,34.606058574671046],[110.50041945792563,34.60605824922274],[110.5004201681754,34.606057798711774],[110.50506231170313,34.60396593835977],[110.51052836677218,34.60151944945964],[110.51607938423413,34.59928770451219],[110.51993420939174,34.59855163580334],[110.5214919086485,34.59852197907953],[110.52798247736492,34.59836837876808],[110.53287247339688,34.59817254026496],[110.53858425975447,34.59801539198595],[110.54200247256585,34.59795671654466],[110.54598293859522,34.59786427244355],[110.54987571889883,34.597986013479066],[110.55653603404188,34.598439713437266],[110.56098581229782,34.599672189242064],[110.56452790377489,34.60075816265324],[110.56837165192253,34.60209553438098],[110.57601825294208,34.604376234292076],[110.5843516867752,34.60783940821737],[110.58616294653767,34.60906195100257],[110.58797390492768,34.610356016174705],[110.58910510691854,34.6117407866846],[110.59008943666072,34.6122020293273],[110.59060805604544,34.612332567435686],[110.59112597984712,34.61260619895494],[110.59154005323788,34.61287948423325],[110.59224900434205,34.613024960001276],[110.5932174532712,34.61319991855946],[110.59380455558703,34.61348808321162],[110.59439193821859,34.613719004093035],[110.59485843948029,34.613892279802755],[110.59554550669942,34.61427092029517],[110.59353501753839,34.61463201755589],[110.59337109892905,34.6146923459528],[110.59428121591833,34.61495310283039],[110.59454493469671,34.615401914010484],[110.59468238720444,34.615612256684585],[110.59486776103616,34.615460228358046],[110.59510163881679,34.61518815470765],[110.59563823050162,34.615341885309],[110.596180545725,34.61536650409123],[110.5968934724321,34.61548056827916],[110.5976738984168,34.6157922808824],[110.59875886104606,34.61593401487993],[110.59907905421132,34.616126263215264],[110.59928863596349,34.61646699468174],[110.59945686078036,34.616650437863974],[110.59949477097169,34.61670027632934],[110.599509592344,34.61670684414628],[110.59961031805582,34.61671702202069],[110.59980681392122,34.61672668650048],[110.5998563612445,34.61674142518959],[110.59979683359583,34.61665040519162],[110.59981990711954,34.61647153120391],[110.59996858494604,34.61636773749897],[110.60013094439577,34.61633415867029],[110.60037377781407,34.6163332831179],[110.60059641903705,34.6163758549292],[110.6007388828278,34.61648771308747],[110.60078725067115,34.61663197888917],[110.60081773942981,34.616818267741714],[110.60085988173324,34.6168807351806],[110.60086881155725,34.616877146046704],[110.60102846012597,34.61672366032316],[110.60139233251084,34.6166397806975],[110.60175915101951,34.61636079271011],[110.60240854522137,34.6163057383974],[110.60292491993744,34.616357271235564],[110.60310812270349,34.616654439636726],[110.60302904121058,34.616936762522386],[110.60282258185477,34.617080674901345],[110.60270031020026,34.6172037865385],[110.6026810640385,34.61724361224697],[110.6026809403165,34.61726957580496],[110.60272965252359,34.61741902879605],[110.60296846673181,34.61763522608749],[110.60298850757248,34.6175249036901],[110.60316662070423,34.617351117311735],[110.60343485046795,34.61729413199546],[110.60345945474484,34.61729022043079],[110.60347872053421,34.617276685844104],[110.60380269759887,34.61698325935411],[110.6041555778073,34.61677896387798],[110.6044033870524,34.616703106270656],[110.60452847184965,34.61667793096689],[110.60470902799743,34.61665107382837],[110.60487292093806,34.616687530467274],[110.60505453811874,34.61677365822177],[110.60515796780777,34.6168897153431],[110.60522418403455,34.61705288342312],[110.60523836788242,34.617081597584075],[110.60524987895333,34.6170838884139],[110.60534079575017,34.61708094732794],[110.60548408585663,34.6170547987019],[110.60551296526249,34.61698175615476],[110.60563794349595,34.616841269903404],[110.6059241810122,34.616719597311],[110.60623534930892,34.61660382236054],[110.60676710702518,34.616565599583986],[110.60695862153229,34.61657642728174],[110.60713598076921,34.616669229563065],[110.6072605080146,34.61685900531847],[110.60728247991791,34.616878228792885],[110.60734916772473,34.61679742537955],[110.60749897973128,34.61671304208189],[110.60808582312858,34.61653855981904],[110.60847558918037,34.61648975026257],[110.60890649019717,34.61650661992979],[110.60947431290153,34.61646074773303],[110.60961491252026,34.616593516364205],[110.60968558310341,34.616903801142364],[110.60965410961916,34.617464191525706],[110.60936343754344,34.61792834990981],[110.60911575722957,34.61845227147613],[110.60936019693614,34.618620008790344],[110.60980714498376,34.618669140289576],[110.61000808880794,34.6188844391849],[110.61020886749844,34.61913551327224],[110.61052694095007,34.61898149900659],[110.61091735975398,34.61878001445707],[110.61103370527469,34.61857765508016],[110.61113584712702,34.61832754829362],[110.61132481511932,34.61801809190301],[110.61138340433284,34.617827473186466],[110.61200660861803,34.617197413608],[110.61275807469845,34.61690166765776],[110.61300384566174,34.61678319427716],[110.61329250246037,34.61674833355061],[110.61376834771251,34.6167856170639],[110.61441684621518,34.61691884680538],[110.61502201895932,34.61706386234709],[110.61525204232284,34.61723154242606],[110.6155832590068,34.61735183985402],[110.61594371093048,34.61738875122111],[110.6162468489621,34.61734200404116],[110.6165069857919,34.617235493845854],[110.61682438284699,34.61722456612522],[110.61735749303094,34.61735741777076],[110.61764494700108,34.61758490146436],[110.61784596435571,34.617788261820195],[110.61803419610376,34.617633821971154],[110.61822242715454,34.617479381823145],[110.6184395072411,34.61732503071154],[110.6190882355487,34.61741053613216],[110.6194626238826,34.61755480885539],[110.61960562051324,34.6178295374808],[110.6197931421889,34.61783012205995],[110.61992350875133,34.61771127500448],[110.62021205739524,34.61770024769155],[110.62039887298586,34.61785585851],[110.6209559811941,34.61863512367019],[110.62111216648809,34.618416737310554],[110.62131957286519,34.61868256577839],[110.62156920622536,34.61897958015471],[110.62517128369898,34.618697072705295],[110.62533382353058,34.6187155628159],[110.62537824948852,34.618720615667215],[110.6255010117501,34.61874619486202],[110.62557051290297,34.61877030699811],[110.62560684983347,34.618769655007924],[110.62571600842726,34.61877582314161],[110.62605074319144,34.61881884835949],[110.62626353268406,34.61884812816745],[110.62641962276024,34.61888087307013],[110.62651494253774,34.618935184220085],[110.62657605341468,34.61899779554727],[110.62660124959154,34.61901741664449],[110.62663515567506,34.61902660686808],[110.62669386167758,34.6190450549734],[110.62689762651226,34.61908950151907],[110.62714284907233,34.61915769379634],[110.62726477762133,34.61921978212194],[110.62735355764974,34.61925834442903],[110.6275054138912,34.619303276810264],[110.62764310010841,34.61935539254142],[110.62770598468548,34.61937048696318],[110.62775255045939,34.61938312022405],[110.62798537788602,34.61948477925619],[110.62834034759767,34.61973189118406],[110.62862190596348,34.61990768798874],[110.6286962968453,34.61995466816659],[110.62870597696035,34.61995870089427],[110.62872747773321,34.619966015658235],[110.62875190761613,34.61997179968477],[110.62885976041177,34.61998463073983],[110.62899631661419,34.62000345518757],[110.62906570112138,34.620025329425445],[110.62912853758603,34.620054352814286],[110.62918843689248,34.620095798906654],[110.62925215523418,34.62015015878829],[110.62942161902944,34.62018154598233],[110.63119883999498,34.620510699603585],[110.63169745231514,34.620603040718876],[110.6316983718685,34.62060321206314],[110.63357959159016,34.62096080214562],[110.63577140770643,34.621158172458045],[110.63577181346433,34.62115814482368],[110.63577212955671,34.62115817461333],[110.64073589184984,34.62083898352113],[110.64344887101777,34.62060843656773],[110.64587474854967,34.62004308705953],[110.6539022824831,34.61834887253079],[110.6617579468231,34.616272042054725],[110.66828297031607,34.615002018792424],[110.67128737081902,34.613960718734866],[110.67590483433167,34.613496069736385],[110.68259647480158,34.613656754732276],[110.68547806229049,34.61452284430936],[110.68789813047414,34.6153876869569],[110.69210601518061,34.61649551498657],[110.69579263189803,34.61817431538875],[110.698846495874,34.6193505802239],[110.70093525349363,34.62016068172931],[110.7040659777592,34.62207637598652],[110.7063604266354,34.62595766581878],[110.70980768458251,34.63028886114383],[110.71167422752193,34.63288705239056],[110.71246259566999,34.63437958299205],[110.71266893604299,34.637301780117944],[110.71273234018555,34.6398360651744],[110.71293962788525,34.64248994203009],[110.71307703899274,34.644487757467296],[110.71353830921427,34.646724842270366],[110.71400298018115,34.647978092020715],[110.71450364049196,34.64926123799022],[110.71450384243848,34.649261512498214],[110.71450429338375,34.649261063739615],[110.71450436259138,34.64926123968081],[110.7151866410821,34.650187046698925],[110.71539953746824,34.650330821780315],[110.71691435051255,34.651353790963086],[110.71697997777737,34.65207586803799],[110.71701952313188,34.652510962552356],[110.7171330668715,34.653071716022126],[110.71759395273229,34.653339911671694],[110.71798602438034,34.653474382310584],[110.71844756149703,34.65355177123545],[110.71895527810884,34.65362926485969],[110.71913960973262,34.653744172216236],[110.71964758515335,34.653745341194636],[110.72006288029215,34.65384169827313],[110.72017756043134,34.65407092677639],[110.72061626793783,34.654071932746476],[110.72160900536024,34.654112364478536],[110.72223205121772,34.65422826890169],[110.72306303415463,34.654306480499315],[110.72343196691735,34.65445996257668],[110.72382411667472,34.654575334042725],[110.72440180984775,34.65444307787988],[110.72486386176492,34.65436779896742],[110.72574077858297,34.65452241832743],[110.7264561929223,34.65463850890272],[110.72684847296713,34.654715709760424],[110.7275871056154,34.6547936845313],[110.72814070750816,34.65496664449273],[110.72876389338667,34.65504435469095],[110.72959489090483,34.65512252183051],[110.73026401273374,34.65527664859364],[110.73084120622111,34.65529700465507],[110.73121157458061,34.65501161365968]]],[[[110.28992878208828,34.613366597091385],[110.29036248171084,34.60915707394036],[110.29036174796838,34.609157203082155],[110.2875296847872,34.609653148034525],[110.2814159107114,34.61213587519386],[110.27885191938303,34.61240694986895],[110.27621570294328,34.613020983041665],[110.2744824419463,34.613296891327614],[110.27079468133338,34.61539280119391],[110.25942984466023,34.62269881003992],[110.25584368289167,34.62689845769838],[110.25087160830891,34.63116103958191],[110.24491783869101,34.637428602905985],[110.242392532607,34.64308144505847],[110.24146803416066,34.646700853647374],[110.23902857620998,34.65784745087653],[110.23828287114716,34.6636383339094],[110.2374747161414,34.66678147405607],[110.23510824800951,34.676658661606446],[110.23602374063755,34.67647613502042],[110.23777265204929,34.676127423994615],[110.24314603944153,34.675367275327226],[110.25033659278377,34.674563242902494],[110.25033731695291,34.674563157215665],[110.25033733787478,34.674562288390554],[110.25024218640435,34.67358862630656],[110.24964159943912,34.66912022169042],[110.24907054195452,34.66685309842166],[110.2482677305021,34.660280513513314],[110.25139692266816,34.649328764358685],[110.25935521506123,34.630655049162954],[110.2820812819284,34.62184711990027],[110.28992878208828,34.613366597091385]]],[[[110.90385039679124,34.69301380438911],[110.90449734430702,34.69293015568666],[110.90471297210095,34.69290226389262],[110.90471300375478,34.69290226031164],[110.90514429054039,34.69284649363104],[110.90535993100147,34.692818598898604],[110.90686947452718,34.692623383720225],[110.90708511929265,34.69259548773946],[110.90773205924923,34.69251182004631],[110.90794770016731,34.692483920732556],[110.90945723051897,34.69228867617579],[110.9096728539149,34.69226077469605],[110.90967288884333,34.69226077021481],[110.91031982143652,34.69217709147527],[110.91053546281006,34.69214918848165],[110.910962743629,34.69209391657848],[110.9109707476216,34.69209293175531],[110.91130280343765,34.69205413478693],[110.91130422674345,34.69205397176271],[110.91122179361761,34.69164773151424],[110.91121266274776,34.691609461911355],[110.91121336565841,34.69160938760482],[110.91065477627323,34.68926822146888],[110.90976215991358,34.6869600200314],[110.90897034679169,34.6849261673159],[110.90858852388511,34.68424613941917],[110.90801243264981,34.68300547440754],[110.90764498614872,34.68239104226523],[110.90654252384066,34.680690846247586],[110.90500060134977,34.67830459238059],[110.90389850774343,34.676377787978616],[110.90154208031714,34.673227623610195],[110.90000739655208,34.6710559641069],[110.89851598145931,34.66897972637946],[110.89713279337937,34.666981073500615],[110.89033213029288,34.65986642646851],[110.87591811253898,34.647569489043],[110.87080108531528,34.64389712390743],[110.864890966067,34.64019385135512],[110.85822094785856,34.63821859181348],[110.84567025945607,34.63704062969294],[110.8388164512371,34.63721064546607],[110.83416306370884,34.63732366057774],[110.83048437237046,34.63705028346976],[110.81908404930307,34.63792830909472],[110.81500634835099,34.63866752786701],[110.80735408858696,34.64086187371866],[110.80493500058982,34.64181205846291],[110.80096221492379,34.643803138140306],[110.79478501775641,34.6472810674292],[110.78691216085066,34.65057684918026],[110.78697126856112,34.65479264539813],[110.78710834125673,34.65762515349376],[110.78706222794293,34.658310860822446],[110.78700847265955,34.65912292012887],[110.7876759121465,34.65921370277686],[110.7952621303404,34.66024527646068],[110.79736446196658,34.66053106382812],[110.79578603051333,34.659274291541465],[110.7957845954726,34.65927314972789],[110.79578445719523,34.659273039521594],[110.79698062010831,34.65915773644074],[110.8024709177893,34.658627964032746],[110.80913683000705,34.65921096237931],[110.8140720974129,34.65945709530666],[110.8207367486896,34.66087426516088],[110.82743049421653,34.66229111283358],[110.8387135016547,34.664047658899015],[110.84162829249689,34.66440924034243],[110.8478448807974,34.666992610395695],[110.85137955438526,34.66786155627934],[110.85390497786483,34.66813292800906],[110.85863096657782,34.668764580141044],[110.86039861308424,34.66906475116724],[110.8643309769104,34.66960583005869],[110.86516068969419,34.66975581671744],[110.86689258345497,34.669876973053434],[110.87064501934026,34.670149330686556],[110.87428949631342,34.67024258507014],[110.87555225847737,34.6703929476967],[110.88045909758432,34.67093449549247],[110.88287649786245,34.67117534904042],[110.886231531481,34.67186423259336],[110.88879236162977,34.6728206210688],[110.89135251436323,34.674343408164155],[110.89250683992535,34.6747021915178],[110.89369634724997,34.67577651366867],[110.89744586943185,34.67870142816797],[110.89791429593005,34.67929808706804],[110.89796275234184,34.679806145946905],[110.89784693748597,34.680073176149214],[110.89773044376996,34.680893539683254],[110.89782241146062,34.68123706446337],[110.89793724364095,34.681771414939256],[110.89807534010326,34.68217222161568],[110.89775051465139,34.68335494040711],[110.89761030491357,34.68467137456263],[110.89737694202643,34.68659830685767],[110.89739902795965,34.687418785784416],[110.89760659326258,34.68768608720414],[110.89795280339392,34.68791534241062],[110.8985296862835,34.68841191752893],[110.89908329201855,34.68906111321566],[110.90048590241534,34.691258108759705],[110.90088845456393,34.692689472013946],[110.9008813762367,34.69294008053624],[110.90088210100477,34.69293999819425],[110.90086917266449,34.693397652869976],[110.90088656338817,34.693395207015676],[110.90104278748287,34.69337676453619],[110.90104955280796,34.69337594432067],[110.90126258393438,34.69334839546418],[110.90190953771663,34.69326475961141],[110.90212519561334,34.69323687062024],[110.90277214548833,34.69315323018224],[110.9029877929856,34.69312534145823],[110.90363474113592,34.69304169643684],[110.90385039679124,34.69301380438911]]],[[[110.9174440844982,34.73503966790448],[110.91765457874406,34.73503332014355],[110.91768126466037,34.735046135676086],[110.91779363609535,34.735029126003454],[110.91940874975222,34.73498039630493],[110.92059376059002,34.734944629098315],[110.92123681434744,34.73492521530772],[110.92203593955546,34.7349010845197],[110.92260156230577,34.73488400270886],[110.92289952661717,34.734875002572316],[110.92329591613854,34.73486302863611],[110.92394875363716,34.73484330380998],[110.92421496044665,34.73483525956841],[110.92748467129547,34.734736414143754],[110.9274940777511,34.73474191120978],[110.92781739700267,34.7348566578218],[110.92804979212524,34.734948163508975],[110.92818770672334,34.73501964207016],[110.92844299764849,34.735101640577646],[110.9285326919556,34.735111388937156],[110.92862017219316,34.73510424147147],[110.92872694638744,34.735075864112424],[110.92902847399981,34.73495793578372],[110.92935933448425,34.734862684583284],[110.92950657592966,34.73483801681931],[110.92981275943676,34.73480822132767],[110.92992019142848,34.734797766285794],[110.9301642229148,34.73478829186534],[110.93027876698568,34.73474087234102],[110.93032618953544,34.734696079840774],[110.93042049747821,34.73478210422697],[110.9305618626629,34.734805953607164],[110.93074493227331,34.73479766738816],[110.9308934453886,34.73476368787582],[110.93129686789447,34.734636329624195],[110.931479850701,34.73456333723119],[110.93169011544342,34.734326249554165],[110.93177759734844,34.73422140092254],[110.93181195785138,34.734197250314715],[110.9318975421847,34.73413709577575],[110.93214072991147,34.734023099658785],[110.93241812263432,34.733916508294094],[110.93249639001775,34.73388643245368],[110.93298677249943,34.73372713155717],[110.93328067351531,34.73366986324329],[110.93340109104373,34.73366037315684],[110.93351290739311,34.73366205409693],[110.93351845726352,34.733663775237936],[110.93356280496124,34.733726606067975],[110.93366079922447,34.73405316111678],[110.93371807649828,34.73422274630951],[110.9337685581966,34.73433313945938],[110.93376863446706,34.734336081744594],[110.93374530324654,34.73441852309302],[110.93372767457444,34.73456175587871],[110.93380201671377,34.734746582541355],[110.93405712231679,34.734770904280225],[110.93418501552176,34.734702224647975],[110.93426827287554,34.734622758716604],[110.93434164649622,34.7344640162884],[110.93444691976597,34.73431538781889],[110.93449317300521,34.73419670253951],[110.93451273517611,34.734097723319124],[110.9345089592311,34.734000981499705],[110.93455447608603,34.73385896967736],[110.9345614305674,34.733785403792155],[110.93456201235924,34.733717773957274],[110.93453770145463,34.7335427992318],[110.9345647868252,34.73346296394645],[110.93460352906216,34.73334876456041],[110.93466192517486,34.73309194355904],[110.93470704144498,34.73300848156615],[110.93493374964339,34.732710621295716],[110.93501989401959,34.732634583575226],[110.93513090317752,34.73256363314662],[110.93518850332386,34.732538963014264],[110.93533009579332,34.73249637662162],[110.93550431610556,34.7324255053656],[110.93574716326684,34.732326717850995],[110.93580299921493,34.73236335137478],[110.93583414562609,34.73232483555686],[110.93594729900813,34.73223577772349],[110.93625923930679,34.73206770335815],[110.93683497231005,34.73194620387448],[110.93705686582427,34.73191030237328],[110.9371297085437,34.731906045611005],[110.93713099419392,34.7319068214984],[110.9372623203485,34.732093262034205],[110.93752441511336,34.732460690572545],[110.93781458023234,34.73254414225245],[110.93800794060178,34.73239703212109],[110.93805067227157,34.73227039851498],[110.93806303932374,34.73209870804928],[110.93811021754462,34.73191848617225],[110.93822694685397,34.731702113732794],[110.93833928234419,34.731493884209144],[110.93848616663105,34.73120866073746],[110.93860725408871,34.73112331648153],[110.93919200365667,34.73076172981328],[110.93919807797404,34.73075243195994],[110.93921215446147,34.73074926958091],[110.94244228628746,34.728751767192506],[110.94261428768647,34.72859324015173],[110.94275614866511,34.728557667310525],[110.94392110301565,34.72783721354293],[110.94417792532685,34.72774941834485],[110.94420084614616,34.72775743348872],[110.94423992984254,34.7278491937862],[110.94434390272285,34.7280933063123],[110.94445091801846,34.72894951471053],[110.9446304609099,34.72911638504912],[110.94493023154136,34.72909178587188],[110.9451733364528,34.7289876035265],[110.94537971263318,34.728843001524275],[110.94541017908641,34.72878203838134],[110.94550469620178,34.72859290343204],[110.94559612960249,34.728387007757405],[110.9456635606106,34.728341528577786],[110.94601998154752,34.728303115116],[110.94626522925196,34.72833402518946],[110.94643135265501,34.72845326566135],[110.94669704567188,34.7286439702092],[110.94700393677746,34.72873457007983],[110.94734083991868,34.728665219123315],[110.94736264593085,34.72837965482952],[110.94725666831744,34.72823637186594],[110.94725473410284,34.72823212171718],[110.94697884016652,34.72762586118809],[110.94698342712215,34.72755544666218],[110.9467892214128,34.72726660889735],[110.94654330933442,34.727088499772485],[110.94643023904328,34.726767534185576],[110.94617938460709,34.726622783838835],[110.94659932906612,34.726491541034896],[110.94682897659975,34.72641269116844],[110.94716647553788,34.72626921773069],[110.94790894431793,34.72607140267246],[110.94815233563877,34.726044425922304],[110.94890256538241,34.725961270142385],[110.94915431544734,34.725976214719026],[110.94943266653176,34.72611276471056],[110.94964269946509,34.72641536690244],[110.94973699554394,34.72677665780361],[110.9497682550784,34.726977380843636],[110.94996187624983,34.72711448146536],[110.95021445171962,34.72713195358443],[110.95052833189754,34.727028490724635],[110.95077891182544,34.72663261292422],[110.95080112502673,34.726516081300545],[110.95081568043848,34.72643971403175],[110.95115787960127,34.72610469144744],[110.95164552903995,34.72584485579291],[110.9520484765088,34.72563294423171],[110.95281696871818,34.726097610205926],[110.95284293830169,34.72571330081383],[110.9529817733554,34.723658697618724],[110.9535849090896,34.71473172434262],[110.9536172998815,34.71425225208779],[110.95346205450561,34.71463925069299],[110.95281868706988,34.71587922883071],[110.95234894669247,34.71652897110589],[110.9511351317031,34.71766735294453],[110.94967567186444,34.71895468450467],[110.94811525607763,34.71993786144642],[110.94544956513445,34.72145716451802],[110.94099219304611,34.72384013466012],[110.9382539300944,34.72549042013841],[110.93492306353907,34.72751001133003],[110.93259646148975,34.72886822105015],[110.92933827652683,34.730029085583695],[110.92758281817817,34.730540837392304],[110.92653549547718,34.73064157441506],[110.92490319676902,34.7307002055113],[110.92137140951962,34.73077549131246],[110.91835258745388,34.73066021447329],[110.91721893870812,34.730403057574975],[110.91581829098918,34.729931052695314],[110.91534200472779,34.729555077918356],[110.91472171007524,34.72876161987727],[110.91450567762962,34.72814731874525],[110.91402356908492,34.72643570964418],[110.91346998878038,34.72402642364148],[110.91301698584738,34.72214787819806],[110.91293846132564,34.72127727867598],[110.91265069908519,34.7202336151653],[110.91260108363045,34.71934514890746],[110.91241381955032,34.71887993060551],[110.9123351344595,34.7181703237155],[110.91203326316347,34.71682851703947],[110.91181952829011,34.71409748092522],[110.91151069600184,34.712535050292495],[110.91151910345097,34.71142004489102],[110.91148420527777,34.710287119933135],[110.91163679655385,34.70938687450093],[110.91152207490998,34.708629537271236],[110.91163202856572,34.70707933479914],[110.91154616066007,34.70635183201519],[110.91149718200299,34.704884987546514],[110.91149783601396,34.70427083862422],[110.91164365618721,34.7029353143276],[110.91167327016132,34.70224366976334],[110.91186960977403,34.7009201072385],[110.91199415681362,34.69920891982229],[110.91187307399639,34.69765258380731],[110.91194568466703,34.69725910346979],[110.91193168095282,34.69684766985844],[110.9119110400058,34.69588766998899],[110.91166057704919,34.69380652771128],[110.9115791132454,34.69340507510726],[110.91148532997613,34.69294291036773],[110.91146797463969,34.692945300970635],[110.9114542020791,34.69294684773257],[110.91112761230973,34.69298500637233],[110.9107043503741,34.6930397580564],[110.91048870456338,34.69306766133969],[110.9098417542911,34.693151342747754],[110.9096261297333,34.69317924361811],[110.90962609916996,34.693179248102574],[110.90811656504249,34.69337449380514],[110.9079009218699,34.69340239341004],[110.90725396860127,34.693486061971534],[110.90703832485534,34.69351395824587],[110.90552877100383,34.693709175465756],[110.90531313811263,34.69373706869396],[110.90531310645851,34.69373707227508],[110.90488181516356,34.69379283953755],[110.90466618511515,34.69382073162256],[110.90466615346097,34.69382073520351],[110.9040192122796,34.69390438298611],[110.90380355546083,34.69393227532563],[110.90315659836341,34.69401592121792],[110.90294094970277,34.69404381023364],[110.90229399306332,34.69412745154412],[110.90207833291171,34.69415534082611],[110.90143137673043,34.69423897755475],[110.90121575638945,34.69426686173583],[110.90121051804056,34.694267517335334],[110.90120015273042,34.69426877273544],[110.90119819450194,34.69426900732217],[110.9010567296779,34.69428570780035],[110.9010241954576,34.694291161166056],[110.90102159198335,34.69429159263875],[110.90100004422935,34.694294744559144],[110.90084325743038,34.694315013717016],[110.90076857682891,34.696958624552],[110.90089140675633,34.69727531231577],[110.90102767990498,34.69762665183097],[110.90111380154441,34.69805603036675],[110.90099758142041,34.69865220073867],[110.90044815336712,34.69927186689235],[110.90013023479985,34.69948626282758],[110.90018724671677,34.70010642319031],[110.90018684448025,34.70010690422316],[110.90042686354475,34.70046905165785],[110.9004274257251,34.70046990126185],[110.90129925084969,34.70178530446593],[110.90141597227984,34.70191409662069],[110.90172746301621,34.70225779740114],[110.90277019097842,34.703408323919405],[110.90335211788734,34.70461314285171],[110.90351926829446,34.70495920417417],[110.90360527308472,34.7055078328071],[110.90366922794828,34.70572756919002],[110.90367879864664,34.70576045268934],[110.9038066344776,34.70619965843861],[110.90351699772512,34.706914944019594],[110.9031415161279,34.706938496979745],[110.90210196833114,34.7067945638654],[110.90109136114474,34.70660294278477],[110.90056780172036,34.706514260715146],[110.8996764867964,34.70636328036314],[110.89844686599982,34.7063776752919],[110.89843445285366,34.70648133981785],[110.89834490217213,34.70722916789215],[110.89828508795026,34.70772866685693],[110.898284489112,34.70773366566768],[110.89745978350248,34.709020903454196],[110.89713913463562,34.70954300422781],[110.89604857234043,34.711318666672824],[110.89559309118621,34.712060256996715],[110.89551397563962,34.71231395042254],[110.89480048125162,34.71460180609426],[110.89472307187266,34.71485001519631],[110.89409843012703,34.715900292258915],[110.89373674225267,34.716508422137096],[110.8936675356206,34.71672131800616],[110.8936160473631,34.717176630579296],[110.89347041739836,34.71846442666945],[110.89341807116092,34.71892731204618],[110.89345570849292,34.71908006432993],[110.89369721079815,34.72006022294666],[110.89399522383586,34.72126970018348],[110.89418824485129,34.722053053321645],[110.89433909517484,34.722665249447715],[110.89456834984674,34.72359561672186],[110.8945819270695,34.72365071539171],[110.89468195061293,34.72392996478739],[110.89489034094784,34.724511752469716],[110.89540231724237,34.725941064241155],[110.89554545551225,34.72619837403295],[110.89594510333312,34.7269167810378],[110.89617955609877,34.72733822707813],[110.89771850911154,34.72868630138284],[110.8983448232641,34.729234916199076],[110.89957623822555,34.729890103055446],[110.8997975527615,34.73013640895931],[110.89987782550867,34.730225747395274],[110.90078796577183,34.731238644932645],[110.90278892571608,34.732131902411005],[110.90298242150288,34.73221827956656],[110.90330835775731,34.732514101725044],[110.90400363940206,34.733145135521966],[110.90420183637067,34.733325014497176],[110.90458294724557,34.73353281209784],[110.90536251081531,34.73378378857478],[110.90536269855431,34.73378384911595],[110.90561407695998,34.733755423089974],[110.90582224952463,34.733612482478414],[110.90603017936398,34.73354829500858],[110.9060303333774,34.73354824645057],[110.90636831605708,34.73357712778445],[110.90648769190248,34.73358186271393],[110.90802324386902,34.73364276823201],[110.90814691462344,34.73363641728023],[110.90856915544191,34.73361460321695],[110.90856971780224,34.73361457659638],[110.90900298638424,34.733693605145284],[110.90912408826449,34.733908350416314],[110.90946180257227,34.73418765167815],[110.91025020399104,34.734473247805205],[110.91056782814152,34.73463447277376],[110.91069772171797,34.734688208119124],[110.91069777738252,34.73468822979407],[110.91087054377753,34.73468241415531],[110.9108711268831,34.734682394750685],[110.91144885032132,34.734766292336346],[110.91206273027804,34.73481443853563],[110.91243758418281,34.734814708576685],[110.91243830812569,34.734814709097094],[110.9127778606212,34.73473147467682],[110.91291665886759,34.73470651443965],[110.91300871518322,34.73468995978938],[110.91300903189997,34.73468990232451],[110.91330511654141,34.734731851081065],[110.91352882011168,34.73492281419058],[110.91362017227411,34.73504371018152],[110.91367307524061,34.73511372060397],[110.91369943201562,34.735145328728734],[110.91401169907107,34.73514167345166],[110.91409157216798,34.735140740048564],[110.91700795155901,34.73505282346148],[110.9174380983918,34.735039849540264],[110.9174440844982,34.73503966790448]]],[[[110.38175279555784,34.60442588573478],[110.38175219752333,34.6044261152717],[110.38175133491139,34.60442644623024],[110.38092658490321,34.60474334770386],[110.38092516592626,34.60474358028268],[110.38065539868352,34.604841822082285],[110.38033221205156,34.60495917799344],[110.37941870039161,34.6052908866537],[110.37892923139107,34.60542175080858],[110.37808316081642,34.60564794938067],[110.37611467915731,34.60617934192243],[110.37589804069823,34.606237820709204],[110.37381716043166,34.606770949174845],[110.3704189895306,34.60755483477145],[110.36851284545655,34.60785980901046],[110.36577551862693,34.608217677526845],[110.36303925884783,34.60843238574517],[110.35960916621563,34.60884373801354],[110.35784229540094,34.6090347937183],[110.35631926553376,34.60902676786131],[110.35493624250607,34.60881912068766],[110.35408039770668,34.608484467010975],[110.3538769048839,34.60840489556182],[110.35387506034105,34.60840417367068],[110.35348467893974,34.60825180087589],[110.35275329724136,34.60771129084459],[110.35226648537586,34.60715709077911],[110.34932738413616,34.60738676889819],[110.34350554415683,34.608214194441324],[110.33959309941397,34.60832902516884],[110.3357624485265,34.60830822985137],[110.33577783116272,34.609998683040814],[110.33576776487118,34.61126269612203],[110.3358734616161,34.612479638776584],[110.33609417008739,34.61374490656535],[110.33684380685358,34.61379668420945],[110.33823034744498,34.61356570868617],[110.3409479719906,34.61281720990274],[110.34482090086338,34.61188405741598],[110.34770887908475,34.61147022594526],[110.35567814090689,34.610510859894774],[110.35816181753891,34.61014234577955],[110.36359062994384,34.60940757338967],[110.36821204750906,34.608620678976465],[110.3723254221634,34.60786915526346],[110.37394432134398,34.60740046563678],[110.37491607969685,34.60706200257291],[110.37825003548538,34.60598430409286],[110.37893556475566,34.60573021125162],[110.37940417385151,34.60555371731901],[110.37993404278185,34.605284516862504],[110.38155130481975,34.60455717731476],[110.38175174935586,34.60442657002244],[110.38175279555784,34.60442588573478]]],[[[110.38175279555784,34.60442588573478],[110.3817536659812,34.604425530477386],[110.38194616129962,34.6043468676676],[110.38226384052113,34.60429481202616],[110.38278975422918,34.6043630638276],[110.38284702458081,34.604069304676386],[110.3832387063882,34.603761228875804],[110.38346647750923,34.60318997061111],[110.38495678988073,34.60155777406643],[110.38731275159275,34.59987028175135],[110.38919797604292,34.59844870377603],[110.3922363545223,34.597092472421835],[110.39556239797227,34.59582702924179],[110.39920721391357,34.59533820681286],[110.40270394808161,34.595385184715575],[110.40789550894738,34.59538067490934],[110.41257795040008,34.59599956757107],[110.41520698402877,34.596399766277855],[110.42013548113466,34.5979437567745],[110.42614390603727,34.59976095106896],[110.4295903253799,34.60192365660147],[110.43546264078196,34.60815567937824],[110.43750785534667,34.6128589026186],[110.44046566624303,34.61573456293192],[110.44431071861545,34.61775853368264],[110.44474973335853,34.61795549288476],[110.44934151556792,34.620015399352916],[110.45010453994395,34.62020266529512],[110.45084415982411,34.620380869966176],[110.45113816938566,34.62044959993118],[110.45129001806964,34.62047806137037],[110.45152569499243,34.62051330958961],[110.4515904873847,34.62052300095062],[110.45171826561844,34.6205254412792],[110.45207855411424,34.62054529051945],[110.4526149053023,34.62056359957828],[110.4530472873841,34.62056350991053],[110.45369018272764,34.62060123986513],[110.45423396075749,34.620645469407364],[110.45493784050568,34.62074607049931],[110.45524800122129,34.62083154001012],[110.45539614147296,34.6208875282404],[110.4555705391133,34.62095201403175],[110.45578184074053,34.621055776157256],[110.45596080114834,34.62114067288676],[110.45600649764445,34.621196564020565],[110.45605247113974,34.62125279350522],[110.45612191660284,34.621383789064794],[110.4560878190217,34.62154928742336],[110.45608496552401,34.62156313951976],[110.45605015543809,34.62159933877621],[110.45618098136902,34.62167627729216],[110.45618571458083,34.62168802413084],[110.4562032757928,34.621673313637935],[110.45633218981828,34.621675112390555],[110.45646331502864,34.62167694069083],[110.45660485507032,34.621685927488855],[110.45697595178402,34.62189389639464],[110.45700579466526,34.62195229104808],[110.4570823091506,34.62188975090378],[110.4572086508287,34.621818091867425],[110.45732071897685,34.62180652220162],[110.45743962566695,34.6218097806444],[110.45751016477291,34.62183143560619],[110.45771637201521,34.621916624910156],[110.45802741931867,34.622023826477225],[110.45823729440244,34.62210469444245],[110.45836086643102,34.62215359654039],[110.45846638385554,34.62218294487616],[110.4593846265509,34.62243834059105],[110.45946760216209,34.62245626535707],[110.45949698823082,34.62245877713381],[110.45963427063803,34.62246155417564],[110.45984826662857,34.622457488223645],[110.46005734904585,34.62245259247005],[110.46015542221821,34.62244839861938],[110.46038542313977,34.622424003301454],[110.46039316151706,34.62242254928009],[110.4608049358987,34.62234519972994],[110.46100886575148,34.6223020149669],[110.4610711058379,34.622281845635875],[110.46112268950328,34.62219246013109],[110.46174396289771,34.622063847384666],[110.4619056403588,34.622030376826366],[110.46282573807416,34.62183989544269],[110.46586930138855,34.621209751318354],[110.46587121214706,34.62120935584613],[110.4661875255927,34.62114386007051],[110.46903529967655,34.620554165970965],[110.47504348851945,34.61930979380632],[110.4762817643919,34.61905328875708],[110.48815079463958,34.616593942567654],[110.48813334396819,34.616454085884996],[110.4881308471874,34.6163599303173],[110.48812608552669,34.61618038022363],[110.48809882858956,34.61587673986069],[110.48809772544647,34.615781852763725],[110.48815171768588,34.615661333076694],[110.4882916727663,34.615609493166104],[110.48848029389848,34.61559712424847],[110.48862261288618,34.61559749554489],[110.48877834604824,34.61566923122619],[110.48880707108104,34.61584282233482],[110.48891057864198,34.615838021426626],[110.4892435031092,34.61584539671062],[110.49149205147152,34.61461248176801],[110.49282457465767,34.613881800856035],[110.49852214369163,34.61075726136886],[110.50047087377645,34.608126617585434],[110.50214694339614,34.6066014951093],[110.50566202152928,34.60486276765318],[110.50869997503604,34.603300897408246],[110.5108258878904,34.60230771335664],[110.51433789778983,34.601033808777565],[110.51555180966743,34.60060932147509],[110.5191052939828,34.59962165145262],[110.52230807764136,34.599419575709334],[110.53143863200306,34.59913299328798],[110.53606908208725,34.5989360308334],[110.54251601112153,34.59885304454065],[110.54398815982533,34.598643897710346],[110.54714642437608,34.598655660477235],[110.55346162196727,34.59892936666434],[110.5551033674896,34.59936467471437],[110.55886301317396,34.60020117363534],[110.56443707765463,34.6015806866448],[110.56892763613199,34.603349661915665],[110.57510527153703,34.605231683476596],[110.57748136048171,34.60595545641557],[110.57981313928545,34.60689368433036],[110.58231733218945,34.607975565106706],[110.586115593686,34.60988463915946],[110.58910510691854,34.6117407866846],[110.58797390492768,34.610356016174705],[110.58616294653767,34.60906195100257],[110.5843516867752,34.60783940821737],[110.57601825294208,34.604376234292076],[110.56837165192253,34.60209553438098],[110.56452790377489,34.60075816265324],[110.56098581229782,34.599672189242064],[110.55653603404188,34.598439713437266],[110.54987571889883,34.597986013479066],[110.54598293859522,34.59786427244355],[110.54200247256585,34.59795671654466],[110.53858425975447,34.59801539198595],[110.53287247339688,34.59817254026496],[110.52798247736492,34.59836837876808],[110.5214919086485,34.59852197907953],[110.51993420939174,34.59855163580334],[110.51607938423413,34.59928770451219],[110.51052836677218,34.60151944945964],[110.50506231170313,34.60396593835977],[110.5004201681754,34.606057798711774],[110.50041945792563,34.60605824922274],[110.50041946578843,34.606058574671046],[110.50011239463932,34.60639808530379],[110.50011155394196,34.60639901754328],[110.49859552468435,34.60807909806554],[110.49818567520242,34.60853328203384],[110.49628244184348,34.61033808211388],[110.49325822519062,34.611936863889575],[110.49276973555585,34.612195096140724],[110.48901249102647,34.61418118147367],[110.48792896040639,34.61462342196749],[110.48767055638574,34.61472888762935],[110.48706676354513,34.615336924410535],[110.48540087207782,34.616016804627925],[110.481922134031,34.61687583976502],[110.46871581882871,34.62013592495674],[110.4677339125157,34.62037824856944],[110.46694950544406,34.62052581949192],[110.46178178318894,34.62149788666685],[110.4609037600396,34.62166302228405],[110.46055182179717,34.62163064219476],[110.45689235812775,34.620922741604865],[110.45539652293988,34.620248258103935],[110.45539600985403,34.62024834956154],[110.4553958032963,34.62024825489114],[110.45447152163523,34.620411077958885],[110.45323151002441,34.620429365388325],[110.45323082518863,34.6204293749387],[110.44865428919988,34.61881079392882],[110.44465569770158,34.617075421781614],[110.44301866081545,34.61597083668255],[110.44126627482963,34.614865701396894],[110.44086592457036,34.614339156497714],[110.43894822422973,34.61187375159977],[110.43790078211919,34.61039448894562],[110.43690908203011,34.60773654710223],[110.4330461791681,34.60312743438237],[110.43024939629385,34.60084860796811],[110.42644083916153,34.59892272315059],[110.4199306419818,34.59668577613921],[110.41410115883153,34.595107641925985],[110.41064300114468,34.59470341794887],[110.40642732853678,34.59438486407923],[110.40642718473084,34.59438485256262],[110.40138018270791,34.59444963248344],[110.39788198435669,34.5946113068303],[110.395391465424,34.59501637599643],[110.39263058763947,34.595908983687174],[110.3905753054456,34.59693623161944],[110.38853587908005,34.59776079440821],[110.38760752214164,34.59849550353546],[110.38617178103975,34.59958541226278],[110.38402707164144,34.60098178053351],[110.38285118365353,34.60202525834226],[110.38233910210181,34.603012461050575],[110.38175312302378,34.604425095042934],[110.38175279555784,34.60442588573478]]],[[[110.7151866410821,34.650187046698925],[110.71450436259138,34.64926123968081],[110.71450429338375,34.649261063739615],[110.71450384243848,34.649261512498214],[110.71450364049196,34.64926123799022],[110.71400298018115,34.647978092020715],[110.71353830921427,34.646724842270366],[110.71307703899274,34.644487757467296],[110.71293962788525,34.64248994203009],[110.71273234018555,34.6398360651744],[110.71266893604299,34.637301780117944],[110.71246259566999,34.63437958299205],[110.71167422752193,34.63288705239056],[110.70980768458251,34.63028886114383],[110.7063604266354,34.62595766581878],[110.7040659777592,34.62207637598652],[110.70093525349363,34.62016068172931],[110.698846495874,34.6193505802239],[110.69579263189803,34.61817431538875],[110.69210601518061,34.61649551498657],[110.68789813047414,34.6153876869569],[110.68547806229049,34.61452284430936],[110.68259647480158,34.613656754732276],[110.67590483433167,34.613496069736385],[110.67128737081902,34.613960718734866],[110.66828297031607,34.615002018792424],[110.6617579468231,34.616272042054725],[110.6539022824831,34.61834887253079],[110.64587474854967,34.62004308705953],[110.64344887101777,34.62060843656773],[110.64073589184984,34.62083898352113],[110.63577212955671,34.62115817461333],[110.63577181346433,34.62115814482368],[110.63577140770643,34.621158172458045],[110.63357959159016,34.62096080214562],[110.6316983718685,34.62060321206314],[110.63169745231514,34.620603040718876],[110.63119883999498,34.620510699603585],[110.62942161902944,34.62018154598233],[110.62925215523418,34.62015015878829],[110.62928590826964,34.6202049729454],[110.62930288060568,34.62025178816584],[110.6293212272381,34.62032402797233],[110.62933578679485,34.620396291424235],[110.6293531575786,34.620558786046054],[110.62936500835033,34.62066054065746],[110.62937319549498,34.62085718429774],[110.62976083002933,34.62090123445438],[110.6314146706021,34.62108916150949],[110.63146165289128,34.62109449931694],[110.63153450661825,34.62110277730383],[110.63238357744352,34.62119924756577],[110.63358186180325,34.62147857771243],[110.63658047492635,34.62191686174587],[110.63831236054473,34.62173120267901],[110.64062084826432,34.621642623139785],[110.6429876425,34.62141106349335],[110.64668297359296,34.62084940665917],[110.65014785588818,34.62019157373596],[110.65355577380372,34.61934267203983],[110.66048602660906,34.61783571166012],[110.66562662079176,34.61651426747413],[110.66972717579702,34.61552370615134],[110.67405786328463,34.614676727183124],[110.67734697394854,34.61459006779058],[110.68230820201711,34.61479389307963],[110.68824460762053,34.616526462330945],[110.69452588475386,34.61868891923466],[110.70086262475832,34.62156671304857],[110.70333736608642,34.62338541282691],[110.70603579896036,34.62725576471569],[110.71028598430998,34.63303780883305],[110.71120240184645,34.6350434401864],[110.71129584072757,34.6413879465522],[110.71157104020845,34.64525240534717],[110.71294280717859,34.64916715025759],[110.71333689550717,34.649557438925875],[110.71377211585906,34.649988456682735],[110.71496342675032,34.6524167336784],[110.71481850439527,34.65259527481239],[110.71640539750723,34.65274804276552],[110.71694848008482,34.653033126501676],[110.7171330668715,34.653071716022126],[110.71701952313188,34.652510962552356],[110.71697997777737,34.65207586803799],[110.71691435051255,34.651353790963086],[110.71539953746824,34.650330821780315],[110.7151866410821,34.650187046698925]]],[[[110.74322874658255,34.655195074732205],[110.74322802185677,34.65519449268422],[110.74322802473574,34.655194974054666],[110.74322874658255,34.655195074732205]]],[[[110.74322874658255,34.655195074732205],[110.74327870343706,34.655202030800744],[110.7433380549483,34.65521286114498],[110.74345476066578,34.6552341560706],[110.74362060945325,34.655265279766525],[110.74372294386295,34.655296592473704],[110.74388867514803,34.65536705312416],[110.74436091062775,34.65551403001403],[110.74449896896773,34.65557151610493],[110.74481075214365,34.65564602780174],[110.74516146578685,34.65570174499963],[110.74539257694896,34.655716801239514],[110.74558924006848,34.655773383526615],[110.74568686846393,34.65583513061249],[110.7458378550985,34.655915877446745],[110.74606134805317,34.655957470004665],[110.74657627730821,34.655933043423076],[110.74671253502004,34.65592657932837],[110.74687244695146,34.65595434646772],[110.74738145273453,34.65604272824563],[110.74792779650139,34.65617893752171],[110.74796672898859,34.65621753346015],[110.74812872579457,34.65630289751669],[110.74857242609771,34.656324346047406],[110.74864872673821,34.6563692720458],[110.74873818876316,34.65647790493527],[110.74888107994983,34.65660991825719],[110.74911551655327,34.65665486846249],[110.74950343565615,34.65643322610536],[110.75043537751412,34.65655980417765],[110.75045683581703,34.65656182313172],[110.75165181469343,34.656624983308234],[110.7518583824371,34.65664588258424],[110.75203525120094,34.65666773342482],[110.75306964168294,34.65653367588951],[110.75355723932758,34.65647714833629],[110.75359020858237,34.65647332619194],[110.75388824229734,34.656488242848006],[110.75420364772847,34.656470916237666],[110.75442749826237,34.656465706289374],[110.75444537848229,34.656491411462746],[110.75457504166093,34.65671231951119],[110.7548287983302,34.65683943245467],[110.7550965163168,34.656883354561664],[110.7553419673939,34.65673084373806],[110.75539812094435,34.65656380034672],[110.75540413181946,34.656399279514666],[110.75542637101553,34.65630112126898],[110.75546341163793,34.6562470447625],[110.7554994816065,34.65621924663412],[110.75556729263647,34.656191959238804],[110.7561823533213,34.65615290659214],[110.75647247060152,34.65613249833462],[110.75679794421355,34.65609758826948],[110.75689675950534,34.65610029851332],[110.75703083319233,34.65610079471189],[110.75723664903147,34.65612443815503],[110.76048425072845,34.65655147327105],[110.77301009607945,34.658197674954124],[110.77327219713156,34.65835565805106],[110.7734374876976,34.658404311781574],[110.77376841266056,34.658428698795035],[110.77422356422915,34.65842954244786],[110.7745873621473,34.658446655860196],[110.77496162154047,34.65856083472992],[110.77525742439995,34.65857431406089],[110.77574076127826,34.65857613698204],[110.77585559876471,34.65857333826331],[110.77586260400474,34.65857640879728],[110.77591069956183,34.658624530889156],[110.77600975400017,34.65878421492368],[110.77630183660082,34.65877134235006],[110.77642073440913,34.65863868128525],[110.77646375551366,34.65853479894719],[110.77648269965044,34.6585192217806],[110.77652699717792,34.658508334356355],[110.77656912916483,34.65851047674901],[110.77704612183359,34.658486305409426],[110.7775021863937,34.658460392111984],[110.77774093687131,34.65844108078821],[110.77781440391486,34.658463402526806],[110.77791761337767,34.65849771786127],[110.77813473599886,34.65859688030835],[110.77828477415812,34.65861699013613],[110.77847431306893,34.658615102700274],[110.77860511203305,34.65857363462935],[110.7787598303084,34.65850712567958],[110.77883226002407,34.658499956385526],[110.77887580420669,34.65848671670813],[110.77896829004703,34.658483784376294],[110.77926704184804,34.6584792388036],[110.77939976454303,34.65849953946688],[110.77940702390022,34.65851462183577],[110.77941186437424,34.658680514771845],[110.77938075903428,34.65894725885098],[110.77948795567748,34.6591670216987],[110.77972599648066,34.65923304464936],[110.77994284103904,34.659166970040935],[110.78016748666062,34.65903265089821],[110.78045577739142,34.65877863755934],[110.78065777723248,34.65862847552524],[110.78089186940072,34.65846279228102],[110.78098570222147,34.65842966738016],[110.78110381007836,34.65839402682442],[110.78119999184479,34.65835536577481],[110.78122693060118,34.65833637857654],[110.78241424675221,34.65849792858278],[110.78658785402787,34.659065707232664],[110.78700847265955,34.65912292012887],[110.78706222794293,34.658310860822446],[110.7871076179991,34.657625148625215],[110.78697054640973,34.65479264413648],[110.78691143873586,34.650576847918394],[110.78402275928933,34.65155560604039],[110.77572207482224,34.65264371554672],[110.76951510166305,34.65322840815624],[110.76208360437182,34.65303525457993],[110.76057209193397,34.652775156216805],[110.75934531818427,34.65282044234188],[110.7574549963071,34.65276899590736],[110.75579574527235,34.65265835702564],[110.75387734382971,34.652344440697206],[110.75242127512747,34.65185255538228],[110.75047429238707,34.65145504948397],[110.74686419117972,34.651012595614496],[110.74554968729066,34.650494686790864],[110.74375280109498,34.64917436606956],[110.74318749979673,34.648615801402826],[110.74322874658255,34.655195074732205]]],[[[110.29169074896699,34.60962042551892],[110.29179007500805,34.60894304475299],[110.29132504780749,34.60898836562567],[110.29036176218574,34.609157069755184],[110.29036174796838,34.609157203082155],[110.29036248171084,34.60915707394036],[110.28992878208828,34.613366597091385],[110.2820812819284,34.62184711990027],[110.25935521506123,34.630655049162954],[110.25139692266816,34.649328764358685],[110.2482677305021,34.660280513513314],[110.24907054195452,34.66685309842166],[110.24964159943912,34.66912022169042],[110.25024218640435,34.67358862630656],[110.25033733787478,34.674562288390554],[110.25033731695291,34.674563157215665],[110.25076918068179,34.67450984148984],[110.25187842011904,34.67437289198194],[110.25057742301858,34.666893523654494],[110.2493115240732,34.66128069478233],[110.2493271167431,34.65955166630493],[110.25172107613285,34.651715756800726],[110.25253825538393,34.6490972668393],[110.25622118256544,34.64065301550024],[110.2585837536473,34.634585629719034],[110.26034407420815,34.63131692954151],[110.26541269239338,34.629141423556185],[110.27091433749395,34.62690867137621],[110.28017754728933,34.62338616161673],[110.2840221673237,34.620844894035024],[110.28722409556752,34.61752461496098],[110.28854847522652,34.61662962445901],[110.29019825623149,34.61551468631922],[110.29187367390897,34.61355677878362],[110.29169074896699,34.60962042551892]]],[[[110.90086917266449,34.693397652869976],[110.90088210100477,34.69293999819425],[110.9008813762367,34.69294008053624],[110.90088845456393,34.692689472013946],[110.90048590241534,34.691258108759705],[110.89908329201855,34.68906111321566],[110.8985296862835,34.68841191752893],[110.89795280339392,34.68791534241062],[110.89760659326258,34.68768608720414],[110.89739902795965,34.687418785784416],[110.89737694202643,34.68659830685767],[110.89761030491357,34.68467137456263],[110.89775051465139,34.68335494040711],[110.89807534010326,34.68217222161568],[110.89793724364095,34.681771414939256],[110.89782241146062,34.68123706446337],[110.89773044376996,34.680893539683254],[110.89784693748597,34.680073176149214],[110.89796275234184,34.679806145946905],[110.89791429593005,34.67929808706804],[110.89744586943185,34.67870142816797],[110.89369634724997,34.67577651366867],[110.89250683992535,34.6747021915178],[110.89135251436323,34.674343408164155],[110.88879236162977,34.6728206210688],[110.886231531481,34.67186423259336],[110.88287649786245,34.67117534904042],[110.88045909758432,34.67093449549247],[110.87555225847737,34.6703929476967],[110.87428949631342,34.67024258507014],[110.87064501934026,34.670149330686556],[110.86689258345497,34.669876973053434],[110.86516068969419,34.66975581671744],[110.8643309769104,34.66960583005869],[110.86039861308424,34.66906475116724],[110.85863096657782,34.668764580141044],[110.85390497786483,34.66813292800906],[110.85137955438526,34.66786155627934],[110.8478448807974,34.666992610395695],[110.84162829249689,34.66440924034243],[110.8387135016547,34.664047658899015],[110.82743049421653,34.66229111283358],[110.8207367486896,34.66087426516088],[110.8140720974129,34.65945709530666],[110.80913683000705,34.65921096237931],[110.8024709177893,34.658627964032746],[110.79698062010831,34.65915773644074],[110.79578445719523,34.659273039521594],[110.7957845954726,34.65927314972789],[110.79578495763673,34.65927315934879],[110.79977859804359,34.65937245003081],[110.80147039067646,34.65945910280327],[110.80208747400046,34.65949070151729],[110.80301453740337,34.65958941143264],[110.80827451053037,34.66014932639938],[110.81388426206458,34.66084491700711],[110.82191723152188,34.66226887362032],[110.8286344663619,34.66355689639064],[110.83121455684471,34.66400507095141],[110.8389543307828,34.66509835916653],[110.84403249442622,34.666345195456444],[110.84779139985058,34.667506722103965],[110.84934937008565,34.667985670551346],[110.85122485593568,34.66848883704068],[110.8531586944595,34.66865813757976],[110.85460178291483,34.66882682044578],[110.85676637110306,34.669115590038636],[110.8583242984092,34.66966597395019],[110.86095089103218,34.66990750693133],[110.86297110816746,34.67024370266842],[110.8645585889064,34.670412430804525],[110.86770481485193,34.670678243666885],[110.87088004106612,34.6708724522325],[110.87471940245459,34.670971861211235],[110.87821186192971,34.671404712398804],[110.88057864474405,34.67171711205006],[110.88447523197631,34.672221730156096],[110.88789757747747,34.67334590573877],[110.88908583627321,34.6742147203328],[110.893273650899,34.676562338184645],[110.8954541329523,34.67825285286659],[110.89613401084488,34.67956896568082],[110.89625942320278,34.679666768615775],[110.89627127592605,34.679684149268354],[110.89633588718807,34.67983616017367],[110.89634551764019,34.67987681566645],[110.89635537377507,34.679951791512195],[110.89635399792637,34.67996305281455],[110.89627105064456,34.68028485151655],[110.89624666037403,34.68040007232595],[110.89623476475641,34.68052897035114],[110.89623297755328,34.68067052314446],[110.8962326313245,34.680697892979545],[110.89625371448466,34.681019068015736],[110.89632257039665,34.681249067044476],[110.89635801834055,34.68147083010249],[110.89647562433716,34.681965502427644],[110.89650627058442,34.68204248084049],[110.89658616252034,34.68213383197131],[110.89663782610661,34.68225815326026],[110.89664035272997,34.68226922676754],[110.89665091671766,34.68271027481962],[110.89668228209418,34.68300810324496],[110.89667051531747,34.68310028341883],[110.896670101315,34.68319988116637],[110.89667002099948,34.68321885439658],[110.89668499780949,34.68331325492328],[110.89668703694235,34.683381225372365],[110.8966567535991,34.683612376817784],[110.89658663496363,34.684005975388786],[110.89655887380653,34.684068892369616],[110.89639447291916,34.68537608549982],[110.89626465803579,34.68636253928829],[110.89624440954692,34.68693262030485],[110.89622335097059,34.68752548329985],[110.89620959644566,34.687912669731524],[110.89624688886626,34.68861212763453],[110.89630714616212,34.68914652898164],[110.8964874675013,34.69034124427166],[110.89657119022628,34.69089592848519],[110.89666520636312,34.691424448335276],[110.89660872513959,34.691808449640874],[110.89644757020271,34.69235521139792],[110.89626757260541,34.692895147463304],[110.8962611528502,34.693009115017524],[110.89626865437378,34.693135532329485],[110.8963906195692,34.69332477380403],[110.89662270356472,34.693324970885165],[110.89684921920747,34.69325404010352],[110.89696787796977,34.69320722562839],[110.89699876054198,34.69320725173244],[110.89706058955888,34.69323681223311],[110.89720181075758,34.69344195503133],[110.89725778733668,34.69383331773016],[110.89726339767842,34.693872546314225],[110.89983913629841,34.693532420701885],[110.89984091334145,34.69353218869233],[110.9008191518032,34.69340572683294],[110.90085524101339,34.69339967786439],[110.90085784446055,34.69339924639514],[110.90086917266449,34.693397652869976]]],[[[110.90076857682891,34.696958624552],[110.90084325743038,34.694315013717016],[110.90001056015421,34.69442265983243],[110.89741361595522,34.69476558540454],[110.89739814860953,34.694767440143245],[110.89739147406951,34.694767978085146],[110.89745199493876,34.69519109995037],[110.89797651597294,34.69885801092762],[110.89786534657003,34.69887308523021],[110.89776838395233,34.69893742445642],[110.89765664277942,34.69908612211806],[110.89762734798252,34.69918026875612],[110.89763406570232,34.699267263066055],[110.8976966508579,34.6993904298994],[110.89815008763821,34.69969909433434],[110.89851206344888,34.69981086685445],[110.90013023479985,34.69948626282758],[110.90044815336712,34.69927186689235],[110.90099758142041,34.69865220073867],[110.90111380154441,34.69805603036675],[110.90102767990498,34.69762665183097],[110.90089140675633,34.69727531231577],[110.90076857682891,34.696958624552]]],[[[110.51029325602495,34.89903800195426],[110.51272537447637,34.89895237802463],[110.51434568567963,34.89895886373342],[110.51469753867636,34.89819708518262],[110.51476328631178,34.896861776317735],[110.51483436001443,34.894620206932316],[110.51420120860202,34.89399759362996],[110.51382182840076,34.892064266129495],[110.51387683603282,34.89009690317405],[110.5131042133357,34.88859129094248],[110.51085192590702,34.887687892261624],[110.50742814980785,34.88667238796888],[110.50652436724074,34.88534507562857],[110.50506546955994,34.88247720063177],[110.5016914824407,34.87926724053262],[110.49923838009154,34.87954538521889],[110.49923824050192,34.87954531613835],[110.49690120148881,34.87839095928536],[110.49370073264942,34.876445860994366],[110.48971952230606,34.87442585656067],[110.4860826420188,34.872908017889394],[110.48087833863705,34.87217042363781],[110.48087816645197,34.87217049861938],[110.47861488868033,34.873162419581796],[110.4765191181062,34.875085225678774],[110.47538415333871,34.87608201384815],[110.47485051258857,34.878083069540835],[110.47327590995283,34.87993651866472],[110.47126620671655,34.88193115301471],[110.47073059294678,34.88421837266035],[110.47132187218489,34.88679668789342],[110.47303741743963,34.89009536268583],[110.47727402574785,34.892975588814956],[110.48314470945438,34.89843836665685],[110.485806880362,34.903243393734456],[110.48682142729322,34.907683672714754],[110.48827079735484,34.91205422395069],[110.4908621951138,34.91435455673621],[110.4908623006828,34.91435465002102],[110.49512224251676,34.9137284891955],[110.50042439107447,34.91310646746593],[110.50372879070379,34.91247607151547],[110.5071056780437,34.91172811259171],[110.50710637161555,34.911727959465054],[110.50692287200413,34.910806001379655],[110.50697134342121,34.90269738980281],[110.50732613025515,34.901458655931144],[110.50820025425566,34.900508217947284],[110.51029325602495,34.89903800195426]]],[[[110.51578164933083,34.93246770935588],[110.5138271406717,34.93242413004564],[110.51382705194858,34.93242414140859],[110.5089147874223,34.93304830590781],[110.50751492059979,34.93468824360116],[110.50698294487167,34.93647478561009],[110.50679612019222,34.938656239571934],[110.50678648354604,34.94026602884918],[110.5067744888485,34.94226932110564],[110.50685559200421,34.94323554706512],[110.50724316315757,34.94380950257258],[110.50906604507749,34.94410306405737],[110.50906611292419,34.94410306793709],[110.51345369165765,34.94404918390815],[110.51345441524658,34.94404918229933],[110.51658555824874,34.94352507271551],[110.52393753627142,34.94183695627515],[110.52545990527518,34.941520946289685],[110.52663492349373,34.94116779016934],[110.52729703691412,34.93934589510099],[110.52696737092808,34.93623227308651],[110.52519889400232,34.93404315942048],[110.52518545699657,34.93401910849962],[110.52259689923841,34.93328170849496],[110.52016662235397,34.93287862002279],[110.51578164933083,34.93246770935588]]],[[[110.29016704268052,34.94813700130406],[110.28487238244765,34.94746202439227],[110.281917546279,34.947516139542934],[110.28124489121502,34.94752894198304],[110.2790495973473,34.94757069850179],[110.27749250581408,34.94677443228986],[110.27109510940436,34.943087327335114],[110.26754750995573,34.94142041261235],[110.26673235523089,34.94112848092559],[110.26386236523649,34.94010058979804],[110.26226437614919,34.93952822792275],[110.26053898186171,34.938158349073596],[110.25726211543312,34.93541958056162],[110.255391589064,34.93090068084117],[110.2531648633943,34.928186485446076],[110.2523981736315,34.92725190425038],[110.25143908535068,34.926082754479616],[110.2503245314487,34.92457478728717],[110.25032422344144,34.924573396378904],[110.25036846652193,34.91970847843101],[110.25043898079252,34.91195239205072],[110.25045497013751,34.910193260085016],[110.250451187566,34.90985375376935],[110.25035930313969,34.901607017660325],[110.25036356905801,34.899750520916896],[110.2503817293558,34.89184251888679],[110.25038750615437,34.88932518511483],[110.25119316501747,34.88666240209817],[110.25143184651769,34.88587349998551],[110.25075052963844,34.881218723582876],[110.25048062140495,34.87907063778324],[110.25048071583934,34.879069994784],[110.25274916046624,34.87730255985742],[110.25429311192813,34.875537661732665],[110.2559825990913,34.87302953993708],[110.2562900492355,34.872494229752874],[110.2568998396743,34.871432484806476],[110.25781653002036,34.86989265615304],[110.25943532274773,34.86749852776856],[110.25978158595761,34.86671769295616],[110.2601441083652,34.86590017525227],[110.26037036983773,34.863898218136036],[110.26045928003745,34.861723709471796],[110.25846233771968,34.85640450961433],[110.25727182391914,34.853233034408],[110.25674100513326,34.850619760404435],[110.25660957814038,34.849972706136576],[110.2558713568059,34.84702069549161],[110.25587170907063,34.84701921577876],[110.25708947539952,34.833851446130474],[110.25708883494366,34.83385106363884],[110.25639804335661,34.83343884787274],[110.25628749408357,34.832404469348205],[110.2566646695349,34.83066577352896],[110.25691339709779,34.828735495834074],[110.25724105032388,34.826066369431246],[110.25767953075349,34.82071247701995],[110.25787731644263,34.818006778542376],[110.25850024170212,34.81142098611732],[110.25907246808777,34.80887258356754],[110.26020662795136,34.80167933707498],[110.26074756233066,34.7993835354957],[110.26156666092116,34.796691132427256],[110.26247527728538,34.7936796822624],[110.26330039063595,34.7902980505365],[110.26411943194128,34.78596477782073],[110.26433363289438,34.78463049864026],[110.26456989989141,34.78243776948015],[110.26482288713002,34.778358639535725],[110.26517844039685,34.77495119638785],[110.26941494825624,34.77471434904996],[110.27197437239056,34.774550801615874],[110.2759915851985,34.774515145470374],[110.27599230830691,34.7745151533764],[110.28025425722197,34.77458811616188],[110.28025437851288,34.77458811237201],[110.28436034374973,34.77438575334661],[110.28436061881348,34.77438577930115],[110.2843610657975,34.774385757591105],[110.2860828632073,34.77454992561446],[110.28608359888294,34.7745499966317],[110.28587556456225,34.77353516708352],[110.28553947038557,34.77228824588107],[110.28500689980629,34.770365224952265],[110.28480413346666,34.76874225861181],[110.28462852556868,34.76732217357956],[110.28443563255283,34.766231112201034],[110.28384491489304,34.764355442013354],[110.28341957366868,34.76341087850808],[110.28269143150568,34.7623929809058],[110.28189519257812,34.76089768395015],[110.28099199549362,34.75840960437129],[110.2807006796174,34.7570126785672],[110.28028337859726,34.75514993806024],[110.27956331920788,34.753213856649694],[110.27884955272918,34.75221986942431],[110.2766560532891,34.74860794221274],[110.27434437369998,34.74630700405396],[110.2721962686826,34.744147712903136],[110.2713904432156,34.74378514957528],[110.27021386090051,34.742871815442946],[110.26975957649594,34.74196280381066],[110.26516283696908,34.73575808150754],[110.25939458700769,34.72105794002775],[110.25884123895271,34.70983421241794],[110.25693351949752,34.70355198838122],[110.25614962276015,34.70087125414596],[110.25606310764499,34.700367734344674],[110.25447512409362,34.69969023364662],[110.25380691230919,34.699495345054196],[110.253164204494,34.69903349066473],[110.25286818277885,34.698554679004786],[110.25271260977946,34.69690808659062],[110.25238734143191,34.69454495617886],[110.25222400087348,34.69280052866561],[110.25218984886696,34.690176833628506],[110.24971872707026,34.685654271653156],[110.24971858967596,34.6856540184146],[110.25158973229897,34.6862139099583],[110.25231734569881,34.68555073914622],[110.25262063182055,34.683930806701845],[110.25025913359309,34.676856731040374],[110.25029064144199,34.676329032881924],[110.25033655925135,34.67456454252133],[110.25033731695291,34.674563157215665],[110.25033659278377,34.674563242902494],[110.24314603944153,34.675367275327226],[110.23777265204929,34.676127423994615],[110.23602374063755,34.67647613502042],[110.23510824800951,34.676658661606446],[110.24378192051009,34.71334613169947],[110.2477783299093,34.73130587574262],[110.24938979867747,34.74158648099864],[110.25018758972517,34.76520252353193],[110.24863998311586,34.77652152131543],[110.2467996047074,34.78819640722551],[110.24504689462483,34.800237474022715],[110.24292285585689,34.814690400453145],[110.24094380847653,34.83069566957442],[110.23934996658986,34.844587744834456],[110.2368390005294,34.85847401234378],[110.23407373171835,34.87991399176598],[110.23208273032547,34.89682549409179],[110.23182336320885,34.90498365482424],[110.23247686141472,34.913600893460135],[110.23418495978824,34.92151238223409],[110.23888740346044,34.93577388895012],[110.24583550925846,34.947890719217746],[110.25586338895059,34.960026050554056],[110.26196277364424,34.96632358831566],[110.26774630410056,34.97141728204593],[110.2813049006974,34.984758224523695],[110.28924621598107,34.99129184261984],[110.29585806506628,34.99722310697687],[110.31214301217305,35.01932398139616],[110.32663033752105,35.0377422208011],[110.33451739062848,35.05509877250403],[110.33535061400582,35.06057614161321],[110.33688852457303,35.060315264875655],[110.3414237184326,35.05967019005389],[110.35640434593311,35.05781885979113],[110.35850609254325,35.05748224888442],[110.35858335142369,35.05676397146677],[110.35880538176272,35.05469966050911],[110.35881980805371,35.05436871738191],[110.3588732310229,35.05314317887867],[110.35810587712109,35.051582281333566],[110.35730887288209,35.049839016899675],[110.35684677399964,35.04882824645079],[110.35580003380821,35.04740321990582],[110.35374863303171,35.04629336288824],[110.35092290104983,35.04453827882581],[110.34937270922501,35.04343102843063],[110.34821445574214,35.042051128077446],[110.3473979280799,35.04060914076886],[110.3472261735128,35.04030581503829],[110.3461251306395,35.03874304371539],[110.34619137971035,35.037415505339986],[110.34626200118045,35.03553851696273],[110.34587684788052,35.03293025420689],[110.34566768231691,35.03123491413988],[110.3451984835597,35.03048622133526],[110.3446701261104,35.029643113457695],[110.34445838298717,35.029305225718],[110.34403099011782,35.027059228161484],[110.3440474498602,35.02499878641728],[110.34367757700338,35.02252414814146],[110.34231076732534,35.02104480361181],[110.34108395839029,35.01971692832594],[110.33763885833754,35.015871295440334],[110.33733281542106,35.015529648821165],[110.33408069767755,35.01161972999498],[110.33309797853435,35.01080633829304],[110.33114303986763,35.009188173449516],[110.32511105871922,35.00598102861495],[110.32467953702873,35.00558512319198],[110.3240353512713,35.004615661513284],[110.32312620940444,35.00414554430799],[110.32285395593405,35.00312404459006],[110.32262014019241,35.002246743004996],[110.3225053474926,35.000350122630344],[110.32215490762668,34.9980413794678],[110.3217082286898,34.9950984165918],[110.32117728967663,34.99160003858625],[110.31830423765565,34.98519988408234],[110.31750674198666,34.98342315509912],[110.31191034411027,34.976952376494395],[110.30904793181428,34.973811092531875],[110.30889578245537,34.97364411149023],[110.30509458100083,34.968820262779545],[110.30407379914332,34.96752474036488],[110.30193019140468,34.964804030032305],[110.29805414623745,34.96070352567297],[110.29685730375203,34.95840151012162],[110.29600213016184,34.956756578078746],[110.29516193137745,34.95338900591941],[110.2945683760191,34.95166843641618],[110.29336660643186,34.94994432783582],[110.29016704268052,34.94813700130406]]],[[[110.50490813905516,34.94823132525616],[110.50549000250125,34.94780440705642],[110.5068802837795,34.94781005882185],[110.50908184530253,34.94777127773779],[110.50995148140412,34.947655543787256],[110.51348665859078,34.9474074117467],[110.51545832040532,34.947057552628635],[110.51992488884935,34.94602591683735],[110.52154823740783,34.945793828760294],[110.5283120443394,34.94517157913774],[110.52994134236874,34.94389003091041],[110.53211196291633,34.939080846953],[110.5325011768136,34.931736744576256],[110.53238713809333,34.92731329520503],[110.53226383591068,34.922529967001594],[110.53310997408396,34.91628467298678],[110.54127213410905,34.9167927469117],[110.54272007062461,34.91675050449576],[110.54549907286085,34.91685632720883],[110.54608260665596,34.916047626779026],[110.54667294697597,34.91399877817656],[110.54688256716506,34.90746480662709],[110.54716549122944,34.89811685733218],[110.5474032648674,34.88643146725805],[110.54723614961983,34.885238364673675],[110.54678014239136,34.88394879081135],[110.5446960605676,34.883988702457025],[110.54424036205332,34.88265141853578],[110.54363766101417,34.876495964328946],[110.52579820782722,34.878669556014025],[110.51896853424377,34.879511168254815],[110.51792068739236,34.879640257813826],[110.51479457392668,34.879723219852224],[110.5069897920858,34.878895248068474],[110.50131500653403,34.87746192161325],[110.49959268751526,34.87702690223575],[110.49653907961086,34.87472473889579],[110.4923886519176,34.871988634073155],[110.48678811803822,34.869818665813106],[110.48118578174123,34.86798232450231],[110.47997317109332,34.86754785217437],[110.47701868958823,34.86801217413884],[110.47562703615193,34.86843547218234],[110.47544221082204,34.87019954014318],[110.4755467509114,34.8719648566347],[110.47502314797498,34.87239189001034],[110.47112327401943,34.87365064761787],[110.46991942323746,34.87403921204573],[110.46873149039455,34.87438580318002],[110.46570437687424,34.87916143068535],[110.46714974544395,34.88720865016218],[110.46761832706656,34.88981751643155],[110.47106557961726,34.893886969903214],[110.47537816662859,34.896219053243215],[110.47995486650044,34.900316976386584],[110.4818501146793,34.902757710184034],[110.48165394590887,34.90633428440027],[110.48120035369877,34.90940892149037],[110.48100593836429,34.91269930697249],[110.48142356700366,34.915348371725344],[110.48264086460432,34.91548026763775],[110.48966976849542,34.91624185773046],[110.48695123075551,34.91462439430793],[110.48523373595746,34.9114690134364],[110.48447575415759,34.90767374647005],[110.48303607540875,34.901800674862045],[110.48113901153582,34.899646142175826],[110.47673687079869,34.895405921427056],[110.47440776986521,34.89296323040737],[110.47120911191179,34.890731358501725],[110.46940173940223,34.88821929091415],[110.46819857677356,34.88628222660973],[110.46700794245633,34.8824133978965],[110.46772420607036,34.879053758873425],[110.47173530321312,34.876352409368806],[110.47296398282306,34.87428283407502],[110.47749056867508,34.87237055954728],[110.48080564555333,34.869809009416876],[110.48531486576337,34.87061521492246],[110.48947516123845,34.87170598301017],[110.49388636119356,34.87437172486583],[110.4982079853436,34.87753777624229],[110.49989255713237,34.87837410372514],[110.5016914041396,34.87926716539638],[110.5016914824407,34.87926724053262],[110.50506546955994,34.88247720063177],[110.50652436724074,34.88534507562857],[110.50742814980785,34.88667238796888],[110.51085192590702,34.887687892261624],[110.5131042133357,34.88859129094248],[110.51387683603282,34.89009690317405],[110.51382182840076,34.892064266129495],[110.51420120860202,34.89399759362996],[110.51483436001443,34.894620206932316],[110.51476328631178,34.896861776317735],[110.51469753867636,34.89819708518262],[110.51434568567963,34.89895886373342],[110.51272537447637,34.89895237802463],[110.51029325602495,34.89903800195426],[110.50820025425566,34.900508217947284],[110.50732613025515,34.901458655931144],[110.50697134342121,34.90269738980281],[110.50692287200413,34.910806001379655],[110.50710637161555,34.911727959465054],[110.5071056780437,34.91172811259171],[110.50759675575178,34.914195350242636],[110.5103685363867,34.915494417246755],[110.51198622863461,34.91612100934],[110.51191109749598,34.919030333927644],[110.51056080317203,34.92212532255725],[110.50985623652153,34.92374424003246],[110.50724109516901,34.925260023785135],[110.5037600286613,34.92629522788323],[110.50044972448869,34.92780802197048],[110.49741512057456,34.92807957376748],[110.49227603272968,34.930276193765],[110.49061348773279,34.9322010303718],[110.49094507962948,34.934778147014555],[110.4898839328745,34.937778708753164],[110.48899780682923,34.94056535014032],[110.4884636170318,34.94263798971209],[110.49087743315394,34.94572468387038],[110.49550040000119,34.94756844134947],[110.50050614057938,34.948117906654694],[110.50305499894735,34.948128359828026],[110.50490813905516,34.94823132525616]],[[110.51053464683905,34.93156768823341],[110.51534456460942,34.93110998188522],[110.51968553873954,34.93160420761792],[110.5240836575113,34.93224159768793],[110.52569958481493,34.933249589938264],[110.52731582429898,34.9342098625421],[110.52817532249631,34.935834959150014],[110.52862749490524,34.937792361453816],[110.52861903459704,34.93927098814961],[110.52832232275622,34.940510000880096],[110.52779335566053,34.94184350955668],[110.52425446113764,34.94278367375043],[110.52176036486776,34.943346264970245],[110.51816257602107,34.94442911682309],[110.51485854281023,34.944797554422465],[110.5124818703217,34.945074231465945],[110.50738491159875,34.94495827266693],[110.50726905835737,34.944957802806854],[110.50616874360935,34.944905635579225],[110.5049038270679,34.943326434738445],[110.50480575422522,34.94036872116178],[110.50522983644066,34.93727003946207],[110.50588441620391,34.934363086760996],[110.50635548273127,34.933077137223535],[110.50752039916652,34.931984794578106],[110.51053464683905,34.93156768823341]]],[[[110.35965976045144,35.031671898219976],[110.3583601064478,35.031021117960556],[110.3552715362844,35.03111206556338],[110.35413912935708,35.03132068239518],[110.3528999331833,35.028523777714966],[110.35203723526472,35.02762484717781],[110.35131660301074,35.02525997203527],[110.35283580474258,35.022558765146755],[110.35337789932674,35.01998598729175],[110.35338991502243,35.01845972832617],[110.35287977373841,35.01697838509783],[110.35230754171674,35.016021382423084],[110.35169353219602,35.013013156208],[110.35083223263884,35.01195920438793],[110.35003722576332,35.00985625477796],[110.34852231730373,35.00350434733012],[110.34761833307952,35.00054223652463],[110.34392138005873,35.00029431397018],[110.34009577912818,35.0002735784662],[110.33835917367776,34.999977939260845],[110.33747570627172,34.9973974465791],[110.33810721977623,34.99671404463764],[110.33742460278468,34.995107679837574],[110.33668816353904,34.99155494824957],[110.33733255582504,34.989268976388395],[110.3373510040991,34.986979585331945],[110.33674587075218,34.98440060340806],[110.33676674444133,34.98181231591167],[110.3373174796879,34.97999167764311],[110.3385258689022,34.97835865430185],[110.3389988515318,34.97809292941446],[110.33918736294474,34.97716981097792],[110.33963129986654,34.9760095889384],[110.33978406164888,34.975026652083464],[110.33925422709929,34.97335434555913],[110.33901341204573,34.97177304263389],[110.33862631232694,34.97036980955518],[110.33820564616214,34.96863847014672],[110.3372068019543,34.96675491650657],[110.33696195969611,34.96568037746797],[110.33632808129164,34.96315290037747],[110.33478882715143,34.96004411250707],[110.33405110544044,34.95813215295313],[110.3339553032209,34.95565133114849],[110.33334971779234,34.95173677398997],[110.33197682534745,34.9495828206182],[110.33233792621185,34.94791537342548],[110.3322530097925,34.94409906378173],[110.33188003967058,34.94009037196124],[110.33270175401655,34.93875934187927],[110.33288980419104,34.9369955451449],[110.33308942868126,34.93380086501248],[110.33396858919129,34.93251783866359],[110.33473035364312,34.93142495269532],[110.33358323629943,34.930035419711274],[110.33341836718824,34.92893745810825],[110.33194316556875,34.92516119741906],[110.33238601236815,34.92053690110385],[110.33170310896347,34.91905450251751],[110.32999305161627,34.91570620593362],[110.33017800034494,34.914323975023265],[110.32966617846142,34.91317639327404],[110.32586724976437,34.910388879101305],[110.32445412513391,34.90618357975427],[110.32319721583558,34.90412555693395],[110.32226627782967,34.897633392540946],[110.32165156994064,34.88789948365796],[110.32093909848469,34.88303025815389],[110.32095949790425,34.880550051231516],[110.32172916811702,34.87845561117988],[110.32232438758005,34.876455589708286],[110.32234043607933,34.87450003886729],[110.32293521959322,34.87254771148481],[110.32375482300114,34.87140750586739],[110.32429089809548,34.86955023986673],[110.32464904658865,34.86821666950475],[110.32437022765696,34.86692725678901],[110.32403432809248,34.86554213000585],[110.32387633806438,34.863633304278494],[110.32515331506846,34.86316341080193],[110.32538789916349,34.8627831231781],[110.32528190556432,34.86159006788032],[110.3254073741335,34.860398296497735],[110.32489905932378,34.858869116951404],[110.32519928488644,34.85753521895556],[110.32620125833587,34.856715587423274],[110.32632009480669,34.85633465520594],[110.32632553965708,34.85566690472648],[110.32664941407924,34.85497706615274],[110.32700066123745,34.85447817390161],[110.32714861450603,34.85407355121293],[110.3268076661291,34.853308486480664],[110.32681601914632,34.85228300878584],[110.32696843585275,34.85132987737465],[110.32668633161823,34.85044588726925],[110.32692475567323,34.84958862880919],[110.32707308844006,34.84913631210155],[110.32667449820464,34.84834707514367],[110.32642366386516,34.84717706675088],[110.3263733886116,34.84624666052262],[110.3262068214616,34.845387160983705],[110.32615285386488,34.84490987178046],[110.32554985782691,34.8443579937647],[110.32535262418675,34.84371296688294],[110.3252132451829,34.84306825880379],[110.32518821242672,34.84259113225765],[110.32499020569715,34.842041497540755],[110.32505214608696,34.84154100196598],[110.32462156880425,34.841133173443325],[110.32416226463967,34.84070133133152],[110.3230955286934,34.840266110492],[110.3222615751871,34.83966523020539],[110.3210260148442,34.83865666549207],[110.320423880142,34.838009368669205],[110.31996932426554,34.83700515122296],[110.31928456078332,34.83585654991153],[110.31701906801295,34.833482758213535],[110.3156781685676,34.832793715378735],[110.31179134293214,34.82934166582259],[110.3112916689335,34.828563730827206],[110.31062242495094,34.82644330067783],[110.31031197910822,34.82465283250625],[110.3099215405314,34.82378607604821],[110.30956651260816,34.82300895301902],[110.30812527911824,34.822434341398086],[110.3076219364463,34.822103548072846],[110.30639812403095,34.82147052824917],[110.30492104335396,34.82086586289271],[110.30326223879489,34.820379386326444],[110.30257944555923,34.81989848483726],[110.30237235993621,34.81873463565858],[110.30223581554213,34.81777987333268],[110.30181588373962,34.81613781407785],[110.30143815405722,34.81378051084164],[110.30158600467222,34.81339380434031],[110.30281568992409,34.81331141966912],[110.3045167558581,34.81305284901909],[110.30473938469537,34.81236844716167],[110.30489572782606,34.81096818296262],[110.30547828354737,34.810464706479095],[110.30606258260549,34.809752553907536],[110.30599969493792,34.80897589418636],[110.30595580725407,34.80800258486949],[110.30565970629569,34.80769299662374],[110.30525911386732,34.807189871568475],[110.30471796060289,34.80620895058769],[110.30382886238979,34.805345284569135],[110.30282433035786,34.80445710273576],[110.30182042536298,34.803497364843224],[110.30157369034876,34.801898030185455],[110.3011963607573,34.800357570882284],[110.30064587910809,34.798780337264006],[110.3002200769572,34.79784775726157],[110.29959106899852,34.795304162501],[110.29947186662999,34.794015600668644],[110.30022334907204,34.79130107357304],[110.30053322958487,34.79055159325482],[110.30097469760626,34.789623995759065],[110.30124633193431,34.78826612858946],[110.30134481907797,34.78687149322308],[110.30121555351027,34.7860884848108],[110.3008992073259,34.78520900395495],[110.30060196634237,34.78480662328522],[110.30046821031912,34.78421438479888],[110.30015461723275,34.78301056075702],[110.29990731409401,34.78183096873564],[110.29940063525859,34.78021820491378],[110.29889488133864,34.778498120603],[110.29859865837413,34.777637828691496],[110.29813901778134,34.775596035146485],[110.29789313460299,34.77391321814378],[110.29734986032082,34.77151319683137],[110.29696970317312,34.77033044338838],[110.29666137617185,34.769880290410676],[110.29656158411323,34.76937887066242],[110.29620496776388,34.768489602899336],[110.2955894745962,34.767455737513764],[110.29481866987916,34.76633511260202],[110.29439895305084,34.765393003668336],[110.29406272156551,34.76415087313482],[110.29372528002119,34.76305183084631],[110.29349856217131,34.76252582188476],[110.29286727496869,34.761997464468784],[110.29252640103834,34.76130384513347],[110.29181088035511,34.760488796348945],[110.29135524811355,34.75969910613521],[110.29041490280733,34.75814340190138],[110.28999043673193,34.75709153971902],[110.28952176606504,34.756478255082605],[110.28922288181636,34.75628571250966],[110.28894924310177,34.755845280606536],[110.28849656456975,34.75471693253742],[110.28779158960374,34.75335814926085],[110.28733615350833,34.75255413507659],[110.28702884657774,34.75199902083896],[110.28675769271204,34.75127240256945],[110.28648112957713,34.75117538501718],[110.28630021355598,34.7507084609872],[110.28570247300695,34.74965556934746],[110.28504788595507,34.748495017152116],[110.28432191053899,34.747238643469665],[110.28389571972282,34.7464013983877],[110.2828862828517,34.74451562180411],[110.28231356087262,34.74392077519844],[110.28133075803039,34.74263663441669],[110.28064349010742,34.7419266265808],[110.28034699380645,34.741466960040704],[110.28000746883868,34.74130516005641],[110.27923073379478,34.74091896941393],[110.27831059204512,34.74041267748847],[110.2779091351555,34.74006447712828],[110.27750799086795,34.73968050176378],[110.27705250148169,34.73890268149187],[110.2767222311341,34.73850958561236],[110.2760337042496,34.73795218233697],[110.27513685045574,34.7374316943689],[110.27458634470386,34.73695142194495],[110.27415440375142,34.73612841777968],[110.27338115092694,34.73469282220359],[110.27269869671632,34.73344856253754],[110.27208508785692,34.732261949110146],[110.27179771290724,34.73077200688076],[110.27141824332385,34.72924335399855],[110.27106256713549,34.72763852155511],[110.27068295572948,34.72612894483753],[110.27040833707643,34.72582202291366],[110.26995154055632,34.725208733035515],[110.26972969041509,34.724158013263285],[110.2692315590706,34.72299115649487],[110.26916306270373,34.72256860436299],[110.26891557629365,34.72197087477013],[110.26884677785807,34.72158290185844],[110.26928449284014,34.72107872201522],[110.26927472343658,34.72087593879477],[110.26904491347706,34.72073146305009],[110.26877157135372,34.720610572999206],[110.26852784786827,34.72040638612919],[110.26841409946681,34.7202029811719],[110.26837277132888,34.71997615822798],[110.26830350418507,34.71964184598913],[110.26837718180454,34.719475341256775],[110.26868139910005,34.71936984185105],[110.26895620747862,34.71932379186195],[110.26923091064486,34.71928966613064],[110.26953481269437,34.71921993741998],[110.26959456955855,34.71899372539944],[110.26946564631882,34.71887370086657],[110.26919304294367,34.71866934301343],[110.26889103301156,34.718524433841814],[110.26884938831876,34.71833338563345],[110.26880952828608,34.717939624307995],[110.26871190304843,34.717545516221826],[110.26864200644397,34.71728274975199],[110.26824350975963,34.71707477201144],[110.26771358969413,34.7168998695761],[110.26723628109896,34.71600024423612],[110.26714941439072,34.715370088738936],[110.26743256664513,34.7147039977927],[110.26716069002522,34.71409180683051],[110.26675221216057,34.71324983672451],[110.26592903826996,34.71227180511697],[110.26565583349664,34.71181224485836],[110.26541062685621,34.710799532831196],[110.26532681642234,34.709825956051226],[110.26529106731573,34.70864278861459],[110.26575886628864,34.7079968939861],[110.26558483385213,34.70677473208206],[110.26533913468987,34.70581925788081],[110.26456090699855,34.70499412976624],[110.26394101456614,34.70422719038724],[110.26371256959784,34.70393484247338],[110.2632986000382,34.70339571918364],[110.2629427094184,34.702821170986965],[110.2625152644303,34.70217463996834],[110.26208803997397,34.70150425588172],[110.26171655932785,34.701060783350414],[110.26182080539863,34.70070366944068],[110.26215743743094,34.700192935206694],[110.26230467402608,34.69987185413248],[110.26146805884613,34.700329950983345],[110.26049109516703,34.700592335328466],[110.26027585042463,34.70044196775805],[110.25962745894506,34.70028896888043],[110.25908868469378,34.69998757108332],[110.25855310540733,34.69932844310723],[110.2581998730161,34.698461734961306],[110.25755948875766,34.69741440516338],[110.25688382657587,34.69627741793717],[110.25652795470175,34.6957088137257],[110.25624294302635,34.695289702148706],[110.25617395800664,34.694931534571246],[110.25617662526552,34.694633426622],[110.2556379011766,34.694332013924324],[110.25564377208615,34.69367617804753],[110.25566881546523,34.6934592977543],[110.25569430380614,34.69319233376225],[110.25604283995166,34.69296550401682],[110.256297440988,34.69290981805489],[110.25664477696778,34.69281653818805],[110.25719949219467,34.69278175963435],[110.25717741809127,34.69266714520737],[110.25701794244479,34.692418136914924],[110.25648615576338,34.6924721327245],[110.25616260064288,34.69248923738677],[110.25607020477071,34.69248867250441],[110.25590885565536,34.692449529312164],[110.2558186809337,34.69220093987233],[110.2558438267987,34.691972134560075],[110.2559151722277,34.69174361041456],[110.2559182466892,34.691400191315964],[110.2560116645727,34.69128628355008],[110.25633572699118,34.6912119396951],[110.25675201266283,34.691157240133364],[110.25689111365588,34.69110084842697],[110.25701648316841,34.69064270160394],[110.25698465347679,34.6901655105802],[110.25738484898335,34.689810202011635],[110.25688170778965,34.68956863574919],[110.25673030175751,34.68954823585793],[110.25665133493678,34.689337874353534],[110.25663156174706,34.6889656952887],[110.25670179482432,34.68886118415098],[110.2571175560366,34.68886372001702],[110.25752176886087,34.68886618411077],[110.25803051902074,34.68880250199928],[110.25845927471325,34.68864293199105],[110.25781330168316,34.68855313857587],[110.25707485342524,34.68847232122245],[110.25700607236097,34.68841466194951],[110.25699520697235,34.68833827663806],[110.25743976980068,34.68770180758579],[110.25813899476165,34.68700010943475],[110.25856455698897,34.68687390928315],[110.2592192664752,34.68630549303923],[110.25987906196237,34.68516470655234],[110.26035893490265,34.68477409569288],[110.26071227649163,34.684001117029865],[110.26197233725131,34.681909961485616],[110.26252619717522,34.681312296330525],[110.26270347368822,34.68085544822067],[110.26279982940905,34.680407654480746],[110.2628621341936,34.67989287144894],[110.2628529540696,34.67962569642824],[110.26315919219266,34.67895020923055],[110.2633686544638,34.67877021721654],[110.2637542818205,34.678257388878706],[110.26420051216459,34.677420563548345],[110.26436580221933,34.67701134351548],[110.26434357347776,34.676586917113355],[110.2644400647303,34.67643810775243],[110.26376774885263,34.67614714607159],[110.26356937424666,34.67606129319399],[110.26180650461325,34.675454381298096],[110.25694440038936,34.67438140518449],[110.25535696669387,34.67434190612324],[110.25301016150424,34.67447660915132],[110.25187842011904,34.67437289198194],[110.25188908945006,34.67443422231889],[110.25190451863948,34.67452292236485],[110.25211164687211,34.67685194647851],[110.25273160887657,34.678942617135625],[110.25357327903082,34.681666664797376],[110.25401511701673,34.68347761034044],[110.2541938639839,34.684210209205936],[110.25425299070554,34.68998033583421],[110.25386983514409,34.69561037457266],[110.25456919598923,34.69799582440883],[110.25688682228568,34.69960055616741],[110.25734591968848,34.70057642830999],[110.25762716798701,34.70206637218779],[110.25781277220293,34.702625589811056],[110.25810080425946,34.70335714853413],[110.25835763521951,34.703702149262014],[110.25937318401968,34.70689227827388],[110.25964294907996,34.70823830023065],[110.25991048492546,34.70957315479318],[110.2599243021766,34.70978635309816],[110.26065056267379,34.72099165797219],[110.26279747667508,34.726253524193574],[110.26563780652832,34.733213818057514],[110.26590891508812,34.73420569259411],[110.26610794137132,34.734933832346194],[110.26689515235113,34.73608336024584],[110.26775830811286,34.73741077947451],[110.26911849204474,34.739502462044186],[110.27049364130966,34.740827210964106],[110.27093704242947,34.74165983548853],[110.27162363911769,34.742436674394675],[110.27241726938155,34.7428707125322],[110.27376136475536,34.743794564022764],[110.27437890562288,34.74443254282649],[110.27690317953336,34.7470402234715],[110.27835354673363,34.74882078917332],[110.27951201352828,34.75117445855379],[110.28053731247707,34.75289769808324],[110.28162208644899,34.75576606459253],[110.28215360305624,34.7584594409651],[110.28270428465846,34.760221598478694],[110.28387673523494,34.76249421858216],[110.28469829916062,34.763572282544985],[110.28561155932786,34.76658866061361],[110.28612031430036,34.770437398156325],[110.28703190374885,34.77366243911456],[110.28741136664691,34.775751502234115],[110.28614610218243,34.7758335256126],[110.28134153384748,34.77574563312492],[110.27986104676417,34.775647448244385],[110.27639142607256,34.77577593563711],[110.27469339371827,34.77576582980307],[110.26844147435322,34.77561785158099],[110.2663585891348,34.77581996347625],[110.26614819341012,34.780875349202745],[110.26613829174664,34.78111323572817],[110.26577504509159,34.7841498553257],[110.26558839738432,34.78578764717412],[110.26488896291028,34.79033391272243],[110.26480445463211,34.790851412219965],[110.26466488605688,34.791706064167315],[110.26437535757418,34.793478944162054],[110.26351428405209,34.796679108409734],[110.26215445626643,34.80073291339269],[110.26173223661678,34.80199151263084],[110.26099672005975,34.806652001401616],[110.26052854896214,34.80863499653094],[110.26030782836199,34.80956984838504],[110.2599508800233,34.81108163930071],[110.25965358913722,34.81328351696449],[110.25933465967974,34.81717393631901],[110.25910226358992,34.82000855213101],[110.25886134847023,34.82294683727983],[110.25861101168287,34.8243938447615],[110.25856837132528,34.824640311483705],[110.25844168187923,34.82613708433268],[110.25826753842324,34.828194416581155],[110.25806056901521,34.82920806064758],[110.25802419978945,34.8293861809351],[110.25802869397084,34.82964523317003],[110.25754371598921,34.8323435594636],[110.25753764454541,34.832434520511086],[110.25750094059838,34.83298436924014],[110.25808919752392,34.83313296273312],[110.2584680644169,34.83423424911491],[110.25835425623993,34.83507678695686],[110.25751623866215,34.841280207806754],[110.25751252602504,34.84137466064156],[110.25730026766176,34.84677376658304],[110.25778800212319,34.84859588665382],[110.25921842641976,34.85393932658489],[110.26014883123726,34.85741454178777],[110.26032081588109,34.85784097998558],[110.26183358737718,34.86159171874762],[110.26162682968439,34.866077932868265],[110.26058735704896,34.868021631990544],[110.25857556132972,34.871783173438956],[110.25832066971394,34.87216217176525],[110.25697430737303,34.87416400615294],[110.25514030688628,34.876890702141544],[110.25205833427596,34.87975657441586],[110.25251238135553,34.884842093459056],[110.25258355129859,34.88746203733648],[110.2525957364576,34.88791055725086],[110.2517957203774,34.889616856847745],[110.25163239361333,34.88996519300269],[110.25137887142115,34.89953379015275],[110.25140447127421,34.90188347793477],[110.25143248246593,34.90445431390425],[110.2515616912035,34.91631310657785],[110.25160472973975,34.92026299071865],[110.2516517986137,34.92458266085027],[110.25534159806345,34.929104560277175],[110.2562707808821,34.93024319312174],[110.25823063492744,34.934879961775046],[110.25866200257832,34.935228620521755],[110.2632541993851,34.93894004674137],[110.26974104978363,34.941085551254574],[110.2726248099674,34.94275004347472],[110.2735690409462,34.943295019205195],[110.27366916990471,34.94335280875316],[110.27931532481777,34.94631699431934],[110.28148512356765,34.94632984902864],[110.28509855016759,34.94635116881409],[110.28918614738787,34.947022018469504],[110.29059624992782,34.94725340966703],[110.2939158887553,34.94924171993582],[110.29479441162812,34.949674117603145],[110.29485733882119,34.94970508884946],[110.2962295973822,34.95181938566888],[110.29707539555228,34.95561163390446],[110.29735446268731,34.95686279318609],[110.29917113512552,34.960073735446784],[110.29938183027572,34.96044612007955],[110.30638997232076,34.968770186597034],[110.31061662610026,34.97378948187521],[110.31236005461912,34.97579400889242],[110.31268979021839,34.976173114837565],[110.31866192571545,34.983038649353944],[110.32010233595382,34.986354957005105],[110.32221091009842,34.99120909582733],[110.32243345402927,34.99275959160053],[110.32295761411868,34.99641127386782],[110.32384231550633,35.0025740450406],[110.32488756195595,35.004045132138145],[110.3258918861148,35.00539475157034],[110.32615356173588,35.00574638512858],[110.32886650738124,35.00696080372275],[110.33164304200166,35.0082035876537],[110.33473499415383,35.011242692298474],[110.33591178882358,35.01245475913803],[110.3366273191538,35.013347846385074],[110.33758000429079,35.01453690217164],[110.3379016488795,35.01488037024144],[110.34466624354567,35.02210307569631],[110.34477288173268,35.02230851978024],[110.34493586401892,35.02313567166512],[110.34521347874595,35.024968753371084],[110.3452361944432,35.02560516089406],[110.34528172984278,35.02688083811185],[110.34534875371362,35.02720172574005],[110.34575482747329,35.028634840410106],[110.346835347657,35.031010270614566],[110.34692847843016,35.031664447096404],[110.3473236926405,35.03444043468854],[110.3474812267498,35.035546908606555],[110.3474786788684,35.035867420533684],[110.34730447034173,35.03852227490367],[110.34741435607704,35.03870602364377],[110.34801104515519,35.03961929706065],[110.34998134019077,35.04263480413763],[110.35269523148793,35.04444082700288],[110.35416458385639,35.04528433554114],[110.35705141473224,35.04694147078526],[110.35864384727373,35.049976622594365],[110.36001471434706,35.052589281008046],[110.3598630328236,35.054153692988784],[110.35963286411501,35.05652748522173],[110.35954739658371,35.05740889425796],[110.36133243707472,35.057230161154024],[110.36082222690477,35.05552433854882],[110.36254327548829,35.05238537179629],[110.36199724337497,35.04987839098476],[110.36254424694499,35.046661693614716],[110.36256481100227,35.044014597436274],[110.36162793334606,35.04143401158948],[110.36030106716967,35.038672499386834],[110.36339602242967,35.037794447495614],[110.36121592005439,35.032896386497164],[110.36034946052717,35.032462545191564],[110.35965976045144,35.031671898219976]]],[[[110.50533704079882,34.91442466694283],[110.50759675575178,34.914195350242636],[110.5071056780437,34.91172811259171],[110.50372879070379,34.91247607151547],[110.50042439107447,34.91310646746593],[110.49512224251676,34.9137284891955],[110.4908623006828,34.91435465002102],[110.4908621951138,34.91435455673621],[110.48827079735484,34.91205422395069],[110.48682142729322,34.907683672714754],[110.485806880362,34.903243393734456],[110.48314470945438,34.89843836665685],[110.47727402574785,34.892975588814956],[110.47303741743963,34.89009536268583],[110.47132187218489,34.88679668789342],[110.47073059294678,34.88421837266035],[110.47126620671655,34.88193115301471],[110.47327590995283,34.87993651866472],[110.47485051258857,34.878083069540835],[110.47538415333871,34.87608201384815],[110.4765191181062,34.875085225678774],[110.47861488868033,34.873162419581796],[110.48087816645197,34.87217049861938],[110.48087833863705,34.87217042363781],[110.4860826420188,34.872908017889394],[110.48971952230606,34.87442585656067],[110.49370073264942,34.876445860994366],[110.49690120148881,34.87839095928536],[110.49923824050192,34.87954531613835],[110.49923838009154,34.87954538521889],[110.5016914824407,34.87926724053262],[110.5016914041396,34.87926716539638],[110.49989255713237,34.87837410372514],[110.4982079853436,34.87753777624229],[110.49388636119356,34.87437172486583],[110.48947516123845,34.87170598301017],[110.48531486576337,34.87061521492246],[110.48080564555333,34.869809009416876],[110.47749056867508,34.87237055954728],[110.47296398282306,34.87428283407502],[110.47173530321312,34.876352409368806],[110.46772420607036,34.879053758873425],[110.46700794245633,34.8824133978965],[110.46819857677356,34.88628222660973],[110.46940173940223,34.88821929091415],[110.47120911191179,34.890731358501725],[110.47440776986521,34.89296323040737],[110.47673687079869,34.895405921427056],[110.48113901153582,34.899646142175826],[110.48303607540875,34.901800674862045],[110.48447575415759,34.90767374647005],[110.48523373595746,34.9114690134364],[110.48695123075551,34.91462439430793],[110.48966976849542,34.91624185773046],[110.49123323126648,34.916248413401426],[110.49288487386711,34.91604067317868],[110.49436410820738,34.91561754760274],[110.49688431338065,34.91541336281924],[110.50029469207693,34.91516721897123],[110.50533704079882,34.91442466694283]]],[[[110.51816257602107,34.94442911682309],[110.52176036486776,34.943346264970245],[110.52425446113764,34.94278367375043],[110.52779335566053,34.94184350955668],[110.52832232275622,34.940510000880096],[110.52861903459704,34.93927098814961],[110.52862749490524,34.937792361453816],[110.52817532249631,34.935834959150014],[110.52731582429898,34.9342098625421],[110.52569958481493,34.933249589938264],[110.5240836575113,34.93224159768793],[110.51968553873954,34.93160420761792],[110.51534456460942,34.93110998188522],[110.51053464683905,34.93156768823341],[110.50752039916652,34.931984794578106],[110.50635548273127,34.933077137223535],[110.50588441620391,34.934363086760996],[110.50522983644066,34.93727003946207],[110.50480575422522,34.94036872116178],[110.5049038270679,34.943326434738445],[110.50616874360935,34.944905635579225],[110.50726905835737,34.944957802806854],[110.50738491159875,34.94495827266693],[110.5124818703217,34.945074231465945],[110.51485854281023,34.944797554422465],[110.51816257602107,34.94442911682309]],[[110.51382705194858,34.93242414140859],[110.5138271406717,34.93242413004564],[110.51578164933083,34.93246770935588],[110.52016662235397,34.93287862002279],[110.52259689923841,34.93328170849496],[110.52518545699657,34.93401910849962],[110.52519889400232,34.93404315942048],[110.52696737092808,34.93623227308651],[110.52729703691412,34.93934589510099],[110.52663492349373,34.94116779016934],[110.52545990527518,34.941520946289685],[110.52393753627142,34.94183695627515],[110.51658555824874,34.94352507271551],[110.51345441524658,34.94404918229933],[110.51345369165765,34.94404918390815],[110.50906611292419,34.94410306793709],[110.50906604507749,34.94410306405737],[110.50724316315757,34.94380950257258],[110.50685559200421,34.94323554706512],[110.5067744888485,34.94226932110564],[110.50678648354604,34.94026602884918],[110.50679612019222,34.938656239571934],[110.50698294487167,34.93647478561009],[110.50751492059979,34.93468824360116],[110.5089147874223,34.93304830590781],[110.51382705194858,34.93242414140859]]],[[[110.2939158887553,34.94924171993582],[110.29059624992782,34.94725340966703],[110.28918614738787,34.947022018469504],[110.28509855016759,34.94635116881409],[110.28148512356765,34.94632984902864],[110.27931532481777,34.94631699431934],[110.27366916990471,34.94335280875316],[110.2735690409462,34.943295019205195],[110.2726248099674,34.94275004347472],[110.26974104978363,34.941085551254574],[110.2632541993851,34.93894004674137],[110.25866200257832,34.935228620521755],[110.25823063492744,34.934879961775046],[110.2562707808821,34.93024319312174],[110.25534159806345,34.929104560277175],[110.2516517986137,34.92458266085027],[110.25160472973975,34.92026299071865],[110.2515616912035,34.91631310657785],[110.25143248246593,34.90445431390425],[110.25140447127421,34.90188347793477],[110.25137887142115,34.89953379015275],[110.25163239361333,34.88996519300269],[110.2517957203774,34.889616856847745],[110.2525957364576,34.88791055725086],[110.25258355129859,34.88746203733648],[110.25251238135553,34.884842093459056],[110.25205833427596,34.87975657441586],[110.25514030688628,34.876890702141544],[110.25697430737303,34.87416400615294],[110.25832066971394,34.87216217176525],[110.25857556132972,34.871783173438956],[110.26058735704896,34.868021631990544],[110.26162682968439,34.866077932868265],[110.26183358737718,34.86159171874762],[110.26032081588109,34.85784097998558],[110.26014883123726,34.85741454178777],[110.25921842641976,34.85393932658489],[110.25778800212319,34.84859588665382],[110.25730026766176,34.84677376658304],[110.25751252602504,34.84137466064156],[110.25751623866215,34.841280207806754],[110.25835425623993,34.83507678695686],[110.2584680644169,34.83423424911491],[110.25808919752392,34.83313296273312],[110.25750094059838,34.83298436924014],[110.25753764454541,34.832434520511086],[110.25754371598921,34.8323435594636],[110.25802869397084,34.82964523317003],[110.25802419978945,34.8293861809351],[110.25806056901521,34.82920806064758],[110.25826753842324,34.828194416581155],[110.25844168187923,34.82613708433268],[110.25856837132528,34.824640311483705],[110.25861101168287,34.8243938447615],[110.25886134847023,34.82294683727983],[110.25910226358992,34.82000855213101],[110.25933465967974,34.81717393631901],[110.25965358913722,34.81328351696449],[110.2599508800233,34.81108163930071],[110.26030782836199,34.80956984838504],[110.26052854896214,34.80863499653094],[110.26099672005975,34.806652001401616],[110.26173223661678,34.80199151263084],[110.26215445626643,34.80073291339269],[110.26351428405209,34.796679108409734],[110.26437535757418,34.793478944162054],[110.26466488605688,34.791706064167315],[110.26480445463211,34.790851412219965],[110.26488896291028,34.79033391272243],[110.26558839738432,34.78578764717412],[110.26577504509159,34.7841498553257],[110.26613829174664,34.78111323572817],[110.26614819341012,34.780875349202745],[110.2663585891348,34.77581996347625],[110.26844147435322,34.77561785158099],[110.27469339371827,34.77576582980307],[110.27639142607256,34.77577593563711],[110.27986104676417,34.775647448244385],[110.28134153384748,34.77574563312492],[110.28614610218243,34.7758335256126],[110.28741136664691,34.775751502234115],[110.28703190374885,34.77366243911456],[110.28612031430036,34.770437398156325],[110.28561155932786,34.76658866061361],[110.28469829916062,34.763572282544985],[110.28387673523494,34.76249421858216],[110.28270428465846,34.760221598478694],[110.28215360305624,34.7584594409651],[110.28162208644899,34.75576606459253],[110.28053731247707,34.75289769808324],[110.27951201352828,34.75117445855379],[110.27835354673363,34.74882078917332],[110.27690317953336,34.7470402234715],[110.27437890562288,34.74443254282649],[110.27376136475536,34.743794564022764],[110.27241726938155,34.7428707125322],[110.27162363911769,34.742436674394675],[110.27093704242947,34.74165983548853],[110.27049364130966,34.740827210964106],[110.26911849204474,34.739502462044186],[110.26775830811286,34.73741077947451],[110.26689515235113,34.73608336024584],[110.26610794137132,34.734933832346194],[110.26590891508812,34.73420569259411],[110.26563780652832,34.733213818057514],[110.26279747667508,34.726253524193574],[110.26065056267379,34.72099165797219],[110.2599243021766,34.70978635309816],[110.25991048492546,34.70957315479318],[110.25964294907996,34.70823830023065],[110.25937318401968,34.70689227827388],[110.25835763521951,34.703702149262014],[110.25810080425946,34.70335714853413],[110.25781277220293,34.702625589811056],[110.25762716798701,34.70206637218779],[110.25734591968848,34.70057642830999],[110.25688682228568,34.69960055616741],[110.25456919598923,34.69799582440883],[110.25386983514409,34.69561037457266],[110.25425299070554,34.68998033583421],[110.2541938639839,34.684210209205936],[110.25401511701673,34.68347761034044],[110.25357327903082,34.681666664797376],[110.25273160887657,34.678942617135625],[110.25211164687211,34.67685194647851],[110.25190451863948,34.67452292236485],[110.25188908945006,34.67443422231889],[110.25187842011904,34.67437289198194],[110.25076918068179,34.67450984148984],[110.25033731695291,34.674563157215665],[110.25033655925135,34.67456454252133],[110.25029064144199,34.676329032881924],[110.25025913359309,34.676856731040374],[110.25262063182055,34.683930806701845],[110.25231734569881,34.68555073914622],[110.25158973229897,34.6862139099583],[110.24971858967596,34.6856540184146],[110.24971872707026,34.685654271653156],[110.25218984886696,34.690176833628506],[110.25222400087348,34.69280052866561],[110.25238734143191,34.69454495617886],[110.25271260977946,34.69690808659062],[110.25286818277885,34.698554679004786],[110.253164204494,34.69903349066473],[110.25380691230919,34.699495345054196],[110.25447512409362,34.69969023364662],[110.25606310764499,34.700367734344674],[110.25614962276015,34.70087125414596],[110.25693351949752,34.70355198838122],[110.25884123895271,34.70983421241794],[110.25939458700769,34.72105794002775],[110.26516283696908,34.73575808150754],[110.26975957649594,34.74196280381066],[110.27021386090051,34.742871815442946],[110.2713904432156,34.74378514957528],[110.2721962686826,34.744147712903136],[110.27434437369998,34.74630700405396],[110.2766560532891,34.74860794221274],[110.27884955272918,34.75221986942431],[110.27956331920788,34.753213856649694],[110.28028337859726,34.75514993806024],[110.2807006796174,34.7570126785672],[110.28099199549362,34.75840960437129],[110.28189519257812,34.76089768395015],[110.28269143150568,34.7623929809058],[110.28341957366868,34.76341087850808],[110.28384491489304,34.764355442013354],[110.28443563255283,34.766231112201034],[110.28462852556868,34.76732217357956],[110.28480413346666,34.76874225861181],[110.28500689980629,34.770365224952265],[110.28553947038557,34.77228824588107],[110.28587556456225,34.77353516708352],[110.28608359888294,34.7745499966317],[110.2860828632073,34.77454992561446],[110.2843610657975,34.774385757591105],[110.28436061881348,34.77438577930115],[110.28436034374973,34.77438575334661],[110.28025437851288,34.77458811237201],[110.28025425722197,34.77458811616188],[110.27599230830691,34.7745151533764],[110.2759915851985,34.774515145470374],[110.27197437239056,34.774550801615874],[110.26941494825624,34.77471434904996],[110.26517844039685,34.77495119638785],[110.26482288713002,34.778358639535725],[110.26456989989141,34.78243776948015],[110.26433363289438,34.78463049864026],[110.26411943194128,34.78596477782073],[110.26330039063595,34.7902980505365],[110.26247527728538,34.7936796822624],[110.26156666092116,34.796691132427256],[110.26074756233066,34.7993835354957],[110.26020662795136,34.80167933707498],[110.25907246808777,34.80887258356754],[110.25850024170212,34.81142098611732],[110.25787731644263,34.818006778542376],[110.25767953075349,34.82071247701995],[110.25724105032388,34.826066369431246],[110.25691339709779,34.828735495834074],[110.2566646695349,34.83066577352896],[110.25628749408357,34.832404469348205],[110.25639804335661,34.83343884787274],[110.25708883494366,34.83385106363884],[110.25708947539952,34.833851446130474],[110.25587170907063,34.84701921577876],[110.2558713568059,34.84702069549161],[110.25660957814038,34.849972706136576],[110.25674100513326,34.850619760404435],[110.25727182391914,34.853233034408],[110.25846233771968,34.85640450961433],[110.26045928003745,34.861723709471796],[110.26037036983773,34.863898218136036],[110.2601441083652,34.86590017525227],[110.25978158595761,34.86671769295616],[110.25943532274773,34.86749852776856],[110.25781653002036,34.86989265615304],[110.2568998396743,34.871432484806476],[110.2562900492355,34.872494229752874],[110.2559825990913,34.87302953993708],[110.25429311192813,34.875537661732665],[110.25274916046624,34.87730255985742],[110.25048071583934,34.879069994784],[110.25048062140495,34.87907063778324],[110.25075052963844,34.881218723582876],[110.25143184651769,34.88587349998551],[110.25119316501747,34.88666240209817],[110.25038750615437,34.88932518511483],[110.2503817293558,34.89184251888679],[110.25036356905801,34.899750520916896],[110.25035930313969,34.901607017660325],[110.250451187566,34.90985375376935],[110.25045497013751,34.910193260085016],[110.25043898079252,34.91195239205072],[110.25036846652193,34.91970847843101],[110.25032422344144,34.924573396378904],[110.2503245314487,34.92457478728717],[110.25143908535068,34.926082754479616],[110.2523981736315,34.92725190425038],[110.2531648633943,34.928186485446076],[110.255391589064,34.93090068084117],[110.25726211543312,34.93541958056162],[110.26053898186171,34.938158349073596],[110.26226437614919,34.93952822792275],[110.26386236523649,34.94010058979804],[110.26673235523089,34.94112848092559],[110.26754750995573,34.94142041261235],[110.27109510940436,34.943087327335114],[110.27749250581408,34.94677443228986],[110.2790495973473,34.94757069850179],[110.28124489121502,34.94752894198304],[110.281917546279,34.947516139542934],[110.28487238244765,34.94746202439227],[110.29016704268052,34.94813700130406],[110.29336660643186,34.94994432783582],[110.2945683760191,34.95166843641618],[110.29516193137745,34.95338900591941],[110.29600213016184,34.956756578078746],[110.29685730375203,34.95840151012162],[110.29805414623745,34.96070352567297],[110.30193019140468,34.964804030032305],[110.30407379914332,34.96752474036488],[110.30509458100083,34.968820262779545],[110.30889578245537,34.97364411149023],[110.30904793181428,34.973811092531875],[110.31191034411027,34.976952376494395],[110.31750674198666,34.98342315509912],[110.31830423765565,34.98519988408234],[110.32117728967663,34.99160003858625],[110.3217082286898,34.9950984165918],[110.32215490762668,34.9980413794678],[110.3225053474926,35.000350122630344],[110.32262014019241,35.002246743004996],[110.32285395593405,35.00312404459006],[110.32312620940444,35.00414554430799],[110.3240353512713,35.004615661513284],[110.32467953702873,35.00558512319198],[110.32511105871922,35.00598102861495],[110.33114303986763,35.009188173449516],[110.33309797853435,35.01080633829304],[110.33408069767755,35.01161972999498],[110.33733281542106,35.015529648821165],[110.33763885833754,35.015871295440334],[110.34108395839029,35.01971692832594],[110.34231076732534,35.02104480361181],[110.34367757700338,35.02252414814146],[110.3440474498602,35.02499878641728],[110.34403099011782,35.027059228161484],[110.34445838298717,35.029305225718],[110.3446701261104,35.029643113457695],[110.3451984835597,35.03048622133526],[110.34566768231691,35.03123491413988],[110.34587684788052,35.03293025420689],[110.34626200118045,35.03553851696273],[110.34619137971035,35.037415505339986],[110.3461251306395,35.03874304371539],[110.3472261735128,35.04030581503829],[110.3473979280799,35.04060914076886],[110.34821445574214,35.042051128077446],[110.34937270922501,35.04343102843063],[110.35092290104983,35.04453827882581],[110.35374863303171,35.04629336288824],[110.35580003380821,35.04740321990582],[110.35684677399964,35.04882824645079],[110.35730887288209,35.049839016899675],[110.35810587712109,35.051582281333566],[110.3588732310229,35.05314317887867],[110.35881980805371,35.05436871738191],[110.35880538176272,35.05469966050911],[110.35858335142369,35.05676397146677],[110.35850609254325,35.05748224888442],[110.35850535135421,35.05748913853187],[110.3585267194072,35.05748952103635],[110.3588273515097,35.05746577424593],[110.3588628588309,35.05746296942],[110.35954739658371,35.05740889425796],[110.35963286411501,35.05652748522173],[110.3598630328236,35.054153692988784],[110.36001471434706,35.052589281008046],[110.35864384727373,35.049976622594365],[110.35705141473224,35.04694147078526],[110.35416458385639,35.04528433554114],[110.35269523148793,35.04444082700288],[110.34998134019077,35.04263480413763],[110.34801104515519,35.03961929706065],[110.34741435607704,35.03870602364377],[110.34730447034173,35.03852227490367],[110.3474786788684,35.035867420533684],[110.3474812267498,35.035546908606555],[110.3473236926405,35.03444043468854],[110.34692847843016,35.031664447096404],[110.346835347657,35.031010270614566],[110.34575482747329,35.028634840410106],[110.34534875371362,35.02720172574005],[110.34528172984278,35.02688083811185],[110.3452361944432,35.02560516089406],[110.34521347874595,35.024968753371084],[110.34493586401892,35.02313567166512],[110.34477288173268,35.02230851978024],[110.34466624354567,35.02210307569631],[110.3379016488795,35.01488037024144],[110.33758000429079,35.01453690217164],[110.3366273191538,35.013347846385074],[110.33591178882358,35.01245475913803],[110.33473499415383,35.011242692298474],[110.33164304200166,35.0082035876537],[110.32886650738124,35.00696080372275],[110.32615356173588,35.00574638512858],[110.3258918861148,35.00539475157034],[110.32488756195595,35.004045132138145],[110.32384231550633,35.0025740450406],[110.32295761411868,34.99641127386782],[110.32243345402927,34.99275959160053],[110.32221091009842,34.99120909582733],[110.32010233595382,34.986354957005105],[110.31866192571545,34.983038649353944],[110.31268979021839,34.976173114837565],[110.31236005461912,34.97579400889242],[110.31061662610026,34.97378948187521],[110.30638997232076,34.968770186597034],[110.29938183027572,34.96044612007955],[110.29917113512552,34.960073735446784],[110.29735446268731,34.95686279318609],[110.29707539555228,34.95561163390446],[110.2962295973822,34.95181938566888],[110.29485733882119,34.94970508884946],[110.29479441162812,34.949674117603145],[110.2939158887553,34.94924171993582]]],[[[110.40187377117128,35.24458196959936],[110.40175744085782,35.24395562427117],[110.40118548899846,35.24330413059888],[110.40078069714247,35.24269161887948],[110.39981044946167,35.24055003164791],[110.39917680261954,35.23944034077425],[110.39884013945287,35.23842369897579],[110.39872474172351,35.23767525244228],[110.39855359612726,35.23691889803738],[110.39796633012104,35.23583232467847],[110.397102271454,35.23318757258362],[110.39629805502246,35.231260460586086],[110.39704524850023,35.230537531746336],[110.3996634478995,35.23021667288067],[110.40146854875708,35.22979634784601],[110.40112995093118,35.22841148702622],[110.40056026601431,35.226834696623484],[110.40005048155629,35.22501971997285],[110.39872700822878,35.223200701061984],[110.398041514134,35.22157562674528],[110.39941343780362,35.21681282690869],[110.40044247151312,35.21123747368572],[110.40006935588733,35.20665678903432],[110.39882572446963,35.201928691309085],[110.39642862291535,35.19605012320109],[110.39387425877233,35.19073925733004],[110.39274042186855,35.1881999455187],[110.39192451442827,35.185418015790496],[110.39075146591706,35.18316848284963],[110.38952567955744,35.1805218378328],[110.38894235587878,35.17897734830365],[110.38890609255307,35.17823405511322],[110.38704340955852,35.172539226562186],[110.3867804974222,35.17042017223878],[110.3863829275426,35.16767084082104],[110.38523000781326,35.16396780565221],[110.38500091925913,35.162302988128324],[110.38450128753936,35.15985361775975],[110.38391620235053,35.15734180485149],[110.38375996239044,35.156297727154715],[110.38329469290527,35.154842593829194],[110.38244007916249,35.152656120526096],[110.3806836404248,35.14878372996928],[110.37900848751796,35.14569872291022],[110.37737253953856,35.14320056188548],[110.37521231658238,35.14093577621112],[110.37276165654814,35.136809275569014],[110.37142742045005,35.13476332847875],[110.37057084933889,35.13289871110043],[110.37008305593741,35.13106319101869],[110.36929375970043,35.129851484090864],[110.36929478490248,35.12985640356188],[110.36929634652186,35.12986389556053],[110.36929769548405,35.129870367030684],[110.36930214655806,35.129891716930565],[110.36930300673569,35.129895841457305],[110.36931265157928,35.12994210904139],[110.36936863877878,35.13021066784174],[110.36948563032493,35.13077185482609],[110.3701807153385,35.134105884566104],[110.37048468852785,35.135563836239115],[110.37083379255222,35.13723818162883],[110.3712607081855,35.13928563072876],[110.37129433092078,35.13944687719275],[110.37185479064026,35.142134628047636],[110.37199989481832,35.14283046495238],[110.37268537010478,35.14611745153716],[110.37343431038421,35.14970846484938],[110.37349120117112,35.14998123045872],[110.37441767917663,35.15442304375879],[110.37442859573787,35.15447537797237],[110.37499789945345,35.15720455127448],[110.37705331107544,35.167056465619275],[110.37723363413133,35.16782171416315],[110.37847125158427,35.173073502832864],[110.37885887715208,35.1744809986867],[110.37969950663273,35.177533220609355],[110.38098130449264,35.18218683069613],[110.38293588018053,35.191068325319826],[110.38334968665147,35.19333446946525],[110.38408351116368,35.19735284068774],[110.38460980029271,35.20023452771829],[110.38664050371858,35.20837226654089],[110.38701506371589,35.20969380963335],[110.38738780178946,35.21100887865455],[110.38810963424058,35.214279491158834],[110.38900658115789,35.21834318652193],[110.3908128204909,35.22413628809277],[110.391526822176,35.226426058230146],[110.3926253273605,35.22877822110055],[110.39281450664663,35.22939590859085],[110.3937850852601,35.2325647930005],[110.39487272669399,35.2361155862507],[110.396405582431,35.243127926940566],[110.39384595393052,35.243420280459546],[110.39384159837722,35.24342077781097],[110.38566060429467,35.244317765787365],[110.38565948709964,35.244317889006425],[110.38143789958887,35.24478777255085],[110.38154859105703,35.24568453442152],[110.38156158411141,35.24568355167127],[110.38156711949206,35.24568295894186],[110.38580666234088,35.24521107844478],[110.39398866079782,35.24431398074832],[110.39399160992866,35.244313651207534],[110.39620733085576,35.24406058103521],[110.39663481394734,35.24417648881492],[110.39682891550513,35.24506427512335],[110.3968424925803,35.245126375934056],[110.39685642247638,35.2451900927833],[110.39688531929384,35.245210874548725],[110.3969506385426,35.24525785109149],[110.397002935006,35.24529517616665],[110.39705487522227,35.245332247071964],[110.39766216746958,35.24576567878243],[110.39780940173863,35.24587076027543],[110.39782272359929,35.24588026799501],[110.39822413502047,35.246166755071876],[110.39836383920456,35.24626646167212],[110.39863911504916,35.24646292272918],[110.39937534434435,35.2469883542978],[110.39942241972041,35.2470219506533],[110.40064734952533,35.24789613207577],[110.40098144315601,35.24813455478369],[110.4016379126159,35.24860303193927],[110.40177998172307,35.248809865738785],[110.40250025715888,35.249858472743064],[110.4034788449621,35.25128309115951],[110.40354519863051,35.2513521860633],[110.40376281249382,35.25157878912878],[110.40534560368397,35.25322690951482],[110.40555736599038,35.25344740561811],[110.40656064860559,35.2544920457432],[110.40707784933844,35.25503055287038],[110.40734895129316,35.25531281983026],[110.40743080419546,35.255398042974015],[110.40716905032649,35.25462594864776],[110.40694959749337,35.25346109399258],[110.4063073152867,35.25223311350938],[110.40608373713079,35.25150907344161],[110.40559570045696,35.25081985680114],[110.40514388028238,35.2502681797511],[110.4046439897044,35.24992994278441],[110.40449737990791,35.24962396714435],[110.40442563918685,35.249257310021825],[110.40418578240498,35.24898140128299],[110.4039570731317,35.24845371085993],[110.4031039117804,35.246816397554575],[110.40241592778222,35.245492778815915],[110.40194605799026,35.24487231909395],[110.40187377117128,35.24458196959936]]],[[[110.3588610356427,35.05750156394064],[110.3588628588309,35.05746296942],[110.3588273515097,35.05746577424593],[110.3585267194072,35.05748952103635],[110.35850535135421,35.05748913853187],[110.35850609254325,35.05748224888442],[110.35640434593311,35.05781885979113],[110.3414237184326,35.05967019005389],[110.33688852457303,35.060315264875655],[110.33535061400582,35.06057614161321],[110.3356946534663,35.06393590577963],[110.3364694539562,35.071419055685936],[110.33918521323636,35.07998119809753],[110.34252140717548,35.09228607881177],[110.34805439796729,35.108723690527746],[110.35055292001486,35.114909215303065],[110.3519848142434,35.11489112345115],[110.35324453875837,35.114875193215774],[110.35619858077527,35.11479934078619],[110.35764989460209,35.114486517593825],[110.35887830750946,35.11417249823229],[110.36089075659544,35.11335892426387],[110.36170194108658,35.112802282591346],[110.36192226896918,35.11227137613738],[110.36210875412364,35.11182201363719],[110.36222370297926,35.11139574555779],[110.36185922234561,35.1104971268862],[110.36125715521874,35.10979383490187],[110.36117339290206,35.109598527491734],[110.36098266374877,35.10904805506546],[110.36102927854164,35.10843014900943],[110.36091320430458,35.107239022829276],[110.36075364764316,35.10626516514928],[110.36032944058094,35.10528991100549],[110.36016864305499,35.10447630646241],[110.36024696427015,35.10336633558196],[110.36006224923496,35.10204892610837],[110.35989513559493,35.10026227015076],[110.35973077149697,35.099906536508534],[110.36055053946062,35.0967906284363],[110.36188375502107,35.0925240021161],[110.3629406746871,35.08795064368199],[110.36205444988195,35.082527598160766],[110.36077380674875,35.08007876321073],[110.35819721054787,35.07716517014863],[110.35571062363132,35.07463357708245],[110.35434209097774,35.07336334956075],[110.35451081088566,35.0722052275312],[110.35487841697231,35.06972693221263],[110.3555420531928,35.066487052267256],[110.35677262325478,35.06491957574352],[110.35759559152856,35.063540717742654],[110.35830811567601,35.06144581091807],[110.3587294575103,35.0594924519283],[110.3594285054337,35.05911456754573],[110.35966499452198,35.05854344918107],[110.3588536712682,35.05844376868349],[110.3588610356427,35.05750156394064]]],[[[110.38173088130974,35.24013433281581],[110.38083349652689,35.23989087844003],[110.38143789958887,35.24478777255085],[110.38565948709964,35.244317889006425],[110.38566060429467,35.244317765787365],[110.39384159837722,35.24342077781097],[110.39384595393052,35.243420280459546],[110.39227597601477,35.24299454140605],[110.38193489445477,35.24018967905303],[110.38173088130974,35.24013433281581]]],[[[110.39663481394734,35.24417648881492],[110.39620733085576,35.24406058103521],[110.39399160992866,35.244313651207534],[110.39398866079782,35.24431398074832],[110.38580666234088,35.24521107844478],[110.38156711949206,35.24568295894186],[110.38156158411141,35.24568355167127],[110.38154859105703,35.24568453442152],[110.38157589943046,35.245905769111296],[110.38164159056684,35.246437954745176],[110.38165896395259,35.246578695912596],[110.3817244759947,35.24710942398581],[110.38175263506663,35.247337541877634],[110.3822441605265,35.25131924675039],[110.38355317943387,35.25697787701642],[110.38443144443397,35.26044295949328],[110.38837812478053,35.269191296023266],[110.3938275317816,35.27933020805517],[110.39749622459239,35.28659827217943],[110.40158681813263,35.29196048479985],[110.40510352261198,35.29631812877562],[110.40915356436403,35.2992210183424],[110.40994712972105,35.299079694853006],[110.41112868467326,35.29886926406936],[110.43171806236256,35.29138415305222],[110.43920339990748,35.2871978291376],[110.43916908852506,35.287175019732835],[110.43913272520065,35.287150721727784],[110.43911586789162,35.28712809328388],[110.43800661042253,35.28625673958994],[110.43837653721427,35.286051158967304],[110.43863620753041,35.28590685059214],[110.43863729328037,35.28590657712103],[110.4400405089036,35.28481635771913],[110.44028862344123,35.284671615487184],[110.4413817576673,35.284033901806716],[110.44150057421047,35.28396458499659],[110.44236633501848,35.283591088998975],[110.44267034387464,35.28345993459599],[110.4432507825486,35.28320952115017],[110.44383602699524,35.282687558945966],[110.4434431289091,35.28211845573607],[110.44253581729276,35.28080420157586],[110.44248177718812,35.28072592282671],[110.44236524826825,35.28055712504118],[110.44226367072959,35.28040998466733],[110.44168628452107,35.27957359705048],[110.44158984748604,35.27943389864899],[110.44040439110206,35.277385469979414],[110.4400953381716,35.27685141751831],[110.4395555173492,35.27641200559305],[110.43705354750757,35.27437531991959],[110.43697213449501,35.27430904497335],[110.43618952167206,35.273389622174214],[110.4354199846741,35.27248553549298],[110.43431718405773,35.271189872340486],[110.4332223522645,35.26990352094019],[110.43241023563245,35.26945398342156],[110.43131053603008,35.26884524120374],[110.43055472753613,35.26874689986624],[110.427127052464,35.26830085079817],[110.42651743443386,35.26802728756967],[110.42521349016558,35.267442133489105],[110.4234747873362,35.26666184352042],[110.4211163508135,35.26556381403681],[110.4197600550251,35.26493232269664],[110.41767853761951,35.263963119950475],[110.41682707729419,35.26364342703894],[110.41434210224777,35.26271035790063],[110.41356076976457,35.26241696497622],[110.4116789133925,35.26180408191788],[110.41118212053625,35.26164227986829],[110.41049473746676,35.26086971572949],[110.40353052682393,35.25304146200523],[110.40043890400266,35.24935629126696],[110.39931724174978,35.248019183725006],[110.39822308095248,35.24676130765602],[110.39761850556796,35.24606625062362],[110.39707827455508,35.24544515519333],[110.39698235684331,35.24533487907515],[110.39685760341081,35.24519145066389],[110.39685642247638,35.2451900927833],[110.3968424925803,35.245126375934056],[110.39682891550513,35.24506427512335],[110.39663481394734,35.24417648881492]]],[[[110.44049166317514,35.2867739712988],[110.44026041549184,35.28645726868562],[110.43964473807723,35.28688862396868],[110.43920339990748,35.2871978291376],[110.4392312103475,35.28721631718095],[110.43937516689451,35.287447436443486],[110.439727735896,35.288013472308165],[110.4398858448516,35.288267306821076],[110.4402810117118,35.28890171547541],[110.44029239007493,35.28891998212192],[110.44058995369305,35.28939768959839],[110.44081669482097,35.28994859458887],[110.44084253433692,35.29001137421475],[110.44169824123243,35.29209038787309],[110.44172092901826,35.29214550770418],[110.44184874218512,35.292456030084956],[110.4420239872807,35.293683018914855],[110.44210249776904,35.29423270190693],[110.44223729781629,35.29517647573067],[110.44244030923316,35.29550214387804],[110.44265713802403,35.29584997403548],[110.44377856861435,35.29764888680796],[110.44385446360177,35.29777062805419],[110.44517236556092,35.299884583067424],[110.44535665976856,35.30018018766141],[110.44551744467532,35.30043808002441],[110.446642345705,35.301994695480104],[110.44684949970895,35.30228134312513],[110.44795582732321,35.30381217793975],[110.44830964946486,35.304301749587616],[110.4484783321011,35.30453514711665],[110.44862993793146,35.30474491585404],[110.44890639151126,35.30502702762013],[110.44950233351192,35.30563515755743],[110.44952433236624,35.305657606022976],[110.4500585350048,35.306202722711355],[110.45091839604886,35.307080132578534],[110.45119509371814,35.307362470923685],[110.45163475977743,35.30781109656495],[110.45203612218569,35.308511962741775],[110.45204631926829,35.30852976862854],[110.45346721487329,35.31101085363313],[110.4539351703879,35.31182793522753],[110.45552900571712,35.31462157969845],[110.45606315488078,35.31555777939612],[110.45635549848681,35.31609731090481],[110.45790260345052,35.318952422709245],[110.46046027672693,35.32338913556926],[110.46054899713823,35.32354302746046],[110.46102524622137,35.324516188654414],[110.46161902283225,35.32572947139504],[110.46181221254461,35.32612421263964],[110.46275973272643,35.32701976967803],[110.4636943995897,35.32825446281366],[110.46377337938812,35.328497751678064],[110.4641735381094,35.329730376407106],[110.46440938601305,35.331033507712405],[110.46487335663534,35.33216594396395],[110.46503782662788,35.332584309659566],[110.46512181740228,35.332797957214666],[110.46523399075181,35.33308329243356],[110.4652927501716,35.33332377773314],[110.46535883908456,35.33359424449235],[110.46535743590898,35.33358284289021],[110.46502412480423,35.33088169623343],[110.46458299684397,35.32893376945627],[110.46378648774896,35.32680072160742],[110.45919170658114,35.317622720908496],[110.45297618843544,35.30734021650894],[110.44818683464231,35.30145189759286],[110.44645771177723,35.299059213434205],[110.44507709226002,35.296763495299125],[110.44375341817685,35.29465880542922],[110.44342494449208,35.2916524661637],[110.44198799962055,35.289117974417216],[110.44083509762486,35.28758638706148],[110.44049166317514,35.2867739712988]]],[[[110.59348572849628,35.50407323858881],[110.59367962141077,35.50031796014759],[110.59370653444584,35.50032449598507],[110.59335497137067,35.49876600778469],[110.59270661522812,35.49722567568006],[110.59205502640297,35.49632920453633],[110.59118765410544,35.494859665775536],[110.59032103953525,35.49324703775787],[110.5895441164193,35.49120546029487],[110.58867757331248,35.48959281998155],[110.58737444092223,35.48783559828292],[110.58642160707198,35.48600802231839],[110.58591073834506,35.48328768332531],[110.58535341605776,35.481103744828786],[110.58483378467966,35.480100372558],[110.584004916636,35.479704037764435],[110.58322034156129,35.47920053828262],[110.58247876811834,35.478840265403385],[110.58169384259385,35.478408296693885],[110.58086278051186,35.47844118423234],[110.58025036993918,35.4784748267309],[110.57955068315964,35.47847239113504],[110.57893920339819,35.47832717544047],[110.57845910447593,35.478146644668165],[110.5781548626129,35.47778787292301],[110.57807170129881,35.476964851917636],[110.57807431676495,35.476464066655716],[110.57859981533447,35.47632281970204],[110.57938861761721,35.47600363263198],[110.57943234670067,35.47600378502513],[110.58000138182314,35.475898454618],[110.58048240117047,35.47590012762477],[110.58113889221141,35.47579509401177],[110.58153245194443,35.475796459261495],[110.58205757001267,35.4757267378343],[110.58253895829291,35.475656861062234],[110.58289229882655,35.47497843502951],[110.58263270050531,35.474440974619746],[110.58254764767926,35.47397565764241],[110.58250706320166,35.47336741044224],[110.58242238204772,35.472830554400915],[110.5822509878718,35.47215031326121],[110.58207830201736,35.47172046344368],[110.58173200736682,35.47103961571822],[110.58182797898975,35.46939448367438],[110.58187755553861,35.468264293817874],[110.58175601141888,35.46640378117961],[110.58180510638792,35.46536659219842],[110.58233255824908,35.464831852890576],[110.58285779008355,35.46472635696275],[110.58334040120808,35.46440608536008],[110.58382356351305,35.46397849965242],[110.58448216098684,35.46344420285197],[110.58465888802368,35.46308710235037],[110.58488025546333,35.46255129709962],[110.58514607612682,35.46187256172499],[110.58528223447534,35.4609000580491],[110.58550579356456,35.45993500787242],[110.58550744496966,35.459613074761755],[110.58551221445549,35.45868304397209],[110.58556143896764,35.457610082219375],[110.58556657436901,35.4566085092836],[110.58548354166042,35.45574972056785],[110.58557519687413,35.45492729990817],[110.58549142959227,35.45421159107692],[110.58527614802803,35.453566972598885],[110.58484118430837,35.45313622418198],[110.58401572230733,35.45213179315786],[110.58340793606922,35.45130696245606],[110.58223186452283,35.45048016340816],[110.58140331288558,35.45008381187704],[110.58040102410618,35.449472223267115],[110.57967496321486,35.44898559579037],[110.57879210110835,35.448391103575425],[110.57835127917437,35.447977482009364],[110.57774780487631,35.44746026957284],[110.57693501387173,35.44684693078476],[110.57653987904875,35.446616610384034],[110.57584357133261,35.44602274982932],[110.57475104944571,35.44540841321457],[110.57412269511389,35.445196341215215],[110.57348130352436,35.44480488737261],[110.57248196639198,35.444209937384954],[110.57171607489323,35.44355857342891],[110.57064855033822,35.44263904199732],[110.5696050732193,35.44158604071684],[110.56865344640757,35.440800449795574],[110.56833043952835,35.44016972364135],[110.5681556553293,35.439613453105444],[110.56829403886056,35.43825464521446],[110.5681268467033,35.43682320188975],[110.56796080560545,35.435177134972484],[110.56753062203236,35.43388783367513],[110.56623229018588,35.43148650850525],[110.565365688641,35.43008831674243],[110.56406073345781,35.428938935427],[110.56240490323262,35.42802674320271],[110.56080647394421,35.42728166885372],[110.55967591775246,35.42622826351856],[110.5583094526866,35.42569862910444],[110.55692246782768,35.424663337796744],[110.55544029752406,35.42399016140035],[110.55320173374183,35.42312339195802],[110.55174862453107,35.422474125604886],[110.54982980830124,35.42175156420786],[110.54831861897127,35.42107819231217],[110.54680812270338,35.42028556693087],[110.54509292703882,35.41963523678377],[110.54337802717261,35.41893718782474],[110.54148998899566,35.41795228822329],[110.5401273075611,35.41680242875256],[110.53963872371288,35.41563204101668],[110.53894678525381,35.41436548466035],[110.53851730918274,35.41305223254983],[110.53802727363235,35.41214415463698],[110.53788489364707,35.41157127032777],[110.53716661434133,35.409827653006865],[110.53719482530524,35.40896925088515],[110.53722831512331,35.40820625840185],[110.53685565286695,35.407155540477184],[110.53677263579559,35.406392101116566],[110.53645564732496,35.40579469705389],[110.53608519200414,35.40436242379958],[110.53580062327,35.40319280200665],[110.53516354245244,35.40254646899034],[110.5343556923299,35.4012078964109],[110.53351833115704,35.39994074606803],[110.53256408514225,35.398744680227345],[110.53201485063137,35.398027127541496],[110.53171449482078,35.39758716869873],[110.53116610276776,35.39672652989795],[110.5303862554384,35.39560266683951],[110.52960573718562,35.394598032712565],[110.52882482206289,35.39366493465399],[110.52817056364101,35.392989880501524],[110.52726806206434,35.391937059686704],[110.52673522400322,35.39141986574632],[110.52652710569537,35.39115195822634],[110.52639100165709,35.390521849032034],[110.52644094216,35.389949702536526],[110.52614064512139,35.38950973061334],[110.52581683097773,35.38910782099965],[110.52542290686569,35.38874379049759],[110.52500613685866,35.38830335722455],[110.52431160342803,35.38755658070986],[110.52378026949823,35.386791365406744],[110.523409145812,35.386515177433274],[110.52278520472456,35.38565420160713],[110.52195251738776,35.38463977243088],[110.52114167953832,35.38387343908977],[110.51972834862997,35.382570520366784],[110.51847767190495,35.381344545970684],[110.51703954064156,35.38030859007311],[110.5156718998676,35.37917750970315],[110.5130517080747,35.37716377964584],[110.51158939370835,35.37629936476561],[110.51100948020519,35.37589637964394],[110.51017033318713,35.37534925533592],[110.50923147420461,35.37460139993858],[110.50818443158002,35.37364323887891],[110.50742012860076,35.37292469739181],[110.50658596280842,35.372205865790406],[110.50614649469979,35.37169850115943],[110.50575127457381,35.37119322308534],[110.50531170072685,35.37070493312179],[110.50474525184805,35.37001580209908],[110.50420216327595,35.36931722468762],[110.50361273547765,35.36858029808944],[110.50304660919662,35.36784346439682],[110.50235315521186,35.366982095971274],[110.50161208093965,35.36629222990894],[110.50106933755208,35.36554594460251],[110.50088015520704,35.36525326808613],[110.50067177896729,35.36505208763531],[110.50033548575989,35.364821760262316],[110.50025615432654,35.364774845823334],[110.5002549926504,35.364773731497415],[110.50025495713636,35.36477413784482],[110.50022444366431,35.36511946958204],[110.50054525193555,35.36585530300363],[110.50074086824493,35.36623767326465],[110.50110905271386,35.366964161268946],[110.50127521902868,35.367212862646134],[110.50219399033051,35.36836133740263],[110.50316466721544,35.36959586893396],[110.50344205910936,35.3699404145105],[110.50399588698693,35.37078689497611],[110.50445775389863,35.37143744514288],[110.5046311310282,35.3716527847936],[110.50556105931085,35.371942764202394],[110.50599531316726,35.37234994988651],[110.50651691602722,35.37275749075499],[110.50686339763593,35.37323585773175],[110.50732706965496,35.37359546277568],[110.50813955522052,35.37405187723653],[110.50862082251936,35.374392471662695],[110.51027221140397,35.37575848923111],[110.51183874819512,35.37671873196423],[110.51325916338854,35.37777375665974],[110.51499819486246,35.37911621546616],[110.51653919575331,35.38047216444584],[110.51848117785613,35.381982317604226],[110.52108677030567,35.38454436546235],[110.52221554038007,35.38571736584819],[110.52338379391499,35.387114679310216],[110.52497283500674,35.38926721894612],[110.52572147133506,35.3907248610665],[110.52629539936005,35.392181814278466],[110.52719095251096,35.39342539544895],[110.52744902291097,35.39411798386355],[110.52793924952172,35.39495456543687],[110.52837234908615,35.395600140727176],[110.5288910802288,35.39654652763934],[110.52972971774759,35.3975752393368],[110.53048169382751,35.39848437078714],[110.53109013471204,35.39903522783676],[110.53201330725207,35.400565049463275],[110.53360311348571,35.402669780863306],[110.53466858221972,35.40479631995763],[110.53540973296639,35.407613178601935],[110.5360058367361,35.41033408586267],[110.53660580327653,35.412387273144134],[110.53683433695991,35.41317511691847],[110.53670085004498,35.413594320725835],[110.5375678023622,35.414813865462044],[110.53830593601468,35.415639427582896],[110.53843212867297,35.41649841834812],[110.53895282077403,35.417144289796035],[110.53995378338435,35.417863530977364],[110.54034198085702,35.418759288520256],[110.54143321120779,35.41897806436167],[110.54239133038092,35.41955403762208],[110.54348237537778,35.41980856552248],[110.54444212897691,35.420098359645024],[110.54600457257816,35.42045480029353],[110.54844627609445,35.42143693195024],[110.55011764954351,35.422645081922276],[110.55242152689894,35.42328321567259],[110.55571298076403,35.42489791911585],[110.55780469732971,35.42599304100953],[110.55912949173505,35.42668469106363],[110.55989553781701,35.42725982412025],[110.56073027662555,35.42806413876488],[110.56149603581832,35.42869649471751],[110.56247189625243,35.42927237309378],[110.56309535525413,35.43036207349749],[110.56372130154307,35.4309939092929],[110.56420394761167,35.43226624389744],[110.56488845349196,35.43501593736329],[110.56550922130288,35.43662071970797],[110.56654992271667,35.438169773606646],[110.56731214891296,35.43948888535853],[110.56835261584062,35.441095155532174],[110.56985576560963,35.44228573621043],[110.57018600146736,35.44320503704239],[110.5709093965765,35.444173430257464],[110.57386119900187,35.44532736832342],[110.5758946996346,35.44655670790961],[110.57705352055486,35.44787237905543],[110.57904884274612,35.449459242906265],[110.58049903613735,35.45080570616507],[110.58158735405686,35.451691836723924],[110.58234991749568,35.45217142430903],[110.5827838482549,35.45279891836196],[110.58317874079982,35.45393303369757],[110.58353828842058,35.45485836027772],[110.583568575544,35.45605083260574],[110.5835982500875,35.457362540140814],[110.58359410284673,35.4581673743427],[110.58351570584604,35.459240235358145],[110.58351309394122,35.45974698263453],[110.58350940643545,35.46046239042825],[110.58339656979099,35.461147612560374],[110.58339380325837,35.46168416805563],[110.58339134405895,35.462161105832784],[110.5832053271074,35.46290569370902],[110.58291092394983,35.46347105057465],[110.58258085043516,35.46388723878061],[110.58185121650062,35.464063567705594],[110.57891276394825,35.464445641499466],[110.57128387409354,35.465105589549886],[110.56379570612131,35.46559386215109],[110.56141788764819,35.46558524559022],[110.55799060863986,35.46545827699696],[110.55799041905324,35.465458294328805],[110.55798988043313,35.46545827433029],[110.556170052179,35.46562329687531],[110.55511920254487,35.465905572782205],[110.55351114106566,35.46584242478642],[110.5535110759371,35.46584244797945],[110.55351041285591,35.465842422092706],[110.55175798487016,35.46646549559254],[110.55272852308903,35.46807163370605],[110.55342083872152,35.46939056777544],[110.55495334743478,35.47059813124137],[110.55535688767291,35.471164799429474],[110.55539293210262,35.4712364741369],[110.55560697167378,35.472071916934865],[110.55592787525974,35.473354889386805],[110.5562487888342,35.47463785988593],[110.55653310720575,35.475950504547136],[110.55694077551486,35.47736554851616],[110.55733838301295,35.47822550797477],[110.55756232967558,35.4788558966937],[110.55783750360148,35.479715406327095],[110.55794065600585,35.48004487609325],[110.55807808904738,35.48050324675533],[110.55818014836899,35.48103302954818],[110.55827083247617,35.48151030664192],[110.55836120566445,35.48204481521927],[110.55840597530879,35.4823883789856],[110.55851800423524,35.48322821166309],[110.55862878489371,35.4842969730812],[110.55876456049107,35.48506058067284],[110.55887722315016,35.48578594871179],[110.55896666566913,35.48649215384199],[110.55910276163961,35.48719852839454],[110.55919252011198,35.487847500788256],[110.55923760876225,35.488133832438876],[110.55939818112013,35.48863044038703],[110.55967387516665,35.489404096647846],[110.55997534750851,35.49026369608078],[110.56005911636838,35.49094364686197],[110.56031510812036,35.4921250161556],[110.56074489132645,35.49352164252548],[110.56104600198364,35.49445277914503],[110.56130338000344,35.49538375589866],[110.56156056950051,35.49635050211941],[110.56139291453125,35.497588500669146],[110.5613928995865,35.497588614178675],[110.56131743776885,35.49814341565925],[110.56112437664378,35.49932553328444],[110.56060423339234,35.500592310248045],[110.56027773827579,35.50164039615696],[110.55925052947521,35.503128777682164],[110.55940949436182,35.50312884185821],[110.56065837289215,35.503219125032935],[110.56211447123015,35.504129827313136],[110.56292958646164,35.50445770600886],[110.56564719549175,35.50559315362752],[110.56759897163334,35.50640856911216],[110.56901831393282,35.50699170977891],[110.57137682331313,35.507715538472404],[110.57565837308776,35.50880381455567],[110.57965111964496,35.50936628742381],[110.58259532782002,35.50966268081472],[110.58965540466109,35.50928149156044],[110.59065959837532,35.509109109899235],[110.59251612678031,35.508790389750466],[110.59317347461624,35.50858503974892],[110.59321794720215,35.50819146035101],[110.59321894048905,35.50799472429111],[110.59319168158264,35.5073273889885],[110.59348572849628,35.50407323858881]]],[[[110.55925052947521,35.503128777682164],[110.56027773827579,35.50164039615696],[110.56060423339234,35.500592310248045],[110.56112437664378,35.49932553328444],[110.56131743776885,35.49814341565925],[110.5613928995865,35.497588614178675],[110.56139291453125,35.497588500669146],[110.56156056950051,35.49635050211941],[110.56130338000344,35.49538375589866],[110.56104600198364,35.49445277914503],[110.56074489132645,35.49352164252548],[110.56031510812036,35.4921250161556],[110.56005911636838,35.49094364686197],[110.55997534750851,35.49026369608078],[110.55967387516665,35.489404096647846],[110.55939818112013,35.48863044038703],[110.55923760876225,35.488133832438876],[110.55919252011198,35.487847500788256],[110.55910276163961,35.48719852839454],[110.55896666566913,35.48649215384199],[110.55887722315016,35.48578594871179],[110.55876456049107,35.48506058067284],[110.55862878489371,35.4842969730812],[110.55851800423524,35.48322821166309],[110.55840597530879,35.4823883789856],[110.55836120566445,35.48204481521927],[110.55827083247617,35.48151030664192],[110.55818014836899,35.48103302954818],[110.55807808904738,35.48050324675533],[110.55794065600585,35.48004487609325],[110.55783750360148,35.479715406327095],[110.55756232967558,35.4788558966937],[110.55733838301295,35.47822550797477],[110.55694077551486,35.47736554851616],[110.55653310720575,35.475950504547136],[110.5562487888342,35.47463785988593],[110.55592787525974,35.473354889386805],[110.55560697167378,35.472071916934865],[110.55539293210262,35.4712364741369],[110.55535688767291,35.471164799429474],[110.55495334743478,35.47059813124137],[110.55342083872152,35.46939056777544],[110.55272852308903,35.46807163370605],[110.55175798487016,35.46646549559254],[110.55351041285591,35.465842422092706],[110.5535110759371,35.46584244797945],[110.55351114106566,35.46584242478642],[110.55511920254487,35.465905572782205],[110.556170052179,35.46562329687531],[110.55798988043313,35.46545827433029],[110.55799041905324,35.465458294328805],[110.55799060863986,35.46545827699696],[110.56141788764819,35.46558524559022],[110.56379570612131,35.46559386215109],[110.57128387409354,35.465105589549886],[110.57891276394825,35.464445641499466],[110.58185121650062,35.464063567705594],[110.58258085043516,35.46388723878061],[110.58291092394983,35.46347105057465],[110.5832053271074,35.46290569370902],[110.58339134405895,35.462161105832784],[110.58339380325837,35.46168416805563],[110.58339656979099,35.461147612560374],[110.58350940643545,35.46046239042825],[110.58351309394122,35.45974698263453],[110.58351570584604,35.459240235358145],[110.58359410284673,35.4581673743427],[110.5835982500875,35.457362540140814],[110.583568575544,35.45605083260574],[110.58353828842058,35.45485836027772],[110.58317874079982,35.45393303369757],[110.5827838482549,35.45279891836196],[110.58234991749568,35.45217142430903],[110.58158735405686,35.451691836723924],[110.58049903613735,35.45080570616507],[110.57904884274612,35.449459242906265],[110.57705352055486,35.44787237905543],[110.5758946996346,35.44655670790961],[110.57386119900187,35.44532736832342],[110.5709093965765,35.444173430257464],[110.57018600146736,35.44320503704239],[110.56985576560963,35.44228573621043],[110.56835261584062,35.441095155532174],[110.56731214891296,35.43948888535853],[110.56654992271667,35.438169773606646],[110.56550922130288,35.43662071970797],[110.56488845349196,35.43501593736329],[110.56420394761167,35.43226624389744],[110.56372130154307,35.4309939092929],[110.56309535525413,35.43036207349749],[110.56247189625243,35.42927237309378],[110.56149603581832,35.42869649471751],[110.56073027662555,35.42806413876488],[110.55989553781701,35.42725982412025],[110.55912949173505,35.42668469106363],[110.55780469732971,35.42599304100953],[110.55571298076403,35.42489791911585],[110.55242152689894,35.42328321567259],[110.55011764954351,35.422645081922276],[110.54844627609445,35.42143693195024],[110.54600457257816,35.42045480029353],[110.54444212897691,35.420098359645024],[110.54348237537778,35.41980856552248],[110.54239133038092,35.41955403762208],[110.54143321120779,35.41897806436167],[110.54034198085702,35.418759288520256],[110.53995378338435,35.417863530977364],[110.53895282077403,35.417144289796035],[110.53843212867297,35.41649841834812],[110.53830593601468,35.415639427582896],[110.5375678023622,35.414813865462044],[110.53670085004498,35.413594320725835],[110.53683433695991,35.41317511691847],[110.53660580327653,35.412387273144134],[110.5360058367361,35.41033408586267],[110.53540973296639,35.407613178601935],[110.53466858221972,35.40479631995763],[110.53360311348571,35.402669780863306],[110.53201330725207,35.400565049463275],[110.53109013471204,35.39903522783676],[110.53048169382751,35.39848437078714],[110.52972971774759,35.3975752393368],[110.5288910802288,35.39654652763934],[110.52837234908615,35.395600140727176],[110.52793924952172,35.39495456543687],[110.52744902291097,35.39411798386355],[110.52719095251096,35.39342539544895],[110.52629539936005,35.392181814278466],[110.52572147133506,35.3907248610665],[110.52497283500674,35.38926721894612],[110.52338379391499,35.387114679310216],[110.52221554038007,35.38571736584819],[110.52108677030567,35.38454436546235],[110.51848117785613,35.381982317604226],[110.51653919575331,35.38047216444584],[110.51499819486246,35.37911621546616],[110.51325916338854,35.37777375665974],[110.51183874819512,35.37671873196423],[110.51027221140397,35.37575848923111],[110.50862082251936,35.374392471662695],[110.50813955522052,35.37405187723653],[110.50732706965496,35.37359546277568],[110.50686339763593,35.37323585773175],[110.50651691602722,35.37275749075499],[110.50599531316726,35.37234994988651],[110.50556105931085,35.371942764202394],[110.5046311310282,35.3716527847936],[110.50445775389863,35.37143744514288],[110.50399588698693,35.37078689497611],[110.50344205910936,35.3699404145105],[110.50316466721544,35.36959586893396],[110.50219399033051,35.36836133740263],[110.50127521902868,35.367212862646134],[110.50110905271386,35.366964161268946],[110.50074086824493,35.36623767326465],[110.50054525193555,35.36585530300363],[110.50022444366431,35.36511946958204],[110.50025495713636,35.36477413784482],[110.5002549926504,35.364773731497415],[110.49986621988933,35.36432021060619],[110.49903384912095,35.36357152463234],[110.49820094034605,35.36291225941913],[110.4972956368329,35.362193066956266],[110.4968637740372,35.36141622197158],[110.49599785122845,35.36022023136538],[110.49494778788574,35.35938118023789],[110.49386377616017,35.35815445327848],[110.49212651420488,35.35665668672338],[110.49071510667784,35.355428555108425],[110.4893022394369,35.35443887798519],[110.48857678050949,35.35407809508454],[110.4880681356272,35.35395670358047],[110.48726840931712,35.35383407546056],[110.48643324293292,35.35356224310793],[110.48570874966097,35.35305239965914],[110.48552871531095,35.35275353761496],[110.48516732526592,35.35236447408941],[110.48473241176191,35.35209433513053],[110.48418967532218,35.351615066579484],[110.48321204345334,35.350865651222755],[110.48278853736782,35.35027575254562],[110.48276078123764,35.350237091568246],[110.48276076051971,35.35023706263739],[110.4823097038717,35.34960978742417],[110.48191100738028,35.34936960092942],[110.48093342468869,35.3486201672802],[110.47951983968015,35.347779420170816],[110.47763293051902,35.34699623242247],[110.47687024780456,35.346784266003475],[110.47643635368027,35.34636505223768],[110.4760165765641,35.34578880264918],[110.4756174187958,35.34540074007351],[110.47527213380812,35.344783971303826],[110.47489026318146,35.344424597333735],[110.47443752484007,35.344222309671],[110.47348193901193,35.343915285252535],[110.47280247015034,35.343669077439216],[110.47215792938404,35.34342301924074],[110.47165300134338,35.34319187366312],[110.47127189784514,35.342718024038646],[110.47080535457151,35.34195762659639],[110.4707317861979,35.34163488443185],[110.470616863464,35.34140544328968],[110.47049036482937,35.34116641085668],[110.47009829054895,35.340592348421815],[110.46962479397207,35.34000838880678],[110.46923285939566,35.33941524588021],[110.46871430956787,35.33860214682919],[110.46820616393742,35.33797987279098],[110.46792909170561,35.33762570655807],[110.46790618704235,35.3375683710126],[110.46745681912789,35.33686050081688],[110.46693868121504,35.33599016192958],[110.46666224795676,35.33554060340325],[110.46628180603192,35.33497612009172],[110.46616659147482,35.33479436845219],[110.46601676994204,35.33456476866714],[110.46577464202825,35.334210751734666],[110.46557901532147,35.33386648035693],[110.46537184920028,35.33361754888937],[110.46536032128769,35.33360032684962],[110.46535883908456,35.33359424449235],[110.4652927501716,35.33332377773314],[110.46523399075181,35.33308329243356],[110.46512181740228,35.332797957214666],[110.46503782662788,35.332584309659566],[110.46487335663534,35.33216594396395],[110.46440938601305,35.331033507712405],[110.4641735381094,35.329730376407106],[110.46377337938812,35.328497751678064],[110.4636943995897,35.32825446281366],[110.46275973272643,35.32701976967803],[110.46181221254461,35.32612421263964],[110.46161902283225,35.32572947139504],[110.46102524622137,35.324516188654414],[110.46054899713823,35.32354302746046],[110.46046027672693,35.32338913556926],[110.45790260345052,35.318952422709245],[110.45635549848681,35.31609731090481],[110.45606315488078,35.31555777939612],[110.45552900571712,35.31462157969845],[110.4539351703879,35.31182793522753],[110.45346721487329,35.31101085363313],[110.45204631926829,35.30852976862854],[110.45203612218569,35.308511962741775],[110.45163475977743,35.30781109656495],[110.45119509371814,35.307362470923685],[110.45091839604886,35.307080132578534],[110.4500585350048,35.306202722711355],[110.44952433236624,35.305657606022976],[110.44950233351192,35.30563515755743],[110.44890639151126,35.30502702762013],[110.44862993793146,35.30474491585404],[110.4484783321011,35.30453514711665],[110.44830964946486,35.304301749587616],[110.44795582732321,35.30381217793975],[110.44684949970895,35.30228134312513],[110.446642345705,35.301994695480104],[110.44551744467532,35.30043808002441],[110.44535665976856,35.30018018766141],[110.44517236556092,35.299884583067424],[110.44385446360177,35.29777062805419],[110.44377856861435,35.29764888680796],[110.44265713802403,35.29584997403548],[110.44244030923316,35.29550214387804],[110.44223729781629,35.29517647573067],[110.44210249776904,35.29423270190693],[110.4420239872807,35.293683018914855],[110.44184874218512,35.292456030084956],[110.44172092901826,35.29214550770418],[110.44169824123243,35.29209038787309],[110.44084253433692,35.29001137421475],[110.44081669482097,35.28994859458887],[110.44058995369305,35.28939768959839],[110.44029239007493,35.28891998212192],[110.4402810117118,35.28890171547541],[110.4398858448516,35.288267306821076],[110.439727735896,35.288013472308165],[110.43937516689451,35.287447436443486],[110.4392312103475,35.28721631718095],[110.43920339990748,35.2871978291376],[110.43171806236256,35.29138415305222],[110.41112868467326,35.29886926406936],[110.40994712972105,35.299079694853006],[110.40915356436403,35.2992210183424],[110.41236932165204,35.30258331581792],[110.41482509548494,35.30513886786314],[110.41755389750973,35.307977999798574],[110.42163136608823,35.31143164495222],[110.42753101816942,35.31646774407662],[110.4340835785666,35.3218643266959],[110.43836930175465,35.32696387266157],[110.4399302564731,35.328473518961545],[110.44386181715528,35.33121992059766],[110.44538150524552,35.33240736224478],[110.44748279209166,35.33360612033619],[110.44943303211308,35.33568976643656],[110.45133826754822,35.33798780592543],[110.45281067761601,35.33974728420207],[110.45476023973175,35.34197392664412],[110.45645060104333,35.343805885162844],[110.45696802147707,35.34477404123063],[110.45740052894526,35.34538409857641],[110.45765817238477,35.346029141415904],[110.45808878047292,35.3469253598748],[110.45867534518798,35.34844231454382],[110.459361978757,35.35023396042415],[110.45987780594587,35.35145249580997],[110.46004197472855,35.35302717321744],[110.46003245080321,35.354457988237485],[110.4603262794754,35.356760358691794],[110.46135877240987,35.35909010701247],[110.46200734286207,35.360058823323584],[110.46291224071179,35.36188719016109],[110.46347105705394,35.363227522188566],[110.46394643222968,35.363980830951384],[110.46463897666436,35.364913957193735],[110.46546278047113,35.36581188863864],[110.46633144788416,35.36653115544297],[110.46719848529683,35.36750080872497],[110.46788968836037,35.36864853775278],[110.46872939208191,35.36979691566392],[110.46937392073166,35.37140945893319],[110.46984097736558,35.37345047659736],[110.47039727371656,35.37520571112037],[110.47056706301619,35.37595765317856],[110.4711661344411,35.377856157359105],[110.47159449148359,35.37914579859458],[110.47193644178482,35.38029197508585],[110.47223961516139,35.380686784572994],[110.47336917014951,35.38162176733898],[110.47397461599462,35.38255445792367],[110.47470925701684,35.383773878757005],[110.47570344838061,35.38538790530532],[110.47686399219403,35.38830471780696],[110.47702416915274,35.3905590009289],[110.47744322454297,35.39331520021902],[110.4777767807531,35.39578485808779],[110.47846215238904,35.397898320967606],[110.47932506738269,35.399583290675125],[110.480013035967,35.40130327127852],[110.48052375407588,35.40341596991218],[110.48081902704786,35.405062713144986],[110.48134626168991,35.406877385045966],[110.4816613190747,35.40771339786192],[110.48185956523119,35.408596603365986],[110.48228840296687,35.4098623567837],[110.48317753051455,35.41203628117438],[110.48377966282803,35.41354124409399],[110.48438242489502,35.41495081633338],[110.48527818463494,35.416099313732396],[110.48620188893915,35.41743870158302],[110.48721664634716,35.418206131262764],[110.48817059467886,35.419378700799925],[110.48894992699756,35.42052667706333],[110.48926028111941,35.421205255980844],[110.49067711935461,35.42290440493248],[110.49166180495523,35.423838602448896],[110.49273436237583,35.424701618773696],[110.49374524264147,35.42611285635837],[110.49434991050043,35.42726006471763],[110.49521279349946,35.42905222774885],[110.49653951633498,35.43122787773689],[110.49818829643483,35.43316637728845],[110.50030876278002,35.434764602229095],[110.50044010259268,35.43472937460422],[110.50297198613971,35.43524061743281],[110.50419226037586,35.43581797077058],[110.5056225590303,35.43779124218064],[110.50649213307211,35.438545991167736],[110.50705401849409,35.439585646594665],[110.50787839187234,35.44059059839551],[110.50883456763168,35.44148876665955],[110.51018285758747,35.44260314595666],[110.51166145521562,35.44386112057252],[110.51510541828627,35.44541315487596],[110.5168877861349,35.44641473410785],[110.51853906707291,35.44806679670151],[110.52023285604291,35.449933630734826],[110.5211884319276,35.45097478336297],[110.52214551270222,35.45176553715579],[110.52290954388769,35.45267714183087],[110.52724390708342,35.45906142442441],[110.52878540254595,35.462125866951126],[110.53146633323973,35.46475950428815],[110.5339955513696,35.46677246643011],[110.53653687286906,35.47093167549497],[110.53705283697246,35.47245988048154],[110.53888257084724,35.478762557804856],[110.54164616647249,35.484963823940554],[110.54505930241201,35.49063899763525],[110.54609885720606,35.493480728206244],[110.54615422428276,35.49400557447407],[110.5463254251824,35.4946739385902],[110.54672829775905,35.49562934026173],[110.54782701057272,35.49730276433722],[110.54726974549158,35.49939361908648],[110.5495930834871,35.50300286288482],[110.54996978946706,35.503092608565964],[110.55542899566377,35.50312715653019],[110.55925052947521,35.503128777682164]]],[[[110.4490910662678,35.282791060107336],[110.44886124764473,35.282370287640354],[110.44755459131964,35.28291759993966],[110.4459818948919,35.28350823424668],[110.44224684911742,35.28530350960477],[110.44090376013939,35.28606044081853],[110.44026041549184,35.28645726868562],[110.44049166317514,35.2867739712988],[110.44083509762486,35.28758638706148],[110.44198799962055,35.289117974417216],[110.44342494449208,35.2916524661637],[110.44375341817685,35.29465880542922],[110.44507709226002,35.296763495299125],[110.44645771177723,35.299059213434205],[110.44818683464231,35.30145189759286],[110.45297618843544,35.30734021650894],[110.45919170658114,35.317622720908496],[110.46378648774896,35.32680072160742],[110.46458299684397,35.32893376945627],[110.46502412480423,35.33088169623343],[110.46535743590898,35.33358284289021],[110.46535883908456,35.33359424449235],[110.46536032128769,35.33360032684962],[110.46537184920028,35.33361754888937],[110.46557901532147,35.33386648035693],[110.46577464202825,35.334210751734666],[110.46601676994204,35.33456476866714],[110.46616659147482,35.33479436845219],[110.46628180603192,35.33497612009172],[110.46666224795676,35.33554060340325],[110.46693868121504,35.33599016192958],[110.46745681912789,35.33686050081688],[110.46790618704235,35.3375683710126],[110.46792909170561,35.33762570655807],[110.46820616393742,35.33797987279098],[110.46871430956787,35.33860214682919],[110.46923285939566,35.33941524588021],[110.46962479397207,35.34000838880678],[110.47009829054895,35.340592348421815],[110.47049036482937,35.34116641085668],[110.470616863464,35.34140544328968],[110.4707317861979,35.34163488443185],[110.47080535457151,35.34195762659639],[110.47127189784514,35.342718024038646],[110.47165300134338,35.34319187366312],[110.47215792938404,35.34342301924074],[110.47280247015034,35.343669077439216],[110.47348193901193,35.343915285252535],[110.47443752484007,35.344222309671],[110.47489026318146,35.344424597333735],[110.47527213380812,35.344783971303826],[110.4756174187958,35.34540074007351],[110.4760165765641,35.34578880264918],[110.47643635368027,35.34636505223768],[110.47687024780456,35.346784266003475],[110.47763293051902,35.34699623242247],[110.47951983968015,35.347779420170816],[110.48093342468869,35.3486201672802],[110.48191100738028,35.34936960092942],[110.4823097038717,35.34960978742417],[110.48276076051971,35.35023706263739],[110.48276204713721,35.35023714565666],[110.48351502030877,35.35026946370334],[110.48444902251724,35.349868038733256],[110.48552733942184,35.349658003969054],[110.48657729822247,35.34932860176581],[110.48733467395263,35.349236426264945],[110.48955203443815,35.34841114104867],[110.49199951157458,35.34801604295566],[110.49261133940122,35.34792322159866],[110.49252700355188,35.34744591342967],[110.4927059638622,35.34675508095451],[110.49250595122072,35.34615804791447],[110.49186831589851,35.34572611094123],[110.49026545508099,35.34512078663278],[110.48899585632402,35.3445192326035],[110.48874419245823,35.344041214150515],[110.48757487938694,35.34337234231542],[110.48753279053545,35.34334698911174],[110.48804043142206,35.342983226674825],[110.48627739249794,35.34235569349494],[110.48641914685267,35.342031965623434],[110.48663207516427,35.34149868180123],[110.48710159451535,35.34089017530734],[110.48711729454354,35.34073355634664],[110.48717614604746,35.340146441490006],[110.48719712859827,35.340002247982866],[110.48724307908428,35.339686465081286],[110.48768113600245,35.33944984552278],[110.48801193069136,35.33891467264723],[110.48801418595639,35.3385569677415],[110.48801945177229,35.33772231988969],[110.48792372755413,35.33749905738936],[110.48766093797882,35.33688612803347],[110.48752088348192,35.336021056428834],[110.48745189250594,35.33542456959682],[110.48714323779127,35.334652496438366],[110.48673565747629,35.333632950201945],[110.4867665235394,35.33356447353924],[110.4871725480259,35.33286507190687],[110.48729743678892,35.33244349908285],[110.48738753844374,35.332000312716175],[110.48734818030609,35.331320485067174],[110.4869849072197,35.330782368158985],[110.48709287510333,35.330274870851866],[110.48711133018723,35.330117552154896],[110.48711966716874,35.33006599944551],[110.48717492385082,35.32972433438329],[110.48700171459046,35.329577723246786],[110.48678415994742,35.3293935764349],[110.486312895786,35.32902729750429],[110.48612301172719,35.32868308405659],[110.48603933643915,35.32811038144456],[110.48606309409662,35.3280182356906],[110.48616463199632,35.327624421605805],[110.48611433502627,35.3272951070348],[110.48611641768441,35.3269660177744],[110.48580459839283,35.32657835721087],[110.48573711753846,35.32620604656304],[110.48525288979046,35.32547424441968],[110.48508047918993,35.32513010267692],[110.48452706449687,35.32429784066299],[110.48395574821029,35.323537043964016],[110.48312347826109,35.322632042402354],[110.48282914771039,35.322244451484984],[110.48243421214904,35.32179355923841],[110.48204918671678,35.32135397558153],[110.4808693573723,35.32020422079518],[110.48005287615874,35.31957113006516],[110.47906540715842,35.31837925994821],[110.47905100533424,35.318355634599456],[110.47835709905118,35.31721720511797],[110.4777508844228,35.31647053753502],[110.47758905390981,35.316138142314735],[110.47694109482161,35.314807230540204],[110.4760810932821,35.312814599765076],[110.47582257299428,35.312298366298265],[110.47512636653563,35.311980557117074],[110.47446340885253,35.311920441854916],[110.47371651117584,35.31134484543218],[110.4735964528269,35.31101522501109],[110.47377304822051,35.3107012024614],[110.47377638426995,35.31018610373649],[110.47341241341587,35.30978387429662],[110.47304742651745,35.30953903763379],[110.47285829431232,35.30909464446513],[110.47282533236039,35.30879401897017],[110.47309300593463,35.307893737326594],[110.47306737328208,35.30646275611257],[110.47312224507215,35.30607665932915],[110.47307099270753,35.30590473269396],[110.47253027169373,35.30584513953719],[110.47201118590594,35.305141747983875],[110.47162979190855,35.30473943961782],[110.47135526813929,35.304008496344295],[110.47111193359568,35.30385003579166],[110.47090257643927,35.30383481150201],[110.47071197684457,35.30361934759135],[110.46970984413726,35.30304770036605],[110.46907733186397,35.30268688459367],[110.46845397985547,35.30192101587424],[110.46835677462424,35.3013641408843],[110.46814814226558,35.30123921290132],[110.46722948103053,35.30114931824358],[110.46661316223546,35.301089368397335],[110.46621792361364,35.30103038776061],[110.46589337772426,35.3008381713562],[110.46557133991107,35.30026440161332],[110.46553806422605,35.30001623770661],[110.4653804993486,35.29920471414807],[110.46466268060442,35.298657807928684],[110.46460789773433,35.2981424532287],[110.46423783063284,35.29779740392448],[110.46464713792598,35.29748442558367],[110.46417342498405,35.296976753375475],[110.46273367601843,35.295634885119696],[110.46243520507872,35.2950230537647],[110.46174393451305,35.29398975182199],[110.46067645294521,35.29354619674419],[110.46051622452336,35.293144838115296],[110.45791936400504,35.29174051155814],[110.45741190600572,35.29107049752349],[110.45706733676865,35.290401209878866],[110.45628195254257,35.2895391593849],[110.45520073891528,35.288488665268076],[110.45480238622933,35.28810162623935],[110.45284926121708,35.28608080498744],[110.4522836818033,35.28549559783983],[110.45085118024177,35.28400099487398],[110.45039229492919,35.283044997377594],[110.44997350295318,35.28304309119915],[110.44950959647589,35.28283111952814],[110.4490910662678,35.282791060107336]]],[[[110.62762354315704,35.507981754534896],[110.6280726146884,35.507369929442774],[110.62839350613764,35.506932732505305],[110.62889143220532,35.5062543241191],[110.62917838131806,35.50473849752928],[110.62915002817982,35.5032932446471],[110.62919883825565,35.50302116626031],[110.62922186253603,35.50289282579066],[110.62937028446675,35.50230300545187],[110.62588183488948,35.499616776661846],[110.62330392394348,35.49743269466994],[110.62072615030559,35.495248558565855],[110.6182779541651,35.49344037082655],[110.6170088120863,35.49113031849685],[110.61649798312841,35.490632673552014],[110.61494084380293,35.48942581179463],[110.6145965091276,35.48826096705823],[110.614694181612,35.48734554241681],[110.6138601225574,35.48616005174541],[110.61126138932546,35.48330911332428],[110.60745549194277,35.47932860391509],[110.60411575156553,35.47548304856638],[110.59982811043179,35.47003171840239],[110.59500920479421,35.46368179188275],[110.58969975766759,35.45765432810404],[110.58786755053504,35.45572121980151],[110.58284503873044,35.449922170134144],[110.58052007374046,35.44866212540104],[110.57754290564255,35.44674395332923],[110.57653987904875,35.446616610384034],[110.57693501387173,35.44684693078476],[110.57774780487631,35.44746026957284],[110.57835127917437,35.447977482009364],[110.57879210110835,35.448391103575425],[110.57967496321486,35.44898559579037],[110.58040102410618,35.449472223267115],[110.58140331288558,35.45008381187704],[110.58223186452283,35.45048016340816],[110.58340793606922,35.45130696245606],[110.58401572230733,35.45213179315786],[110.58484118430837,35.45313622418198],[110.58527614802803,35.453566972598885],[110.58549142959227,35.45421159107692],[110.58557519687413,35.45492729990817],[110.58548354166042,35.45574972056785],[110.58556657436901,35.4566085092836],[110.58556143896764,35.457610082219375],[110.58551221445549,35.45868304397209],[110.58550744496966,35.459613074761755],[110.58550579356456,35.45993500787242],[110.58528223447534,35.4609000580491],[110.58514607612682,35.46187256172499],[110.58488025546333,35.46255129709962],[110.58465888802368,35.46308710235037],[110.58448216098684,35.46344420285197],[110.58382356351305,35.46397849965242],[110.58334040120808,35.46440608536008],[110.58285779008355,35.46472635696275],[110.58233255824908,35.464831852890576],[110.58180510638792,35.46536659219842],[110.58175601141888,35.46640378117961],[110.58187755553861,35.468264293817874],[110.58182797898975,35.46939448367438],[110.58173200736682,35.47103961571822],[110.58207830201736,35.47172046344368],[110.5822509878718,35.47215031326121],[110.58242238204772,35.472830554400915],[110.58250706320166,35.47336741044224],[110.58254764767926,35.47397565764241],[110.58263270050531,35.474440974619746],[110.58289229882655,35.47497843502951],[110.58253895829291,35.475656861062234],[110.58205757001267,35.4757267378343],[110.58153245194443,35.475796459261495],[110.58113889221141,35.47579509401177],[110.58048240117047,35.47590012762477],[110.58000138182314,35.475898454618],[110.57943234670067,35.47600378502513],[110.57938861761721,35.47600363263198],[110.57859981533447,35.47632281970204],[110.57807431676495,35.476464066655716],[110.57807170129881,35.476964851917636],[110.5781548626129,35.47778787292301],[110.57845910447593,35.478146644668165],[110.57893920339819,35.47832717544047],[110.57955068315964,35.47847239113504],[110.58025036993918,35.4784748267309],[110.58086278051186,35.47844118423234],[110.58169384259385,35.478408296693885],[110.58247876811834,35.478840265403385],[110.58322034156129,35.47920053828262],[110.584004916636,35.479704037764435],[110.58483378467966,35.480100372558],[110.58535341605776,35.481103744828786],[110.58591073834506,35.48328768332531],[110.58642160707198,35.48600802231839],[110.58737444092223,35.48783559828292],[110.58867757331248,35.48959281998155],[110.5895441164193,35.49120546029487],[110.59032103953525,35.49324703775787],[110.59118765410544,35.494859665775536],[110.59205502640297,35.49632920453633],[110.59270661522812,35.49722567568006],[110.59335497137067,35.49876600778469],[110.59370653444584,35.50032449598507],[110.59367962141077,35.50031796014759],[110.59348572849628,35.50407323858881],[110.59319168158264,35.5073273889885],[110.59321894048905,35.50799472429111],[110.59321794720215,35.50819146035101],[110.59317347461624,35.50858503974892],[110.59561252553175,35.50782305737643],[110.59636925720586,35.50813561000177],[110.59697862025605,35.50875768410736],[110.59720836742964,35.509473879142654],[110.59773439254614,35.510128025936886],[110.59915047408028,35.51188895221522],[110.60249095211707,35.514666323523684],[110.60231159775556,35.51554809194069],[110.60256952213611,35.51647899636752],[110.60457784912867,35.51711811106055],[110.6078699591543,35.51816567182635],[110.61823690332987,35.52179990671588],[110.61939540304782,35.519833077996424],[110.62155962593224,35.516158505185324],[110.6224376755234,35.5155173723383],[110.62287764306716,35.51499410175861],[110.62314382680404,35.51420796418428],[110.62335445731094,35.51282546201881],[110.6239139609479,35.51168252332832],[110.62461583639569,35.51127929978632],[110.62556095760341,35.511252030792846],[110.62762354315704,35.507981754534896]]],[[[110.55929443816316,35.50336445397679],[110.55925052947521,35.503128777682164],[110.55542899566377,35.50312715653019],[110.55531678241044,35.50312644916602],[110.54996978946706,35.503092608565964],[110.5495930834871,35.50300286288482],[110.54965008916757,35.50309141563039],[110.54967336491877,35.503146041028934],[110.55060522526693,35.505333011889455],[110.56329217337263,35.53509542043156],[110.58154462612436,35.569134078662664],[110.58457396647434,35.574124721426074],[110.58775649778103,35.57964437304152],[110.58816126102917,35.58040887016706],[110.59032418552083,35.5838114380355],[110.59248100897183,35.58679488930213],[110.59380210643273,35.588802518877394],[110.5950543557155,35.590580968770404],[110.5981010883723,35.59498925367447],[110.60000799393262,35.59902577989157],[110.60226194046477,35.60377883650543],[110.6045403632908,35.61125462060357],[110.60526684188284,35.61470883313307],[110.60787465200602,35.622012408936364],[110.60971742561252,35.62745553864408],[110.61004059270796,35.633084502636535],[110.60952636899404,35.64271705752294],[110.60827611495256,35.647482407459705],[110.60574460642752,35.65133736700039],[110.60286401816933,35.65403956563922],[110.60378663881109,35.654692586883726],[110.60547797479937,35.655889651362784],[110.60686902800961,35.65493701255046],[110.61385740881579,35.65022837221667],[110.61598546235841,35.64512236877424],[110.61782283160089,35.63613804635926],[110.61842614830726,35.6331875071909],[110.61726634446602,35.62650536230908],[110.61674315747335,35.62349069270602],[110.6159089373338,35.6220381298326],[110.61563348764936,35.621007054851646],[110.61562016339329,35.61999187700167],[110.61560801795692,35.61906648238822],[110.61559699369029,35.61822653028235],[110.61562486642795,35.617715832384896],[110.61567382015319,35.61681883803884],[110.61555960093968,35.61570106159778],[110.61548315494468,35.61495292416819],[110.61545583444399,35.614685551880285],[110.6152683464982,35.61412402685821],[110.61421121997813,35.61095779401287],[110.61408353104974,35.61057533285536],[110.61425819154755,35.61002674415549],[110.61481408006306,35.60828070917975],[110.6143579704438,35.60699772063883],[110.61411336019079,35.606309641913846],[110.61404762955443,35.60612275428356],[110.61259546579987,35.601993691750025],[110.61238860579014,35.60140547402393],[110.61171676495519,35.59949499264732],[110.61165907834403,35.59940372989324],[110.61016151383441,35.5970344359098],[110.60910201256429,35.59535810603363],[110.60890569757866,35.595090876319524],[110.60827596236904,35.594233649570576],[110.60811656013084,35.594025516988594],[110.60521221957502,35.59023307248544],[110.60501577472523,35.589976542267394],[110.6031145824003,35.58749374330114],[110.60209470091867,35.58612490562116],[110.60088640259315,35.58450311228103],[110.5987036087476,35.58157314065268],[110.59844678338956,35.5812283875411],[110.59771721746873,35.58024001805694],[110.59608119477629,35.578023534586755],[110.59608082769121,35.57802303674599],[110.59494872616926,35.57612712653983],[110.59414491229458,35.57478093182106],[110.59381957017422,35.57418510338694],[110.59283861557556,35.57238854244838],[110.59197006444819,35.57079776412101],[110.5918439165624,35.570561268293304],[110.59108587659519,35.56914010087104],[110.59061095673704,35.5682496952781],[110.58996763832032,35.5669377381602],[110.5890737562308,35.565114715110944],[110.58787492870238,35.56266963401149],[110.58781264441723,35.56254247773429],[110.58702728015226,35.56093906948724],[110.58631753201803,35.55948998217552],[110.586277597296,35.559408445837995],[110.5852317172623,35.55727297323784],[110.5850242044069,35.556843495400166],[110.58416201984913,35.55505903783795],[110.58360032043794,35.553896446765805],[110.58267238411918,35.55197574656165],[110.58251681963857,35.55165748504413],[110.582478210541,35.55157849540775],[110.58145843865958,35.54949211866992],[110.58022052446172,35.54695928194498],[110.57976572256226,35.54602868999777],[110.57925387405398,35.54498134634526],[110.5783204572947,35.54310869077038],[110.57808655654529,35.54263941585161],[110.57703631618891,35.54053224503558],[110.5763425798967,35.53912581157389],[110.57541602481086,35.5372472942452],[110.57518873795667,35.53678647187314],[110.57319422303335,35.53261280390267],[110.57234764069615,35.530828902944855],[110.57157295402719,35.52919642276515],[110.57063225030964,35.527256662248874],[110.56951208177098,35.52506347135314],[110.56839775682451,35.52287982790529],[110.56740655153834,35.52093577894127],[110.56690824693392,35.519958417567985],[110.56485116674344,35.515858781355206],[110.56460584134385,35.51535196153812],[110.56293354577656,35.511896975756116],[110.56150109964614,35.50885264714454],[110.56093554977524,35.50771231903893],[110.55974944569081,35.505320647055385],[110.55937286404969,35.50378539676104],[110.55934754974064,35.50364952623402],[110.55929443816316,35.50336445397679]]],[[[110.56065837289215,35.503219125032935],[110.55940949436182,35.50312884185821],[110.55925052947521,35.503128777682164],[110.55929443816316,35.50336445397679],[110.55934754974064,35.50364952623402],[110.55937286404969,35.50378539676104],[110.55974944569081,35.505320647055385],[110.56093554977524,35.50771231903893],[110.56150109964614,35.50885264714454],[110.56293354577656,35.511896975756116],[110.56460584134385,35.51535196153812],[110.56485116674344,35.515858781355206],[110.56690824693392,35.519958417567985],[110.56740655153834,35.52093577894127],[110.56839775682451,35.52287982790529],[110.56951208177098,35.52506347135314],[110.57063225030964,35.527256662248874],[110.57157295402719,35.52919642276515],[110.57234764069615,35.530828902944855],[110.57319422303335,35.53261280390267],[110.57518873795667,35.53678647187314],[110.57541602481086,35.5372472942452],[110.5763425798967,35.53912581157389],[110.57703631618891,35.54053224503558],[110.57808655654529,35.54263941585161],[110.5783204572947,35.54310869077038],[110.57925387405398,35.54498134634526],[110.57976572256226,35.54602868999777],[110.58022052446172,35.54695928194498],[110.58145843865958,35.54949211866992],[110.582478210541,35.55157849540775],[110.58251681963857,35.55165748504413],[110.58267238411918,35.55197574656165],[110.58360032043794,35.553896446765805],[110.58416201984913,35.55505903783795],[110.5850242044069,35.556843495400166],[110.5852317172623,35.55727297323784],[110.586277597296,35.559408445837995],[110.58631753201803,35.55948998217552],[110.58702728015226,35.56093906948724],[110.58781264441723,35.56254247773429],[110.58787492870238,35.56266963401149],[110.5890737562308,35.565114715110944],[110.58996763832032,35.5669377381602],[110.59061095673704,35.5682496952781],[110.59108587659519,35.56914010087104],[110.5918439165624,35.570561268293304],[110.59197006444819,35.57079776412101],[110.59283861557556,35.57238854244838],[110.59381957017422,35.57418510338694],[110.59414491229458,35.57478093182106],[110.59494872616926,35.57612712653983],[110.59608082769121,35.57802303674599],[110.59608119477629,35.578023534586755],[110.59771721746873,35.58024001805694],[110.59844678338956,35.5812283875411],[110.5987036087476,35.58157314065268],[110.60088640259315,35.58450311228103],[110.60209470091867,35.58612490562116],[110.6031145824003,35.58749374330114],[110.60501577472523,35.589976542267394],[110.60521221957502,35.59023307248544],[110.60811656013084,35.594025516988594],[110.60827596236904,35.594233649570576],[110.60890569757866,35.595090876319524],[110.60910201256429,35.59535810603363],[110.61016151383441,35.5970344359098],[110.61165907834403,35.59940372989324],[110.61171676495519,35.59949499264732],[110.61238860579014,35.60140547402393],[110.61259546579987,35.601993691750025],[110.61404762955443,35.60612275428356],[110.61411336019079,35.606309641913846],[110.6143579704438,35.60699772063883],[110.61481408006306,35.60828070917975],[110.61425819154755,35.61002674415549],[110.61408353104974,35.61057533285536],[110.61421121997813,35.61095779401287],[110.6152683464982,35.61412402685821],[110.61545583444399,35.614685551880285],[110.61548315494468,35.61495292416819],[110.61555960093968,35.61570106159778],[110.61567382015319,35.61681883803884],[110.61562486642795,35.617715832384896],[110.61559699369029,35.61822653028235],[110.61560801795692,35.61906648238822],[110.61562016339329,35.61999187700167],[110.61563348764936,35.621007054851646],[110.6159089373338,35.6220381298326],[110.61674315747335,35.62349069270602],[110.61726634446602,35.62650536230908],[110.61842614830726,35.6331875071909],[110.61782283160089,35.63613804635926],[110.61598546235841,35.64512236877424],[110.61385740881579,35.65022837221667],[110.60686902800961,35.65493701255046],[110.60547797479937,35.655889651362784],[110.60594907796454,35.65622306973435],[110.60624405867492,35.65643183693604],[110.60674822848429,35.6565822898852],[110.60972095977276,35.654584823258034],[110.61201660010111,35.653042194696],[110.61378359910432,35.65185473162011],[110.61438983712048,35.65153975003773],[110.61467945880354,35.65138927102682],[110.61511924663897,35.6511607671281],[110.61573221249239,35.64972126262814],[110.61589531019602,35.64933823150846],[110.61655744662554,35.647783179049846],[110.61679199395483,35.64723231769191],[110.61696525572378,35.64682538918081],[110.61759182040345,35.645353778462855],[110.61796525387805,35.64353418176546],[110.6180234218352,35.64325074757223],[110.6181096953007,35.64283034825857],[110.61890318218461,35.63896363742373],[110.61916126737768,35.637705882311494],[110.61931002381777,35.63698091348778],[110.61949300282339,35.636089144076635],[110.61962387684106,35.63545130098837],[110.61964014610139,35.635372007988146],[110.62006316917386,35.6333102383677],[110.61965769765048,35.63072702834318],[110.61935183288342,35.62877829515231],[110.61891319782255,35.625983485354595],[110.61879294995875,35.6252172815747],[110.61854890648492,35.624266380372354],[110.6185359429757,35.62421586743628],[110.61838269057687,35.623618713293126],[110.61828823902162,35.623250679442194],[110.61812799383027,35.622883414867026],[110.61783766163009,35.62221799651499],[110.61771094491735,35.62192756760149],[110.61762319874313,35.62172645871664],[110.61761787894929,35.62138407553727],[110.61761609628108,35.62126929674903],[110.61823562337204,35.62119495149178],[110.61818570794229,35.62018810113921],[110.61812210448876,35.61890513565775],[110.61801243157964,35.61669283074502],[110.61800217067686,35.6164858280547],[110.61744354714993,35.61464969191771],[110.61667759824421,35.612131963154404],[110.61629997798279,35.61089063915777],[110.61621246150058,35.6106270876818],[110.61650304919695,35.60995913175028],[110.61671807649377,35.609464853147855],[110.6170628084513,35.608672415559035],[110.6165258268475,35.606644649916134],[110.61612099062916,35.60562849172617],[110.61577032941041,35.60474829712939],[110.61558938827207,35.60429410792078],[110.61428041344472,35.6010082289518],[110.61381240608476,35.59983333892152],[110.6135378304705,35.599144023036985],[110.61315302891703,35.59848247826288],[110.61316130174572,35.59847106477718],[110.61354594960012,35.59794038062178],[110.61388961226163,35.59722871510489],[110.61395465650239,35.59645737885554],[110.61396391795843,35.59634755866914],[110.61348057297973,35.59263386545155],[110.6127708822146,35.587180473505384],[110.61211548249993,35.585060727568596],[110.61097093747983,35.58268184806051],[110.6094760292945,35.58033043921192],[110.60496494481465,35.57161623692572],[110.60246544924244,35.56708656415839],[110.60227886406085,35.56665419395492],[110.60056103105345,35.56267327781015],[110.59941984612144,35.5597505738031],[110.5981781429348,35.556516100888416],[110.5972419166774,35.554077178863565],[110.59544757213159,35.55034188357854],[110.59226804531286,35.54372213065485],[110.5920440432481,35.54186127329871],[110.58782421558973,35.53402495966291],[110.58552430124816,35.53058065294148],[110.5842493320895,35.52867114176731],[110.58284477434404,35.52656742578273],[110.58277130515096,35.52644873852598],[110.58024120017716,35.52236123286868],[110.57800113824928,35.51934962305821],[110.57693382981556,35.517914606985926],[110.57680809938213,35.51774555471033],[110.57528018943707,35.51569113640771],[110.5738890194053,35.51382046768531],[110.57259470410744,35.51207994793216],[110.57157163064164,35.51062446610907],[110.56997459322587,35.50835230957598],[110.56901831393282,35.50699170977891],[110.56759897163334,35.50640856911216],[110.56564719549175,35.50559315362752],[110.56292958646164,35.50445770600886],[110.56211447123015,35.504129827313136],[110.56087594729414,35.50335520762204],[110.56065837289215,35.503219125032935]]],[[[110.60638076709654,35.65741244849626],[110.60683737961207,35.65725178113582],[110.60842335251435,35.65798189706866],[110.61624792710676,35.6576725912734],[110.62353033406801,35.65966470322399],[110.62546973664331,35.65984244853573],[110.62714076515623,35.659923945169304],[110.63205454406827,35.65888978981146],[110.63608088375949,35.657642900184406],[110.6386098096797,35.65667755647963],[110.63952448244655,35.65600304198014],[110.64022919545911,35.655232505528524],[110.64051417762201,35.654231781259845],[110.64046986821818,35.65368793648387],[110.64006625163488,35.65247530131464],[110.63956662807679,35.651825168316044],[110.63685438618896,35.64943231397576],[110.6364469157294,35.649087686881266],[110.63594716716982,35.648475693087384],[110.63564622305601,35.64783568218143],[110.63561341762806,35.64733956392834],[110.63556784196396,35.647081876909866],[110.63541705002034,35.64683341148213],[110.63520804224893,35.646537075567075],[110.63546734704313,35.646051380689364],[110.63566678677181,35.645880284679706],[110.63622853628307,35.64570074396369],[110.63684884116996,35.64549276239943],[110.63693159381839,35.645283157556136],[110.63713503958033,35.64422496157723],[110.63762423347546,35.64199434652982],[110.639046619683,35.64011946526022],[110.64071363823732,35.63839791859156],[110.64117246133517,35.63770295182924],[110.64062734712029,35.63418149321073],[110.64093335649656,35.63368638550527],[110.64293901762593,35.62934262958139],[110.64343341155339,35.62851421424456],[110.64257213918691,35.62514444272624],[110.64218564238107,35.624473905171854],[110.64157518268811,35.62359385816922],[110.64099297826927,35.618476826815034],[110.64371470532534,35.60801435922523],[110.64594125432748,35.60065255400859],[110.64967135387654,35.57350142479776],[110.6502206057534,35.57204355953403],[110.65068035274369,35.57102899427022],[110.65066185770979,35.57050265598879],[110.68052609318826,35.57054414142295],[110.68061006331237,35.56180532987835],[110.68157392320596,35.56197145451595],[110.68367600208337,35.56177666795378],[110.68368162436673,35.5603458359811],[110.68489029260782,35.560234534635725],[110.68806000542206,35.560156924250705],[110.68908760428296,35.5600755173984],[110.68921492701705,35.55884531667013],[110.6917902260963,35.55850852372214],[110.69146751649555,35.55590355493929],[110.6903889562515,35.54951920521303],[110.69037243774196,35.54926160902566],[110.68985886392488,35.54645893982185],[110.68983164628332,35.546252829582826],[110.69023081178129,35.54443381099757],[110.69030452491977,35.54422501187477],[110.69004232293473,35.54405246610868],[110.6886780023927,35.543734163437115],[110.68789130577636,35.543445960607606],[110.68669996605462,35.54310662233779],[110.68622884533927,35.542704756959886],[110.68535441173144,35.54247354349299],[110.68504002141496,35.542286711098996],[110.68467412058682,35.54184219186571],[110.68382316163294,35.54120919750871],[110.68302079974055,35.54046304788928],[110.68265531504183,35.53991836315574],[110.68250182118591,35.53888774530693],[110.68228067856089,35.53725599267071],[110.68179713932948,35.53558061831134],[110.68148470709987,35.53490729472465],[110.68080246944754,35.53479102242186],[110.68061161730517,35.53436126084236],[110.68035069261356,35.53394562136208],[110.67941375003886,35.531854088527176],[110.67913607760718,35.531252392470066],[110.67873633584163,35.53053590197775],[110.67770491939528,35.53020405419512],[110.67730364979904,35.529873886104994],[110.67578340970093,35.52922592421151],[110.67508413032158,35.529009413246285],[110.6746477547647,35.52870775889174],[110.67380781769353,35.528648255907385],[110.67309104243033,35.52843168697612],[110.67188534428105,35.527927613923474],[110.67190867141085,35.52649682227266],[110.67117605448358,35.52587956105424],[110.67032204140139,35.5249900990213],[110.66922013413941,35.524801070980516],[110.667768709199,35.52448229380613],[110.6664560151541,35.52447867189725],[110.66512344381277,35.525047321402845],[110.6638431795713,35.525659027181796],[110.66307275503127,35.52572842005215],[110.6625310670322,35.525512277359674],[110.66221751435447,35.525153686358095],[110.66186841996907,35.524923770837624],[110.66160702176872,35.52465117595237],[110.66061015604784,35.524462364856205],[110.65987504860374,35.524460295119184],[110.65824706706584,35.52451292694758],[110.6572667387421,35.52455307158059],[110.65661993578294,35.524365219909825],[110.65616621282041,35.52404913938542],[110.65586989183863,35.523762123495175],[110.65520669931048,35.523316666508045],[110.6527863256871,35.52041939551186],[110.64996590096952,35.51699150071503],[110.64921740801492,35.51605927143287],[110.64799510534432,35.515426132388136],[110.64712214233626,35.51495140115113],[110.64551366896647,35.514588972430644],[110.64457041408335,35.51418555692354],[110.64394242437396,35.51372582965104],[110.64244362452058,35.51231915764956],[110.64185244035458,35.51145889106112],[110.64036719839102,35.510953671658584],[110.64000149422151,35.51055194071781],[110.63986328763563,35.51015088890208],[110.63963707339038,35.50986404294981],[110.63876434821226,35.50936063188864],[110.63710539553217,35.508582991546895],[110.63550019987441,35.507533626671595],[110.63386082914293,35.50631243325623],[110.6333025007443,35.50595302432544],[110.63133956178551,35.50441479089607],[110.6311578409889,35.50427238315064],[110.62958859188355,35.50305134576453],[110.62922186253603,35.50289282579066],[110.62919883825565,35.50302116626031],[110.62915002817982,35.5032932446471],[110.62917838131806,35.50473849752928],[110.62889143220532,35.5062543241191],[110.62839350613764,35.506932732505305],[110.6280726146884,35.507369929442774],[110.62762354315704,35.507981754534896],[110.62643017573907,35.50987390182172],[110.62556095760341,35.511252030792846],[110.62523290698354,35.51126149696462],[110.62461583639569,35.51127929978632],[110.6239139609479,35.51168252332832],[110.62335445731094,35.51282546201881],[110.62324456336064,35.5135467739335],[110.62314382680404,35.51420796418428],[110.62287764306716,35.51499410175861],[110.6224376755234,35.5155173723383],[110.62155962593224,35.516158505185324],[110.61939540304782,35.519833077996424],[110.61823690332987,35.52179990671588],[110.6078699591543,35.51816567182635],[110.60457784912867,35.51711811106055],[110.60256952213611,35.51647899636752],[110.60231159775556,35.51554809194069],[110.60233730235853,35.51542172166769],[110.60249095211707,35.514666323523684],[110.59956884790175,35.51223681573091],[110.59915047408028,35.51188895221522],[110.59773439254614,35.510128025936886],[110.59720836742964,35.509473879142654],[110.59697862025605,35.50875768410736],[110.59636925720586,35.50813561000177],[110.59561252553175,35.50782305737643],[110.59317347461624,35.50858503974892],[110.59251612678031,35.508790389750466],[110.59065959837532,35.509109109899235],[110.58965540466109,35.50928149156044],[110.58259532782002,35.50966268081472],[110.57965111964496,35.50936628742381],[110.57565837308776,35.50880381455567],[110.57137682331313,35.507715538472404],[110.56901831393282,35.50699170977891],[110.56997459322587,35.50835230957598],[110.57157163064164,35.51062446610907],[110.57259470410744,35.51207994793216],[110.5738890194053,35.51382046768531],[110.57528018943707,35.51569113640771],[110.57680809938213,35.51774555471033],[110.57693382981556,35.517914606985926],[110.57800113824928,35.51934962305821],[110.58024120017716,35.52236123286868],[110.58277130515096,35.52644873852598],[110.58284477434404,35.52656742578273],[110.5842493320895,35.52867114176731],[110.58552430124816,35.53058065294148],[110.58782421558973,35.53402495966291],[110.5920440432481,35.54186127329871],[110.59226804531286,35.54372213065485],[110.59544757213159,35.55034188357854],[110.5972419166774,35.554077178863565],[110.5981781429348,35.556516100888416],[110.59941984612144,35.5597505738031],[110.60056103105345,35.56267327781015],[110.60227886406085,35.56665419395492],[110.60246544924244,35.56708656415839],[110.60496494481465,35.57161623692572],[110.6094760292945,35.58033043921192],[110.61097093747983,35.58268184806051],[110.61211548249993,35.585060727568596],[110.6127708822146,35.587180473505384],[110.61348057297973,35.59263386545155],[110.61396391795843,35.59634755866914],[110.61395465650239,35.59645737885554],[110.61388961226163,35.59722871510489],[110.61354594960012,35.59794038062178],[110.61316130174572,35.59847106477718],[110.61315302891703,35.59848247826288],[110.6135378304705,35.599144023036985],[110.61381240608476,35.59983333892152],[110.61428041344472,35.6010082289518],[110.61558938827207,35.60429410792078],[110.61577032941041,35.60474829712939],[110.61612099062916,35.60562849172617],[110.6165258268475,35.606644649916134],[110.6170628084513,35.608672415559035],[110.61671807649377,35.609464853147855],[110.61650304919695,35.60995913175028],[110.61621246150058,35.6106270876818],[110.61629997798279,35.61089063915777],[110.61667759824421,35.612131963154404],[110.61744354714993,35.61464969191771],[110.61800217067686,35.6164858280547],[110.61801243157964,35.61669283074502],[110.61812210448876,35.61890513565775],[110.61818570794229,35.62018810113921],[110.61823562337204,35.62119495149178],[110.61761609628108,35.62126929674903],[110.61761787894929,35.62138407553727],[110.61762319874313,35.62172645871664],[110.61771094491735,35.62192756760149],[110.61783766163009,35.62221799651499],[110.61812799383027,35.622883414867026],[110.61828823902162,35.623250679442194],[110.61838269057687,35.623618713293126],[110.6185359429757,35.62421586743628],[110.61854890648492,35.624266380372354],[110.61879294995875,35.6252172815747],[110.61891319782255,35.625983485354595],[110.61935183288342,35.62877829515231],[110.61965769765048,35.63072702834318],[110.62006316917386,35.6333102383677],[110.61964014610139,35.635372007988146],[110.61962387684106,35.63545130098837],[110.61949300282339,35.636089144076635],[110.61931002381777,35.63698091348778],[110.61916126737768,35.637705882311494],[110.61890318218461,35.63896363742373],[110.6181096953007,35.64283034825857],[110.6180234218352,35.64325074757223],[110.61796525387805,35.64353418176546],[110.61759182040345,35.645353778462855],[110.61696525572378,35.64682538918081],[110.61679199395483,35.64723231769191],[110.61655744662554,35.647783179049846],[110.61589531019602,35.64933823150846],[110.61573221249239,35.64972126262814],[110.61511924663897,35.6511607671281],[110.61467945880354,35.65138927102682],[110.61438983712048,35.65153975003773],[110.61378359910432,35.65185473162011],[110.61201660010111,35.653042194696],[110.60972095977276,35.654584823258034],[110.60674822848429,35.6565822898852],[110.60624405867492,35.65643183693604],[110.60594907796454,35.65622306973435],[110.60547797479937,35.655889651362784],[110.60378663881109,35.654692586883726],[110.60286401816933,35.65403956563922],[110.59901474658871,35.65885976435777],[110.60033717604071,35.659958479347154],[110.60156654655808,35.65953330773397],[110.6041448086378,35.65813960820454],[110.60462452272358,35.65803625728404],[110.60638076709654,35.65741244849626]]],[[[110.36239241957696,35.112513445318946],[110.36210875412364,35.11182201363719],[110.36192226896918,35.11227137613738],[110.36170194108658,35.112802282591346],[110.36089075659544,35.11335892426387],[110.35887830750946,35.11417249823229],[110.35764989460209,35.114486517593825],[110.35619858077527,35.11479934078619],[110.35324453875837,35.114875193215774],[110.3519848142434,35.11489112345115],[110.35055292001486,35.114909215303065],[110.35141718806003,35.11602082430934],[110.35249250619056,35.11950843880692],[110.35350609479868,35.12347267987148],[110.35480064255947,35.128630824495374],[110.35597247329129,35.13464683991493],[110.36328776956151,35.16319591275468],[110.3715085208982,35.19821240345893],[110.37662064525551,35.22225863795226],[110.3772238577915,35.223498711278495],[110.37905252120167,35.22951780380333],[110.38072428008968,35.23900594093417],[110.38083349652689,35.23989087844003],[110.38173088130974,35.24013433281581],[110.38193489445477,35.24018967905303],[110.39227597601477,35.24299454140605],[110.39384595393052,35.243420280459546],[110.396405582431,35.243127926940566],[110.39487272669399,35.2361155862507],[110.3937850852601,35.2325647930005],[110.39281450664663,35.22939590859085],[110.3926253273605,35.22877822110055],[110.391526822176,35.226426058230146],[110.3908128204909,35.22413628809277],[110.38900658115789,35.21834318652193],[110.38810963424058,35.214279491158834],[110.38738780178946,35.21100887865455],[110.38701506371589,35.20969380963335],[110.38664050371858,35.20837226654089],[110.38460980029271,35.20023452771829],[110.38408351116368,35.19735284068774],[110.38334968665147,35.19333446946525],[110.38293588018053,35.191068325319826],[110.38098130449264,35.18218683069613],[110.37969950663273,35.177533220609355],[110.37885887715208,35.1744809986867],[110.37847125158427,35.173073502832864],[110.37723363413133,35.16782171416315],[110.37705331107544,35.167056465619275],[110.37499789945345,35.15720455127448],[110.37442859573787,35.15447537797237],[110.37441767917663,35.15442304375879],[110.37349120117112,35.14998123045872],[110.37343431038421,35.14970846484938],[110.37268537010478,35.14611745153716],[110.37199989481832,35.14283046495238],[110.37185479064026,35.142134628047636],[110.37129433092078,35.13944687719275],[110.3712607081855,35.13928563072876],[110.37083379255222,35.13723818162883],[110.37048468852785,35.135563836239115],[110.3701807153385,35.134105884566104],[110.36948563032493,35.13077185482609],[110.36936863877878,35.13021066784174],[110.36931265157928,35.12994210904139],[110.36930300673569,35.129895841457305],[110.36930214655806,35.129891716930565],[110.36929769548405,35.129870367030684],[110.36929634652186,35.12986389556053],[110.36929478490248,35.12985640356188],[110.36929375970043,35.129851484090864],[110.36929342010967,35.12984985088821],[110.36927489752435,35.12976099629536],[110.36822871564503,35.12539651365303],[110.36666610535465,35.12179738482503],[110.36430022089426,35.117870046001904],[110.363604931951,35.116507991848216],[110.3629382400125,35.11505450603549],[110.36240610834214,35.11302173046434],[110.36239241957696,35.112513445318946]]],[[[110.43119457054743,35.26808660576722],[110.43054624549572,35.267986256755535],[110.430029711293,35.268000994826444],[110.42802972240621,35.26758518810392],[110.42754880841878,35.26749706123333],[110.42704712030223,35.26738594033706],[110.42656641025285,35.267269192454854],[110.42567111298806,35.266566678619284],[110.42509368228528,35.2663121014778],[110.42396033375739,35.265722915065],[110.42302154216053,35.265254838155506],[110.42245865528697,35.26492018880794],[110.42186002621753,35.264705560939134],[110.42124687533918,35.26457098876591],[110.4203009716557,35.264125750523284],[110.41726785450062,35.26280050017189],[110.41628788450548,35.26224631945522],[110.41486096418573,35.26174148296601],[110.41410836851567,35.261594754319695],[110.41325090200775,35.26147612878925],[110.41266636253245,35.261250076097696],[110.41148596527613,35.260434464469704],[110.4107023108807,35.259761002005135],[110.41025595160647,35.259246572475334],[110.40953684256112,35.25833589070952],[110.4088608802035,35.25773162298306],[110.4085086384583,35.25723195709761],[110.4080957651916,35.25643437114493],[110.40778408568904,35.25611519075446],[110.40763069405047,35.255849570869486],[110.40743080419546,35.255398042974015],[110.40734895129316,35.25531281983026],[110.40707784933844,35.25503055287038],[110.40656064860559,35.2544920457432],[110.40555736599038,35.25344740561811],[110.40534560368397,35.25322690951482],[110.40376281249382,35.25157878912878],[110.40354519863051,35.2513521860633],[110.4034788449621,35.25128309115951],[110.40250025715888,35.249858472743064],[110.40177998172307,35.248809865738785],[110.4016379126159,35.24860303193927],[110.40098144315601,35.24813455478369],[110.40064734952533,35.24789613207577],[110.39942241972041,35.2470219506533],[110.39937534434435,35.2469883542978],[110.39863911504916,35.24646292272918],[110.39836383920456,35.24626646167212],[110.39822413502047,35.246166755071876],[110.39782272359929,35.24588026799501],[110.39780940173863,35.24587076027543],[110.39766216746958,35.24576567878243],[110.39705487522227,35.245332247071964],[110.397002935006,35.24529517616665],[110.3969506385426,35.24525785109149],[110.39688531929384,35.245210874548725],[110.39685642247638,35.2451900927833],[110.39685760341081,35.24519145066389],[110.39698235684331,35.24533487907515],[110.39707827455508,35.24544515519333],[110.39761850556796,35.24606625062362],[110.39822308095248,35.24676130765602],[110.39931724174978,35.248019183725006],[110.40043890400266,35.24935629126696],[110.40353052682393,35.25304146200523],[110.41049473746676,35.26086971572949],[110.41118212053625,35.26164227986829],[110.4116789133925,35.26180408191788],[110.41356076976457,35.26241696497622],[110.41434210224777,35.26271035790063],[110.41682707729419,35.26364342703894],[110.41767853761951,35.263963119950475],[110.4197600550251,35.26493232269664],[110.4211163508135,35.26556381403681],[110.4234747873362,35.26666184352042],[110.42521349016558,35.267442133489105],[110.42651743443386,35.26802728756967],[110.427127052464,35.26830085079817],[110.43055472753613,35.26874689986624],[110.43131053603008,35.26884524120374],[110.43241023563245,35.26945398342156],[110.4332223522645,35.26990352094019],[110.43431718405773,35.271189872340486],[110.4354199846741,35.27248553549298],[110.43618952167206,35.273389622174214],[110.43697213449501,35.27430904497335],[110.43705354750757,35.27437531991959],[110.4395555173492,35.27641200559305],[110.4400953381716,35.27685141751831],[110.44040439110206,35.277385469979414],[110.44158984748604,35.27943389864899],[110.44168628452107,35.27957359705048],[110.44226367072959,35.28040998466733],[110.44236524826825,35.28055712504118],[110.44248177718812,35.28072592282671],[110.44253581729276,35.28080420157586],[110.4434431289091,35.28211845573607],[110.44383602699524,35.282687558945966],[110.4432507825486,35.28320952115017],[110.44267034387464,35.28345993459599],[110.44236633501848,35.283591088998975],[110.44150057421047,35.28396458499659],[110.4413817576673,35.284033901806716],[110.44028862344123,35.284671615487184],[110.4400405089036,35.28481635771913],[110.43863729328037,35.28590657712103],[110.43863620753041,35.28590685059214],[110.43837653721427,35.286051158967304],[110.43800661042253,35.28625673958994],[110.43911586789162,35.28712809328388],[110.43913272520065,35.287150721727784],[110.43916908852506,35.287175019732835],[110.43920339990748,35.2871978291376],[110.43964473807723,35.28688862396868],[110.44026041549184,35.28645726868562],[110.44090376013939,35.28606044081853],[110.44224684911742,35.28530350960477],[110.4459818948919,35.28350823424668],[110.44559899020258,35.283165112255105],[110.44530704544961,35.28290349497039],[110.44497435629799,35.28255855883609],[110.44444990924757,35.28167473365502],[110.44312460891997,35.27950515959642],[110.44244830086677,35.27838023864298],[110.4416487388869,35.27691133729198],[110.44084535167202,35.27600331365198],[110.43929036087326,35.274782734485555],[110.4381925551185,35.27406792767178],[110.43745728260805,35.273412033294576],[110.4367933966701,35.27252752490693],[110.4361851450494,35.27167379918552],[110.43523375733614,35.27065439393898],[110.43460325434035,35.26965937487752],[110.43310291090728,35.26863929516641],[110.43228195025769,35.268274864733314],[110.43119457054743,35.26808660576722]]],[[[111.11084946102993,34.781491241325675],[111.11115399532407,34.781470041792446],[111.11119642174734,34.78147087020789],[111.11121210111465,34.781327072024006],[111.11124870544407,34.78105614252436],[111.11129229499922,34.78078591693151],[111.1113423099941,34.78051938935086],[111.1113908721683,34.78030854170106],[111.11144655970301,34.78009703938422],[111.1115089250203,34.779886810027016],[111.11157792456349,34.77967799608295],[111.11165351259253,34.77947074000656],[111.11173563572267,34.77926518515985],[111.11182423947129,34.779061469496455],[111.11191926280638,34.77885973367945],[111.11202327497001,34.77865492650023],[111.11211561243644,34.778473700197736],[111.11221108138312,34.77830032587116],[111.1123124984025,34.7781292662222],[111.11241978062542,34.77796066013077],[111.11253284190522,34.77779464467648],[111.11265158953925,34.77763135424019],[111.11277592645501,34.77747092140357],[111.11290575230284,34.77731347694811],[111.11304552182159,34.77715394445246],[111.11305736038621,34.777139875877104],[111.11306336411347,34.77713227947771],[111.11318196483164,34.77697886365683],[111.11330156167377,34.776835203716765],[111.11342702174501,34.776694990616996],[111.11355819995515,34.776558386729874],[111.11369494356525,34.77642555082906],[111.11384335951003,34.776290955110646],[111.11384439933175,34.77629000945426],[111.11418720627047,34.775977346827595],[111.11536754595419,34.775132551762674],[111.11635699231232,34.77453188977333],[111.1168943304674,34.774251647520764],[111.12032644941281,34.77246157293543],[111.12033291591251,34.77245814747127],[111.12069293343892,34.772264461591234],[111.12068090406126,34.772207622071974],[111.12064020989659,34.772050251623746],[111.12038303562893,34.771355103774084],[111.11973951482508,34.77170131088441],[111.11856507138371,34.77231387766309],[111.11575701026497,34.773778424217994],[111.11574485513317,34.773784951212406],[111.11572514500786,34.77379637286697],[111.1147024975508,34.77441718789849],[111.11469317719484,34.77442297295518],[111.11466827854095,34.774439760048594],[111.11451950503866,34.77454624196999],[111.11392249025435,34.77480625674166],[111.11332296897619,34.775062318201144],[111.11308369242123,34.77515408311641],[111.11284694265166,34.775250207171695],[111.11261283756015,34.775350643398845],[111.1123814906679,34.77545534213023],[111.11215301658811,34.77556425189509],[111.11191949462837,34.775594591223445],[111.11168690061602,34.77562944624916],[111.11145536230511,34.775668797029454],[111.1112250074492,34.77571262272096],[111.11104755054627,34.77577291818942],[111.10920451441055,34.77639911980951],[111.1088408501827,34.776502955988754],[111.10828786449898,34.77658441791342],[111.10798992196348,34.776628306594525],[111.10740910905618,34.77670870841019],[111.10690494225291,34.776741996170486],[111.10647668366761,34.77674237148053],[111.10586787089731,34.77671953862468],[111.10585745159462,34.776719229485],[111.10482447319671,34.776696773012596],[111.10420577000673,34.776641821100135],[111.10379360514528,34.776574179375665],[111.10372777265293,34.776567013338116],[111.10150476304061,34.77643787887546],[111.10062875067594,34.776379363233666],[111.0992046831791,34.77627197984201],[111.09857834876684,34.77622474509869],[111.097973513415,34.776179128607275],[111.09627010041008,34.776043003505364],[111.09531546070883,34.77596670429133],[111.09530747740878,34.775966115606565],[111.09244995107518,34.77577255850153],[111.09130347192311,34.77569488150233],[111.08952075208994,34.775576008751905],[111.0895262903018,34.776480741853376],[111.09054929079667,34.77654895894025],[111.09092728690891,34.776574162951874],[111.091214771953,34.77659333104971],[111.0935822366418,34.7767537197411],[111.09469346364884,34.776828985981325],[111.09521411491012,34.77686424803354],[111.09725167436171,34.777027087274774],[111.09787113634411,34.777076586095205],[111.09904132295205,34.77716483485722],[111.10053496137719,34.777277459419274],[111.1006268419991,34.77728359697015],[111.10142232076663,34.77733673246987],[111.10268681149817,34.777410198836996],[111.10361666371683,34.77746421346104],[111.10401890233308,34.77753022637947],[111.1040646244261,34.77753591580347],[111.10472952850553,34.77759497159076],[111.10475425796963,34.777596700864244],[111.10477359909913,34.77759740355029],[111.10479686090531,34.77759790995531],[111.1056580318803,34.777616631677894],[111.10582347133727,34.777620228858545],[111.10643976366578,34.77764334203786],[111.10646514486065,34.77764380660876],[111.10692763341576,34.77764340037352],[111.10696193296194,34.77764248054521],[111.10697062300935,34.77764196451123],[111.1075197842637,34.777605705344],[111.10756658881766,34.7776009306629],[111.10792681521417,34.77755105740547],[111.10817630749122,34.7775165145562],[111.10907501823179,34.777384137487786],[111.10911675089893,34.777376588590805],[111.10915764211263,34.777366372242724],[111.10957661419172,34.7772467457356],[111.10960596462924,34.777237577153635],[111.11056149659288,34.77691292359713],[111.11090349873459,34.77679672197294],[111.11271953348941,34.77598068054347],[111.11270772373398,34.77599255771924],[111.11256498124362,34.776141202597046],[111.11255938058873,34.776147136389106],[111.11255366895591,34.776153404708865],[111.11241714737547,34.77630597743829],[111.11240634564669,34.776318490053235],[111.11227620534588,34.77647481383112],[111.11227193101918,34.77648002525361],[111.11226592617511,34.77648762251727],[111.11215085678982,34.7766364676324],[111.11201583026651,34.776790586255224],[111.11200689165794,34.77680110048309],[111.11186830774855,34.77696916351138],[111.11186540765213,34.77697271685384],[111.11185973645199,34.77697988381492],[111.11172701192609,34.77715113591233],[111.1117188133931,34.777162053273656],[111.11159205624287,34.77733635644462],[111.11158708283595,34.777343335258465],[111.11158423811018,34.777347461843846],[111.11146355086262,34.777524673590314],[111.11145611967592,34.77753595890989],[111.11134159939756,34.777715935836824],[111.11133505983821,34.77772655148265],[111.11133456060782,34.777727391157406],[111.11122630217962,34.77790998716701],[111.11121966233169,34.77792160346954],[111.11111775189535,34.77810667066844],[111.11111151534686,34.778118437133074],[111.1110160368594,34.778305825826365],[111.11101578951217,34.778306310112214],[111.11090889432367,34.77851678897624],[111.11090780036385,34.77851896058207],[111.11090355133531,34.778527708186004],[111.11080335558059,34.778740419963675],[111.11079836012766,34.778751450627674],[111.11070493357747,34.778966249243304],[111.11070162283914,34.77897408555647],[111.11070028892908,34.778977383246705],[111.11061369370927,34.779194122630585],[111.11060940313581,34.77920535275989],[111.11052970027964,34.77942388503954],[111.1105257670517,34.77943520408121],[111.11045300994468,34.779655379587155],[111.11045222979293,34.77965776453928],[111.11044943623916,34.779666779427146],[111.11038367499013,34.77988844759043],[111.1103804629853,34.779899921016096],[111.11032174224117,34.78012293037012],[111.11031966978351,34.78013117298916],[111.11031889520666,34.780134469266315],[111.11026725524596,34.780358668347326],[111.11026408310168,34.78037385015635],[111.1102117464331,34.780652733304656],[111.1102100885985,34.78066223392175],[111.11016496011423,34.780941974067126],[111.11016478025269,34.78094310099918],[111.11016354812423,34.780951502404555],[111.11012565067138,34.781231971533416],[111.11012448561385,34.78124152218196],[111.11009383548769,34.78152259408825],[111.1100929162667,34.78153216254201],[111.1100695275758,34.7818137092175],[111.11006937924084,34.78181554283035],[111.11006885528163,34.781823291870005],[111.11005273885758,34.782105185308126],[111.11005231457939,34.78211477765143],[111.11004347797655,34.78239688984726],[111.11004330061844,34.78240648737536],[111.11004174811627,34.7826886921284],[111.1100417427491,34.782691232321206],[111.1100418187674,34.78269829033326],[111.11004427125441,34.78281901104299],[111.11041601843054,34.782710475759664],[111.11041992580382,34.78270586418115],[111.11053547889223,34.78256946533816],[111.11061728936191,34.782400327000445],[111.11062761819933,34.78237897210224],[111.11055384410186,34.78215877290409],[111.11053940436322,34.78211567402978],[111.1105086755433,34.78202395588401],[111.11050515587434,34.78200630756533],[111.11048093618199,34.78188485662876],[111.11043985307036,34.78167885020049],[111.11044352494307,34.78162955477534],[111.1104722962974,34.78159713811239],[111.11060371872063,34.781550566141874],[111.11062121832988,34.781544364729136],[111.11066102679136,34.78153025745514],[111.1107656201476,34.781508601378206],[111.11084946102993,34.781491241325675]]],[[[110.49931723348871,34.61736244992281],[110.4993393168769,34.61722677108202],[110.49953058433489,34.61713264815077],[110.50011167264212,34.6170764288154],[110.50011755158025,34.61677530201862],[110.50019272503985,34.61667019792855],[110.50031755785007,34.61662834488755],[110.50044438534937,34.61661915772528],[110.5006984913389,34.61669534015341],[110.5007015337305,34.616940192195166],[110.5007019970064,34.61705528932876],[110.5009015590334,34.61703567867963],[110.50112132356809,34.61701636846695],[110.50129916837123,34.61699425793524],[110.50145469164482,34.616978457867575],[110.50161265795433,34.61695251028997],[110.50179554155075,34.61692776130681],[110.50196328988049,34.61691303093112],[110.5021259314991,34.616898749127316],[110.50228857307003,34.616884466204766],[110.50245185932444,34.61687012710156],[110.50261587980302,34.616857354750955],[110.5027794087827,34.61684599451713],[110.50294247194432,34.61683466642018],[110.50310697480272,34.61682344312619],[110.50327169950901,34.616815788366345],[110.50343570434836,34.61680816741233],[110.5036009353849,34.6168022666451],[110.50376636633327,34.61679923030465],[110.50393196673727,34.61679813249964],[110.50409835120018,34.616800318855866],[110.50426371936878,34.61680637158834],[110.50442569305635,34.616813378441364],[110.50458304638906,34.61681588711904],[110.50473753181687,34.61680816175395],[110.5048910457623,34.616790144249116],[110.50504269689185,34.61676264588265],[110.50519078040004,34.616725755297885],[110.50533324920511,34.61667899456263],[110.50546724521722,34.61662148223183],[110.50558857028065,34.61655215746487],[110.50569175844514,34.616469913733305],[110.50577280127953,34.616373145625346],[110.50583386855627,34.61626241545085],[110.50588131392482,34.61614101304626],[110.50592277525412,34.61601244526873],[110.50596651918468,34.61587916954221],[110.50602174266633,34.61574340996976],[110.50609887432029,34.61560910833615],[110.50620687206704,34.615485140266614],[110.50634242442594,34.615383480378206],[110.50648878300964,34.615302603218865],[110.50663755484793,34.615234336711715],[110.50678595271418,34.61517247856836],[110.5069322304175,34.615112888682695],[110.50707431459655,34.61505235681043],[110.5072089554711,34.614987845545926],[110.50733081772864,34.6149160846187],[110.50743289872909,34.61483328593433],[110.50751064514213,34.6147359624631],[110.50756578158939,34.61462546163695],[110.50760151580783,34.61450567347818],[110.50762171802401,34.61438000750322],[110.50763054814966,34.6142504519336],[110.50763245808528,34.61411755117358],[110.50763334252477,34.61397902496154],[110.50764064074443,34.61390855096068],[110.50765884353103,34.61371614591955],[110.50769640444453,34.61356479974847],[110.50779894172612,34.61344739310923],[110.50799710100631,34.61333763035212],[110.50825103575428,34.61331606706064],[110.50902410125063,34.61325042054781],[110.51106287964572,34.61308929477835],[110.5113471277428,34.613066637700705],[110.51166757055448,34.61300397699022],[110.51177606370193,34.61298316813106],[110.51190444185282,34.612928642348585],[110.51203190368939,34.61286019109179],[110.512156805323,34.61277607614377],[110.51231439231262,34.612683125210104],[110.51253605059222,34.61265864304673],[110.5127302111804,34.61274594597579],[110.51283569110713,34.612865693918565],[110.51291775002275,34.61293361253398],[110.5130030607034,34.612975336821705],[110.51317546019992,34.612996103317585],[110.5134985189321,34.61299965280029],[110.5143556026771,34.61296126292026],[110.51476057050093,34.61294800432523],[110.51555584282784,34.61288065592816],[110.51585312687611,34.61284092376338],[110.51593056628805,34.61279410071501],[110.51602202388112,34.61272131797452],[110.51617207568678,34.61263645943274],[110.5163355735177,34.612575354394515],[110.51649959168311,34.6125325925835],[110.51665930363448,34.612496114482894],[110.516816246151,34.61246075289234],[110.51696990383292,34.612423443625936],[110.51711870764333,34.61238156543861],[110.51725936949437,34.612332245101555],[110.51738595879604,34.61227197605854],[110.51749046915292,34.61219704254551],[110.51756919499744,34.61210135252738],[110.51763189046804,34.6119891867473],[110.51768548550488,34.61186506985834],[110.51774607039133,34.611730935941836],[110.51783813331663,34.611598047777896],[110.51796774352208,34.61148644461983],[110.51811508591155,34.611401433226035],[110.51826006005659,34.611334702310174],[110.51835361212753,34.61128563636571],[110.51835563956871,34.61127514992444],[110.51829524583334,34.61125032679176],[110.518143966628,34.61122366816385],[110.51800551533444,34.611188228721076],[110.51763999912302,34.6107861382623],[110.5178612950384,34.61045374897292],[110.51876101644466,34.610381180857566],[110.51888971829302,34.61034787310768],[110.51903913596892,34.61030631316876],[110.51918194996473,34.61026224989147],[110.51931490230612,34.61021231894628],[110.51943513465513,34.61015569962241],[110.51953769955718,34.610090464146616],[110.5196220750535,34.610014672433586],[110.51968932312626,34.60992642397992],[110.51974273653475,34.60982323571532],[110.51978822379617,34.60970542748389],[110.51983434930456,34.6095712337457],[110.51990137356434,34.60942251815694],[110.52000184663738,34.6092834919902],[110.52010533563512,34.60917202530445],[110.52018321215209,34.60907739928211],[110.5202402019546,34.60897375790449],[110.5202994105337,34.60884486173854],[110.52038507746663,34.60870056405105],[110.52051247360238,34.60856117813499],[110.52068029741619,34.60845072456746],[110.52086332913152,34.60837719898894],[110.52104299216073,34.60833073527054],[110.52121479841344,34.60829817927203],[110.52138130085469,34.60827220700493],[110.5215431806351,34.60824906940924],[110.52169858536926,34.60822573764708],[110.52184232726664,34.60819885792238],[110.52196451923426,34.608164562261926],[110.52206074229653,34.608117368047495],[110.52214996039555,34.608042585086274],[110.52227758158683,34.607918987631905],[110.52250069147973,34.60782029802141],[110.5226625053424,34.607815330612596],[110.52275595661806,34.60781246185771],[110.52299016668468,34.60788321428755],[110.52316090612976,34.6080148487326],[110.5232697139053,34.60815271683954],[110.5233498718389,34.608275817467934],[110.52341793105822,34.60837247419588],[110.52348112632185,34.6084283816561],[110.52354412853771,34.60845091737545],[110.5236257055072,34.60844938167605],[110.52383336766573,34.60839191303147],[110.524120011052,34.60850612666653],[110.52421065741015,34.60869216043871],[110.5242587955387,34.60877852940804],[110.52428609985814,34.60879956077697],[110.52431293807828,34.608800620934765],[110.52438548014698,34.608772560068566],[110.52452609167106,34.608675554426924],[110.52479799634291,34.60861512899874],[110.52505933515663,34.608704971757085],[110.52522229137085,34.60885009808491],[110.52531851869628,34.60900330823469],[110.52537893230765,34.609148874582814],[110.52542476113327,34.60928515081633],[110.52546651964825,34.60941423401048],[110.52550936269084,34.609533424602155],[110.52555755462963,34.60963269543685],[110.52561363119997,34.609700582963455],[110.52569740287899,34.60974948583927],[110.52584537044032,34.60980477239594],[110.52602624113013,34.609908074187175],[110.52614819127297,34.61004850936761],[110.52622963240754,34.610158865048604],[110.52630167075287,34.61023129705199],[110.52638398059408,34.61027495016038],[110.52649951475924,34.61030395952259],[110.52664797261838,34.61032672250393],[110.52682025909166,34.610352654305544],[110.52701726159032,34.61040119220271],[110.52720695823473,34.61050110463183],[110.52733976049379,34.61062866948802],[110.52742759983464,34.6107272034604],[110.52749081450608,34.61077296872753],[110.52756433635965,34.610787049839715],[110.52767678348383,34.61078091559492],[110.5278044849673,34.61075586608103],[110.52793048735641,34.61071662675454],[110.52804931732884,34.61066340000231],[110.52819121557351,34.61057986340955],[110.52843200556785,34.61049583994594],[110.52867263306914,34.610550062342114],[110.5287925882027,34.61059280999122],[110.52889141422699,34.61059186924254],[110.52902725289513,34.61057203399203],[110.52917372069356,34.610541757777],[110.52932307425706,34.61050493010527],[110.52947419548208,34.61046415719629],[110.52962621177177,34.61042085453056],[110.52977901366177,34.61037606373632],[110.52993257008093,34.610330459862254],[110.5300869112966,34.61028466861473],[110.53024226365449,34.610239153296114],[110.53039900628556,34.61019435165422],[110.53055813575922,34.610150834518045],[110.53072172527051,34.61010966092059],[110.53089383806913,34.61007319289091],[110.53107529672272,34.61004813118348],[110.53125202567794,34.61003897480455],[110.53140628365523,34.6100337774856],[110.53154826982848,34.61001648974073],[110.5316962349827,34.60998871860688],[110.53185051018922,34.60995556923228],[110.5320083198109,34.6099206925569],[110.5321689612172,34.60988592388973],[110.5323328922796,34.60985302006008],[110.53250005299111,34.609823740417426],[110.53266983346322,34.609799526704414],[110.53284172224181,34.60978118373231],[110.53301636492355,34.60976946846098],[110.5331925749685,34.60976639464225],[110.53336926509198,34.609771633596],[110.53354660364701,34.60978647861558],[110.53371923954882,34.60981114361964],[110.53388340156434,34.609839784668075],[110.5340369140816,34.609866838870055],[110.53416998277058,34.609883205885815],[110.53427252214243,34.60987861424195],[110.53437420377932,34.609843305691],[110.53448480052424,34.60978942914647],[110.53452939838164,34.6097571225567],[110.53505248314022,34.609597316580384],[110.53604274564464,34.60946997411635],[110.53680695317703,34.60943079631817],[110.53722098923333,34.60943600026519],[110.53770954203553,34.60950329179204],[110.53816787267313,34.609716424859364],[110.53826009880146,34.60988138873655],[110.53827941980164,34.609838595212544],[110.53837559390689,34.60969493842437],[110.53850228827555,34.60956572074308],[110.53865271645122,34.609457156117536],[110.53881450773439,34.60937388604268],[110.53897389450694,34.60930701541348],[110.53913181848004,34.60924911459731],[110.53928789058615,34.609196809877695],[110.53944123706972,34.60914722870865],[110.53959128766196,34.60909841104036],[110.53973589698393,34.60904873252573],[110.53987074635636,34.60899644524785],[110.53999529897303,34.608936482975125],[110.54012137835944,34.608862770489814],[110.54026703148112,34.60877846769925],[110.54043885559331,34.60870371391733],[110.54062398098881,34.608651634994565],[110.54080039716132,34.60862372373395],[110.54089215370273,34.608609917476635],[110.54456671494152,34.60860170707183],[110.54476245862612,34.60863795218831],[110.54496972266233,34.60863872536422],[110.54526441891227,34.608605640009074],[110.5455129650917,34.60854983723713],[110.54558803270113,34.60850553835929],[110.54577515346907,34.608370877998766],[110.54600958600236,34.60829411927084],[110.54620301510758,34.60831110880426],[110.54617424281044,34.60821524001391],[110.54614060116066,34.608075961795045],[110.54611239681272,34.60793806044631],[110.54608809425659,34.607801011935706],[110.54606602309988,34.60766243477865],[110.54604886616765,34.607513559915866],[110.54605531754893,34.607324174209225],[110.54617452641676,34.60714400773609],[110.54623447668824,34.607098636298915],[110.54623310567814,34.607091128584294],[110.54617938168077,34.60700185560008],[110.5461025300471,34.60689587505605],[110.54601804825997,34.60679166532973],[110.54592660356028,34.60669183042061],[110.5458295046045,34.60659670240431],[110.54572682487101,34.60650860453071],[110.54561505514874,34.60642629326291],[110.54549456269125,34.60634619576743],[110.54536621376315,34.606266199586116],[110.54522860994871,34.60617944769926],[110.54507692196276,34.60606648900364],[110.54494290242008,34.605884595921985],[110.54493534756114,34.60587433919855],[110.5449851548274,34.60558582068607],[110.54528206914321,34.60546785115456],[110.54533329292568,34.605470027900324],[110.54551207701488,34.605477619692536],[110.5456901230594,34.60550082578192],[110.54585965738885,34.6055299340567],[110.54602731941566,34.60556454738587],[110.54619598792397,34.605606161142674],[110.54636308090535,34.60565806045668],[110.54651841068826,34.60571657289687],[110.54665671219475,34.60576833775369],[110.54678538514489,34.605803635388746],[110.54692174965795,34.605823082728],[110.54707536026248,34.60583472353452],[110.54724518765455,34.605846811941106],[110.54743426796766,34.60587122829545],[110.54762939124144,34.60592865646524],[110.54779244207805,34.60601274429556],[110.54792495439169,34.60608850581497],[110.54805279517402,34.606151219688726],[110.54818989012979,34.60620866908093],[110.54833571624219,34.606266235375564],[110.54848955869241,34.60632788219636],[110.5486585074774,34.606406665036765],[110.54879080833716,34.606504646932656],[110.5488726461597,34.60655585611249],[110.54898796977321,34.60657633841868],[110.54915809567913,34.606610381447666],[110.54932914669688,34.6066568502894],[110.54949255481671,34.60671230859586],[110.5496481802072,34.606772575040566],[110.54979842458954,34.606835036250025],[110.54994532956667,34.60689835213425],[110.55009021415398,34.606961542304134],[110.55023384792305,34.60702382175227],[110.5503765817213,34.60708421642679],[110.55051875667372,34.60714153228892],[110.55066111037206,34.607194644365826],[110.55080433256958,34.60724280700788],[110.55094809971244,34.60728515995669],[110.55109353209461,34.60732056972527],[110.55124185158358,34.60734969163548],[110.5513924887251,34.60737299052471],[110.55154424376649,34.6073905521177],[110.55169759257376,34.60740207077044],[110.55185320045975,34.60740870816191],[110.55201026488527,34.60741129425972],[110.55216846050989,34.60741031463717],[110.55232821743643,34.60740647578764],[110.55248901910565,34.60740095398176],[110.55264968270676,34.60739393237637],[110.55281112224573,34.60738513397666],[110.5529727863844,34.607375920625984],[110.55310796276042,34.607359047932675],[110.55312613889927,34.60736582115993],[110.55322324614434,34.60735304833417],[110.55342746191675,34.60732575782744],[110.55357322307216,34.607300971828],[110.55420248881977,34.607235219054516],[110.55498158926979,34.60715348548033],[110.55536714502144,34.607129460850345],[110.55552152616818,34.607128535091206],[110.55565173851178,34.60711971561814],[110.55584313077146,34.60710121380153],[110.55609576622366,34.60709123400432],[110.5569308938893,34.607106176584836],[110.55710316785482,34.607126617344846],[110.55741105218065,34.60719139371943],[110.55780613948443,34.607294235571],[110.55811703134366,34.60738401056875],[110.55854116137019,34.6075105024356],[110.55878318964679,34.60756010302578],[110.55891593399225,34.60757600198946],[110.55912632891045,34.6075796830637],[110.55935011503117,34.60757041078381],[110.55952969600382,34.60758677389707],[110.5599778956657,34.607616883610305],[110.56025452577673,34.607627263964716],[110.56047823872173,34.60761408795325],[110.56065546532861,34.60762419760975],[110.56081691764516,34.60763195788667],[110.56097960030323,34.60763899852708],[110.56114169004815,34.60764601067646],[110.56130365916052,34.60765150416496],[110.56146672293124,34.60765678412783],[110.56162903772307,34.60766185745812],[110.5617915484159,34.607665754907025],[110.56195459329248,34.607669662170295],[110.56211727466892,34.60767303516466],[110.56228030082691,34.60767594494149],[110.56244335564239,34.60767879781304],[110.56260642428546,34.607681095233986],[110.5627697404015,34.6076833969296],[110.56293323050258,34.60768557913937],[110.56309709573141,34.60768774714905],[110.56326120944736,34.60769035031852],[110.56342546212088,34.6076932773787],[110.56359064362839,34.607696842148464],[110.5637573717057,34.6077019617866],[110.5639280043779,34.607709922044265],[110.56411588568407,34.60772625399133],[110.56432064086624,34.60777658843891],[110.56443045661383,34.60783466228401],[110.56450593645128,34.60783487042573],[110.56464427503019,34.60781113813487],[110.5648094552406,34.60778345580219],[110.56498180765499,34.60776065843979],[110.56515597008948,34.607746375904746],[110.56533024413777,34.607738698313625],[110.56550697541542,34.60773900239367],[110.56569180148081,34.60774940944124],[110.56590920861389,34.60778617914013],[110.56612122493252,34.607906525419445],[110.56630146674264,34.607909007877396],[110.56692424124914,34.60796846099946],[110.5674429724177,34.608065704266345],[110.5677079107192,34.608152505609155],[110.56781136066918,34.60822919458488],[110.5679608658289,34.60832512628511],[110.56805277720542,34.60840177419612],[110.56824927643615,34.60833568798972],[110.56867659276878,34.608260876908865],[110.56890736082462,34.60826169250395],[110.56918438127596,34.60824359036928],[110.56933507028442,34.60811055891498],[110.56943955589068,34.60798690408994],[110.56964764015804,34.607911315738846],[110.56999398811897,34.60787437565091],[110.57036296921973,34.60792337753707],[110.57066286865923,34.60794351384945],[110.57123929690678,34.60804094310802],[110.57245048392414,34.608111975178296],[110.57331464322715,34.60835350772882],[110.57416678255834,34.60869039353673],[110.57444244048403,34.60893940254955],[110.57462564533233,34.6092167091183],[110.57469439043662,34.60931235189403],[110.57493806102437,34.60904607324019],[110.57542326179306,34.60893327983087],[110.57616133858889,34.60901216766196],[110.57656494482418,34.60906127109447],[110.57698004230087,34.609119951996696],[110.5773833595272,34.60922629269846],[110.57772859774099,34.60940875356977],[110.57784369430496,34.609466393748576],[110.57810927437465,34.609429151148746],[110.57849004763669,34.60943046724841],[110.57872048190677,34.60949804488176],[110.57908938039212,34.6095660998496],[110.57936597018552,34.60963383548981],[110.57972318637474,34.60973046965681],[110.58001073888504,34.60991272535667],[110.58049519140975,34.6100677870663],[110.5812353054917,34.610780316042685],[110.58562905896277,34.612236001223046],[110.58569022789621,34.61225626493759],[110.58710537259023,34.61272506949418],[110.5870463854445,34.613025011728126],[110.58730710570616,34.61299019271374],[110.58745158010649,34.61294298023769],[110.58766746646077,34.61303911228532],[110.58776790276373,34.613146779859086],[110.58785385682738,34.61326632347641],[110.58804124969701,34.61329080739473],[110.58822934928943,34.61317218919241],[110.5884022007957,34.613220473578366],[110.58873365618298,34.61328121843456],[110.58892075543432,34.61336532617081],[110.58919410509807,34.613509351137445],[110.58929425137511,34.61367664263486],[110.58932227644402,34.61384369219286],[110.5894225397153,34.61398713297022],[110.58959598051165,34.61391616534391],[110.58986986101405,34.61395286242194],[110.58994168842477,34.61401273002068],[110.59111195909496,34.61426025108878],[110.59191313296633,34.61454470253267],[110.59197496185261,34.61449403699307],[110.59198676846042,34.614484357234616],[110.59217996286237,34.61443945562278],[110.59249679495706,34.614429422201596],[110.59283034141978,34.6144616650403],[110.59312529112485,34.614559444907066],[110.59334095749199,34.614652140751744],[110.59337109892905,34.6146923459528],[110.59353501753839,34.61463201755589],[110.59554550669942,34.61427092029517],[110.59485843948029,34.613892279802755],[110.59439193821859,34.613719004093035],[110.59380455558703,34.61348808321162],[110.5932174532712,34.61319991855946],[110.59224900434205,34.613024960001276],[110.59154005323788,34.61287948423325],[110.59112597984712,34.61260619895494],[110.59060805604544,34.612332567435686],[110.59008943666072,34.6122020293273],[110.58910510691854,34.6117407866846],[110.586115593686,34.60988463915946],[110.58231733218945,34.607975565106706],[110.57981313928545,34.60689368433036],[110.57748136048171,34.60595545641557],[110.57510527153703,34.605231683476596],[110.56892763613199,34.603349661915665],[110.56443707765463,34.6015806866448],[110.55886301317396,34.60020117363534],[110.5551033674896,34.59936467471437],[110.55346162196727,34.59892936666434],[110.54714642437608,34.598655660477235],[110.54398815982533,34.598643897710346],[110.54251601112153,34.59885304454065],[110.53606908208725,34.5989360308334],[110.53143863200306,34.59913299328798],[110.52230807764136,34.599419575709334],[110.5191052939828,34.59962165145262],[110.51555180966743,34.60060932147509],[110.51433789778983,34.601033808777565],[110.5108258878904,34.60230771335664],[110.50869997503604,34.603300897408246],[110.50566202152928,34.60486276765318],[110.50214694339614,34.6066014951093],[110.50047087377645,34.608126617585434],[110.49852214369163,34.61075726136886],[110.49282457465767,34.613881800856035],[110.49149205147152,34.61461248176801],[110.4892435031092,34.61584539671062],[110.4893439768033,34.615847621981366],[110.48966858890184,34.6159370687528],[110.48997680358603,34.616131213640685],[110.49021610628265,34.61649797804676],[110.49022673371734,34.61655794125129],[110.49023413532716,34.616486200512796],[110.4902665853188,34.61622098825645],[110.49026398636009,34.61605290440332],[110.4903281327064,34.615822246464],[110.4903557974344,34.61573760890171],[110.49044635927582,34.6156573112166],[110.49053174371785,34.615621137463336],[110.4906500187431,34.6155847052509],[110.49064558593892,34.61551161520399],[110.49068497150809,34.615395541426516],[110.49082764832036,34.61532851278586],[110.49097762262187,34.61528701131176],[110.4912609158927,34.615239033644684],[110.49141793118544,34.61524598298959],[110.49152576984584,34.615293560956964],[110.49159880130205,34.61539307106994],[110.49165957946877,34.61564642634777],[110.49193620420975,34.615614512523166],[110.49215833306869,34.61561345245929],[110.49226871807136,34.615719309568455],[110.49231770344365,34.61581860378724],[110.49236793348534,34.61597459486109],[110.49269374074697,34.61594062679228],[110.4930104818669,34.6158962005703],[110.49328941020394,34.615887896240395],[110.49343421644984,34.61596245255866],[110.49350227646934,34.61607544608316],[110.4935450691667,34.616253737770975],[110.49356011522858,34.616350446817016],[110.4939974337917,34.616331030165355],[110.49428377989211,34.616338216527424],[110.4943986448094,34.61646181686306],[110.4944437320024,34.616758180447626],[110.49445646171232,34.616807310535314],[110.49448233525631,34.616861012142344],[110.49461126637952,34.61686002473107],[110.49471856830428,34.61687338937458],[110.49482907883646,34.61694530142437],[110.49488773198038,34.617049971996195],[110.4949611744759,34.61730449041025],[110.49510096490496,34.61730391612465],[110.49578972724956,34.61721942006186],[110.49606864085835,34.61721514863497],[110.49616246512127,34.617390249104965],[110.49622026974058,34.61770299300475],[110.49623448905535,34.617761496693355],[110.49633500177114,34.61777248276256],[110.49660985975756,34.61778305069474],[110.49695160415163,34.617815899495355],[110.49706488213656,34.61787115173286],[110.49707573107636,34.6178816800642],[110.49726040450814,34.617883074965135],[110.49759209507093,34.61790636326607],[110.49807751135089,34.6179245213257],[110.49836387801021,34.617924375921234],[110.49841834198835,34.617918965042634],[110.49842038870294,34.61791605102889],[110.49846127745944,34.61780171166356],[110.49854015661057,34.617720938973235],[110.49864509010126,34.61768529873012],[110.49910531615046,34.61766870188524],[110.49934764543548,34.6176674241399],[110.49931723348871,34.61736244992281]]],[[[110.44934151556792,34.620015399352916],[110.44474973335853,34.61795549288476],[110.44431071861545,34.61775853368264],[110.44046566624303,34.61573456293192],[110.43750785534667,34.6128589026186],[110.43546264078196,34.60815567937824],[110.4295903253799,34.60192365660147],[110.42614390603727,34.59976095106896],[110.42013548113466,34.5979437567745],[110.41520698402877,34.596399766277855],[110.41257795040008,34.59599956757107],[110.40789550894738,34.59538067490934],[110.40270394808161,34.595385184715575],[110.39920721391357,34.59533820681286],[110.39556239797227,34.59582702924179],[110.3922363545223,34.597092472421835],[110.38919797604292,34.59844870377603],[110.38731275159275,34.59987028175135],[110.38495678988073,34.60155777406643],[110.38346647750923,34.60318997061111],[110.3832387063882,34.603761228875804],[110.38469943162357,34.60333656689434],[110.41702405115545,34.604860032029954],[110.4368412249659,34.61632112521264],[110.43717208865556,34.616512423696115],[110.44305362029067,34.61991270401054],[110.44353974807096,34.61980652528458],[110.44371797876529,34.619798147245895],[110.44402662880897,34.61979785245364],[110.44433586585303,34.61982989546238],[110.44481106777295,34.61987913782973],[110.44501907402869,34.61986026199689],[110.44547240440981,34.61976489757941],[110.44604984302136,34.61970059842672],[110.44622363446281,34.61969842991832],[110.44659377111266,34.61973498034704],[110.44713989705266,34.61978708460679],[110.44750775775151,34.61982265111602],[110.44789735143497,34.61985821842762],[110.44825766697008,34.61990058223172],[110.44847109709139,34.619940409607175],[110.44860250098934,34.619956531583846],[110.44905385518398,34.61997834457673],[110.4492127651614,34.61999899178051],[110.44934151556792,34.620015399352916]]],[[[110.71129584072757,34.6413879465522],[110.71120240184645,34.6350434401864],[110.71028598430998,34.63303780883305],[110.70603579896036,34.62725576471569],[110.70333736608642,34.62338541282691],[110.70086262475832,34.62156671304857],[110.69452588475386,34.61868891923466],[110.68824460762053,34.616526462330945],[110.68230820201711,34.61479389307963],[110.67734697394854,34.61459006779058],[110.67405786328463,34.614676727183124],[110.66972717579702,34.61552370615134],[110.66562662079176,34.61651426747413],[110.66048602660906,34.61783571166012],[110.65355577380372,34.61934267203983],[110.65014785588818,34.62019157373596],[110.64668297359296,34.62084940665917],[110.6429876425,34.62141106349335],[110.64062084826432,34.621642623139785],[110.63831236054473,34.62173120267901],[110.63658047492635,34.62191686174587],[110.63358186180325,34.62147857771243],[110.63238357744352,34.62119924756577],[110.63153450661825,34.62110277730383],[110.63146165289128,34.62109449931694],[110.6314146706021,34.62108916150949],[110.62976083002933,34.62090123445438],[110.62937319549498,34.62085718429774],[110.62936849299959,34.62098412783251],[110.62935887870431,34.62108322920526],[110.6293431934828,34.6211851453331],[110.62930521538064,34.621363130543585],[110.62927305845018,34.621533861568416],[110.62927118315233,34.62175154920504],[110.62927532476186,34.62199794502237],[110.629281847666,34.62210830382838],[110.6292914749807,34.62223069537686],[110.62929122056634,34.622707709381494],[110.62929165710067,34.62304871548582],[110.62929165178915,34.62304966467829],[110.62929165627557,34.62305086269593],[110.6292916490561,34.623052731343925],[110.62929164746075,34.62305333529897],[110.62929164481905,34.62305392933507],[110.62929164213325,34.62305453328681],[110.6292916373027,34.623055129119116],[110.62929163462893,34.62305573036659],[110.62929163254044,34.62305620000666],[110.62929159424307,34.623068244833604],[110.62928061773282,34.62333798052021],[110.62926457144343,34.623564358103785],[110.62924399585387,34.62362217835787],[110.62921340842745,34.6236756620325],[110.6291670642675,34.6237263610498],[110.62907962009017,34.623779658309154],[110.62898396917686,34.623791760316955],[110.6289150122347,34.6237904760557],[110.6288098732545,34.62377489852105],[110.62871248574596,34.62376704993501],[110.62856028447885,34.62376821456492],[110.62851594583745,34.62376787942787],[110.62848831906211,34.623765936537396],[110.62854842006605,34.62378393187228],[110.62878906774388,34.623876920641294],[110.62897982728211,34.623948880030845],[110.62907720283582,34.62396657561659],[110.62920220398829,34.62399753945469],[110.62927634315422,34.624021339961075],[110.62935301859278,34.624052047693496],[110.62940812220837,34.62408235270749],[110.62946575525699,34.62412429476089],[110.62950860564283,34.62417688197758],[110.62953939530566,34.62423050976316],[110.62955421736383,34.62428658962389],[110.62956398523136,34.62433847779724],[110.62956506061961,34.62467043447037],[110.62957508328216,34.62485468073652],[110.62996678801073,34.62489937453682],[110.63002978858769,34.62547409897149],[110.6300353595564,34.62550806831723],[110.6300363728462,34.62551071799585],[110.63004088858328,34.62551242368033],[110.63006817108894,34.62552032995436],[110.63012641018221,34.625529944558934],[110.63019949714712,34.625538109575054],[110.63032085114688,34.62554450619434],[110.63046604661358,34.62555378919342],[110.63053966346907,34.625564937549335],[110.63061301884231,34.625582189568874],[110.63080012318427,34.62564206936921],[110.63099777919517,34.62570813037449],[110.63107229419417,34.625755882885024],[110.63113506431772,34.62579807134989],[110.6311672776265,34.62582655846753],[110.63119894166388,34.625860397522494],[110.63123887210213,34.62592468670343],[110.63128613432211,34.62598445120852],[110.631327302521,34.626021389236314],[110.63135768509774,34.62605060633867],[110.63137700549883,34.626061891164255],[110.63139819267988,34.626073453860435],[110.63141207916826,34.62607808681684],[110.63142634445737,34.626081642803236],[110.63145845636465,34.62608329119307],[110.63151233553438,34.62608443382474],[110.63185172728947,34.626033426140125],[110.6329509884645,34.62587768473236],[110.63569600677695,34.627776025457635],[110.63788402741785,34.628501091253405],[110.64085458311679,34.62885230908286],[110.64483363975444,34.630391676862985],[110.64960905273753,34.632565668890386],[110.65442527746904,34.63475793103429],[110.6560011720134,34.6347088643163],[110.66276381806597,34.634850161335926],[110.66399161667364,34.63563442276128],[110.66500037239557,34.63593533098791],[110.66629661963809,34.636505338061426],[110.66737729625795,34.636866049521714],[110.66863714844348,34.63752537253338],[110.6697172576278,34.6380351288102],[110.67076201624558,34.638365899961805],[110.67122846739844,34.638993237818106],[110.67176906693675,34.6391139479495],[110.67313977632774,34.63911762925173],[110.67512652157049,34.63904865699865],[110.6791100924669,34.63896701023461],[110.68118048620116,34.63902600770001],[110.68280764600111,34.63932442111164],[110.68464067035822,34.63912453064965],[110.68706284724615,34.63919343825675],[110.68717124155279,34.639182955942125],[110.68740037010127,34.63919156348913],[110.68777634034768,34.639186928680786],[110.68785267645173,34.63920855383077],[110.68786640921469,34.63920906854007],[110.68788150365597,34.639216718864574],[110.69053678023283,34.64056255390126],[110.69244655859845,34.64165975931233],[110.69248602451471,34.64168243429663],[110.69332161526964,34.642162474945955],[110.69455124441829,34.64316118164316],[110.69690102490277,34.645294463920536],[110.69755206240382,34.64572327504724],[110.69758709737906,34.64574635204393],[110.69912014660441,34.64620311888815],[110.70387455664499,34.64830168872486],[110.70461266279588,34.64899576913635],[110.70484287091703,34.64918713161739],[110.7056039820111,34.64941793771506],[110.70620347625369,34.64964834978909],[110.7065024182305,34.649992518568006],[110.70707856285958,34.650299192509856],[110.70728555716619,34.65052865488307],[110.70777008868484,34.65062521998012],[110.7083702669518,34.65066481800414],[110.70890051175076,34.65089505118137],[110.70952298187208,34.65116366206222],[110.71005336592928,34.65135573027289],[110.71019050560983,34.6517567469069],[110.71044375723922,34.65196723413677],[110.71083620936501,34.65198724510887],[110.7115056661178,34.652026991986844],[110.71201343276167,34.652085434021785],[110.71481850439527,34.65259527481239],[110.71496342675032,34.6524167336784],[110.71377211585906,34.649988456682735],[110.71333689550717,34.649557438925875],[110.71294280717859,34.64916715025759],[110.71157104020845,34.64525240534717],[110.71129584072757,34.6413879465522]]],[[[110.26552480441275,34.675297966546374],[110.2681849794973,34.67041643060392],[110.2691690136051,34.66355353660975],[110.27022559472623,34.65945766221238],[110.27215091201542,34.65317276019781],[110.2736508926027,34.64797285134927],[110.2761580571601,34.63842863840809],[110.27644003610706,34.63785790908356],[110.27425359198674,34.63683176337177],[110.27088702054573,34.63573842846106],[110.27645028764078,34.631356415669124],[110.28728525710403,34.62224690562281],[110.29056203359374,34.61874020320464],[110.29065028291613,34.61854037413298],[110.29094867409847,34.618055562701294],[110.29131714391703,34.61747098961105],[110.29180604112862,34.61697297344403],[110.29218369437635,34.61666511340797],[110.29275242354676,34.61627726691639],[110.29330758439434,34.61612784385552],[110.29401380491504,34.61585527033152],[110.29481386189687,34.61540197298143],[110.29526780071544,34.6151963041224],[110.29565035351693,34.61498863131554],[110.29616168394583,34.61456227937679],[110.29681131300009,34.61415579825148],[110.29726349031314,34.613900821339165],[110.29753372683594,34.613738288341516],[110.29791554448614,34.61361646580423],[110.29831979505262,34.613571091334144],[110.29912340822828,34.61406225676856],[110.29975354903846,34.61460012068076],[110.30007431321003,34.61487862242491],[110.30067233038312,34.615120556938194],[110.30102931191409,34.61520846274909],[110.30121353434633,34.6152572183923],[110.30153806173145,34.61508735341044],[110.30229930463074,34.61512987094438],[110.30287528927566,34.615247645470184],[110.30386691458408,34.615653485703426],[110.30422080238887,34.615798317859266],[110.30481097814783,34.61594478329603],[110.30548770056173,34.61609173953891],[110.30691297135816,34.61642182522442],[110.30823797860272,34.61666784648015],[110.30949087737439,34.616913448848734],[110.31088920317735,34.61701675642353],[110.31199935122065,34.617082648522256],[110.31325295549233,34.61724474058578],[110.31411799917045,34.61729730490392],[110.31560386078996,34.617281800340486],[110.31619553711057,34.617249343819644],[110.31711866921906,34.61725451486566],[110.3179850814806,34.617140110614855],[110.31866588011944,34.616968615316196],[110.31916970121716,34.61674246361779],[110.3201568788549,34.616676419932055],[110.32173300918352,34.616556401494975],[110.32384593627951,34.61641071909202],[110.32606201501056,34.61635143181685],[110.32756855451169,34.61627388344879],[110.32860637765309,34.61636545971721],[110.32960970033373,34.61644252936623],[110.33054374727664,34.61638087895985],[110.331891755575,34.616645852039944],[110.33253680082095,34.61679248233057],[110.33395527377601,34.61690518008741],[110.33494711022,34.61697736926918],[110.33631973798144,34.61705162626007],[110.33724680102412,34.617106752780266],[110.33790430746932,34.61713894317095],[110.33872630454385,34.61716486632281],[110.33942765325385,34.617125734230584],[110.34009403787402,34.617129341748885],[110.34068276623817,34.61710390499302],[110.34120236646339,34.61706378206721],[110.34176558039594,34.61698096127908],[110.34205949168404,34.617025477786605],[110.3422669135311,34.61706237093001],[110.35099233960467,34.615489727240735],[110.35139620340036,34.61549187423592],[110.35200459395548,34.61516120158055],[110.35322099394965,34.614547548160964],[110.35463653682605,34.6142926899607],[110.35639915509937,34.61392039698856],[110.35772648417357,34.613879689940994],[110.35928605153035,34.61364938916229],[110.3608173139977,34.613347365308094],[110.36266824786732,34.61273693982301],[110.36469041776874,34.61236588129315],[110.36565858768085,34.61213241486755],[110.36669959518375,34.611803918712276],[110.36800020734688,34.61147675781919],[110.36915766391357,34.611005739446895],[110.37051648814614,34.610607300386945],[110.37150120241088,34.610087669415556],[110.37251457318574,34.60959202669412],[110.37381674043917,34.609050158372504],[110.37552183324064,34.608629590004824],[110.37688112382509,34.60815953147491],[110.37816522947463,34.60761553643793],[110.37880337223392,34.6071417804262],[110.3790633282329,34.60709540041299],[110.37954263773466,34.606644681835505],[110.37980625071896,34.60630019120299],[110.38009841713973,34.605800817405395],[110.38049127178999,34.605337729818665],[110.38099790019865,34.605089871388735],[110.3814610860333,34.60486564136107],[110.38175254639857,34.604426260365805],[110.38175279555784,34.60442588573478],[110.38175174935586,34.60442657002244],[110.38155130481975,34.60455717731476],[110.37993404278185,34.605284516862504],[110.37940417385151,34.60555371731901],[110.37893556475566,34.60573021125162],[110.37825003548538,34.60598430409286],[110.37491607969685,34.60706200257291],[110.37394432134398,34.60740046563678],[110.3723254221634,34.60786915526346],[110.36821204750906,34.608620678976465],[110.36359062994384,34.60940757338967],[110.35816181753891,34.61014234577955],[110.35567814090689,34.610510859894774],[110.34770887908475,34.61147022594526],[110.34482090086338,34.61188405741598],[110.3409479719906,34.61281720990274],[110.33823034744498,34.61356570868617],[110.33684380685358,34.61379668420945],[110.33609417008739,34.61374490656535],[110.3358734616161,34.612479638776584],[110.33576776487118,34.61126269612203],[110.33577783116272,34.609998683040814],[110.3357624485265,34.60830822985137],[110.33539616253805,34.608306234205955],[110.32656876657349,34.608365158985436],[110.31366017755373,34.60800701746149],[110.30374935833393,34.6082728424401],[110.29478945812235,34.60865068567073],[110.29179007500805,34.60894304475299],[110.29169074896699,34.60962042551892],[110.29187367390897,34.61355677878362],[110.29019825623149,34.61551468631922],[110.28854847522652,34.61662962445901],[110.28722409556752,34.61752461496098],[110.2840221673237,34.620844894035024],[110.28017754728933,34.62338616161673],[110.27091433749395,34.62690867137621],[110.26541269239338,34.629141423556185],[110.26034407420815,34.63131692954151],[110.2585837536473,34.634585629719034],[110.25622118256544,34.64065301550024],[110.25253825538393,34.6490972668393],[110.25172107613285,34.651715756800726],[110.2493271167431,34.65955166630493],[110.2493115240732,34.66128069478233],[110.25057742301858,34.666893523654494],[110.25187842011904,34.67437289198194],[110.25301016150424,34.67447660915132],[110.25535696669387,34.67434190612324],[110.25694440038936,34.67438140518449],[110.26180650461325,34.675454381298096],[110.26356937424666,34.67606129319399],[110.26376774885263,34.67614714607159],[110.2644400647303,34.67643810775243],[110.26463625966764,34.67613553601291],[110.26526020497772,34.67576723811543],[110.26570084940649,34.67556001374957],[110.26552480441275,34.675297966546374]]],[[[110.85762293994878,34.68269115293738],[110.85857045652634,34.682331589514426],[110.8589889645239,34.68241312733499],[110.85906518726753,34.6823743584631],[110.85929109760518,34.6822160814155],[110.86069927793342,34.67980808662681],[110.86070387337028,34.679803283650365],[110.86073189433392,34.679782363729046],[110.86077455255746,34.67975820816058],[110.86101641755761,34.67968824383775],[110.86134727631433,34.67938481704625],[110.86162191018963,34.67918968554452],[110.86189954110883,34.67896446797296],[110.86206175944946,34.67878523908863],[110.86214821406843,34.678666647372346],[110.86220426573247,34.67853303945672],[110.86221385605107,34.678378920141995],[110.8622152585329,34.67833656441903],[110.86224683943553,34.67832139388394],[110.862265083805,34.678316856868335],[110.86241927900711,34.678306446404086],[110.86250820002796,34.67831379873946],[110.8628484325624,34.67848456136184],[110.86300320457542,34.678538825727244],[110.86326564286229,34.67853383620589],[110.86348752234062,34.67841356005262],[110.86368995507249,34.678254132460246],[110.86394010082331,34.677954607905214],[110.86387762178995,34.677850299446234],[110.8638768052207,34.677824519427915],[110.86381421321303,34.67757803089186],[110.86381425310178,34.6775749940173],[110.86382009910002,34.6775659555953],[110.86392523029576,34.67744628460963],[110.86400020155031,34.67737657592392],[110.86411482184558,34.67725171680712],[110.86413435021107,34.67724114676615],[110.86425688947661,34.67723082488631],[110.86436731684543,34.677197047707416],[110.86444427421823,34.677136894315396],[110.86450079343322,34.67705566344492],[110.8649605377032,34.67660540604791],[110.86506390249933,34.676557866381074],[110.86542591673661,34.676529111598605],[110.86626090387632,34.676601938554725],[110.867754430131,34.67669010801721],[110.86968595682941,34.676834048097035],[110.87020649931434,34.67686983316735],[110.8712175340148,34.676870904572155],[110.8712911666463,34.676868003111295],[110.87204250794738,34.67683838974653],[110.87251437861815,34.67694579021917],[110.8726097358845,34.67703078934971],[110.87484062544716,34.67676710883916],[110.8755733605174,34.676680494098385],[110.87569035465299,34.67678324855839],[110.87604652787626,34.67688311477636],[110.87625595803618,34.676840112064674],[110.87638396045118,34.676775710314175],[110.87657646860707,34.67673851854031],[110.87672176541365,34.67673084204839],[110.87690902553125,34.6767234277126],[110.87719624579603,34.67677786093405],[110.87741338565579,34.67684415886811],[110.8776158235711,34.67686150478521],[110.8777734586502,34.6768327486521],[110.87781790767667,34.676814456308136],[110.87881243059162,34.6767630272676],[110.87882105383395,34.676765396687216],[110.87886266195066,34.676814796783475],[110.87890029702112,34.67688156529129],[110.87890785333836,34.67690252925923],[110.87895073616737,34.67710108401957],[110.87900842007718,34.6771906299174],[110.8790731644385,34.6772453055369],[110.87918593651261,34.67730298181788],[110.87933279543542,34.677353294601126],[110.87950643291443,34.677361371004764],[110.8796174468715,34.677348652427796],[110.87973290130982,34.67731290026711],[110.87985686482978,34.6772459758962],[110.87997197370181,34.677127386193746],[110.88011008700585,34.67702331311169],[110.88014646428142,34.677001249408036],[110.88039293268866,34.67690317063598],[110.89334253061382,34.67950926562528],[110.89355629677873,34.679596118711984],[110.89368204525461,34.67963008438095],[110.8938364193206,34.679652824100664],[110.89409700157174,34.6796508711134],[110.89443121038242,34.67962115690101],[110.89466472296847,34.679611659519956],[110.89480048778263,34.67960093525944],[110.89501823567655,34.67955001277867],[110.8951560288621,34.67952544660043],[110.89523026567825,34.67952230043541],[110.89567287174674,34.67950819045699],[110.89599198239371,34.67952939076677],[110.89606766231684,34.67954150473895],[110.89613401084488,34.67956896568082],[110.8954541329523,34.67825285286659],[110.893273650899,34.676562338184645],[110.88908583627321,34.6742147203328],[110.88789757747747,34.67334590573877],[110.88447523197631,34.672221730156096],[110.88057864474405,34.67171711205006],[110.87821186192971,34.671404712398804],[110.87471940245459,34.670971861211235],[110.87088004106612,34.6708724522325],[110.86770481485193,34.670678243666885],[110.8645585889064,34.670412430804525],[110.86297110816746,34.67024370266842],[110.86095089103218,34.66990750693133],[110.8583242984092,34.66966597395019],[110.85676637110306,34.669115590038636],[110.85460178291483,34.66882682044578],[110.8531586944595,34.66865813757976],[110.85122485593568,34.66848883704068],[110.84934937008565,34.667985670551346],[110.84779139985058,34.667506722103965],[110.84403249442622,34.666345195456444],[110.8389543307828,34.66509835916653],[110.83121455684471,34.66400507095141],[110.8286344663619,34.66355689639064],[110.82191723152188,34.66226887362032],[110.81388426206458,34.66084491700711],[110.80827451053037,34.66014932639938],[110.80301453740337,34.65958941143264],[110.80208747400046,34.65949070151729],[110.80147039067646,34.65945910280327],[110.79977859804359,34.65937245003081],[110.79578495763673,34.65927315934879],[110.7957845954726,34.65927314972789],[110.79578603051333,34.659274291541465],[110.79736446196658,34.66053106382812],[110.79791034983602,34.66107415675146],[110.79804614922297,34.66142353783394],[110.7982435760766,34.66160494429387],[110.7984442949722,34.66174454927329],[110.79873022725756,34.66175108374729],[110.79892070281313,34.66168851866219],[110.79904181794583,34.66162111186893],[110.79918899283933,34.66155404535023],[110.79920306450254,34.66155338524032],[110.7992968295477,34.66158301013338],[110.79958563788621,34.66172017741323],[110.7999235852749,34.66192038154608],[110.80066632320472,34.662368092548604],[110.80103468681666,34.66255406463698],[110.801295995872,34.6626167121038],[110.80161778885628,34.66268299465754],[110.80178470273007,34.662788092712475],[110.80209011065348,34.663014380334246],[110.8022785475647,34.663150682345744],[110.80249485222934,34.663155384146215],[110.8025758241104,34.66314133667094],[110.80271813835317,34.663154450292495],[110.8030176765182,34.66323543785494],[110.80360861330678,34.663477572785816],[110.80368187250927,34.663552614153616],[110.80368467696617,34.66360461684567],[110.80361140210186,34.66373455917965],[110.80354369531237,34.66406607321945],[110.80371695723365,34.66428644307779],[110.8039890967661,34.664295200210354],[110.80422466602225,34.6642275305492],[110.8044347836387,34.664122512064786],[110.80479988545268,34.66406220455812],[110.8051082829171,34.66408375897088],[110.80536784458704,34.6641412170932],[110.80564409935359,34.66422693410871],[110.80583223239451,34.66423527193506],[110.80604181091337,34.66428302082084],[110.80631065495675,34.66440751223065],[110.80677093237881,34.66449165113707],[110.80745534629264,34.664665820491095],[110.80773939851042,34.6647890860857],[110.8079624550799,34.66494627137292],[110.80823181247266,34.664954785692935],[110.80839756070128,34.66492872719462],[110.80851577559758,34.66492707039238],[110.8087427976566,34.6649688682447],[110.80902431183078,34.66504840834115],[110.80939882993556,34.66520384320507],[110.80969416966518,34.66537022743557],[110.80986672980801,34.66541802643935],[110.81003850065837,34.66539203640237],[110.8101015650255,34.6653825722627],[110.81018748737837,34.66539784920961],[110.81031806100722,34.66546022865669],[110.81038117742575,34.6655117300602],[110.8103787022791,34.6655187582767],[110.81033805930575,34.66556694326967],[110.80995496704153,34.66586963778924],[110.80962036805438,34.66600954523194],[110.80898453518544,34.666063235118834],[110.80884280942645,34.666091984986664],[110.8084398142125,34.666211382531294],[110.8082472414961,34.6663824941595],[110.80817324314862,34.666534393304055],[110.808240413287,34.66672984541596],[110.80844664372422,34.666786967892186],[110.8086468746966,34.66678438512852],[110.8089974671057,34.666736352262824],[110.80911805122335,34.66675076840661],[110.80937142060411,34.666737172824085],[110.80995333747447,34.66673808132137],[110.81026568591828,34.66668784699012],[110.81049049960981,34.66655300180295],[110.81075811890213,34.666416182709334],[110.81106170288393,34.66633313505355],[110.81143656687001,34.66612729576392],[110.8115681555162,34.66609646293473],[110.81167610476602,34.666098527242966],[110.81182967023656,34.66615959023663],[110.81196411001102,34.66620729587841],[110.81213740454508,34.666199832356824],[110.81227678445883,34.66613106952439],[110.81235650368775,34.66611426787372],[110.81260159200242,34.66612004531883],[110.81283690623744,34.66616983497544],[110.81287514401583,34.66617089876666],[110.81289550352035,34.66618010928888],[110.81301721511299,34.66620980977973],[110.81373026539964,34.66643305272684],[110.81474165757575,34.666777005158394],[110.81478817896344,34.66680100433409],[110.8148129177479,34.666840823878275],[110.8148586625438,34.66697755123281],[110.8189576461697,34.66888243837338],[110.82037905561702,34.66954294610251],[110.82163658333681,34.67012727725263],[110.82699720250359,34.672617942962944],[110.82701743528523,34.672740530179226],[110.82705061362888,34.6728155726732],[110.82713426729637,34.67290025903392],[110.82728274803091,34.672944020307014],[110.82744176665527,34.67294051808553],[110.82754184512171,34.67290104994416],[110.82764237055461,34.6728306452543],[110.82778221383327,34.67266426302237],[110.82787464378553,34.67259285332421],[110.82793892870461,34.672579972486815],[110.8280544656786,34.672574078789765],[110.82820151779646,34.67263593765804],[110.82853358394222,34.67282288232251],[110.8288051820694,34.67291982978647],[110.82908282300504,34.67305467585041],[110.8292365876568,34.673160902277246],[110.82971048677132,34.67339033473783],[110.82979600515735,34.673455289559534],[110.82984777056707,34.67355680791332],[110.82987244117727,34.67381964268964],[110.82984610540863,34.673913809023674],[110.82959745019492,34.67423238869076],[110.82921313662094,34.67460242710521],[110.82911800893095,34.67472612598542],[110.82878096608609,34.674893847337444],[110.82828910534789,34.675110116251304],[110.82790632840349,34.67535126524839],[110.8278282526169,34.67564360059274],[110.82806577001149,34.675821663600104],[110.8282882767319,34.67586000586125],[110.82846294602687,34.675854241941394],[110.82885074644372,34.675739218269925],[110.8293422631657,34.67553112170479],[110.82968607112029,34.67539393791222],[110.83014164744124,34.67509323443342],[110.83053452889618,34.67494605213204],[110.83109229828695,34.67443673293888],[110.83112326099345,34.674393282720054],[110.83123341767087,34.674584305048455],[110.83165855529512,34.67482959336551],[110.83215231784685,34.675099831643756],[110.83220416109842,34.67513763148037],[110.83201454284175,34.67590644178644],[110.83188724249918,34.67628317949315],[110.83173180567857,34.67656112653884],[110.83138607417298,34.676731424741696],[110.83111176993054,34.67682845895441],[110.83095371242834,34.676924590121565],[110.83088418026212,34.677131365557976],[110.8309944210073,34.677314196843504],[110.83127230363013,34.67735283577654],[110.8316783576234,34.677259557377226],[110.83208027832458,34.677076614796626],[110.83231523997839,34.6768499094689],[110.83256767499364,34.676468784754555],[110.83274154393291,34.67624288616577],[110.83289416874284,34.675983125720414],[110.83303087565041,34.675926925880404],[110.83336894705299,34.67586237551725],[110.83354880936083,34.6757619675417],[110.8336245203915,34.675592359522426],[110.83361010538239,34.675446654289445],[110.83358732009759,34.675363241784595],[110.83400963388361,34.67546413684318],[110.8349262853586,34.67567750073929],[110.83517966799538,34.67575589754089],[110.83521892651692,34.675782762757166],[110.83534405707728,34.676090793708674],[110.8355046797446,34.67649080116811],[110.83591995013144,34.67684474489386],[110.83639509368544,34.67699076076221],[110.83684233775251,34.67704337902604],[110.83711727733612,34.67693034319374],[110.83725365927428,34.67675736692779],[110.83728509446517,34.67673502638094],[110.83749831869635,34.67672430885442],[110.83771243531304,34.67663422572203],[110.83783373257916,34.67663027391986],[110.83807565945612,34.67673721307589],[110.83821926993187,34.67681237299741],[110.8383583172091,34.67697133085752],[110.83848576983702,34.67704848463426],[110.83871866301966,34.6771187529822],[110.8389772322258,34.67716504881835],[110.83906151148646,34.67716896685675],[110.83964165711154,34.67726935206446],[110.83976491708034,34.67727845543533],[110.84018268370149,34.67723511413444],[110.84036754390196,34.67722732461354],[110.84041910035991,34.67723126195743],[110.84044124566392,34.67724313393544],[110.84046485735504,34.67729035921444],[110.84052541484729,34.67781059336942],[110.84068984640037,34.678203895874205],[110.84096651418591,34.67829802749523],[110.84126762663504,34.678290651443774],[110.84141475248272,34.6780157697628],[110.84145601150121,34.67782247479681],[110.84150214129087,34.67772769532627],[110.84150615640682,34.67772675404522],[110.84157069894202,34.677726837946736],[110.84161511655941,34.677740925525136],[110.84169603947831,34.677806523143985],[110.84229017948627,34.67818486897642],[110.84248508797265,34.6782889278692],[110.842663239751,34.67829834982602],[110.84281652322308,34.67821674370221],[110.84289379476989,34.67811683866722],[110.8429618734733,34.67799471320615],[110.8430023391928,34.67794348928301],[110.84313080838501,34.677889107337926],[110.8433622781957,34.677859238634035],[110.84344601110604,34.67786694886199],[110.84370385005066,34.677914292915986],[110.84437309570306,34.67810608739051],[110.84512982306119,34.67838286351182],[110.84517418506638,34.678402720677674],[110.84530573465963,34.67849465687532],[110.84561239730084,34.678668318539295],[110.84568843494493,34.67872730524261],[110.84579087135829,34.678841223285474],[110.84586553148974,34.678974214634174],[110.84592999321069,34.67907148560139],[110.84602078872824,34.679175248546265],[110.84616500016917,34.6792354811865],[110.84626217030231,34.679349603113955],[110.84634868475672,34.679478146128154],[110.8464934049013,34.67958835068683],[110.84659174078111,34.679648905442136],[110.8467951221284,34.679740722168745],[110.84724913784325,34.67990918146326],[110.84735365189282,34.67997154169643],[110.84743236758041,34.67999423818936],[110.84755929115842,34.680061148765525],[110.84769770630687,34.68008995750877],[110.84781292118801,34.68009747600727],[110.84815639278021,34.680095250540575],[110.84824672579954,34.680088003760716],[110.84827047495749,34.68009025354658],[110.84938087474119,34.680279355230844],[110.84946642971816,34.68029006443565],[110.84960463552095,34.6802451238791],[110.8496864940874,34.680150431388135],[110.84979065585961,34.67985854698881],[110.84972419014288,34.67966149902455],[110.84949598447422,34.679593136978895],[110.84931976650766,34.67957319328547],[110.84915483025677,34.67953893056289],[110.8487409663073,34.6794041019425],[110.8482965184584,34.67927540684956],[110.84756895164237,34.67917143330616],[110.84738427735049,34.6791151441053],[110.84733563336434,34.67909250056921],[110.84722825879835,34.67897874079585],[110.84711246053314,34.67887391164544],[110.84701842404617,34.678748901438425],[110.84688311597115,34.67865418325994],[110.84687995573637,34.678641826994486],[110.84687337501236,34.6785640640768],[110.84680083606636,34.678308963775315],[110.8465852798767,34.67801995470001],[110.8465630446169,34.67800302129335],[110.84640776559833,34.67778056461788],[110.84618261061125,34.67762334983643],[110.84596516844755,34.67756653215568],[110.84586733597777,34.67754385831554],[110.84578102915403,34.677486675104056],[110.84550072819742,34.677339710654856],[110.8451145965012,34.67721610511278],[110.84330364430544,34.67667557462421],[110.84297263465334,34.67650956314956],[110.84281675626227,34.67638046583413],[110.84257600855848,34.6762127911084],[110.84280849866872,34.676119878720854],[110.84288968599171,34.67609597739279],[110.84312524625904,34.676021978561565],[110.84321081362296,34.67598341007335],[110.84328164039648,34.67589108380248],[110.84329793756083,34.675760837243224],[110.84327818114429,34.6753502346186],[110.84310334232647,34.67531505134023],[110.84310324245749,34.67531362064153],[110.84310420931791,34.67529273123469],[110.84317572728987,34.675065584352424],[110.84317976016946,34.67496251727076],[110.84347950691807,34.67495189333446],[110.84394642423607,34.67491726404309],[110.84430758578796,34.67484856899483],[110.84464840700856,34.67476056805961],[110.84507413254445,34.67457771469823],[110.84525031853691,34.674508878981655],[110.84526672756824,34.67450970118262],[110.84530224630122,34.67464742446363],[110.84533591177524,34.674853577482494],[110.84539398533485,34.67494564213854],[110.8455654429976,34.67505603141312],[110.84573994427932,34.67504284357771],[110.84585241279063,34.67496874492733],[110.84590131159175,34.674868198084006],[110.84589503108705,34.67458068876971],[110.84605690813079,34.67457394687468],[110.84637183843299,34.67457392049637],[110.84645298872451,34.67458290453411],[110.8467983371291,34.6745860685684],[110.84700844126162,34.67460405636282],[110.8473730959326,34.67460261595366],[110.84750729262092,34.67459556524085],[110.84763751895277,34.674578230404265],[110.84796422581023,34.67451969735788],[110.84836865021367,34.67449932123636],[110.84869992908648,34.674455231019905],[110.8487843724011,34.67445588566926],[110.8487891265519,34.674538677157166],[110.84884119588283,34.67462657984178],[110.84891663273636,34.674686371505565],[110.84900636463489,34.67472510267652],[110.84910587675273,34.674746205791436],[110.84955947359435,34.67476395309259],[110.85017836056318,34.674773880130985],[110.85060886545308,34.67481086863421],[110.85075475039784,34.6748427560516],[110.85089270805634,34.6748571656751],[110.85107127107995,34.674835051010355],[110.85109024684397,34.67482962774736],[110.85112426822904,34.67497116056068],[110.85115603939398,34.67510865490898],[110.8512944404307,34.675223258632215],[110.8515129609045,34.67522352500242],[110.85193595198274,34.67520098000677],[110.85203716197204,34.675193951845756],[110.85205773861624,34.675200095730496],[110.85214783370921,34.6753321510419],[110.85228910235946,34.67591968093392],[110.85243689611022,34.67637790740842],[110.85259584566991,34.67650952557029],[110.85284029680392,34.67653734699834],[110.85304455958219,34.676438027717595],[110.8531669682938,34.67628909755439],[110.85327088191275,34.67618700316359],[110.85339611655593,34.6761281191569],[110.8537253588782,34.676057937170526],[110.85391465900261,34.67598517173662],[110.85413849394843,34.67596696224843],[110.85434464425497,34.67598571150628],[110.85467811684502,34.676102842052565],[110.85520758904414,34.67615431097834],[110.85560239281972,34.676159502775604],[110.85619050782796,34.676200134081384],[110.85649120426574,34.67612072807042],[110.85660062458305,34.67588086086322],[110.85669218531201,34.67584319859449],[110.85712124528347,34.675847774003465],[110.85754023268296,34.6758881851251],[110.85803901957493,34.675982797036525],[110.85825687624236,34.676044051256625],[110.85830481601572,34.676173999530306],[110.85832519564339,34.676273826904655],[110.8568303102476,34.68088689093308],[110.85675758539902,34.682213126859324],[110.85716089762111,34.68273831331451],[110.85762293994878,34.68269115293738]]],[[[110.9113951912343,34.692498695617786],[110.9113951651703,34.692498574807374],[110.91139446875147,34.69249869509254],[110.91130422674345,34.69205397176271],[110.91130280343765,34.69205413478693],[110.9109707476216,34.69209293175531],[110.910962743629,34.69209391657848],[110.91053546281006,34.69214918848165],[110.91031982143652,34.69217709147527],[110.90967288884333,34.69226077021481],[110.9096728539149,34.69226077469605],[110.90945723051897,34.69228867617579],[110.90794770016731,34.692483920732556],[110.90773205924923,34.69251182004631],[110.90708511929265,34.69259548773946],[110.90686947452718,34.692623383720225],[110.90535993100147,34.692818598898604],[110.90514429054039,34.69284649363104],[110.90471300375478,34.69290226031164],[110.90471297210095,34.69290226389262],[110.90449734430702,34.69293015568666],[110.90385039679124,34.69301380438911],[110.90363474113592,34.69304169643684],[110.9029877929856,34.69312534145823],[110.90277214548833,34.69315323018224],[110.90212519561334,34.69323687062024],[110.90190953771663,34.69326475961141],[110.90126258393438,34.69334839546418],[110.90104955280796,34.69337594432067],[110.90104278748287,34.69337676453619],[110.90088656338817,34.693395207015676],[110.90085784446055,34.69339924639514],[110.90085524101339,34.69339967786439],[110.9008191518032,34.69340572683294],[110.89984091334145,34.69353218869233],[110.89983913629841,34.693532420701885],[110.89726339767842,34.693872546314225],[110.89732747286334,34.69432052277662],[110.89739147406951,34.694767978085146],[110.89739814860953,34.694767440143245],[110.89741361595522,34.69476558540454],[110.90001056015421,34.69442265983243],[110.90084325743038,34.694315013717016],[110.90100004422935,34.694294744559144],[110.90102159198335,34.69429159263875],[110.9010241954576,34.694291161166056],[110.9010567296779,34.69428570780035],[110.90119819450194,34.69426900732217],[110.90120015273042,34.69426877273544],[110.90121051804056,34.694267517335334],[110.90121575638945,34.69426686173583],[110.90143137673043,34.69423897755475],[110.90207833291171,34.69415534082611],[110.90229399306332,34.69412745154412],[110.90294094970277,34.69404381023364],[110.90315659836341,34.69401592121792],[110.90380355546083,34.69393227532563],[110.9040192122796,34.69390438298611],[110.90466615346097,34.69382073520351],[110.90466618511515,34.69382073162256],[110.90488181516356,34.69379283953755],[110.90531310645851,34.69373707227508],[110.90531313811263,34.69373706869396],[110.90552877100383,34.693709175465756],[110.90703832485534,34.69351395824587],[110.90725396860127,34.693486061971534],[110.9079009218699,34.69340239341004],[110.90811656504249,34.69337449380514],[110.90962609916996,34.693179248102574],[110.9096261297333,34.69317924361811],[110.9098417542911,34.693151342747754],[110.91048870456338,34.69306766133969],[110.9107043503741,34.6930397580564],[110.91112761230973,34.69298500637233],[110.9114542020791,34.69294684773257],[110.91146797463969,34.692945300970635],[110.91148532997613,34.69294291036773],[110.9113951912343,34.692498695617786]]],[[[110.91344994441934,34.735278519865794],[110.9134987347147,34.73515407980414],[110.91357335790511,34.73514680330854],[110.91369943201562,34.735145328728734],[110.91367307524061,34.73511372060397],[110.91362017227411,34.73504371018152],[110.91352882011168,34.73492281419058],[110.91330511654141,34.734731851081065],[110.91300903189997,34.73468990232451],[110.91300871518322,34.73468995978938],[110.91291665886759,34.73470651443965],[110.9127778606212,34.73473147467682],[110.91243830812569,34.734814709097094],[110.91243758418281,34.734814708576685],[110.91206273027804,34.73481443853563],[110.91144885032132,34.734766292336346],[110.9108711268831,34.734682394750685],[110.91087054377753,34.73468241415531],[110.91069777738252,34.73468822979407],[110.91069772171797,34.734688208119124],[110.91056782814152,34.73463447277376],[110.91025020399104,34.734473247805205],[110.90946180257227,34.73418765167815],[110.90912408826449,34.733908350416314],[110.90900298638424,34.733693605145284],[110.90856971780224,34.73361457659638],[110.90856915544191,34.73361460321695],[110.90814691462344,34.73363641728023],[110.90802324386902,34.73364276823201],[110.90648769190248,34.73358186271393],[110.90636831605708,34.73357712778445],[110.9060303333774,34.73354824645057],[110.90603017936398,34.73354829500858],[110.90582224952463,34.733612482478414],[110.90561407695998,34.733755423089974],[110.90536269855431,34.73378384911595],[110.90536251081531,34.73378378857478],[110.90458294724557,34.73353281209784],[110.90420183637067,34.733325014497176],[110.90400363940206,34.733145135521966],[110.90330835775731,34.732514101725044],[110.90298242150288,34.73221827956656],[110.90278892571608,34.732131902411005],[110.90078796577183,34.731238644932645],[110.89987782550867,34.730225747395274],[110.8997975527615,34.73013640895931],[110.89957623822555,34.729890103055446],[110.8983448232641,34.729234916199076],[110.89771850911154,34.72868630138284],[110.89617955609877,34.72733822707813],[110.89594510333312,34.7269167810378],[110.89554545551225,34.72619837403295],[110.89540231724237,34.725941064241155],[110.89489034094784,34.724511752469716],[110.89468195061293,34.72392996478739],[110.8945819270695,34.72365071539171],[110.89456834984674,34.72359561672186],[110.89433909517484,34.722665249447715],[110.89418824485129,34.722053053321645],[110.89399522383586,34.72126970018348],[110.89369721079815,34.72006022294666],[110.89345570849292,34.71908006432993],[110.89341807116092,34.71892731204618],[110.89347041739836,34.71846442666945],[110.8936160473631,34.717176630579296],[110.8936675356206,34.71672131800616],[110.89373674225267,34.716508422137096],[110.89409843012703,34.715900292258915],[110.89472307187266,34.71485001519631],[110.89480048125162,34.71460180609426],[110.89551397563962,34.71231395042254],[110.89559309118621,34.712060256996715],[110.89604857234043,34.711318666672824],[110.89713913463562,34.70954300422781],[110.89745978350248,34.709020903454196],[110.898284489112,34.70773366566768],[110.89828508795026,34.70772866685693],[110.89834490217213,34.70722916789215],[110.89843445285366,34.70648133981785],[110.89844686599982,34.7063776752919],[110.8996764867964,34.70636328036314],[110.90056780172036,34.706514260715146],[110.90109136114474,34.70660294278477],[110.90210196833114,34.7067945638654],[110.9031415161279,34.706938496979745],[110.90351699772512,34.706914944019594],[110.9038066344776,34.70619965843861],[110.90367879864664,34.70576045268934],[110.90366922794828,34.70572756919002],[110.90360527308472,34.7055078328071],[110.90351926829446,34.70495920417417],[110.90335211788734,34.70461314285171],[110.90277019097842,34.703408323919405],[110.90172746301621,34.70225779740114],[110.90141597227984,34.70191409662069],[110.90129925084969,34.70178530446593],[110.9004274257251,34.70046990126185],[110.90042686354475,34.70046905165785],[110.90018684448025,34.70010690422316],[110.90018724671677,34.70010642319031],[110.90013023479985,34.69948626282758],[110.89851206344888,34.69981086685445],[110.89852385786756,34.69981883447857],[110.89858940359966,34.69989825432689],[110.89859498509503,34.6999127656447],[110.89859523755443,34.69992949274399],[110.898529133031,34.70007890792288],[110.89841855837766,34.70029733264161],[110.89840431157033,34.70031778136577],[110.89821895253206,34.70050726178941],[110.898155964471,34.70061808023152],[110.89808239763568,34.700722711408545],[110.8980278450459,34.70077585089029],[110.89801942237216,34.70078011570649],[110.89781240946233,34.70078966148228],[110.8975723934547,34.7008516007792],[110.89741941347972,34.70093035060154],[110.89735138451883,34.70101655540868],[110.89732412883653,34.701044291902534],[110.89730690806559,34.70105179890162],[110.89717345799664,34.70110173902495],[110.89706669819442,34.701238520718825],[110.89707743553915,34.70138270587418],[110.89715526682913,34.7015115341625],[110.89726009637846,34.701619932680416],[110.89735527715571,34.70171179080386],[110.89743639142718,34.701780355852286],[110.89743868011182,34.70181586950457],[110.89737380725997,34.70199116862468],[110.89732496749178,34.70218289890813],[110.89732422536213,34.70218459747308],[110.89717923270518,34.70237870122435],[110.89712092580372,34.70249716354085],[110.8971532447502,34.70275845594865],[110.89715470514354,34.702915493891595],[110.89715647658646,34.70292436633042],[110.89432401810525,34.70939006613557],[110.89405885041862,34.709779266351426],[110.89375086769003,34.710262478913336],[110.89359899741316,34.71047865616183],[110.89347662980639,34.71064490559181],[110.89340879024724,34.71088805186562],[110.8933692404614,34.71110480656845],[110.89335096935277,34.71126875632584],[110.89332642537082,34.71137859520668],[110.89326510495705,34.7115316910396],[110.89319732468195,34.711624063842216],[110.89298340168286,34.71197253047973],[110.89290131502794,34.712146207251934],[110.89252464960781,34.71254367291469],[110.89162494006817,34.71316951727102],[110.89135612373833,34.713244570336784],[110.89095507701249,34.71331615664412],[110.89075362174573,34.71337929410925],[110.89063313161256,34.713528125837286],[110.89067696580926,34.71376503994251],[110.89095614486871,34.71384827804263],[110.89116119854015,34.713885621745426],[110.8912699739443,34.71395106499229],[110.89182205968729,34.71415068488476],[110.89212967536999,34.714180135852885],[110.89222937157642,34.71421023613212],[110.8922322167688,34.71421164667508],[110.892238222795,34.71431870706317],[110.89223620316048,34.71433728365292],[110.8922257268072,34.714359831653866],[110.89211937233175,34.71449795037065],[110.89205871785924,34.71461559935687],[110.89204091827341,34.71467368044578],[110.89174736989244,34.71531037516488],[110.89099583269333,34.716944930719755],[110.89085219417649,34.71725732884376],[110.89060453274189,34.717722103122675],[110.89049027982566,34.71810002287892],[110.89039412164202,34.71831686337138],[110.89031084575804,34.718689448209325],[110.89017328713872,34.71916840443088],[110.89016280957749,34.719196758310076],[110.89010757891451,34.7192443956683],[110.89005345540227,34.71935372930027],[110.89005242014386,34.71964097991536],[110.89008102991228,34.719919720776915],[110.89020380393784,34.72002147881128],[110.89023769509534,34.720152297925004],[110.89029581008661,34.720310890093835],[110.8903554439759,34.72060753494017],[110.89046494212407,34.72069322097607],[110.89058522318392,34.7207145603063],[110.89071483597529,34.72070805658029],[110.89075357672209,34.7209740899319],[110.89067081362265,34.72099195583642],[110.89029202339825,34.72114198822506],[110.88979478697738,34.721452079209406],[110.88956358363252,34.721625472435846],[110.88943633614404,34.72183132794475],[110.88938429350327,34.72196824038842],[110.88939205630007,34.72209251416501],[110.88945268860299,34.72219287607047],[110.8895810549319,34.722272513414794],[110.88973263813887,34.72228933246232],[110.88986098620805,34.7222612105508],[110.89003039342296,34.722169213700305],[110.89019563819055,34.72212286909297],[110.89037688457353,34.72211955371983],[110.89051104696544,34.722146823459674],[110.89100558210487,34.72227152461364],[110.89107586969905,34.722307867093676],[110.89114193291142,34.72243616814594],[110.89132019366144,34.72300210071034],[110.89137031725525,34.72310843863116],[110.89136719695681,34.72326036996376],[110.89131773586168,34.72347031346683],[110.89129923682441,34.72369891520227],[110.89128643369307,34.723921520328894],[110.89129460025258,34.724540359596965],[110.89126400190962,34.72480299365966],[110.89123140661285,34.724975501575344],[110.89120182754894,34.725124870821425],[110.89116022644686,34.725208565107],[110.89114591634015,34.725290161814364],[110.89118003579057,34.725424488199685],[110.89132794287708,34.7255327505051],[110.89146854889975,34.72555624976645],[110.89198133626864,34.7255444317408],[110.89209165624956,34.72556269499932],[110.89228683800542,34.72561504213195],[110.89237827567115,34.72565084275833],[110.89249587944938,34.725724637978935],[110.89257286804327,34.72578352198362],[110.89264515911192,34.725846325696665],[110.89276628880455,34.725978485531776],[110.89281350736341,34.726049377178825],[110.89285264986714,34.72614653549711],[110.89292099571634,34.72626180022787],[110.89304024279123,34.726402661372134],[110.89314338072715,34.7264882645265],[110.89325801751738,34.72655458359941],[110.89331952982883,34.72662030979119],[110.89334116043064,34.72665801634716],[110.8933997631316,34.726792686227625],[110.89350814202953,34.72696730651842],[110.89357110546942,34.727087012887054],[110.89359606346768,34.72718406120437],[110.89351347990251,34.72724147461917],[110.89344817454078,34.72730550782053],[110.89337510677453,34.72738356394612],[110.89333385774827,34.72748468016054],[110.89332574545143,34.72762749638021],[110.89334026238059,34.7277379884399],[110.8933887509453,34.72785919750619],[110.8934568979519,34.72794390167845],[110.89357274881212,34.72803075863063],[110.89368536471454,34.72808102567944],[110.89376525614425,34.728096461939465],[110.89398066327243,34.72810449738996],[110.89408382648222,34.728090528531304],[110.89414716838313,34.72809538817385],[110.89414978836957,34.72809656680783],[110.8941974521924,34.72813435531506],[110.89424335305314,34.728192478382525],[110.89427443133623,34.72827453397685],[110.89434912805979,34.72834922130573],[110.89441000050348,34.728394386712786],[110.89452600617388,34.72845262089645],[110.89467589570998,34.72851288002095],[110.8948313506938,34.72856096824174],[110.89500883549427,34.728579148000996],[110.89540958761559,34.728798095982796],[110.89546584122934,34.72907580875375],[110.89547484539924,34.72912026205103],[110.89542793975357,34.729484343560316],[110.89543716489888,34.72972008984483],[110.8956833319368,34.729827907374556],[110.89588984223037,34.7298199676296],[110.89606141078612,34.72974935963909],[110.89624460955727,34.72974421183994],[110.89634473482927,34.729774748953446],[110.89646685553461,34.72987012421104],[110.89652519053269,34.72994249314614],[110.89654778873039,34.729975756822],[110.89654540564527,34.72999117814656],[110.89649244491427,34.73012184130107],[110.8961616183144,34.73060545532826],[110.89605639104072,34.73084780238214],[110.8963713673682,34.73096184022871],[110.89659545719287,34.73089440140316],[110.89679745265771,34.730797133391434],[110.8970391450553,34.73059298983896],[110.8974321673748,34.7303640291342],[110.89762846952799,34.730323650056626],[110.89772703457373,34.73035424601774],[110.89787363934191,34.73044706594778],[110.89822102085233,34.73079815895793],[110.89840407421251,34.7309296914545],[110.89930484087753,34.73179437929015],[110.8998854223219,34.73224800847657],[110.90029214166759,34.73251964236771],[110.90059125224415,34.732745532766415],[110.9010464050347,34.732999017435446],[110.90246386594568,34.733663590578715],[110.90370647929205,34.73402616685305],[110.90390958343481,34.73410343131866],[110.90462238105975,34.734297188004625],[110.90481473241236,34.73433544069224],[110.90494708456215,34.73434963688307],[110.90509290633791,34.73434975058647],[110.90520910308986,34.73433386335137],[110.90534385971947,34.734273347480126],[110.90553803255291,34.734116896784485],[110.90560341581143,34.73404138572702],[110.90567146350618,34.7340203893238],[110.90579122520117,34.73402048200727],[110.90589943572786,34.73406379156512],[110.90606012405803,34.73430742677523],[110.9061746283348,34.73473767563392],[110.90639589282227,34.73487995781631],[110.9067122743102,34.73478233580032],[110.90681451434307,34.734571985099016],[110.90685690530441,34.73429998173481],[110.90687066631858,34.734302263841265],[110.90736559712009,34.73468969131749],[110.90767309774648,34.73481548842063],[110.90787832669629,34.73484869265529],[110.90805833490893,34.734785992303344],[110.90812221177443,34.73475287356331],[110.90815398946941,34.7347443962132],[110.90824890780628,34.73475037927478],[110.90844928268444,34.73476824659695],[110.90872285756946,34.73483597836421],[110.91103340295244,34.735255514279814],[110.91129601735608,34.73525390746821],[110.91165917017088,34.735200635006],[110.91201468580634,34.73517395060988],[110.91211650033418,34.735176925789474],[110.9122224357728,34.735198511015376],[110.91233240634469,34.735233148044315],[110.91242345969306,34.735276802725565],[110.91252350575265,34.73534372680505],[110.91253826370861,34.73535149233955],[110.91261901248502,34.73549396241137],[110.91263882606698,34.73596659957281],[110.9127078679862,34.736209668015064],[110.91292769372984,34.7363992718632],[110.91330732273106,34.73634154153262],[110.91335738914071,34.73610317800468],[110.9133620357666,34.73591235291001],[110.91339088469798,34.735556512612746],[110.91344994441934,34.735278519865794]]]]},"properties":{"code":"SXPR-P32","name_short":"运城湿地","merged":true,"area_km2":867.476}}]}