{"type":"FeatureCollection","features":[{"type":"Feature","geometry":{"type":"MultiPolygon","coordinates":[[[[113.50235314340325,37.85017062695085],[113.50275520548144,37.85007200333915],[113.50331578541667,37.850105118228235],[113.50378821128946,37.85002976465311],[113.50391827587093,37.849635172725215],[113.50365376806455,37.84842704544297],[113.50325663599146,37.84673983591067],[113.50315414053526,37.84635771400428],[113.50310666382804,37.84618070719161],[113.50297633644753,37.84569481112173],[113.50297449324742,37.84568793625102],[113.50294794135286,37.845588942280145],[113.50270629133017,37.845195111598215],[113.50255649673886,37.84495098011698],[113.50213564327225,37.844135744859265],[113.50223911860945,37.8431762843384],[113.50224104277592,37.843158445722125],[113.50275510392818,37.84232108068171],[113.5031615477086,37.84195438947899],[113.5032821148371,37.84184598828019],[113.50395495702891,37.841610993370644],[113.50498530770547,37.841514757928365],[113.5057082843733,37.84150614150217],[113.50618738056733,37.841500428027345],[113.50710504352942,37.84151466402248],[113.50736950026877,37.84154140283074],[113.50784088205866,37.84158906168988],[113.50794561568597,37.84159806847167],[113.50815776568899,37.84161631281855],[113.50872229757786,37.84166485723249],[113.50960411877774,37.84157441976625],[113.5096370113313,37.84157104679766],[113.51046152118292,37.84122469039172],[113.51108317604053,37.840779072538716],[113.51139854149575,37.84040754200057],[113.51140527445759,37.84037587159916],[113.5114972531092,37.839948305668614],[113.51168177920553,37.83936113551769],[113.51216674545269,37.838988237149735],[113.51287902622495,37.83889196618781],[113.51335509282242,37.83880555347419],[113.51346954606647,37.83878477930037],[113.5135142989442,37.83873811472526],[113.51374515572662,37.83849740990059],[113.51370260464455,37.837975887109444],[113.5136056535114,37.83739922723465],[113.51365695575998,37.83696577462966],[113.51367425216243,37.836931626654255],[113.5137864886875,37.83670404415471],[113.51374948373333,37.83645037238117],[113.51349079844111,37.83610685822408],[113.51297971774528,37.83573044938885],[113.5124010040352,37.83536899211613],[113.51202235928436,37.834899678948524],[113.51183835712247,37.83430911294984],[113.51180438914818,37.83380992244456],[113.51179998469226,37.83365914089015],[113.51179818849663,37.833501549931405],[113.51172018596063,37.83312715243525],[113.51145737940115,37.83268238725857],[113.51109885745302,37.83213607577112],[113.51092897111491,37.831479902281],[113.5111307358889,37.830899120345336],[113.51152218128497,37.83053272289016],[113.51175354413563,37.83025981335483],[113.51176004919331,37.82986559841944],[113.51167760473523,37.82938095306805],[113.5117468616174,37.8290371915501],[113.51206046604685,37.828929165928926],[113.51241195608011,37.82899542193626],[113.51253264321625,37.829018171024984],[113.51281266081119,37.82904727099038],[113.51291015403652,37.82905740187217],[113.51303183283072,37.828836373042954],[113.51276523034798,37.828195777069034],[113.51271242312089,37.82808272034257],[113.51234658744347,37.827299463004884],[113.51217520449926,37.82643164811369],[113.51225736555038,37.82567326606851],[113.51248781497392,37.82499729092548],[113.51251915893654,37.82497396378812],[113.5124149751994,37.82448556267355],[113.51107875333484,37.8231794711394],[113.5103543276273,37.822193969396025],[113.50880946758673,37.821821756164425],[113.50773449552258,37.821129694173045],[113.50659788784702,37.82039126993291],[113.50455501943705,37.81950529494225],[113.50297217233086,37.81889548897999],[113.50200907719483,37.81884446645741],[113.50150354011245,37.818998203077015],[113.50113657987451,37.819697135568816],[113.50106822587485,37.82034206017371],[113.50135691848439,37.8208840682445],[113.50121806544634,37.82122067068821],[113.50067605669003,37.82118452058906],[113.50030292791081,37.820811130776086],[113.49992819428495,37.82039010829796],[113.49935777649877,37.82040222083188],[113.49903637272585,37.820671199291645],[113.49884790916958,37.821318672594295],[113.49832678381797,37.821901708091076],[113.49770192986267,37.82208179461789],[113.49721915816836,37.82202053986694],[113.49677716387158,37.82138644290623],[113.49625747868714,37.820229681698464],[113.49590155897832,37.819474596403474],[113.49555768007282,37.81907673713259],[113.49505212651128,37.81923044745422],[113.49452055945294,37.81950386803673],[113.49385927837258,37.81949404554896],[113.49287213434195,37.818728488614006],[113.49205872879318,37.81776858557476],[113.49131739936702,37.817164636781094],[113.49095754192477,37.816290455516445],[113.4909959617295,37.81564616955939],[113.49224795763632,37.8135700904097],[113.4935459336868,37.81196966966062],[113.49494513328953,37.81070074455719],[113.49692538035214,37.80884750476958],[113.49852896191622,37.80740737633383],[113.4999807933807,37.80592278438772],[113.50051253149704,37.80476753951527],[113.50160972019468,37.80345728575739],[113.50196374192458,37.8023773088738],[113.50316564635702,37.80061200161234],[113.50427399275037,37.79963513935992],[113.50540645637864,37.799372723040506],[113.5079998889868,37.79879319791739],[113.50949489744087,37.79859451666996],[113.5111991794369,37.79836751951244],[113.51282632916373,37.79852346273476],[113.51422388036855,37.798994105050944],[113.5172707036269,37.80011276650745],[113.51918991295844,37.80037677117243],[113.52069522698507,37.800285671808275],[113.52328774295245,37.79968199757356],[113.5247259344889,37.79957966869917],[113.52685685433062,37.79953395415078],[113.52853026693043,37.799283537784625],[113.53059864113372,37.79828581065162],[113.53491823954815,37.796040142268275],[113.53655681667415,37.79510707934954],[113.53825016171172,37.7936883202306],[113.54005287422898,37.79195735805403],[113.54145027339999,37.79130210108691],[113.54245098257735,37.79095231280476],[113.54204861856323,37.790603518736255],[113.54111670803114,37.79057596833496],[113.5394078257188,37.79066050163877],[113.5378352767929,37.791218713387124],[113.53623595023363,37.791872810983726],[113.53479234478445,37.79269036090993],[113.53329104747579,37.79377297141883],[113.53292514730246,37.79440286476686],[113.53297152300226,37.7957603026571],[113.53249412077541,37.79662446545333],[113.53133667701266,37.79703067134721],[113.53002347131064,37.79727338712391],[113.52907279013249,37.79669800651029],[113.52840680862047,37.795663692292216],[113.52791684975107,37.794506433086845],[113.52765725048341,37.79305823929568],[113.52726384637499,37.79208956272765],[113.52672689683506,37.79131462138382],[113.52524750339673,37.791084203438025],[113.52380461380272,37.79104364345845],[113.52160014608978,37.79068572493798],[113.52055230126432,37.78989786326006],[113.51987193518356,37.788434822620665],[113.51990282164395,37.78757619937739],[113.51933678305033,37.78682567840849],[113.51806027761857,37.786376336700435],[113.51572382351901,37.785663643179184],[113.51340274595722,37.78540338847422],[113.51264691004174,37.785252693297245],[113.51223664628314,37.784665637660005],[113.5122756875182,37.784045163438115],[113.51305924740082,37.78324197712924],[113.51481846712927,37.78198897087387],[113.51612431265222,37.78065029682239],[113.51626751038427,37.78031246536407],[113.51611043729802,37.78006757011188],[113.5160572587439,37.77991617965948],[113.51559601137862,37.7797735063583],[113.51519671169525,37.779686706290846],[113.51480747802762,37.779542492579814],[113.51464564023225,37.77937435581233],[113.5143319723662,37.77933338884174],[113.51393072891163,37.77937347335295],[113.51277271726089,37.78010222254336],[113.51027885524647,37.78094187779113],[113.50844893905449,37.78131629168654],[113.5075063490257,37.78189362430428],[113.50683138109962,37.78217968364693],[113.50593456929332,37.78229886737269],[113.50488793221596,37.782249639289375],[113.50394215698212,37.78205658688062],[113.50323362775879,37.7821643106151],[113.50174615599957,37.78257723933853],[113.50059516466897,37.783173663894615],[113.49957140526845,37.78398186890751],[113.49771061965113,37.78490315147543],[113.49454261630912,37.78535162376655],[113.49250207444368,37.78539483402286],[113.48964731307115,37.78533606396783],[113.48829260235136,37.78433990408515],[113.48857554274635,37.78292781066018],[113.48908290459354,37.78193995563788],[113.49018675637772,37.78172595898865],[113.4918963285693,37.781665962534774],[113.49305697789794,37.78135540735693],[113.49318299586878,37.78063776479453],[113.49373988403839,37.77933902217872],[113.49488927463943,37.778695033496646],[113.4960166531787,37.77828982397739],[113.49754163721471,37.77720886419929],[113.49936549656911,37.77697950920068],[113.50149449785086,37.776004841470474],[113.50216451014752,37.77539479689625],[113.50156794267922,37.774621000988766],[113.50087816713587,37.7737538523481],[113.50141129415246,37.772646237151356],[113.50288760726207,37.77101809799561],[113.50303548694892,37.77006165727134],[113.50295700786715,37.769515180296196],[113.5025240936588,37.7693231485853],[113.50214463209966,37.769288314056396],[113.50178976375254,37.769181457148896],[113.5013169825046,37.76924779092981],[113.50092645052622,37.769221242074785],[113.50045939278763,37.769259758258706],[113.5000702102624,37.76920367297674],[113.49964815540392,37.769241230589735],[113.49940731013541,37.769310689966105],[113.49922119756772,37.76940963805199],[113.49889960214304,37.76938684926972],[113.49859438232305,37.76922815035023],[113.49835075464397,37.76896132148432],[113.49818033118103,37.76871469596495],[113.4980658332325,37.76852408150986],[113.49791365160858,37.76828421877488],[113.49778871374382,37.7680509263611],[113.4973893362671,37.767959300257],[113.4970042489312,37.76802466317952],[113.49674492363357,37.76808021041082],[113.49635777319472,37.768069635841485],[113.49269731433576,37.76618174044357],[113.49164090951575,37.76601343468759],[113.49071569858073,37.76617599922297],[113.49002605360812,37.76709621681716],[113.48988350654331,37.767281749699215],[113.48963796329345,37.76734409234422],[113.48899374568559,37.767381541061305],[113.48851532959095,37.767439315971174],[113.48824172938126,37.767337850682814],[113.48777033099438,37.76715714905161],[113.48724834546924,37.76681068661008],[113.48632455120986,37.76656803432039],[113.48568115909589,37.766543429742136],[113.48537913436955,37.76657607240938],[113.48503213503842,37.76652381353861],[113.48470995366682,37.7663161187503],[113.48420807311653,37.76617295939975],[113.48375298509968,37.76597881663079],[113.48326979172215,37.76589367468785],[113.48278898940033,37.765879979343815],[113.48243376445568,37.76603046260885],[113.4818547220115,37.7662360073018],[113.4816215918967,37.76624880862972],[113.4808513926501,37.76606573726233],[113.48020836952256,37.76629431174138],[113.47941317195999,37.76621572403157],[113.47878088771716,37.76598117502282],[113.47828243064542,37.76543874853302],[113.47724262783126,37.764507321756135],[113.47668284312108,37.76356579125869],[113.47649323261234,37.7629215330093],[113.4767470551789,37.76261113831262],[113.47712150764411,37.76231727319815],[113.47775231518628,37.761789220948714],[113.47873436742452,37.76171135921187],[113.48077535602735,37.760982009097816],[113.48207235239119,37.76026830695354],[113.48249349332819,37.75993530871249],[113.48261582062187,37.75928448450184],[113.48307411700326,37.75862657860886],[113.48366322946931,37.75829003410873],[113.48430711447051,37.75743754933387],[113.48520753988417,37.75707536432669],[113.48577646005191,37.75685363293762],[113.48637589670096,37.75597358622657],[113.48629010680666,37.75526043810683],[113.48605596410455,37.753999422385],[113.48520312144221,37.75306538932054],[113.48453975630507,37.75207841515623],[113.48404840900588,37.75084948427393],[113.48443327120397,37.749792734037875],[113.48492603349014,37.748740265633046],[113.48507341739449,37.74634115228461],[113.48508055086442,37.7449396460553],[113.4844589015608,37.742982249289014],[113.48368165412452,37.74217641421131],[113.4827224911598,37.74131482646394],[113.48271161823413,37.74054049522499],[113.48315457273988,37.73987576300518],[113.48397331845506,37.739645921630505],[113.48444427088043,37.73935382317165],[113.48456254305178,37.73923209037691],[113.48454908225676,37.73849981615307],[113.48458970260143,37.73823196835224],[113.48393564552491,37.73751886603714],[113.4834063318472,37.73694612698687],[113.48277910230607,37.736137120746214],[113.48228337677048,37.73567091510209],[113.48195537491655,37.73528458737128],[113.48154328290653,37.734914416886895],[113.48156996998385,37.73436570399502],[113.4817371702315,37.73398085927931],[113.48198132338443,37.733653975439466],[113.48211495244344,37.73316258981658],[113.48219099261239,37.73274391676733],[113.48212771643048,37.73219710001458],[113.48188650939943,37.731713612296794],[113.4816922738077,37.73128871510892],[113.48142029310388,37.73078204231354],[113.48138899731445,37.73029413187835],[113.4814362459667,37.72991181478657],[113.48160860617723,37.729681773640486],[113.48170401325567,37.72939377181695],[113.4816865173857,37.72886982144896],[113.48172075977952,37.72854735964698],[113.48163227795325,37.72814406834806],[113.48134412320131,37.727601985522305],[113.48108834434761,37.727130719497204],[113.48104047277984,37.72659549236211],[113.48086829168301,37.72593180369746],[113.48087056614712,37.7255504327182],[113.4806795337,37.72522079741874],[113.4803567223173,37.72480715533014],[113.48071168256438,37.72438597657478],[113.4808141317411,37.72385950004566],[113.48086297080114,37.723524814772794],[113.4808818257389,37.723190759940834],[113.48108018134138,37.72284100911727],[113.48119017690827,37.72254078419871],[113.48120704312785,37.722147190542664],[113.48108978388952,37.721780252738874],[113.48090233881754,37.721557788916726],[113.48048311945895,37.72122090993508],[113.480357804341,37.72092708788532],[113.47995807887975,37.7206839419917],[113.47964951900413,37.72042827685909],[113.47958865994828,37.71995290332702],[113.4796193350009,37.719523267932],[113.47984488850894,37.71908953283761],[113.48017537567124,37.71865358852971],[113.48062152065992,37.71853694848846],[113.48132687494802,37.71854592926974],[113.48207640626364,37.71853014203222],[113.48247292138464,37.718724367080604],[113.48292820824378,37.71888160207236],[113.48375548100728,37.71894758048104],[113.4847654280458,37.71909311544995],[113.48558885858255,37.719492818726664],[113.48619978949898,37.71990008719449],[113.4876822577171,37.72043387768379],[113.48945948373667,37.7215403080572],[113.49045881040111,37.72271082178536],[113.49114716190572,37.72355424494689],[113.49204221993456,37.7242979602395],[113.49284937369788,37.72420938725697],[113.49312204946024,37.72339330852859],[113.49289742454464,37.722063433277384],[113.4929949925004,37.7213940546156],[113.49355346926568,37.721048580103826],[113.49422745633196,37.72146330154671],[113.49493862512111,37.72209172406101],[113.49615221407595,37.72226859784828],[113.49764533291342,37.72205820974892],[113.49907694616213,37.72113412962176],[113.4994461590129,37.719845294421226],[113.49952055691386,37.718711668743694],[113.50017410444953,37.7180721955545],[113.5012723397382,37.71727432608472],[113.5024106275651,37.717667228000366],[113.50326916634572,37.71866187479734],[113.50474978682932,37.71919643300016],[113.50664802482137,37.71876878429065],[113.50860210701741,37.71777389345075],[113.51035569456796,37.71639596278141],[113.51229558023668,37.7149842429988],[113.51378370170328,37.713522549812296],[113.5166177478802,37.71194272847752],[113.51940496614374,37.71119798083753],[113.52221344248458,37.709976059968724],[113.52339096072352,37.70957733750183],[113.52362853204272,37.708647107772194],[113.52348031115152,37.70640049008732],[113.52350442040931,37.70498908806281],[113.524158344849,37.70430397642632],[113.52556899644745,37.70388647206376],[113.5279659288169,37.703805285039834],[113.5295902048307,37.70415770621426],[113.53067576096392,37.70410460700517],[113.53176940208523,37.70318739541714],[113.53366807014903,37.70278909916075],[113.53492984454624,37.703506728538784],[113.53614817422907,37.705148787860836],[113.537018167976,37.70647063733625],[113.5383529446197,37.70712707544108],[113.53972710483528,37.706739978402744],[113.54051278422615,37.70559099932404],[113.54098649481085,37.704091255120446],[113.5413398140462,37.70345803439159],[113.5423817737121,37.7032270237963],[113.54267438800724,37.70301217670051],[113.54261351852317,37.7023283061255],[113.5422600410716,37.701859283863286],[113.5431541471287,37.70169103835781],[113.5445253350476,37.70231682919466],[113.54526877431164,37.70322428257589],[113.54613153406686,37.70323543421725],[113.54700729925037,37.70253132456552],[113.5475407554669,37.701685658048795],[113.54853908221978,37.701276794020565],[113.54869989578107,37.700498760284795],[113.54904497294963,37.69962737095161],[113.55021761511436,37.699929696000524],[113.55144304557493,37.700677722974675],[113.55225841702185,37.701494201652274],[113.55306154886081,37.70195345162228],[113.55342224581518,37.70263081877224],[113.55352476793335,37.703432941347465],[113.55407383682773,37.70413601256744],[113.55500270016306,37.70497980214889],[113.55620882657075,37.70516217709787],[113.55831110910746,37.705235714214204],[113.55940381531965,37.70539072737764],[113.56022035263095,37.70623691334219],[113.56054570291155,37.70652853293546],[113.56117479998312,37.7072506501421],[113.5616122099383,37.70767012458723],[113.56209064895802,37.707974309606335],[113.56267268753963,37.70841208447944],[113.56306675595958,37.70861800409807],[113.56361875157201,37.70870609089878],[113.56424121328385,37.708749744520254],[113.56470685921762,37.708682411839085],[113.56512507568162,37.70854461414555],[113.56534545503504,37.708411121497626],[113.56545870477913,37.70808914990015],[113.56599995111482,37.7076142004505],[113.5661965241539,37.707255787171455],[113.56639718630184,37.707072674843346],[113.56680713939517,37.70695649893019],[113.56736289959973,37.706766687624544],[113.56794385661082,37.70651704930775],[113.56832657996846,37.70639431328623],[113.5688391413109,37.706383140063615],[113.56937289527784,37.706464448505166],[113.56990566286863,37.70651717738901],[113.57054247876934,37.70668763836845],[113.57078586446377,37.70671814842302],[113.57115944461856,37.706861609542635],[113.57157605651139,37.70693831476364],[113.5721365460704,37.707011877860054],[113.57282082540834,37.70706366844746],[113.5757333701587,37.70810332043713],[113.576619185795,37.70834149545734],[113.57719365970266,37.7084719255682],[113.5778492647941,37.70877931943641],[113.57857898955841,37.70906125658306],[113.5795485197918,37.709337938494976],[113.58048270980916,37.70946047666457],[113.58147024241113,37.70939118137839],[113.58240908720587,37.70921569811299],[113.58347279111646,37.70918046435331],[113.58450527641985,37.709110158040296],[113.58536958697067,37.70894820205486],[113.58615729795847,37.70874025833615],[113.58697746472156,37.70860309313384],[113.58815507275473,37.708397144401516],[113.58745371513469,37.70763800087984],[113.58586577747036,37.70618334582658],[113.58496678610275,37.7051306185845],[113.58429778784644,37.704221792078386],[113.58336654552893,37.70331871109901],[113.58262678827786,37.70253058933221],[113.58165474844101,37.70261146951833],[113.58086383731502,37.702509633986],[113.58077134956156,37.70200522240098],[113.58134910366182,37.701366970791064],[113.58150543956985,37.700469835180684],[113.58111868385019,37.699048369642085],[113.58090245033627,37.69821897431253],[113.58095672385393,37.697621979024426],[113.58130553595424,37.69686957892203],[113.5812944611862,37.695469674320776],[113.58110124379536,37.69422270960596],[113.58043712709026,37.69128800333978],[113.5798308540661,37.69002028971096],[113.57953562219332,37.689073459165805],[113.57830496672904,37.68817688584496],[113.57653756339242,37.68693454990424],[113.57546093101415,37.68615374044882],[113.57365781894217,37.686044177778314],[113.57031689638866,37.68590855647188],[113.5693419707703,37.685900023797124],[113.56901204420743,37.68611574896516],[113.56952160253692,37.68676003173577],[113.56980436373094,37.68734967606032],[113.56941082000515,37.6878944847998],[113.56876991466798,37.68778929462257],[113.56682051424143,37.686699729851206],[113.56500458678195,37.68513057822001],[113.56321128818945,37.684216296560216],[113.56246169160649,37.68313034580725],[113.56220621459744,37.68224218466073],[113.56289020602092,37.68142296774728],[113.56354083017757,37.680723635491496],[113.56350597907938,37.67971151431067],[113.56291341561179,37.67883068463528],[113.5624291307713,37.677828334830735],[113.56156828103613,37.67677458727758],[113.55993707934879,37.67615535904287],[113.55993588155432,37.676153053917886],[113.55970073800722,37.67609298620979],[113.55870558774161,37.67601100513349],[113.55778511209702,37.67612331007072],[113.5571613694535,37.67626969149328],[113.55689697118768,37.676331737949695],[113.55595593925206,37.676608863363484],[113.55591328652746,37.676630045285826],[113.55581917375707,37.67667678585533],[113.55499345537243,37.67708686516871],[113.55421216825917,37.677416810763106],[113.55367286724861,37.677408672115384],[113.55366081293235,37.677408490119646],[113.55313869602307,37.67742655605877],[113.55299021187896,37.67747902096846],[113.55261591523734,37.677611275681535],[113.55213376943979,37.67782438573871],[113.55159516773398,37.67802295293453],[113.55058287055333,37.677916504873124],[113.54929190860811,37.67753233359341],[113.54854333190464,37.67728730169153],[113.54800334320502,37.677114319732475],[113.54714240273118,37.67675235548736],[113.546935966489,37.676617879171395],[113.54649329901437,37.67632951209649],[113.54599934259049,37.675928083549415],[113.54531792410404,37.67561627452343],[113.54454718863123,37.67548879301076],[113.54383243216952,37.6753408068357],[113.54377891702715,37.675329726886666],[113.54359113553093,37.67522431905585],[113.54314921190985,37.674976254190035],[113.54300198042871,37.67480617642527],[113.54282771578052,37.674604869779145],[113.54270235602766,37.674034331342824],[113.5426809641655,37.67393696922985],[113.54249013812297,37.672932233048],[113.54228853369301,37.67213040013951],[113.54175680238141,37.67163743941364],[113.54167152068547,37.67160172328624],[113.54114114373576,37.671379599675994],[113.54088235407895,37.671271215224415],[113.54045667097832,37.67120832952452],[113.54016237839068,37.671156123031075],[113.54002499909463,37.67120666406173],[113.54015970265029,37.671639584672846],[113.54010323011347,37.672093620528756],[113.54033649816893,37.672603376796324],[113.54024325911176,37.67303437291177],[113.54002710468797,37.6735538136871],[113.53986146836542,37.67397207015258],[113.5398061291027,37.67445944706689],[113.53981343963841,37.6746737832782],[113.53997090609097,37.67507077768254],[113.53998162800679,37.67538513656749],[113.53979947140273,37.675846646392124],[113.53945746204437,37.6763687997913],[113.53930979369414,37.67678666652516],[113.53935701095904,37.67764362217559],[113.53962283801911,37.678052581610906],[113.53965543815158,37.67848086553914],[113.53962475452177,37.67907575168513],[113.53937294635483,37.679605492964846],[113.53968274391187,37.67989672476618],[113.53982611512988,37.68014387706324],[113.5400978262115,37.68019760365031],[113.54080082468124,37.68058760480673],[113.54121388295351,37.68082894025765],[113.54103383619707,37.6813523717089],[113.5410422912471,37.68160004857733],[113.54076372963597,37.68187297761394],[113.54079875512181,37.6821963457008],[113.54100549071923,37.6826304064915],[113.54111438692291,37.683009379530944],[113.54100492978344,37.68331679634079],[113.54046461291729,37.6836525674345],[113.53934959453065,37.68401978537509],[113.53859286089462,37.68434114363539],[113.53823846255894,37.68450130567196],[113.53793395905822,37.68471758821844],[113.53762106868622,37.685391637418334],[113.5375816750507,37.68599544849109],[113.53780144773724,37.68694401860455],[113.53794566292505,37.687479528722996],[113.53864500349715,37.68793634982148],[113.5386921744366,37.68826422351611],[113.5385746129596,37.688686208190056],[113.53863685784174,37.689104319674485],[113.53857858056418,37.68950596105266],[113.53888642462408,37.69009037674951],[113.5395176481185,37.691011012600455],[113.53962980350197,37.69148524551331],[113.53961818243495,37.69184774936442],[113.53915102529395,37.69222007083741],[113.53863786382871,37.69265057744385],[113.53806121601919,37.69333030899359],[113.53769709374333,37.69391013134938],[113.53742822219269,37.69446883553149],[113.53683141410893,37.69455794827582],[113.53634752378454,37.69470420890362],[113.5360379302598,37.69459647538496],[113.53558691308007,37.69456328118483],[113.53525739281905,37.69439877658304],[113.53493030448816,37.694305716810696],[113.53461295461373,37.694498435432926],[113.53438113157317,37.69456061987115],[113.53380278041557,37.69448725975461],[113.53338335259224,37.694324682899335],[113.53324679041471,37.69454211017706],[113.53316855442506,37.694886981235726],[113.5334144869826,37.69523918321651],[113.53360063620185,37.6954210748855],[113.53320155160414,37.69585625589991],[113.53261444954488,37.69605476937438],[113.5314893229916,37.69630773536015],[113.53057803745516,37.69649890108923],[113.52972700960261,37.696874661820004],[113.52925021492463,37.697142287968816],[113.52893283663775,37.69733499219302],[113.5289435217123,37.697649353452555],[113.52896684725675,37.697806146802414],[113.52852212512323,37.69795868620699],[113.52822078233987,37.698093846699216],[113.52808808388937,37.69842558269569],[113.5282581869668,37.69866502574528],[113.528317964723,37.69883533658998],[113.52827566783824,37.69917943350256],[113.52747415783011,37.69995450234082],[113.52709016675941,37.70030592529945],[113.52706390588752,37.70059247921672],[113.52709311093219,37.70084884753176],[113.52708824228708,37.70105867775813],[113.52696445019608,37.701299658944706],[113.52669290216353,37.70142940998868],[113.52620708768468,37.70161002296634],[113.52495220805785,37.70165110586636],[113.52305723618954,37.701672627267094],[113.52225099949283,37.701956811585],[113.52202219067352,37.702285831398676],[113.52189575524021,37.70280332053589],[113.52169479827877,37.703246141121916],[113.52110629005783,37.70358285613959],[113.52087876389719,37.703949977947396],[113.52047769293937,37.70379887990926],[113.51883419164825,37.704427453015654],[113.5188988771466,37.705230418860545],[113.51884914219804,37.70597625014866],[113.51864650473341,37.706635977826565],[113.51802463848242,37.70709612752263],[113.51664933595498,37.70745320650398],[113.51450338257393,37.70806478937355],[113.51322049434057,37.709093721481125],[113.51207397734187,37.70956503122567],[113.50980229658204,37.71003051068375],[113.50830544547567,37.710121964505056],[113.50654427986076,37.71015944177533],[113.50433144569016,37.710146910854675],[113.50267166819161,37.70985447585116],[113.50070812863194,37.70944930232194],[113.49842136766618,37.709468018612526],[113.49508839499768,37.709598223415874],[113.49258277734637,37.70980020576212],[113.49023201374884,37.71014781801262],[113.48830438007957,37.710814147441795],[113.48599475392405,37.711720875140585],[113.4848226734782,37.71255590943175],[113.48317487527413,37.713520122796666],[113.4812895817704,37.71456081193656],[113.47996214662419,37.716137884502515],[113.47869302797137,37.717666050291854],[113.47830142204302,37.71809360648642],[113.47821119099291,37.718202555051064],[113.47812712290089,37.71831457342271],[113.478049386133,37.7184294391887],[113.47797813089835,37.71854692941692],[113.4779134968508,37.718666810587386],[113.47785561341874,37.71878884849361],[113.47780458942653,37.71891280305614],[113.47776053024137,37.719038432465695],[113.47772351946269,37.71916548816359],[113.4777156420579,37.719229222173844],[113.4776958847356,37.71928283196565],[113.47736256701816,37.720187231737434],[113.47705933637175,37.72135187757239],[113.47684166147884,37.72184264097135],[113.47677266195261,37.722473275003935],[113.47679408564684,37.72311630766038],[113.4770712864109,37.7244117453679],[113.47728261935299,37.72535107775097],[113.47751718933857,37.72644721488197],[113.47780134193388,37.72687022783617],[113.47764839647768,37.72903545494837],[113.47782061395841,37.72912949947707],[113.47783161424834,37.73080947363512],[113.47760223154212,37.73202976272999],[113.4775113593619,37.73335438713839],[113.47744780242581,37.7337304080664],[113.4756146742055,37.73480261491611],[113.47426379879077,37.73550775626833],[113.47284659153637,37.73634253095047],[113.47225593061658,37.73598830608033],[113.47165930589797,37.73591502804323],[113.4709457591515,37.736115891436604],[113.47029378913513,37.736544252784725],[113.47006088583284,37.73712112038967],[113.47008131376299,37.73773557554382],[113.4701589886981,37.737905543029115],[113.4701155989104,37.738044682231376],[113.46977092672866,37.73850949561368],[113.46944376915906,37.73895964223857],[113.46895418680893,37.73939889182461],[113.46862607088508,37.73982045726781],[113.46823072374264,37.740386426711474],[113.46784624332723,37.74073767154641],[113.46745606267099,37.74091744017205],[113.46710851372328,37.741296509953095],[113.46695415593462,37.74152853599791],[113.46692908142863,37.74185795213883],[113.46694569052221,37.742358090609315],[113.46757536060788,37.7428455147573],[113.46746726845288,37.74317248947714],[113.46713900462717,37.7441654513975],[113.46640982590425,37.74570601254257],[113.46635385347005,37.74673198974728],[113.46583849213968,37.74748159203808],[113.46513608735556,37.7489262541837],[113.46475020320877,37.7508647745623],[113.46532958948836,37.751138641752185],[113.46477786870018,37.75169833996922],[113.46058172202105,37.75097575764828],[113.45653010945699,37.75008318252138],[113.45461313777109,37.74874108690744],[113.45319127214033,37.74794847807818],[113.45207021687257,37.74672060060299],[113.45072189406112,37.745425942292236],[113.44899581331693,37.74496135219843],[113.44531023672268,37.74514516331031],[113.44326809408037,37.744651298761354],[113.44087193620774,37.74434348149579],[113.43763624910493,37.744517729098604],[113.43751886703859,37.7450563963948],[113.43666406746223,37.74507408193151],[113.43488205378542,37.74564716706979],[113.43418211842238,37.74626936838076],[113.43350158806554,37.7466037276937],[113.43349432607371,37.74702901170861],[113.4337627876886,37.748081870730104],[113.43397510649838,37.74861119023577],[113.43400073397083,37.74866196993935],[113.4343148002328,37.749284253654686],[113.4349226449939,37.75052376362972],[113.43512746166361,37.750936413195],[113.43577888137071,37.750609930656424],[113.43750885396412,37.74959104238905],[113.43791346373835,37.74934434191539],[113.43827045212073,37.749932773597216],[113.4384924816784,37.74983880389628],[113.43924244337535,37.749292996951986],[113.44152672982854,37.74938867013019],[113.4429143146004,37.74959822825742],[113.44617255946649,37.7501025970203],[113.44876310176082,37.75038243176559],[113.45017429568246,37.75130639529591],[113.45203377115148,37.75307898871246],[113.4526686769736,37.7537491785578],[113.45352469960007,37.75421992049184],[113.4548034382139,37.75476526259077],[113.45594255142522,37.75509483201895],[113.45725924841017,37.75497203975665],[113.45893274158931,37.7547464549548],[113.46026362884795,37.75505232138561],[113.4618266025122,37.75511499610874],[113.4631464444529,37.75508740302939],[113.46395322386137,37.755880838854274],[113.46397830156958,37.75663651203515],[113.46664241870965,37.75650448695048],[113.4668825104778,37.75794848146349],[113.46907196588714,37.76312671547547],[113.47041325747195,37.766625813889085],[113.47168215537137,37.77083185693253],[113.47249184898145,37.77422768282176],[113.47369254440987,37.77710050608278],[113.47433458346727,37.778345375818226],[113.47532718185172,37.779296883676615],[113.47636400036603,37.780133056430785],[113.47804261982351,37.78076505458361],[113.47991776792873,37.781526352124345],[113.48117772828186,37.78256750772271],[113.4849274351221,37.785500863847226],[113.48680714057309,37.78782536213252],[113.48719025085977,37.788503644598876],[113.48784348917407,37.79007231822686],[113.49232482562564,37.79136417599087],[113.49565338398645,37.79384890395821],[113.49705847451803,37.7949058695456],[113.49729350165273,37.7951700476621],[113.49768330200301,37.797651135582626],[113.49742989715067,37.80015890913345],[113.49614042154217,37.802003471425245],[113.49033251930796,37.80793560281166],[113.486329068934,37.81167465283745],[113.4858390672271,37.81318643935355],[113.48537329677461,37.8135932943588],[113.48494297578891,37.81400862653572],[113.48453356008976,37.81434138777389],[113.48401830376386,37.81474311182228],[113.48351249715864,37.81506837085733],[113.48313494274012,37.81527652695091],[113.48267237224367,37.81545787612323],[113.48201603072496,37.81559411031435],[113.48155216073802,37.81560199160969],[113.4810166707192,37.81562731740617],[113.48121041676305,37.816200519570614],[113.48123427349744,37.8163975287602],[113.48133989319227,37.81726968740597],[113.48137820696728,37.81778635478688],[113.48139941608267,37.818072354844375],[113.48139032803667,37.81814819285421],[113.48134394679006,37.81853516084422],[113.48112191829959,37.818834836745985],[113.4807749472331,37.819218214251165],[113.48039400168793,37.81971039613829],[113.48010923997118,37.82020148090691],[113.48008334902572,37.820246133206226],[113.47988832143861,37.820759167831966],[113.47981471791935,37.821274147106465],[113.4796974475138,37.821693215998785],[113.4795542641534,37.82179600048579],[113.47939042530528,37.821913611976925],[113.47914056294496,37.821932324377805],[113.47893026629502,37.82194807369381],[113.47844218151843,37.8219538455352],[113.478050098676,37.82209270904412],[113.47779094202417,37.82238640573262],[113.47772319757645,37.82282244430729],[113.47769193197249,37.82297999612944],[113.47765274257058,37.8231774727464],[113.47755402583118,37.82316880098969],[113.4773442581138,37.82315037019011],[113.47723918183738,37.82314113843188],[113.47664315382211,37.82278436958457],[113.47638813349947,37.82266359245999],[113.47619244708777,37.822570913882714],[113.47579835771302,37.822777369953464],[113.47557363587721,37.823358577347456],[113.47565947789263,37.823931001342395],[113.4760132109641,37.82427936150651],[113.47640175519106,37.824352977675396],[113.47696531256621,37.82445974959595],[113.47707498370178,37.824483910222646],[113.4776083149407,37.824601396230854],[113.47826232829227,37.8247454637906],[113.47861792038898,37.82499975959412],[113.4789766037604,37.82525626175829],[113.47898728163106,37.825263896790695],[113.47899303119718,37.825284562208886],[113.47925756426972,37.826235522103616],[113.47930672074702,37.826380234539066],[113.4796441480932,37.82737358906634],[113.4798251912425,37.82783568728567],[113.47990490913757,37.8280391569836],[113.48040000238724,37.82883489911133],[113.48104491534139,37.83009812552517],[113.48102641128698,37.83021167878614],[113.48095528299754,37.83064817723064],[113.48093187284563,37.83079183497449],[113.47981282817237,37.83067354518242],[113.47872162811798,37.830598699338125],[113.47825551866545,37.83056672479235],[113.4780845074674,37.830612113477194],[113.47763308351935,37.830731927085296],[113.47656911477137,37.83101431084867],[113.47539382340307,37.83186772440892],[113.47495738722809,37.83255021359592],[113.47495868236584,37.83297128924347],[113.47504084642792,37.83310236112038],[113.47505114674834,37.83311879119978],[113.47514537992376,37.83326911664653],[113.47536851318156,37.83355266538962],[113.47542884287014,37.83362393090613],[113.47547714641607,37.83368098965745],[113.47540871876596,37.83370941418687],[113.47485475521479,37.833939531709],[113.47425153461121,37.83462327229389],[113.47383060680697,37.83515455660119],[113.47376933709957,37.835466604084615],[113.47390961543114,37.83586223900944],[113.47405955279632,37.83610660946584],[113.47423017664617,37.83638469389323],[113.47452590043027,37.83701350839202],[113.4745742987919,37.83714864833011],[113.47474042029451,37.83761250337173],[113.4750802007435,37.838051231750875],[113.47517147531777,37.83812247799024],[113.47548473110763,37.83836699494406],[113.4757587861903,37.83870802167697],[113.47590994843601,37.83911017954203],[113.47593426317881,37.83915866403462],[113.47610998394438,37.83950905892915],[113.47645497110082,37.83980580445557],[113.47676001573424,37.8399491091267],[113.47683577306263,37.83998469761543],[113.47712926643223,37.84010012316518],[113.4773153553888,37.840251586586696],[113.47744150274963,37.84047862281197],[113.47748809069479,37.84056374515541],[113.47763279954326,37.840828142404376],[113.47788355362265,37.8409702107492],[113.47811183145873,37.841099542381464],[113.47894490619056,37.840988244092436],[113.47907227926953,37.84097122772737],[113.47908097084657,37.840967302965005],[113.47997718914426,37.84056258962065],[113.48041667406608,37.84020428859165],[113.48077843832269,37.83989941689563],[113.48105144924115,37.8397629147574],[113.48111965343801,37.839728811541264],[113.4812392374943,37.83966902042791],[113.4815817479811,37.839637029744274],[113.48159124174292,37.83980638277047],[113.48160116543166,37.83998340826416],[113.4813727023776,37.84053768384765],[113.4813566912096,37.84111900521017],[113.48164392411218,37.84150938418916],[113.48168229018475,37.84156152629736],[113.48192122069464,37.84188625362378],[113.48298373366313,37.84287493632822],[113.48308940979187,37.84297459072431],[113.48398808750633,37.84382205203886],[113.48449415264733,37.84432848076613],[113.48459412586212,37.844428526144576],[113.48496794095253,37.844778682509315],[113.48541353058897,37.84504625423103],[113.48548624194119,37.84505116980013],[113.48553062155779,37.84505417149764],[113.48579420664188,37.84507199319929],[113.48595140431267,37.844890774569265],[113.48594360274917,37.84485830007779],[113.48591703934005,37.844747724931764],[113.48588950686073,37.84463311780803],[113.48571660570758,37.844283224000264],[113.48552013985471,37.84382348666108],[113.48549892582656,37.84358399771059],[113.48548469917432,37.843423402203165],[113.48586472890759,37.843345567581],[113.48598802304565,37.84341207548251],[113.486435185813,37.84365328513237],[113.48692281438262,37.84401003902575],[113.48716416905539,37.84403119540728],[113.48750239619001,37.84406084344827],[113.48809990927866,37.84369467024238],[113.48854479245055,37.84318084450767],[113.48886761222607,37.84275291887348],[113.489283532722,37.842370313125365],[113.489899771347,37.84201274235521],[113.49058183868746,37.84192399873441],[113.49107772973423,37.84206100121165],[113.49117716153046,37.842088471567116],[113.49133136140136,37.84213107333391],[113.49202726338017,37.84224244608384],[113.49234747045378,37.841864106352226],[113.4923657779051,37.841269225010805],[113.49244777895956,37.84090043285321],[113.49271650984372,37.840638029464536],[113.49325849969028,37.84037433990556],[113.49390123584314,37.84021435116061],[113.49437174111715,37.84035750917993],[113.49445627826826,37.84046405863935],[113.49464234065124,37.84069856278899],[113.49494373129461,37.84094213157221],[113.4953186040817,37.840996172360896],[113.49539314406654,37.84100691770893],[113.49594947914814,37.84097935880784],[113.49650970840624,37.841046292428565],[113.4970924283539,37.84127488215753],[113.49719738483141,37.84137497487945],[113.4975105180541,37.84167359950474],[113.4977079121049,37.84213779997006],[113.49790450044794,37.84255698013625],[113.49831586486799,37.84286125942557],[113.49882940446922,37.84306925589164],[113.49884415753166,37.84307523162202],[113.49923303327152,37.843217851005534],[113.49949062322943,37.84345299262344],[113.49967179426291,37.8436183740249],[113.50022902842784,37.844331640061085],[113.50047098856838,37.84497954106811],[113.5004168710203,37.845458086280686],[113.50033260004467,37.84590574619098],[113.50015656098313,37.84630581490197],[113.49999369427043,37.84675964789379],[113.50002523720026,37.84725213703171],[113.50030257699396,37.84760204076851],[113.50041175442065,37.84772357463691],[113.50050008054497,37.84781627650735],[113.50056659139607,37.84789367799674],[113.50058140979118,37.84790098249278],[113.50069799190149,37.847958443212526],[113.50096804001133,37.84821842541669],[113.50104249040547,37.84840376997371],[113.50118508794874,37.84875876419705],[113.50117298368549,37.84930397286778],[113.50099060575273,37.84960059156401],[113.50080434778809,37.84978244735492],[113.50071320834783,37.85011090359026],[113.50074982602567,37.850585268711725],[113.50098332382107,37.85096087328445],[113.50125283908956,37.8510391878415],[113.5013877265985,37.85107838355828],[113.50178520798818,37.85099111888284],[113.50201552838814,37.850747524944715],[113.50213336817288,37.85043201119258],[113.50235314340325,37.85017062695085]]],[[[113.82956054639392,38.08784694176254],[113.82967368666036,38.087414561483435],[113.82955675950653,38.08625924779289],[113.82932368244052,38.084906561679425],[113.8289987067307,38.08398502506689],[113.82827522287751,38.083113411943565],[113.82783698297308,38.082978285753285],[113.82754011390686,38.082785263570514],[113.8272209855455,38.08264043544202],[113.8267919528392,38.08246012392312],[113.82627103163516,38.082132596047096],[113.8260864278754,38.082110630898704],[113.82554315563301,38.08209510669703],[113.82482843009585,38.08185494050501],[113.82412518381034,38.08144291581105],[113.82325324995453,38.080877666791274],[113.82242021852186,38.08038296450062],[113.82146020292579,38.080348840977386],[113.82029265680357,38.08056276237957],[113.81893234734264,38.08093857460477],[113.81769087802311,38.08158318139047],[113.8167790580857,38.0818624204006],[113.8157664481317,38.08187240752297],[113.81440606611449,38.081304504075284],[113.81376530772378,38.08063355731116],[113.81307636687781,38.07964920358342],[113.8124279710697,38.0787782585337],[113.81227134992119,38.07846745363487],[113.81255995404695,38.077974410340374],[113.813229149836,38.07750084543694],[113.81418966834661,38.07707748847977],[113.81521367950567,38.075951999134155],[113.8155608495023,38.07557192888663],[113.81613254217052,38.075386646216494],[113.81700924343178,38.075136851398554],[113.81813673564069,38.07482384144127],[113.81928608786467,38.0741385471463],[113.81971479809906,38.07352774112039],[113.81992775845755,38.07295070744495],[113.81983238345029,38.07188064998114],[113.81980492709636,38.07174620018603],[113.8192640433581,38.071402893084716],[113.81898767753866,38.07111403485213],[113.81872445950683,38.07085345706525],[113.81838833095341,38.07054270742627],[113.8182354392232,38.07020748687703],[113.81798427423577,38.06994661716993],[113.81754839137304,38.069585327878585],[113.81724250040659,38.069783306077596],[113.81684315730087,38.070059779901264],[113.81659639369754,38.07022774245206],[113.8158991642052,38.07028259038573],[113.81528479542777,38.070297318625094],[113.81464596674365,38.070303099122455],[113.8141739667761,38.07057177278094],[113.81377789232108,38.07061939228262],[113.81306349753584,38.07054118624914],[113.81238962227765,38.070576388884334],[113.81193915117986,38.070777814790056],[113.81143063442022,38.07103782116266],[113.81094182958513,38.071182970180146],[113.81071148395519,38.071150355766015],[113.81010113077679,38.070955257321124],[113.80968826396777,38.070879347091626],[113.80933123976739,38.07100227149961],[113.80910235322158,38.07100774741257],[113.80883489956996,38.070967659680555],[113.80868813431765,38.07086088160223],[113.8082711794793,38.07039851285499],[113.80810327952487,38.07010703542069],[113.80810220886863,38.06976390788488],[113.80812741861232,38.06947734550033],[113.80831178107937,38.069253700030536],[113.80850418005701,38.06892501117329],[113.80869657738266,38.068596322051754],[113.80898426156085,38.068307818719155],[113.8090951948661,38.068058007016894],[113.8089134690446,38.067647465666354],[113.80875616154172,38.067317607233875],[113.80890036956042,38.06699007024953],[113.8092015375941,38.06666830959973],[113.80955671895278,38.066497770729946],[113.80977939331828,38.0663303982816],[113.80994184100078,38.06616446908683],[113.81004880858241,38.065809224064225],[113.81016660342065,38.06569556351113],[113.80985099054706,38.06536595369258],[113.80974186751244,38.065034943681205],[113.80972765102969,38.064663535562865],[113.80991857580061,38.06429675039347],[113.81030222350456,38.06392535360489],[113.81073587371097,38.063600421768115],[113.81096146819799,38.063194677724965],[113.81141664797374,38.062802502056854],[113.81166997308524,38.062491413092836],[113.81171415038096,38.06207094811705],[113.81187147608456,38.06177168945485],[113.81192624104493,38.06131284156608],[113.81212042742699,38.06103176249875],[113.81223248749234,38.06080984402964],[113.81232374671087,38.060359654688405],[113.81252158456893,38.059859253969044],[113.81264841413628,38.059511106426314],[113.81282746387073,38.059032174671515],[113.81294901048499,38.05874330312327],[113.81275776220113,38.05847145429509],[113.8126670978093,38.05832729560383],[113.81232161308841,38.05810061741266],[113.81212818068404,38.057771629790224],[113.81195738135763,38.0574039687962],[113.81178799594494,38.056931229003],[113.81170649894818,38.05685771110379],[113.81116978219224,38.056669792363884],[113.810643131717,38.05645362696884],[113.81040554338747,38.05623054392467],[113.8100588308466,38.05599100780569],[113.8095935009506,38.05580196639735],[113.80930883508267,38.055608602143735],[113.80861103018171,38.05532979738881],[113.80817965374176,38.05508274648895],[113.80783253916715,38.054910086206206],[113.80770430900692,38.05478908659755],[113.80749646616101,38.05471303138874],[113.80729153616308,38.054713164102864],[113.80694922835912,38.05476265726171],[113.80659278688265,38.054882372907386],[113.80623803325895,38.054905147916145],[113.80590116558629,38.05492272739384],[113.80544221902012,38.054900328781834],[113.80516734889466,38.05479941524672],[113.80492691286517,38.05466480108169],[113.80453202708557,38.05458367717317],[113.80419168331157,38.05466805830197],[113.80378509512569,38.05475402156567],[113.80344913483815,38.05479540199521],[113.80314437537069,38.054864633715155],[113.80270567488613,38.05489893310599],[113.80234489914172,38.054921840046234],[113.80193210399987,38.055003176925304],[113.80163829456491,38.05504354758723],[113.80130998853659,38.05512763419701],[113.80103406485425,38.05516280959245],[113.8006012019233,38.05519219564207],[113.80027691787427,38.05522375784112],[113.79991725876474,38.05511794794478],[113.79964572178413,38.05511012245162],[113.79938256573534,38.05516405393239],[113.79914897462115,38.055202983177686],[113.79898510916058,38.05517352588837],[113.7987657729407,38.05511202875444],[113.79862305997251,38.05516309037847],[113.79834332408143,38.055098263455285],[113.79807599296247,38.05504267384694],[113.79768456011601,38.05505199698746],[113.79734877313189,38.055098123973],[113.79705750142224,38.055205146432],[113.79666983616389,38.05547174310101],[113.79644806716622,38.05566289716652],[113.79619803924403,38.05574510679443],[113.79600877485586,38.055840165663064],[113.79571895918079,38.05597775376726],[113.79544767600127,38.056009558758305],[113.79485360766095,38.056079203684575],[113.79467394817365,38.05619085984441],[113.79430871417854,38.05629487085809],[113.79402718913502,38.056420717434904],[113.7938490140686,38.05649048870888],[113.79363823727881,38.05649550119769],[113.79342048011505,38.05641750682239],[113.79314763858835,38.05649019940288],[113.7921523440985,38.05647096948207],[113.79174129982286,38.05612328708669],[113.79130068016391,38.05605064317913],[113.79099272016381,38.056075833091526],[113.79068046677361,38.05598793168639],[113.79038988928329,38.0558756838717],[113.79017368373484,38.055737838938214],[113.78803256058404,38.055107536057065],[113.78721017128265,38.0544026162321],[113.78692640920245,38.05391368111025],[113.78709742760051,38.053337699516106],[113.78738671476901,38.05270171815986],[113.78750064718362,38.052527437219716],[113.78779787952303,38.0521009704421],[113.78780895721384,38.05175755485664],[113.78733900703588,38.05144461560914],[113.78715594260888,38.05108486455348],[113.78693601404852,38.05089734624562],[113.78673872548136,38.050860325351266],[113.78650244386054,38.05078848180097],[113.78627896233188,38.050656759748904],[113.78610771883974,38.050511882454856],[113.78601814861452,38.05033528013411],[113.78604449457856,38.05003677694364],[113.78603659266497,38.049828450800916],[113.78604555093929,38.04966738608351],[113.78593452820363,38.04952107922899],[113.78563735889315,38.04943280604732],[113.78529570683153,38.04936345875047],[113.78497437658929,38.049234054216576],[113.78454225741989,38.048964293795024],[113.78412059828153,38.0487717319208],[113.78338644176503,38.048374795930215],[113.7828801988232,38.047997756502355],[113.78274520987382,38.047745069326965],[113.78246612520984,38.04753720876608],[113.7821881230399,38.04735791707776],[113.78194706257136,38.04719919825923],[113.78170573150814,38.04703333585602],[113.78130317462028,38.04690703512578],[113.78101966131096,38.04682080978566],[113.7807877980323,38.04690493865374],[113.7804834040599,38.04698363533775],[113.78023590932193,38.04713247484651],[113.78005001665846,38.047236959965396],[113.77976998953287,38.04738865167977],[113.7786303530221,38.04749784020201],[113.77750038184101,38.04773903658617],[113.77614690032297,38.04828576328575],[113.77509094320128,38.04880938810031],[113.77460277453794,38.04905145348215],[113.77335062365854,38.049409880870286],[113.77233897021718,38.049433760726664],[113.77162903694025,38.049307532268145],[113.77072552265788,38.04884270993033],[113.77029630133693,38.04800924093429],[113.77044814424639,38.04676171993062],[113.77032553321615,38.04494874331546],[113.77017268816908,38.0442517367326],[113.76947739685124,38.0435532233953],[113.76850171263634,38.0430900828336],[113.76773280897358,38.04283653558206],[113.76704908243545,38.04292413233351],[113.76617686663265,38.04328783047496],[113.765555927452,38.04360271253698],[113.76524422040528,38.043967505870924],[113.76517110559958,38.04442676823013],[113.76490519785901,38.045047848555505],[113.76403638567807,38.04598337906066],[113.76283096835935,38.0475845382558],[113.76164122311262,38.04864198346868],[113.76039978944291,38.04957711396383],[113.76023515326095,38.04992760500619],[113.76007372822261,38.05020306403972],[113.75990139332845,38.05042873444856],[113.75953480488182,38.05053743475165],[113.7591049850596,38.050647618266055],[113.75876441784274,38.05072710875061],[113.75838985901991,38.05080693983633],[113.75821864332578,38.05091002397253],[113.75748133462577,38.05149926110685],[113.75715165297697,38.05235059338275],[113.75709939827323,38.05336699244739],[113.75694142390316,38.05445736424299],[113.75703339979036,38.05494997326883],[113.75716244769329,38.055497423725114],[113.75725849894985,38.05588836843659],[113.75734149668747,38.05617238499893],[113.75712209261239,38.05634911438179],[113.75727548036099,38.056581433954136],[113.75714346284119,38.05667746926068],[113.75682013056233,38.05673510320678],[113.75649867225476,38.056842735225466],[113.75613043695584,38.056908567856176],[113.75571515948666,38.05692546096924],[113.75543752707603,38.056996315264705],[113.75524916066902,38.05703648059071],[113.7548519469877,38.057052945130884],[113.75448577705147,38.05693284958747],[113.75427632027939,38.05665179715988],[113.75408787783259,38.056448892599704],[113.75382542747309,38.05623194222454],[113.75333606999818,38.055930334365726],[113.75316650572867,38.05574843245413],[113.7529656248408,38.0556959482691],[113.75269220870041,38.05563801321455],[113.75221326409282,38.05576833364215],[113.75170313919192,38.05602579243305],[113.75132294165559,38.0561836224821],[113.75083517651053,38.05626774597942],[113.75045576465772,38.0562766291523],[113.74999424651226,38.056265989373884],[113.7495406949893,38.056226563226986],[113.74929042593915,38.056303912900965],[113.74901781436428,38.056267398989064],[113.74872392640388,38.05614559173265],[113.74851930436571,38.05599309870244],[113.7482584752949,38.055818992951586],[113.74781965542611,38.055659161489565],[113.74732361124518,38.055692211427996],[113.74709377732601,38.05582134705243],[113.74679762690783,38.05613346046457],[113.74653249575303,38.056296940678116],[113.7463135994111,38.05648793558619],[113.74599025645628,38.05654553912225],[113.74553590209908,38.05648466857878],[113.74480203835498,38.056444626304916],[113.74459397102667,38.056393598919314],[113.74438052017321,38.05656738183557],[113.74270214559327,38.05859403660744],[113.7421655157214,38.05923568805083],[113.74168681161132,38.05997607295945],[113.74163374175872,38.06049204679422],[113.741989845315,38.060826891452045],[113.74256223994985,38.061142388469165],[113.74338546557581,38.06139482898332],[113.74359040128687,38.06146600737117],[113.74378767891947,38.06164190056594],[113.7439049607418,38.06171541689582],[113.74419583970264,38.06175628106063],[113.74453621079726,38.06177798995041],[113.74519775512385,38.06198160796481],[113.7453781482921,38.061991913996906],[113.74561922893946,38.06193749125663],[113.74576271028195,38.06190554088195],[113.74600309185551,38.06188562304617],[113.74625003198058,38.06187984950177],[113.74648688387211,38.06192673841115],[113.74670173155972,38.062060832656854],[113.74708758960469,38.0622233852521],[113.74741924228604,38.06238720810626],[113.74788165576224,38.0626623531552],[113.74891918424069,38.0633243903005],[113.74974846048671,38.06422006349515],[113.75024715809414,38.064980489723546],[113.75050775093429,38.06566070032579],[113.75058259945548,38.066469166190814],[113.75079799584408,38.06669915094889],[113.75078588205133,38.06709978528817],[113.75073280714591,38.06737269418989],[113.75061648656215,38.067647082478956],[113.75049220364693,38.06795025513861],[113.75029269336332,38.06817655016641],[113.74988935217415,38.06839703553358],[113.74968104194704,38.06869697607712],[113.74936754680968,38.06901887358957],[113.74918959873808,38.0695487879711],[113.74904000308756,38.069981235534506],[113.74879604015167,38.07030865444031],[113.74816980463751,38.07049012154365],[113.74782042256025,38.070820005191685],[113.74726021144508,38.07115482060219],[113.74679415569166,38.07167369675973],[113.74605235563058,38.07218316617193],[113.74544623290218,38.07222194398561],[113.74474423221265,38.07239324746702],[113.7439248657667,38.07265069717769],[113.74225949129465,38.07285640759507],[113.74173730036401,38.07299966562721],[113.74132497034697,38.07325950930657],[113.74061055451065,38.07350257140942],[113.73995815166532,38.07379184318746],[113.73978898866393,38.07410558389284],[113.73968882500556,38.07476415632136],[113.7396474697219,38.07559441676605],[113.73973421986028,38.07646458391999],[113.73979122719462,38.077507022201345],[113.74010545952699,38.07817170697442],[113.74046064873198,38.07896411625913],[113.74081420605657,38.079664331200625],[113.74110979819089,38.08006869174693],[113.74137622968203,38.08013271394536],[113.74224824157838,38.080342250487654],[113.74388289900922,38.08044367634612],[113.74514398448507,38.08012577282987],[113.74542354310027,38.08005529835517],[113.74581248237772,38.07995724887201],[113.74610756491118,38.079834931260514],[113.74622340242381,38.07978691260792],[113.74724527358337,38.07936331832733],[113.74763160553051,38.07920316973096],[113.74820558317643,38.078876731205185],[113.74877578468546,38.078552434538196],[113.7489446265007,38.07845640815933],[113.74913970331927,38.07815464315755],[113.7496116305281,38.07742461738185],[113.74969247973345,38.07729954827657],[113.74991814567485,38.07611888284733],[113.74990461196853,38.07611249787992],[113.74992538696468,38.075931505990795],[113.74993267366794,38.075868027464125],[113.74995706324015,38.07544696901799],[113.7499863834122,38.075400156585104],[113.75014372681306,38.075148943533065],[113.7501660308746,38.07511333033093],[113.75019263639433,38.0751039942394],[113.75079861841799,38.07489135978905],[113.75100227272338,38.074891094601696],[113.75152223880917,38.074856397722534],[113.75334233485889,38.07475970158525],[113.7545916347207,38.074766434266174],[113.75529910498874,38.07488944435389],[113.7560596363172,38.07516218361497],[113.75612416236193,38.07518532325741],[113.75614513781808,38.07521856004876],[113.75637618167708,38.07558459843811],[113.75702913484656,38.074065052777286],[113.75684530085715,38.07278253314418],[113.75610191471105,38.07104845635022],[113.75455344218754,38.06954773121118],[113.75249069795396,38.067594345553715],[113.75200815351751,38.06678350833451],[113.75303392660369,38.06620169568793],[113.75297600778546,38.065880566449344],[113.75324648137868,38.06545719550347],[113.75364187965076,38.06515004811634],[113.7540975078138,38.064841486222114],[113.754378689638,38.06470382459949],[113.75471563533507,38.06444570599706],[113.75514873373876,38.06434022419979],[113.75558272459969,38.0642585533481],[113.7560007621114,38.06415342358511],[113.75635409862119,38.0639306605584],[113.75659845431046,38.0636151303731],[113.75678257732066,38.06330101526406],[113.75727396825832,38.062990899384246],[113.75765919101825,38.062565527288314],[113.7578017148495,38.06234770857257],[113.75796318299267,38.06199826173616],[113.7595772233201,38.06245944206981],[113.76411042543857,38.06359380848465],[113.76722275341463,38.0641996846474],[113.76906176215678,38.064609116191654],[113.7714938785392,38.065159421526815],[113.77376780462484,38.065510855196486],[113.77549607287948,38.06577981957941],[113.77745986926121,38.06590020653607],[113.77939490977576,38.06605698651134],[113.78039027839486,38.06619521399224],[113.78193132484374,38.0664542150611],[113.78282815706358,38.06657594979783],[113.78368523984919,38.06660330087346],[113.78495117046742,38.06660188461889],[113.7856473189713,38.066518651493745],[113.78637432940367,38.066355748982865],[113.78646915057345,38.06630699279496],[113.7873522660127,38.06684544452542],[113.78817202749521,38.067397909897956],[113.78899225466856,38.067962273097486],[113.78967606745051,38.0685060409762],[113.79012167398095,38.069126953016074],[113.79066216467935,38.06986476061395],[113.79127428014144,38.07063676621712],[113.7913112461171,38.07068338756239],[113.79211454770811,38.0715936673744],[113.79346124363681,38.07291995916422],[113.79399979204723,38.0737473479496],[113.7942937094569,38.0741988933056],[113.79465719559113,38.07503621262716],[113.79486863889719,38.076234600002074],[113.79537393729402,38.07762854686701],[113.79571767597793,38.07913357333277],[113.79601143950362,38.07972233165164],[113.7966225769359,38.081518863287776],[113.79690629102735,38.08223892199962],[113.79680972371432,38.08259318286082],[113.79674795932165,38.08287108199587],[113.79676938063366,38.0834329624009],[113.79689524680813,38.083887500587075],[113.79709486042715,38.08437841042385],[113.79771213487932,38.08506907445435],[113.79859605217212,38.08552158465856],[113.7987084547256,38.085579126408135],[113.7990673281341,38.085818405563664],[113.79926459723481,38.08598539272247],[113.7994287466935,38.086124344474655],[113.79946556480323,38.08645708809715],[113.79940562735163,38.086636013973994],[113.79936126998929,38.08676842954778],[113.7993464702351,38.086812611032734],[113.79969984572232,38.08722359518777],[113.80003462915792,38.087463444618486],[113.80034241038007,38.0876276802022],[113.80072175994543,38.08777114649183],[113.801141988155,38.08803755050612],[113.80148628634676,38.08821044533601],[113.80198325038242,38.088251255516106],[113.80222428184817,38.08836331771857],[113.80228162834902,38.088389979406244],[113.80259692184727,38.08842329579193],[113.8034774358474,38.08851633159358],[113.80575224371752,38.088473912824654],[113.8075414205766,38.08834774485956],[113.80882257005986,38.088734132089684],[113.80921963606477,38.08926080497954],[113.80969978404329,38.089594853158225],[113.81037939207482,38.09001944276069],[113.81090537517528,38.09029043006394],[113.81207821921288,38.09068175477721],[113.81314153479586,38.09136165195865],[113.81430857769918,38.09222969078844],[113.81486653658253,38.09231163699183],[113.81682234449119,38.09298916411554],[113.81762135955046,38.09369442266777],[113.81837731673266,38.09453415688875],[113.81928015529739,38.09605665889808],[113.81957680739605,38.09655609473406],[113.82002816796589,38.097315977991265],[113.82030374387415,38.09803112689432],[113.82061775244337,38.09884599234943],[113.82099996657482,38.10062881609864],[113.8210208831945,38.10073369874966],[113.82129889551432,38.10212768163227],[113.82142895898659,38.102774329078514],[113.82197743420492,38.10254546140402],[113.82350950787075,38.10170704368522],[113.82526724168449,38.10077311413605],[113.8266505414269,38.10025346644946],[113.82714943785739,38.10005682212804],[113.82714249945556,38.09987685734412],[113.82710567236036,38.09951297892363],[113.82692939459922,38.09911643299214],[113.82689272600045,38.09877506779292],[113.82699533641579,38.098461870129086],[113.82714351034652,38.098129564969966],[113.8273793410976,38.097669056867794],[113.82761879478342,38.09732104056899],[113.82809250635805,38.0964720238276],[113.82837779554764,38.09581668174812],[113.82858965866178,38.095473833214825],[113.82919512321757,38.09468018041018],[113.82944939079168,38.094407098848734],[113.82974843540966,38.09408592458129],[113.82978439067297,38.093445108050815],[113.82990584061622,38.09284166956844],[113.82994918525756,38.0924021557733],[113.82993375124224,38.092002185839526],[113.82979635202895,38.091567028949704],[113.8297878243463,38.091033443967916],[113.82978590981105,38.09067127716448],[113.82964300211633,38.090093272583125],[113.82952647295788,38.08988637761095],[113.82923434729689,38.089817161258445],[113.82923647787094,38.08955974797927],[113.82935109476045,38.08940447451011],[113.82936784663292,38.08921343274721],[113.82937401776948,38.08906077229344],[113.82946306632967,38.08886798664253],[113.82966018921219,38.08866306589239],[113.82970103903891,38.08847144336025],[113.82965423717211,38.08819614605639],[113.82956054639392,38.08784694176254]],[[113.76510745066753,38.06216576769923],[113.76311404414928,38.06173607433297],[113.76125387584601,38.06132227795665],[113.76006171035544,38.061026585486275],[113.7601018300138,38.06075384746063],[113.75997242555012,38.06051858435103],[113.75989263366675,38.060320285974335],[113.75979518911089,38.05988904929948],[113.7597527256546,38.059484745792965],[113.75991479243478,38.058985267129955],[113.76004358142771,38.05856282793692],[113.76025453997525,38.05808126525263],[113.76025190681149,38.0576905103716],[113.75991452255573,38.05737434665732],[113.75990593197105,38.05714577711746],[113.76026334136348,38.0570325255385],[113.76068585507433,38.05672709931497],[113.7610170218015,38.05655727078048],[113.76151479717656,38.056650421896876],[113.76215388504397,38.05665445929877],[113.76273597593773,38.056745623304785],[113.76324995892166,38.05662867894688],[113.76366399612449,38.05641876370586],[113.76451952959422,38.05640816267584],[113.76496984420797,38.05652148051636],[113.76542933749735,38.056558323751354],[113.7658063102073,38.05664476890547],[113.76651100343881,38.056790220326526],[113.76679828133877,38.05673579310931],[113.76705250221025,38.056443841113456],[113.76752710885773,38.05624201816312],[113.76755750096639,38.056088786822414],[113.7677423177743,38.055874726277004],[113.76799653088815,38.055582773384906],[113.76817847215992,38.05529252321773],[113.76859464217644,38.05513973109342],[113.76899158705119,38.05479675119651],[113.76942681240365,38.05451005975013],[113.76986167739014,38.05421384257441],[113.77019424721273,38.054082083355894],[113.77066038207654,38.053975768007305],[113.77105748125645,38.05395686792672],[113.77151552123595,38.053955593002684],[113.77236472866433,38.05409759865622],[113.77269100103668,38.05411849529102],[113.77311039069232,38.05405140155311],[113.77345463971497,38.05390982390098],[113.77372194348209,38.05364614599682],[113.77411849478854,38.05329362579958],[113.77448951376518,38.05290357861427],[113.77507283424238,38.05270868859777],[113.77566866216112,38.05261845920059],[113.77574405760548,38.0526070413342],[113.77634661573694,38.05260233335719],[113.77691628036463,38.05268418647424],[113.77745521799062,38.052909747535125],[113.77765172720451,38.05332451250483],[113.77772779748678,38.053742126212775],[113.77804778675076,38.053915666985155],[113.77841775851704,38.05413568684819],[113.77866837348195,38.054387124306864],[113.77907592012997,38.054644380953036],[113.77927944165013,38.05492553004207],[113.77962461342996,38.05512706838014],[113.78015369628727,38.05541004105133],[113.78076637303174,38.05567196699419],[113.78157031968573,38.055891234277844],[113.78150562975848,38.05609293965074],[113.7816039106959,38.0565602957978],[113.78175884997461,38.05778626384662],[113.78178679268686,38.05795312999715],[113.78214302226725,38.05827975387608],[113.78235608443705,38.0584939446242],[113.78274427111087,38.058875563310195],[113.7828689180826,38.05930155368366],[113.78284433336395,38.05960716107748],[113.78278902654151,38.060056480225875],[113.7825924271878,38.060594933143086],[113.78282945193772,38.06112311531111],[113.78302046760837,38.061709576495],[113.78329025662275,38.06246575044818],[113.7829259677364,38.06328458729513],[113.78307028622625,38.0637604030751],[113.78355956855776,38.064263540388346],[113.78364719145246,38.06442962728443],[113.78290699009237,38.06450967880726],[113.78151508403748,38.064685632211614],[113.77923192048736,38.064568105067984],[113.77649137767335,38.06447087559797],[113.77554639600521,38.064350228755984],[113.773242565721,38.0640043033501],[113.77130857836174,38.06355428353197],[113.76964285427441,38.063183694139305],[113.76751581737118,38.06272863054044],[113.76510745066753,38.06216576769923]]],[[[113.76510745063364,38.06216576679936],[113.76751581737118,38.06272863054044],[113.76964285427441,38.063183694139305],[113.77130857832778,38.063554282632104],[113.77324256341065,38.06400430250399],[113.77554639600521,38.064350228755984],[113.77649137653516,38.06447087562487],[113.77923192041922,38.06456810326828],[113.78151508400339,38.06468563131177],[113.78290699012648,38.064509679707115],[113.78364719255651,38.0644296263576],[113.78355956738547,38.064263539515466],[113.78307028619214,38.063760402175234],[113.78292596656414,38.06328458642224],[113.78329025655452,38.06246574864847],[113.78302046760837,38.061709576495],[113.78282945190361,38.06112311441125],[113.78259242604966,38.060594933170044],[113.78278902536928,38.06005647935299],[113.78284433225996,38.0596071620043],[113.78286891691039,38.05930155281077],[113.78274427107677,38.05887556241033],[113.78235608329896,38.05849394465116],[113.78214302223317,38.05827975297621],[113.78178679158289,38.05795313092396],[113.78175884994053,38.05778626294677],[113.78160390952377,38.056560294924886],[113.78150562858634,38.05609293877784],[113.78157031965164,38.05589123337799],[113.78076637189368,38.055671967021134],[113.7801536950811,38.05541003927854],[113.77962461225785,38.05512706750722],[113.77927944161608,38.05492552914221],[113.77907592012997,38.054644380953036],[113.7786683712059,38.05438712436071],[113.77841775851704,38.05413568684819],[113.77804778792283,38.0539156678581],[113.77772779631472,38.053742125339824],[113.7776517260665,38.05332451253174],[113.7774552190946,38.052909746608364],[113.77691628036463,38.05268418647424],[113.77634661456491,38.05260233248422],[113.77574405757147,38.052607040434346],[113.77507283310436,38.05270868862465],[113.77448951373118,38.05290357771439],[113.77411849475456,38.05329362489972],[113.77372194231008,38.053646145123835],[113.77345463854297,38.053909823027986],[113.77311039065835,38.05405140065324],[113.77269099986468,38.05411849441803],[113.7723647275263,38.054097598683086],[113.77151552009792,38.05395559302954],[113.77105748011842,38.053956867953566],[113.77066038090456,38.053975767134276],[113.77019424717881,38.054082082456034],[113.76986167739014,38.05421384257441],[113.76942681240365,38.05451005975013],[113.7689915847751,38.05479675125018],[113.76859464221036,38.05513973199328],[113.76817847095401,38.05529252144483],[113.76799652857812,38.055582772538685],[113.7677423177743,38.055874726277004],[113.76755749982831,38.05608878684923],[113.76752710882383,38.05624201726325],[113.76705249990019,38.0564438402672],[113.76679828130486,38.056735792209444],[113.76651100226684,38.05679021945347],[113.7658063102073,38.05664476890547],[113.76542933635926,38.056558323778155],[113.76496984420797,38.05652148051636],[113.76451952842227,38.05640816180276],[113.7636639972287,38.0564187627792],[113.76324995778357,38.05662867897366],[113.7627359747658,38.056745622431684],[113.76215388501011,38.056654458398896],[113.76151479714271,38.056650420996995],[113.76101702176767,38.056557269880614],[113.76068585507433,38.05672709931497],[113.76026334019157,38.057032524665374],[113.75990593197105,38.05714577711746],[113.75991452252191,38.05737434575745],[113.76025190681149,38.0576905103716],[113.76025453883715,38.05808126527937],[113.76004358142771,38.05856282793692],[113.75991479133049,38.058985268056574],[113.7597527256546,38.059484745792965],[113.75979518911089,38.05988904929948],[113.75989263477108,38.06032028504772],[113.75997242441196,38.06051858437778],[113.76010182884183,38.0607538465875],[113.76006171035544,38.061026585486275],[113.76125387470785,38.06132227798341],[113.76311404297725,38.061736073459876],[113.76510745063364,38.06216576679936]]],[[[113.45594255142522,37.75509483201895],[113.4548034382139,37.75476526259077],[113.45352469960007,37.75421992049184],[113.4526686769736,37.7537491785578],[113.45203377115148,37.75307898871246],[113.451539180734,37.75260751889711],[113.45017429568246,37.75130639529591],[113.44876310176082,37.75038243176559],[113.44617255946649,37.7501025970203],[113.4429143146004,37.74959822825742],[113.44152672982854,37.74938867013019],[113.43924244337535,37.749292996951986],[113.4384924816784,37.74983880389628],[113.43827045212073,37.749932773597216],[113.43791346373835,37.74934434191539],[113.43750885396412,37.74959104238905],[113.43577888137071,37.750609930656424],[113.43512746166361,37.750936413195],[113.43527468072288,37.75123301896874],[113.43538953864686,37.751464424486485],[113.4357179371617,37.75209492966657],[113.4362117047895,37.752816594539475],[113.43690494442357,37.75337199072221],[113.43696724502453,37.753423098193046],[113.43722193843406,37.75363203231879],[113.43746456633762,37.7538310657646],[113.43765433037579,37.75436309714741],[113.43765782466117,37.7548584480388],[113.43753622458199,37.75538791344492],[113.4373122012702,37.755951025690564],[113.43711158231181,37.7563199887109],[113.43677714389297,37.75682458311625],[113.43626745082085,37.75765032178368],[113.43587997010287,37.758354179170965],[113.43566677714576,37.758923819173226],[113.43545471700692,37.75954973383061],[113.43521101695862,37.76009748568666],[113.43492093472896,37.76055841225438],[113.43488075605804,37.76062225559812],[113.43450376138888,37.76123581568255],[113.43419113088129,37.761866058709195],[113.43420210602153,37.7619074425365],[113.43425696161081,37.7621142611819],[113.43434082416869,37.76243044875541],[113.43441789879716,37.76249102262677],[113.43495226527399,37.76291098242564],[113.4355379190793,37.76334025139627],[113.43568346448822,37.763864190086615],[113.43543024494004,37.76461931580109],[113.43528347738409,37.76494267269415],[113.43508610116494,37.76537752610302],[113.43497521832022,37.76562182137268],[113.4349629872402,37.76564210985507],[113.43445585243212,37.76648332059474],[113.43431809717956,37.76671182191443],[113.43393146793126,37.76716587627154],[113.43354710788716,37.7676172621945],[113.43341361860341,37.7677517592657],[113.43299033683256,37.76817823359146],[113.43275243324595,37.7684713930932],[113.43264683823625,37.76875506453793],[113.43255973997422,37.76914869698635],[113.43247349292025,37.7696549077148],[113.43238739242341,37.770165620035414],[113.43221215354873,37.77063988997287],[113.43219177697314,37.77065613083647],[113.4317103592016,37.77103983339769],[113.43203558870555,37.77096556160431],[113.43252427509027,37.770873115215515],[113.43331842480168,37.770722881110004],[113.4348599857978,37.77056266392067],[113.4350676929811,37.77055653918031],[113.43639325628516,37.770517444953505],[113.43781420242095,37.770377699502994],[113.43803845461335,37.77029327894985],[113.43865538987025,37.77006103147867],[113.43887764385904,37.76997736232328],[113.43897031143146,37.76991609136894],[113.4395773287717,37.76951473874868],[113.43971781395267,37.76941930174468],[113.44010386146577,37.76915703770711],[113.44051075439079,37.76869822451647],[113.44057923107859,37.76861465179217],[113.44101190719269,37.768086577408084],[113.44130469848054,37.76791401590457],[113.44138145727825,37.767868777595126],[113.44157821591544,37.767752814589535],[113.44168490975919,37.76791385352338],[113.44188600431512,37.768217377207094],[113.44189611634283,37.76823263988213],[113.44188772697123,37.76840612973471],[113.4418366063854,37.76946341848111],[113.44147385895695,37.7707252562192],[113.44094642386584,37.77138841222291],[113.44079824411546,37.77157472016533],[113.4406350828048,37.771648802121106],[113.43972767841318,37.77206079626988],[113.43853381211207,37.772680025945775],[113.43807354621889,37.77324978770708],[113.43773641888443,37.773667109010205],[113.43746874862926,37.774565424749184],[113.4373920842603,37.77482271437207],[113.43744373156858,37.77596336609786],[113.43804515234393,37.777019980146086],[113.43824312233643,37.77736777804039],[113.43962614726823,37.77868127999251],[113.4399968616126,37.77889177030869],[113.44053951499455,37.77919988466345],[113.44095392882176,37.779435181955556],[113.44186401521951,37.77973833963299],[113.44215747163432,37.779794949688494],[113.44235942018283,37.77983390686097],[113.4427538590211,37.780008130750815],[113.44315088232017,37.780454781401076],[113.44327308696852,37.78059327393119],[113.44368359959002,37.78105850103187],[113.44403629202056,37.78133539208346],[113.4443039872324,37.78154555097445],[113.4448456614822,37.78186083426738],[113.44518933236203,37.78225904365628],[113.44536236074164,37.782838696831845],[113.44541476521813,37.78328799039621],[113.44565342728642,37.78385727063532],[113.4462689978132,37.78475650996425],[113.4471406051929,37.785632410071216],[113.44776077502424,37.786165789919224],[113.44787945109654,37.78626785653678],[113.44837941070924,37.78667181346345],[113.44893754350036,37.78681784218067],[113.44909510173608,37.78683192738871],[113.44953020302107,37.786870820779086],[113.44995637141433,37.78703760386924],[113.45024645007514,37.787358096424676],[113.45025123111405,37.78736463640486],[113.45087722336017,37.78822096256783],[113.45113958688019,37.78852390551621],[113.4518795569242,37.78937830906301],[113.45194812912554,37.789457485212914],[113.45292489825844,37.79027034939015],[113.45378888955224,37.79067570772507],[113.45417892844807,37.790781527135174],[113.45475240943568,37.79093711416881],[113.45562895333128,37.7906283434074],[113.45633349831763,37.79005292551877],[113.45693556647973,37.78972509805851],[113.45748852187062,37.78954241585012],[113.45799591478048,37.789504802734506],[113.45844749007112,37.78962373549244],[113.45887111614003,37.78981981416288],[113.45898397821706,37.78988128469199],[113.45921355682086,37.790006326539824],[113.45954100059775,37.79008280888599],[113.46005653158117,37.789948185901444],[113.46033079992694,37.7898458632725],[113.46051691214625,37.78977643021508],[113.46086573374724,37.78974887376466],[113.46109794155049,37.7897534280866],[113.46158837433116,37.78976304534381],[113.46235530647019,37.789807812618534],[113.4627854676076,37.78983709932575],[113.46304714439933,37.78975672479439],[113.46328897276976,37.789682446857285],[113.46433912875167,37.78968974958225],[113.46563914642931,37.7900431090208],[113.46612171746943,37.79023313224448],[113.4662420883571,37.79028053173576],[113.46644278503092,37.79035956109042],[113.46729947678804,37.79060733861646],[113.46734740151642,37.79061742625502],[113.46854229956483,37.790868946903714],[113.46865186409258,37.790892007844256],[113.46904422981507,37.79095205172797],[113.46959664937773,37.791036586944365],[113.47011513970223,37.79109777225058],[113.47073089485289,37.791352830438655],[113.47073684914353,37.79135837662726],[113.47135760061983,37.79193643228247],[113.47197223839844,37.79258333740592],[113.4725681566319,37.793030213406546],[113.47308303243855,37.79342924629376],[113.47349073609556,37.79395438231832],[113.47378533123214,37.79457647291264],[113.47393737966763,37.79513625252564],[113.47398389862443,37.7952963328094],[113.47418583576385,37.79599125533304],[113.47473829312933,37.797175401102436],[113.47487492879713,37.79732877500001],[113.47551813629839,37.798050760296704],[113.4756775298452,37.798154716993004],[113.47639570065938,37.79764260772987],[113.47802752507042,37.79704225509754],[113.47921311279403,37.79657043804075],[113.48004909433068,37.79574848706171],[113.48018090561695,37.79407743965605],[113.48100854355984,37.791885292301025],[113.48241177834448,37.790068282847514],[113.48505443062062,37.787152646726575],[113.48527051925142,37.78687997006286],[113.48440377727518,37.786779098389964],[113.4830908934681,37.78680679107569],[113.48179892912775,37.7874596295064],[113.48036386374656,37.788324004631804],[113.479515025337,37.78875894899108],[113.47857821768022,37.7888084625019],[113.47781902427076,37.78855632604888],[113.47751097167105,37.78832448296443],[113.47731816384243,37.78704754184382],[113.47700388321658,37.78550504153429],[113.47685655686207,37.78446546919177],[113.47645362637088,37.78363980506705],[113.47568257002038,37.78303041581886],[113.47397876269021,37.78258957227433],[113.47234602651685,37.78202804931366],[113.46907269611283,37.78066677510519],[113.46730968806723,37.779571680440995],[113.46619623192076,37.77882044548642],[113.46576682825183,37.778322995946255],[113.46528805377764,37.777469088048214],[113.46483789583979,37.77634646328032],[113.46449928242308,37.775191711518815],[113.46403926590159,37.773771381887244],[113.46297425841519,37.77221474987492],[113.46039632696423,37.76917039466285],[113.45935220030803,37.76710684777104],[113.45986540254889,37.7644745396653],[113.46123908428953,37.76289671986373],[113.46260875821656,37.76119980454169],[113.46316077643031,37.75913865354438],[113.46399748350758,37.75721454146922],[113.46397830156958,37.75663651203515],[113.46395322386137,37.755880838854274],[113.4631464444529,37.75508740302939],[113.4618266025122,37.75511499610874],[113.46026362884795,37.75505232138561],[113.45893274158931,37.7547464549548],[113.45725924841017,37.75497203975665],[113.45594255142522,37.75509483201895]]],[[[113.54002499909463,37.67120666406173],[113.53953080384717,37.67138847476038],[113.53947968134408,37.671407281410985],[113.53867468807469,37.67185248200395],[113.53817946223957,37.67218066475164],[113.53758604772544,37.67255824988842],[113.5365250606638,37.67318234495355],[113.53548523215044,37.67378345485212],[113.53438949950883,37.674011941981746],[113.53313194606429,37.67396015639297],[113.53216415801285,37.674014727924344],[113.53140343218651,37.67438912103462],[113.530665879497,37.674945413796195],[113.53024905578,37.675539857833726],[113.53003844452275,37.676033043016034],[113.52968300515765,37.67641223632169],[113.52912913211762,37.676725877281235],[113.5290217053894,37.676793884357956],[113.52865414862222,37.677026563791415],[113.52856070521818,37.67711670917368],[113.52834139969424,37.67732827218503],[113.52784825462646,37.677615834678626],[113.52724615554254,37.677590559790964],[113.52713279612551,37.677585801457106],[113.52664097084856,37.67756515249772],[113.52504365266991,37.67710396019513],[113.52400507818824,37.676597004681675],[113.52347220498116,37.67626946449854],[113.52340322883745,37.6762270662982],[113.52330742921387,37.67619825012388],[113.5226833349805,37.67601052707889],[113.52268033356836,37.67601078047662],[113.52219338849234,37.6760518037982],[113.5221458469487,37.6760558089276],[113.52212250284101,37.67608315549783],[113.52189717866835,37.67634712084946],[113.52158657832092,37.67696403407712],[113.52082982996247,37.67814896195796],[113.5196522194162,37.67926856877362],[113.51856037660542,37.67976255296493],[113.51789038393387,37.67997503525577],[113.51725405061303,37.6803241603195],[113.51626681882742,37.680917225367295],[113.51594083908543,37.68115245600001],[113.51527313390349,37.68163427501836],[113.51470963023873,37.682263439615625],[113.51459870208355,37.68238729146961],[113.51423189941352,37.683104469283236],[113.5140057211553,37.68368578299929],[113.51374248887429,37.684071971059105],[113.513211747528,37.68434000734129],[113.51217023867166,37.68460766735155],[113.51121837613836,37.68507608215835],[113.51097060525026,37.685533372040226],[113.51090360611236,37.68565702681229],[113.51090408615045,37.6857073779244],[113.51090722990202,37.68603752225013],[113.51098148948596,37.686348955970175],[113.51113961586613,37.68683650494047],[113.5114565690993,37.687370210823055],[113.51138400405581,37.688117139809464],[113.5107301374886,37.689083628164866],[113.51028468986563,37.689653828357926],[113.51010398896229,37.68988513451637],[113.51000322783284,37.69014284690397],[113.50996356589569,37.6902442917445],[113.50986071791476,37.69050733950214],[113.50993235349523,37.69116111985616],[113.51029483246654,37.691783935376726],[113.51034219287952,37.691900690576254],[113.51054750610888,37.69240683697718],[113.5104251950746,37.693044481226934],[113.51036496210463,37.693151005077084],[113.51010482141203,37.69361106789845],[113.51010426934525,37.69361204166501],[113.50987699221488,37.69414157744593],[113.50981555765563,37.694651817699565],[113.50976794984838,37.69504691610211],[113.50959750769748,37.69541310297849],[113.50945098353095,37.69560187716919],[113.5099135249288,37.698492601759035],[113.5100769611998,37.700669806068774],[113.51015169373272,37.70288464810111],[113.51064109414908,37.70405393654943],[113.51124731184983,37.704684500214526],[113.5112433535196,37.705900046867434],[113.51127109403163,37.70672168073736],[113.51001210795549,37.70674850441639],[113.50883340999005,37.70648761460855],[113.50642505217583,37.70578813903847],[113.50444546166005,37.70579447914396],[113.50327881563229,37.70589076638283],[113.50302706719636,37.70643234872569],[113.50309487325615,37.707110138782454],[113.50324539459227,37.70757167726033],[113.50358179089906,37.708208012372744],[113.50295108126102,37.70818566113574],[113.5023437005625,37.70751933080705],[113.50177168504689,37.706566255271646],[113.50197727761946,37.70598990719588],[113.50018593517125,37.70624242132485],[113.49937898806192,37.70633103847069],[113.49837658134994,37.70595905702019],[113.497696128493,37.70579473676812],[113.49572252083595,37.705979548673426],[113.49442575742546,37.70622150024281],[113.4924736751905,37.70704928475316],[113.4916193476295,37.70706735163935],[113.4913861490421,37.70682203917961],[113.4894641602381,37.70586168666534],[113.4881267464121,37.70488896015989],[113.48805832753351,37.70553388798709],[113.4881864963149,37.70667515156812],[113.48734889547772,37.70719332187376],[113.48587221848354,37.70743897830711],[113.48461677597768,37.70757270280906],[113.48335775102889,37.70759924236382],[113.48239678897941,37.70711900332053],[113.48116128338535,37.706501540792274],[113.48049038875352,37.706622912388674],[113.48017920819312,37.706736709602055],[113.48041594592141,37.70708921839633],[113.48083731312123,37.70758083535425],[113.48143377864825,37.707925767009066],[113.48353678294,37.70891818636098],[113.48491560108619,37.709782844141486],[113.48578548665316,37.71022923468113],[113.48412052295012,37.71022859667419],[113.48178105506338,37.7102421442872],[113.48080727508838,37.71072738775789],[113.47982276107055,37.710891106922624],[113.47853418563062,37.71138295734292],[113.47724202244862,37.711767621209766],[113.47653205202724,37.71206853742865],[113.47417488610158,37.71290453681272],[113.47335137291917,37.71385130248475],[113.47336800847184,37.714351441810926],[113.47402016507651,37.71501698390043],[113.47518603504369,37.71624371776435],[113.47611043385734,37.716975026060155],[113.47693657404541,37.71745814888824],[113.47727160848058,37.71805884026102],[113.47735993120048,37.71816122448076],[113.47772768656195,37.718587526756934],[113.47755049624269,37.71911273004772],[113.47748318835112,37.71931223845435],[113.47738887903779,37.7195917705082],[113.47650044211747,37.72057748637484],[113.47486616022123,37.72150555290817],[113.47444852597089,37.72247954931182],[113.47433619527794,37.72316114016066],[113.47446776737529,37.72440959494824],[113.47487395881895,37.725795276361644],[113.47540558249595,37.72689232794858],[113.47681203826244,37.72857872341985],[113.47764839647768,37.72903545494837],[113.47780134193388,37.72687022783617],[113.47751718933857,37.72644721488197],[113.47728261935299,37.72535107775097],[113.4770712864109,37.7244117453679],[113.47679408564684,37.72311630766038],[113.47677266195261,37.722473275003935],[113.47684166147884,37.72184264097135],[113.47705933637175,37.72135187757239],[113.47736256701816,37.720187231737434],[113.4776958847356,37.71928283196565],[113.4777156420579,37.719229222173844],[113.47772351946269,37.71916548816359],[113.47776053024137,37.719038432465695],[113.47780458942653,37.71891280305614],[113.47785561341874,37.71878884849361],[113.4779134968508,37.718666810587386],[113.47797813089835,37.71854692941692],[113.478049386133,37.7184294391887],[113.47812712290089,37.71831457342271],[113.47821119099291,37.718202555051064],[113.47830142204302,37.71809360648642],[113.47869302797137,37.717666050291854],[113.47996214662419,37.716137884502515],[113.4812895817704,37.71456081193656],[113.48317487527413,37.713520122796666],[113.4848226734782,37.71255590943175],[113.48599475392405,37.711720875140585],[113.48830438007957,37.710814147441795],[113.49023201374884,37.71014781801262],[113.49258277734637,37.70980020576212],[113.49508839499768,37.709598223415874],[113.49842136766618,37.709468018612526],[113.50070812863194,37.70944930232194],[113.50267166819161,37.70985447585116],[113.50433144569016,37.710146910854675],[113.50654427986076,37.71015944177533],[113.50830544547567,37.710121964505056],[113.50980229658204,37.71003051068375],[113.51207397734187,37.70956503122567],[113.51322049434057,37.709093721481125],[113.51450338257393,37.70806478937355],[113.51664933595498,37.70745320650398],[113.51802463848242,37.70709612752263],[113.51864650473341,37.706635977826565],[113.51884914219804,37.70597625014866],[113.5188988771466,37.705230418860545],[113.51883419164825,37.704427453015654],[113.52047769293937,37.70379887990926],[113.52087876389719,37.703949977947396],[113.52110629005783,37.70358285613959],[113.52169479827877,37.703246141121916],[113.52189575524021,37.70280332053589],[113.52202219067352,37.702285831398676],[113.52225099949283,37.701956811585],[113.52305723618954,37.701672627267094],[113.52495220805785,37.70165110586636],[113.52620708768468,37.70161002296634],[113.52669290216353,37.70142940998868],[113.52696445019608,37.701299658944706],[113.52708824228708,37.70105867775813],[113.52709311093219,37.70084884753176],[113.52706390588752,37.70059247921672],[113.52709016675941,37.70030592529945],[113.52747415783011,37.69995450234082],[113.52827566783824,37.69917943350256],[113.528317964723,37.69883533658998],[113.5282581869668,37.69866502574528],[113.52808808388937,37.69842558269569],[113.52822078233987,37.698093846699216],[113.52852212512323,37.69795868620699],[113.52896684725675,37.697806146802414],[113.5289435217123,37.697649353452555],[113.52893283663775,37.69733499219302],[113.52925021492463,37.697142287968816],[113.52972700960261,37.696874661820004],[113.53057803745516,37.69649890108923],[113.5314893229916,37.69630773536015],[113.53261444954488,37.69605476937438],[113.53320155160414,37.69585625589991],[113.53360063620185,37.6954210748855],[113.5334144869826,37.69523918321651],[113.53316855442506,37.694886981235726],[113.53324679041471,37.69454211017706],[113.53338335259224,37.694324682899335],[113.53380278041557,37.69448725975461],[113.53438113157317,37.69456061987115],[113.53461295461373,37.694498435432926],[113.53493030448816,37.694305716810696],[113.53525739281905,37.69439877658304],[113.53558691308007,37.69456328118483],[113.5360379302598,37.69459647538496],[113.53634752378454,37.69470420890362],[113.53683141410893,37.69455794827582],[113.53742822219269,37.69446883553149],[113.53769709374333,37.69391013134938],[113.53806121601919,37.69333030899359],[113.53863786382871,37.69265057744385],[113.53915102529395,37.69222007083741],[113.53961818243495,37.69184774936442],[113.53962980350197,37.69148524551331],[113.5395176481185,37.691011012600455],[113.53888642462408,37.69009037674951],[113.53857858056418,37.68950596105266],[113.53863685784174,37.689104319674485],[113.5385746129596,37.688686208190056],[113.5386921744366,37.68826422351611],[113.53864500349715,37.68793634982148],[113.53794566292505,37.687479528722996],[113.53780144773724,37.68694401860455],[113.5375816750507,37.68599544849109],[113.53762106868622,37.685391637418334],[113.53793395905822,37.68471758821844],[113.53823846255894,37.68450130567196],[113.53859286089462,37.68434114363539],[113.53934959453065,37.68401978537509],[113.54046461291729,37.6836525674345],[113.54100492978344,37.68331679634079],[113.54111438692291,37.683009379530944],[113.54100549071923,37.6826304064915],[113.54079875512181,37.6821963457008],[113.54076372963597,37.68187297761394],[113.5410422912471,37.68160004857733],[113.54103383619707,37.6813523717089],[113.54121388295351,37.68082894025765],[113.54080082468124,37.68058760480673],[113.5400978262115,37.68019760365031],[113.53982611512988,37.68014387706324],[113.53968274391187,37.67989672476618],[113.53937294635483,37.679605492964846],[113.53962475452177,37.67907575168513],[113.53965543815158,37.67848086553914],[113.53962283801911,37.678052581610906],[113.53935701095904,37.67764362217559],[113.53930979369414,37.67678666652516],[113.53945746204437,37.6763687997913],[113.53979947140273,37.675846646392124],[113.53998162800679,37.67538513656749],[113.53997090609097,37.67507077768254],[113.53981343963841,37.6746737832782],[113.5398061291027,37.67445944706689],[113.53986146836542,37.67397207015258],[113.54002710468797,37.6735538136871],[113.54024325911176,37.67303437291177],[113.54033649816893,37.672603376796324],[113.54010323011347,37.672093620528756],[113.54015970265029,37.671639584672846],[113.54002499909463,37.67120666406173]]],[[[113.4756146742055,37.73480261491611],[113.47744780242581,37.7337304080664],[113.4775113593619,37.73335438713839],[113.47760223154212,37.73202976272999],[113.47783161424834,37.73080947363512],[113.47782061395841,37.72912949947707],[113.47764839647768,37.72903545494837],[113.47681203826244,37.72857872341985],[113.47540558249595,37.72689232794858],[113.47487395881895,37.725795276361644],[113.47446776737529,37.72440959494824],[113.47433619527794,37.72316114016066],[113.47444852597089,37.72247954931182],[113.47486616022123,37.72150555290817],[113.47650044211747,37.72057748637484],[113.47738887903779,37.7195917705082],[113.47748318835112,37.71931223845435],[113.47755049624269,37.71911273004772],[113.47772768656195,37.718587526756934],[113.47735993120048,37.71816122448076],[113.47727160848058,37.71805884026102],[113.47693657404541,37.71745814888824],[113.47611043385734,37.716975026060155],[113.47518603504369,37.71624371776435],[113.47402016507651,37.71501698390043],[113.47336800847184,37.714351441810926],[113.47335137291917,37.71385130248475],[113.47417488610158,37.71290453681272],[113.47653205202724,37.71206853742865],[113.47724202244862,37.711767621209766],[113.47853418563062,37.71138295734292],[113.47982276107055,37.710891106922624],[113.48080727508838,37.71072738775789],[113.48178105506338,37.7102421442872],[113.48412052295012,37.71022859667419],[113.48578548665316,37.71022923468113],[113.48491560108619,37.709782844141486],[113.48353678294,37.70891818636098],[113.48143377864825,37.707925767009066],[113.48083731312123,37.70758083535425],[113.48041594592141,37.70708921839633],[113.48017920819312,37.706736709602055],[113.48049038875352,37.706622912388674],[113.48116128338535,37.706501540792274],[113.48239678897941,37.70711900332053],[113.48335775102889,37.70759924236382],[113.48461677597768,37.70757270280906],[113.48587221848354,37.70743897830711],[113.48734889547772,37.70719332187376],[113.4881864963149,37.70667515156812],[113.48805832753351,37.70553388798709],[113.4881267464121,37.70488896015989],[113.4894641602381,37.70586168666534],[113.4913861490421,37.70682203917961],[113.4916193476295,37.70706735163935],[113.4924736751905,37.70704928475316],[113.49442575742546,37.70622150024281],[113.49572252083595,37.705979548673426],[113.497696128493,37.70579473676812],[113.49837658134994,37.70595905702019],[113.49937898806192,37.70633103847069],[113.50018593517125,37.70624242132485],[113.50197727761946,37.70598990719588],[113.50177168504689,37.706566255271646],[113.5023437005625,37.70751933080705],[113.50295108126102,37.70818566113574],[113.50358179089906,37.708208012372744],[113.50324539459227,37.70757167726033],[113.50309487325615,37.707110138782454],[113.50302706719636,37.70643234872569],[113.50327881563229,37.70589076638283],[113.50444546166005,37.70579447914396],[113.50642505217583,37.70578813903847],[113.50883340999005,37.70648761460855],[113.51001210795549,37.70674850441639],[113.51127109403163,37.70672168073736],[113.5112433535196,37.705900046867434],[113.51124731184983,37.704684500214526],[113.51064109414908,37.70405393654943],[113.51015169373272,37.70288464810111],[113.5100769611998,37.700669806068774],[113.5099135249288,37.698492601759035],[113.50945098353095,37.69560187716919],[113.50921183421637,37.69590998025527],[113.50919395780826,37.69592612411869],[113.5085233379582,37.696566431321216],[113.50742656150429,37.69728110610944],[113.50623390996903,37.69784243034742],[113.50548795809337,37.69811951364261],[113.50512135819987,37.6981318093556],[113.50469929095485,37.697969634382105],[113.50444042040264,37.69777203805636],[113.50421134043643,37.697597178225976],[113.50356231782553,37.69732272236532],[113.50344112325449,37.697324906998496],[113.50286414833411,37.69733529979416],[113.50241721169625,37.697423608426064],[113.50182969895465,37.69762974553509],[113.50097133033834,37.69795647581761],[113.50053143365558,37.69812794802999],[113.50053004388815,37.69810771137534],[113.5001542788979,37.69756961419591],[113.49990555488517,37.69721343740529],[113.49954421188755,37.697113887680665],[113.49872917052045,37.69688933847833],[113.49801170637093,37.696918059440435],[113.49704438919503,37.69695432145382],[113.49509505358937,37.697074423651095],[113.49316651540887,37.69722332830845],[113.49157339539671,37.69721198032786],[113.49014914836546,37.69695383564546],[113.48916747940136,37.69653995276225],[113.48870413753251,37.69618042346954],[113.48846432672114,37.696006112946975],[113.48843618705362,37.6959856599851],[113.48831999045557,37.695963734440845],[113.48803904886087,37.6959107239949],[113.48737500902503,37.695778364463784],[113.48661207277674,37.69550621908112],[113.48635980069382,37.695388188974306],[113.4858844100049,37.69516576577329],[113.48528760864986,37.6950522448687],[113.48497781774046,37.69519079667261],[113.4848331655283,37.695255491209295],[113.48453424345611,37.69555454262468],[113.48432960063084,37.69572775126372],[113.48406837957914,37.69571298971428],[113.48362437825105,37.69552868243558],[113.4835743220384,37.695491380251866],[113.48309834567537,37.695136671376666],[113.48266752567392,37.69458276701425],[113.48232505971124,37.69402249522299],[113.48189568371657,37.69370275711009],[113.4812745895912,37.69368881182695],[113.4810699655163,37.6937369059198],[113.480558961328,37.6938570063042],[113.47992389074291,37.694018997508635],[113.47941836100746,37.694092686743616],[113.47894870634852,37.69411607730132],[113.47841063397381,37.69412739342107],[113.47784320837127,37.694193370869066],[113.47736821568178,37.69439702157681],[113.47708812300043,37.69470917009449],[113.47688648109245,37.69510073953971],[113.47655846494239,37.69565485060038],[113.4761857240051,37.696185129572136],[113.47598444016593,37.696545161521],[113.47594618449568,37.69688600652195],[113.47585560361112,37.69718741562955],[113.47559079359881,37.6973843915749],[113.47528685196824,37.697555166920566],[113.47496653267297,37.69787265748262],[113.47495970685135,37.69788215795194],[113.4746313236799,37.698339090102586],[113.47450588256977,37.69857594931137],[113.47439132278778,37.69879226232801],[113.47411592661811,37.69933175048506],[113.47367684484766,37.70008410212819],[113.47318436092215,37.700914138615076],[113.4725914117869,37.701557120219],[113.47190157084488,37.70194991444281],[113.47131534136662,37.702252925541735],[113.47129761657503,37.7022620868922],[113.470859421055,37.70257303274592],[113.47062837101286,37.702851411544685],[113.4705303461716,37.70296951545995],[113.47029315495284,37.70363655169822],[113.47001977522294,37.704344883000076],[113.46972502464703,37.704758130557664],[113.46966431073895,37.7048432522491],[113.46932523508315,37.70528047558923],[113.4693099318689,37.7053307138003],[113.46917954674667,37.705758684005815],[113.46921916229562,37.70631182791833],[113.4692687777134,37.70699537359098],[113.46925502065852,37.70708413559884],[113.46921574784774,37.70733750244336],[113.4691864842328,37.70752630100371],[113.46901387361582,37.707750142382096],[113.46900644948782,37.70775976944975],[113.46881873598817,37.70797538327314],[113.46860859362339,37.70836936624009],[113.46835500439457,37.708948919623886],[113.46827659713541,37.70922111394367],[113.46826226124055,37.70927088677385],[113.46813768409179,37.70970336222875],[113.46808037212803,37.71056029345393],[113.46808402456742,37.710583606127464],[113.46817859913801,37.71118690720867],[113.46820352031261,37.71134588843829],[113.46830567582381,37.71159063647459],[113.46843832906103,37.711908453919754],[113.46857886797883,37.7122995972938],[113.46851504018431,37.71261845553779],[113.46832589450577,37.71279131156542],[113.46822408875059,37.7128398459733],[113.46802451870457,37.71293499142497],[113.46766924994955,37.71316311962002],[113.46740909935562,37.71339601070302],[113.46733251201086,37.71360612809458],[113.46729412782248,37.71371143637641],[113.4671911276242,37.7141955040223],[113.4671089566836,37.71441552675173],[113.46706432244828,37.71453503571217],[113.46697243381341,37.71478107943218],[113.46643683409135,37.715135960410606],[113.46622489563168,37.71527638545438],[113.46501779556736,37.715612408321434],[113.46394177726681,37.715905142733554],[113.46363674984977,37.71620248763141],[113.46344129795862,37.71639301560245],[113.46335228436396,37.71708621656981],[113.46334997007516,37.71774382720395],[113.46325726383142,37.71821866874798],[113.46305862304742,37.718533586786755],[113.46267244875337,37.718728566907934],[113.46266593451223,37.71873220432287],[113.46231616711336,37.718927426696524],[113.46216919586412,37.7191905677127],[113.4621341825084,37.71925325556086],[113.46193899635762,37.71973699326705],[113.46149938966477,37.720180797328375],[113.46082505655646,37.720406563076075],[113.46008802880665,37.72045122800721],[113.45998563568942,37.72043447600496],[113.45942887784142,37.720343384252246],[113.45886594728294,37.720080396542116],[113.45838548802217,37.7196535490621],[113.4578574742967,37.71916013255439],[113.45719996829013,37.71873697221339],[113.45719733379701,37.71873586427044],[113.45646977091337,37.718430170819374],[113.45573024815397,37.718227146873986],[113.4550714587868,37.71810801212823],[113.45491127212355,37.71810603253467],[113.45459642572298,37.71810214491244],[113.45454769682813,37.7181273869633],[113.45436090740816,37.71822415027936],[113.45432868811031,37.71832165343926],[113.45427652053685,37.718480375412604],[113.45422584942222,37.71887777017815],[113.45404348047092,37.719300427046015],[113.45373676574141,37.71964910750151],[113.45344790937976,37.71995913199184],[113.45323145117851,37.720465818044715],[113.45304698067696,37.721190275431404],[113.45289464720786,37.72185776488585],[113.45271009239491,37.72234351862175],[113.45256183116648,37.72252135108439],[113.45244933040352,37.72265628962435],[113.45239101706306,37.722726232503064],[113.45214247042118,37.72287433595951],[113.4518780289738,37.72303191061818],[113.45122988425221,37.72347326104802],[113.45096730030046,37.72375591012403],[113.45058989029421,37.72416215186215],[113.45002769955957,37.72497552912302],[113.44934409603859,37.725696846006564],[113.44845494640724,37.726289566476815],[113.44760459150257,37.72687697242261],[113.44658771137631,37.72738000434431],[113.44536092023587,37.72777253555038],[113.44441630351822,37.72825378193549],[113.44404117760624,37.72887408802586],[113.44408243617247,37.729503771892205],[113.44436563563528,37.73005412324672],[113.44446629388986,37.73050692468702],[113.44424194507133,37.73090566688777],[113.4441569877901,37.731003354417325],[113.44394278185958,37.731249660270876],[113.44392276211242,37.731287014060044],[113.44380119133747,37.731513821399474],[113.4438074456513,37.731685904062964],[113.4438086328854,37.731718592449774],[113.44385540448727,37.73193380808852],[113.44386132261297,37.73226471844856],[113.44371694519474,37.73291852088028],[113.44326707451428,37.734112363871645],[113.44234393342958,37.7354871644416],[113.44116855499034,37.73650012055642],[113.44017441014891,37.73707468783307],[113.43921319507854,37.73733554805817],[113.43916149344554,37.73734091157889],[113.43911404769123,37.737345832961694],[113.43804676525414,37.737456524649524],[113.43699263019411,37.737438519171214],[113.4369735903854,37.73743819332443],[113.43620488890515,37.73751714490214],[113.4361230091161,37.737563252979115],[113.43585242709521,37.73771562208106],[113.43573992164326,37.73777897501596],[113.4355624707889,37.73801008756343],[113.43545138724441,37.73844925899089],[113.4352449335679,37.73926647243476],[113.43501542139104,37.74011569063503],[113.43491510335848,37.74066723442778],[113.43498126862865,37.74094861917064],[113.43498676889033,37.74097201540627],[113.43514232798279,37.74128407068961],[113.43510640601384,37.74183203147718],[113.4349442951612,37.74223189479373],[113.43485321711975,37.74245654329687],[113.43477742346649,37.74260764827563],[113.43475848373201,37.742645405192256],[113.43466488604334,37.742832004243446],[113.4344009012607,37.743495022465765],[113.43392115313267,37.74475700650057],[113.43354923850704,37.74584143010459],[113.43351279062999,37.745947704755054],[113.43350158806554,37.7466037276937],[113.43418211842238,37.74626936838076],[113.43488205378542,37.74564716706979],[113.43666406746223,37.74507408193151],[113.43751886703859,37.7450563963948],[113.43763624910493,37.744517729098604],[113.44087193620774,37.74434348149579],[113.44326809408037,37.744651298761354],[113.44531023672268,37.74514516331031],[113.44899581331693,37.74496135219843],[113.45072189406112,37.745425942292236],[113.45207021687257,37.74672060060299],[113.45319127214033,37.74794847807818],[113.45461313777109,37.74874108690744],[113.45472461877549,37.746665317771246],[113.45543275781513,37.7449346014574],[113.45595726733393,37.74445892933361],[113.45612186481888,37.743990759715565],[113.45561991012494,37.74378672931699],[113.45551458121204,37.74332418701625],[113.4565197647455,37.74240950245153],[113.45734852238435,37.74160573796666],[113.45786235803209,37.740808537076894],[113.45795949414088,37.73966253930741],[113.4587041474233,37.73903926535381],[113.46059351893634,37.73899981672167],[113.46168144328963,37.739227331435536],[113.46251366277598,37.73853070531781],[113.46263084212521,37.73663355572321],[113.46283443228748,37.7346273502366],[113.46307470598322,37.73237013428823],[113.46362629744696,37.73135762617226],[113.463599058761,37.73053596598253],[113.46407962206682,37.730096926262085],[113.46478744572887,37.72972462991058],[113.46582789306034,37.72988160286811],[113.46692518361269,37.730394868779754],[113.46872555094016,37.73039290560763],[113.46960495966903,37.72976674058478],[113.47081939244127,37.72974127723231],[113.4716042338747,37.73033254918444],[113.47304020078889,37.731553631182294],[113.47390216958122,37.733108490464275],[113.47460781440975,37.734023145900764],[113.47530514759161,37.73468772747986],[113.4756146742055,37.73480261491611]]],[[[113.4756146742055,37.73480261491611],[113.47530514759161,37.73468772747986],[113.47460781440975,37.734023145900764],[113.47390216958122,37.733108490464275],[113.47304020078889,37.731553631182294],[113.4716042338747,37.73033254918444],[113.47081939244127,37.72974127723231],[113.46960495966903,37.72976674058478],[113.46872555094016,37.73039290560763],[113.46692518361269,37.730394868779754],[113.46582789306034,37.72988160286811],[113.46478744572887,37.72972462991058],[113.46407962206682,37.730096926262085],[113.463599058761,37.73053596598253],[113.46362629744696,37.73135762617226],[113.46307470598322,37.73237013428823],[113.46283443228748,37.7346273502366],[113.46263084212521,37.73663355572321],[113.46251366277598,37.73853070531781],[113.46168144328963,37.739227331435536],[113.46059351893634,37.73899981672167],[113.4587041474233,37.73903926535381],[113.45795949414088,37.73966253930741],[113.45786235803209,37.740808537076894],[113.45734852238435,37.74160573796666],[113.4565197647455,37.74240950245153],[113.45551458121204,37.74332418701625],[113.45561991012494,37.74378672931699],[113.45612186481888,37.743990759715565],[113.45595726733393,37.74445892933361],[113.45543275781513,37.7449346014574],[113.45472461877549,37.746665317771246],[113.45461313777109,37.74874108690744],[113.45653010945699,37.75008318252138],[113.46058172202105,37.75097575764828],[113.46477786870018,37.75169833996922],[113.46532958948836,37.751138641752185],[113.46475020320877,37.7508647745623],[113.46513608735556,37.7489262541837],[113.46583849213968,37.74748159203808],[113.46635385347005,37.74673198974728],[113.46640982590425,37.74570601254257],[113.46713900462717,37.7441654513975],[113.46746726845288,37.74317248947714],[113.46757536060788,37.7428455147573],[113.46694569052221,37.742358090609315],[113.46692908142863,37.74185795213883],[113.46695415593462,37.74152853599791],[113.46710851372328,37.741296509953095],[113.46745606267099,37.74091744017205],[113.46784624332723,37.74073767154641],[113.46823072374264,37.740386426711474],[113.46862607088508,37.73982045726781],[113.46895418680893,37.73939889182461],[113.46944376915906,37.73895964223857],[113.46977092672866,37.73850949561368],[113.4701155989104,37.738044682231376],[113.4701589886981,37.737905543029115],[113.47008131376299,37.73773557554382],[113.47006088583284,37.73712112038967],[113.47029378913513,37.736544252784725],[113.4709457591515,37.736115891436604],[113.47165930589797,37.73591502804323],[113.47225593061658,37.73598830608033],[113.47284659153637,37.73634253095047],[113.47426379879077,37.73550775626833],[113.4756146742055,37.73480261491611]]],[[[113.48201603072496,37.81559411031435],[113.48267237224367,37.81545787612323],[113.48313494274012,37.81527652695091],[113.48351249715864,37.81506837085733],[113.48401830376386,37.81474311182228],[113.48453356008976,37.81434138777389],[113.48494297578891,37.81400862653572],[113.48537329677461,37.8135932943588],[113.4858390672271,37.81318643935355],[113.486329068934,37.81167465283745],[113.49033251930796,37.80793560281166],[113.49614042154217,37.802003471425245],[113.49742989715067,37.80015890913345],[113.49768330200301,37.797651135582626],[113.49729350165273,37.7951700476621],[113.49705847451803,37.7949058695456],[113.49565338398645,37.79384890395821],[113.49232482562564,37.79136417599087],[113.48784348917407,37.79007231822686],[113.48719025085977,37.788503644598876],[113.48680714057309,37.78782536213252],[113.4849274351221,37.785500863847226],[113.48117772828186,37.78256750772271],[113.47991776792873,37.781526352124345],[113.47804261982351,37.78076505458361],[113.47636400036603,37.780133056430785],[113.47532718185172,37.779296883676615],[113.47433458346727,37.778345375818226],[113.47369254440987,37.77710050608278],[113.47249184898145,37.77422768282176],[113.47168215537137,37.77083185693253],[113.47041325747195,37.766625813889085],[113.46907196588714,37.76312671547547],[113.4668825104778,37.75794848146349],[113.46664241870965,37.75650448695048],[113.46397830156958,37.75663651203515],[113.46399748350758,37.75721454146922],[113.46316077643031,37.75913865354438],[113.46260875821656,37.76119980454169],[113.46123908428953,37.76289671986373],[113.45986540254889,37.7644745396653],[113.45935220030803,37.76710684777104],[113.46039632696423,37.76917039466285],[113.46297425841519,37.77221474987492],[113.46403926590159,37.773771381887244],[113.46449928242308,37.775191711518815],[113.46483789583979,37.77634646328032],[113.46528805377764,37.777469088048214],[113.46576682825183,37.778322995946255],[113.46619623192076,37.77882044548642],[113.46730968806723,37.779571680440995],[113.46907269611283,37.78066677510519],[113.47234602651685,37.78202804931366],[113.47397876269021,37.78258957227433],[113.47568257002038,37.78303041581886],[113.47645362637088,37.78363980506705],[113.47685655686207,37.78446546919177],[113.47700388321658,37.78550504153429],[113.47731816384243,37.78704754184382],[113.47751097167105,37.78832448296443],[113.47781902427076,37.78855632604888],[113.47857821768022,37.7888084625019],[113.479515025337,37.78875894899108],[113.48036386374656,37.788324004631804],[113.48179892912775,37.7874596295064],[113.4830908934681,37.78680679107569],[113.48440377727518,37.786779098389964],[113.48527051925142,37.78687997006286],[113.48505443062062,37.787152646726575],[113.48241177834448,37.790068282847514],[113.48100854355984,37.791885292301025],[113.48018090561695,37.79407743965605],[113.48004909433068,37.79574848706171],[113.47921311279403,37.79657043804075],[113.47802752507042,37.79704225509754],[113.47639570065938,37.79764260772987],[113.4756775298452,37.798154716993004],[113.47618961207287,37.79848869504531],[113.47619046734425,37.79848925353766],[113.47661355273901,37.798984779822675],[113.47677289898866,37.799319070112446],[113.476823535458,37.799425300334164],[113.47700571296208,37.79980747928624],[113.4774276489605,37.80073538957311],[113.4777511395046,37.80145594403204],[113.47790763195539,37.80212596552803],[113.47805196587395,37.80296288287605],[113.47843398024919,37.80379930227323],[113.47860281886393,37.80390033920391],[113.47895807903454,37.80411293304242],[113.47913193738343,37.80421697107601],[113.47934783741252,37.804228848904856],[113.48004964014834,37.804267454070356],[113.48085921898769,37.80439451907632],[113.48121984520192,37.80469958882316],[113.48129296738315,37.80476144507888],[113.48143867785122,37.80519298926532],[113.48165248081196,37.80545420599077],[113.48205378347616,37.80561272872231],[113.4820637835766,37.805616679351274],[113.48261388096313,37.80579198855094],[113.48295228905272,37.806023552781376],[113.48277358355816,37.8063020521093],[113.48210136300456,37.806442329949654],[113.48195112004494,37.806461947727406],[113.48136098060054,37.80653900413808],[113.48084622370727,37.8069957240206],[113.48078471706924,37.80727065002452],[113.48064342850532,37.80790216863289],[113.48062957308643,37.80796409781212],[113.48031349996756,37.80907868628384],[113.48002855906375,37.80938770314889],[113.47951467314061,37.809944997221315],[113.47948975285559,37.80997201935569],[113.47945461498615,37.80998585716],[113.4788498715603,37.81022399322794],[113.47843849539197,37.810385983165034],[113.47838313906024,37.810400098574064],[113.47774545177408,37.81056270671826],[113.47745972784085,37.81088848610346],[113.47745643992864,37.81128705498244],[113.4774562178728,37.811314167649705],[113.47747095772706,37.81134253996255],[113.47761244726398,37.811614885689316],[113.47798899034375,37.81190420986744],[113.47833725926091,37.81210277963513],[113.47854890561702,37.81222345121247],[113.47903872210755,37.81263198878777],[113.47918147232713,37.81322577799003],[113.47918792477604,37.81325261947681],[113.47918058199403,37.8138179981757],[113.47939076403573,37.81414009692874],[113.47983298665542,37.814461809516736],[113.48040735113666,37.81483027819774],[113.48091188939499,37.81531731525509],[113.4810166707192,37.81562731740617],[113.48155216073802,37.81560199160969],[113.48201603072496,37.81559411031435]]],[[[113.77965149170217,38.06622968144982],[113.77823381466379,38.06620364900858],[113.77591717637425,38.06631800061455],[113.7738989853714,38.06635376885461],[113.77165267504613,38.06633530880755],[113.77067819144553,38.06607233957702],[113.76863730771827,38.06590599471017],[113.76686971482529,38.06579275170994],[113.765711163959,38.06584386894968],[113.76483620403651,38.06622192288182],[113.76397557837608,38.06698091732596],[113.76324732401027,38.067653385188564],[113.76236102915362,38.06853212295696],[113.76204021810324,38.06921883047694],[113.76153735578455,38.06987407229617],[113.76084336350871,38.07105807020913],[113.76023315204519,38.07246648287976],[113.75956491755997,38.07393583130058],[113.75932204539274,38.07469219148476],[113.75933026191673,38.075311584377125],[113.75921368128688,38.076219873385945],[113.75936265033944,38.07657382672372],[113.75939337800418,38.076990133566525],[113.75959693238718,38.07759302229961],[113.76002952890683,38.07827393302102],[113.76039293792789,38.078718165804695],[113.76075679593944,38.07917430171151],[113.76117911166146,38.07958140235757],[113.76162707238107,38.079868747588456],[113.76218718469724,38.0803321783579],[113.76241775652501,38.08085101993505],[113.7629034721893,38.08134002683063],[113.76365958384126,38.082203953770396],[113.7644694872308,38.08249468313085],[113.76505777254953,38.08250466356576],[113.76570944295342,38.082596553306395],[113.76658544029084,38.083040608207355],[113.76724968981685,38.08346581571074],[113.7679526044671,38.08411649410893],[113.76905543758306,38.0853773232818],[113.77010346198342,38.08598410597989],[113.77131515578232,38.08613424192303],[113.77274738298061,38.08613617900117],[113.77423424828555,38.08638702237767],[113.77563165256062,38.086663792842785],[113.77682631087791,38.08715981183557],[113.77769322520746,38.08775889205695],[113.7787467610714,38.08850844517847],[113.7796423030831,38.08946428340836],[113.78062942823786,38.09084688945202],[113.78156959753287,38.09218293760113],[113.78251838400861,38.09374515936803],[113.78308038643587,38.09464929748647],[113.78325948404017,38.09539569937063],[113.78346012953125,38.095915204957684],[113.78390029438144,38.09678648131032],[113.78468905804198,38.098102260536365],[113.78534060449165,38.0989804339711],[113.78581243419254,38.09949350059181],[113.78632810962641,38.099969780285456],[113.78698764870288,38.100263918140556],[113.78734227834555,38.100469969921825],[113.78768275430102,38.10070018803627],[113.78806525443581,38.100846000052336],[113.78932727896475,38.101519011758235],[113.790708033126,38.102141527430184],[113.79166664128005,38.10236895372066],[113.79263941273999,38.10257220563021],[113.79425454013361,38.1026171827595],[113.79584308651935,38.10315128711833],[113.79620691827476,38.10320219752937],[113.79698068587125,38.103326747081496],[113.79819770472908,38.103607538763],[113.79918602701429,38.10382227990757],[113.79999675735695,38.10412465315122],[113.80068651376074,38.10441799081095],[113.80206422819906,38.10495703756079],[113.80267548862578,38.10516883242448],[113.80317810987397,38.10529981285078],[113.80380444121046,38.10551124099344],[113.80476677197969,38.10583378961054],[113.80579760462061,38.10597596925174],[113.80688779002273,38.10609289041562],[113.80810855262665,38.1060756143864],[113.80910059291016,38.10599230812577],[113.81046607361286,38.10581664885837],[113.81132251824066,38.105736570569356],[113.81168363222748,38.10571600833257],[113.81246611744753,38.105673437084675],[113.8131563813861,38.1055854105459],[113.81377040433061,38.105475375929],[113.81475603001788,38.10522536687645],[113.81550835389814,38.104790305436225],[113.8159032122121,38.104419436633506],[113.8158598091493,38.10373336217905],[113.8157963234547,38.10325828767409],[113.81575153948417,38.102484889221394],[113.81563321941935,38.100974530188566],[113.81536247782111,38.10020654975217],[113.81495936543024,38.09952514802021],[113.81375283412062,38.098338742699866],[113.81286679548931,38.09764507573784],[113.81197985941589,38.09692759196247],[113.81150376054102,38.09670069368717],[113.80966054486477,38.09620864117569],[113.80718150165741,38.095648357150814],[113.80581623173619,38.09543077446381],[113.80525573636493,38.09496756816286],[113.80426801525245,38.09437158234583],[113.80294664964971,38.09372397727104],[113.80072341087148,38.092752338979516],[113.7996353154993,38.092289772323035],[113.79887361501513,38.0916883504384],[113.7984145407947,38.09111545588785],[113.7986830126621,38.090644373454836],[113.79915236093977,38.089906370456994],[113.79907271878996,38.08860953367309],[113.79866157401588,38.088106987629175],[113.79809119035119,38.08738185081789],[113.79761209669913,38.08667836388765],[113.79690473477395,38.086313934409034],[113.79523589683839,38.08524557406145],[113.79385226114162,38.084539769287325],[113.79193471648851,38.08366791791752],[113.79092166199156,38.08319156887928],[113.78909927644908,38.083234864884744],[113.78752175186925,38.08258125061162],[113.78707472119082,38.081924618184075],[113.78670074119229,38.08120667533494],[113.78613098215858,38.080493376180435],[113.786039384878,38.078875102112065],[113.78582973622572,38.07811751259277],[113.7855931364875,38.077443966615526],[113.78512989111678,38.07635876871324],[113.78480294639809,38.075687363366214],[113.78435508080892,38.07500690908522],[113.78391927943454,38.07384956398799],[113.78360651513339,38.07315398980309],[113.78334525470633,38.0726240037387],[113.7825195970872,38.07191674828907],[113.78194346891318,38.0714299639135],[113.78120999721476,38.070768176269596],[113.78058826115233,38.07027055007172],[113.78148687255877,38.06892669639189],[113.78195672167465,38.06820066447256],[113.78222613031383,38.067753423744406],[113.78190827903447,38.06732009495769],[113.78142902625821,38.06660462643108],[113.78085142039146,38.06647532295002],[113.77965149170217,38.06622968144982]]],[[[113.80988470613197,38.10688844110962],[113.8103424332464,38.10682344709944],[113.81143047824962,38.10699554277052],[113.81221749356482,38.10713881045625],[113.8131819716723,38.10707967814314],[113.81361692227793,38.107015217119496],[113.8141257257338,38.10709308680527],[113.81526088814294,38.10730454663619],[113.81606587065015,38.10730325412713],[113.81672792950421,38.107179293957806],[113.81724343202366,38.10683818646758],[113.8175918882438,38.10630294161972],[113.81791406253915,38.105714287503886],[113.81823969477114,38.105215614661994],[113.81827718988251,38.10516483925184],[113.81833748579292,38.105001992451996],[113.81872387584289,38.10450871016818],[113.81897152852416,38.103905605411576],[113.81908685254837,38.10371820379576],[113.81932372546844,38.10350536349251],[113.81988382245815,38.10326309218892],[113.81989858203404,38.10324875868857],[113.81994088761513,38.103238408241836],[113.82018350965329,38.10313345947392],[113.82104986045097,38.10293251698251],[113.82142895898659,38.102774329078514],[113.82129889551432,38.10212768163227],[113.82099996657482,38.10062881609864],[113.82061775244337,38.09884599234943],[113.82002816796589,38.097315977991265],[113.81928015529739,38.09605665889808],[113.81837731673266,38.09453415688875],[113.81762135955046,38.09369442266777],[113.81682234449119,38.09298916411554],[113.81486653658253,38.09231163699183],[113.81430857769918,38.09222969078844],[113.81314153479586,38.09136165195865],[113.81207821921288,38.09068175477721],[113.81090537517528,38.09029043006394],[113.81037939207482,38.09001944276069],[113.80969978404329,38.089594853158225],[113.80921963606477,38.08926080497954],[113.80882257005986,38.088734132089684],[113.8075414205766,38.08834774485956],[113.80575224371752,38.088473912824654],[113.8034774358474,38.08851633159358],[113.80228162834902,38.088389979406244],[113.80198325038242,38.088251255516106],[113.80148628634676,38.08821044533601],[113.801141988155,38.08803755050612],[113.80072175994543,38.08777114649183],[113.80034241038007,38.0876276802022],[113.80003462915792,38.087463444618486],[113.79969984572232,38.08722359518777],[113.7993464702351,38.086812611032734],[113.79946556480323,38.08645708809715],[113.7994287466935,38.086124344474655],[113.7990673281341,38.085818405563664],[113.7987084547256,38.085579126408135],[113.79771213487932,38.08506907445435],[113.79709486042715,38.08437841042385],[113.79689524680813,38.083887500587075],[113.79676938063366,38.0834329624009],[113.79674795932165,38.08287108199587],[113.79680972371432,38.08259318286082],[113.79690629102735,38.08223892199962],[113.7966225769359,38.081518863287776],[113.79601143950362,38.07972233165164],[113.79571767597793,38.07913357333277],[113.79537393729402,38.07762854686701],[113.79486863889719,38.076234600002074],[113.79465719559113,38.07503621262716],[113.7942937094569,38.0741988933056],[113.79346124363681,38.07291995916422],[113.79211454770811,38.0715936673744],[113.7913112461171,38.07068338756239],[113.79066216467935,38.06986476061395],[113.79012167398095,38.069126953016074],[113.78967606745051,38.0685060409762],[113.78899225466856,38.067962273097486],[113.78817202749521,38.067397909897956],[113.7873522660127,38.06684544452542],[113.78658933363533,38.066380273393854],[113.78646915057345,38.06630699279496],[113.78637432940367,38.066355748982865],[113.7856473189713,38.066518651493745],[113.78495117046742,38.06660188461889],[113.78368523984919,38.06660330087346],[113.78282815706358,38.06657594979783],[113.78193132484374,38.0664542150611],[113.78039027839486,38.06619521399224],[113.77939490977576,38.06605698651134],[113.77916338260485,38.06603823120131],[113.77745986926121,38.06590020653607],[113.77549607287948,38.06577981957941],[113.77376780462484,38.065510855196486],[113.7714938785392,38.065159421526815],[113.76906176215678,38.064609116191654],[113.76722275341463,38.0641996846474],[113.76411042543857,38.06359380848465],[113.7595772233201,38.06245944206981],[113.75796318299267,38.06199826173616],[113.7578017148495,38.06234770857257],[113.75765919101825,38.062565527288314],[113.75727396825832,38.062990899384246],[113.75678257732066,38.06330101526406],[113.75659845431046,38.0636151303731],[113.75635409862119,38.0639306605584],[113.7560007621114,38.06415342358511],[113.75558272459969,38.0642585533481],[113.75514873373876,38.06434022419979],[113.75471563533507,38.06444570599706],[113.754378689638,38.06470382459949],[113.7540975078138,38.064841486222114],[113.75364187965076,38.06515004811634],[113.75324648137868,38.06545719550347],[113.75297600778546,38.065880566449344],[113.75303392660369,38.06620169568793],[113.75200815351751,38.06678350833451],[113.75249069795396,38.067594345553715],[113.75455344218754,38.06954773121118],[113.75610191471105,38.07104845635022],[113.75684530085715,38.07278253314418],[113.75702913484656,38.074065052777286],[113.75637618167708,38.07558459843811],[113.75655182201062,38.07586286269214],[113.7565527172927,38.07586428094247],[113.75655282524777,38.07586703354614],[113.756591993419,38.07687211400639],[113.75675496690408,38.07793108323042],[113.75679040844976,38.07799476955845],[113.75686243153788,38.07812418424577],[113.75728191654852,38.07887793027999],[113.75791220662425,38.07943561918385],[113.7581071260041,38.07960808256071],[113.75823882241617,38.07972460952569],[113.75927517985092,38.08042980886869],[113.76000686358843,38.08075937621982],[113.76037340300846,38.080885862588964],[113.7605919057394,38.08112841095154],[113.76069760773304,38.081477188045554],[113.76077413642986,38.08192122334548],[113.76095953026594,38.08245726796132],[113.76114741628743,38.08273488360484],[113.76137353991092,38.08306899822084],[113.76192977005145,38.08363685031389],[113.76199694115435,38.08367615161495],[113.76234759534616,38.08388131065155],[113.7625735335385,38.08401350095749],[113.76261429892678,38.08402026063497],[113.76347726225701,38.08416336698613],[113.7645829476189,38.084285953263645],[113.76481314104664,38.084347834963765],[113.76531417253997,38.08448251782632],[113.7655995894342,38.08455923920918],[113.76585460396284,38.08466819647737],[113.76595539114027,38.08471125924527],[113.76634879145355,38.08487934564175],[113.76708109896752,38.08529891730852],[113.76740238843159,38.08558465870666],[113.76773795810323,38.08588309429159],[113.76780624249824,38.08594382152508],[113.76783789106413,38.086098424591775],[113.767986979043,38.08682672325511],[113.76769649701407,38.087603642096134],[113.76764244761388,38.08807776749605],[113.76796458400185,38.0882773828339],[113.76823754789693,38.08844652610231],[113.76913783205113,38.088744982042876],[113.76915067401242,38.08874923745556],[113.7694072206713,38.08880232205797],[113.76987355474243,38.08889881431454],[113.77055450351527,38.08891877642917],[113.77136934503683,38.08897610803851],[113.77219236595718,38.089136815154696],[113.77259138228958,38.08924200005435],[113.77272545470913,38.08927734481409],[113.77306862042518,38.08931933605279],[113.77309089087423,38.08932206240963],[113.7732807286204,38.08934529244336],[113.77408055344634,38.08934441406109],[113.77469096596379,38.08921290689686],[113.77479762872444,38.089153213399264],[113.77543029663651,38.08879914104],[113.77659429892822,38.088465397726466],[113.7768378860516,38.08856349294586],[113.77768075004559,38.088902917344804],[113.77771391988279,38.088916275787746],[113.77778601091767,38.089019961251516],[113.77847171739377,38.09000616895169],[113.77900702627997,38.09106980027599],[113.7795392855349,38.092052440665],[113.78001233594271,38.092806810064715],[113.78027253022462,38.093507673730734],[113.78039370674594,38.094581100789675],[113.78053254672113,38.096063914653065],[113.78065534498688,38.09689227191943],[113.78073545026999,38.09743262661238],[113.78091270843699,38.09827505525854],[113.78111887266874,38.09895918350809],[113.7815438712093,38.09987229767289],[113.7823066099393,38.10065582100426],[113.78285770504675,38.10093506026045],[113.78329151159976,38.10115486608965],[113.78418612098933,38.10148941935331],[113.78481176139225,38.101681735082856],[113.78527566790018,38.101873381829144],[113.7856993850306,38.10220710788603],[113.78570305788142,38.102209999219156],[113.78575067236737,38.10232271624034],[113.78594414940062,38.102780705107065],[113.78601545891462,38.10349504205979],[113.78614962931783,38.10417636329243],[113.78651617569223,38.1047485956527],[113.78673941788445,38.104920388862205],[113.78699365379487,38.1051160302525],[113.787010067829,38.10512866232275],[113.78703204997309,38.1051357780877],[113.78746375223078,38.10527550880665],[113.78795603188816,38.10520077519709],[113.78854248739484,38.10509227803493],[113.78855958218247,38.10509235567252],[113.78918019648924,38.1050951442722],[113.78980601512114,38.105197364497656],[113.79056394147649,38.105363988015505],[113.79154666994947,38.10548473496544],[113.79261034648967,38.105373877370525],[113.79377452930494,38.10515254172181],[113.7949773977298,38.10512391283408],[113.79595339752308,38.105348359216066],[113.79682204543205,38.105746480091156],[113.79775370553669,38.10613408447807],[113.79855421428671,38.106407722419064],[113.79922018067313,38.10657197991441],[113.79985792529116,38.1066873697007],[113.8004411081303,38.10675452144304],[113.80095178935493,38.106751345808625],[113.80145042388482,38.106843026793776],[113.80178515095824,38.10710724942948],[113.80202633434918,38.10729762718885],[113.80270750301635,38.107952362653734],[113.80306011791436,38.10820907800448],[113.80320244755539,38.10831269814543],[113.80336631816976,38.10843199930998],[113.80385937766431,38.108712940174534],[113.80427253945031,38.10885592035963],[113.80446802016706,38.108923568971306],[113.80521885163937,38.10912629483022],[113.80542810483236,38.109178452940526],[113.80583827627466,38.109280691273135],[113.80624242586751,38.10921252262592],[113.80671924206466,38.109132096678245],[113.80672056041735,38.10913187512308],[113.80688763153802,38.10910369386097],[113.8078279642581,38.10902716939944],[113.80830779545066,38.10894364052971],[113.80859965434689,38.10877003901891],[113.8090593082986,38.10816010530408],[113.80911789498398,38.108030082215734],[113.80914926657941,38.10793880248473],[113.80918859495932,38.10787317388685],[113.80935673601236,38.10750001268372],[113.80954779932632,38.10709464747119],[113.80988470613197,38.10688844110962]],[[113.79690473587816,38.08631393348206],[113.79761209673343,38.08667836478749],[113.79809119148972,38.08738185079076],[113.79866157408453,38.08810698942885],[113.7990727199285,38.088609533645965],[113.79915236100847,38.089906372256664],[113.79868301497358,38.0906443743004],[113.79841454086336,38.09111545768752],[113.79887361501513,38.0916883504384],[113.7996353154993,38.092289772323035],[113.80072341201009,38.09275233895236],[113.80294665199574,38.093723979016346],[113.80426801525245,38.09437158234583],[113.80525573753798,38.09496756903548],[113.80581623173619,38.09543077446381],[113.80718150169186,38.095648358050646],[113.80966054600343,38.09620864114844],[113.81150376057552,38.096700694587],[113.81197986169319,38.096927591907935],[113.81286679662797,38.09764507571056],[113.81375283529383,38.09833874357241],[113.81495936543024,38.09952514802021],[113.81536247899437,38.10020655062469],[113.81563322055807,38.10097453016126],[113.81575154065747,38.102484890093905],[113.8157963234547,38.10325828767409],[113.8158598091493,38.10373336217905],[113.81590321338545,38.10441943750602],[113.81550835503691,38.10479030540891],[113.81475603001788,38.10522536687645],[113.8137704054694,38.105475375901705],[113.81315638145516,38.10558541234554],[113.81246611862083,38.105673437957215],[113.81168363336627,38.10571600830529],[113.81132251827515,38.10573657146918],[113.81046607482065,38.105816650630764],[113.80910059408343,38.10599230899835],[113.80810855148785,38.10607561441363],[113.80688779002273,38.10609289041562],[113.80579760575941,38.10597596922452],[113.80476677318734,38.105833791383],[113.80380444238368,38.10551124186607],[113.80317811104717,38.10529981372342],[113.80267548976457,38.105168832397304],[113.80206422819906,38.10495703756079],[113.8006865137951,38.104417991710804],[113.7999967585301,38.10412465402389],[113.79918602701429,38.10382227990757],[113.79819770704097,38.103607539608575],[113.79698068701,38.103326747054375],[113.79620691827476,38.10320219752937],[113.79584308769245,38.103151287991054],[113.79425454130666,38.10261718363224],[113.79263941273999,38.10257220563021],[113.79166664245307,38.10236895459343],[113.79070803426475,38.10214152740311],[113.78932728013773,38.10151901263103],[113.78806525560877,38.10084600092514],[113.78768275543976,38.100700188009235],[113.7874780987995,38.10056180722441],[113.78734227951848,38.10046997079465],[113.78698764987581,38.10026391901337],[113.78632811076514,38.09996978025844],[113.78581243419254,38.09949350059181],[113.78534060566453,38.09898043484394],[113.78468905921486,38.09810226140921],[113.78390029327691,38.09678648223717],[113.78346012953125,38.095915204957684],[113.78325948404017,38.09539569937063],[113.78308038643587,38.09464929748647],[113.78251838404276,38.09374516026787],[113.7815695987056,38.09218293847401],[113.78062942827198,38.09084689035186],[113.77964230425576,38.089464284281256],[113.77874676224405,38.08850844605137],[113.77769322524153,38.08775889295679],[113.77682631201645,38.08715981180864],[113.77563165369916,38.086663792815884],[113.77423424949215,38.08638702415049],[113.77274738301463,38.08613617990103],[113.77131515698886,38.08613424369588],[113.77010346198342,38.08598410597989],[113.76905543761703,38.08537732418166],[113.76795260450106,38.08411649500879],[113.76724968981685,38.08346581571074],[113.76658544032477,38.08304060910722],[113.76570944298734,38.08259655420626],[113.76505777372192,38.08250466443881],[113.7644694872308,38.08249468313085],[113.76365958504752,38.08220395554334],[113.76290347339554,38.08134002860358],[113.76241775766347,38.080851019908266],[113.76218718473112,38.080332179257766],[113.76162707238107,38.079868747588456],[113.76117911279988,38.07958140233079],[113.76075679825017,38.07917430255786],[113.76039293796174,38.078718166704554],[113.76002953121751,38.07827393386737],[113.7595969335256,38.07759302227285],[113.75939337917643,38.076990134439654],[113.75936265033944,38.07657382672372],[113.75921368132072,38.07621987428583],[113.75933026191673,38.075311584377125],[113.75932204539274,38.07469219148476],[113.7595649175938,38.07393583220045],[113.76023315321736,38.072466483752876],[113.76084336350871,38.07105807020913],[113.76153735692284,38.06987407226941],[113.76204021813709,38.06921883137681],[113.76236102918749,38.06853212385683],[113.76324732404413,38.06765338608842],[113.76397557954819,38.066980918199036],[113.7648362041043,38.06622192468156],[113.76571116392509,38.06584386804981],[113.76686971599743,38.065792752582986],[113.76863730768433,38.065905993810304],[113.77067819147949,38.06607234047688],[113.77165267618436,38.066335308780694],[113.7738989853714,38.06635376885461],[113.77591717871874,38.06631800236049],[113.77823381583606,38.066203649881516],[113.77965149166809,38.06622968054995],[113.78085142039146,38.06647532295002],[113.78142902743052,38.066604627303974],[113.78190827903447,38.06732009495769],[113.78222613145206,38.067753423717434],[113.7819567228129,38.0682006644456],[113.78148687255877,38.06892669639189],[113.78058826115233,38.07027055007172],[113.78120999724885,38.070768177169455],[113.78194347122387,38.07142996475942],[113.78251959712132,38.07191674918893],[113.78334525470633,38.0726240037387],[113.78360651513339,38.07315398980309],[113.78391928057287,38.073849563961005],[113.7843550830856,38.075006909031245],[113.78480294753645,38.07568736333922],[113.7851298922893,38.07635876958609],[113.78559313766006,38.07744396748838],[113.78582973629403,38.078117514392474],[113.78603938377377,38.078875103038925],[113.78613098215858,38.080493376180435],[113.78670074233072,38.081206675307925],[113.78707472236346,38.0819246190569],[113.78752175190343,38.08258125151146],[113.78909927762174,38.08323486575755],[113.79092166316426,38.08319156975206],[113.79193471766123,38.08366791879031],[113.79385226228011,38.084539769260225],[113.79523589683839,38.08524557406145],[113.79690473587816,38.08631393348206]]]]},"properties":{"code":"SXPR-P28","name_short":"药林寺冠山","merged":true,"area_km2":109.703}}]}